创意ID,创意名称,创意状态,创意审核状态,广告类型,推广目标,创意类型,笔记/素材ID,作者ID,笔记类型,计划名称,计划ID,创意创建时间,消费,展现量,点击量,点击率,平均点击成本,平均千次展示费用,直播间观看次数,直播间观看成本,直播间平均停留时长,直播间新增粉丝数量,直播间5s观看次数,直播间5s观看成本,直播间评论次数,直播间30s观看次数,直播间30s观看成本,7日总商品访客量,7日总商品访客成本,7日总商品加购量,7日总商品加购成本,7日总下单订单量,7日总下单订单成本,7日总下单金额,7日总下单ROI,7日总支付订单量,7日总支付订单成本,7日总支付金额,7日总支付ROI,直播间直接下单订单量,直播间直接下单订单成本,直播间直接下单金额,直播间直接下单ROI,直播间直接支付订单量,直播间直接支付订单成本,直播间直接支付金额,直播间直接支付ROI,店铺新客商品访问量,店铺新客支付订单量,店铺新客支付金额
-,合计2465条记录,-,-,-,-,-,-,-,-,-,-,-,834.32,9877,244,2.47%,3.42,84.47,32,26.07,0.71,0,23,36.27,0,11,75.85,15,55.62,3,278.11,0,0.0,0.0,0.0,0,0.0,0.0,0.0,0,0.0,0.0,0.0,0,0.0,0.00,0.0,14,0,0.0
4452193966,通投-试试小仙炖-星光款-系统-新号-26.4.21,有效,审核通过,通投,直播间直接支付ROI,笔记（直播组件）,69e609d8000000001a027ea5,66f67e4c000000001d03127d,视频笔记,通投-新号笔记测试2-多款-系统-26.4.21,187648259,2026-04-21 10:23:46,14.67,32,0,0.0%,0.0,458.44,2,7.34,0.03,0,0,0.0,0,0,0.0,1,14.67,0,0.0,0,0.0,0.0,0.0,0,0.0,0.0,0.0,0,0.0,0.0,0.0,0,0.0,0.00,0.0,0,0,0.0
4452193965,通投-打开新思路-青春款-系统-新号-26.4.21,有效,审核通过,通投,直播间直接支付ROI,笔记（直播组件）,69dcbca0000000001a02bff8,66f67e4c000000001d03127d,图文笔记,通投-新号笔记测试2-多款-系统-26.4.21,187648259,2026-04-21 10:23:46,0.00,2,0,0.0%,0.0,0.0,0,0.00,0.0,0,0,0.0,0,0,0.0,0,0.0,0,0.0,0,0.0,0.0,0.0,0,0.0,0.0,0.0,0,0.0,0.0,0.0,0,0.0,0.00,0.0,0,0,0.0
4452193964,通投-中式滋补的魅力-星光款-系统-新号-26.4.21,有效,审核通过,通投,直播间直接支付ROI,笔记（直播组件）,69e60724000000001a026e9f,66f67e4c000000001d03127d,视频笔记,通投-新号笔记测试2-多款-系统-26.4.21,187648259,2026-04-21 10:23:46,0.70,16,1,6.25%,0.7,43.75,0,0.00,0.0,0,0,0.0,0,0,0.0,0,0.0,0,0.0,0,0.0,0.0,0.0,0,0.0,0.0,0.0,0,0.0,0.0,0.0,0,0.0,0.00,0.0,0,0,0.0
4452193963,通投-脸黄暗沉-青春款-系统-新号-26.4.21,有效,审核通过,通投,直播间直接支付ROI,笔记（直播组件）,69dcbc4f0000000021039ba0,66f67e4c000000001d03127d,图文笔记,通投-新号笔记测试2-多款-系统-26.4.21,187648259,2026-04-21 10:23:46,0.00,2,0,0.0%,0.0,0.0,0,0.00,0.0,0,0,0.0,0,0,0.0,0,0.0,0,0.0,0,0.0,0.0,0.0,0,0.0,0.0,0.0,0,0.0,0.0,0.0,0,0.0,0.00,0.0,0,0,0.0
4452193962,通投-变美很简单-星光款-系统-新号-26.4.21,有效,审核通过,通投,直播间直接支付ROI,笔记（直播组件）,69dcb92a0000000022001c11,66f67e4c000000001d03127d,视频笔记,通投-新号笔记测试2-多款-系统-26.4.21,187648259,2026-04-21 10:23:46,3.09,1,0,0.0%,0.0,3090.0,0,0.00,0.0,0,0,0.0,0,0,0.0,0,0.0,0,0.0,0,0.0,0.0,0.0,0,0.0,0.0,0.0,0,0.0,0.0,0.0,0,0.0,0.00,0.0,0,0,0.0
4452193961,通投-毫无压力-青春款-系统-新号-26.4.21,有效,审核通过,通投,直播间直接支付ROI,笔记（直播组件）,69dcbb4d000000001a0220b9,66f67e4c000000001d03127d,图文笔记,通投-新号笔记测试2-多款-系统-26.4.21,187648259,2026-04-21 10:23:46,0.00,0,0,0.0%,0.0,0.0,0,0.00,0.0,0,0,0.0,0,0,0.0,0,0.0,0,0.0,0,0.0,0,0.0,0,0.0,0,0.0,0,0.0,0,0.0,0,0.0,0.00,0.0,0,0,0
4452131338,通投-我的变化-星光款-孕期滋补人群-新号-26.4.21,有效,审核通过,通投,直播间直接支付ROI,笔记（直播组件）,69e60e65000000002102d398,66f67e4c000000001d03127d,图文笔记,通投-新号笔记测试1-星光款-孕期滋补人群-26.4.21,187653696,2026-04-21 10:19:21,0.00,2,0,0.0%,0.0,0.0,0,0.00,0.0,0,0,0.0,0,0,0.0,0,0.0,0,0.0,0,0.0,0.0,0.0,0,0.0,0.0,0.0,0,0.0,0.0,0.0,0,0.0,0.00,0.0,0,0,0.0
4452131337,通投-牢牢稳住-星光款-孕期滋补人群-新号-26.4.21,审核状态异常,审核拒绝,通投,直播间直接支付ROI,笔记（直播组件）,69dcba940000000021013e2c,66f67e4c000000001d03127d,图文笔记,通投-新号笔记测试1-星光款-孕期滋补人群-26.4.21,187653696,2026-04-21 10:19:21,0.00,0,0,0.0%,0.0,0.0,0,0.00,0.0,0,0,0.0,0,0,0.0,0,0.0,0,0.0,0,0.0,0,0.0,0,0.0,0,0.0,0,0.0,0,0.0,0,0.0,0.00,0.0,0,0,0
4452131336,通投-就对了-星光款-孕期滋补人群-新号-26.4.21,有效,审核通过,通投,直播间直接支付ROI,笔记（直播组件）,69e608ee000000002102f2b9,66f67e4c000000001d03127d,视频笔记,通投-新号笔记测试1-星光款-孕期滋补人群-26.4.21,187653696,2026-04-21 10:19:21,5.09,35,0,0.0%,0.0,145.43,0,0.00,0.0,0,0,0.0,0,0,0.0,0,0.0,0,0.0,0,0.0,0.0,0.0,0,0.0,0.0,0.0,0,0.0,0.0,0.0,0,0.0,0.00,0.0,0,0,0.0
4452131335,通投-回来了-星光款-孕期滋补人群-新号-26.4.21,有效,审核通过,通投,直播间直接支付ROI,笔记（直播组件）,69dcbc070000000022002eff,66f67e4c000000001d03127d,图文笔记,通投-新号笔记测试1-星光款-孕期滋补人群-26.4.21,187653696,2026-04-21 10:19:21,3.03,2,1,50.0%,3.03,1515.0,0,0.00,0.0,0,0,0.0,0,0,0.0,0,0.0,0,0.0,0,0.0,0.0,0.0,0,0.0,0.0,0.0,0,0.0,0.0,0.0,0,0.0,0.00,0.0,0,0,0.0
4452131334,通投-一篇看-星光款-孕期滋补人群-新号-26.4.21,有效,审核通过,通投,直播间直接支付ROI,笔记（直播组件）,69dcbaf9000000002102f769,66f67e4c000000001d03127d,图文笔记,通投-新号笔记测试1-星光款-孕期滋补人群-26.4.21,187653696,2026-04-21 10:19:21,0.00,2,0,0.0%,0.0,0.0,0,0.00,0.0,0,0,0.0,0,0,0.0,0,0.0,0,0.0,0,0.0,0.0,0.0,0,0.0,0.0,0.0,0,0.0,0.0,0.0,0,0.0,0.00,0.0,0,0,0.0
4452070420,通投-套餐价格-青春款-系统-新号-26.4.21,有效,审核通过,通投,直播间直接支付ROI,笔记（直播组件）,69dcbbb7000000002102fc43,66f67e4c000000001d03127d,图文笔记,通投-新号笔记测试-多款-定向-26.4.21,187627956,2026-04-21 10:16:15,10.99,50,5,10.0%,2.2,219.8,0,0.00,0.0,0,0,0.0,0,0,0.0,0,0.0,0,0.0,0,0.0,0.0,0.0,0,0.0,0.0,0.0,0,0.0,0.0,0.0,0,0.0,0.00,0.0,0,0,0.0
4452121668,通投-换季有福利-星光款-系统-新号-26.4.21,有效,审核通过,通投,直播间直接支付ROI,笔记（直播组件）,69e60978000000002103979c,66f67e4c000000001d03127d,视频笔记,通投-新号笔记测试-多款-定向-26.4.21,187627956,2026-04-21 10:14:34,30.14,34,1,2.94%,30.14,886.47,1,30.14,0.5,0,1,30.14,0,1,30.14,0,0.0,0,0.0,0,0.0,0.0,0.0,0,0.0,0.0,0.0,0,0.0,0.0,0.0,0,0.0,0.00,0.0,0,0,0.0
4452121667,通投-就这么送-星光款-系统-新号-26.4.21,有效,审核通过,通投,直播间直接支付ROI,笔记（直播组件）,69dcb8e3000000001a031a47,66f67e4c000000001d03127d,视频笔记,通投-新号笔记测试-多款-定向-26.4.21,187627956,2026-04-21 10:14:34,2.33,10,1,10.0%,2.33,233.0,0,0.00,0.0,0,0,0.0,0,0,0.0,0,0.0,0,0.0,0,0.0,0.0,0.0,0,0.0,0.0,0.0,0,0.0,0.0,0.0,0,0.0,0.00,0.0,0,0,0.0
4439117607,通投-超大福利-星光款-系统-新号-26.4.20,有效,审核通过,通投,直播间直接支付ROI,笔记（直播组件）,68ef797a0000000003020d04,66f67e4c000000001d03127d,视频笔记,通投-潜力笔记扩量2-星光款-系统-26.4.20,187325160,2026-04-20 10:52:23,155.75,102,0,0.0%,0.0,1526.96,0,0.00,0.0,0,0,0.0,0,0,0.0,0,0.0,0,0.0,0,0.0,0.0,0.0,0,0.0,0.0,0.0,0,0.0,0.0,0.0,0,0.0,0.00,0.0,0,0,0.0
4439117606,通投-说点大实话-星光款-系统-新号-26.4.20,审核状态异常,审核拒绝,通投,直播间直接支付ROI,笔记（直播组件）,694d0203000000001e0052ff,66f67e4c000000001d03127d,图文笔记,通投-潜力笔记扩量2-星光款-系统-26.4.20,187325160,2026-04-20 10:52:23,0.00,0,0,0.0%,0.0,0.0,0,0.00,0.0,0,0,0.0,0,0,0.0,0,0.0,0,0.0,0,0.0,0,0.0,0,0.0,0,0.0,0,0.0,0,0.0,0,0.0,0.00,0.0,0,0,0
4439117605,通投-子申Spring-星光款-系统-达人-26.4.20,有效,审核通过,通投,直播间直接支付ROI,笔记（直播组件）,6918813a00000000050390ba,66a4d8aa000000001d0310d4,视频笔记,通投-潜力笔记扩量2-星光款-系统-26.4.20,187325160,2026-04-20 10:52:23,1.65,9,0,0.0%,0.0,183.33,0,0.00,0.0,0,0,0.0,0,0,0.0,0,0.0,0,0.0,0,0.0,0.0,0.0,0,0.0,0.0,0.0,0,0.0,0.0,0.0,0,0.0,0.00,0.0,0,0,0.0
4439117604,通投-云卷云舒_转载-星光款-系统-官号-26.4.20,有效,审核通过,通投,直播间直接支付ROI,笔记（直播组件）,68f9d0c70000000004016341,583691373460942ae8fc16bb,视频笔记,通投-潜力笔记扩量2-星光款-系统-26.4.20,187325160,2026-04-20 10:52:23,8.96,98,2,2.04%,4.48,91.43,1,8.96,0.05,0,0,0.0,0,0,0.0,0,0.0,0,0.0,0,0.0,0.0,0.0,0,0.0,0.0,0.0,0,0.0,0.0,0.0,0,0.0,0.00,0.0,0,0,0.0
4439049780,通投-小白选（广）-合集款-系统-日弘-26.4.20,有效,审核通过,通投,直播间直接支付ROI,笔记（直播组件）,6800c0fe0000000007035cf4,583691373460942ae8fc16bb,图文笔记,通投-潜力笔记扩量1-合集款-定向-26.4.20,187320001,2026-04-20 10:48:01,191.69,893,49,5.49%,3.91,214.66,6,31.95,1.24,0,4,47.92,0,2,95.85,4,47.92,1,191.69,0,0.0,0.0,0.0,0,0.0,0.0,0.0,0,0.0,0.0,0.0,0,0.0,0.00,0.0,4,0,0.0
4439049779,通投-懂行的-合集款-系统-日弘-26.4.20,有效,审核通过,通投,直播间直接支付ROI,笔记（直播组件）,66d7c90e000000001f03eb73,583691373460942ae8fc16bb,图文笔记,通投-潜力笔记扩量1-合集款-定向-26.4.20,187320001,2026-04-20 10:48:01,62.70,1342,31,2.31%,2.02,46.72,3,20.90,1.03,0,3,20.9,0,1,62.7,1,62.7,0,0.0,0,0.0,0.0,0.0,0,0.0,0.0,0.0,0,0.0,0.0,0.0,0,0.0,0.00,0.0,1,0,0.0
4439049778,通投-一篇搞懂-合集款-系统-日弘-26.4.20,有效,审核通过,通投,直播间直接支付ROI,笔记（直播组件）,697c0949000000002801dfff,66f67e4c000000001d03127d,图文笔记,通投-潜力笔记扩量1-合集款-定向-26.4.20,187320001,2026-04-20 10:48:01,0.00,0,0,0.0%,0.0,0.0,0,0.00,0.0,0,0,0.0,0,0,0.0,0,0.0,0,0.0,0,0.0,0,0.0,0,0.0,0,0.0,0,0.0,0,0.0,0,0.0,0.00,0.0,0,0,0
4438360389,通投-透亮清透感-青春款-系统-日弘-26.4.20,有效,审核通过,通投,直播间直接支付ROI,笔记（直播组件）,69e57c9b000000002300484c,66f67e4c000000001d03127d,图文笔记,通投-透亮清透感-青春款-系统-日弘-26.4.20,187306535,2026-04-20 09:17:53,0.00,1,0,0.0%,0.0,0.0,0,0.00,0.0,0,0,0.0,0,0,0.0,0,0.0,0,0.0,0,0.0,0.0,0.0,0,0.0,0.0,0.0,0,0.0,0.0,0.0,0,0.0,0.00,0.0,0,0,0.0
4423451357,通投-才知道章子怡-星光款-系统-日弘-26.4.18,有效,审核通过,通投,直播间直接支付ROI,笔记（直播组件）,69e1e237000000001a02eb94,66f67e4c000000001d03127d,视频笔记,通投-才知道章子怡-星光款-系统-日弘-26.4.18,187102898,2026-04-18 20:55:32,16.96,33,0,0.0%,0.0,513.94,0,0.00,0.0,0,0,0.0,0,0,0.0,0,0.0,0,0.0,0,0.0,0.0,0.0,0,0.0,0.0,0.0,0,0.0,0.0,0.0,0,0.0,0.00,0.0,0,0,0.0
4423562497,通投-怀孕后才懂（新）-星光款-系统-日弘-26.4.18,有效,审核通过,通投,直播间直接支付ROI,笔记（直播组件）,69e0a9b2000000001a02faf3,66f67e4c000000001d03127d,视频笔记,通投-怀孕后才懂（新）-星光款-系统-日弘-26.4.18,187114058,2026-04-18 20:54:20,52.08,89,0,0.0%,0.0,585.17,0,0.00,0.0,0,0,0.0,0,0,0.0,0,0.0,0,0.0,0,0.0,0.0,0.0,0,0.0,0.0,0.0,0,0.0,0.0,0.0,0,0.0,0.00,0.0,0,0,0.0
4382284787,通投-38节奢养-星光款-系统-日弘-26.4.15,有效,审核通过,通投,直播间直接支付ROI,笔记（直播组件）,69a11739000000001a0293ea,66f67e4c000000001d03127d,图文笔记,通投-38节奢养-星光款-系统-日弘-26.4.15,186205613,2026-04-15 14:37:02,0.00,3,0,0.0%,0.0,0.0,0,0.00,0.0,0,0,0.0,0,0,0.0,0,0.0,0,0.0,0,0.0,0.0,0.0,0,0.0,0.0,0.0,0,0.0,0.0,0.0,0,0.0,0.00,0.0,0,0,0.0
4382238009,通投-好皮肤内调-青春款-系统-日弘-26.4.15,有效,审核通过,通投,直播间直接支付ROI,笔记（直播组件）,69aa77b0000000000e03f7b1,66f67e4c000000001d03127d,图文笔记,通投-好皮肤内调-青春款-系统-日弘-26.4.15,186205560,2026-04-15 14:36:05,6.21,13,1,7.69%,6.21,477.69,0,0.00,0.0,0,0,0.0,0,0,0.0,0,0.0,0,0.0,0,0.0,0.0,0.0,0,0.0,0.0,0.0,0,0.0,0.0,0.0,0,0.0,0.00,0.0,0,0,0.0
4366267597,通投-苏苏susu-星光款-定向-达人-26.4.14,被计划暂停,审核通过,通投,直播间直接支付ROI,笔记（直播组件）,69bba5360000000022027948,56683fb6b8ce1a6b6dbb2cde,视频笔记,通投-苏苏susu-星光款-定向-达人-26.4.14,185907065,2026-04-14 10:34:11,0.00,0,0,0.0%,0.0,0.0,0,0.00,0.0,0,0,0.0,0,0,0.0,0,0.0,0,0.0,0,0.0,0,0.0,0,0.0,0,0.0,0,0.0,0,0.0,0,0.0,0.00,0.0,0,0,0
4359205440,通投-从容底气-星光款-定向-日弘-26.4.13,有效,审核通过,通投,直播间直接支付ROI,笔记（直播组件）,69dcb8dd000000002202511c,66f67e4c000000001d03127d,图文笔记,通投-从容底气-星光款-定向-日弘-26.4.13,185790594,2026-04-13 17:48:31,0.78,9,3,33.33%,0.26,86.67,0,0.00,0.0,0,0,0.0,0,0,0.0,0,0.0,0,0.0,0,0.0,0.0,0.0,0,0.0,0.0,0.0,0,0.0,0.0,0.0,0,0.0,0.00,0.0,0,0,0.0
4354584565,通投-怀孕后才懂-星光款-定向-日弘-26.4.13,被计划暂停,审核通过(私密),通投,直播间直接支付ROI,笔记（直播组件）,69dc556b0000000022029963,583691373460942ae8fc16bb,视频笔记,通投-怀孕后才懂-星光款-定向-日弘-26.4.13,185668583,2026-04-13 11:26:10,0.00,0,0,0.0%,0.0,0.0,0,0.00,0.0,0,0,0.0,0,0,0.0,0,0.0,0,0.0,0,0.0,0,0.0,0,0.0,0,0.0,0,0.0,0,0.0,0,0.0,0.00,0.0,0,0,0
4354284376,通投-一只CC-星光款-孕期滋补人群-达人-26.4.13,被计划暂停,审核通过,通投,直播间直接支付ROI,笔记（直播组件）,69ba64760000000021010453,5bd4479dd39b5e00019694d8,视频笔记,通投-达人新笔记测试3-多款-孕期滋补人群-26.4.13,185678847,2026-04-13 10:58:02,0.00,0,0,0.0%,0.0,0.0,0,0.00,0.0,0,0,0.0,0,0,0.0,0,0.0,0,0.0,0,0.0,0,0.0,0,0.0,0,0.0,0,0.0,0,0.0,0,0.0,0.00,0.0,0,0,0
4354284375,通投-96年小福星-星光款-孕期滋补人群-达人-26.4.13,被计划暂停,审核通过,通投,直播间直接支付ROI,笔记（直播组件）,69b15f75000000000b03676d,5d284336000000001002c1e6,图文笔记,通投-达人新笔记测试3-多款-孕期滋补人群-26.4.13,185678847,2026-04-13 10:58:02,0.00,0,0,0.0%,0.0,0.0,0,0.00,0.0,0,0,0.0,0,0,0.0,0,0.0,0,0.0,0,0.0,0,0.0,0,0.0,0,0.0,0,0.0,0,0.0,0,0.0,0.00,0.0,0,0,0
4354284374,通投-肉泥Roni-星光款-孕期滋补人群-达人-26.4.13,被计划暂停,审核通过,通投,直播间直接支付ROI,笔记（直播组件）,69c8a549000000002103b0ad,56191ad13f95a3019ad109a0,图文笔记,通投-达人新笔记测试3-多款-孕期滋补人群-26.4.13,185678847,2026-04-13 10:58:02,0.00,0,0,0.0%,0.0,0.0,0,0.00,0.0,0,0,0.0,0,0,0.0,0,0.0,0,0.0,0,0.0,0,0.0,0,0.0,0,0.0,0,0.0,0,0.0,0,0.0,0.00,0.0,0,0,0
4354284373,通投-米妮薇vivian-星光款-孕期滋补人群-达人-26.4.13,被计划暂停,审核通过,通投,直播间直接支付ROI,笔记（直播组件）,69ca3ab700000000210385da,5acb813611be101ca9e1b649,图文笔记,通投-达人新笔记测试3-多款-孕期滋补人群-26.4.13,185678847,2026-04-13 10:58:02,0.00,0,0,0.0%,0.0,0.0,0,0.00,0.0,0,0,0.0,0,0,0.0,0,0.0,0,0.0,0,0.0,0,0.0,0,0.0,0,0.0,0,0.0,0,0.0,0,0.0,0.00,0.0,0,0,0
4354284372,通投-Hello哈喽公主-星光款-孕期滋补人群-达人-26.4.13,被计划暂停,审核通过,通投,直播间直接支付ROI,笔记（直播组件）,69c3c7470000000021005c58,5a6f40ef11be1063446a3e14,图文笔记,通投-达人新笔记测试3-多款-孕期滋补人群-26.4.13,185678847,2026-04-13 10:58:02,0.00,0,0,0.0%,0.0,0.0,0,0.00,0.0,0,0,0.0,0,0,0.0,0,0.0,0,0.0,0,0.0,0,0.0,0,0.0,0,0.0,0,0.0,0,0.0,0,0.0,0.00,0.0,0,0,0
4354284371,通投-奶酪小马-星光款-孕期滋补人群-达人-26.4.13,被计划暂停,审核通过,通投,直播间直接支付ROI,笔记（直播组件）,69aa6be20000000015031a51,620f5a3d0000000021023bc4,视频笔记,通投-达人新笔记测试3-多款-孕期滋补人群-26.4.13,185678847,2026-04-13 10:58:02,0.00,0,0,0.0%,0.0,0.0,0,0.00,0.0,0,0,0.0,0,0,0.0,0,0.0,0,0.0,0,0.0,0,0.0,0,0.0,0,0.0,0,0.0,0,0.0,0,0.0,0.00,0.0,0,0,0
4354284370,通投-航航妈咪的日常-星光款-孕期滋补人群-达人-26.4.13,被计划暂停,不满足审核条件,通投,直播间直接支付ROI,笔记（直播组件）,69b1615a000000000600ec5d,5e0c08720000000001008ea1,图文笔记,通投-达人新笔记测试3-多款-孕期滋补人群-26.4.13,185678847,2026-04-13 10:58:02,0.00,0,0,0.0%,0.0,0.0,0,0.00,0.0,0,0,0.0,0,0,0.0,0,0.0,0,0.0,0,0.0,0,0.0,0,0.0,0,0.0,0,0.0,0,0.0,0,0.0,0.00,0.0,0,0,0
4354284369,通投-妞妞公主-星光款-孕期滋补人群-达人-26.4.13,被计划暂停,审核通过,通投,直播间直接支付ROI,笔记（直播组件）,69c8ae2b000000001e00c06c,60572e71000000000100482c,图文笔记,通投-达人新笔记测试3-多款-孕期滋补人群-26.4.13,185678847,2026-04-13 10:58:02,0.00,0,0,0.0%,0.0,0.0,0,0.00,0.0,0,0,0.0,0,0,0.0,0,0.0,0,0.0,0,0.0,0,0.0,0,0.0,0,0.0,0,0.0,0,0.0,0,0.0,0.00,0.0,0,0,0
4354284368,通投-留学生小姐姐熊猫-星光款-孕期滋补人群-达人-26.4.13,被计划暂停,不满足审核条件,通投,直播间直接支付ROI,笔记（直播组件）,69aceea5000000001d0249e9,5cee6f2a000000001100140a,视频笔记,通投-达人新笔记测试3-多款-孕期滋补人群-26.4.13,185678847,2026-04-13 10:58:02,0.00,0,0,0.0%,0.0,0.0,0,0.00,0.0,0,0,0.0,0,0,0.0,0,0.0,0,0.0,0,0.0,0,0.0,0,0.0,0,0.0,0,0.0,0,0.0,0,0.0,0.00,0.0,0,0,0
4354284367,通投-一只琳琳兒-星光款-孕期滋补人群-达人-26.4.13,被计划暂停,审核通过,通投,直播间直接支付ROI,笔记（直播组件）,69c26e96000000001a024b1a,64f5f4f7000000000500281d,图文笔记,通投-达人新笔记测试3-多款-孕期滋补人群-26.4.13,185678847,2026-04-13 10:58:02,0.00,0,0,0.0%,0.0,0.0,0,0.00,0.0,0,0,0.0,0,0,0.0,0,0.0,0,0.0,0,0.0,0,0.0,0,0.0,0,0.0,0,0.0,0,0.0,0,0.0,0.00,0.0,0,0,0
4354284366,通投-小马在北漂-星光款-孕期滋补人群-达人-26.4.13,被计划暂停,审核通过,通投,直播间直接支付ROI,笔记（直播组件）,69b16df9000000000600e8bc,6829796a000000000e01e70c,图文笔记,通投-达人新笔记测试3-多款-孕期滋补人群-26.4.13,185678847,2026-04-13 10:58:02,0.00,0,0,0.0%,0.0,0.0,0,0.00,0.0,0,0,0.0,0,0,0.0,0,0.0,0,0.0,0,0.0,0,0.0,0,0.0,0,0.0,0,0.0,0,0.0,0,0.0,0.00,0.0,0,0,0
4354284365,通投-Melody麦老si-星光款-孕期滋补人群-达人-26.4.13,被计划暂停,审核通过,通投,直播间直接支付ROI,笔记（直播组件）,69a8ff3f000000001a020133,5ac5d0e44eacab1367af07ba,视频笔记,通投-达人新笔记测试3-多款-孕期滋补人群-26.4.13,185678847,2026-04-13 10:58:02,0.00,0,0,0.0%,0.0,0.0,0,0.00,0.0,0,0,0.0,0,0,0.0,0,0.0,0,0.0,0,0.0,0,0.0,0,0.0,0,0.0,0,0.0,0,0.0,0,0.0,0.00,0.0,0,0,0
4354284364,通投-黄小-星光款-孕期滋补人群-达人-26.4.13,被计划暂停,审核通过,通投,直播间直接支付ROI,笔记（直播组件）,69c4f2fa000000002200077d,6380fd3c000000001f017543,视频笔记,通投-达人新笔记测试3-多款-孕期滋补人群-26.4.13,185678847,2026-04-13 10:58:02,0.00,0,0,0.0%,0.0,0.0,0,0.00,0.0,0,0,0.0,0,0,0.0,0,0.0,0,0.0,0,0.0,0,0.0,0,0.0,0,0.0,0,0.0,0,0.0,0,0.0,0.00,0.0,0,0,0
4354284363,通投-qiqi-青春款-孕期滋补人群-达人-26.4.13,被计划暂停,审核通过,通投,直播间直接支付ROI,笔记（直播组件）,69b8ff09000000001b022265,6404c840000000001002670c,图文笔记,通投-达人新笔记测试3-多款-孕期滋补人群-26.4.13,185678847,2026-04-13 10:58:02,0.00,0,0,0.0%,0.0,0.0,0,0.00,0.0,0,0,0.0,0,0,0.0,0,0.0,0,0.0,0,0.0,0,0.0,0,0.0,0,0.0,0,0.0,0,0.0,0,0.0,0.00,0.0,0,0,0
4354027939,通投-皮蛋没有蛋-星光款-孕期滋补人群-达人-26.4.13,被计划暂停,审核通过,通投,直播间直接支付ROI,笔记（直播组件）,69aeabbf000000001503bbe3,61fce9330000000021021464,视频笔记,通投-达人新笔记测试2-多款-孕期滋补人群-26.4.13,185666304,2026-04-13 10:42:00,0.00,0,0,0.0%,0.0,0.0,0,0.00,0.0,0,0,0.0,0,0,0.0,0,0.0,0,0.0,0,0.0,0,0.0,0,0.0,0,0.0,0,0.0,0,0.0,0,0.0,0.00,0.0,0,0,0
4354027938,通投-糯糯团粽子-青春款-孕期滋补人群-达人-26.4.13,被计划暂停,审核通过,通投,直播间直接支付ROI,笔记（直播组件）,69afe5750000000015032880,61962241000000001000b9b7,图文笔记,通投-达人新笔记测试2-多款-孕期滋补人群-26.4.13,185666304,2026-04-13 10:42:00,0.00,0,0,0.0%,0.0,0.0,0,0.00,0.0,0,0,0.0,0,0,0.0,0,0.0,0,0.0,0,0.0,0,0.0,0,0.0,0,0.0,0,0.0,0,0.0,0,0.0,0.00,0.0,0,0,0
4354027937,通投-labi小羊-星光款-孕期滋补人群-达人-26.4.13,被计划暂停,审核通过,通投,直播间直接支付ROI,笔记（直播组件）,69afbb2d000000000b034271,62b6a01c0000000015018e1e,图文笔记,通投-达人新笔记测试2-多款-孕期滋补人群-26.4.13,185666304,2026-04-13 10:42:00,0.00,0,0,0.0%,0.0,0.0,0,0.00,0.0,0,0,0.0,0,0,0.0,0,0.0,0,0.0,0,0.0,0,0.0,0,0.0,0,0.0,0,0.0,0,0.0,0,0.0,0.00,0.0,0,0,0
4354027936,通投-可乐宇仔-星光款-孕期滋补人群-达人-26.4.13,被计划暂停,审核通过,通投,直播间直接支付ROI,笔记（直播组件）,69aa8d0e000000001a0354fc,581a701250c4b452685f94bd,视频笔记,通投-达人新笔记测试2-多款-孕期滋补人群-26.4.13,185666304,2026-04-13 10:42:00,0.00,0,0,0.0%,0.0,0.0,0,0.00,0.0,0,0,0.0,0,0,0.0,0,0.0,0,0.0,0,0.0,0,0.0,0,0.0,0,0.0,0,0.0,0,0.0,0,0.0,0.00,0.0,0,0,0
4354027935,通投-生活有点甜-星光款-孕期滋补人群-达人-26.4.13,被计划暂停,审核通过,通投,直播间直接支付ROI,笔记（直播组件）,69ba567a0000000023012c11,68d4e5b200000000210245aa,图文笔记,通投-达人新笔记测试2-多款-孕期滋补人群-26.4.13,185666304,2026-04-13 10:42:00,0.00,0,0,0.0%,0.0,0.0,0,0.00,0.0,0,0,0.0,0,0,0.0,0,0.0,0,0.0,0,0.0,0,0.0,0,0.0,0,0.0,0,0.0,0,0.0,0,0.0,0.00,0.0,0,0,0
4354027934,通投-有趣赖赖-星光款-孕期滋补人群-达人-26.4.13,被计划暂停,审核通过,通投,直播间直接支付ROI,笔记（直播组件）,69aeabe9000000001b01f0dc,57d4f5a082ec390e1e6704dd,视频笔记,通投-达人新笔记测试2-多款-孕期滋补人群-26.4.13,185666304,2026-04-13 10:42:00,0.00,0,0,0.0%,0.0,0.0,0,0.00,0.0,0,0,0.0,0,0,0.0,0,0.0,0,0.0,0,0.0,0,0.0,0,0.0,0,0.0,0,0.0,0,0.0,0,0.0,0.00,0.0,0,0,0
4354027933,通投-图图饿了吗-星光款-孕期滋补人群-达人-26.4.13,被计划暂停,审核通过,通投,直播间直接支付ROI,笔记（直播组件）,69ba3736000000002301dafe,5ba0f4f25239820001bc1e3d,图文笔记,通投-达人新笔记测试2-多款-孕期滋补人群-26.4.13,185666304,2026-04-13 10:42:00,0.00,0,0,0.0%,0.0,0.0,0,0.00,0.0,0,0,0.0,0,0,0.0,0,0.0,0,0.0,0,0.0,0,0.0,0,0.0,0,0.0,0,0.0,0,0.0,0,0.0,0.00,0.0,0,0,0
4354027932,通投-一朵小黄花-星光款-孕期滋补人群-达人-26.4.13,被计划暂停,审核通过,通投,直播间直接支付ROI,笔记（直播组件）,69b93b0a000000002200e247,5b12b1154eacab4d77df8c90,图文笔记,通投-达人新笔记测试2-多款-孕期滋补人群-26.4.13,185666304,2026-04-13 10:42:00,0.00,0,0,0.0%,0.0,0.0,0,0.00,0.0,0,0,0.0,0,0,0.0,0,0.0,0,0.0,0,0.0,0,0.0,0,0.0,0,0.0,0,0.0,0,0.0,0,0.0,0.00,0.0,0,0,0
4354027931,通投-苏菲在此-星光款-孕期滋补人群-达人-26.4.13,被计划暂停,审核通过,通投,直播间直接支付ROI,笔记（直播组件）,69bd181b0000000022003f83,639ed99e0000000027029481,视频笔记,通投-达人新笔记测试2-多款-孕期滋补人群-26.4.13,185666304,2026-04-13 10:42:00,0.00,0,0,0.0%,0.0,0.0,0,0.00,0.0,0,0,0.0,0,0,0.0,0,0.0,0,0.0,0,0.0,0,0.0,0,0.0,0,0.0,0,0.0,0,0.0,0,0.0,0.00,0.0,0,0,0
4354027930,通投-好的然然-星光款-孕期滋补人群-达人-26.4.13,被计划暂停,审核通过,通投,直播间直接支付ROI,笔记（直播组件）,69afcce5000000001b0144ae,59e31b03d7c6fa6f7e3ce264,视频笔记,通投-达人新笔记测试2-多款-孕期滋补人群-26.4.13,185666304,2026-04-13 10:42:00,0.00,0,0,0.0%,0.0,0.0,0,0.00,0.0,0,0,0.0,0,0,0.0,0,0.0,0,0.0,0,0.0,0,0.0,0,0.0,0,0.0,0,0.0,0,0.0,0,0.0,0.00,0.0,0,0,0
4353965311,通投-尚狗歪-星光款-孕期滋补人群-达人-26.4.13,被计划暂停,审核通过,通投,直播间直接支付ROI,笔记（直播组件）,69c4995700000000230228c8,56aee317b8ce1a283a3f6d0e,视频笔记,通投-达人新笔记测试1-多款-孕期滋补人群-26.4.13,185660896,2026-04-13 10:37:10,0.00,0,0,0.0%,0.0,0.0,0,0.00,0.0,0,0,0.0,0,0,0.0,0,0.0,0,0.0,0,0.0,0,0.0,0,0.0,0,0.0,0,0.0,0,0.0,0,0.0,0.00,0.0,0,0,0
4353965310,通投-一只小布丁-星光款-孕期滋补人群-达人-26.4.13,被计划暂停,审核通过,通投,直播间直接支付ROI,笔记（直播组件）,69c681fb000000001b02135c,65b9c4fe000000000e024de5,图文笔记,通投-达人新笔记测试1-多款-孕期滋补人群-26.4.13,185660896,2026-04-13 10:37:10,0.00,0,0,0.0%,0.0,0.0,0,0.00,0.0,0,0,0.0,0,0,0.0,0,0.0,0,0.0,0,0.0,0,0.0,0,0.0,0,0.0,0,0.0,0,0.0,0,0.0,0.00,0.0,0,0,0
4353965309,通投-淇舒韩舒淇-星光款-孕期滋补人群-达人-26.4.13,被计划暂停,审核通过,通投,直播间直接支付ROI,笔记（直播组件）,69a803e70000000015032a44,588c94bb82ec39769e4a7870,视频笔记,通投-达人新笔记测试1-多款-孕期滋补人群-26.4.13,185660896,2026-04-13 10:37:10,0.00,0,0,0.0%,0.0,0.0,0,0.00,0.0,0,0,0.0,0,0,0.0,0,0.0,0,0.0,0,0.0,0,0.0,0,0.0,0,0.0,0,0.0,0,0.0,0,0.0,0.00,0.0,0,0,0
4353965308,通投-郭小锅GIA-星光款-孕期滋补人群-达人-26.4.13,被计划暂停,审核通过,通投,直播间直接支付ROI,笔记（直播组件）,69baa6ba000000001a02eee4,5fa12372000000000101dde7,视频笔记,通投-达人新笔记测试1-多款-孕期滋补人群-26.4.13,185660896,2026-04-13 10:37:10,0.00,0,0,0.0%,0.0,0.0,0,0.00,0.0,0,0,0.0,0,0,0.0,0,0.0,0,0.0,0,0.0,0,0.0,0,0.0,0,0.0,0,0.0,0,0.0,0,0.0,0.00,0.0,0,0,0
4353965307,通投-一只康康-星光款-孕期滋补人群-达人-26.4.13,被计划暂停,审核通过,通投,直播间直接支付ROI,笔记（直播组件）,69ca456d000000002200cc1e,5f1006320000000001005c1c,视频笔记,通投-达人新笔记测试1-多款-孕期滋补人群-26.4.13,185660896,2026-04-13 10:37:10,0.00,0,0,0.0%,0.0,0.0,0,0.00,0.0,0,0,0.0,0,0,0.0,0,0.0,0,0.0,0,0.0,0,0.0,0,0.0,0,0.0,0,0.0,0,0.0,0,0.0,0.00,0.0,0,0,0
4353965306,通投-人类柚崽-星光款-孕期滋补人群-达人-26.4.13,被计划暂停,审核通过,通投,直播间直接支付ROI,笔记（直播组件）,69c37d05000000002202bb32,57ff21e06a6a69375611a18b,图文笔记,通投-达人新笔记测试1-多款-孕期滋补人群-26.4.13,185660896,2026-04-13 10:37:10,0.00,0,0,0.0%,0.0,0.0,0,0.00,0.0,0,0,0.0,0,0,0.0,0,0.0,0,0.0,0,0.0,0,0.0,0,0.0,0,0.0,0,0.0,0,0.0,0,0.0,0.00,0.0,0,0,0
4353965305,通投-开心予李-星光款-孕期滋补人群-达人-26.4.13,被计划暂停,审核通过,通投,直播间直接支付ROI,笔记（直播组件）,69c289f7000000001a021cfc,5acda6c54eacab1442b39427,图文笔记,通投-达人新笔记测试1-多款-孕期滋补人群-26.4.13,185660896,2026-04-13 10:37:10,0.00,0,0,0.0%,0.0,0.0,0,0.00,0.0,0,0,0.0,0,0,0.0,0,0.0,0,0.0,0,0.0,0,0.0,0,0.0,0,0.0,0,0.0,0,0.0,0,0.0,0.00,0.0,0,0,0
4353965304,通投-墩墩只吃一顿-星光款-孕期滋补人群-达人-26.4.13,暂停,审核通过,通投,直播间直接支付ROI,笔记（直播组件）,69a3ec380000000015039ca3,579db03982ec3942a102698a,视频笔记,通投-达人新笔记测试1-多款-孕期滋补人群-26.4.13,185660896,2026-04-13 10:37:10,0.00,0,0,0.0%,0.0,0.0,0,0.00,0.0,0,0,0.0,0,0,0.0,0,0.0,0,0.0,0,0.0,0,0.0,0,0.0,0,0.0,0,0.0,0,0.0,0,0.0,0.00,0.0,0,0,0
4353965303,通投-Winnie-星光款-孕期滋补人群-达人-26.4.13,被计划暂停,审核通过,通投,直播间直接支付ROI,笔记（直播组件）,69b15b360000000009022ffe,68e28bec0000000037030b78,图文笔记,通投-达人新笔记测试1-多款-孕期滋补人群-26.4.13,185660896,2026-04-13 10:37:10,0.00,0,0,0.0%,0.0,0.0,0,0.00,0.0,0,0,0.0,0,0,0.0,0,0.0,0,0.0,0,0.0,0,0.0,0,0.0,0,0.0,0,0.0,0,0.0,0,0.0,0.00,0.0,0,0,0
4353965302,通投-大象姐姐-星光款-孕期滋补人群-达人-26.4.13,被计划暂停,审核通过,通投,直播间直接支付ROI,笔记（直播组件）,69ad1bf6000000001d02444f,57a848ac5e87e742deb46702,视频笔记,通投-达人新笔记测试1-多款-孕期滋补人群-26.4.13,185660896,2026-04-13 10:37:10,0.00,0,0,0.0%,0.0,0.0,0,0.00,0.0,0,0,0.0,0,0,0.0,0,0.0,0,0.0,0,0.0,0,0.0,0,0.0,0,0.0,0,0.0,0,0.0,0,0.0,0.00,0.0,0,0,0
4353034260,通投-爆款燕窝怎么选-合集款-定向-日弘-26.4.13,有效,审核通过,通投,直播间直接支付ROI,笔记（直播组件）,69d8d571000000001b022ff5,66f67e4c000000001d03127d,图文笔记,通投-爆款燕窝怎么选-合集款-定向-日弘-26.4.13,185628809,2026-04-13 09:46:47,0.00,19,0,0.0%,0.0,0.0,0,0.00,0.0,0,0,0.0,0,0,0.0,0,0.0,0,0.0,0,0.0,0.0,0.0,0,0.0,0.0,0.0,0,0.0,0.0,0.0,0,0.0,0.00,0.0,0,0,0.0
4322351339,通投-从入门到奢护-合集款-系统-日弘-26.4.10,有效,审核通过,通投,直播间直接支付ROI,笔记（直播组件）,69c5dd2d000000002301450b,66f67e4c000000001d03127d,图文笔记,通投-从入门到奢护-合集款-系统-日弘-26.4.10,185200547,2026-04-10 14:25:51,3.74,18,2,11.11%,1.87,207.78,0,0.00,0.0,0,0,0.0,0,0,0.0,0,0.0,0,0.0,0,0.0,0.0,0.0,0,0.0,0.0,0.0,0,0.0,0.0,0.0,0,0.0,0.00,0.0,0,0,0.0
4297074503,通投-不白花钱-合集款-系统-日弘-26.4.8,暂停,审核通过,通投,直播间直接支付ROI,笔记（直播组件）,69cf7f85000000001e00f6aa,66f67e4c000000001d03127d,图文笔记,通投-不白花钱-合集款-系统-日弘-26.4.8,184738179,2026-04-08 15:24:55,0.00,0,0,0.0%,0.0,0.0,0,0.00,0.0,0,0,0.0,0,0,0.0,0,0.0,0,0.0,0,0.0,0,0.0,0,0.0,0,0.0,0,0.0,0,0.0,0,0.0,0.00,0.0,0,0,0
4296698257,通投-一只小布丁-星光款-系统-达人-26.4.8,被计划暂停,审核通过,通投,直播间直接支付ROI,笔记（直播组件）,69c681fb000000001b02135c,65b9c4fe000000000e024de5,图文笔记,通投-达人新笔记测试4-多款-系统-26.4.8,184721147,2026-04-08 15:15:24,0.00,0,0,0.0%,0.0,0.0,0,0.00,0.0,0,0,0.0,0,0,0.0,0,0.0,0,0.0,0,0.0,0,0.0,0,0.0,0,0.0,0,0.0,0,0.0,0,0.0,0.00,0.0,0,0,0
4296698256,通投-米妮薇vivian-星光款-系统-达人-26.4.8,被计划暂停,审核通过,通投,直播间直接支付ROI,笔记（直播组件）,69ca3ab700000000210385da,5acb813611be101ca9e1b649,图文笔记,通投-达人新笔记测试4-多款-系统-26.4.8,184721147,2026-04-08 15:15:24,0.00,0,0,0.0%,0.0,0.0,0,0.00,0.0,0,0,0.0,0,0,0.0,0,0.0,0,0.0,0,0.0,0,0.0,0,0.0,0,0.0,0,0.0,0,0.0,0,0.0,0.00,0.0,0,0,0
4296698255,通投-肉泥Roni-星光款-系统-达人-26.4.8,被计划暂停,审核通过,通投,直播间直接支付ROI,笔记（直播组件）,69c8a549000000002103b0ad,56191ad13f95a3019ad109a0,图文笔记,通投-达人新笔记测试4-多款-系统-26.4.8,184721147,2026-04-08 15:15:24,0.00,0,0,0.0%,0.0,0.0,0,0.00,0.0,0,0,0.0,0,0,0.0,0,0.0,0,0.0,0,0.0,0,0.0,0,0.0,0,0.0,0,0.0,0,0.0,0,0.0,0.00,0.0,0,0,0
4296698254,通投-Hello哈喽公主-星光款-系统-达人-26.4.8,被计划暂停,审核通过,通投,直播间直接支付ROI,笔记（直播组件）,69c3c7470000000021005c58,5a6f40ef11be1063446a3e14,图文笔记,通投-达人新笔记测试4-多款-系统-26.4.8,184721147,2026-04-08 15:15:24,0.00,0,0,0.0%,0.0,0.0,0,0.00,0.0,0,0,0.0,0,0,0.0,0,0.0,0,0.0,0,0.0,0,0.0,0,0.0,0,0.0,0,0.0,0,0.0,0,0.0,0.00,0.0,0,0,0
4296698253,通投-奶油雪仙贝-星光款-系统-达人-26.4.8,暂停,审核通过,通投,直播间直接支付ROI,笔记（直播组件）,69ca79e2000000002102fcc9,566aad2a6a6a6917e4c4cf2a,视频笔记,通投-达人新笔记测试4-多款-系统-26.4.8,184721147,2026-04-08 15:15:24,0.00,0,0,0.0%,0.0,0.0,0,0.00,0.0,0,0,0.0,0,0,0.0,0,0.0,0,0.0,0,0.0,0,0.0,0,0.0,0,0.0,0,0.0,0,0.0,0,0.0,0.00,0.0,0,0,0
4296698252,通投-尚狗歪-星光款-系统-达人-26.4.8,被计划暂停,审核通过,通投,直播间直接支付ROI,笔记（直播组件）,69c4995700000000230228c8,56aee317b8ce1a283a3f6d0e,视频笔记,通投-达人新笔记测试4-多款-系统-26.4.8,184721147,2026-04-08 15:15:24,0.00,0,0,0.0%,0.0,0.0,0,0.00,0.0,0,0,0.0,0,0,0.0,0,0.0,0,0.0,0,0.0,0,0.0,0,0.0,0,0.0,0,0.0,0,0.0,0,0.0,0.00,0.0,0,0,0
4296698251,通投-妞妞公主-星光款-系统-达人-26.4.8,被计划暂停,审核通过,通投,直播间直接支付ROI,笔记（直播组件）,69c8ae2b000000001e00c06c,60572e71000000000100482c,图文笔记,通投-达人新笔记测试4-多款-系统-26.4.8,184721147,2026-04-08 15:15:24,0.00,0,0,0.0%,0.0,0.0,0,0.00,0.0,0,0,0.0,0,0,0.0,0,0.0,0,0.0,0,0.0,0,0.0,0,0.0,0,0.0,0,0.0,0,0.0,0,0.0,0.00,0.0,0,0,0
4296698250,通投-一只康康-星光款-系统-达人-26.4.8,被计划暂停,审核通过,通投,直播间直接支付ROI,笔记（直播组件）,69ca456d000000002200cc1e,5f1006320000000001005c1c,视频笔记,通投-达人新笔记测试4-多款-系统-26.4.8,184721147,2026-04-08 15:15:24,0.00,0,0,0.0%,0.0,0.0,0,0.00,0.0,0,0,0.0,0,0,0.0,0,0.0,0,0.0,0,0.0,0,0.0,0,0.0,0,0.0,0,0.0,0,0.0,0,0.0,0.00,0.0,0,0,0
4296698249,通投-黄小-星光款-系统-达人-26.4.8,被计划暂停,审核通过,通投,直播间直接支付ROI,笔记（直播组件）,69c4f2fa000000002200077d,6380fd3c000000001f017543,视频笔记,通投-达人新笔记测试4-多款-系统-26.4.8,184721147,2026-04-08 15:15:24,0.00,0,0,0.0%,0.0,0.0,0,0.00,0.0,0,0,0.0,0,0,0.0,0,0.0,0,0.0,0,0.0,0,0.0,0,0.0,0,0.0,0,0.0,0,0.0,0,0.0,0.00,0.0,0,0,0
4296698248,通投-ziwen关茈文-星光款-系统-达人-26.4.8,暂停,审核通过,通投,直播间直接支付ROI,笔记（直播组件）,69af852e000000001d0254fa,5a09a8ac4eacab798f167a0d,视频笔记,通投-达人新笔记测试4-多款-系统-26.4.8,184721147,2026-04-08 15:15:24,0.00,0,0,0.0%,0.0,0.0,0,0.00,0.0,0,0,0.0,0,0,0.0,0,0.0,0,0.0,0,0.0,0,0.0,0,0.0,0,0.0,0,0.0,0,0.0,0,0.0,0.00,0.0,0,0,0
4296698247,通投-小草莓分享版-星光款-系统-达人-26.4.8,暂停,审核通过,通投,直播间直接支付ROI,笔记（直播组件）,69afdf7d000000002202da0a,5de4b9f200000000010010b3,图文笔记,通投-达人新笔记测试4-多款-系统-26.4.8,184721147,2026-04-08 15:15:24,0.00,0,0,0.0%,0.0,0.0,0,0.00,0.0,0,0,0.0,0,0,0.0,0,0.0,0,0.0,0,0.0,0,0.0,0,0.0,0,0.0,0,0.0,0,0.0,0,0.0,0.00,0.0,0,0,0
4296698246,通投-Nicole-星光款-系统-达人-26.4.8,被计划暂停,审核拒绝,通投,直播间直接支付ROI,笔记（直播组件）,69c8ad3c000000002102ccb4,5543a240a46e966971ed921e,图文笔记,通投-达人新笔记测试4-多款-系统-26.4.8,184721147,2026-04-08 15:15:24,0.00,0,0,0.0%,0.0,0.0,0,0.00,0.0,0,0,0.0,0,0,0.0,0,0.0,0,0.0,0,0.0,0,0.0,0,0.0,0,0.0,0,0.0,0,0.0,0,0.0,0.00,0.0,0,0,0
4296698245,通投-qiqi-青春款-系统-达人-26.4.8,被计划暂停,审核通过,通投,直播间直接支付ROI,笔记（直播组件）,69b8ff09000000001b022265,6404c840000000001002670c,图文笔记,通投-达人新笔记测试4-多款-系统-26.4.8,184721147,2026-04-08 15:15:24,0.00,0,0,0.0%,0.0,0.0,0,0.00,0.0,0,0,0.0,0,0,0.0,0,0.0,0,0.0,0,0.0,0,0.0,0,0.0,0,0.0,0,0.0,0,0.0,0,0.0,0.00,0.0,0,0,0
4296698244,通投-糯糯团粽子-青春款-系统-达人-26.4.8,被计划暂停,审核通过,通投,直播间直接支付ROI,笔记（直播组件）,69afe5750000000015032880,61962241000000001000b9b7,图文笔记,通投-达人新笔记测试4-多款-系统-26.4.8,184721147,2026-04-08 15:15:24,0.00,0,0,0.0%,0.0,0.0,0,0.00,0.0,0,0,0.0,0,0,0.0,0,0.0,0,0.0,0,0.0,0,0.0,0,0.0,0,0.0,0,0.0,0,0.0,0,0.0,0.00,0.0,0,0,0
4293424099,通投-一只CC-星光款-系统-达人-26.4.8,被计划暂停,审核通过,通投,直播间直接支付ROI,笔记（直播组件）,69ba64760000000021010453,5bd4479dd39b5e00019694d8,视频笔记,通投-达人新笔记测试3-星光款-系统-26.4.8,184620755,2026-04-08 10:23:30,0.00,0,0,0.0%,0.0,0.0,0,0.00,0.0,0,0,0.0,0,0,0.0,0,0.0,0,0.0,0,0.0,0,0.0,0,0.0,0,0.0,0,0.0,0,0.0,0,0.0,0.00,0.0,0,0,0
4293424098,通投-波霸小羊-星光款-系统-达人-26.4.8,被计划暂停,审核拒绝,通投,直播间直接支付ROI,笔记（直播组件）,69c0d503000000002301670f,5e8749910000000001004341,视频笔记,通投-达人新笔记测试3-星光款-系统-26.4.8,184620755,2026-04-08 10:23:30,0.00,0,0,0.0%,0.0,0.0,0,0.00,0.0,0,0,0.0,0,0,0.0,0,0.0,0,0.0,0,0.0,0,0.0,0,0.0,0,0.0,0,0.0,0,0.0,0,0.0,0.00,0.0,0,0,0
4293424097,通投-郭小锅GIA-星光款-系统-达人-26.4.8,被计划暂停,审核通过,通投,直播间直接支付ROI,笔记（直播组件）,69baa6ba000000001a02eee4,5fa12372000000000101dde7,视频笔记,通投-达人新笔记测试3-星光款-系统-26.4.8,184620755,2026-04-08 10:23:30,0.00,0,0,0.0%,0.0,0.0,0,0.00,0.0,0,0,0.0,0,0,0.0,0,0.0,0,0.0,0,0.0,0,0.0,0,0.0,0,0.0,0,0.0,0,0.0,0,0.0,0.00,0.0,0,0,0
4293424096,通投-一只琳琳兒-星光款-系统-达人-26.4.8,被计划暂停,审核通过,通投,直播间直接支付ROI,笔记（直播组件）,69c26e96000000001a024b1a,64f5f4f7000000000500281d,图文笔记,通投-达人新笔记测试3-星光款-系统-26.4.8,184620755,2026-04-08 10:23:30,0.00,0,0,0.0%,0.0,0.0,0,0.00,0.0,0,0,0.0,0,0,0.0,0,0.0,0,0.0,0,0.0,0,0.0,0,0.0,0,0.0,0,0.0,0,0.0,0,0.0,0.00,0.0,0,0,0
4293424095,通投-生活有点甜-星光款-系统-达人-26.4.8,被计划暂停,审核通过,通投,直播间直接支付ROI,笔记（直播组件）,69ba567a0000000023012c11,68d4e5b200000000210245aa,图文笔记,通投-达人新笔记测试3-星光款-系统-26.4.8,184620755,2026-04-08 10:23:30,0.00,0,0,0.0%,0.0,0.0,0,0.00,0.0,0,0,0.0,0,0,0.0,0,0.0,0,0.0,0,0.0,0,0.0,0,0.0,0,0.0,0,0.0,0,0.0,0,0.0,0.00,0.0,0,0,0
4293424094,通投-人类柚崽-星光款-系统-达人-26.4.8,被计划暂停,审核通过,通投,直播间直接支付ROI,笔记（直播组件）,69c37d05000000002202bb32,57ff21e06a6a69375611a18b,图文笔记,通投-达人新笔记测试3-星光款-系统-26.4.8,184620755,2026-04-08 10:23:30,0.00,0,0,0.0%,0.0,0.0,0,0.00,0.0,0,0,0.0,0,0,0.0,0,0.0,0,0.0,0,0.0,0,0.0,0,0.0,0,0.0,0,0.0,0,0.0,0,0.0,0.00,0.0,0,0,0
4293424093,通投-开心予李-星光款-系统-达人-26.4.8,被计划暂停,审核通过,通投,直播间直接支付ROI,笔记（直播组件）,69c289f7000000001a021cfc,5acda6c54eacab1442b39427,图文笔记,通投-达人新笔记测试3-星光款-系统-26.4.8,184620755,2026-04-08 10:23:30,0.00,0,0,0.0%,0.0,0.0,0,0.00,0.0,0,0,0.0,0,0,0.0,0,0.0,0,0.0,0,0.0,0,0.0,0,0.0,0,0.0,0,0.0,0,0.0,0,0.0,0.00,0.0,0,0,0
4293424092,通投-vv-星光款-系统-达人-26.4.8,暂停,审核通过,通投,直播间直接支付ROI,笔记（直播组件）,69c3817e000000001a0334a3,5881055582ec3931202e4a43,视频笔记,通投-达人新笔记测试3-星光款-系统-26.4.8,184620755,2026-04-08 10:23:30,0.00,0,0,0.0%,0.0,0.0,0,0.00,0.0,0,0,0.0,0,0,0.0,0,0.0,0,0.0,0,0.0,0,0.0,0,0.0,0,0.0,0,0.0,0,0.0,0,0.0,0.00,0.0,0,0,0
4293424091,通投-苏苏susu-星光款-系统-达人-26.4.8,暂停,审核通过,通投,直播间直接支付ROI,笔记（直播组件）,69bba5360000000022027948,56683fb6b8ce1a6b6dbb2cde,视频笔记,通投-达人新笔记测试3-星光款-系统-26.4.8,184620755,2026-04-08 10:23:30,0.00,0,0,0.0%,0.0,0.0,0,0.00,0.0,0,0,0.0,0,0,0.0,0,0.0,0,0.0,0,0.0,0,0.0,0,0.0,0,0.0,0,0.0,0,0.0,0,0.0,0.00,0.0,0,0,0
4293424090,通投-苏菲在此-星光款-系统-达人-26.4.8,被计划暂停,不满足审核条件,通投,直播间直接支付ROI,笔记（直播组件）,69bd181b0000000022003f83,639ed99e0000000027029481,视频笔记,通投-达人新笔记测试3-星光款-系统-26.4.8,184620755,2026-04-08 10:23:30,0.00,0,0,0.0%,0.0,0.0,0,0.00,0.0,0,0,0.0,0,0,0.0,0,0.0,0,0.0,0,0.0,0,0.0,0,0.0,0,0.0,0,0.0,0,0.0,0,0.0,0.00,0.0,0,0,0
4293284234,通投-孕期孕反-星光款-孕期人群-日弘-26.4.8-视频组,有效,审核通过,通投,直播间直接支付ROI,笔记（直播组件）,6959fc4b000000001f00a5d2,66f67e4c000000001d03127d,视频笔记,通投-孕期孕反-星光款-孕期人群-日弘-26.4.8-视频组,184614722,2026-04-08 09:58:51,0.00,1,0,0.0%,0.0,0.0,0,0.00,0.0,0,0,0.0,0,0,0.0,0,0.0,0,0.0,0,0.0,0.0,0.0,0,0.0,0.0,0.0,0,0.0,0.0,0.0,0,0.0,0.00,0.0,0,0,0.0
4292728180,通投-炖燕窝-星光款-系统-日弘-26.4.8,有效,审核通过,通投,直播间直接支付ROI,笔记（直播组件）,69cea3020000000023014b87,66f67e4c000000001d03127d,图文笔记,通投-炖燕窝-星光款-系统-日弘-26.4.8,184618661,2026-04-08 09:35:05,7.99,23,7,30.43%,1.14,347.39,0,0.00,0.0,0,0,0.0,0,0,0.0,0,0.0,0,0.0,0,0.0,0.0,0.0,0,0.0,0.0,0.0,0,0.0,0.0,0.0,0,0.0,0.00,0.0,0,0,0.0
4292873448,通投-96年小福星-星光款-系统-达人-26.4.8,被计划暂停,审核通过,通投,直播间直接支付ROI,笔记（直播组件）,69b15f75000000000b03676d,5d284336000000001002c1e6,图文笔记,通投-达人新笔记测试2-星光款-定向-26.4.8,184634629,2026-04-08 09:26:05,0.00,0,0,0.0%,0.0,0.0,0,0.00,0.0,0,0,0.0,0,0,0.0,0,0.0,0,0.0,0,0.0,0,0.0,0,0.0,0,0.0,0,0.0,0,0.0,0,0.0,0.00,0.0,0,0,0
4292873447,通投-labi小羊-星光款-系统-达人-26.4.8,被计划暂停,审核通过,通投,直播间直接支付ROI,笔记（直播组件）,69afbb2d000000000b034271,62b6a01c0000000015018e1e,图文笔记,通投-达人新笔记测试2-星光款-定向-26.4.8,184634629,2026-04-08 09:26:05,0.00,0,0,0.0%,0.0,0.0,0,0.00,0.0,0,0,0.0,0,0,0.0,0,0.0,0,0.0,0,0.0,0,0.0,0,0.0,0,0.0,0,0.0,0,0.0,0,0.0,0.00,0.0,0,0,0
4292873446,通投-秀芹在此-星光款-系统-达人-26.4.8,暂停,审核通过,通投,直播间直接支付ROI,笔记（直播组件）,69b5258c000000001f005fbb,57a17b2a50c4b462bc6b4e87,视频笔记,通投-达人新笔记测试2-星光款-定向-26.4.8,184634629,2026-04-08 09:26:05,0.00,0,0,0.0%,0.0,0.0,0,0.00,0.0,0,0,0.0,0,0,0.0,0,0.0,0,0.0,0,0.0,0,0.0,0,0.0,0,0.0,0,0.0,0,0.0,0,0.0,0.00,0.0,0,0,0
4292873445,通投-Winnie-星光款-系统-达人-26.4.8,被计划暂停,审核通过,通投,直播间直接支付ROI,笔记（直播组件）,69b15b360000000009022ffe,68e28bec0000000037030b78,图文笔记,通投-达人新笔记测试2-星光款-定向-26.4.8,184634629,2026-04-08 09:26:05,0.00,0,0,0.0%,0.0,0.0,0,0.00,0.0,0,0,0.0,0,0,0.0,0,0.0,0,0.0,0,0.0,0,0.0,0,0.0,0,0.0,0,0.0,0,0.0,0,0.0,0.00,0.0,0,0,0
4292873444,通投-图图饿了吗-星光款-系统-达人-26.4.8,被计划暂停,审核通过,通投,直播间直接支付ROI,笔记（直播组件）,69ba3736000000002301dafe,5ba0f4f25239820001bc1e3d,图文笔记,通投-达人新笔记测试2-星光款-定向-26.4.8,184634629,2026-04-08 09:26:05,0.00,0,0,0.0%,0.0,0.0,0,0.00,0.0,0,0,0.0,0,0,0.0,0,0.0,0,0.0,0,0.0,0,0.0,0,0.0,0,0.0,0,0.0,0,0.0,0,0.0,0.00,0.0,0,0,0
4292873443,通投-小马在北漂-星光款-系统-达人-26.4.8,被计划暂停,审核通过,通投,直播间直接支付ROI,笔记（直播组件）,69b16df9000000000600e8bc,6829796a000000000e01e70c,图文笔记,通投-达人新笔记测试2-星光款-定向-26.4.8,184634629,2026-04-08 09:26:05,0.00,0,0,0.0%,0.0,0.0,0,0.00,0.0,0,0,0.0,0,0,0.0,0,0.0,0,0.0,0,0.0,0,0.0,0,0.0,0,0.0,0,0.0,0,0.0,0,0.0,0.00,0.0,0,0,0
4292873442,通投-一朵小黄花-星光款-系统-达人-26.4.8,被计划暂停,审核通过,通投,直播间直接支付ROI,笔记（直播组件）,69b93b0a000000002200e247,5b12b1154eacab4d77df8c90,图文笔记,通投-达人新笔记测试2-星光款-定向-26.4.8,184634629,2026-04-08 09:26:05,0.00,0,0,0.0%,0.0,0.0,0,0.00,0.0,0,0,0.0,0,0,0.0,0,0.0,0,0.0,0,0.0,0,0.0,0,0.0,0,0.0,0,0.0,0,0.0,0,0.0,0.00,0.0,0,0,0
4292873441,通投-航航妈咪的日常-星光款-系统-达人-26.4.8,被计划暂停,审核通过,通投,直播间直接支付ROI,笔记（直播组件）,69b1615a000000000600ec5d,5e0c08720000000001008ea1,图文笔记,通投-达人新笔记测试2-星光款-定向-26.4.8,184634629,2026-04-08 09:26:05,0.00,0,0,0.0%,0.0,0.0,0,0.00,0.0,0,0,0.0,0,0,0.0,0,0.0,0,0.0,0,0.0,0,0.0,0,0.0,0,0.0,0,0.0,0,0.0,0,0.0,0.00,0.0,0,0,0
4292873440,通投-好的然然-星光款-系统-达人-26.4.8,被计划暂停,审核通过,通投,直播间直接支付ROI,笔记（直播组件）,69afcce5000000001b0144ae,59e31b03d7c6fa6f7e3ce264,视频笔记,通投-达人新笔记测试2-星光款-定向-26.4.8,184634629,2026-04-08 09:26:05,0.00,0,0,0.0%,0.0,0.0,0,0.00,0.0,0,0,0.0,0,0,0.0,0,0.0,0,0.0,0,0.0,0,0.0,0,0.0,0,0.0,0,0.0,0,0.0,0,0.0,0.00,0.0,0,0,0
4292863451,通投-皮蛋没有蛋-星光款-系统-达人-26.4.8,被计划暂停,审核通过,通投,直播间直接支付ROI,笔记（直播组件）,69aeabbf000000001503bbe3,61fce9330000000021021464,视频笔记,通投-达人新笔记测试1-星光款-系统-26.4.8,184613508,2026-04-08 09:18:28,0.00,0,0,0.0%,0.0,0.0,0,0.00,0.0,0,0,0.0,0,0,0.0,0,0.0,0,0.0,0,0.0,0,0.0,0,0.0,0,0.0,0,0.0,0,0.0,0,0.0,0.00,0.0,0,0,0
4292863450,通投-满满Cyim-星光款-系统-达人-26.4.8,暂停,审核通过,通投,直播间直接支付ROI,笔记（直播组件）,69aeb568000000001503333b,54dd7dba2e1d936d63815da2,视频笔记,通投-达人新笔记测试1-星光款-系统-26.4.8,184613508,2026-04-08 09:18:28,0.00,0,0,0.0%,0.0,0.0,0,0.00,0.0,0,0,0.0,0,0,0.0,0,0.0,0,0.0,0,0.0,0,0.0,0,0.0,0,0.0,0,0.0,0,0.0,0,0.0,0.00,0.0,0,0,0
4292863449,通投-淇舒韩舒淇-星光款-系统-达人-26.4.8,被计划暂停,审核通过,通投,直播间直接支付ROI,笔记（直播组件）,69a803e70000000015032a44,588c94bb82ec39769e4a7870,视频笔记,通投-达人新笔记测试1-星光款-系统-26.4.8,184613508,2026-04-08 09:18:28,0.00,0,0,0.0%,0.0,0.0,0,0.00,0.0,0,0,0.0,0,0,0.0,0,0.0,0,0.0,0,0.0,0,0.0,0,0.0,0,0.0,0,0.0,0,0.0,0,0.0,0.00,0.0,0,0,0
4292863448,通投-可乐宇仔-星光款-系统-达人-26.4.8,被计划暂停,审核通过,通投,直播间直接支付ROI,笔记（直播组件）,69aa8d0e000000001a0354fc,581a701250c4b452685f94bd,视频笔记,通投-达人新笔记测试1-星光款-系统-26.4.8,184613508,2026-04-08 09:18:28,0.00,0,0,0.0%,0.0,0.0,0,0.00,0.0,0,0,0.0,0,0,0.0,0,0.0,0,0.0,0,0.0,0,0.0,0,0.0,0,0.0,0,0.0,0,0.0,0,0.0,0.00,0.0,0,0,0
4292863447,通投-留学生小姐姐熊猫-星光款-系统-达人-26.4.8,被计划暂停,审核通过,通投,直播间直接支付ROI,笔记（直播组件）,69aceea5000000001d0249e9,5cee6f2a000000001100140a,视频笔记,通投-达人新笔记测试1-星光款-系统-26.4.8,184613508,2026-04-08 09:18:28,0.00,0,0,0.0%,0.0,0.0,0,0.00,0.0,0,0,0.0,0,0,0.0,0,0.0,0,0.0,0,0.0,0,0.0,0,0.0,0,0.0,0,0.0,0,0.0,0,0.0,0.00,0.0,0,0,0
4292863446,通投-奶酪小马-星光款-系统-达人-26.4.8,被计划暂停,审核通过,通投,直播间直接支付ROI,笔记（直播组件）,69aa6be20000000015031a51,620f5a3d0000000021023bc4,视频笔记,通投-达人新笔记测试1-星光款-系统-26.4.8,184613508,2026-04-08 09:18:28,0.00,0,0,0.0%,0.0,0.0,0,0.00,0.0,0,0,0.0,0,0,0.0,0,0.0,0,0.0,0,0.0,0,0.0,0,0.0,0,0.0,0,0.0,0,0.0,0,0.0,0.00,0.0,0,0,0
4292863445,通投-墩墩只吃一顿-星光款-系统-达人-26.4.8,暂停,审核通过,通投,直播间直接支付ROI,笔记（直播组件）,69a3ec380000000015039ca3,579db03982ec3942a102698a,视频笔记,通投-达人新笔记测试1-星光款-系统-26.4.8,184613508,2026-04-08 09:18:28,0.00,0,0,0.0%,0.0,0.0,0,0.00,0.0,0,0,0.0,0,0,0.0,0,0.0,0,0.0,0,0.0,0,0.0,0,0.0,0,0.0,0,0.0,0,0.0,0,0.0,0.00,0.0,0,0,0
4292863444,通投-有趣赖赖-星光款-系统-达人-26.4.8,被计划暂停,审核通过,通投,直播间直接支付ROI,笔记（直播组件）,69aeabe9000000001b01f0dc,57d4f5a082ec390e1e6704dd,视频笔记,通投-达人新笔记测试1-星光款-系统-26.4.8,184613508,2026-04-08 09:18:28,0.00,0,0,0.0%,0.0,0.0,0,0.00,0.0,0,0,0.0,0,0,0.0,0,0.0,0,0.0,0,0.0,0,0.0,0,0.0,0,0.0,0,0.0,0,0.0,0,0.0,0.00,0.0,0,0,0
4292863443,通投-大象姐姐-星光款-系统-达人-26.4.8,被计划暂停,审核通过,通投,直播间直接支付ROI,笔记（直播组件）,69ad1bf6000000001d02444f,57a848ac5e87e742deb46702,视频笔记,通投-达人新笔记测试1-星光款-系统-26.4.8,184613508,2026-04-08 09:18:28,0.00,0,0,0.0%,0.0,0.0,0,0.00,0.0,0,0,0.0,0,0,0.0,0,0.0,0,0.0,0,0.0,0,0.0,0,0.0,0,0.0,0,0.0,0,0.0,0,0.0,0.00,0.0,0,0,0
4292863442,通投-Melody麦老si-星光款-系统-达人-26.4.8,被计划暂停,审核通过,通投,直播间直接支付ROI,笔记（直播组件）,69a8ff3f000000001a020133,5ac5d0e44eacab1367af07ba,视频笔记,通投-达人新笔记测试1-星光款-系统-26.4.8,184613508,2026-04-08 09:18:28,0.00,0,0,0.0%,0.0,0.0,0,0.00,0.0,0,0,0.0,0,0,0.0,0,0.0,0,0.0,0,0.0,0,0.0,0,0.0,0,0.0,0,0.0,0,0.0,0,0.0,0.00,0.0,0,0,0
4283645749,通投-一只小布丁-星光款-定向-达人-26.4.7,被计划暂停,审核通过,通投,直播间直接支付ROI,笔记（直播组件）,69c681fb000000001b02135c,65b9c4fe000000000e024de5,图文笔记,通投-达人新笔记测试4-多款-定向-26.4.7,184497329,2026-04-07 14:35:16,0.00,0,0,0.0%,0.0,0.0,0,0.00,0.0,0,0,0.0,0,0,0.0,0,0.0,0,0.0,0,0.0,0,0.0,0,0.0,0,0.0,0,0.0,0,0.0,0,0.0,0.00,0.0,0,0,0
4283645748,通投-米妮薇vivian-星光款-定向-达人-26.4.7,被计划暂停,审核通过,通投,直播间直接支付ROI,笔记（直播组件）,69ca3ab700000000210385da,5acb813611be101ca9e1b649,图文笔记,通投-达人新笔记测试4-多款-定向-26.4.7,184497329,2026-04-07 14:35:16,0.00,0,0,0.0%,0.0,0.0,0,0.00,0.0,0,0,0.0,0,0,0.0,0,0.0,0,0.0,0,0.0,0,0.0,0,0.0,0,0.0,0,0.0,0,0.0,0,0.0,0.00,0.0,0,0,0
4283645747,通投-肉泥Roni-星光款-定向-达人-26.4.7,被计划暂停,审核通过,通投,直播间直接支付ROI,笔记（直播组件）,69c8a549000000002103b0ad,56191ad13f95a3019ad109a0,图文笔记,通投-达人新笔记测试4-多款-定向-26.4.7,184497329,2026-04-07 14:35:16,0.00,0,0,0.0%,0.0,0.0,0,0.00,0.0,0,0,0.0,0,0,0.0,0,0.0,0,0.0,0,0.0,0,0.0,0,0.0,0,0.0,0,0.0,0,0.0,0,0.0,0.00,0.0,0,0,0
4283645746,通投-Hello哈喽公主-星光款-定向-达人-26.4.7,被计划暂停,审核通过,通投,直播间直接支付ROI,笔记（直播组件）,69c3c7470000000021005c58,5a6f40ef11be1063446a3e14,图文笔记,通投-达人新笔记测试4-多款-定向-26.4.7,184497329,2026-04-07 14:35:16,0.00,0,0,0.0%,0.0,0.0,0,0.00,0.0,0,0,0.0,0,0,0.0,0,0.0,0,0.0,0,0.0,0,0.0,0,0.0,0,0.0,0,0.0,0,0.0,0,0.0,0.00,0.0,0,0,0
4283645745,通投-奶油雪仙贝-星光款-定向-达人-26.4.7,暂停,审核通过,通投,直播间直接支付ROI,笔记（直播组件）,69ca79e2000000002102fcc9,566aad2a6a6a6917e4c4cf2a,视频笔记,通投-达人新笔记测试4-多款-定向-26.4.7,184497329,2026-04-07 14:35:16,0.00,0,0,0.0%,0.0,0.0,0,0.00,0.0,0,0,0.0,0,0,0.0,0,0.0,0,0.0,0,0.0,0,0.0,0,0.0,0,0.0,0,0.0,0,0.0,0,0.0,0.00,0.0,0,0,0
4283645744,通投-尚狗歪-星光款-定向-达人-26.4.7,被计划暂停,审核通过,通投,直播间直接支付ROI,笔记（直播组件）,69c4995700000000230228c8,56aee317b8ce1a283a3f6d0e,视频笔记,通投-达人新笔记测试4-多款-定向-26.4.7,184497329,2026-04-07 14:35:16,0.00,0,0,0.0%,0.0,0.0,0,0.00,0.0,0,0,0.0,0,0,0.0,0,0.0,0,0.0,0,0.0,0,0.0,0,0.0,0,0.0,0,0.0,0,0.0,0,0.0,0.00,0.0,0,0,0
4283645743,通投-妞妞公主-星光款-定向-达人-26.4.7,被计划暂停,审核通过,通投,直播间直接支付ROI,笔记（直播组件）,69c8ae2b000000001e00c06c,60572e71000000000100482c,图文笔记,通投-达人新笔记测试4-多款-定向-26.4.7,184497329,2026-04-07 14:35:16,0.00,0,0,0.0%,0.0,0.0,0,0.00,0.0,0,0,0.0,0,0,0.0,0,0.0,0,0.0,0,0.0,0,0.0,0,0.0,0,0.0,0,0.0,0,0.0,0,0.0,0.00,0.0,0,0,0
4283645742,通投-一只康康-星光款-定向-达人-26.4.7,被计划暂停,审核通过,通投,直播间直接支付ROI,笔记（直播组件）,69ca456d000000002200cc1e,5f1006320000000001005c1c,视频笔记,通投-达人新笔记测试4-多款-定向-26.4.7,184497329,2026-04-07 14:35:16,0.00,0,0,0.0%,0.0,0.0,0,0.00,0.0,0,0,0.0,0,0,0.0,0,0.0,0,0.0,0,0.0,0,0.0,0,0.0,0,0.0,0,0.0,0,0.0,0,0.0,0.00,0.0,0,0,0
4283645741,通投-黄小-星光款-定向-达人-26.4.7,被计划暂停,审核通过,通投,直播间直接支付ROI,笔记（直播组件）,69c4f2fa000000002200077d,6380fd3c000000001f017543,视频笔记,通投-达人新笔记测试4-多款-定向-26.4.7,184497329,2026-04-07 14:35:16,0.00,0,0,0.0%,0.0,0.0,0,0.00,0.0,0,0,0.0,0,0,0.0,0,0.0,0,0.0,0,0.0,0,0.0,0,0.0,0,0.0,0,0.0,0,0.0,0,0.0,0.00,0.0,0,0,0
4283645740,通投-ziwen关茈文-星光款-定向-达人-26.4.7,暂停,审核通过,通投,直播间直接支付ROI,笔记（直播组件）,69af852e000000001d0254fa,5a09a8ac4eacab798f167a0d,视频笔记,通投-达人新笔记测试4-多款-定向-26.4.7,184497329,2026-04-07 14:35:16,0.00,0,0,0.0%,0.0,0.0,0,0.00,0.0,0,0,0.0,0,0,0.0,0,0.0,0,0.0,0,0.0,0,0.0,0,0.0,0,0.0,0,0.0,0,0.0,0,0.0,0.00,0.0,0,0,0
4283645739,通投-小草莓分享版-星光款-定向-达人-26.4.7,暂停,审核通过,通投,直播间直接支付ROI,笔记（直播组件）,69afdf7d000000002202da0a,5de4b9f200000000010010b3,图文笔记,通投-达人新笔记测试4-多款-定向-26.4.7,184497329,2026-04-07 14:35:16,0.00,0,0,0.0%,0.0,0.0,0,0.00,0.0,0,0,0.0,0,0,0.0,0,0.0,0,0.0,0,0.0,0,0.0,0,0.0,0,0.0,0,0.0,0,0.0,0,0.0,0.00,0.0,0,0,0
4283645738,通投-Nicole-星光款-定向-达人-26.4.7,被计划暂停,审核拒绝,通投,直播间直接支付ROI,笔记（直播组件）,69c8ad3c000000002102ccb4,5543a240a46e966971ed921e,图文笔记,通投-达人新笔记测试4-多款-定向-26.4.7,184497329,2026-04-07 14:35:16,0.00,0,0,0.0%,0.0,0.0,0,0.00,0.0,0,0,0.0,0,0,0.0,0,0.0,0,0.0,0,0.0,0,0.0,0,0.0,0,0.0,0,0.0,0,0.0,0,0.0,0.00,0.0,0,0,0
4283645737,通投-qiqi-青春款-定向-达人-26.4.7,被计划暂停,审核通过,通投,直播间直接支付ROI,笔记（直播组件）,69b8ff09000000001b022265,6404c840000000001002670c,图文笔记,通投-达人新笔记测试4-多款-定向-26.4.7,184497329,2026-04-07 14:35:16,0.00,0,0,0.0%,0.0,0.0,0,0.00,0.0,0,0,0.0,0,0,0.0,0,0.0,0,0.0,0,0.0,0,0.0,0,0.0,0,0.0,0,0.0,0,0.0,0,0.0,0.00,0.0,0,0,0
4283645736,通投-糯糯团粽子-青春款-定向-达人-26.4.7,被计划暂停,审核通过,通投,直播间直接支付ROI,笔记（直播组件）,69afe5750000000015032880,61962241000000001000b9b7,图文笔记,通投-达人新笔记测试4-多款-定向-26.4.7,184497329,2026-04-07 14:35:16,0.00,0,0,0.0%,0.0,0.0,0,0.00,0.0,0,0,0.0,0,0,0.0,0,0.0,0,0.0,0,0.0,0,0.0,0,0.0,0,0.0,0,0.0,0,0.0,0,0.0,0.00,0.0,0,0,0
4283485900,通投-一只CC-星光款-定向-达人-26.4.7,被计划暂停,审核通过,通投,直播间直接支付ROI,笔记（直播组件）,69ba64760000000021010453,5bd4479dd39b5e00019694d8,视频笔记,通投-达人新笔记测试3-星光款-定向-26.4.7,184496984,2026-04-07 14:29:07,0.00,0,0,0.0%,0.0,0.0,0,0.00,0.0,0,0,0.0,0,0,0.0,0,0.0,0,0.0,0,0.0,0,0.0,0,0.0,0,0.0,0,0.0,0,0.0,0,0.0,0.00,0.0,0,0,0
4283485899,通投-波霸小羊-星光款-定向-达人-26.4.7,被计划暂停,审核拒绝,通投,直播间直接支付ROI,笔记（直播组件）,69c0d503000000002301670f,5e8749910000000001004341,视频笔记,通投-达人新笔记测试3-星光款-定向-26.4.7,184496984,2026-04-07 14:29:07,0.00,0,0,0.0%,0.0,0.0,0,0.00,0.0,0,0,0.0,0,0,0.0,0,0.0,0,0.0,0,0.0,0,0.0,0,0.0,0,0.0,0,0.0,0,0.0,0,0.0,0.00,0.0,0,0,0
4283485898,通投-郭小锅GIA-星光款-定向-达人-26.4.7,被计划暂停,审核通过,通投,直播间直接支付ROI,笔记（直播组件）,69baa6ba000000001a02eee4,5fa12372000000000101dde7,视频笔记,通投-达人新笔记测试3-星光款-定向-26.4.7,184496984,2026-04-07 14:29:07,0.00,0,0,0.0%,0.0,0.0,0,0.00,0.0,0,0,0.0,0,0,0.0,0,0.0,0,0.0,0,0.0,0,0.0,0,0.0,0,0.0,0,0.0,0,0.0,0,0.0,0.00,0.0,0,0,0
4283485897,通投-一只琳琳兒-星光款-定向-达人-26.4.7,被计划暂停,审核通过,通投,直播间直接支付ROI,笔记（直播组件）,69c26e96000000001a024b1a,64f5f4f7000000000500281d,图文笔记,通投-达人新笔记测试3-星光款-定向-26.4.7,184496984,2026-04-07 14:29:07,0.00,0,0,0.0%,0.0,0.0,0,0.00,0.0,0,0,0.0,0,0,0.0,0,0.0,0,0.0,0,0.0,0,0.0,0,0.0,0,0.0,0,0.0,0,0.0,0,0.0,0.00,0.0,0,0,0
4283485896,通投-生活有点甜-星光款-定向-达人-26.4.7,被计划暂停,审核通过,通投,直播间直接支付ROI,笔记（直播组件）,69ba567a0000000023012c11,68d4e5b200000000210245aa,图文笔记,通投-达人新笔记测试3-星光款-定向-26.4.7,184496984,2026-04-07 14:29:07,0.00,0,0,0.0%,0.0,0.0,0,0.00,0.0,0,0,0.0,0,0,0.0,0,0.0,0,0.0,0,0.0,0,0.0,0,0.0,0,0.0,0,0.0,0,0.0,0,0.0,0.00,0.0,0,0,0
4283485895,通投-人类柚崽-星光款-定向-达人-26.4.7,被计划暂停,审核通过,通投,直播间直接支付ROI,笔记（直播组件）,69c37d05000000002202bb32,57ff21e06a6a69375611a18b,图文笔记,通投-达人新笔记测试3-星光款-定向-26.4.7,184496984,2026-04-07 14:29:07,0.00,0,0,0.0%,0.0,0.0,0,0.00,0.0,0,0,0.0,0,0,0.0,0,0.0,0,0.0,0,0.0,0,0.0,0,0.0,0,0.0,0,0.0,0,0.0,0,0.0,0.00,0.0,0,0,0
4283485894,通投-开心予李-星光款-定向-达人-26.4.7,被计划暂停,审核通过,通投,直播间直接支付ROI,笔记（直播组件）,69c289f7000000001a021cfc,5acda6c54eacab1442b39427,图文笔记,通投-达人新笔记测试3-星光款-定向-26.4.7,184496984,2026-04-07 14:29:07,0.00,0,0,0.0%,0.0,0.0,0,0.00,0.0,0,0,0.0,0,0,0.0,0,0.0,0,0.0,0,0.0,0,0.0,0,0.0,0,0.0,0,0.0,0,0.0,0,0.0,0.00,0.0,0,0,0
4283485893,通投-vv-星光款-定向-达人-26.4.7,暂停,审核通过,通投,直播间直接支付ROI,笔记（直播组件）,69c3817e000000001a0334a3,5881055582ec3931202e4a43,视频笔记,通投-达人新笔记测试3-星光款-定向-26.4.7,184496984,2026-04-07 14:29:07,0.00,0,0,0.0%,0.0,0.0,0,0.00,0.0,0,0,0.0,0,0,0.0,0,0.0,0,0.0,0,0.0,0,0.0,0,0.0,0,0.0,0,0.0,0,0.0,0,0.0,0.00,0.0,0,0,0
4283485892,通投-苏苏susu-星光款-定向-达人-26.4.7,暂停,审核通过,通投,直播间直接支付ROI,笔记（直播组件）,69bba5360000000022027948,56683fb6b8ce1a6b6dbb2cde,视频笔记,通投-达人新笔记测试3-星光款-定向-26.4.7,184496984,2026-04-07 14:29:07,0.00,0,0,0.0%,0.0,0.0,0,0.00,0.0,0,0,0.0,0,0,0.0,0,0.0,0,0.0,0,0.0,0,0.0,0,0.0,0,0.0,0,0.0,0,0.0,0,0.0,0.00,0.0,0,0,0
4283485891,通投-苏菲在此-星光款-定向-达人-26.4.7,被计划暂停,审核通过,通投,直播间直接支付ROI,笔记（直播组件）,69bd181b0000000022003f83,639ed99e0000000027029481,视频笔记,通投-达人新笔记测试3-星光款-定向-26.4.7,184496984,2026-04-07 14:29:07,0.00,0,0,0.0%,0.0,0.0,0,0.00,0.0,0,0,0.0,0,0,0.0,0,0.0,0,0.0,0,0.0,0,0.0,0,0.0,0,0.0,0,0.0,0,0.0,0,0.0,0.00,0.0,0,0,0
4283528144,通投-96年小福星-星光款-定向-达人-26.4.7,被计划暂停,审核通过,通投,直播间直接支付ROI,笔记（直播组件）,69b15f75000000000b03676d,5d284336000000001002c1e6,图文笔记,通投-达人新笔记测试2-星光款-定向-26.4.7,184492567,2026-04-07 14:24:17,0.00,0,0,0.0%,0.0,0.0,0,0.00,0.0,0,0,0.0,0,0,0.0,0,0.0,0,0.0,0,0.0,0,0.0,0,0.0,0,0.0,0,0.0,0,0.0,0,0.0,0.00,0.0,0,0,0
4283528143,通投-labi小羊-星光款-定向-达人-26.4.7,被计划暂停,审核通过,通投,直播间直接支付ROI,笔记（直播组件）,69afbb2d000000000b034271,62b6a01c0000000015018e1e,图文笔记,通投-达人新笔记测试2-星光款-定向-26.4.7,184492567,2026-04-07 14:24:17,0.00,0,0,0.0%,0.0,0.0,0,0.00,0.0,0,0,0.0,0,0,0.0,0,0.0,0,0.0,0,0.0,0,0.0,0,0.0,0,0.0,0,0.0,0,0.0,0,0.0,0.00,0.0,0,0,0
4283528142,通投-秀芹在此-星光款-定向-达人-26.4.7,暂停,审核通过,通投,直播间直接支付ROI,笔记（直播组件）,69b5258c000000001f005fbb,57a17b2a50c4b462bc6b4e87,视频笔记,通投-达人新笔记测试2-星光款-定向-26.4.7,184492567,2026-04-07 14:24:17,0.00,0,0,0.0%,0.0,0.0,0,0.00,0.0,0,0,0.0,0,0,0.0,0,0.0,0,0.0,0,0.0,0,0.0,0,0.0,0,0.0,0,0.0,0,0.0,0,0.0,0.00,0.0,0,0,0
4283528141,通投-Winnie-星光款-定向-达人-26.4.7,被计划暂停,审核通过,通投,直播间直接支付ROI,笔记（直播组件）,69b15b360000000009022ffe,68e28bec0000000037030b78,图文笔记,通投-达人新笔记测试2-星光款-定向-26.4.7,184492567,2026-04-07 14:24:17,0.00,0,0,0.0%,0.0,0.0,0,0.00,0.0,0,0,0.0,0,0,0.0,0,0.0,0,0.0,0,0.0,0,0.0,0,0.0,0,0.0,0,0.0,0,0.0,0,0.0,0.00,0.0,0,0,0
4283528140,通投-图图饿了吗-星光款-定向-达人-26.4.7,被计划暂停,审核通过,通投,直播间直接支付ROI,笔记（直播组件）,69ba3736000000002301dafe,5ba0f4f25239820001bc1e3d,图文笔记,通投-达人新笔记测试2-星光款-定向-26.4.7,184492567,2026-04-07 14:24:17,0.00,0,0,0.0%,0.0,0.0,0,0.00,0.0,0,0,0.0,0,0,0.0,0,0.0,0,0.0,0,0.0,0,0.0,0,0.0,0,0.0,0,0.0,0,0.0,0,0.0,0.00,0.0,0,0,0
4283528139,通投-小马在北漂-星光款-定向-达人-26.4.7,被计划暂停,审核通过,通投,直播间直接支付ROI,笔记（直播组件）,69b16df9000000000600e8bc,6829796a000000000e01e70c,图文笔记,通投-达人新笔记测试2-星光款-定向-26.4.7,184492567,2026-04-07 14:24:17,0.00,0,0,0.0%,0.0,0.0,0,0.00,0.0,0,0,0.0,0,0,0.0,0,0.0,0,0.0,0,0.0,0,0.0,0,0.0,0,0.0,0,0.0,0,0.0,0,0.0,0.00,0.0,0,0,0
4283528138,通投-一朵小黄花-星光款-定向-达人-26.4.7,被计划暂停,审核通过,通投,直播间直接支付ROI,笔记（直播组件）,69b93b0a000000002200e247,5b12b1154eacab4d77df8c90,图文笔记,通投-达人新笔记测试2-星光款-定向-26.4.7,184492567,2026-04-07 14:24:17,0.00,0,0,0.0%,0.0,0.0,0,0.00,0.0,0,0,0.0,0,0,0.0,0,0.0,0,0.0,0,0.0,0,0.0,0,0.0,0,0.0,0,0.0,0,0.0,0,0.0,0.00,0.0,0,0,0
4283528137,通投-航航妈咪的日常-星光款-定向-达人-26.4.7,被计划暂停,审核通过,通投,直播间直接支付ROI,笔记（直播组件）,69b1615a000000000600ec5d,5e0c08720000000001008ea1,图文笔记,通投-达人新笔记测试2-星光款-定向-26.4.7,184492567,2026-04-07 14:24:17,0.00,0,0,0.0%,0.0,0.0,0,0.00,0.0,0,0,0.0,0,0,0.0,0,0.0,0,0.0,0,0.0,0,0.0,0,0.0,0,0.0,0,0.0,0,0.0,0,0.0,0.00,0.0,0,0,0
4283528136,通投-好的然然-星光款-定向-达人-26.4.7,被计划暂停,审核通过,通投,直播间直接支付ROI,笔记（直播组件）,69afcce5000000001b0144ae,59e31b03d7c6fa6f7e3ce264,视频笔记,通投-达人新笔记测试2-星光款-定向-26.4.7,184492567,2026-04-07 14:24:17,0.00,0,0,0.0%,0.0,0.0,0,0.00,0.0,0,0,0.0,0,0,0.0,0,0.0,0,0.0,0,0.0,0,0.0,0,0.0,0,0.0,0,0.0,0,0.0,0,0.0,0.00,0.0,0,0,0
4283328100,通投-皮蛋没有蛋-星光款-定向-达人-26.4.7,被计划暂停,审核通过,通投,直播间直接支付ROI,笔记（直播组件）,69aeabbf000000001503bbe3,61fce9330000000021021464,视频笔记,通投-达人新笔记测试1-星光款-定向-26.4.7,184496059,2026-04-07 14:11:19,0.00,0,0,0.0%,0.0,0.0,0,0.00,0.0,0,0,0.0,0,0,0.0,0,0.0,0,0.0,0,0.0,0,0.0,0,0.0,0,0.0,0,0.0,0,0.0,0,0.0,0.00,0.0,0,0,0
4283328099,通投-满满Cyim-星光款-定向-达人-26.4.7,暂停,审核通过,通投,直播间直接支付ROI,笔记（直播组件）,69aeb568000000001503333b,54dd7dba2e1d936d63815da2,视频笔记,通投-达人新笔记测试1-星光款-定向-26.4.7,184496059,2026-04-07 14:11:19,0.00,0,0,0.0%,0.0,0.0,0,0.00,0.0,0,0,0.0,0,0,0.0,0,0.0,0,0.0,0,0.0,0,0.0,0,0.0,0,0.0,0,0.0,0,0.0,0,0.0,0.00,0.0,0,0,0
4283328098,通投-淇舒韩舒淇-星光款-定向-达人-26.4.7,被计划暂停,审核通过,通投,直播间直接支付ROI,笔记（直播组件）,69a803e70000000015032a44,588c94bb82ec39769e4a7870,视频笔记,通投-达人新笔记测试1-星光款-定向-26.4.7,184496059,2026-04-07 14:11:19,0.00,0,0,0.0%,0.0,0.0,0,0.00,0.0,0,0,0.0,0,0,0.0,0,0.0,0,0.0,0,0.0,0,0.0,0,0.0,0,0.0,0,0.0,0,0.0,0,0.0,0.00,0.0,0,0,0
4283328097,通投-可乐宇仔-星光款-定向-达人-26.4.7,被计划暂停,审核通过,通投,直播间直接支付ROI,笔记（直播组件）,69aa8d0e000000001a0354fc,581a701250c4b452685f94bd,视频笔记,通投-达人新笔记测试1-星光款-定向-26.4.7,184496059,2026-04-07 14:11:19,0.00,0,0,0.0%,0.0,0.0,0,0.00,0.0,0,0,0.0,0,0,0.0,0,0.0,0,0.0,0,0.0,0,0.0,0,0.0,0,0.0,0,0.0,0,0.0,0,0.0,0.00,0.0,0,0,0
4283328096,通投-留学生小姐姐熊猫-星光款-定向-达人-26.4.7,被计划暂停,审核通过,通投,直播间直接支付ROI,笔记（直播组件）,69aceea5000000001d0249e9,5cee6f2a000000001100140a,视频笔记,通投-达人新笔记测试1-星光款-定向-26.4.7,184496059,2026-04-07 14:11:19,0.00,0,0,0.0%,0.0,0.0,0,0.00,0.0,0,0,0.0,0,0,0.0,0,0.0,0,0.0,0,0.0,0,0.0,0,0.0,0,0.0,0,0.0,0,0.0,0,0.0,0.00,0.0,0,0,0
4283328095,通投-奶酪小马-星光款-定向-达人-26.4.7,被计划暂停,审核通过,通投,直播间直接支付ROI,笔记（直播组件）,69aa6be20000000015031a51,620f5a3d0000000021023bc4,视频笔记,通投-达人新笔记测试1-星光款-定向-26.4.7,184496059,2026-04-07 14:11:19,0.00,0,0,0.0%,0.0,0.0,0,0.00,0.0,0,0,0.0,0,0,0.0,0,0.0,0,0.0,0,0.0,0,0.0,0,0.0,0,0.0,0,0.0,0,0.0,0,0.0,0.00,0.0,0,0,0
4283328094,通投-墩墩只吃一顿-星光款-定向-达人-26.4.7,暂停,审核通过,通投,直播间直接支付ROI,笔记（直播组件）,69a3ec380000000015039ca3,579db03982ec3942a102698a,视频笔记,通投-达人新笔记测试1-星光款-定向-26.4.7,184496059,2026-04-07 14:11:19,0.00,0,0,0.0%,0.0,0.0,0,0.00,0.0,0,0,0.0,0,0,0.0,0,0.0,0,0.0,0,0.0,0,0.0,0,0.0,0,0.0,0,0.0,0,0.0,0,0.0,0.00,0.0,0,0,0
4283328093,通投-有趣赖赖-星光款-定向-达人-26.4.7,被计划暂停,审核通过,通投,直播间直接支付ROI,笔记（直播组件）,69aeabe9000000001b01f0dc,57d4f5a082ec390e1e6704dd,视频笔记,通投-达人新笔记测试1-星光款-定向-26.4.7,184496059,2026-04-07 14:11:19,0.00,0,0,0.0%,0.0,0.0,0,0.00,0.0,0,0,0.0,0,0,0.0,0,0.0,0,0.0,0,0.0,0,0.0,0,0.0,0,0.0,0,0.0,0,0.0,0,0.0,0.00,0.0,0,0,0
4283328092,通投-大象姐姐-星光款-定向-达人-26.4.7,被计划暂停,审核通过,通投,直播间直接支付ROI,笔记（直播组件）,69ad1bf6000000001d02444f,57a848ac5e87e742deb46702,视频笔记,通投-达人新笔记测试1-星光款-定向-26.4.7,184496059,2026-04-07 14:11:19,0.00,0,0,0.0%,0.0,0.0,0,0.00,0.0,0,0,0.0,0,0,0.0,0,0.0,0,0.0,0,0.0,0,0.0,0,0.0,0,0.0,0,0.0,0,0.0,0,0.0,0.00,0.0,0,0,0
4283328091,通投-Melody麦老si-星光款-定向-达人-26.4.7,被计划暂停,审核通过,通投,直播间直接支付ROI,笔记（直播组件）,69a8ff3f000000001a020133,5ac5d0e44eacab1367af07ba,视频笔记,通投-达人新笔记测试1-星光款-定向-26.4.7,184496059,2026-04-07 14:11:19,0.00,0,0,0.0%,0.0,0.0,0,0.00,0.0,0,0,0.0,0,0,0.0,0,0.0,0,0.0,0,0.0,0,0.0,0,0.0,0,0.0,0,0.0,0,0.0,0,0.0,0.00,0.0,0,0,0
4255863463,通投-不白花钱-合集款-定向-日弘-26.4.3,暂停,审核通过,通投,直播间直接支付ROI,笔记（直播组件）,69cf7f85000000001e00f6aa,66f67e4c000000001d03127d,图文笔记,通投-不白花钱-合集款-定向-日弘-26.4.3,184177633,2026-04-04 20:01:30,0.00,0,0,0.0%,0.0,0.0,0,0.00,0.0,0,0,0.0,0,0,0.0,0,0.0,0,0.0,0,0.0,0,0.0,0,0.0,0,0.0,0,0.0,0,0.0,0,0.0,0.00,0.0,0,0,0
4255097014,通投-孕妈救赎-星光款-定向-日弘-26.4.3-视频组,有效,审核通过,通投,直播间直接支付ROI,笔记（直播组件）,69cf7c2c00000000230202db,66f67e4c000000001d03127d,视频笔记,通投-孕妈救赎-星光款-定向-日弘-26.4.3-视频组,184197721,2026-04-04 18:30:04,3.56,31,0,0.0%,0.0,114.84,0,0.00,0.0,0,0,0.0,0,0,0.0,0,0.0,0,0.0,0,0.0,0.0,0.0,0,0.0,0.0,0.0,0,0.0,0.0,0.0,0,0.0,0.00,0.0,0,0,0.0
4255155155,通投-炖燕窝-星光款-定向-日弘-26.4.3,有效,审核通过,通投,直播间直接支付ROI,笔记（直播组件）,69cea3020000000023014b87,66f67e4c000000001d03127d,图文笔记,通投-炖燕窝-星光款-定向-日弘-26.4.3,184176738,2026-04-04 18:29:07,0.00,9,0,0.0%,0.0,0.0,0,0.00,0.0,0,0,0.0,0,0,0.0,0,0.0,0,0.0,0,0.0,0.0,0.0,0,0.0,0.0,0.0,0,0.0,0.0,0.0,0,0.0,0.00,0.0,0,0,0.0
4239518262,通投-开春滋补-星光款-定向-新号-26.4.3,暂停,审核通过,通投,直播间直接支付ROI,笔记（直播组件）,69c27058000000001a02032b,66f67e4c000000001d03127d,视频笔记,通投-新号新笔记测试1-星光款-定向-26.4.3,183952278,2026-04-03 11:51:29,0.00,0,0,0.0%,0.0,0.0,0,0.00,0.0,0,0,0.0,0,0,0.0,0,0.0,0,0.0,0,0.0,0,0.0,0,0.0,0,0.0,0,0.0,0,0.0,0,0.0,0.00,0.0,0,0,0
4239518261,通投-不是说说而已-星光款-定向-新号-26.4.3,被计划暂停,审核通过,通投,直播间直接支付ROI,笔记（直播组件）,69c27243000000002102ed7d,66f67e4c000000001d03127d,图文笔记,通投-新号新笔记测试1-星光款-定向-26.4.3,183952278,2026-04-03 11:51:29,0.00,0,0,0.0%,0.0,0.0,0,0.00,0.0,0,0,0.0,0,0,0.0,0,0.0,0,0.0,0,0.0,0,0.0,0,0.0,0,0.0,0,0.0,0,0.0,0,0.0,0.00,0.0,0,0,0
4239518260,通投-续命搭子-青春款-定向-新号-26.4.3,被计划暂停,审核通过,通投,直播间直接支付ROI,笔记（直播组件）,69c271da000000001a029b05,66f67e4c000000001d03127d,图文笔记,通投-新号新笔记测试1-星光款-定向-26.4.3,183952278,2026-04-03 11:51:29,0.00,0,0,0.0%,0.0,0.0,0,0.00,0.0,0,0,0.0,0,0,0.0,0,0.0,0,0.0,0,0.0,0,0.0,0,0.0,0,0.0,0,0.0,0,0.0,0,0.0,0.00,0.0,0,0,0
4239601682,通投-还要考虑-星光款-定向-新号-26.4.3,暂停,审核通过,通投,直播间直接支付ROI,笔记（直播组件）,69c26f8e000000001a033d98,66f67e4c000000001d03127d,视频笔记,通投-新号新笔记测试-星光款-定向-26.4.3,183946724,2026-04-03 11:37:39,0.00,0,0,0.0%,0.0,0.0,0,0.00,0.0,0,0,0.0,0,0,0.0,0,0.0,0,0.0,0,0.0,0,0.0,0,0.0,0,0.0,0,0.0,0,0.0,0,0.0,0.00,0.0,0,0,0
4239601681,通投-元气美-星光款-定向-新号-26.4.3,有效,审核通过,通投,直播间直接支付ROI,笔记（直播组件）,69c26f47000000002103aa22,66f67e4c000000001d03127d,视频笔记,通投-新号新笔记测试-星光款-定向-26.4.3,183946724,2026-04-03 11:37:39,2.49,8,0,0.0%,0.0,311.25,0,0.00,0.0,0,0,0.0,0,0,0.0,0,0.0,0,0.0,0,0.0,0.0,0.0,0,0.0,0.0,0.0,0,0.0,0.0,0.0,0,0.0,0.00,0.0,0,0,0.0
4239601680,通投-胡吃海塞-星光款-定向-新号-26.4.3,暂停,审核通过,通投,直播间直接支付ROI,笔记（直播组件）,69c2700b000000001a02908a,66f67e4c000000001d03127d,视频笔记,通投-新号新笔记测试-星光款-定向-26.4.3,183946724,2026-04-03 11:37:39,0.00,0,0,0.0%,0.0,0.0,0,0.00,0.0,0,0,0.0,0,0,0.0,0,0.0,0,0.0,0,0.0,0,0.0,0,0.0,0,0.0,0,0.0,0,0.0,0,0.0,0.00,0.0,0,0,0
4239601679,通投-靠谱吗-星光款-定向-新号-26.4.3,审核状态异常,审核拒绝,通投,直播间直接支付ROI,笔记（直播组件）,69c26fcc0000000022000ff8,66f67e4c000000001d03127d,视频笔记,通投-新号新笔记测试-星光款-定向-26.4.3,183946724,2026-04-03 11:37:39,0.00,0,0,0.0%,0.0,0.0,0,0.00,0.0,0,0,0.0,0,0,0.0,0,0.0,0,0.0,0,0.0,0,0.0,0,0.0,0,0.0,0,0.0,0,0.0,0,0.0,0.00,0.0,0,0,0
4238139475,通投-好搭子-星光款-系统-新号-26.4.3,有效,审核通过,通投,直播间直接支付ROI,笔记（直播组件）,697c75a900000000220088d2,66f67e4c000000001d03127d,视频笔记,通投-爆文潜力笔记扩量3-多款-系统-26.4.3,183921215,2026-04-03 10:06:10,10.60,58,1,1.72%,10.6,182.76,0,0.00,0.0,0,0,0.0,0,0,0.0,0,0.0,0,0.0,0,0.0,0.0,0.0,0,0.0,0.0,0.0,0,0.0,0.0,0.0,0,0.0,0.00,0.0,0,0,0.0
4238139474,通投-机制来了-青春款-系统-新号-26.4.3,暂停,审核通过,通投,直播间直接支付ROI,笔记（直播组件）,697c62b0000000002202c4cf,66f67e4c000000001d03127d,视频笔记,通投-爆文潜力笔记扩量3-多款-系统-26.4.3,183921215,2026-04-03 10:06:10,0.00,0,0,0.0%,0.0,0.0,0,0.00,0.0,0,0,0.0,0,0,0.0,0,0.0,0,0.0,0,0.0,0,0.0,0,0.0,0,0.0,0,0.0,0,0.0,0,0.0,0.00,0.0,0,0,0
4238139473,通投-xminminminxx-星光款-系统-达人-26.4.3,有效,审核通过,通投,直播间直接支付ROI,笔记（直播组件）,6968974d0000000022031ff7,5a3620254eacab55187ae1c5,视频笔记,通投-爆文潜力笔记扩量3-多款-系统-26.4.3,183921215,2026-04-03 10:06:10,9.26,57,4,7.02%,2.32,162.46,0,0.00,0.0,0,0,0.0,0,0,0.0,0,0.0,0,0.0,0,0.0,0.0,0.0,0,0.0,0.0,0.0,0,0.0,0.0,0.0,0,0.0,0.00,0.0,0,0,0.0
4238139472,通投-Im大溪-星光款-系统-达人-26.4.3,有效,审核通过,通投,直播间直接支付ROI,笔记（直播组件）,696dfc68000000001a0223e9,58f725a95e87e772e247d578,视频笔记,通投-爆文潜力笔记扩量3-多款-系统-26.4.3,183921215,2026-04-03 10:06:10,0.06,12,0,0.0%,0.0,5.0,0,0.00,0.0,0,0,0.0,0,0,0.0,0,0.0,0,0.0,0,0.0,0.0,0.0,0,0.0,0.0,0.0,0,0.0,0.0,0.0,0,0.0,0.00,0.0,0,0,0.0
4238270792,通投-白白胖胖-星光款-系统-新号-26.4.3,有效,审核通过,通投,直播间直接支付ROI,笔记（直播组件）,68ef7968000000000301210f,66f67e4c000000001d03127d,视频笔记,通投-爆文潜力笔记扩量2-多款-系统-26.4.3,183905592,2026-04-03 10:02:11,20.54,82,0,0.0%,0.0,250.49,0,0.00,0.0,0,0,0.0,0,0,0.0,0,0.0,0,0.0,0,0.0,0.0,0.0,0,0.0,0.0,0.0,0,0.0,0.0,0.0,0,0.0,0.00,0.0,0,0,0.0
4238270791,通投-燕窝也-合集款-系统-日弘-26.4.3,有效,审核通过,通投,直播间直接支付ROI,笔记（直播组件）,672d88bf000000001d0385de,583691373460942ae8fc16bb,图文笔记,通投-爆文潜力笔记扩量2-多款-系统-26.4.3,183905592,2026-04-03 10:02:11,25.01,973,27,2.77%,0.93,25.7,1,25.01,0.08,0,1,25.01,0,0,0.0,0,0.0,0,0.0,0,0.0,0.0,0.0,0,0.0,0.0,0.0,0,0.0,0.0,0.0,0,0.0,0.00,0.0,0,0,0.0
4238270790,通投-等了这么久-星光款-系统-新号-26.4.3,有效,审核通过,通投,直播间直接支付ROI,笔记（直播组件）,68ef797200000000030380e0,66f67e4c000000001d03127d,视频笔记,通投-爆文潜力笔记扩量2-多款-系统-26.4.3,183905592,2026-04-03 10:02:11,80.06,131,0,0.0%,0.0,611.15,0,0.00,0.0,0,0,0.0,0,0,0.0,0,0.0,0,0.0,0,0.0,0.0,0.0,0,0.0,0.0,0.0,0,0.0,0.0,0.0,0,0.0,0.00,0.0,0,0,0.0
4238270789,通投-主持人柴猫礼-星光款-系统-达人-26.4.3,有效,审核通过,通投,直播间直接支付ROI,笔记（直播组件）,694509e3000000001e034b3e,5c2f5b6300000000070279d3,视频笔记,通投-爆文潜力笔记扩量2-多款-系统-26.4.3,183905592,2026-04-03 10:02:11,0.25,15,0,0.0%,0.0,16.67,0,0.00,0.0,0,0,0.0,0,0,0.0,0,0.0,0,0.0,0,0.0,0.0,0.0,0,0.0,0.0,0.0,0,0.0,0.0,0.0,0,0.0,0.00,0.0,0,0,0.0
4238270788,通投-燕窝新-合集款-系统-日弘-26.4.3,有效,审核通过,通投,直播间直接支付ROI,笔记（直播组件）,6735ba5f000000003c015663,583691373460942ae8fc16bb,图文笔记,通投-爆文潜力笔记扩量2-多款-系统-26.4.3,183905592,2026-04-03 10:02:11,72.62,1013,16,1.58%,4.54,71.69,2,36.31,1.42,0,1,72.62,0,1,72.62,1,72.62,0,0.0,0,0.0,0.0,0.0,0,0.0,0.0,0.0,0,0.0,0.0,0.0,0,0.0,0.00,0.0,1,0,0.0
4238111613,通投-超大福利-星光款-系统-新号-26.4.3,暂停,审核通过,通投,直播间直接支付ROI,笔记（直播组件）,68ef797a0000000003020d04,66f67e4c000000001d03127d,视频笔记,通投-爆文潜力笔记扩量1-多款-系统-26.4.3,183899627,2026-04-03 09:55:49,0.00,0,0,0.0%,0.0,0.0,0,0.00,0.0,0,0,0.0,0,0,0.0,0,0.0,0,0.0,0,0.0,0,0.0,0,0.0,0,0.0,0,0.0,0,0.0,0,0.0,0.00,0.0,0,0,0
4238111612,通投-黄暄雅Hyuna转载-星光款-系统-官号-26.4.3,暂停,审核通过,通投,直播间直接支付ROI,笔记（直播组件）,690309ef0000000004006b8c,583691373460942ae8fc16bb,视频笔记,通投-爆文潜力笔记扩量1-多款-系统-26.4.3,183899627,2026-04-03 09:55:49,0.00,0,0,0.0%,0.0,0.0,0,0.00,0.0,0,0,0.0,0,0,0.0,0,0.0,0,0.0,0,0.0,0,0.0,0,0.0,0,0.0,0,0.0,0,0.0,0,0.0,0.00,0.0,0,0,0
4238111611,通投-柒玥的日记-星光款-系统-达人-26.4.3,有效,审核通过,通投,直播间直接支付ROI,笔记（直播组件）,695cc7fa000000000a03dbbf,65ef011f000000000b0314a8,图文笔记,通投-爆文潜力笔记扩量1-多款-系统-26.4.3,183899627,2026-04-03 09:55:49,0.00,6,0,0.0%,0.0,0.0,0,0.00,0.0,0,0,0.0,0,0,0.0,0,0.0,0,0.0,0,0.0,0.0,0.0,0,0.0,0.0,0.0,0,0.0,0.0,0.0,0,0.0,0.00,0.0,0,0,0.0
4238111610,通投-子荷-星光款-系统-达人-26.4.3,暂停,审核通过,通投,直播间直接支付ROI,笔记（直播组件）,69a148e7000000002202c1a9,5aabe4aee8ac2b6bf6afc90f,视频笔记,通投-爆文潜力笔记扩量1-多款-系统-26.4.3,183899627,2026-04-03 09:55:49,0.00,0,0,0.0%,0.0,0.0,0,0.00,0.0,0,0,0.0,0,0,0.0,0,0.0,0,0.0,0,0.0,0,0.0,0,0.0,0,0.0,0,0.0,0,0.0,0,0.0,0.00,0.0,0,0,0
4238111609,通投-这篇就够-青春款-系统-日弘-26.4.3,有效,审核通过,通投,直播间直接支付ROI,笔记（直播组件）,692e4ce0000000001e031250,66f67e4c000000001d03127d,图文笔记,通投-爆文潜力笔记扩量1-多款-系统-26.4.3,183899627,2026-04-03 09:55:49,0.00,1,0,0.0%,0.0,0.0,0,0.00,0.0,0,0,0.0,0,0,0.0,0,0.0,0,0.0,0,0.0,0.0,0.0,0,0.0,0.0,0.0,0,0.0,0.0,0.0,0,0.0,0.00,0.0,0,0,0.0
4238080009,通投-闭眼囤-星光款-系统-新号-26.4.3,被计划暂停,审核拒绝,通投,直播间直接支付ROI,笔记（直播组件）,68ef7969000000000301211b,66f67e4c000000001d03127d,视频笔记,通投-爆文潜力笔记扩量-星光款-系统-26.4.3,183920128,2026-04-03 09:43:58,0.00,0,0,0.0%,0.0,0.0,0,0.00,0.0,0,0,0.0,0,0,0.0,0,0.0,0,0.0,0,0.0,0,0.0,0,0.0,0,0.0,0,0.0,0,0.0,0,0.0,0.00,0.0,0,0,0
4238080008,通投-说点大实话-星光款-系统-新号-26.4.3,被计划暂停,审核拒绝,通投,直播间直接支付ROI,笔记（直播组件）,694d0203000000001e0052ff,66f67e4c000000001d03127d,图文笔记,通投-爆文潜力笔记扩量-星光款-系统-26.4.3,183920128,2026-04-03 09:43:58,0.00,0,0,0.0%,0.0,0.0,0,0.00,0.0,0,0,0.0,0,0,0.0,0,0.0,0,0.0,0,0.0,0,0.0,0,0.0,0,0.0,0,0.0,0,0.0,0,0.0,0.00,0.0,0,0,0
4238080007,通投-子申Spring-星光款-系统-达人-26.4.3,被计划暂停,审核通过,通投,直播间直接支付ROI,笔记（直播组件）,6918813a00000000050390ba,66a4d8aa000000001d0310d4,视频笔记,通投-爆文潜力笔记扩量-星光款-系统-26.4.3,183920128,2026-04-03 09:43:58,0.00,0,0,0.0%,0.0,0.0,0,0.00,0.0,0,0,0.0,0,0,0.0,0,0.0,0,0.0,0,0.0,0,0.0,0,0.0,0,0.0,0,0.0,0,0.0,0,0.0,0.00,0.0,0,0,0
4238080006,通投-云卷云舒_转载-星光款-系统-官号-26.4.3,被计划暂停,审核通过,通投,直播间直接支付ROI,笔记（直播组件）,68f9d0c70000000004016341,583691373460942ae8fc16bb,视频笔记,通投-爆文潜力笔记扩量-星光款-系统-26.4.3,183920128,2026-04-03 09:43:58,0.00,0,0,0.0%,0.0,0.0,0,0.00,0.0,0,0,0.0,0,0,0.0,0,0.0,0,0.0,0,0.0,0,0.0,0,0.0,0,0.0,0,0.0,0,0.0,0,0.0,0.00,0.0,0,0,0
4238080005,通投-不到30-星光款-系统-新号-26.4.3,暂停,审核通过,通投,直播间直接支付ROI,笔记（直播组件）,697c72c5000000002202eafa,66f67e4c000000001d03127d,视频笔记,通投-爆文潜力笔记扩量-星光款-系统-26.4.3,183920128,2026-04-03 09:43:58,0.00,0,0,0.0%,0.0,0.0,0,0.00,0.0,0,0,0.0,0,0,0.0,0,0.0,0,0.0,0,0.0,0,0.0,0,0.0,0,0.0,0,0.0,0,0.0,0,0.0,0.00,0.0,0,0,0
4200509324,通投-被姑姑-星光款-系统-新号-26.3.31,暂停,审核通过(私密),通投,直播间直接支付ROI,笔记（直播组件）,69b13804000000001d026c2a,66f67e4c000000001d03127d,图文笔记,通投-3月新笔记测试2-星光款-系统-26.3.31,183243704,2026-03-31 10:38:18,0.00,0,0,0.0%,0.0,0.0,0,0.00,0.0,0,0,0.0,0,0,0.0,0,0.0,0,0.0,0,0.0,0,0.0,0,0.0,0,0.0,0,0.0,0,0.0,0,0.0,0.00,0.0,0,0,0
4200509323,通投-特种“兵”-星光款-系统-新号-26.3.31,暂停,审核通过,通投,直播间直接支付ROI,笔记（直播组件）,69b13647000000001b015ce7,66f67e4c000000001d03127d,图文笔记,通投-3月新笔记测试2-星光款-系统-26.3.31,183243704,2026-03-31 10:38:18,0.00,0,0,0.0%,0.0,0.0,0,0.00,0.0,0,0,0.0,0,0,0.0,0,0.0,0,0.0,0,0.0,0,0.0,0,0.0,0,0.0,0,0.0,0,0.0,0,0.0,0.00,0.0,0,0,0
4200509322,通投-冻龄密码-星光款-系统-新号-26.3.31,暂停,审核通过(私密),通投,直播间直接支付ROI,笔记（直播组件）,69b1378e000000001b01f0ba,66f67e4c000000001d03127d,图文笔记,通投-3月新笔记测试2-星光款-系统-26.3.31,183243704,2026-03-31 10:38:18,0.00,0,0,0.0%,0.0,0.0,0,0.00,0.0,0,0,0.0,0,0,0.0,0,0.0,0,0.0,0,0.0,0,0.0,0,0.0,0,0.0,0,0.0,0,0.0,0,0.0,0.00,0.0,0,0,0
4200509321,通投-跟风胡兵-星光款-系统-新号-26.3.31,暂停,审核通过,通投,直播间直接支付ROI,笔记（直播组件）,69b1370e000000001b0161c9,66f67e4c000000001d03127d,图文笔记,通投-3月新笔记测试2-星光款-系统-26.3.31,183243704,2026-03-31 10:38:18,0.00,0,0,0.0%,0.0,0.0,0,0.00,0.0,0,0,0.0,0,0,0.0,0,0.0,0,0.0,0,0.0,0,0.0,0,0.0,0,0.0,0,0.0,0,0.0,0,0.0,0.00,0.0,0,0,0
4154712605,通投-从入门到奢护-合集款-定向-日弘-26.3.27,有效,审核通过,通投,直播间直接支付ROI,笔记（直播组件）,69c5dd2d000000002301450b,66f67e4c000000001d03127d,图文笔记,通投-从入门到奢护-合集款-定向-日弘-26.3.27,182579789,2026-03-27 09:41:54,5.88,82,5,6.1%,1.18,71.71,0,0.00,0.0,0,0,0.0,0,0,0.0,0,0.0,0,0.0,0,0.0,0.0,0.0,0,0.0,0.0,0.0,0,0.0,0.0,0.0,0,0.0,0.00,0.0,0,0,0.0
4135060681,通投-好皮肤内调-青春款-系统-日弘-26.3.25,被计划暂停,审核通过,通投,直播间直接支付ROI,笔记（直播组件）,69aa77b0000000000e03f7b1,66f67e4c000000001d03127d,图文笔记,通投-自产新笔记测试-多款-系统-26.3.25,182191946,2026-03-25 14:03:49,0.00,0,0,0.0%,0.0,0.0,0,0.00,0.0,0,0,0.0,0,0,0.0,0,0.0,0,0.0,0,0.0,0,0.0,0,0.0,0,0.0,0,0.0,0,0.0,0,0.0,0.00,0.0,0,0,0
4135060680,通投-30+焕新颜-青春款-系统-日弘-26.3.25,暂停,审核通过,通投,直播间直接支付ROI,笔记（直播组件）,696493e7000000001a02a621,66f67e4c000000001d03127d,图文笔记,通投-自产新笔记测试-多款-系统-26.3.25,182191946,2026-03-25 14:03:49,0.00,0,0,0.0%,0.0,0.0,0,0.00,0.0,0,0,0.0,0,0,0.0,0,0.0,0,0.0,0,0.0,0,0.0,0,0.0,0,0.0,0,0.0,0,0.0,0,0.0,0.00,0.0,0,0,0
4135060679,通投-开挂好状态-星光款-系统-日弘-26.3.25,暂停,审核通过,通投,直播间直接支付ROI,笔记（直播组件）,6964a31b000000001a031321,66f67e4c000000001d03127d,图文笔记,通投-自产新笔记测试-多款-系统-26.3.25,182191946,2026-03-25 14:03:49,0.00,0,0,0.0%,0.0,0.0,0,0.00,0.0,0,0,0.0,0,0,0.0,0,0.0,0,0.0,0,0.0,0,0.0,0,0.0,0,0.0,0,0.0,0,0.0,0,0.0,0.00,0.0,0,0,0
4135060678,通投-38节奢养-星光款-系统-日弘-26.3.25,被计划暂停,审核通过,通投,直播间直接支付ROI,笔记（直播组件）,69a11739000000001a0293ea,66f67e4c000000001d03127d,图文笔记,通投-自产新笔记测试-多款-系统-26.3.25,182191946,2026-03-25 14:03:49,0.00,0,0,0.0%,0.0,0.0,0,0.00,0.0,0,0,0.0,0,0,0.0,0,0.0,0,0.0,0,0.0,0,0.0,0,0.0,0,0.0,0,0.0,0,0.0,0,0.0,0.00,0.0,0,0,0
4135060677,通投-食补是关键-星光款-系统-日弘-26.3.25,被计划暂停,审核通过,通投,直播间直接支付ROI,笔记（直播组件）,69aa549a000000001a034b61,66f67e4c000000001d03127d,图文笔记,通投-自产新笔记测试-多款-系统-26.3.25,182191946,2026-03-25 14:03:49,0.00,0,0,0.0%,0.0,0.0,0,0.00,0.0,0,0,0.0,0,0,0.0,0,0.0,0,0.0,0,0.0,0,0.0,0,0.0,0,0.0,0,0.0,0,0.0,0,0.0,0.00,0.0,0,0,0
4126312760,通投-不同阶段-合集款-系统-日弘-26.3.24,被计划暂停,审核通过,通投,直播间直接支付ROI,笔记（直播组件）,698d99de000000000d009baa,66f67e4c000000001d03127d,图文笔记,通投-不同阶段-合集款-定向-系统-26.3.24,182046883,2026-03-24 17:11:52,0.00,0,0,0.0%,0.0,0.0,0,0.00,0.0,0,0,0.0,0,0,0.0,0,0.0,0,0.0,0,0.0,0,0.0,0,0.0,0,0.0,0,0.0,0,0.0,0,0.0,0.00,0.0,0,0,0
4125106348,通投-孕期怎么-星光款-系统-新号-26.3.24,暂停,审核通过,通投,直播间直接支付ROI,笔记（直播组件）,698306350000000021033738,66f67e4c000000001d03127d,视频笔记,通投-孕期怎么-星光款-系统-新号-26.3.24,182022971,2026-03-24 15:39:29,0.00,0,0,0.0%,0.0,0.0,0,0.00,0.0,0,0,0.0,0,0,0.0,0,0.0,0,0.0,0,0.0,0,0.0,0,0.0,0,0.0,0,0.0,0,0.0,0,0.0,0.00,0.0,0,0,0
4122748569,通投-柒玥的日记-星光款-系统-达人-26.3.24,被计划暂停,审核通过,通投,直播间直接支付ROI,笔记（直播组件）,695cc7fa000000000a03dbbf,65ef011f000000000b0314a8,图文笔记,通投-柒玥的日记-星光款-系统-达人-26.3.24,181962604,2026-03-24 11:56:05,0.00,0,0,0.0%,0.0,0.0,0,0.00,0.0,0,0,0.0,0,0,0.0,0,0.0,0,0.0,0,0.0,0,0.0,0,0.0,0,0.0,0,0.0,0,0.0,0,0.0,0.00,0.0,0,0,0
4111230653,通投-跟着明星抄作业-青春款-定向-新号-26.3.23,暂停,审核通过,通投,直播间直接支付ROI,笔记（直播组件）,69bd114e0000000022001029,66f67e4c000000001d03127d,视频笔记,通投-多明星二创笔记1-多款-定向-26.3.23,181723094,2026-03-23 11:37:24,0.00,0,0,0.0%,0.0,0.0,0,0.00,0.0,0,0,0.0,0,0,0.0,0,0.0,0,0.0,0,0.0,0,0.0,0,0.0,0,0.0,0,0.0,0,0.0,0,0.0,0.00,0.0,0,0,0
4111230652,通投-宠粉福利限时抢-星光款-定向-新号-26.3.23,被计划暂停,审核通过(私密),通投,直播间直接支付ROI,笔记（直播组件）,69bd1a4d0000000022000ec4,66f67e4c000000001d03127d,视频笔记,通投-多明星二创笔记1-多款-定向-26.3.23,181723094,2026-03-23 11:37:24,0.00,0,0,0.0%,0.0,0.0,0,0.00,0.0,0,0,0.0,0,0,0.0,0,0.0,0,0.0,0,0.0,0,0.0,0,0.0,0,0.0,0,0.0,0,0.0,0,0.0,0.00,0.0,0,0,0
4111230651,通投-明星同款限时宠粉-青春款-定向-新号-26.3.23,被计划暂停,审核通过(私密),通投,直播间直接支付ROI,笔记（直播组件）,69bd1c6a000000001a031342,66f67e4c000000001d03127d,视频笔记,通投-多明星二创笔记1-多款-定向-26.3.23,181723094,2026-03-23 11:37:24,0.00,0,0,0.0%,0.0,0.0,0,0.00,0.0,0,0,0.0,0,0,0.0,0,0.0,0,0.0,0,0.0,0,0.0,0,0.0,0,0.0,0,0.0,0,0.0,0,0.0,0.00,0.0,0,0,0
4111281827,通投-璐璐同款养颜-星光款-定向-新号-26.3.23,被计划暂停,审核通过(私密),通投,直播间直接支付ROI,笔记（直播组件）,69bd2519000000002102ee8d,66f67e4c000000001d03127d,视频笔记,通投-徐璐二创笔记1-多款-定向-26.3.23,181744269,2026-03-23 11:34:59,0.00,0,0,0.0%,0.0,0.0,0,0.00,0.0,0,0,0.0,0,0,0.0,0,0.0,0,0.0,0,0.0,0,0.0,0,0.0,0,0.0,0,0.0,0,0.0,0,0.0,0.00,0.0,0,0,0
4111281826,通投-跟着徐璐吃小仙炖-青春款-定向-新号-26.3.23,被计划暂停,审核通过(私密),通投,直播间直接支付ROI,笔记（直播组件）,69bd1e24000000001a026645,66f67e4c000000001d03127d,视频笔记,通投-徐璐二创笔记1-多款-定向-26.3.23,181744269,2026-03-23 11:34:59,0.00,0,0,0.0%,0.0,0.0,0,0.00,0.0,0,0,0.0,0,0,0.0,0,0.0,0,0.0,0,0.0,0,0.0,0,0.0,0,0.0,0,0.0,0,0.0,0,0.0,0.00,0.0,0,0,0
4111336758,通投-璐璐同款养颜-星光款-徐璐相关人群包-新号-26.3.23,被计划暂停,审核通过(私密),通投,直播间直接支付ROI,笔记（直播组件）,69bd2519000000002102ee8d,66f67e4c000000001d03127d,视频笔记,通投-徐璐二创笔记1-多款-徐璐相关人群-26.3.23,181738948,2026-03-23 11:34:22,0.00,0,0,0.0%,0.0,0.0,0,0.00,0.0,0,0,0.0,0,0,0.0,0,0.0,0,0.0,0,0.0,0,0.0,0,0.0,0,0.0,0,0.0,0,0.0,0,0.0,0.00,0.0,0,0,0
4111336757,通投-跟着徐璐吃小仙炖-青春款-徐璐相关人群包-新号-26.3.23,被计划暂停,审核通过(私密),通投,直播间直接支付ROI,笔记（直播组件）,69bd1e24000000001a026645,66f67e4c000000001d03127d,视频笔记,通投-徐璐二创笔记1-多款-徐璐相关人群-26.3.23,181738948,2026-03-23 11:34:22,0.00,0,0,0.0%,0.0,0.0,0,0.00,0.0,0,0,0.0,0,0,0.0,0,0.0,0,0.0,0,0.0,0,0.0,0,0.0,0,0.0,0,0.0,0,0.0,0,0.0,0.00,0.0,0,0,0
4111207765,通投-李若彤同款太绝了-星光款-定向-新号-26.3.23,暂停,审核通过(私密),通投,直播间直接支付ROI,笔记（直播组件）,69bd181f000000002103a962,66f67e4c000000001d03127d,视频笔记,通投-李若彤二创笔记1-多款-定向-26.3.23,181733705,2026-03-23 11:27:22,0.00,0,0,0.0%,0.0,0.0,0,0.00,0.0,0,0,0.0,0,0,0.0,0,0.0,0,0.0,0,0.0,0,0.0,0,0.0,0,0.0,0,0.0,0,0.0,0,0.0,0.00,0.0,0,0,0
4111207764,通投-跟着姑姑吃出好气色-青春款-定向-新号-26.3.23,暂停,审核通过(私密),通投,直播间直接支付ROI,笔记（直播组件）,69bd10be0000000021012765,66f67e4c000000001d03127d,视频笔记,通投-李若彤二创笔记1-多款-定向-26.3.23,181733705,2026-03-23 11:27:22,0.00,0,0,0.0%,0.0,0.0,0,0.00,0.0,0,0,0.0,0,0,0.0,0,0.0,0,0.0,0,0.0,0,0.0,0,0.0,0,0.0,0,0.0,0,0.0,0,0.0,0.00,0.0,0,0,0
4111207763,通投-姑姑同款宠粉福利-星光款-定向-新号-26.3.23,暂停,审核通过,通投,直播间直接支付ROI,笔记（直播组件）,69bd1bed000000001a02a0db,66f67e4c000000001d03127d,视频笔记,通投-李若彤二创笔记1-多款-定向-26.3.23,181733705,2026-03-23 11:27:22,0.00,0,0,0.0%,0.0,0.0,0,0.00,0.0,0,0,0.0,0,0,0.0,0,0.0,0,0.0,0,0.0,0,0.0,0,0.0,0,0.0,0,0.0,0,0.0,0,0.0,0.00,0.0,0,0,0
4111207762,通投-这波半价我冲了-青春款-定向-新号-26.3.23,暂停,审核通过,通投,直播间直接支付ROI,笔记（直播组件）,69bd11fe0000000021013033,66f67e4c000000001d03127d,视频笔记,通投-李若彤二创笔记1-多款-定向-26.3.23,181733705,2026-03-23 11:27:22,0.00,0,0,0.0%,0.0,0.0,0,0.00,0.0,0,0,0.0,0,0,0.0,0,0.0,0,0.0,0,0.0,0,0.0,0,0.0,0,0.0,0,0.0,0,0.0,0,0.0,0.00,0.0,0,0,0
4111207761,通投-明星同款燕窝-星光款-定向-新号-26.3.23,暂停,审核通过(私密),通投,直播间直接支付ROI,笔记（直播组件）,69bd1d1a0000000021013c67,66f67e4c000000001d03127d,视频笔记,通投-李若彤二创笔记1-多款-定向-26.3.23,181733705,2026-03-23 11:27:22,0.00,0,0,0.0%,0.0,0.0,0,0.00,0.0,0,0,0.0,0,0,0.0,0,0.0,0,0.0,0,0.0,0,0.0,0,0.0,0,0.0,0,0.0,0,0.0,0,0.0,0.00,0.0,0,0,0
4111207760,通投-宠粉福利来了-星光款-定向-新号-26.3.23,暂停,审核通过(私密),通投,直播间直接支付ROI,笔记（直播组件）,69bd19c2000000001a030102,66f67e4c000000001d03127d,视频笔记,通投-李若彤二创笔记1-多款-定向-26.3.23,181733705,2026-03-23 11:27:22,0.00,0,0,0.0%,0.0,0.0,0,0.00,0.0,0,0,0.0,0,0,0.0,0,0.0,0,0.0,0,0.0,0,0.0,0,0.0,0,0.0,0,0.0,0,0.0,0,0.0,0.00,0.0,0,0,0
4111207759,通投-李若彤同款宠粉价-星光款-定向-新号-26.3.23,暂停,审核通过(私密),通投,直播间直接支付ROI,笔记（直播组件）,69bd1ba2000000002101329f,66f67e4c000000001d03127d,视频笔记,通投-李若彤二创笔记1-多款-定向-26.3.23,181733705,2026-03-23 11:27:22,0.00,0,0,0.0%,0.0,0.0,0,0.00,0.0,0,0,0.0,0,0,0.0,0,0.0,0,0.0,0,0.0,0,0.0,0,0.0,0,0.0,0,0.0,0,0.0,0,0.0,0.00,0.0,0,0,0
4111207758,通投-姑姑都在吃的燕窝-青春款-定向-新号-26.3.23,暂停,审核通过(私密),通投,直播间直接支付ROI,笔记（直播组件）,69bd12a0000000001a021690,66f67e4c000000001d03127d,视频笔记,通投-李若彤二创笔记1-多款-定向-26.3.23,181733705,2026-03-23 11:27:22,0.00,0,0,0.0%,0.0,0.0,0,0.00,0.0,0,0,0.0,0,0,0.0,0,0.0,0,0.0,0,0.0,0,0.0,0,0.0,0,0.0,0,0.0,0,0.0,0,0.0,0.00,0.0,0,0,0
4111207757,通投-素颜出门被夸-星光款-定向-新号-26.3.23,暂停,审核通过(私密),通投,直播间直接支付ROI,笔记（直播组件）,69bd1d5d0000000021038e43,66f67e4c000000001d03127d,视频笔记,通投-李若彤二创笔记1-多款-定向-26.3.23,181733705,2026-03-23 11:27:22,0.00,0,0,0.0%,0.0,0.0,0,0.00,0.0,0,0,0.0,0,0,0.0,0,0.0,0,0.0,0,0.0,0,0.0,0,0.0,0,0.0,0,0.0,0,0.0,0,0.0,0.00,0.0,0,0,0
4111207756,通投-吃出素颜好气色-星光款-定向-新号-26.3.23,暂停,审核通过(私密),通投,直播间直接支付ROI,笔记（直播组件）,69bd1ae7000000001a030906,66f67e4c000000001d03127d,视频笔记,通投-李若彤二创笔记1-多款-定向-26.3.23,181733705,2026-03-23 11:27:22,0.00,0,0,0.0%,0.0,0.0,0,0.00,0.0,0,0,0.0,0,0,0.0,0,0.0,0,0.0,0,0.0,0,0.0,0,0.0,0,0.0,0,0.0,0,0.0,0,0.0,0.00,0.0,0,0,0
4111207755,通投-姑姑的秘密-星光款-定向-新号-26.3.23,暂停,审核通过(私密),通投,直播间直接支付ROI,笔记（直播组件）,69bd175e000000002103a448,66f67e4c000000001d03127d,视频笔记,通投-李若彤二创笔记1-多款-定向-26.3.23,181733705,2026-03-23 11:27:22,0.00,0,0,0.0%,0.0,0.0,0,0.00,0.0,0,0,0.0,0,0,0.0,0,0.0,0,0.0,0,0.0,0,0.0,0,0.0,0,0.0,0,0.0,0,0.0,0,0.0,0.00,0.0,0,0,0
4111261661,通投-李若彤同款太绝了-星光款-李若彤相关人群-新号-26.3.23,暂停,审核通过(私密),通投,直播间直接支付ROI,笔记（直播组件）,69bd181f000000002103a962,66f67e4c000000001d03127d,视频笔记,通投-李若彤二创笔记1-多款-李若彤相关人群-26.3.23,181727748,2026-03-23 11:25:34,0.00,0,0,0.0%,0.0,0.0,0,0.00,0.0,0,0,0.0,0,0,0.0,0,0.0,0,0.0,0,0.0,0,0.0,0,0.0,0,0.0,0,0.0,0,0.0,0,0.0,0.00,0.0,0,0,0
4111261660,通投-跟着姑姑吃出好气色-青春款-李若彤相关人群-新号-26.3.23,暂停,审核通过(私密),通投,直播间直接支付ROI,笔记（直播组件）,69bd10be0000000021012765,66f67e4c000000001d03127d,视频笔记,通投-李若彤二创笔记1-多款-李若彤相关人群-26.3.23,181727748,2026-03-23 11:25:34,0.00,0,0,0.0%,0.0,0.0,0,0.00,0.0,0,0,0.0,0,0,0.0,0,0.0,0,0.0,0,0.0,0,0.0,0,0.0,0,0.0,0,0.0,0,0.0,0,0.0,0.00,0.0,0,0,0
4111261659,通投-姑姑同款宠粉福利-星光款-李若彤相关人群-新号-26.3.23,暂停,审核通过,通投,直播间直接支付ROI,笔记（直播组件）,69bd1bed000000001a02a0db,66f67e4c000000001d03127d,视频笔记,通投-李若彤二创笔记1-多款-李若彤相关人群-26.3.23,181727748,2026-03-23 11:25:34,0.00,0,0,0.0%,0.0,0.0,0,0.00,0.0,0,0,0.0,0,0,0.0,0,0.0,0,0.0,0,0.0,0,0.0,0,0.0,0,0.0,0,0.0,0,0.0,0,0.0,0.00,0.0,0,0,0
4111261658,通投-这波半价我冲了-青春款-李若彤相关人群-新号-26.3.23,暂停,审核通过,通投,直播间直接支付ROI,笔记（直播组件）,69bd11fe0000000021013033,66f67e4c000000001d03127d,视频笔记,通投-李若彤二创笔记1-多款-李若彤相关人群-26.3.23,181727748,2026-03-23 11:25:34,0.00,0,0,0.0%,0.0,0.0,0,0.00,0.0,0,0,0.0,0,0,0.0,0,0.0,0,0.0,0,0.0,0,0.0,0,0.0,0,0.0,0,0.0,0,0.0,0,0.0,0.00,0.0,0,0,0
4111261657,通投-明星同款燕窝-星光款-李若彤相关人群-新号-26.3.23,暂停,审核通过(私密),通投,直播间直接支付ROI,笔记（直播组件）,69bd1d1a0000000021013c67,66f67e4c000000001d03127d,视频笔记,通投-李若彤二创笔记1-多款-李若彤相关人群-26.3.23,181727748,2026-03-23 11:25:34,0.00,0,0,0.0%,0.0,0.0,0,0.00,0.0,0,0,0.0,0,0,0.0,0,0.0,0,0.0,0,0.0,0,0.0,0,0.0,0,0.0,0,0.0,0,0.0,0,0.0,0.00,0.0,0,0,0
4111261656,通投-宠粉福利来了-星光款-李若彤相关人群-新号-26.3.23,暂停,审核通过(私密),通投,直播间直接支付ROI,笔记（直播组件）,69bd19c2000000001a030102,66f67e4c000000001d03127d,视频笔记,通投-李若彤二创笔记1-多款-李若彤相关人群-26.3.23,181727748,2026-03-23 11:25:34,0.00,0,0,0.0%,0.0,0.0,0,0.00,0.0,0,0,0.0,0,0,0.0,0,0.0,0,0.0,0,0.0,0,0.0,0,0.0,0,0.0,0,0.0,0,0.0,0,0.0,0.00,0.0,0,0,0
4111261655,通投-李若彤同款宠粉价-星光款-李若彤相关人群-新号-26.3.23,暂停,审核通过(私密),通投,直播间直接支付ROI,笔记（直播组件）,69bd1ba2000000002101329f,66f67e4c000000001d03127d,视频笔记,通投-李若彤二创笔记1-多款-李若彤相关人群-26.3.23,181727748,2026-03-23 11:25:34,0.00,0,0,0.0%,0.0,0.0,0,0.00,0.0,0,0,0.0,0,0,0.0,0,0.0,0,0.0,0,0.0,0,0.0,0,0.0,0,0.0,0,0.0,0,0.0,0,0.0,0.00,0.0,0,0,0
4111261654,通投-姑姑都在吃的燕窝-青春款-李若彤相关人群-新号-26.3.23,暂停,审核通过(私密),通投,直播间直接支付ROI,笔记（直播组件）,69bd12a0000000001a021690,66f67e4c000000001d03127d,视频笔记,通投-李若彤二创笔记1-多款-李若彤相关人群-26.3.23,181727748,2026-03-23 11:25:34,0.00,0,0,0.0%,0.0,0.0,0,0.00,0.0,0,0,0.0,0,0,0.0,0,0.0,0,0.0,0,0.0,0,0.0,0,0.0,0,0.0,0,0.0,0,0.0,0,0.0,0.00,0.0,0,0,0
4111261653,通投-素颜出门被夸-星光款-李若彤相关人群-新号-26.3.23,暂停,审核通过(私密),通投,直播间直接支付ROI,笔记（直播组件）,69bd1d5d0000000021038e43,66f67e4c000000001d03127d,视频笔记,通投-李若彤二创笔记1-多款-李若彤相关人群-26.3.23,181727748,2026-03-23 11:25:34,0.00,0,0,0.0%,0.0,0.0,0,0.00,0.0,0,0,0.0,0,0,0.0,0,0.0,0,0.0,0,0.0,0,0.0,0,0.0,0,0.0,0,0.0,0,0.0,0,0.0,0.00,0.0,0,0,0
4111261652,通投-吃出素颜好气色-星光款-李若彤相关人群-新号-26.3.23,暂停,审核通过(私密),通投,直播间直接支付ROI,笔记（直播组件）,69bd1ae7000000001a030906,66f67e4c000000001d03127d,视频笔记,通投-李若彤二创笔记1-多款-李若彤相关人群-26.3.23,181727748,2026-03-23 11:25:34,0.00,0,0,0.0%,0.0,0.0,0,0.00,0.0,0,0,0.0,0,0,0.0,0,0.0,0,0.0,0,0.0,0,0.0,0,0.0,0,0.0,0,0.0,0,0.0,0,0.0,0.00,0.0,0,0,0
4111261651,通投-姑姑的秘密-星光款-李若彤相关人群-新号-26.3.23,暂停,审核通过(私密),通投,直播间直接支付ROI,笔记（直播组件）,69bd175e000000002103a448,66f67e4c000000001d03127d,视频笔记,通投-李若彤二创笔记1-多款-李若彤相关人群-26.3.23,181727748,2026-03-23 11:25:34,0.00,0,0,0.0%,0.0,0.0,0,0.00,0.0,0,0,0.0,0,0,0.0,0,0.0,0,0.0,0,0.0,0,0.0,0,0.0,0,0.0,0,0.0,0,0.0,0,0.0,0.00,0.0,0,0,0
4111123673,通投-跟着吴昕吃燕窝-星光款-吴昕相关人群-新号-26.3.23,暂停,审核通过,通投,直播间直接支付ROI,笔记（直播组件）,69bd1186000000002103bc18,66f67e4c000000001d03127d,视频笔记,通投-吴昕二创笔记1-多款-吴昕相关人群-26.3.23,181748209,2026-03-23 11:08:41,0.00,0,0,0.0%,0.0,0.0,0,0.00,0.0,0,0,0.0,0,0,0.0,0,0.0,0,0.0,0,0.0,0,0.0,0,0.0,0,0.0,0,0.0,0,0.0,0,0.0,0.00,0.0,0,0,0
4111123672,通投-养颜女孩必入-星光款-吴昕相关人群-新号-26.3.23,暂停,审核通过(私密),通投,直播间直接支付ROI,笔记（直播组件）,69bd1ca0000000001a0314a0,66f67e4c000000001d03127d,视频笔记,通投-吴昕二创笔记1-多款-吴昕相关人群-26.3.23,181748209,2026-03-23 11:08:41,0.00,0,0,0.0%,0.0,0.0,0,0.00,0.0,0,0,0.0,0,0,0.0,0,0.0,0,0.0,0,0.0,0,0.0,0,0.0,0,0.0,0,0.0,0,0.0,0,0.0,0.00,0.0,0,0,0
4111123671,通投-昕姐同款每日滋补-青春款-吴昕相关人群-新号-26.3.23,暂停,审核通过,通投,直播间直接支付ROI,笔记（直播组件）,69bd1da3000000002102febd,66f67e4c000000001d03127d,视频笔记,通投-吴昕二创笔记1-多款-吴昕相关人群-26.3.23,181748209,2026-03-23 11:08:41,0.00,0,0,0.0%,0.0,0.0,0,0.00,0.0,0,0,0.0,0,0,0.0,0,0.0,0,0.0,0,0.0,0,0.0,0,0.0,0,0.0,0,0.0,0,0.0,0,0.0,0.00,0.0,0,0,0
4111123670,通投-素颜出门被夸-星光款-吴昕相关人群-新号-26.3.23,暂停,审核通过,通投,直播间直接支付ROI,笔记（直播组件）,69bd194b000000001a02458b,66f67e4c000000001d03127d,视频笔记,通投-吴昕二创笔记1-多款-吴昕相关人群-26.3.23,181748209,2026-03-23 11:08:41,0.00,0,0,0.0%,0.0,0.0,0,0.00,0.0,0,0,0.0,0,0,0.0,0,0.0,0,0.0,0,0.0,0,0.0,0,0.0,0,0.0,0,0.0,0,0.0,0,0.0,0.00,0.0,0,0,0
4111123669,通投-内调才是王炸-星光款-吴昕相关人群-新号-26.3.23,暂停,审核通过,通投,直播间直接支付ROI,笔记（直播组件）,69bd1904000000002103af98,66f67e4c000000001d03127d,视频笔记,通投-吴昕二创笔记1-多款-吴昕相关人群-26.3.23,181748209,2026-03-23 11:08:41,0.00,0,0,0.0%,0.0,0.0,0,0.00,0.0,0,0,0.0,0,0,0.0,0,0.0,0,0.0,0,0.0,0,0.0,0,0.0,0,0.0,0,0.0,0,0.0,0,0.0,0.00,0.0,0,0,0
4111123668,通投-吴昕同款宠粉福利-青春款-吴昕相关人群-新号-26.3.23,暂停,审核通过,通投,直播间直接支付ROI,笔记（直播组件）,69bd1de7000000001a02ae0a,66f67e4c000000001d03127d,视频笔记,通投-吴昕二创笔记1-多款-吴昕相关人群-26.3.23,181748209,2026-03-23 11:08:41,0.00,0,0,0.0%,0.0,0.0,0,0.00,0.0,0,0,0.0,0,0,0.0,0,0.0,0,0.0,0,0.0,0,0.0,0,0.0,0,0.0,0,0.0,0,0.0,0,0.0,0.00,0.0,0,0,0
4111123667,通投-30+女明星-青春款-吴昕相关人群-新号-26.3.23,暂停,审核通过,通投,直播间直接支付ROI,笔记（直播组件）,69bd1651000000001a03293c,66f67e4c000000001d03127d,视频笔记,通投-吴昕二创笔记1-多款-吴昕相关人群-26.3.23,181748209,2026-03-23 11:08:41,0.00,0,0,0.0%,0.0,0.0,0,0.00,0.0,0,0,0.0,0,0,0.0,0,0.0,0,0.0,0,0.0,0,0.0,0,0.0,0,0.0,0,0.0,0,0.0,0,0.0,0.00,0.0,0,0,0
4111084158,通投-跟着吴昕吃燕窝-星光款-定向-新号-26.3.23,暂停,审核通过,通投,直播间直接支付ROI,笔记（直播组件）,69bd1186000000002103bc18,66f67e4c000000001d03127d,视频笔记,通投-吴昕二创笔记1-多款-定向-26.3.23,181748138,2026-03-23 11:07:12,0.00,0,0,0.0%,0.0,0.0,0,0.00,0.0,0,0,0.0,0,0,0.0,0,0.0,0,0.0,0,0.0,0,0.0,0,0.0,0,0.0,0,0.0,0,0.0,0,0.0,0.00,0.0,0,0,0
4111084157,通投-养颜女孩必入-星光款-定向-新号-26.3.23,被计划暂停,审核通过(私密),通投,直播间直接支付ROI,笔记（直播组件）,69bd1ca0000000001a0314a0,66f67e4c000000001d03127d,视频笔记,通投-吴昕二创笔记1-多款-定向-26.3.23,181748138,2026-03-23 11:07:12,0.00,0,0,0.0%,0.0,0.0,0,0.00,0.0,0,0,0.0,0,0,0.0,0,0.0,0,0.0,0,0.0,0,0.0,0,0.0,0,0.0,0,0.0,0,0.0,0,0.0,0.00,0.0,0,0,0
4111084156,通投-昕姐同款每日滋补-青春款-定向-新号-26.3.23,暂停,审核通过,通投,直播间直接支付ROI,笔记（直播组件）,69bd1da3000000002102febd,66f67e4c000000001d03127d,视频笔记,通投-吴昕二创笔记1-多款-定向-26.3.23,181748138,2026-03-23 11:07:12,0.00,0,0,0.0%,0.0,0.0,0,0.00,0.0,0,0,0.0,0,0,0.0,0,0.0,0,0.0,0,0.0,0,0.0,0,0.0,0,0.0,0,0.0,0,0.0,0,0.0,0.00,0.0,0,0,0
4111084155,通投-素颜出门被夸-星光款-定向-新号-26.3.23,暂停,审核通过,通投,直播间直接支付ROI,笔记（直播组件）,69bd194b000000001a02458b,66f67e4c000000001d03127d,视频笔记,通投-吴昕二创笔记1-多款-定向-26.3.23,181748138,2026-03-23 11:07:12,0.00,0,0,0.0%,0.0,0.0,0,0.00,0.0,0,0,0.0,0,0,0.0,0,0.0,0,0.0,0,0.0,0,0.0,0,0.0,0,0.0,0,0.0,0,0.0,0,0.0,0.00,0.0,0,0,0
4111084154,通投-内调才是王炸-星光款-定向-新号-26.3.23,暂停,审核通过,通投,直播间直接支付ROI,笔记（直播组件）,69bd1904000000002103af98,66f67e4c000000001d03127d,视频笔记,通投-吴昕二创笔记1-多款-定向-26.3.23,181748138,2026-03-23 11:07:12,0.00,0,0,0.0%,0.0,0.0,0,0.00,0.0,0,0,0.0,0,0,0.0,0,0.0,0,0.0,0,0.0,0,0.0,0,0.0,0,0.0,0,0.0,0,0.0,0,0.0,0.00,0.0,0,0,0
4111084153,通投-吴昕同款宠粉福利-青春款-定向-新号-26.3.23,暂停,审核通过,通投,直播间直接支付ROI,笔记（直播组件）,69bd1de7000000001a02ae0a,66f67e4c000000001d03127d,视频笔记,通投-吴昕二创笔记1-多款-定向-26.3.23,181748138,2026-03-23 11:07:12,0.00,0,0,0.0%,0.0,0.0,0,0.00,0.0,0,0,0.0,0,0,0.0,0,0.0,0,0.0,0,0.0,0,0.0,0,0.0,0,0.0,0,0.0,0,0.0,0,0.0,0.00,0.0,0,0,0
4111084152,通投-30+女明星-青春款-定向-新号-26.3.23,暂停,审核通过,通投,直播间直接支付ROI,笔记（直播组件）,69bd1651000000001a03293c,66f67e4c000000001d03127d,视频笔记,通投-吴昕二创笔记1-多款-定向-26.3.23,181748138,2026-03-23 11:07:12,0.00,0,0,0.0%,0.0,0.0,0,0.00,0.0,0,0,0.0,0,0,0.0,0,0.0,0,0.0,0,0.0,0,0.0,0,0.0,0,0.0,0,0.0,0,0.0,0,0.0,0.00,0.0,0,0,0
4067941115,通投-胡兵55岁-星光款-胡兵相关人群-日弘-26.3.19-视频组,暂停,审核通过,通投,直播间直接支付ROI,笔记（直播组件）,69b910ff000000001a033025,66f67e4c000000001d03127d,视频笔记,通投-胡兵55岁-星光款-胡兵相关人群-日弘-26.3.19-视频组,180907933,2026-03-19 09:36:45,0.00,0,0,0.0%,0.0,0.0,0,0.00,0.0,0,0,0.0,0,0,0.0,0,0.0,0,0.0,0,0.0,0,0.0,0,0.0,0,0.0,0,0.0,0,0.0,0,0.0,0.00,0.0,0,0,0
4062376347,通投-素颜好状态-星光款-定向-日弘-26.3.18-视频组,暂停,审核通过,通投,直播间直接支付ROI,笔记（直播组件）,69ba52da000000002301d696,66f67e4c000000001d03127d,视频笔记,通投-素颜好状态-星光款-定向-日弘-26.3.18-视频组,180835914,2026-03-18 18:00:40,0.00,0,0,0.0%,0.0,0.0,0,0.00,0.0,0,0,0.0,0,0,0.0,0,0.0,0,0.0,0,0.0,0,0.0,0,0.0,0,0.0,0,0.0,0,0.0,0,0.0,0.00,0.0,0,0,0
4062430987,通投-一篇告诉你-青春款-定向-日弘-26.3.18,暂停,审核通过,通投,直播间直接支付ROI,笔记（直播组件）,69ba3db20000000020039b5a,66f67e4c000000001d03127d,图文笔记,通投-一篇告诉你-青春款-定向-日弘-26.3.18,180841506,2026-03-18 17:58:51,0.00,0,0,0.0%,0.0,0.0,0,0.00,0.0,0,0,0.0,0,0,0.0,0,0.0,0,0.0,0,0.0,0,0.0,0,0.0,0,0.0,0,0.0,0,0.0,0,0.0,0.00,0.0,0,0,0
4051057999,通投-胡兵55岁-星光款-定向-日弘-26.3.17-视频组,暂停,审核通过,通投,直播间直接支付ROI,笔记（直播组件）,69b910ff000000001a033025,66f67e4c000000001d03127d,视频笔记,通投-胡兵55岁-星光款-定向-日弘-26.3.17-视频组,180596785,2026-03-17 17:31:57,0.00,0,0,0.0%,0.0,0.0,0,0.00,0.0,0,0,0.0,0,0,0.0,0,0.0,0,0.0,0,0.0,0,0.0,0,0.0,0,0.0,0,0.0,0,0.0,0,0.0,0.00,0.0,0,0,0
4047083095,通投-李若彤冻龄-星光款-李若彤相关人群-日弘-26.3.17,暂停,审核通过(私密),通投,直播间直接支付ROI,笔记（直播组件）,69b13808000000000600e748,66f67e4c000000001d03127d,图文笔记,通投-李若彤冻龄-星光款-李若彤相关人群包-日弘-26.3.17,180439066,2026-03-17 11:06:28,0.00,0,0,0.0%,0.0,0.0,0,0.00,0.0,0,0,0.0,0,0,0.0,0,0.0,0,0.0,0,0.0,0,0.0,0,0.0,0,0.0,0,0.0,0,0.0,0,0.0,0.00,0.0,0,0,0
3999759942,通投-被姑姑-星光款-定向-新号-26.3.12,暂停,审核通过,通投,直播间直接支付ROI,笔记（直播组件）,69b13804000000001d026c2a,66f67e4c000000001d03127d,图文笔记,通投-3月新笔记测试2-星光款-定向-26.3.12,179587556,2026-03-12 17:42:20,0.00,0,0,0.0%,0.0,0.0,0,0.00,0.0,0,0,0.0,0,0,0.0,0,0.0,0,0.0,0,0.0,0,0.0,0,0.0,0,0.0,0,0.0,0,0.0,0,0.0,0.00,0.0,0,0,0
3999759941,通投-特种“兵”-星光款-定向-新号-26.3.12,暂停,审核通过,通投,直播间直接支付ROI,笔记（直播组件）,69b13647000000001b015ce7,66f67e4c000000001d03127d,图文笔记,通投-3月新笔记测试2-星光款-定向-26.3.12,179587556,2026-03-12 17:42:20,0.00,0,0,0.0%,0.0,0.0,0,0.00,0.0,0,0,0.0,0,0,0.0,0,0.0,0,0.0,0,0.0,0,0.0,0,0.0,0,0.0,0,0.0,0,0.0,0,0.0,0.00,0.0,0,0,0
3999759940,通投-冻龄密码-星光款-定向-新号-26.3.12,暂停,审核通过,通投,直播间直接支付ROI,笔记（直播组件）,69b1378e000000001b01f0ba,66f67e4c000000001d03127d,图文笔记,通投-3月新笔记测试2-星光款-定向-26.3.12,179587556,2026-03-12 17:42:20,0.00,0,0,0.0%,0.0,0.0,0,0.00,0.0,0,0,0.0,0,0,0.0,0,0.0,0,0.0,0,0.0,0,0.0,0,0.0,0,0.0,0,0.0,0,0.0,0,0.0,0.00,0.0,0,0,0
3999759939,通投-跟风胡兵-星光款-定向-新号-26.3.12,暂停,审核通过,通投,直播间直接支付ROI,笔记（直播组件）,69b1370e000000001b0161c9,66f67e4c000000001d03127d,图文笔记,通投-3月新笔记测试2-星光款-定向-26.3.12,179587556,2026-03-12 17:42:20,0.00,0,0,0.0%,0.0,0.0,0,0.00,0.0,0,0,0.0,0,0,0.0,0,0.0,0,0.0,0,0.0,0,0.0,0,0.0,0,0.0,0,0.0,0,0.0,0,0.0,0.00,0.0,0,0,0
3999754430,通投-复工回归-青春款-定向-新号-26.3.12,被计划暂停,审核通过,通投,直播间直接支付ROI,笔记（直播组件）,69aaa1970000000015020ebf,66f67e4c000000001d03127d,图文笔记,通投-3月新笔记测试-星光款-定向-26.3.12,179596783,2026-03-12 17:39:29,0.00,0,0,0.0%,0.0,0.0,0,0.00,0.0,0,0,0.0,0,0,0.0,0,0.0,0,0.0,0,0.0,0,0.0,0,0.0,0,0.0,0,0.0,0,0.0,0,0.0,0.00,0.0,0,0,0
3999754429,通投-养回来-星光款-定向-新号-26.3.12,被计划暂停,审核通过,通投,直播间直接支付ROI,笔记（直播组件）,69aaa095000000001b017986,66f67e4c000000001d03127d,图文笔记,通投-3月新笔记测试-星光款-定向-26.3.12,179596783,2026-03-12 17:39:29,0.00,0,0,0.0%,0.0,0.0,0,0.00,0.0,0,0,0.0,0,0,0.0,0,0.0,0,0.0,0,0.0,0,0.0,0,0.0,0,0.0,0,0.0,0,0.0,0,0.0,0.00,0.0,0,0,0
3999754428,通投-到底是不是-星光款-定向-新号-26.3.12,被计划暂停,审核通过,通投,直播间直接支付ROI,笔记（直播组件）,69aa9f5c0000000015030666,66f67e4c000000001d03127d,图文笔记,通投-3月新笔记测试-星光款-定向-26.3.12,179596783,2026-03-12 17:39:29,0.00,0,0,0.0%,0.0,0.0,0,0.00,0.0,0,0,0.0,0,0,0.0,0,0.0,0,0.0,0,0.0,0,0.0,0,0.0,0,0.0,0,0.0,0,0.0,0,0.0,0.00,0.0,0,0,0
3999754427,通投-交给小仙炖就好-青春款-定向-新号-26.3.12,暂停,审核通过,通投,直播间直接支付ROI,笔记（直播组件）,69aa98c30000000015039eed,66f67e4c000000001d03127d,视频笔记,通投-3月新笔记测试-星光款-定向-26.3.12,179596783,2026-03-12 17:39:29,0.00,0,0,0.0%,0.0,0.0,0,0.00,0.0,0,0,0.0,0,0,0.0,0,0.0,0,0.0,0,0.0,0,0.0,0,0.0,0,0.0,0,0.0,0,0.0,0,0.0,0.00,0.0,0,0,0
3999754426,通投-开春特批-星光款-定向-新号-26.3.12,暂停,审核通过,通投,直播间直接支付ROI,笔记（直播组件）,69aa997c000000001b01d415,66f67e4c000000001d03127d,视频笔记,通投-3月新笔记测试-星光款-定向-26.3.12,179596783,2026-03-12 17:39:29,0.00,0,0,0.0%,0.0,0.0,0,0.00,0.0,0,0,0.0,0,0,0.0,0,0.0,0,0.0,0,0.0,0,0.0,0,0.0,0,0.0,0,0.0,0,0.0,0,0.0,0.00,0.0,0,0,0
3999504807,通投-吴昕私藏-青春款-定向-日弘-26.3.12-视频组,暂停,审核通过,通投,直播间直接支付ROI,笔记（直播组件）,69b253aa000000001b01d29d,66f67e4c000000001d03127d,视频笔记,通投-吴昕私藏-青春款-定向-日弘-26.3.12-视频组,179590255,2026-03-12 17:17:35,0.00,0,0,0.0%,0.0,0.0,0,0.00,0.0,0,0,0.0,0,0,0.0,0,0.0,0,0.0,0,0.0,0,0.0,0,0.0,0,0.0,0,0.0,0,0.0,0,0.0,0.00,0.0,0,0,0
3998475968,通投-好皮肤内调-青春款-系统-日弘-26.3.12,被计划暂停,审核通过,通投,直播间直接支付ROI,笔记（直播组件）,69aa77b0000000000e03f7b1,66f67e4c000000001d03127d,图文笔记,通投-好皮肤内调-青春款-系统-日弘-26.3.12,179548831,2026-03-12 15:27:46,0.00,0,0,0.0%,0.0,0.0,0,0.00,0.0,0,0,0.0,0,0,0.0,0,0.0,0,0.0,0,0.0,0,0.0,0,0.0,0,0.0,0,0.0,0,0.0,0,0.0,0.00,0.0,0,0,0
3990920585,通投-吴昕同款开春-星光款-吴昕相关人群-新号-26.3.11,暂停,审核通过,通投,直播间直接支付ROI,笔记（直播组件）,69aff157000000001503b515,66f67e4c000000001d03127d,视频笔记,通投-吴昕二创笔记-星光款-吴昕相关人群-26.3.11,179420186,2026-03-11 19:24:18,0.00,0,0,0.0%,0.0,0.0,0,0.00,0.0,0,0,0.0,0,0,0.0,0,0.0,0,0.0,0,0.0,0,0.0,0,0.0,0,0.0,0,0.0,0,0.0,0,0.0,0.00,0.0,0,0,0
3990920584,通投-跟着吴昕打卡-星光款-吴昕相关人群-新号-26.3.11,暂停,审核通过,通投,直播间直接支付ROI,笔记（直播组件）,69aff4130000000015023da6,66f67e4c000000001d03127d,视频笔记,通投-吴昕二创笔记-星光款-吴昕相关人群-26.3.11,179420186,2026-03-11 19:24:18,0.00,0,0,0.0%,0.0,0.0,0,0.00,0.0,0,0,0.0,0,0,0.0,0,0.0,0,0.0,0,0.0,0,0.0,0,0.0,0,0.0,0,0.0,0,0.0,0,0.0,0.00,0.0,0,0,0
3990920583,通投-一定要吃-星光款-吴昕相关人群-新号-26.3.11,暂停,审核通过,通投,直播间直接支付ROI,笔记（直播组件）,69aff29f000000001b01f66c,66f67e4c000000001d03127d,视频笔记,通投-吴昕二创笔记-星光款-吴昕相关人群-26.3.11,179420186,2026-03-11 19:24:18,0.00,0,0,0.0%,0.0,0.0,0,0.00,0.0,0,0,0.0,0,0,0.0,0,0.0,0,0.0,0,0.0,0,0.0,0,0.0,0,0.0,0,0.0,0,0.0,0,0.0,0.00,0.0,0,0,0
3990920582,通投-吴昕同款春季-星光款-吴昕相关人群-新号-26.3.11,暂停,审核通过,通投,直播间直接支付ROI,笔记（直播组件）,69aff3640000000015033c28,66f67e4c000000001d03127d,视频笔记,通投-吴昕二创笔记-星光款-吴昕相关人群-26.3.11,179420186,2026-03-11 19:24:18,0.00,0,0,0.0%,0.0,0.0,0,0.00,0.0,0,0,0.0,0,0,0.0,0,0.0,0,0.0,0,0.0,0,0.0,0,0.0,0,0.0,0,0.0,0,0.0,0,0.0,0.00,0.0,0,0,0
3990971428,通投-吴昕同款开春-星光款-定向-新号-26.3.11,暂停,审核通过,通投,直播间直接支付ROI,笔记（直播组件）,69aff157000000001503b515,66f67e4c000000001d03127d,视频笔记,通投-吴昕二创笔记-星光款-定向-26.3.11,179415335,2026-03-11 19:23:20,0.00,0,0,0.0%,0.0,0.0,0,0.00,0.0,0,0,0.0,0,0,0.0,0,0.0,0,0.0,0,0.0,0,0.0,0,0.0,0,0.0,0,0.0,0,0.0,0,0.0,0.00,0.0,0,0,0
3990971427,通投-跟着吴昕打卡-星光款-定向-新号-26.3.11,暂停,审核通过,通投,直播间直接支付ROI,笔记（直播组件）,69aff4130000000015023da6,66f67e4c000000001d03127d,视频笔记,通投-吴昕二创笔记-星光款-定向-26.3.11,179415335,2026-03-11 19:23:20,0.00,0,0,0.0%,0.0,0.0,0,0.00,0.0,0,0,0.0,0,0,0.0,0,0.0,0,0.0,0,0.0,0,0.0,0,0.0,0,0.0,0,0.0,0,0.0,0,0.0,0.00,0.0,0,0,0
3990971426,通投-一定要吃-星光款-定向-新号-26.3.11,暂停,审核通过,通投,直播间直接支付ROI,笔记（直播组件）,69aff29f000000001b01f66c,66f67e4c000000001d03127d,视频笔记,通投-吴昕二创笔记-星光款-定向-26.3.11,179415335,2026-03-11 19:23:20,0.00,0,0,0.0%,0.0,0.0,0,0.00,0.0,0,0,0.0,0,0,0.0,0,0.0,0,0.0,0,0.0,0,0.0,0,0.0,0,0.0,0,0.0,0,0.0,0,0.0,0.00,0.0,0,0,0
3990971425,通投-吴昕同款春季-星光款-定向-新号-26.3.11,暂停,审核通过,通投,直播间直接支付ROI,笔记（直播组件）,69aff3640000000015033c28,66f67e4c000000001d03127d,视频笔记,通投-吴昕二创笔记-星光款-定向-26.3.11,179415335,2026-03-11 19:23:20,0.00,0,0,0.0%,0.0,0.0,0,0.00,0.0,0,0,0.0,0,0,0.0,0,0.0,0,0.0,0,0.0,0,0.0,0,0.0,0,0.0,0,0.0,0,0.0,0,0.0,0.00,0.0,0,0,0
3990157915,通投-李若彤冻龄-星光款-定向-日弘-26.3.11,暂停,审核通过(私密),通投,直播间直接支付ROI,笔记（直播组件）,69b13808000000000600e748,66f67e4c000000001d03127d,图文笔记,通投-李若彤冻龄-星光款-定向-日弘-26.3.11,179387654,2026-03-11 18:15:08,0.00,0,0,0.0%,0.0,0.0,0,0.00,0.0,0,0,0.0,0,0,0.0,0,0.0,0,0.0,0,0.0,0,0.0,0,0.0,0,0.0,0,0.0,0,0.0,0,0.0,0.00,0.0,0,0,0
3988806138,通投-胡兵同款-星光款-定向-日弘-26.3.11,暂停,审核通过,通投,直播间直接支付ROI,笔记（直播组件）,69b0d5380000000009020e1a,66f67e4c000000001d03127d,图文笔记,通投-胡兵同款-星光款-定向-日弘-26.3.11,179338018,2026-03-11 15:40:52,0.00,0,0,0.0%,0.0,0.0,0,0.00,0.0,0,0,0.0,0,0,0.0,0,0.0,0,0.0,0,0.0,0,0.0,0,0.0,0,0.0,0,0.0,0,0.0,0,0.0,0.00,0.0,0,0,0
3985702992,通投-黄金思路-星光款-定向-日弘-26.3.11,被计划暂停,审核通过,通投,直播间直接支付ROI,笔记（直播组件）,6915a8bc00000000040105af,66f67e4c000000001d03127d,图文笔记,通投-黄金思路-星光款-定向-日弘-26.3.11,179248338,2026-03-11 10:59:30,0.00,0,0,0.0%,0.0,0.0,0,0.00,0.0,0,0,0.0,0,0,0.0,0,0.0,0,0.0,0,0.0,0,0.0,0,0.0,0,0.0,0,0.0,0,0.0,0,0.0,0.00,0.0,0,0,0
3984920904,通投-白胖马宝宝-星光款-高产人群包-日弘-26.3.11-视频组,暂停,不满足审核条件,通投,直播间直接支付ROI,笔记（直播组件）,698d99690000000009038408,66f67e4c000000001d03127d,视频笔记,通投-3月优化笔记-星光款-定向-26.3.11,179221600,2026-03-11 09:59:26,0.00,0,0,0.0%,0.0,0.0,0,0.00,0.0,0,0,0.0,0,0,0.0,0,0.0,0,0.0,0,0.0,0,0.0,0,0.0,0,0.0,0,0.0,0,0.0,0,0.0,0.00,0.0,0,0,0
3984920903,通投-真实答案-星光款-高产人群包-日弘-26.3.11-视频组,暂停,审核通过,通投,直播间直接支付ROI,笔记（直播组件）,69731787000000001a036832,66f67e4c000000001d03127d,视频笔记,通投-3月优化笔记-星光款-定向-26.3.11,179221600,2026-03-11 09:59:26,0.00,0,0,0.0%,0.0,0.0,0,0.00,0.0,0,0,0.0,0,0,0.0,0,0.0,0,0.0,0,0.0,0,0.0,0,0.0,0,0.0,0,0.0,0,0.0,0,0.0,0.00,0.0,0,0,0
3984920902,通投-孕期孕反-星光款-高产人群包-日弘-26.3.11-视频组,被计划暂停,审核通过,通投,直播间直接支付ROI,笔记（直播组件）,6959fc4b000000001f00a5d2,66f67e4c000000001d03127d,视频笔记,通投-3月优化笔记-星光款-定向-26.3.11,179221600,2026-03-11 09:59:26,0.00,0,0,0.0%,0.0,0.0,0,0.00,0.0,0,0,0.0,0,0,0.0,0,0.0,0,0.0,0,0.0,0,0.0,0,0.0,0,0.0,0,0.0,0,0.0,0,0.0,0.00,0.0,0,0,0
3984920901,通投-一篇搞懂-合集款-高产人群包-日弘-26.3.11,被计划暂停,审核通过,通投,直播间直接支付ROI,笔记（直播组件）,697c0949000000002801dfff,66f67e4c000000001d03127d,图文笔记,通投-3月优化笔记-星光款-定向-26.3.11,179221600,2026-03-11 09:59:26,0.00,0,0,0.0%,0.0,0.0,0,0.00,0.0,0,0,0.0,0,0,0.0,0,0.0,0,0.0,0,0.0,0,0.0,0,0.0,0,0.0,0,0.0,0,0.0,0,0.0,0.00,0.0,0,0,0
3984920900,通投-冷皮预警（广）-青春款-高产人群包-日弘-26.3.11-视频组,暂停,审核通过,通投,直播间直接支付ROI,笔记（直播组件）,698310df000000000b010fdf,583691373460942ae8fc16bb,视频笔记,通投-3月优化笔记-星光款-定向-26.3.11,179221600,2026-03-11 09:59:26,0.00,0,0,0.0%,0.0,0.0,0,0.00,0.0,0,0,0.0,0,0,0.0,0,0.0,0,0.0,0,0.0,0,0.0,0,0.0,0,0.0,0,0.0,0,0.0,0,0.0,0.00,0.0,0,0,0
3979787230,通投-胡兵-星光款-定向-达人-26.3.10,暂停,审核通过,通投,直播间直接支付ROI,笔记（直播组件）,69a6732c000000001a031d84,5ad7429511be1074b1b27f59,视频笔记,通投-明星笔记合集-合集款-定向-26.3.10,179137871,2026-03-10 17:51:16,0.00,0,0,0.0%,0.0,0.0,0,0.00,0.0,0,0,0.0,0,0,0.0,0,0.0,0,0.0,0,0.0,0,0.0,0,0.0,0,0.0,0,0.0,0,0.0,0,0.0,0.00,0.0,0,0,0
3979787229,通投-徐璐-青春款-定向-达人-26.3.10,暂停,审核通过,通投,直播间直接支付ROI,笔记（直播组件）,69a146bd000000001a02ab99,5915319d82ec3972c9eabbee,视频笔记,通投-明星笔记合集-合集款-定向-26.3.10,179137871,2026-03-10 17:51:16,0.00,0,0,0.0%,0.0,0.0,0,0.00,0.0,0,0,0.0,0,0,0.0,0,0.0,0,0.0,0,0.0,0,0.0,0,0.0,0,0.0,0,0.0,0,0.0,0,0.0,0.00,0.0,0,0,0
3979787228,通投-吴昕-青春款-定向-达人-26.3.10,暂停,审核拒绝,通投,直播间直接支付ROI,笔记（直播组件）,69a638ed000000001d025ccc,5abb15dd4eacab6fbea4d384,视频笔记,通投-明星笔记合集-合集款-定向-26.3.10,179137871,2026-03-10 17:51:16,0.00,0,0,0.0%,0.0,0.0,0,0.00,0.0,0,0,0.0,0,0,0.0,0,0.0,0,0.0,0,0.0,0,0.0,0,0.0,0,0.0,0,0.0,0,0.0,0,0.0,0.00,0.0,0,0,0
3979787227,通投-李若彤-星光款-定向-达人-26.3.10,暂停,审核通过,通投,直播间直接支付ROI,笔记（直播组件）,69aaa2f4000000001a02a6ca,5cc196d20000000010026328,视频笔记,通投-明星笔记合集-合集款-定向-26.3.10,179137871,2026-03-10 17:51:16,0.00,0,0,0.0%,0.0,0.0,0,0.00,0.0,0,0,0.0,0,0,0.0,0,0.0,0,0.0,0,0.0,0,0.0,0,0.0,0,0.0,0,0.0,0,0.0,0,0.0,0.00,0.0,0,0,0
3970742978,通投-Agent辰辰-星光款-定向-达人-26.3.9,暂停,审核通过,通投,直播间直接支付ROI,笔记（直播组件）,69ac3cdc00000000150230c9,5aeafe47e8ac2b1705f28619,视频笔记,通投-Agent辰辰-星光款-定向-达人-26.3.9,178932355,2026-03-09 19:50:26,0.00,0,0,0.0%,0.0,0.0,0,0.00,0.0,0,0,0.0,0,0,0.0,0,0.0,0,0.0,0,0.0,0,0.0,0,0.0,0,0.0,0,0.0,0,0.0,0,0.0,0.00,0.0,0,0,0
3970599402,通投-Agent辰辰-星光款-Agent辰辰关人群-达人-26.3.9,暂停,审核通过,通投,直播间直接支付ROI,笔记（直播组件）,69ac3cdc00000000150230c9,5aeafe47e8ac2b1705f28619,视频笔记,通投-Agent辰辰-星光款-Agent辰辰关人群-达人-26.3.9,178926415,2026-03-09 19:50:02,0.00,0,0,0.0%,0.0,0.0,0,0.00,0.0,0,0,0.0,0,0,0.0,0,0.0,0,0.0,0,0.0,0,0.0,0,0.0,0,0.0,0,0.0,0,0.0,0,0.0,0.00,0.0,0,0,0
3970637044,通投-董华华-星光款-董华华相关人群-达人-26.3.9,暂停,审核通过,通投,直播间直接支付ROI,笔记（直播组件）,69aa8e5c0000000015031aa7,63e9d9ca0000000026007273,视频笔记,通投-董华华-星光款-董华华相关人群-达人-26.3.9,178938306,2026-03-09 19:48:46,0.00,0,0,0.0%,0.0,0.0,0,0.00,0.0,0,0,0.0,0,0,0.0,0,0.0,0,0.0,0,0.0,0,0.0,0,0.0,0,0.0,0,0.0,0,0.0,0,0.0,0.00,0.0,0,0,0
3970793626,通投-董华华-星光款-定向-达人-26.3.9,暂停,审核通过,通投,直播间直接支付ROI,笔记（直播组件）,69aa8e5c0000000015031aa7,63e9d9ca0000000026007273,视频笔记,通投-董华华-星光款-定向-达人-26.3.9,178942672,2026-03-09 19:48:09,0.00,0,0,0.0%,0.0,0.0,0,0.00,0.0,0,0,0.0,0,0,0.0,0,0.0,0,0.0,0,0.0,0,0.0,0,0.0,0,0.0,0,0.0,0,0.0,0,0.0,0.00,0.0,0,0,0
3970685178,通投-肥弯-星光款-定向-达人-26.3.9,暂停,审核通过,通投,直播间直接支付ROI,笔记（直播组件）,69ad1f71000000001b014c17,5a1f7695e8ac2b5c601e7565,视频笔记,通投-肥弯-星光款-定向-达人-26.3.9,178932268,2026-03-09 19:45:58,0.00,0,0,0.0%,0.0,0.0,0,0.00,0.0,0,0,0.0,0,0,0.0,0,0.0,0,0.0,0,0.0,0,0.0,0,0.0,0,0.0,0,0.0,0,0.0,0,0.0,0.00,0.0,0,0,0
3970739508,通投-肥弯-星光款-肥弯相关人群-达人-26.3.9,暂停,审核通过,通投,直播间直接支付ROI,笔记（直播组件）,69ad1f71000000001b014c17,5a1f7695e8ac2b5c601e7565,视频笔记,通投-肥弯-星光款-肥弯相关人群-达人-26.3.9,178920816,2026-03-09 19:45:25,0.00,0,0,0.0%,0.0,0.0,0,0.00,0.0,0,0,0.0,0,0,0.0,0,0.0,0,0.0,0,0.0,0,0.0,0,0.0,0,0.0,0,0.0,0,0.0,0,0.0,0.00,0.0,0,0,0
3970632688,通投-阿文就是Aya-星光款-定向-达人-26.3.9,暂停,不满足审核条件,通投,直播间直接支付ROI,笔记（直播组件）,69a5a381000000000e03eac9,5659a9f903eb841795e4fba9,视频笔记,通投-阿文就是Aya-星光款-定向-达人-26.3.9,178926274,2026-03-09 19:42:30,0.00,0,0,0.0%,0.0,0.0,0,0.00,0.0,0,0,0.0,0,0,0.0,0,0.0,0,0.0,0,0.0,0,0.0,0,0.0,0,0.0,0,0.0,0,0.0,0,0.0,0.00,0.0,0,0,0
3970594058,通投-阿文就是Aya-星光款-阿文就是Aya相关人群-达人-26.3.9,暂停,审核通过,通投,直播间直接支付ROI,笔记（直播组件）,69a5a381000000000e03eac9,5659a9f903eb841795e4fba9,视频笔记,通投-阿文就是Aya-星光款-阿文就是Aya相关人群-达人-26.3.9,178926268,2026-03-09 19:41:58,0.00,0,0,0.0%,0.0,0.0,0,0.00,0.0,0,0,0.0,0,0,0.0,0,0.0,0,0.0,0,0.0,0,0.0,0,0.0,0,0.0,0,0.0,0,0.0,0,0.0,0.00,0.0,0,0,0
3970735970,通投-罗拉rolasfood-星光款-定向-达人-26.3.9,被计划暂停,审核拒绝,通投,直播间直接支付ROI,笔记（直播组件）,69a7faea000000002203b574,5ae33be24eacab1d90b4009a,视频笔记,通投-罗拉rolasfood-星光款-定向-达人-26.3.9,178938157,2026-03-09 19:40:10,0.00,0,0,0.0%,0.0,0.0,0,0.00,0.0,0,0,0.0,0,0,0.0,0,0.0,0,0.0,0,0.0,0,0.0,0,0.0,0,0.0,0,0.0,0,0.0,0,0.0,0.00,0.0,0,0,0
3970630503,通投-罗拉rolasfood-星光款-罗拉rolasfood相关人群-达人-26.3.9,被计划暂停,审核拒绝,通投,直播间直接支付ROI,笔记（直播组件）,69a7faea000000002203b574,5ae33be24eacab1d90b4009a,视频笔记,通投-罗拉rolasfood-星光款-罗拉rolasfood相关人群-达人-26.3.9,178920731,2026-03-09 19:39:26,0.00,0,0,0.0%,0.0,0.0,0,0.00,0.0,0,0,0.0,0,0,0.0,0,0.0,0,0.0,0,0.0,0,0.0,0,0.0,0,0.0,0,0.0,0,0.0,0,0.0,0.00,0.0,0,0,0
3965744601,通投-李若彤-星光款-定向-达人-26.3.9,被计划暂停,审核通过,通投,直播间直接支付ROI,笔记（直播组件）,69aaa2f4000000001a02a6ca,5cc196d20000000010026328,视频笔记,通投-李若彤-星光款-定向-达人-26.3.9,178780811,2026-03-09 11:19:32,0.00,0,0,0.0%,0.0,0.0,0,0.00,0.0,0,0,0.0,0,0,0.0,0,0.0,0,0.0,0,0.0,0,0.0,0,0.0,0,0.0,0,0.0,0,0.0,0,0.0,0.00,0.0,0,0,0
3965688737,通投-李若彤-星光款-李若彤相关人群-达人-26.3.9,被计划暂停,审核通过,通投,直播间直接支付ROI,笔记（直播组件）,69aaa2f4000000001a02a6ca,5cc196d20000000010026328,视频笔记,通投-李若彤-星光款-李若彤相关人群-达人-26.3.9,178792494,2026-03-09 11:19:02,0.00,0,0,0.0%,0.0,0.0,0,0.00,0.0,0,0,0.0,0,0,0.0,0,0.0,0,0.0,0,0.0,0,0.0,0,0.0,0,0.0,0,0.0,0,0.0,0,0.0,0.00,0.0,0,0,0
3965456423,通投-白白胖胖-星光款-灵犀人群包-新号-26.3.9,被计划暂停,不满足审核条件,通投,直播间直接支付ROI,笔记（直播组件）,68ef7968000000000301210f,66f67e4c000000001d03127d,视频笔记,通投-3月爆文笔记扩量-多款-灵犀人群包-26.3.9,178785643,2026-03-09 10:59:29,0.00,0,0,0.0%,0.0,0.0,0,0.00,0.0,0,0,0.0,0,0,0.0,0,0.0,0,0.0,0,0.0,0,0.0,0,0.0,0,0.0,0,0.0,0,0.0,0,0.0,0.00,0.0,0,0,0
3965456422,通投-等了这么久-星光款-灵犀人群包-新号-26.3.9,被计划暂停,审核通过,通投,直播间直接支付ROI,笔记（直播组件）,68ef797200000000030380e0,66f67e4c000000001d03127d,视频笔记,通投-3月爆文笔记扩量-多款-灵犀人群包-26.3.9,178785643,2026-03-09 10:59:29,0.00,0,0,0.0%,0.0,0.0,0,0.00,0.0,0,0,0.0,0,0,0.0,0,0.0,0,0.0,0,0.0,0,0.0,0,0.0,0,0.0,0,0.0,0,0.0,0,0.0,0.00,0.0,0,0,0
3965456421,通投-燕窝新-合集款-灵犀人群包-日弘-26.3.9,被计划暂停,不满足审核条件,通投,直播间直接支付ROI,笔记（直播组件）,6735ba5f000000003c015663,583691373460942ae8fc16bb,图文笔记,通投-3月爆文笔记扩量-多款-灵犀人群包-26.3.9,178785643,2026-03-09 10:59:29,0.00,0,0,0.0%,0.0,0.0,0,0.00,0.0,0,0,0.0,0,0,0.0,0,0.0,0,0.0,0,0.0,0,0.0,0,0.0,0,0.0,0,0.0,0,0.0,0,0.0,0.00,0.0,0,0,0
3965456420,通投-主持人柴猫礼-星光款-灵犀人群包-达人-26.3.9,被计划暂停,不满足审核条件,通投,直播间直接支付ROI,笔记（直播组件）,694509e3000000001e034b3e,5c2f5b6300000000070279d3,视频笔记,通投-3月爆文笔记扩量-多款-灵犀人群包-26.3.9,178785643,2026-03-09 10:59:29,0.00,0,0,0.0%,0.0,0.0,0,0.00,0.0,0,0,0.0,0,0,0.0,0,0.0,0,0.0,0,0.0,0,0.0,0,0.0,0,0.0,0,0.0,0,0.0,0,0.0,0.00,0.0,0,0,0
3965456419,通投-xminminminxx-星光款-灵犀人群包-达人-26.3.9,被计划暂停,审核通过,通投,直播间直接支付ROI,笔记（直播组件）,6968974d0000000022031ff7,5a3620254eacab55187ae1c5,视频笔记,通投-3月爆文笔记扩量-多款-灵犀人群包-26.3.9,178785643,2026-03-09 10:59:29,0.00,0,0,0.0%,0.0,0.0,0,0.00,0.0,0,0,0.0,0,0,0.0,0,0.0,0,0.0,0,0.0,0,0.0,0,0.0,0,0.0,0,0.0,0,0.0,0,0.0,0.00,0.0,0,0,0
3965456418,通投-Im大溪-星光款-灵犀人群包-达人-26.3.9,被计划暂停,不满足审核条件,通投,直播间直接支付ROI,笔记（直播组件）,696dfc68000000001a0223e9,58f725a95e87e772e247d578,视频笔记,通投-3月爆文笔记扩量-多款-灵犀人群包-26.3.9,178785643,2026-03-09 10:59:29,0.00,0,0,0.0%,0.0,0.0,0,0.00,0.0,0,0,0.0,0,0,0.0,0,0.0,0,0.0,0,0.0,0,0.0,0,0.0,0,0.0,0,0.0,0,0.0,0,0.0,0.00,0.0,0,0,0
3965456417,通投-燕窝也-合集款-灵犀人群包-日弘-26.3.9,被计划暂停,审核通过,通投,直播间直接支付ROI,笔记（直播组件）,672d88bf000000001d0385de,583691373460942ae8fc16bb,图文笔记,通投-3月爆文笔记扩量-多款-灵犀人群包-26.3.9,178785643,2026-03-09 10:59:29,0.00,0,0,0.0%,0.0,0.0,0,0.00,0.0,0,0,0.0,0,0,0.0,0,0.0,0,0.0,0,0.0,0,0.0,0,0.0,0,0.0,0,0.0,0,0.0,0,0.0,0.00,0.0,0,0,0
3965079708,通投-宝妈双十一-星光款-灵犀人群包-新号-26.3.9,被计划暂停,审核通过,通投,直播间直接支付ROI,笔记（直播组件）,68fb4ead000000000301853f,66f67e4c000000001d03127d,图文笔记,通投-3月潜力笔记扩量2-多款-灵犀人群包-26.3.9,178769774,2026-03-09 10:48:26,0.00,0,0,0.0%,0.0,0.0,0,0.00,0.0,0,0,0.0,0,0,0.0,0,0.0,0,0.0,0,0.0,0,0.0,0,0.0,0,0.0,0,0.0,0,0.0,0,0.0,0.00,0.0,0,0,0
3965079707,通投-超大福利-星光款-灵犀人群包-新号-26.3.9,被计划暂停,审核通过,通投,直播间直接支付ROI,笔记（直播组件）,68ef797a0000000003020d04,66f67e4c000000001d03127d,视频笔记,通投-3月潜力笔记扩量2-多款-灵犀人群包-26.3.9,178769774,2026-03-09 10:48:26,0.00,0,0,0.0%,0.0,0.0,0,0.00,0.0,0,0,0.0,0,0,0.0,0,0.0,0,0.0,0,0.0,0,0.0,0,0.0,0,0.0,0,0.0,0,0.0,0,0.0,0.00,0.0,0,0,0
3965079706,通投-好搭子-星光款-灵犀人群包-新号-26.3.9,被计划暂停,审核通过,通投,直播间直接支付ROI,笔记（直播组件）,697c75a900000000220088d2,66f67e4c000000001d03127d,视频笔记,通投-3月潜力笔记扩量2-多款-灵犀人群包-26.3.9,178769774,2026-03-09 10:48:26,0.00,0,0,0.0%,0.0,0.0,0,0.00,0.0,0,0,0.0,0,0,0.0,0,0.0,0,0.0,0,0.0,0,0.0,0,0.0,0,0.0,0,0.0,0,0.0,0,0.0,0.00,0.0,0,0,0
3965079705,通投-机制来了-青春款-灵犀人群包-新号-26.3.9,被计划暂停,审核通过,通投,直播间直接支付ROI,笔记（直播组件）,697c62b0000000002202c4cf,66f67e4c000000001d03127d,视频笔记,通投-3月潜力笔记扩量2-多款-灵犀人群包-26.3.9,178769774,2026-03-09 10:48:26,0.00,0,0,0.0%,0.0,0.0,0,0.00,0.0,0,0,0.0,0,0,0.0,0,0.0,0,0.0,0,0.0,0,0.0,0,0.0,0,0.0,0,0.0,0,0.0,0,0.0,0.00,0.0,0,0,0
3965079704,通投-不到30-星光款-灵犀人群包-新号-26.3.9,被计划暂停,审核通过,通投,直播间直接支付ROI,笔记（直播组件）,697c72c5000000002202eafa,66f67e4c000000001d03127d,视频笔记,通投-3月潜力笔记扩量2-多款-灵犀人群包-26.3.9,178769774,2026-03-09 10:48:26,0.00,0,0,0.0%,0.0,0.0,0,0.00,0.0,0,0,0.0,0,0,0.0,0,0.0,0,0.0,0,0.0,0,0.0,0,0.0,0,0.0,0,0.0,0,0.0,0,0.0,0.00,0.0,0,0,0
3965079703,通投-柒玥的日记-星光款-灵犀人群包-达人-26.3.9,被计划暂停,审核通过,通投,直播间直接支付ROI,笔记（直播组件）,695cc7fa000000000a03dbbf,65ef011f000000000b0314a8,图文笔记,通投-3月潜力笔记扩量2-多款-灵犀人群包-26.3.9,178769774,2026-03-09 10:48:26,0.00,0,0,0.0%,0.0,0.0,0,0.00,0.0,0,0,0.0,0,0,0.0,0,0.0,0,0.0,0,0.0,0,0.0,0,0.0,0,0.0,0,0.0,0,0.0,0,0.0,0.00,0.0,0,0,0
3965079702,通投-孕期怎么-星光款-灵犀人群包-新号-26.3.9,被计划暂停,审核通过,通投,直播间直接支付ROI,笔记（直播组件）,698306350000000021033738,66f67e4c000000001d03127d,视频笔记,通投-3月潜力笔记扩量2-多款-灵犀人群包-26.3.9,178769774,2026-03-09 10:48:26,0.00,0,0,0.0%,0.0,0.0,0,0.00,0.0,0,0,0.0,0,0,0.0,0,0.0,0,0.0,0,0.0,0,0.0,0,0.0,0,0.0,0,0.0,0,0.0,0,0.0,0.00,0.0,0,0,0
3965263961,通投-养颜必看-合集款-灵犀人群包-日弘-26.3.9,被计划暂停,审核通过,通投,直播间直接支付ROI,笔记（直播组件）,692e49d1000000001e03004c,66f67e4c000000001d03127d,图文笔记,通投-3月潜力笔记扩量-多款-灵犀人群包-26.3.9,178765216,2026-03-09 10:41:22,0.00,0,0,0.0%,0.0,0.0,0,0.00,0.0,0,0,0.0,0,0,0.0,0,0.0,0,0.0,0,0.0,0,0.0,0,0.0,0,0.0,0,0.0,0,0.0,0,0.0,0.00,0.0,0,0,0
3965263960,通投-补对了-星光款-灵犀人群包-日弘-26.3.9-视频组,被计划暂停,审核通过,通投,直播间直接支付ROI,笔记（直播组件）,69328e92000000001e03bf8e,66f67e4c000000001d03127d,视频笔记,通投-3月潜力笔记扩量-多款-灵犀人群包-26.3.9,178765216,2026-03-09 10:41:22,0.00,0,0,0.0%,0.0,0.0,0,0.00,0.0,0,0,0.0,0,0,0.0,0,0.0,0,0.0,0,0.0,0,0.0,0,0.0,0,0.0,0,0.0,0,0.0,0,0.0,0.00,0.0,0,0,0
3965263959,通投-这篇就够-青春款-灵犀人群包-日弘-26.3.9,被计划暂停,审核通过,通投,直播间直接支付ROI,笔记（直播组件）,692e4ce0000000001e031250,66f67e4c000000001d03127d,图文笔记,通投-3月潜力笔记扩量-多款-灵犀人群包-26.3.9,178765216,2026-03-09 10:41:22,0.00,0,0,0.0%,0.0,0.0,0,0.00,0.0,0,0,0.0,0,0,0.0,0,0.0,0,0.0,0,0.0,0,0.0,0,0.0,0,0.0,0,0.0,0,0.0,0,0.0,0.00,0.0,0,0,0
3965263958,通投-一篇搞懂-合集款-灵犀人群包-日弘-26.3.9,被计划暂停,审核通过,通投,直播间直接支付ROI,笔记（直播组件）,697c0949000000002801dfff,66f67e4c000000001d03127d,图文笔记,通投-3月潜力笔记扩量-多款-灵犀人群包-26.3.9,178765216,2026-03-09 10:41:22,0.00,0,0,0.0%,0.0,0.0,0,0.00,0.0,0,0,0.0,0,0,0.0,0,0.0,0,0.0,0,0.0,0,0.0,0,0.0,0,0.0,0,0.0,0,0.0,0,0.0,0.00,0.0,0,0,0
3965263957,通投-说点大实话-星光款-灵犀人群包-新号-26.3.9,被计划暂停,审核拒绝,通投,直播间直接支付ROI,笔记（直播组件）,694d0203000000001e0052ff,66f67e4c000000001d03127d,图文笔记,通投-3月潜力笔记扩量-多款-灵犀人群包-26.3.9,178765216,2026-03-09 10:41:22,0.00,0,0,0.0%,0.0,0.0,0,0.00,0.0,0,0,0.0,0,0,0.0,0,0.0,0,0.0,0,0.0,0,0.0,0,0.0,0,0.0,0,0.0,0,0.0,0,0.0,0.00,0.0,0,0,0
3965263956,通投-子申Spring-星光款-灵犀人群包-达人-26.3.9,被计划暂停,审核通过,通投,直播间直接支付ROI,笔记（直播组件）,6918813a00000000050390ba,66a4d8aa000000001d0310d4,视频笔记,通投-3月潜力笔记扩量-多款-灵犀人群包-26.3.9,178765216,2026-03-09 10:41:22,0.00,0,0,0.0%,0.0,0.0,0,0.00,0.0,0,0,0.0,0,0,0.0,0,0.0,0,0.0,0,0.0,0,0.0,0,0.0,0,0.0,0,0.0,0,0.0,0,0.0,0.00,0.0,0,0,0
3965263955,通投-黛西也是得喜-星光款-灵犀人群包-达人-26.3.9,被计划暂停,审核通过,通投,直播间直接支付ROI,笔记（直播组件）,69159f3c000000000d03a4eb,55c2d947c2bdeb128a723508,视频笔记,通投-3月潜力笔记扩量-多款-灵犀人群包-26.3.9,178765216,2026-03-09 10:41:22,0.00,0,0,0.0%,0.0,0.0,0,0.00,0.0,0,0,0.0,0,0,0.0,0,0.0,0,0.0,0,0.0,0,0.0,0,0.0,0,0.0,0,0.0,0,0.0,0,0.0,0.00,0.0,0,0,0
3940942638,通投-一篇讲清楚-星光款-定向-日弘-26.3.6-视频组,暂停,审核通过,通投,直播间直接支付ROI,笔记（直播组件）,69aa8cda000000002602e194,66f67e4c000000001d03127d,视频笔记,通投-一篇讲清楚-星光款-定向-日弘-26.3.6-视频组,178342003,2026-03-06 16:49:11,0.00,0,0,0.0%,0.0,0.0,0,0.00,0.0,0,0,0.0,0,0,0.0,0,0.0,0,0.0,0,0.0,0,0.0,0,0.0,0,0.0,0,0.0,0,0.0,0,0.0,0.00,0.0,0,0,0
3940199838,通投-好皮肤内调-青春款-定向-日弘-26.3.6,被计划暂停,审核通过,通投,直播间直接支付ROI,笔记（直播组件）,69aa77b0000000000e03f7b1,66f67e4c000000001d03127d,图文笔记,通投-好皮肤内调-青春款-定向-日弘-26.3.6,178305861,2026-03-06 15:26:29,0.00,0,0,0.0%,0.0,0.0,0,0.00,0.0,0,0,0.0,0,0,0.0,0,0.0,0,0.0,0,0.0,0,0.0,0,0.0,0,0.0,0,0.0,0,0.0,0,0.0,0.00,0.0,0,0,0
3940197992,通投-教你选对-合集款-定向-日弘-26.3.6,有效,审核通过,通投,直播间直接支付ROI,笔记（直播组件）,69aa6d49000000000e03c302,66f67e4c000000001d03127d,图文笔记,通投-教你选对-合集款-定向-日弘-26.3.6,178290508,2026-03-06 15:25:31,0.00,2,0,0.0%,0.0,0.0,0,0.00,0.0,0,0,0.0,0,0,0.0,0,0.0,0,0.0,0,0.0,0.0,0.0,0,0.0,0.0,0.0,0,0.0,0.0,0.0,0,0.0,0.00,0.0,0,0,0.0
3940247906,通投-食补是关键-星光款-定向-日弘-26.3.6,被计划暂停,审核通过,通投,直播间直接支付ROI,笔记（直播组件）,69aa549a000000001a034b61,66f67e4c000000001d03127d,图文笔记,通投-食补是关键-星光款-定向-日弘-26.3.6,178285570,2026-03-06 15:23:10,0.00,0,0,0.0%,0.0,0.0,0,0.00,0.0,0,0,0.0,0,0,0.0,0,0.0,0,0.0,0,0.0,0,0.0,0,0.0,0,0.0,0,0.0,0,0.0,0,0.0,0.00,0.0,0,0,0
3939376089,通投-胡兵-星光款-定向-达人-26.3.6,暂停,审核通过,通投,直播间直接支付ROI,笔记（直播组件）,69a6732c000000001a031d84,5ad7429511be1074b1b27f59,视频笔记,通投-胡兵-星光款-定向-达人-26.3.6,178249309,2026-03-06 14:09:13,0.00,0,0,0.0%,0.0,0.0,0,0.00,0.0,0,0,0.0,0,0,0.0,0,0.0,0,0.0,0,0.0,0,0.0,0,0.0,0,0.0,0,0.0,0,0.0,0,0.0,0.00,0.0,0,0,0
3937894622,通投-胡兵-星光款-胡兵相关人群-达人-26.3.6,暂停,审核通过,通投,直播间直接支付ROI,笔记（直播组件）,69a6732c000000001a031d84,5ad7429511be1074b1b27f59,视频笔记,通投-胡兵-星光款-胡兵相关人群-达人-26.3.6,178228480,2026-03-06 11:49:47,0.00,0,0,0.0%,0.0,0.0,0,0.00,0.0,0,0,0.0,0,0,0.0,0,0.0,0,0.0,0,0.0,0,0.0,0,0.0,0,0.0,0,0.0,0,0.0,0,0.0,0.00,0.0,0,0,0
3936682718,通投-开挂好状态-星光款-定向-日弘-26.3.6,暂停,审核通过,通投,直播间直接支付ROI,笔记（直播组件）,6964a31b000000001a031321,66f67e4c000000001d03127d,图文笔记,通投-开挂好状态-星光款-定向-日弘-26.3.6,178204322,2026-03-06 09:43:46,0.00,0,0,0.0%,0.0,0.0,0,0.00,0.0,0,0,0.0,0,0,0.0,0,0.0,0,0.0,0,0.0,0,0.0,0,0.0,0,0.0,0,0.0,0,0.0,0,0.0,0.00,0.0,0,0,0
3936655752,通投-吴昕-星光款-吴昕相关人群-达人-26.3.6,被计划暂停,审核拒绝,通投,直播间直接支付ROI,笔记（直播组件）,69a638ed000000001d025ccc,5abb15dd4eacab6fbea4d384,视频笔记,通投-吴昕-星光款-吴昕相关人群-达人-26.3.6,178197359,2026-03-06 09:13:24,0.00,0,0,0.0%,0.0,0.0,0,0.00,0.0,0,0,0.0,0,0,0.0,0,0.0,0,0.0,0,0.0,0,0.0,0,0.0,0,0.0,0,0.0,0,0.0,0,0.0,0.00,0.0,0,0,0
3925686489,通投-徐璐-青春款-徐璐相关人群-达人-26.3.5,被计划暂停,审核通过,通投,直播间直接支付ROI,笔记（直播组件）,69a146bd000000001a02ab99,5915319d82ec3972c9eabbee,视频笔记,通投-徐璐-青春款-徐璐相关人群-达人-26.3.5,177919840,2026-03-05 09:14:59,0.00,0,0,0.0%,0.0,0.0,0,0.00,0.0,0,0,0.0,0,0,0.0,0,0.0,0,0.0,0,0.0,0,0.0,0,0.0,0,0.0,0,0.0,0,0.0,0,0.0,0.00,0.0,0,0,0
3925740947,通投-徐璐-青春款-定向-达人-26.3.5,被计划暂停,审核通过,通投,直播间直接支付ROI,笔记（直播组件）,69a146bd000000001a02ab99,5915319d82ec3972c9eabbee,视频笔记,通投-徐璐-青春款-定向-达人-26.3.5,177933600,2026-03-05 09:14:18,0.00,0,0,0.0%,0.0,0.0,0,0.00,0.0,0,0,0.0,0,0,0.0,0,0.0,0,0.0,0,0.0,0,0.0,0,0.0,0,0.0,0,0.0,0,0.0,0,0.0,0.00,0.0,0,0,0
3925682996,通投-吴昕-星光款-吴昕相关人群-达人-26.3.5,被计划暂停,审核拒绝,通投,直播间直接支付ROI,笔记（直播组件）,69a638ed000000001d025ccc,5abb15dd4eacab6fbea4d384,视频笔记,通投-吴昕-星光款-吴昕相关人群-达人-26.3.5,177938407,2026-03-05 09:11:53,0.00,0,0,0.0%,0.0,0.0,0,0.00,0.0,0,0,0.0,0,0,0.0,0,0.0,0,0.0,0,0.0,0,0.0,0,0.0,0,0.0,0,0.0,0,0.0,0,0.0,0.00,0.0,0,0,0
3925643882,通投-吴昕-星光款-定向-达人-26.3.5,被计划暂停,审核拒绝,通投,直播间直接支付ROI,笔记（直播组件）,69a638ed000000001d025ccc,5abb15dd4eacab6fbea4d384,视频笔记,通投-吴昕-星光款-定向-达人-26.3.5,177929019,2026-03-05 09:11:08,0.00,0,0,0.0%,0.0,0.0,0,0.00,0.0,0,0,0.0,0,0,0.0,0,0.0,0,0.0,0,0.0,0,0.0,0,0.0,0,0.0,0,0.0,0,0.0,0,0.0,0.00,0.0,0,0,0
3921078877,通投-这篇就够-青春款-换季滋养人群-日弘-26.3.4,被计划暂停,审核通过,通投,直播间直接支付ROI,笔记（直播组件）,692e4ce0000000001e031250,66f67e4c000000001d03127d,图文笔记,通投-这篇就够-青春款-换季滋养人群-日弘-26.3.4,177855767,2026-03-04 17:45:59,0.00,0,0,0.0%,0.0,0.0,0,0.00,0.0,0,0,0.0,0,0,0.0,0,0.0,0,0.0,0,0.0,0,0.0,0,0.0,0,0.0,0,0.0,0,0.0,0,0.0,0.00,0.0,0,0,0
3910606258,通投-不到30-星光款-换季滋补人群-新号-26.3.3,被计划暂停,审核通过,通投,直播间直接支付ROI,笔记（直播组件）,697c72c5000000002202eafa,66f67e4c000000001d03127d,视频笔记,通投-2月潜力笔记扩量-多款-换季滋补人群-26.3.3,177571050,2026-03-03 17:01:41,0.00,0,0,0.0%,0.0,0.0,0,0.00,0.0,0,0,0.0,0,0,0.0,0,0.0,0,0.0,0,0.0,0,0.0,0,0.0,0,0.0,0,0.0,0,0.0,0,0.0,0.00,0.0,0,0,0
3910606257,通投-Im大溪-星光款-换季滋补人群-达人-26.3.3,被计划暂停,审核通过,通投,直播间直接支付ROI,笔记（直播组件）,696dfc68000000001a0223e9,58f725a95e87e772e247d578,视频笔记,通投-2月潜力笔记扩量-多款-换季滋补人群-26.3.3,177571050,2026-03-03 17:01:41,0.00,0,0,0.0%,0.0,0.0,0,0.00,0.0,0,0,0.0,0,0,0.0,0,0.0,0,0.0,0,0.0,0,0.0,0,0.0,0,0.0,0,0.0,0,0.0,0,0.0,0.00,0.0,0,0,0
3910606256,通投-这篇就够-青春款-换季滋补人群-日弘-26.3.3,被计划暂停,审核通过,通投,直播间直接支付ROI,笔记（直播组件）,692e4ce0000000001e031250,66f67e4c000000001d03127d,图文笔记,通投-2月潜力笔记扩量-多款-换季滋补人群-26.3.3,177571050,2026-03-03 17:01:41,0.00,0,0,0.0%,0.0,0.0,0,0.00,0.0,0,0,0.0,0,0,0.0,0,0.0,0,0.0,0,0.0,0,0.0,0,0.0,0,0.0,0,0.0,0,0.0,0,0.0,0.00,0.0,0,0,0
3908741512,商品-补对了-星光款-孕期自律人群-日弘-26.3.3-视频组,暂停,审核通过,通投,直播间直接支付ROI,笔记（直播组件）,69328e92000000001e03bf8e,66f67e4c000000001d03127d,视频笔记,通投-2月潜力笔记扩量-多款-孕期自律人群-26.3.3,177508805,2026-03-03 13:42:10,0.00,0,0,0.0%,0.0,0.0,0,0.00,0.0,0,0,0.0,0,0,0.0,0,0.0,0,0.0,0,0.0,0,0.0,0,0.0,0,0.0,0,0.0,0,0.0,0,0.0,0.00,0.0,0,0,0
3908741511,通投-好搭子-星光款-孕期自律人群-新号-26.3.3,被计划暂停,审核通过,通投,直播间直接支付ROI,笔记（直播组件）,697c75a900000000220088d2,66f67e4c000000001d03127d,视频笔记,通投-2月潜力笔记扩量-多款-孕期自律人群-26.3.3,177508805,2026-03-03 13:42:10,0.00,0,0,0.0%,0.0,0.0,0,0.00,0.0,0,0,0.0,0,0,0.0,0,0.0,0,0.0,0,0.0,0,0.0,0,0.0,0,0.0,0,0.0,0,0.0,0,0.0,0.00,0.0,0,0,0
3908741510,通投-孕期怎么-星光款-孕期自律人群-新号-26.3.3,被计划暂停,审核通过,通投,直播间直接支付ROI,笔记（直播组件）,698306350000000021033738,66f67e4c000000001d03127d,视频笔记,通投-2月潜力笔记扩量-多款-孕期自律人群-26.3.3,177508805,2026-03-03 13:42:10,0.00,0,0,0.0%,0.0,0.0,0,0.00,0.0,0,0,0.0,0,0,0.0,0,0.0,0,0.0,0,0.0,0,0.0,0,0.0,0,0.0,0,0.0,0,0.0,0,0.0,0.00,0.0,0,0,0
3908741509,通投-子申Spring-星光款-孕期自律人群-达人-26.3.3,被计划暂停,审核通过,通投,直播间直接支付ROI,笔记（直播组件）,6918813a00000000050390ba,66a4d8aa000000001d0310d4,视频笔记,通投-2月潜力笔记扩量-多款-孕期自律人群-26.3.3,177508805,2026-03-03 13:42:10,0.00,0,0,0.0%,0.0,0.0,0,0.00,0.0,0,0,0.0,0,0,0.0,0,0.0,0,0.0,0,0.0,0,0.0,0,0.0,0,0.0,0,0.0,0,0.0,0,0.0,0.00,0.0,0,0,0
3908741508,通投-黛西也是得喜-星光款-孕期自律人群-达人-26.3.3,暂停,审核通过,通投,直播间直接支付ROI,笔记（直播组件）,69159f3c000000000d03a4eb,55c2d947c2bdeb128a723508,视频笔记,通投-2月潜力笔记扩量-多款-孕期自律人群-26.3.3,177508805,2026-03-03 13:42:10,0.00,0,0,0.0%,0.0,0.0,0,0.00,0.0,0,0,0.0,0,0,0.0,0,0.0,0,0.0,0,0.0,0,0.0,0,0.0,0,0.0,0,0.0,0,0.0,0,0.0,0.00,0.0,0,0,0
3907570369,通投-岁岁不熬夜-星光款-换季滋养人群-达人-26.3.3,被计划暂停,审核通过,通投,直播间直接支付ROI,笔记（直播组件）,69a16cc0000000001a0231b3,64843e69000000002a0378e6,视频笔记,通投-3月达人笔记-星光款-换季滋养人群-26.3.3,177486058,2026-03-03 11:27:52,0.00,0,0,0.0%,0.0,0.0,0,0.00,0.0,0,0,0.0,0,0,0.0,0,0.0,0,0.0,0,0.0,0,0.0,0,0.0,0,0.0,0,0.0,0,0.0,0,0.0,0.00,0.0,0,0,0
3907570368,通投-子荷-星光款-换季滋养人群-达人-26.3.3,暂停,审核通过,通投,直播间直接支付ROI,笔记（直播组件）,69a148e7000000002202c1a9,5aabe4aee8ac2b6bf6afc90f,视频笔记,通投-3月达人笔记-星光款-换季滋养人群-26.3.3,177486058,2026-03-03 11:27:52,0.00,0,0,0.0%,0.0,0.0,0,0.00,0.0,0,0,0.0,0,0,0.0,0,0.0,0,0.0,0,0.0,0,0.0,0,0.0,0,0.0,0,0.0,0,0.0,0,0.0,0.00,0.0,0,0,0
3907570367,通投-徐璐-青春款-换季滋养人群-达人-26.3.3,暂停,审核通过,通投,直播间直接支付ROI,笔记（直播组件）,69a146bd000000001a02ab99,5915319d82ec3972c9eabbee,视频笔记,通投-3月达人笔记-星光款-换季滋养人群-26.3.3,177486058,2026-03-03 11:27:52,0.00,0,0,0.0%,0.0,0.0,0,0.00,0.0,0,0,0.0,0,0,0.0,0,0.0,0,0.0,0,0.0,0,0.0,0,0.0,0,0.0,0,0.0,0,0.0,0,0.0,0.00,0.0,0,0,0
3907570366,通投-木易成长记-星光款-换季滋养人群-达人-26.3.3,被计划暂停,审核通过,通投,直播间直接支付ROI,笔记（直播组件）,69a26360000000001b01eb19,6166d033000000001f03c9e0,图文笔记,通投-3月达人笔记-星光款-换季滋养人群-26.3.3,177486058,2026-03-03 11:27:52,0.00,0,0,0.0%,0.0,0.0,0,0.00,0.0,0,0,0.0,0,0,0.0,0,0.0,0,0.0,0,0.0,0,0.0,0,0.0,0,0.0,0,0.0,0,0.0,0,0.0,0.00,0.0,0,0,0
3907570365,通投-Milkyyo-星光款-换季滋养人群-达人-26.3.3,被计划暂停,审核通过,通投,直播间直接支付ROI,笔记（直播组件）,69a2679e000000001a0246b7,55b63df8c2bdeb645c164db4,图文笔记,通投-3月达人笔记-星光款-换季滋养人群-26.3.3,177486058,2026-03-03 11:27:52,0.00,0,0,0.0%,0.0,0.0,0,0.00,0.0,0,0,0.0,0,0,0.0,0,0.0,0,0.0,0,0.0,0,0.0,0,0.0,0,0.0,0,0.0,0,0.0,0,0.0,0.00,0.0,0,0,0
3907570364,通投-佳艾拉-星光款-换季滋养人群-达人-26.3.3,被计划暂停,审核拒绝,通投,直播间直接支付ROI,笔记（直播组件）,69a3be02000000001a02da07,5a1bc0ea4eacab2b2d81e89a,视频笔记,通投-3月达人笔记-星光款-换季滋养人群-26.3.3,177486058,2026-03-03 11:27:52,0.00,0,0,0.0%,0.0,0.0,0,0.00,0.0,0,0,0.0,0,0,0.0,0,0.0,0,0.0,0,0.0,0,0.0,0,0.0,0,0.0,0,0.0,0,0.0,0,0.0,0.00,0.0,0,0,0
3907570363,通投-婧威vivi-星光款-换季滋养人群-达人-26.3.3,被计划暂停,审核通过,通投,直播间直接支付ROI,笔记（直播组件）,69a2b231000000001b01c239,581eec0f82ec3959241a3da2,视频笔记,通投-3月达人笔记-星光款-换季滋养人群-26.3.3,177486058,2026-03-03 11:27:52,0.00,0,0,0.0%,0.0,0.0,0,0.00,0.0,0,0,0.0,0,0,0.0,0,0.0,0,0.0,0,0.0,0,0.0,0,0.0,0,0.0,0,0.0,0,0.0,0,0.0,0.00,0.0,0,0,0
3907570362,通投-恩崽妈咪-星光款-换季滋养人群-达人-26.3.3,被计划暂停,审核通过,通投,直播间直接支付ROI,笔记（直播组件）,69a163e90000000022021500,63353dec000000001802f0f6,视频笔记,通投-3月达人笔记-星光款-换季滋养人群-26.3.3,177486058,2026-03-03 11:27:52,0.00,0,0,0.0%,0.0,0.0,0,0.00,0.0,0,0,0.0,0,0,0.0,0,0.0,0,0.0,0,0.0,0,0.0,0,0.0,0,0.0,0,0.0,0,0.0,0,0.0,0.00,0.0,0,0,0
3907269745,通投-岁岁不熬夜-星光款-定向-达人-26.3.3,被计划暂停,审核通过,通投,直播间直接支付ROI,笔记（直播组件）,69a16cc0000000001a0231b3,64843e69000000002a0378e6,视频笔记,通投-3月达人笔记-星光款-定向-26.3.3,177488359,2026-03-03 11:07:00,0.00,0,0,0.0%,0.0,0.0,0,0.00,0.0,0,0,0.0,0,0,0.0,0,0.0,0,0.0,0,0.0,0,0.0,0,0.0,0,0.0,0,0.0,0,0.0,0,0.0,0.00,0.0,0,0,0
3907269744,通投-子荷-星光款-定向-达人-26.3.3,暂停,审核通过,通投,直播间直接支付ROI,笔记（直播组件）,69a148e7000000002202c1a9,5aabe4aee8ac2b6bf6afc90f,视频笔记,通投-3月达人笔记-星光款-定向-26.3.3,177488359,2026-03-03 11:07:00,0.00,0,0,0.0%,0.0,0.0,0,0.00,0.0,0,0,0.0,0,0,0.0,0,0.0,0,0.0,0,0.0,0,0.0,0,0.0,0,0.0,0,0.0,0,0.0,0,0.0,0.00,0.0,0,0,0
3907269743,通投-徐璐-青春款-定向-达人-26.3.3,暂停,审核通过,通投,直播间直接支付ROI,笔记（直播组件）,69a146bd000000001a02ab99,5915319d82ec3972c9eabbee,视频笔记,通投-3月达人笔记-星光款-定向-26.3.3,177488359,2026-03-03 11:07:00,0.00,0,0,0.0%,0.0,0.0,0,0.00,0.0,0,0,0.0,0,0,0.0,0,0.0,0,0.0,0,0.0,0,0.0,0,0.0,0,0.0,0,0.0,0,0.0,0,0.0,0.00,0.0,0,0,0
3907269742,通投-木易成长记-星光款-定向-达人-26.3.3,被计划暂停,审核通过,通投,直播间直接支付ROI,笔记（直播组件）,69a26360000000001b01eb19,6166d033000000001f03c9e0,图文笔记,通投-3月达人笔记-星光款-定向-26.3.3,177488359,2026-03-03 11:07:00,0.00,0,0,0.0%,0.0,0.0,0,0.00,0.0,0,0,0.0,0,0,0.0,0,0.0,0,0.0,0,0.0,0,0.0,0,0.0,0,0.0,0,0.0,0,0.0,0,0.0,0.00,0.0,0,0,0
3907269741,通投-Milkyyo-星光款-定向-达人-26.3.3,被计划暂停,审核通过,通投,直播间直接支付ROI,笔记（直播组件）,69a2679e000000001a0246b7,55b63df8c2bdeb645c164db4,图文笔记,通投-3月达人笔记-星光款-定向-26.3.3,177488359,2026-03-03 11:07:00,0.00,0,0,0.0%,0.0,0.0,0,0.00,0.0,0,0,0.0,0,0,0.0,0,0.0,0,0.0,0,0.0,0,0.0,0,0.0,0,0.0,0,0.0,0,0.0,0,0.0,0.00,0.0,0,0,0
3907269740,通投-佳艾拉-星光款-定向-达人-26.3.3,被计划暂停,审核拒绝,通投,直播间直接支付ROI,笔记（直播组件）,69a3be02000000001a02da07,5a1bc0ea4eacab2b2d81e89a,视频笔记,通投-3月达人笔记-星光款-定向-26.3.3,177488359,2026-03-03 11:07:00,0.00,0,0,0.0%,0.0,0.0,0,0.00,0.0,0,0,0.0,0,0,0.0,0,0.0,0,0.0,0,0.0,0,0.0,0,0.0,0,0.0,0,0.0,0,0.0,0,0.0,0.00,0.0,0,0,0
3907269739,通投-婧威vivi-星光款-定向-达人-26.3.3,被计划暂停,审核通过,通投,直播间直接支付ROI,笔记（直播组件）,69a2b231000000001b01c239,581eec0f82ec3959241a3da2,视频笔记,通投-3月达人笔记-星光款-定向-26.3.3,177488359,2026-03-03 11:07:00,0.00,0,0,0.0%,0.0,0.0,0,0.00,0.0,0,0,0.0,0,0,0.0,0,0.0,0,0.0,0,0.0,0,0.0,0,0.0,0,0.0,0,0.0,0,0.0,0,0.0,0.00,0.0,0,0,0
3907269738,通投-恩崽妈咪-星光款-定向-达人-26.3.3,被计划暂停,审核通过,通投,直播间直接支付ROI,笔记（直播组件）,69a163e90000000022021500,63353dec000000001802f0f6,视频笔记,通投-3月达人笔记-星光款-定向-26.3.3,177488359,2026-03-03 11:07:00,0.00,0,0,0.0%,0.0,0.0,0,0.00,0.0,0,0,0.0,0,0,0.0,0,0.0,0,0.0,0,0.0,0,0.0,0,0.0,0,0.0,0,0.0,0,0.0,0,0.0,0.00,0.0,0,0,0
3897254580,通投-38节囤货指南-合集款-灵犀人群包-日弘-26.3.2,暂停,审核通过,通投,直播间直接支付ROI,笔记（直播组件）,699f9d18000000001a01dd5f,66f67e4c000000001d03127d,图文笔记,通投-38节囤货指南-合集款-灵犀人群包-日弘-26.3.2,177269478,2026-03-02 10:17:11,0.00,0,0,0.0%,0.0,0.0,0,0.00,0.0,0,0,0.0,0,0,0.0,0,0.0,0,0.0,0,0.0,0,0.0,0,0.0,0,0.0,0,0.0,0,0.0,0,0.0,0.00,0.0,0,0,0
3896583564,通投-告诉你答案-星光款-孕期滋补人群-日弘-26.3.2,被计划暂停,审核通过,通投,直播间直接支付ROI,笔记（直播组件）,6982ad53000000001a02b382,66f67e4c000000001d03127d,图文笔记,通投-告诉你答案-星光款-孕期滋补人群-日弘-26.3.2,177255888,2026-03-02 09:01:55,0.00,0,0,0.0%,0.0,0.0,0,0.00,0.0,0,0,0.0,0,0,0.0,0,0.0,0,0.0,0,0.0,0,0.0,0,0.0,0,0.0,0,0.0,0,0.0,0,0.0,0.00,0.0,0,0,0
3874580075,通投-38节奢养-星光款-定向-日弘-26.2.27,被计划暂停,审核通过,通投,直播间直接支付ROI,笔记（直播组件）,69a11739000000001a0293ea,66f67e4c000000001d03127d,图文笔记,通投-38节奢养-星光款-定向-日弘-26.2.27,176852285,2026-02-27 17:14:43,0.00,0,0,0.0%,0.0,0.0,0,0.00,0.0,0,0,0.0,0,0,0.0,0,0.0,0,0.0,0,0.0,0,0.0,0,0.0,0,0.0,0,0.0,0,0.0,0,0.0,0.00,0.0,0,0,0
3873526859,通投-Rika_花花-星光款-孕期滋补人群包-达人-26.2.27,暂停,审核通过,通投,直播间直接支付ROI,笔记（直播组件）,6978a2f2000000002801c5c1,59631bbb6a6a69700bdeb43b,视频笔记,通投-1月达人笔记3-星光款-孕期滋补人群包-26.2.27,176795637,2026-02-27 14:59:25,0.00,0,0,0.0%,0.0,0.0,0,0.00,0.0,0,0,0.0,0,0,0.0,0,0.0,0,0.0,0,0.0,0,0.0,0,0.0,0,0.0,0,0.0,0,0.0,0,0.0,0.00,0.0,0,0,0
3873526858,通投-徐嘘嘘xi（小月龄）-星光款-孕期滋补人群包-达人-26.2.27,被计划暂停,审核通过,通投,直播间直接支付ROI,笔记（直播组件）,695a11a4000000001e03b5a1,657c0ca2000000002003196e,图文笔记,通投-1月达人笔记3-星光款-孕期滋补人群包-26.2.27,176795637,2026-02-27 14:59:25,0.00,0,0,0.0%,0.0,0.0,0,0.00,0.0,0,0,0.0,0,0,0.0,0,0.0,0,0.0,0,0.0,0,0.0,0,0.0,0,0.0,0,0.0,0,0.0,0,0.0,0.00,0.0,0,0,0
3873526857,通投-Piger💭（哺乳期）-星光款-孕期滋补人群包-达人-26.2.27,被计划暂停,审核通过,通投,直播间直接支付ROI,笔记（直播组件）,695a1924000000001e02d108,58f5a89d6a6a69476c3c3a2e,图文笔记,通投-1月达人笔记3-星光款-孕期滋补人群包-26.2.27,176795637,2026-02-27 14:59:25,0.00,0,0,0.0%,0.0,0.0,0,0.00,0.0,0,0,0.0,0,0,0.0,0,0.0,0,0.0,0,0.0,0,0.0,0,0.0,0,0.0,0,0.0,0,0.0,0,0.0,0.00,0.0,0,0,0
3873526856,通投-肚肚的小尾巴-星光款-孕期滋补人群包-达人-26.2.27,被计划暂停,审核通过,通投,直播间直接支付ROI,笔记（直播组件）,6953c9a1000000002200b133,5d9b7e8700000000010059f6,图文笔记,通投-1月达人笔记3-星光款-孕期滋补人群包-26.2.27,176795637,2026-02-27 14:59:25,0.00,0,0,0.0%,0.0,0.0,0,0.00,0.0,0,0,0.0,0,0,0.0,0,0.0,0,0.0,0,0.0,0,0.0,0,0.0,0,0.0,0,0.0,0,0.0,0,0.0,0.00,0.0,0,0,0
3873524912,通投-Rika_花花-星光款-定向-达人-26.2.27,暂停,审核通过,通投,直播间直接支付ROI,笔记（直播组件）,6978a2f2000000002801c5c1,59631bbb6a6a69700bdeb43b,视频笔记,通投-1月达人笔记3-星光款-定向-26.2.27,176790277,2026-02-27 14:58:11,0.00,0,0,0.0%,0.0,0.0,0,0.00,0.0,0,0,0.0,0,0,0.0,0,0.0,0,0.0,0,0.0,0,0.0,0,0.0,0,0.0,0,0.0,0,0.0,0,0.0,0.00,0.0,0,0,0
3873524911,通投-徐嘘嘘xi（小月龄）-星光款-定向-达人-26.2.27,被计划暂停,审核通过,通投,直播间直接支付ROI,笔记（直播组件）,695a11a4000000001e03b5a1,657c0ca2000000002003196e,图文笔记,通投-1月达人笔记3-星光款-定向-26.2.27,176790277,2026-02-27 14:58:11,0.00,0,0,0.0%,0.0,0.0,0,0.00,0.0,0,0,0.0,0,0,0.0,0,0.0,0,0.0,0,0.0,0,0.0,0,0.0,0,0.0,0,0.0,0,0.0,0,0.0,0.00,0.0,0,0,0
3873524910,通投-Piger💭（哺乳期）-星光款-定向-达人-26.2.27,被计划暂停,审核通过,通投,直播间直接支付ROI,笔记（直播组件）,695a1924000000001e02d108,58f5a89d6a6a69476c3c3a2e,图文笔记,通投-1月达人笔记3-星光款-定向-26.2.27,176790277,2026-02-27 14:58:11,0.00,0,0,0.0%,0.0,0.0,0,0.00,0.0,0,0,0.0,0,0,0.0,0,0.0,0,0.0,0,0.0,0,0.0,0,0.0,0,0.0,0,0.0,0,0.0,0,0.0,0.00,0.0,0,0,0
3873524909,通投-肚肚的小尾巴-星光款-定向-达人-26.2.27,被计划暂停,审核通过,通投,直播间直接支付ROI,笔记（直播组件）,6953c9a1000000002200b133,5d9b7e8700000000010059f6,图文笔记,通投-1月达人笔记3-星光款-定向-26.2.27,176790277,2026-02-27 14:58:11,0.00,0,0,0.0%,0.0,0.0,0,0.00,0.0,0,0,0.0,0,0,0.0,0,0.0,0,0.0,0,0.0,0,0.0,0,0.0,0,0.0,0,0.0,0,0.0,0,0.0,0.00,0.0,0,0,0
3873260347,通投-iamcara-星光款-定向-达人-26.2.27,暂停,审核通过,通投,直播间直接支付ROI,笔记（直播组件）,699e8989000000001a025eed,5d0efbc60000000010015118,视频笔记,通投-1月达人笔记2-星光款-定向-26.2.27,176767706,2026-02-27 14:55:03,0.00,0,0,0.0%,0.0,0.0,0,0.00,0.0,0,0,0.0,0,0,0.0,0,0.0,0,0.0,0,0.0,0,0.0,0,0.0,0,0.0,0,0.0,0,0.0,0,0.0,0.00,0.0,0,0,0
3873260346,通投-Lynn张小圆-星光款-定向-达人-26.2.27,暂停,审核通过,通投,直播间直接支付ROI,笔记（直播组件）,699fe7c1000000001a01d78c,548ce31bb4c4d616fab5c4a1,视频笔记,通投-1月达人笔记2-星光款-定向-26.2.27,176767706,2026-02-27 14:55:03,0.00,0,0,0.0%,0.0,0.0,0,0.00,0.0,0,0,0.0,0,0,0.0,0,0.0,0,0.0,0,0.0,0,0.0,0,0.0,0,0.0,0,0.0,0,0.0,0,0.0,0.00,0.0,0,0,0
3873260345,通投-Wiwen_wen-星光款-定向-达人-26.2.27,暂停,审核拒绝,通投,直播间直接支付ROI,笔记（直播组件）,699ea9360000000016009f48,5a27fa4911be101beabd8e9a,视频笔记,通投-1月达人笔记2-星光款-定向-26.2.27,176767706,2026-02-27 14:55:03,0.00,0,0,0.0%,0.0,0.0,0,0.00,0.0,0,0,0.0,0,0,0.0,0,0.0,0,0.0,0,0.0,0,0.0,0,0.0,0,0.0,0,0.0,0,0.0,0,0.0,0.00,0.0,0,0,0
3873260344,通投-潘宝球-星光款-定向-达人-26.2.27,被计划暂停,审核通过,通投,直播间直接支付ROI,笔记（直播组件）,699ebd300000000015038591,5ab8de4311be103c8667537b,视频笔记,通投-1月达人笔记2-星光款-定向-26.2.27,176767706,2026-02-27 14:55:03,0.00,0,0,0.0%,0.0,0.0,0,0.00,0.0,0,0,0.0,0,0,0.0,0,0.0,0,0.0,0,0.0,0,0.0,0,0.0,0,0.0,0,0.0,0,0.0,0,0.0,0.00,0.0,0,0,0
3873254632,通投-柒玥的日记-星光款-定向-达人-26.2.27,被计划暂停,审核通过,通投,直播间直接支付ROI,笔记（直播组件）,695cc7fa000000000a03dbbf,65ef011f000000000b0314a8,图文笔记,通投-1月达人笔记-星光款-定向-26.2.27,176767536,2026-02-27 14:51:50,0.00,0,0,0.0%,0.0,0.0,0,0.00,0.0,0,0,0.0,0,0,0.0,0,0.0,0,0.0,0,0.0,0,0.0,0,0.0,0,0.0,0,0.0,0,0.0,0,0.0,0.00,0.0,0,0,0
3873254631,通投-七岁-星光款-定向-达人-26.2.27,暂停,审核通过,通投,直播间直接支付ROI,笔记（直播组件）,696b736d000000000a03eb9b,623817200000000021027f16,视频笔记,通投-1月达人笔记-星光款-定向-26.2.27,176767536,2026-02-27 14:51:50,0.00,0,0,0.0%,0.0,0.0,0,0.00,0.0,0,0,0.0,0,0,0.0,0,0.0,0,0.0,0,0.0,0,0.0,0,0.0,0,0.0,0,0.0,0,0.0,0,0.0,0.00,0.0,0,0,0
3873254630,通投-xminminminxx-星光款-定向-达人-26.2.27,被计划暂停,审核通过,通投,直播间直接支付ROI,笔记（直播组件）,6968974d0000000022031ff7,5a3620254eacab55187ae1c5,视频笔记,通投-1月达人笔记-星光款-定向-26.2.27,176767536,2026-02-27 14:51:50,0.00,0,0,0.0%,0.0,0.0,0,0.00,0.0,0,0,0.0,0,0,0.0,0,0.0,0,0.0,0,0.0,0,0.0,0,0.0,0,0.0,0,0.0,0,0.0,0,0.0,0.00,0.0,0,0,0
3873254629,通投-叮叮叮叮-星光款-定向-达人-26.2.27,被计划暂停,审核通过,通投,直播间直接支付ROI,笔记（直播组件）,695e25da000000002102bd00,5cb34ba4000000001200d403,视频笔记,通投-1月达人笔记-星光款-定向-26.2.27,176767536,2026-02-27 14:51:50,0.00,0,0,0.0%,0.0,0.0,0,0.00,0.0,0,0,0.0,0,0,0.0,0,0.0,0,0.0,0,0.0,0,0.0,0,0.0,0,0.0,0,0.0,0,0.0,0,0.0,0.00,0.0,0,0,0
3873254628,通投-Im大溪-星光款-定向-达人-26.2.27,被计划暂停,审核通过,通投,直播间直接支付ROI,笔记（直播组件）,696dfc68000000001a0223e9,58f725a95e87e772e247d578,视频笔记,通投-1月达人笔记-星光款-定向-26.2.27,176767536,2026-02-27 14:51:50,0.00,0,0,0.0%,0.0,0.0,0,0.00,0.0,0,0,0.0,0,0,0.0,0,0.0,0,0.0,0,0.0,0,0.0,0,0.0,0,0.0,0,0.0,0,0.0,0,0.0,0.00,0.0,0,0,0
3860979537,通投-38节囤货指南-合集款-定向-日弘-26.2.26,暂停,审核通过,通投,直播间直接支付ROI,笔记（直播组件）,699f9d18000000001a01dd5f,66f67e4c000000001d03127d,图文笔记,通投-38节囤货指南-合集款-定向-日弘-26.2.26,176516920,2026-02-26 09:55:36,0.00,0,0,0.0%,0.0,0.0,0,0.00,0.0,0,0,0.0,0,0,0.0,0,0.0,0,0.0,0,0.0,0,0.0,0,0.0,0,0.0,0,0.0,0,0.0,0,0.0,0.00,0.0,0,0,0
3843625466,通投-太关键了-青春款-定向-日弘-26.2.24,被计划暂停,审核通过,通投,直播间直接支付ROI,笔记（直播组件）,6985b946000000001a0212c7,66f67e4c000000001d03127d,图文笔记,通投-太关键了-青春款-定向-日弘-26.2.24,176096370,2026-02-24 11:12:54,0.00,0,0,0.0%,0.0,0.0,0,0.00,0.0,0,0,0.0,0,0,0.0,0,0.0,0,0.0,0,0.0,0,0.0,0,0.0,0,0.0,0,0.0,0,0.0,0,0.0,0.00,0.0,0,0,0
3778194032,通投-不同阶段-合集款-定向-日弘-26.2.12,暂停,审核通过,通投,直播间直接支付ROI,笔记（直播组件）,698d99de000000000d009baa,66f67e4c000000001d03127d,图文笔记,通投-不同阶段-合集款-定向-日弘-26.2.12,175001671,2026-02-12 17:57:56,0.00,0,0,0.0%,0.0,0.0,0,0.00,0.0,0,0,0.0,0,0,0.0,0,0.0,0,0.0,0,0.0,0,0.0,0,0.0,0,0.0,0,0.0,0,0.0,0,0.0,0.00,0.0,0,0,0
3777994378,通投-白胖马宝宝-星光款-定向-日弘-26.2.12-视频组,暂停,审核通过,通投,直播间直接支付ROI,笔记（直播组件）,698d99690000000009038408,66f67e4c000000001d03127d,视频笔记,通投-白胖马宝宝-星光款-定向-日弘-26.2.12,175006769,2026-02-12 17:57:06,0.00,0,0,0.0%,0.0,0.0,0,0.00,0.0,0,0,0.0,0,0,0.0,0,0.0,0,0.0,0,0.0,0,0.0,0,0.0,0,0.0,0,0.0,0,0.0,0,0.0,0.00,0.0,0,0,0
3775773119,通投-请大数据-马年礼盒-长辈送礼+牛奶坚果-日弘-26.2.12,被计划暂停,审核通过,通投,直播间直接支付ROI,笔记（直播组件）,6985b0dd000000001a02e3d5,66f67e4c000000001d03127d,图文笔记,通投-请大数据-马年礼盒-长辈送礼+牛奶坚果-日弘-26.2.12,174929828,2026-02-12 11:47:53,0.00,0,0,0.0%,0.0,0.0,0,0.00,0.0,0,0,0.0,0,0,0.0,0,0.0,0,0.0,0,0.0,0,0.0,0,0.0,0,0.0,0,0.0,0,0.0,0,0.0,0.00,0.0,0,0,0
3775534885,通投-开春逆袭-星光款-定向-新号-26.2.12,被计划暂停,审核通过,通投,直播间直接支付ROI,笔记（直播组件）,6985b2b9000000001d010944,66f67e4c000000001d03127d,视频笔记,通投-1月新笔记测试3-星光款-定向-26.2.12,174939370,2026-02-12 11:12:03,0.00,0,0,0.0%,0.0,0.0,0,0.00,0.0,0,0,0.0,0,0,0.0,0,0.0,0,0.0,0,0.0,0,0.0,0,0.0,0,0.0,0,0.0,0,0.0,0,0.0,0.00,0.0,0,0,0
3775534884,通投-都在喝-星光款-定向-新号-26.2.12,被计划暂停,审核通过,通投,直播间直接支付ROI,笔记（直播组件）,6985aed6000000001503b7db,66f67e4c000000001d03127d,视频笔记,通投-1月新笔记测试3-星光款-定向-26.2.12,174939370,2026-02-12 11:12:03,0.00,0,0,0.0%,0.0,0.0,0,0.00,0.0,0,0,0.0,0,0,0.0,0,0.0,0,0.0,0,0.0,0,0.0,0,0.0,0,0.0,0,0.0,0,0.0,0,0.0,0.00,0.0,0,0,0
3775534883,通投-给孕妈妈-星光款-定向-新号-26.2.12,被计划暂停,审核通过,通投,直播间直接支付ROI,笔记（直播组件）,6985afec000000001503beeb,66f67e4c000000001d03127d,视频笔记,通投-1月新笔记测试3-星光款-定向-26.2.12,174939370,2026-02-12 11:12:03,0.00,0,0,0.0%,0.0,0.0,0,0.00,0.0,0,0,0.0,0,0,0.0,0,0.0,0,0.0,0,0.0,0,0.0,0,0.0,0,0.0,0,0.0,0,0.0,0,0.0,0.00,0.0,0,0,0
3775534882,通投-年货天花板-星光款-定向-新号-26.2.12,暂停,审核通过,通投,直播间直接支付ROI,笔记（直播组件）,6985af4c000000001d0132cb,66f67e4c000000001d03127d,视频笔记,通投-1月新笔记测试3-星光款-定向-26.2.12,174939370,2026-02-12 11:12:03,0.00,0,0,0.0%,0.0,0.0,0,0.00,0.0,0,0,0.0,0,0,0.0,0,0.0,0,0.0,0,0.0,0,0.0,0,0.0,0,0.0,0,0.0,0,0.0,0,0.0,0.00,0.0,0,0,0
3775534881,通投-马宝宝-星光款-定向-新号-26.2.12,暂停,审核通过,通投,直播间直接支付ROI,笔记（直播组件）,6985abec000000001b014e98,66f67e4c000000001d03127d,视频笔记,通投-1月新笔记测试3-星光款-定向-26.2.12,174939370,2026-02-12 11:12:03,0.00,0,0,0.0%,0.0,0.0,0,0.00,0.0,0,0,0.0,0,0,0.0,0,0.0,0,0.0,0,0.0,0,0.0,0,0.0,0,0.0,0,0.0,0,0.0,0,0.0,0.00,0.0,0,0,0
3775534880,通投-新年新滋补-星光款-定向-新号-26.2.12,被计划暂停,审核通过,通投,直播间直接支付ROI,笔记（直播组件）,6985adb4000000001d0257be,66f67e4c000000001d03127d,视频笔记,通投-1月新笔记测试3-星光款-定向-26.2.12,174939370,2026-02-12 11:12:03,0.00,0,0,0.0%,0.0,0.0,0,0.00,0.0,0,0,0.0,0,0,0.0,0,0.0,0,0.0,0,0.0,0,0.0,0,0.0,0,0.0,0,0.0,0,0.0,0,0.0,0.00,0.0,0,0,0
3775478865,通投-真能吃出来-星光款-定向-新号-26.2.12,暂停,审核通过,通投,直播间直接支付ROI,笔记（直播组件）,697c80490000000022038c36,66f67e4c000000001d03127d,视频笔记,通投-1月新笔记测试2-星光款-定向-26.2.12,174933707,2026-02-12 11:06:00,0.00,0,0,0.0%,0.0,0.0,0,0.00,0.0,0,0,0.0,0,0,0.0,0,0.0,0,0.0,0,0.0,0,0.0,0,0.0,0,0.0,0,0.0,0,0.0,0,0.0,0.00,0.0,0,0,0
3775478864,通投-王炸福利来了-星光款-定向-新号-26.2.12,暂停,审核通过,通投,直播间直接支付ROI,笔记（直播组件）,697c80d6000000002102adb5,66f67e4c000000001d03127d,视频笔记,通投-1月新笔记测试2-星光款-定向-26.2.12,174933707,2026-02-12 11:06:00,0.00,0,0,0.0%,0.0,0.0,0,0.00,0.0,0,0,0.0,0,0,0.0,0,0.0,0,0.0,0,0.0,0,0.0,0,0.0,0,0.0,0,0.0,0,0.0,0,0.0,0.00,0.0,0,0,0
3775478863,通投-好搭子-星光款-定向-新号-26.2.12,被计划暂停,审核通过,通投,直播间直接支付ROI,笔记（直播组件）,697c75a900000000220088d2,66f67e4c000000001d03127d,视频笔记,通投-1月新笔记测试2-星光款-定向-26.2.12,174933707,2026-02-12 11:06:00,0.00,0,0,0.0%,0.0,0.0,0,0.00,0.0,0,0,0.0,0,0,0.0,0,0.0,0,0.0,0,0.0,0,0.0,0,0.0,0,0.0,0,0.0,0,0.0,0,0.0,0.00,0.0,0,0,0
3775478862,通投-亲了-星光款-定向-新号-26.2.12,暂停,审核通过,通投,直播间直接支付ROI,笔记（直播组件）,697c8145000000002102b0fb,66f67e4c000000001d03127d,视频笔记,通投-1月新笔记测试2-星光款-定向-26.2.12,174933707,2026-02-12 11:06:00,0.00,0,0,0.0%,0.0,0.0,0,0.00,0.0,0,0,0.0,0,0,0.0,0,0.0,0,0.0,0,0.0,0,0.0,0,0.0,0,0.0,0,0.0,0,0.0,0,0.0,0.00,0.0,0,0,0
3775478861,通投-孕期怎么-星光款-定向-新号-26.2.12,被计划暂停,审核通过,通投,直播间直接支付ROI,笔记（直播组件）,698306350000000021033738,66f67e4c000000001d03127d,视频笔记,通投-1月新笔记测试2-星光款-定向-26.2.12,174933707,2026-02-12 11:06:00,0.00,0,0,0.0%,0.0,0.0,0,0.00,0.0,0,0,0.0,0,0,0.0,0,0.0,0,0.0,0,0.0,0,0.0,0,0.0,0,0.0,0,0.0,0,0.0,0,0.0,0.00,0.0,0,0,0
3775478860,通投-抓住孕期-星光款-定向-新号-26.2.12,被计划暂停,审核拒绝,通投,直播间直接支付ROI,笔记（直播组件）,697c7cdc0000000022033df6,66f67e4c000000001d03127d,视频笔记,通投-1月新笔记测试2-星光款-定向-26.2.12,174933707,2026-02-12 11:06:00,0.00,0,0,0.0%,0.0,0.0,0,0.00,0.0,0,0,0.0,0,0,0.0,0,0.0,0,0.0,0,0.0,0,0.0,0,0.0,0,0.0,0,0.0,0,0.0,0,0.0,0.00,0.0,0,0,0
3775478859,通投-不如选它-星光款-定向-新号-26.2.12,被计划暂停,审核通过,通投,直播间直接支付ROI,笔记（直播组件）,697c872b0000000022030574,66f67e4c000000001d03127d,视频笔记,通投-1月新笔记测试2-星光款-定向-26.2.12,174933707,2026-02-12 11:06:00,0.00,0,0,0.0%,0.0,0.0,0,0.00,0.0,0,0,0.0,0,0,0.0,0,0.0,0,0.0,0,0.0,0,0.0,0,0.0,0,0.0,0,0.0,0,0.0,0,0.0,0.00,0.0,0,0,0
3775478858,通投-轻松逆袭-星光款-定向-新号-26.2.12,被计划暂停,审核通过,通投,直播间直接支付ROI,笔记（直播组件）,697c8836000000002103f58e,66f67e4c000000001d03127d,视频笔记,通投-1月新笔记测试2-星光款-定向-26.2.12,174933707,2026-02-12 11:06:00,0.00,0,0,0.0%,0.0,0.0,0,0.00,0.0,0,0,0.0,0,0,0.0,0,0.0,0,0.0,0,0.0,0,0.0,0,0.0,0,0.0,0,0.0,0,0.0,0,0.0,0.00,0.0,0,0,0
3775478857,通投-富婆明星-星光款-定向-新号-26.2.12,被计划暂停,审核通过,通投,直播间直接支付ROI,笔记（直播组件）,697c8232000000002200a09f,66f67e4c000000001d03127d,视频笔记,通投-1月新笔记测试2-星光款-定向-26.2.12,174933707,2026-02-12 11:06:00,0.00,0,0,0.0%,0.0,0.0,0,0.00,0.0,0,0,0.0,0,0,0.0,0,0.0,0,0.0,0,0.0,0,0.0,0,0.0,0,0.0,0,0.0,0,0.0,0,0.0,0.00,0.0,0,0,0
3775403725,通投-没骗我-星光款-定向-新号-26.2.12,暂停,审核拒绝,通投,直播间直接支付ROI,笔记（直播组件）,697c5cdc000000002202008e,66f67e4c000000001d03127d,视频笔记,通投-1月新笔记测试1-星光款-定向-26.2.12,174933361,2026-02-12 10:57:38,0.00,0,0,0.0%,0.0,0.0,0,0.00,0.0,0,0,0.0,0,0,0.0,0,0.0,0,0.0,0,0.0,0,0.0,0,0.0,0,0.0,0,0.0,0,0.0,0,0.0,0.00,0.0,0,0,0
3775403724,通投-不到30-星光款-定向-新号-26.2.12,被计划暂停,审核通过,通投,直播间直接支付ROI,笔记（直播组件）,697c72c5000000002202eafa,66f67e4c000000001d03127d,视频笔记,通投-1月新笔记测试1-星光款-定向-26.2.12,174933361,2026-02-12 10:57:38,0.00,0,0,0.0%,0.0,0.0,0,0.00,0.0,0,0,0.0,0,0,0.0,0,0.0,0,0.0,0,0.0,0,0.0,0,0.0,0,0.0,0,0.0,0,0.0,0,0.0,0.00,0.0,0,0,0
3775403723,通投-内调燕窝-星光款-定向-新号-26.2.12,暂停,审核通过,通投,直播间直接支付ROI,笔记（直播组件）,697c5c5f000000002102bbbf,66f67e4c000000001d03127d,视频笔记,通投-1月新笔记测试1-星光款-定向-26.2.12,174933361,2026-02-12 10:57:38,0.00,0,0,0.0%,0.0,0.0,0,0.00,0.0,0,0,0.0,0,0,0.0,0,0.0,0,0.0,0,0.0,0,0.0,0,0.0,0,0.0,0,0.0,0,0.0,0,0.0,0.00,0.0,0,0,0
3775403722,通投-小仙炖年终福利-星光款-定向-新号-26.2.12,暂停,审核通过,通投,直播间直接支付ROI,笔记（直播组件）,697c77320000000022038b7a,66f67e4c000000001d03127d,视频笔记,通投-1月新笔记测试1-星光款-定向-26.2.12,174933361,2026-02-12 10:57:38,0.00,0,0,0.0%,0.0,0.0,0,0.00,0.0,0,0,0.0,0,0,0.0,0,0.0,0,0.0,0,0.0,0,0.0,0,0.0,0,0.0,0,0.0,0,0.0,0,0.0,0.00,0.0,0,0,0
3775403721,通投-张柏芝x小仙炖-星光款-定向-新号-26.2.12,暂停,审核拒绝,通投,直播间直接支付ROI,笔记（直播组件）,697c742100000000220213e9,66f67e4c000000001d03127d,视频笔记,通投-1月新笔记测试1-星光款-定向-26.2.12,174933361,2026-02-12 10:57:38,0.00,0,0,0.0%,0.0,0.0,0,0.00,0.0,0,0,0.0,0,0,0.0,0,0.0,0,0.0,0,0.0,0,0.0,0,0.0,0,0.0,0,0.0,0,0.0,0,0.0,0.00,0.0,0,0,0
3775403720,通投-十年科研-星光款-定向-新号-26.2.12,暂停,审核拒绝,通投,直播间直接支付ROI,笔记（直播组件）,697c5e07000000002203a964,66f67e4c000000001d03127d,视频笔记,通投-1月新笔记测试1-星光款-定向-26.2.12,174933361,2026-02-12 10:57:38,0.00,0,0,0.0%,0.0,0.0,0,0.00,0.0,0,0,0.0,0,0,0.0,0,0.0,0,0.0,0,0.0,0,0.0,0,0.0,0,0.0,0,0.0,0,0.0,0,0.0,0.00,0.0,0,0,0
3775403719,通投-吃出来的-星光款-定向-新号-26.2.12,被计划暂停,审核通过,通投,直播间直接支付ROI,笔记（直播组件）,697c66d8000000002103d592,66f67e4c000000001d03127d,视频笔记,通投-1月新笔记测试1-星光款-定向-26.2.12,174933361,2026-02-12 10:57:38,0.00,0,0,0.0%,0.0,0.0,0,0.00,0.0,0,0,0.0,0,0,0.0,0,0.0,0,0.0,0,0.0,0,0.0,0,0.0,0,0.0,0,0.0,0,0.0,0,0.0,0.00,0.0,0,0,0
3775403718,通投-peng弹-星光款-定向-新号-26.2.12,被计划暂停,审核通过,通投,直播间直接支付ROI,笔记（直播组件）,697c7263000000002202e883,66f67e4c000000001d03127d,视频笔记,通投-1月新笔记测试1-星光款-定向-26.2.12,174933361,2026-02-12 10:57:38,0.00,0,0,0.0%,0.0,0.0,0,0.00,0.0,0,0,0.0,0,0,0.0,0,0.0,0,0.0,0,0.0,0,0.0,0,0.0,0,0.0,0,0.0,0,0.0,0,0.0,0.00,0.0,0,0,0
3775403717,通投-一步到位-星光款-定向-新号-26.2.12,被计划暂停,审核通过,通投,直播间直接支付ROI,笔记（直播组件）,697c64bd000000002102af5f,66f67e4c000000001d03127d,视频笔记,通投-1月新笔记测试1-星光款-定向-26.2.12,174933361,2026-02-12 10:57:38,0.00,0,0,0.0%,0.0,0.0,0,0.00,0.0,0,0,0.0,0,0,0.0,0,0.0,0,0.0,0,0.0,0,0.0,0,0.0,0,0.0,0,0.0,0,0.0,0,0.0,0.00,0.0,0,0,0
3775432432,通投-别太宠粉-青春款-定向-新号-26.2.12,被计划暂停,审核通过,通投,直播间直接支付ROI,笔记（直播组件）,697c677d000000002202e307,66f67e4c000000001d03127d,视频笔记,通投-1月新笔记测试-青春款-定向-26.2.12,174950229,2026-02-12 10:38:49,0.00,0,0,0.0%,0.0,0.0,0,0.00,0.0,0,0,0.0,0,0,0.0,0,0.0,0,0.0,0,0.0,0,0.0,0,0.0,0,0.0,0,0.0,0,0.0,0,0.0,0.00,0.0,0,0,0
3775432431,通投-好皮肤-青春款-定向-新号-26.2.12,被计划暂停,审核通过,通投,直播间直接支付ROI,笔记（直播组件）,698082c4000000002203beb9,66f67e4c000000001d03127d,视频笔记,通投-1月新笔记测试-青春款-定向-26.2.12,174950229,2026-02-12 10:38:49,0.00,0,0,0.0%,0.0,0.0,0,0.00,0.0,0,0,0.0,0,0,0.0,0,0.0,0,0.0,0,0.0,0,0.0,0,0.0,0,0.0,0,0.0,0,0.0,0,0.0,0.00,0.0,0,0,0
3775432430,通投-太关键了-青春款-定向-日弘-26.2.12,被计划暂停,审核通过,通投,直播间直接支付ROI,笔记（直播组件）,6985b946000000001a0212c7,66f67e4c000000001d03127d,图文笔记,通投-1月新笔记测试-青春款-定向-26.2.12,174950229,2026-02-12 10:38:49,0.00,0,0,0.0%,0.0,0.0,0,0.00,0.0,0,0,0.0,0,0,0.0,0,0.0,0,0.0,0,0.0,0,0.0,0,0.0,0,0.0,0,0.0,0,0.0,0,0.0,0.00,0.0,0,0,0
3775432429,通投-没听错-青春款-定向-新号-26.2.12,暂停,审核通过,通投,直播间直接支付ROI,笔记（直播组件）,697c64020000000022038dcf,66f67e4c000000001d03127d,视频笔记,通投-1月新笔记测试-青春款-定向-26.2.12,174950229,2026-02-12 10:38:49,0.00,0,0,0.0%,0.0,0.0,0,0.00,0.0,0,0,0.0,0,0,0.0,0,0.0,0,0.0,0,0.0,0,0.0,0,0.0,0,0.0,0,0.0,0,0.0,0,0.0,0.00,0.0,0,0,0
3775432428,通投-老辈子-青春款-定向-新号-26.2.12,被计划暂停,审核通过,通投,直播间直接支付ROI,笔记（直播组件）,6985b0fc000000001d013dc7,66f67e4c000000001d03127d,视频笔记,通投-1月新笔记测试-青春款-定向-26.2.12,174950229,2026-02-12 10:38:49,0.00,0,0,0.0%,0.0,0.0,0,0.00,0.0,0,0,0.0,0,0,0.0,0,0.0,0,0.0,0,0.0,0,0.0,0,0.0,0,0.0,0,0.0,0,0.0,0,0.0,0.00,0.0,0,0,0
3775432427,通投-孕妈妈最强辅助-青春款-定向-新号-26.2.12,暂停,审核通过,通投,直播间直接支付ROI,笔记（直播组件）,697c866d000000002203b604,66f67e4c000000001d03127d,视频笔记,通投-1月新笔记测试-青春款-定向-26.2.12,174950229,2026-02-12 10:38:49,0.00,0,0,0.0%,0.0,0.0,0,0.00,0.0,0,0,0.0,0,0,0.0,0,0.0,0,0.0,0,0.0,0,0.0,0,0.0,0,0.0,0,0.0,0,0.0,0,0.0,0.00,0.0,0,0,0
3775432426,通投-机制来了-青春款-定向-新号-26.2.12,被计划暂停,审核通过,通投,直播间直接支付ROI,笔记（直播组件）,697c62b0000000002202c4cf,66f67e4c000000001d03127d,视频笔记,通投-1月新笔记测试-青春款-定向-26.2.12,174950229,2026-02-12 10:38:49,0.00,0,0,0.0%,0.0,0.0,0,0.00,0.0,0,0,0.0,0,0,0.0,0,0.0,0,0.0,0,0.0,0,0.0,0,0.0,0,0.0,0,0.0,0,0.0,0,0.0,0.00,0.0,0,0,0
3775432425,通投-只需要它-青春款-定向-新号-26.2.12,被计划暂停,审核通过,通投,直播间直接支付ROI,笔记（直播组件）,697c7797000000002102ac71,66f67e4c000000001d03127d,视频笔记,通投-1月新笔记测试-青春款-定向-26.2.12,174950229,2026-02-12 10:38:49,0.00,0,0,0.0%,0.0,0.0,0,0.00,0.0,0,0,0.0,0,0,0.0,0,0.0,0,0.0,0,0.0,0,0.0,0,0.0,0,0.0,0,0.0,0,0.0,0,0.0,0.00,0.0,0,0,0
3775432424,通投-开春复工-青春款-定向-新号-26.2.12,被计划暂停,审核通过,通投,直播间直接支付ROI,笔记（直播组件）,6985b0660000000015030de5,66f67e4c000000001d03127d,视频笔记,通投-1月新笔记测试-青春款-定向-26.2.12,174950229,2026-02-12 10:38:49,0.00,0,0,0.0%,0.0,0.0,0,0.00,0.0,0,0,0.0,0,0,0.0,0,0.0,0,0.0,0,0.0,0,0.0,0,0.0,0,0.0,0,0.0,0,0.0,0,0.0,0.00,0.0,0,0,0
3775432423,通投-过年最值-青春款-定向-新号-26.2.12,被计划暂停,审核通过,通投,直播间直接支付ROI,笔记（直播组件）,698305f9000000002203a775,66f67e4c000000001d03127d,视频笔记,通投-1月新笔记测试-青春款-定向-26.2.12,174950229,2026-02-12 10:38:49,0.00,0,0,0.0%,0.0,0.0,0,0.00,0.0,0,0,0.0,0,0,0.0,0,0.0,0,0.0,0,0.0,0,0.0,0,0.0,0,0.0,0,0.0,0,0.0,0,0.0,0.00,0.0,0,0,0
3775432422,通投-越早吃越好-青春款-定向-新号-26.2.12,被计划暂停,审核通过,通投,直播间直接支付ROI,笔记（直播组件）,697c602f000000002103eb82,66f67e4c000000001d03127d,视频笔记,通投-1月新笔记测试-青春款-定向-26.2.12,174950229,2026-02-12 10:38:49,0.00,0,0,0.0%,0.0,0.0,0,0.00,0.0,0,0,0.0,0,0,0.0,0,0.0,0,0.0,0,0.0,0,0.0,0,0.0,0,0.0,0,0.0,0,0.0,0,0.0,0.00,0.0,0,0,0
3767501973,通投-有点天赋-马年礼盒-定向-新号-26.2.11,被计划暂停,审核通过,通投,直播间直接支付ROI,笔记（直播组件）,697c8caf00000000220239cb,66f67e4c000000001d03127d,视频笔记,通投-礼盒潜力笔记扩量-定向-26.2.11,174746226,2026-02-11 09:27:28,0.00,0,0,0.0%,0.0,0.0,0,0.00,0.0,0,0,0.0,0,0,0.0,0,0.0,0,0.0,0,0.0,0,0.0,0,0.0,0,0.0,0,0.0,0,0.0,0,0.0,0.00,0.0,0,0,0
3767501972,通投-美少女壮士-马年礼盒-定向-达人-26.2.11,暂停,审核通过,通投,直播间直接支付ROI,笔记（直播组件）,6965eb67000000002103d7c7,5db914af0000000001000516,图文笔记,通投-礼盒潜力笔记扩量-定向-26.2.11,174746226,2026-02-11 09:27:28,0.00,0,0,0.0%,0.0,0.0,0,0.00,0.0,0,0,0.0,0,0,0.0,0,0.0,0,0.0,0,0.0,0,0.0,0,0.0,0,0.0,0,0.0,0,0.0,0,0.0,0.00,0.0,0,0,0
3767501971,通投-万宝宝-马年礼盒-定向-达人-26.2.11,被计划暂停,审核通过,通投,直播间直接支付ROI,笔记（直播组件）,696a1070000000000b009ee4,5c72c13c000000001001da8b,视频笔记,通投-礼盒潜力笔记扩量-定向-26.2.11,174746226,2026-02-11 09:27:28,0.00,0,0,0.0%,0.0,0.0,0,0.00,0.0,0,0,0.0,0,0,0.0,0,0.0,0,0.0,0,0.0,0,0.0,0,0.0,0,0.0,0,0.0,0,0.0,0,0.0,0.00,0.0,0,0,0
3767501970,通投-秋月梨-马年礼盒-定向-达人-26.2.11,被计划暂停,审核通过,通投,直播间直接支付ROI,笔记（直播组件）,696e042e000000001a029234,611526920000000001015bf7,图文笔记,通投-礼盒潜力笔记扩量-定向-26.2.11,174746226,2026-02-11 09:27:28,0.00,0,0,0.0%,0.0,0.0,0,0.00,0.0,0,0,0.0,0,0,0.0,0,0.0,0,0.0,0,0.0,0,0.0,0,0.0,0,0.0,0,0.0,0,0.0,0,0.0,0.00,0.0,0,0,0
3767501969,通投-梨梨梨子-马年礼盒-定向-达人-26.2.11,被计划暂停,审核通过,通投,直播间直接支付ROI,笔记（直播组件）,69706ad000000000220336fb,567eab3c6a6a694322e458e2,图文笔记,通投-礼盒潜力笔记扩量-定向-26.2.11,174746226,2026-02-11 09:27:28,0.00,0,0,0.0%,0.0,0.0,0,0.00,0.0,0,0,0.0,0,0,0.0,0,0.0,0,0.0,0,0.0,0,0.0,0,0.0,0,0.0,0,0.0,0,0.0,0,0.0,0.00,0.0,0,0,0
3767501968,通投-当个事儿办-马年礼盒-定向-新号-26.2.11,被计划暂停,审核通过,通投,直播间直接支付ROI,笔记（直播组件）,697c87da000000002200867d,66f67e4c000000001d03127d,视频笔记,通投-礼盒潜力笔记扩量-定向-26.2.11,174746226,2026-02-11 09:27:28,0.00,0,0,0.0%,0.0,0.0,0,0.00,0.0,0,0,0.0,0,0,0.0,0,0.0,0,0.0,0,0.0,0,0.0,0,0.0,0,0.0,0,0.0,0,0.0,0,0.0,0.00,0.0,0,0,0
3767403089,通投-有点天赋-马年礼盒-礼盒扩量人群-新号-26.2.11,被计划暂停,审核通过,通投,直播间直接支付ROI,笔记（直播组件）,697c8caf00000000220239cb,66f67e4c000000001d03127d,视频笔记,通投-礼盒潜力笔记扩量-礼盒扩量人群-26.2.11,174733299,2026-02-11 09:25:20,0.00,0,0,0.0%,0.0,0.0,0,0.00,0.0,0,0,0.0,0,0,0.0,0,0.0,0,0.0,0,0.0,0,0.0,0,0.0,0,0.0,0,0.0,0,0.0,0,0.0,0.00,0.0,0,0,0
3767403088,通投-美少女壮士-马年礼盒-礼盒扩量人群-达人-26.2.11,暂停,审核通过,通投,直播间直接支付ROI,笔记（直播组件）,6965eb67000000002103d7c7,5db914af0000000001000516,图文笔记,通投-礼盒潜力笔记扩量-礼盒扩量人群-26.2.11,174733299,2026-02-11 09:25:20,0.00,0,0,0.0%,0.0,0.0,0,0.00,0.0,0,0,0.0,0,0,0.0,0,0.0,0,0.0,0,0.0,0,0.0,0,0.0,0,0.0,0,0.0,0,0.0,0,0.0,0.00,0.0,0,0,0
3767403087,通投-万宝宝-马年礼盒-礼盒扩量人群-达人-26.2.11,被计划暂停,审核通过,通投,直播间直接支付ROI,笔记（直播组件）,696a1070000000000b009ee4,5c72c13c000000001001da8b,视频笔记,通投-礼盒潜力笔记扩量-礼盒扩量人群-26.2.11,174733299,2026-02-11 09:25:20,0.00,0,0,0.0%,0.0,0.0,0,0.00,0.0,0,0,0.0,0,0,0.0,0,0.0,0,0.0,0,0.0,0,0.0,0,0.0,0,0.0,0,0.0,0,0.0,0,0.0,0.00,0.0,0,0,0
3767403086,通投-秋月梨-马年礼盒-礼盒扩量人群-达人-26.2.11,被计划暂停,审核通过,通投,直播间直接支付ROI,笔记（直播组件）,696e042e000000001a029234,611526920000000001015bf7,图文笔记,通投-礼盒潜力笔记扩量-礼盒扩量人群-26.2.11,174733299,2026-02-11 09:25:20,0.00,0,0,0.0%,0.0,0.0,0,0.00,0.0,0,0,0.0,0,0,0.0,0,0.0,0,0.0,0,0.0,0,0.0,0,0.0,0,0.0,0,0.0,0,0.0,0,0.0,0.00,0.0,0,0,0
3767403085,通投-梨梨梨子-马年礼盒-礼盒扩量人群-达人-26.2.11,被计划暂停,审核通过,通投,直播间直接支付ROI,笔记（直播组件）,69706ad000000000220336fb,567eab3c6a6a694322e458e2,图文笔记,通投-礼盒潜力笔记扩量-礼盒扩量人群-26.2.11,174733299,2026-02-11 09:25:20,0.00,0,0,0.0%,0.0,0.0,0,0.00,0.0,0,0,0.0,0,0,0.0,0,0.0,0,0.0,0,0.0,0,0.0,0,0.0,0,0.0,0,0.0,0,0.0,0,0.0,0.00,0.0,0,0,0
3767403084,通投-当个事儿办-马年礼盒-礼盒扩量人群-新号-26.2.11,被计划暂停,审核通过,通投,直播间直接支付ROI,笔记（直播组件）,697c87da000000002200867d,66f67e4c000000001d03127d,视频笔记,通投-礼盒潜力笔记扩量-礼盒扩量人群-26.2.11,174733299,2026-02-11 09:25:20,0.00,0,0,0.0%,0.0,0.0,0,0.00,0.0,0,0,0.0,0,0,0.0,0,0.0,0,0.0,0,0.0,0,0.0,0,0.0,0,0.0,0,0.0,0,0.0,0,0.0,0.00,0.0,0,0,0
3761860327,通投-挖到见家长-马年礼盒-定向-日弘-26.2.10-视频组,被计划暂停,审核通过,通投,直播间直接支付ROI,笔记（直播组件）,6989a2df00000000280093d4,66f67e4c000000001d03127d,视频笔记,通投-挖到见家长-马年礼盒-定向-日弘-26.2.10,174609902,2026-02-10 15:00:39,0.00,0,0,0.0%,0.0,0.0,0,0.00,0.0,0,0,0.0,0,0,0.0,0,0.0,0,0.0,0,0.0,0,0.0,0,0.0,0,0.0,0,0.0,0,0.0,0,0.0,0.00,0.0,0,0,0
3753479642,通投-请大数据-马年礼盒-定向-日弘-26.2.9,暂停,审核拒绝,通投,直播间直接支付ROI,笔记（直播组件）,6985b0dd000000001a02e3d5,66f67e4c000000001d03127d,图文笔记,通投-请大数据-马年礼盒-定向-日弘-26.2.9,174406448,2026-02-09 14:01:51,0.00,0,0,0.0%,0.0,0.0,0,0.00,0.0,0,0,0.0,0,0,0.0,0,0.0,0,0.0,0,0.0,0,0.0,0,0.0,0,0.0,0,0.0,0,0.0,0,0.0,0.00,0.0,0,0,0
3731330051,通投-Miss Xu-马年礼盒-礼盒扩量人群-达人-26.2.6,被计划暂停,审核通过,通投,直播间直接支付ROI,笔记（直播组件）,69705529000000000903a4ca,56f80ef6aed758591f549b9c,视频笔记,通投-礼盒潜力笔记扩量2-礼盒扩量人群-26.2.6,174000335,2026-02-06 16:08:20,0.00,0,0,0.0%,0.0,0.0,0,0.00,0.0,0,0,0.0,0,0,0.0,0,0.0,0,0.0,0,0.0,0,0.0,0,0.0,0,0.0,0,0.0,0,0.0,0,0.0,0.00,0.0,0,0,0
3731330050,通投-守护在意的人-马年礼盒-礼盒扩量人群-官号-26.2.6,被计划暂停,审核通过,通投,直播间直接支付ROI,笔记（直播组件）,695ccaef000000001a021a8f,583691373460942ae8fc16bb,图文笔记,通投-礼盒潜力笔记扩量2-礼盒扩量人群-26.2.6,174000335,2026-02-06 16:08:20,0.00,0,0,0.0%,0.0,0.0,0,0.00,0.0,0,0,0.0,0,0,0.0,0,0.0,0,0.0,0,0.0,0,0.0,0,0.0,0,0.0,0,0.0,0,0.0,0,0.0,0.00,0.0,0,0,0
3731330049,通投-小曾吃不饱-马年礼盒-礼盒扩量人群-达人-26.2.6,被计划暂停,审核通过,通投,直播间直接支付ROI,笔记（直播组件）,6968d157000000000e03cc41,5b6d4a20c8adda00014cdc5d,图文笔记,通投-礼盒潜力笔记扩量2-礼盒扩量人群-26.2.6,174000335,2026-02-06 16:08:20,0.00,0,0,0.0%,0.0,0.0,0,0.00,0.0,0,0,0.0,0,0,0.0,0,0.0,0,0.0,0,0.0,0,0.0,0,0.0,0,0.0,0,0.0,0,0.0,0,0.0,0.00,0.0,0,0,0
3731330048,通投-杨丢丢DIUDIU-马年礼盒-礼盒扩量人群-达人-26.2.6,被计划暂停,审核通过,通投,直播间直接支付ROI,笔记（直播组件）,696e25af000000000a03287b,58f2227750c4b411268677e4,视频笔记,通投-礼盒潜力笔记扩量2-礼盒扩量人群-26.2.6,174000335,2026-02-06 16:08:20,0.00,0,0,0.0%,0.0,0.0,0,0.00,0.0,0,0,0.0,0,0,0.0,0,0.0,0,0.0,0,0.0,0,0.0,0,0.0,0,0.0,0,0.0,0,0.0,0,0.0,0.00,0.0,0,0,0
3731330047,通投-陈绵羊-马年礼盒-礼盒扩量人群-达人-26.2.6,被计划暂停,审核通过,通投,直播间直接支付ROI,笔记（直播组件）,6965fcd5000000000b0128d2,56ffd10984edcd51574852da,视频笔记,通投-礼盒潜力笔记扩量2-礼盒扩量人群-26.2.6,174000335,2026-02-06 16:08:20,0.00,0,0,0.0%,0.0,0.0,0,0.00,0.0,0,0,0.0,0,0,0.0,0,0.0,0,0.0,0,0.0,0,0.0,0,0.0,0,0.0,0,0.0,0,0.0,0,0.0,0.00,0.0,0,0,0
3731266589,通投-精致有面-马年礼盒-礼盒扩量人群-新号-26.2.6,被计划暂停,审核通过,通投,直播间直接支付ROI,笔记（直播组件）,6971e83c000000002102a49d,66f67e4c000000001d03127d,视频笔记,通投-礼盒潜力笔记扩量-礼盒扩量人群-26.2.6,174017303,2026-02-06 16:04:51,0.00,0,0,0.0%,0.0,0.0,0,0.00,0.0,0,0,0.0,0,0,0.0,0,0.0,0,0.0,0,0.0,0,0.0,0,0.0,0,0.0,0,0.0,0,0.0,0,0.0,0.00,0.0,0,0,0
3731266588,通投-杨杨🐑-马年礼盒-礼盒扩量人群-达人-26.2.6,被计划暂停,审核通过,通投,直播间直接支付ROI,笔记（直播组件）,6968cb67000000002203903c,5935459350c4b40384475304,图文笔记,通投-礼盒潜力笔记扩量-礼盒扩量人群-26.2.6,174017303,2026-02-06 16:04:51,0.00,0,0,0.0%,0.0,0.0,0,0.00,0.0,0,0,0.0,0,0,0.0,0,0.0,0,0.0,0,0.0,0,0.0,0,0.0,0,0.0,0,0.0,0,0.0,0,0.0,0.00,0.0,0,0,0
3731266587,通投-黄凯XK-马年礼盒-礼盒扩量人群-达人-26.2.6,被计划暂停,审核通过,通投,直播间直接支付ROI,笔记（直播组件）,696b579b0000000022021840,627234ba0000000021021d20,视频笔记,通投-礼盒潜力笔记扩量-礼盒扩量人群-26.2.6,174017303,2026-02-06 16:04:51,0.00,0,0,0.0%,0.0,0.0,0,0.00,0.0,0,0,0.0,0,0,0.0,0,0.0,0,0.0,0,0.0,0,0.0,0,0.0,0,0.0,0,0.0,0,0.0,0,0.0,0.00,0.0,0,0,0
3731266586,通投-新成员官宣-马年礼盒-礼盒扩量人群-官号-26.2.6,暂停,审核通过,通投,直播间直接支付ROI,笔记（直播组件）,69732bf0000000001a030145,583691373460942ae8fc16bb,图文笔记,通投-礼盒潜力笔记扩量-礼盒扩量人群-26.2.6,174017303,2026-02-06 16:04:51,0.00,0,0,0.0%,0.0,0.0,0,0.00,0.0,0,0,0.0,0,0,0.0,0,0.0,0,0.0,0,0.0,0,0.0,0,0.0,0,0.0,0,0.0,0,0.0,0,0.0,0.00,0.0,0,0,0
3731266585,通投-解锁婆媳关系-马年礼盒-礼盒扩量人群-日弘-26.2.6,暂停,审核通过,通投,直播间直接支付ROI,笔记（直播组件）,6969cf49000000001a0343cb,66f67e4c000000001d03127d,图文笔记,通投-礼盒潜力笔记扩量-礼盒扩量人群-26.2.6,174017303,2026-02-06 16:04:51,0.00,0,0,0.0%,0.0,0.0,0,0.00,0.0,0,0,0.0,0,0,0.0,0,0.0,0,0.0,0,0.0,0,0.0,0,0.0,0,0.0,0,0.0,0,0.0,0,0.0,0.00,0.0,0,0,0
3730271918,通投-美少女壮士-马年礼盒-长辈送礼+牛奶坚果-达人-26.2.6,暂停,审核通过,通投,直播间直接支付ROI,笔记（直播组件）,6965eb67000000002103d7c7,5db914af0000000001000516,图文笔记,通投-外溢优达人笔记-马年礼盒-长辈送礼+牛奶坚果-26.2.6,173971492,2026-02-06 14:36:10,0.00,0,0,0.0%,0.0,0.0,0,0.00,0.0,0,0,0.0,0,0,0.0,0,0.0,0,0.0,0,0.0,0,0.0,0,0.0,0,0.0,0,0.0,0,0.0,0,0.0,0.00,0.0,0,0,0
3730271917,通投-gigi酱-马年礼盒-长辈送礼+牛奶坚果-达人-26.2.6,被计划暂停,审核通过,通投,直播间直接支付ROI,笔记（直播组件）,697099e0000000001a02be14,5514bc26a46e963f4e76a05e,图文笔记,通投-外溢优达人笔记-马年礼盒-长辈送礼+牛奶坚果-26.2.6,173971492,2026-02-06 14:36:10,0.00,0,0,0.0%,0.0,0.0,0,0.00,0.0,0,0,0.0,0,0,0.0,0,0.0,0,0.0,0,0.0,0,0.0,0,0.0,0,0.0,0,0.0,0,0.0,0,0.0,0.00,0.0,0,0,0
3730271916,通投-万宝宝-马年礼盒-长辈送礼+牛奶坚果-达人-26.2.6,被计划暂停,审核通过,通投,直播间直接支付ROI,笔记（直播组件）,696a1070000000000b009ee4,5c72c13c000000001001da8b,视频笔记,通投-外溢优达人笔记-马年礼盒-长辈送礼+牛奶坚果-26.2.6,173971492,2026-02-06 14:36:10,0.00,0,0,0.0%,0.0,0.0,0,0.00,0.0,0,0,0.0,0,0,0.0,0,0.0,0,0.0,0,0.0,0,0.0,0,0.0,0,0.0,0,0.0,0,0.0,0,0.0,0.00,0.0,0,0,0
3730271915,通投-秋月梨-马年礼盒-长辈送礼+牛奶坚果-达人-26.2.6,被计划暂停,审核通过,通投,直播间直接支付ROI,笔记（直播组件）,696e042e000000001a029234,611526920000000001015bf7,图文笔记,通投-外溢优达人笔记-马年礼盒-长辈送礼+牛奶坚果-26.2.6,173971492,2026-02-06 14:36:10,0.00,0,0,0.0%,0.0,0.0,0,0.00,0.0,0,0,0.0,0,0,0.0,0,0.0,0,0.0,0,0.0,0,0.0,0,0.0,0,0.0,0,0.0,0,0.0,0,0.0,0.00,0.0,0,0,0
3730271914,通投-梨梨梨子-马年礼盒-长辈送礼+牛奶坚果-达人-26.2.6,被计划暂停,审核通过,通投,直播间直接支付ROI,笔记（直播组件）,69706ad000000000220336fb,567eab3c6a6a694322e458e2,图文笔记,通投-外溢优达人笔记-马年礼盒-长辈送礼+牛奶坚果-26.2.6,173971492,2026-02-06 14:36:10,0.00,0,0,0.0%,0.0,0.0,0,0.00,0.0,0,0,0.0,0,0,0.0,0,0.0,0,0.0,0,0.0,0,0.0,0,0.0,0,0.0,0,0.0,0,0.0,0,0.0,0.00,0.0,0,0,0
3730271913,通投-恋爱委员噗噗💗-马年礼盒-长辈送礼+牛奶坚果-达人-26.2.6,被计划暂停,审核通过,通投,直播间直接支付ROI,笔记（直播组件）,696e2571000000001a026d2d,5a15185c11be103ca204f74d,图文笔记,通投-外溢优达人笔记-马年礼盒-长辈送礼+牛奶坚果-26.2.6,173971492,2026-02-06 14:36:10,0.00,0,0,0.0%,0.0,0.0,0,0.00,0.0,0,0,0.0,0,0,0.0,0,0.0,0,0.0,0,0.0,0,0.0,0,0.0,0,0.0,0,0.0,0,0.0,0,0.0,0.00,0.0,0,0,0
3730271912,通投-深夜徐老师-马年礼盒-长辈送礼+牛奶坚果-达人-26.2.6,暂停,审核通过,通投,直播间直接支付ROI,笔记（直播组件）,6976fa92000000000b00bc83,5269d3fbb4c4d60ea2717f96,视频笔记,通投-外溢优达人笔记-马年礼盒-长辈送礼+牛奶坚果-26.2.6,173971492,2026-02-06 14:36:10,0.00,0,0,0.0%,0.0,0.0,0,0.00,0.0,0,0,0.0,0,0,0.0,0,0.0,0,0.0,0,0.0,0,0.0,0,0.0,0,0.0,0,0.0,0,0.0,0,0.0,0.00,0.0,0,0,0
3730271911,通投-小木备婚日记-马年礼盒-长辈送礼+牛奶坚果-达人-26.2.6,暂停,审核通过,通投,直播间直接支付ROI,笔记（直播组件）,6969fee5000000000b00ab5a,6049de25000000000100a5b3,图文笔记,通投-外溢优达人笔记-马年礼盒-长辈送礼+牛奶坚果-26.2.6,173971492,2026-02-06 14:36:10,0.00,0,0,0.0%,0.0,0.0,0,0.00,0.0,0,0,0.0,0,0,0.0,0,0.0,0,0.0,0,0.0,0,0.0,0,0.0,0,0.0,0,0.0,0,0.0,0,0.0,0.00,0.0,0,0,0
3722343864,通投-小小震撼-马年礼盒-长辈送礼+牛奶坚果-新号-26.2.5,被计划暂停,审核通过,通投,直播间直接支付ROI,笔记（直播组件）,697c8dac000000002203a284,66f67e4c000000001d03127d,视频笔记,通投-马年礼盒2月新号笔记合集-马年礼盒-长辈送礼+牛奶坚果-26.2.5,173778363,2026-02-05 16:17:27,0.00,0,0,0.0%,0.0,0.0,0,0.00,0.0,0,0,0.0,0,0,0.0,0,0.0,0,0.0,0,0.0,0,0.0,0,0.0,0,0.0,0,0.0,0,0.0,0,0.0,0.00,0.0,0,0,0
3722343863,通投-没人比我-马年礼盒-长辈送礼+牛奶坚果-新号-26.2.5,被计划暂停,审核通过,通投,直播间直接支付ROI,笔记（直播组件）,697c85c20000000022033c3c,66f67e4c000000001d03127d,视频笔记,通投-马年礼盒2月新号笔记合集-马年礼盒-长辈送礼+牛奶坚果-26.2.5,173778363,2026-02-05 16:17:27,0.00,0,0,0.0%,0.0,0.0,0,0.00,0.0,0,0,0.0,0,0,0.0,0,0.0,0,0.0,0,0.0,0,0.0,0,0.0,0,0.0,0,0.0,0,0.0,0,0.0,0.00,0.0,0,0,0
3722343862,通投-偷着乐吧-马年礼盒-长辈送礼+牛奶坚果-新号-26.2.5,被计划暂停,审核通过,通投,直播间直接支付ROI,笔记（直播组件）,697c889c000000002202c1ef,66f67e4c000000001d03127d,视频笔记,通投-马年礼盒2月新号笔记合集-马年礼盒-长辈送礼+牛奶坚果-26.2.5,173778363,2026-02-05 16:17:27,0.00,0,0,0.0%,0.0,0.0,0,0.00,0.0,0,0,0.0,0,0,0.0,0,0.0,0,0.0,0,0.0,0,0.0,0,0.0,0,0.0,0,0.0,0,0.0,0,0.0,0.00,0.0,0,0,0
3722343861,通投-有点天赋-马年礼盒-长辈送礼+牛奶坚果-新号-26.2.5,被计划暂停,审核通过,通投,直播间直接支付ROI,笔记（直播组件）,697c8caf00000000220239cb,66f67e4c000000001d03127d,视频笔记,通投-马年礼盒2月新号笔记合集-马年礼盒-长辈送礼+牛奶坚果-26.2.5,173778363,2026-02-05 16:17:27,0.00,0,0,0.0%,0.0,0.0,0,0.00,0.0,0,0,0.0,0,0,0.0,0,0.0,0,0.0,0,0.0,0,0.0,0,0.0,0,0.0,0,0.0,0,0.0,0,0.0,0.00,0.0,0,0,0
3722343860,通投-新婚第一年-马年礼盒-长辈送礼+牛奶坚果-新号-26.2.5,被计划暂停,审核通过,通投,直播间直接支付ROI,笔记（直播组件）,697c8c120000000022032478,66f67e4c000000001d03127d,视频笔记,通投-马年礼盒2月新号笔记合集-马年礼盒-长辈送礼+牛奶坚果-26.2.5,173778363,2026-02-05 16:17:27,0.00,0,0,0.0%,0.0,0.0,0,0.00,0.0,0,0,0.0,0,0,0.0,0,0.0,0,0.0,0,0.0,0,0.0,0,0.0,0,0.0,0,0.0,0,0.0,0,0.0,0.00,0.0,0,0,0
3722343859,通投-当个事儿办-马年礼盒-长辈送礼+牛奶坚果-新号-26.2.5,被计划暂停,审核通过,通投,直播间直接支付ROI,笔记（直播组件）,697c87da000000002200867d,66f67e4c000000001d03127d,视频笔记,通投-马年礼盒2月新号笔记合集-马年礼盒-长辈送礼+牛奶坚果-26.2.5,173778363,2026-02-05 16:17:27,0.00,0,0,0.0%,0.0,0.0,0,0.00,0.0,0,0,0.0,0,0,0.0,0,0.0,0,0.0,0,0.0,0,0.0,0,0.0,0,0.0,0,0.0,0,0.0,0,0.0,0.00,0.0,0,0,0
3713399529,通投-冷皮预警（广）-青春款-定向-日弘-26.2.4-新笔记-视频组,暂停,不满足审核条件,通投,直播间直接支付ROI,笔记（直播组件）,698310df000000000b010fdf,583691373460942ae8fc16bb,视频笔记,通投-冷皮预警（广）-青春款-定向-日弘-26.2.4-新笔记-视频组,173598540,2026-02-04 17:34:22,0.00,0,0,0.0%,0.0,0.0,0,0.00,0.0,0,0,0.0,0,0,0.0,0,0.0,0,0.0,0,0.0,0,0.0,0,0.0,0,0.0,0,0.0,0,0.0,0,0.0,0.00,0.0,0,0,0
3712290645,通投-第一份滋养礼-马年礼盒-长辈送礼+牛奶坚果-官号-26.2.4,暂停,审核通过,通投,直播间直接支付ROI,笔记（直播组件）,677b5b3a0000000018013142,583691373460942ae8fc16bb,视频笔记,通投-马年礼盒官号笔记合集-马年礼盒-长辈送礼+牛奶坚果-26.2.4,173561471,2026-02-04 15:35:20,0.00,0,0,0.0%,0.0,0.0,0,0.00,0.0,0,0,0.0,0,0,0.0,0,0.0,0,0.0,0,0.0,0,0.0,0,0.0,0,0.0,0,0.0,0,0.0,0,0.0,0.00,0.0,0,0,0
3712290644,通投-守护在意的人-马年礼盒-长辈送礼+牛奶坚果-官号-26.2.4,被计划暂停,审核通过,通投,直播间直接支付ROI,笔记（直播组件）,695ccaef000000001a021a8f,583691373460942ae8fc16bb,图文笔记,通投-马年礼盒官号笔记合集-马年礼盒-长辈送礼+牛奶坚果-26.2.4,173561471,2026-02-04 15:35:20,0.00,0,0,0.0%,0.0,0.0,0,0.00,0.0,0,0,0.0,0,0,0.0,0,0.0,0,0.0,0,0.0,0,0.0,0,0.0,0,0.0,0,0.0,0,0.0,0,0.0,0.00,0.0,0,0,0
3712290643,通投-新成员官宣-马年礼盒-长辈送礼+牛奶坚果-官号-26.2.4,被计划暂停,审核通过,通投,直播间直接支付ROI,笔记（直播组件）,69732bf0000000001a030145,583691373460942ae8fc16bb,图文笔记,通投-马年礼盒官号笔记合集-马年礼盒-长辈送礼+牛奶坚果-26.2.4,173561471,2026-02-04 15:35:20,0.00,0,0,0.0%,0.0,0.0,0,0.00,0.0,0,0,0.0,0,0,0.0,0,0.0,0,0.0,0,0.0,0,0.0,0,0.0,0,0.0,0,0.0,0,0.0,0,0.0,0.00,0.0,0,0,0
3712290642,通投-七彩的梦-马年礼盒-长辈送礼+牛奶坚果-官号-26.2.4,暂停,审核通过,通投,直播间直接支付ROI,笔记（直播组件）,695e0fc9000000001a034275,583691373460942ae8fc16bb,视频笔记,通投-马年礼盒官号笔记合集-马年礼盒-长辈送礼+牛奶坚果-26.2.4,173561471,2026-02-04 15:35:20,0.00,0,0,0.0%,0.0,0.0,0,0.00,0.0,0,0,0.0,0,0,0.0,0,0.0,0,0.0,0,0.0,0,0.0,0,0.0,0,0.0,0,0.0,0,0.0,0,0.0,0.00,0.0,0,0,0
3712290641,通投-董璇转载-马年礼盒-长辈送礼+牛奶坚果-官号-26.2.4,暂停,审核通过,通投,直播间直接支付ROI,笔记（直播组件）,697715e40000000028008fe0,583691373460942ae8fc16bb,视频笔记,通投-马年礼盒官号笔记合集-马年礼盒-长辈送礼+牛奶坚果-26.2.4,173561471,2026-02-04 15:35:20,0.00,0,0,0.0%,0.0,0.0,0,0.00,0.0,0,0,0.0,0,0,0.0,0,0.0,0,0.0,0,0.0,0,0.0,0,0.0,0,0.0,0,0.0,0,0.0,0,0.0,0.00,0.0,0,0,0
3711787654,通投-告诉你答案-星光款-定向-日弘-26.2.4,被计划暂停,审核通过,通投,直播间直接支付ROI,笔记（直播组件）,6982ad53000000001a02b382,66f67e4c000000001d03127d,图文笔记,通投-告诉你答案-星光款-定向-日弘-26.2.4,173556194,2026-02-04 14:21:09,0.00,0,0,0.0%,0.0,0.0,0,0.00,0.0,0,0,0.0,0,0,0.0,0,0.0,0,0.0,0,0.0,0,0.0,0,0.0,0,0.0,0,0.0,0,0.0,0,0.0,0.00,0.0,0,0,0
3709224207,通投-燕窝也-合集款-系统-日弘-26.2.4,被计划暂停,不满足审核条件,通投,直播间直接支付ROI,笔记（直播组件）,672d88bf000000001d0385de,583691373460942ae8fc16bb,图文笔记,通投-爆文潜力笔记扩量-合集款-系统-26.2.4,173485860,2026-02-04 10:04:53,0.00,0,0,0.0%,0.0,0.0,0,0.00,0.0,0,0,0.0,0,0,0.0,0,0.0,0,0.0,0,0.0,0,0.0,0,0.0,0,0.0,0,0.0,0,0.0,0,0.0,0.00,0.0,0,0,0
3709224206,通投-燕窝新-合集款-系统-日弘-26.2.4,被计划暂停,审核通过,通投,直播间直接支付ROI,笔记（直播组件）,6735ba5f000000003c015663,583691373460942ae8fc16bb,图文笔记,通投-爆文潜力笔记扩量-合集款-系统-26.2.4,173485860,2026-02-04 10:04:53,0.00,0,0,0.0%,0.0,0.0,0,0.00,0.0,0,0,0.0,0,0,0.0,0,0.0,0,0.0,0,0.0,0,0.0,0,0.0,0,0.0,0,0.0,0,0.0,0,0.0,0.00,0.0,0,0,0
3709224205,通投-冤枉钱-合集款-系统-日弘-26.2.4,暂停,审核通过,通投,直播间直接支付ROI,笔记（直播组件）,684b88e4000000002100a26c,66f67e4c000000001d03127d,图文笔记,通投-爆文潜力笔记扩量-合集款-系统-26.2.4,173485860,2026-02-04 10:04:53,0.00,0,0,0.0%,0.0,0.0,0,0.00,0.0,0,0,0.0,0,0,0.0,0,0.0,0,0.0,0,0.0,0,0.0,0,0.0,0,0.0,0,0.0,0,0.0,0,0.0,0.00,0.0,0,0,0
3709224204,通投-小白选-合集款-系统-日弘-26.2.4,被计划暂停,审核通过,通投,直播间直接支付ROI,笔记（直播组件）,67af0cf3000000002803797b,66f67e4c000000001d03127d,图文笔记,通投-爆文潜力笔记扩量-合集款-系统-26.2.4,173485860,2026-02-04 10:04:53,0.00,0,0,0.0%,0.0,0.0,0,0.00,0.0,0,0,0.0,0,0,0.0,0,0.0,0,0.0,0,0.0,0,0.0,0,0.0,0,0.0,0,0.0,0,0.0,0,0.0,0.00,0.0,0,0,0
3709215008,通投-只有小仙炖-星光款-定向-新号-26.2.4,被计划暂停,审核通过,通投,直播间直接支付ROI,笔记（直播组件）,69144500000000000503bfc4,66f67e4c000000001d03127d,视频笔记,通投-爆文潜力笔记扩量-星光款-定向-26.1.30,172660377,2026-02-04 10:00:41,0.00,0,0,0.0%,0.0,0.0,0,0.00,0.0,0,0,0.0,0,0,0.0,0,0.0,0,0.0,0,0.0,0,0.0,0,0.0,0,0.0,0,0.0,0,0.0,0,0.0,0.00,0.0,0,0,0
3705641954,通投-每天不想上班-马年礼盒-长辈送礼+牛奶坚果-达人-26.2.3,暂停,审核通过,通投,直播间直接支付ROI,笔记（直播组件）,6965b1e1000000002102a02a,64176c080000000011022367,图文笔记,通投-马年礼盒1月达人笔记合集-马年礼盒-长辈送礼+牛奶坚果-26.2.3,173447781,2026-02-03 21:44:11,0.00,0,0,0.0%,0.0,0.0,0,0.00,0.0,0,0,0.0,0,0,0.0,0,0.0,0,0.0,0,0.0,0,0.0,0,0.0,0,0.0,0,0.0,0,0.0,0,0.0,0.00,0.0,0,0,0
3705641953,通投-小曾吃不饱-马年礼盒-长辈送礼+牛奶坚果-达人-26.2.3,被计划暂停,审核通过,通投,直播间直接支付ROI,笔记（直播组件）,6968d157000000000e03cc41,5b6d4a20c8adda00014cdc5d,图文笔记,通投-马年礼盒1月达人笔记合集-马年礼盒-长辈送礼+牛奶坚果-26.2.3,173447781,2026-02-03 21:44:11,0.00,0,0,0.0%,0.0,0.0,0,0.00,0.0,0,0,0.0,0,0,0.0,0,0.0,0,0.0,0,0.0,0,0.0,0,0.0,0,0.0,0,0.0,0,0.0,0,0.0,0.00,0.0,0,0,0
3705641952,通投-一颗椰樹🌴-马年礼盒-长辈送礼+牛奶坚果-达人-26.2.3,暂停,审核通过,通投,直播间直接支付ROI,笔记（直播组件）,695f586b000000000d008370,5b07c5556b58b70b0f52c237,图文笔记,通投-马年礼盒1月达人笔记合集-马年礼盒-长辈送礼+牛奶坚果-26.2.3,173447781,2026-02-03 21:44:11,0.00,0,0,0.0%,0.0,0.0,0,0.00,0.0,0,0,0.0,0,0,0.0,0,0.0,0,0.0,0,0.0,0,0.0,0,0.0,0,0.0,0,0.0,0,0.0,0,0.0,0.00,0.0,0,0,0
3705641951,通投-CSHNAN-马年礼盒-长辈送礼+牛奶坚果-达人-26.2.3,暂停,审核通过,通投,直播间直接支付ROI,笔记（直播组件）,6969f50d000000001a01c0a7,5aa33ac111be106a7e5b0793,图文笔记,通投-马年礼盒1月达人笔记合集-马年礼盒-长辈送礼+牛奶坚果-26.2.3,173447781,2026-02-03 21:44:11,0.00,0,0,0.0%,0.0,0.0,0,0.00,0.0,0,0,0.0,0,0,0.0,0,0.0,0,0.0,0,0.0,0,0.0,0,0.0,0,0.0,0,0.0,0,0.0,0,0.0,0.00,0.0,0,0,0
3705641950,通投-yy不吃鱼-马年礼盒-长辈送礼+牛奶坚果-达人-26.2.3,被计划暂停,审核通过,通投,直播间直接支付ROI,笔记（直播组件）,6969d8f6000000002202e213,597314a782ec39737068ad7c,图文笔记,通投-马年礼盒1月达人笔记合集-马年礼盒-长辈送礼+牛奶坚果-26.2.3,173447781,2026-02-03 21:44:11,0.00,0,0,0.0%,0.0,0.0,0,0.00,0.0,0,0,0.0,0,0,0.0,0,0.0,0,0.0,0,0.0,0,0.0,0,0.0,0,0.0,0,0.0,0,0.0,0,0.0,0.00,0.0,0,0,0
3705641949,通投-_z小桃🍑-马年礼盒-长辈送礼+牛奶坚果-达人-26.2.3,暂停,审核通过,通投,直播间直接支付ROI,笔记（直播组件）,695f3dfd000000001a025050,645c9c89000000001002b3c3,图文笔记,通投-马年礼盒1月达人笔记合集-马年礼盒-长辈送礼+牛奶坚果-26.2.3,173447781,2026-02-03 21:44:11,0.00,0,0,0.0%,0.0,0.0,0,0.00,0.0,0,0,0.0,0,0,0.0,0,0.0,0,0.0,0,0.0,0,0.0,0,0.0,0,0.0,0,0.0,0,0.0,0,0.0,0.00,0.0,0,0,0
3705338464,通投-每天不想上班-马年礼盒-定向-达人-26.2.3,暂停,审核通过,通投,直播间直接支付ROI,笔记（直播组件）,6965b1e1000000002102a02a,64176c080000000011022367,图文笔记,通投-马年礼盒1月达人笔记合集-马年礼盒-定向-26.2.3,173424778,2026-02-03 21:40:55,0.00,0,0,0.0%,0.0,0.0,0,0.00,0.0,0,0,0.0,0,0,0.0,0,0.0,0,0.0,0,0.0,0,0.0,0,0.0,0,0.0,0,0.0,0,0.0,0,0.0,0.00,0.0,0,0,0
3705338463,通投-小曾吃不饱-马年礼盒-定向-达人-26.2.3,被计划暂停,审核通过,通投,直播间直接支付ROI,笔记（直播组件）,6968d157000000000e03cc41,5b6d4a20c8adda00014cdc5d,图文笔记,通投-马年礼盒1月达人笔记合集-马年礼盒-定向-26.2.3,173424778,2026-02-03 21:40:55,0.00,0,0,0.0%,0.0,0.0,0,0.00,0.0,0,0,0.0,0,0,0.0,0,0.0,0,0.0,0,0.0,0,0.0,0,0.0,0,0.0,0,0.0,0,0.0,0,0.0,0.00,0.0,0,0,0
3705338462,通投-sukrys_雪子-马年礼盒-定向-达人-26.2.3,暂停,审核通过,通投,直播间直接支付ROI,笔记（直播组件）,696f26fa000000000a031d99,565876d682718c527ecad930,视频笔记,通投-马年礼盒1月达人笔记合集-马年礼盒-定向-26.2.3,173424778,2026-02-03 21:40:55,0.00,0,0,0.0%,0.0,0.0,0,0.00,0.0,0,0,0.0,0,0,0.0,0,0.0,0,0.0,0,0.0,0,0.0,0,0.0,0,0.0,0,0.0,0,0.0,0,0.0,0.00,0.0,0,0,0
3705338461,通投-一颗椰樹🌴-马年礼盒-定向-达人-26.2.3,暂停,审核通过,通投,直播间直接支付ROI,笔记（直播组件）,695f586b000000000d008370,5b07c5556b58b70b0f52c237,图文笔记,通投-马年礼盒1月达人笔记合集-马年礼盒-定向-26.2.3,173424778,2026-02-03 21:40:55,0.00,0,0,0.0%,0.0,0.0,0,0.00,0.0,0,0,0.0,0,0,0.0,0,0.0,0,0.0,0,0.0,0,0.0,0,0.0,0,0.0,0,0.0,0,0.0,0,0.0,0.00,0.0,0,0,0
3705338460,通投-CSHNAN-马年礼盒-定向-达人-26.2.3,暂停,不满足审核条件,通投,直播间直接支付ROI,笔记（直播组件）,6969f50d000000001a01c0a7,5aa33ac111be106a7e5b0793,图文笔记,通投-马年礼盒1月达人笔记合集-马年礼盒-定向-26.2.3,173424778,2026-02-03 21:40:55,0.00,0,0,0.0%,0.0,0.0,0,0.00,0.0,0,0,0.0,0,0,0.0,0,0.0,0,0.0,0,0.0,0,0.0,0,0.0,0,0.0,0,0.0,0,0.0,0,0.0,0.00,0.0,0,0,0
3705338459,通投-yy不吃鱼-马年礼盒-定向-达人-26.2.3,被计划暂停,审核通过,通投,直播间直接支付ROI,笔记（直播组件）,6969d8f6000000002202e213,597314a782ec39737068ad7c,图文笔记,通投-马年礼盒1月达人笔记合集-马年礼盒-定向-26.2.3,173424778,2026-02-03 21:40:55,0.00,0,0,0.0%,0.0,0.0,0,0.00,0.0,0,0,0.0,0,0,0.0,0,0.0,0,0.0,0,0.0,0,0.0,0,0.0,0,0.0,0,0.0,0,0.0,0,0.0,0.00,0.0,0,0,0
3705338458,通投-_z小桃🍑-马年礼盒-定向-达人-26.2.3,暂停,审核通过,通投,直播间直接支付ROI,笔记（直播组件）,695f3dfd000000001a025050,645c9c89000000001002b3c3,图文笔记,通投-马年礼盒1月达人笔记合集-马年礼盒-定向-26.2.3,173424778,2026-02-03 21:40:55,0.00,0,0,0.0%,0.0,0.0,0,0.00,0.0,0,0,0.0,0,0,0.0,0,0.0,0,0.0,0,0.0,0,0.0,0,0.0,0,0.0,0,0.0,0,0.0,0,0.0,0.00,0.0,0,0,0
3705338457,通投-Mandyyyy-马年礼盒-定向-达人-26.2.3,暂停,审核拒绝,通投,直播间直接支付ROI,笔记（直播组件）,696a21b6000000002103f1e7,6453381b000000001f0302bf,图文笔记,通投-马年礼盒1月达人笔记合集-马年礼盒-定向-26.2.3,173424778,2026-02-03 21:40:55,0.00,0,0,0.0%,0.0,0.0,0,0.00,0.0,0,0,0.0,0,0,0.0,0,0.0,0,0.0,0,0.0,0,0.0,0,0.0,0,0.0,0,0.0,0,0.0,0,0.0,0.00,0.0,0,0,0
3690061179,通投-补对了-星光款-定向-日弘-26.2.2视频组,被计划暂停,审核通过,通投,直播间直接支付ROI,笔记（直播组件）,69328e92000000001e03bf8e,66f67e4c000000001d03127d,视频笔记,通投-潜力笔记扩量-多款-定向-26.2.2,173034199,2026-02-02 09:41:23,0.00,0,0,0.0%,0.0,0.0,0,0.00,0.0,0,0,0.0,0,0,0.0,0,0.0,0,0.0,0,0.0,0,0.0,0,0.0,0,0.0,0,0.0,0,0.0,0,0.0,0.00,0.0,0,0,0
3690061178,通投-说点大实话-星光款-定向-新号-26.2.2,被计划暂停,审核拒绝,通投,直播间直接支付ROI,笔记（直播组件）,694d0203000000001e0052ff,66f67e4c000000001d03127d,图文笔记,通投-潜力笔记扩量-多款-定向-26.2.2,173034199,2026-02-02 09:41:23,0.00,0,0,0.0%,0.0,0.0,0,0.00,0.0,0,0,0.0,0,0,0.0,0,0.0,0,0.0,0,0.0,0,0.0,0,0.0,0,0.0,0,0.0,0,0.0,0,0.0,0.00,0.0,0,0,0
3690061177,通投-宝妈双十一-星光款-定向-新号-26.2.2,被计划暂停,审核通过,通投,直播间直接支付ROI,笔记（直播组件）,68fb4ead000000000301853f,66f67e4c000000001d03127d,图文笔记,通投-潜力笔记扩量-多款-定向-26.2.2,173034199,2026-02-02 09:41:23,0.00,0,0,0.0%,0.0,0.0,0,0.00,0.0,0,0,0.0,0,0,0.0,0,0.0,0,0.0,0,0.0,0,0.0,0,0.0,0,0.0,0,0.0,0,0.0,0,0.0,0.00,0.0,0,0,0
3690061176,通投-黄暄雅Hyuna转载-星光款-定向-官号-26.2.2,被计划暂停,审核通过,通投,直播间直接支付ROI,笔记（直播组件）,690309ef0000000004006b8c,583691373460942ae8fc16bb,视频笔记,通投-潜力笔记扩量-多款-定向-26.2.2,173034199,2026-02-02 09:41:23,0.00,0,0,0.0%,0.0,0.0,0,0.00,0.0,0,0,0.0,0,0,0.0,0,0.0,0,0.0,0,0.0,0,0.0,0,0.0,0,0.0,0,0.0,0,0.0,0,0.0,0.00,0.0,0,0,0
3690105633,通投-真实答案-星光款-孕期滋补定向人群-日弘-26.2.2-视频组,暂停,审核通过,通投,直播间直接支付ROI,笔记（直播组件）,69731787000000001a036832,66f67e4c000000001d03127d,视频笔记,通投-真实答案-星光款-孕期滋补定向人群-日弘-26.2.2-视频组,173044481,2026-02-02 09:32:22,0.00,0,0,0.0%,0.0,0.0,0,0.00,0.0,0,0,0.0,0,0,0.0,0,0.0,0,0.0,0,0.0,0,0.0,0,0.0,0,0.0,0,0.0,0,0.0,0,0.0,0.00,0.0,0,0,0
3690047091,通投-选对也吃对-星光款-定向-日弘-26.2.2,暂停,审核通过,通投,直播间直接支付ROI,笔记（直播组件）,6971c18b000000001a02b1e4,66f67e4c000000001d03127d,图文笔记,通投-选对也吃对-星光款-定向-日弘-26.2.2,173033871,2026-02-02 09:24:33,0.00,0,0,0.0%,0.0,0.0,0,0.00,0.0,0,0,0.0,0,0,0.0,0,0.0,0,0.0,0,0.0,0,0.0,0,0.0,0,0.0,0,0.0,0,0.0,0,0.0,0.00,0.0,0,0,0
3684125163,通投-Miss Xu-马年礼盒-系统-达人-26.2.1,暂停,审核通过,通投,直播间直接支付ROI,笔记（直播组件）,69705529000000000903a4ca,56f80ef6aed758591f549b9c,视频笔记,通投-潜力笔记扩量-多款-系统-26.2.1,172944476,2026-02-01 14:32:08,0.00,0,0,0.0%,0.0,0.0,0,0.00,0.0,0,0,0.0,0,0,0.0,0,0.0,0,0.0,0,0.0,0,0.0,0,0.0,0,0.0,0,0.0,0,0.0,0,0.0,0.00,0.0,0,0,0
3684125162,通投-杨杨🐑-马年礼盒-系统-达人-26.2.1,暂停,审核通过,通投,直播间直接支付ROI,笔记（直播组件）,6968cb67000000002203903c,5935459350c4b40384475304,图文笔记,通投-潜力笔记扩量-多款-系统-26.2.1,172944476,2026-02-01 14:32:08,0.00,0,0,0.0%,0.0,0.0,0,0.00,0.0,0,0,0.0,0,0,0.0,0,0.0,0,0.0,0,0.0,0,0.0,0,0.0,0,0.0,0,0.0,0,0.0,0,0.0,0.00,0.0,0,0,0
3684125161,通投-恩崽妈-马年礼盒-系统-达人-26.2.1,暂停,审核通过,通投,直播间直接支付ROI,笔记（直播组件）,696f1b51000000000a028fd8,63353dec000000001802f0f6,视频笔记,通投-潜力笔记扩量-多款-系统-26.2.1,172944476,2026-02-01 14:32:08,0.00,0,0,0.0%,0.0,0.0,0,0.00,0.0,0,0,0.0,0,0,0.0,0,0.0,0,0.0,0,0.0,0,0.0,0,0.0,0,0.0,0,0.0,0,0.0,0,0.0,0.00,0.0,0,0,0
3684125160,通投-有理想的小韩堡-马年礼盒-系统-达人-26.2.1,暂停,不满足审核条件,通投,直播间直接支付ROI,笔记（直播组件）,696600c9000000001a020b6e,55ee8530c2bdeb13faa472e9,图文笔记,通投-潜力笔记扩量-多款-系统-26.2.1,172944476,2026-02-01 14:32:08,0.00,0,0,0.0%,0.0,0.0,0,0.00,0.0,0,0,0.0,0,0,0.0,0,0.0,0,0.0,0,0.0,0,0.0,0,0.0,0,0.0,0,0.0,0,0.0,0,0.0,0.00,0.0,0,0,0
3684125159,通投-小欣Xin-马年礼盒-系统-达人-26.2.1,暂停,不满足审核条件,通投,直播间直接支付ROI,笔记（直播组件）,697194bc000000000e03dbab,57b2b71982ec3934e424718a,视频笔记,通投-潜力笔记扩量-多款-系统-26.2.1,172944476,2026-02-01 14:32:08,0.00,0,0,0.0%,0.0,0.0,0,0.00,0.0,0,0,0.0,0,0,0.0,0,0.0,0,0.0,0,0.0,0,0.0,0,0.0,0,0.0,0,0.0,0,0.0,0,0.0,0.00,0.0,0,0,0
3684125158,通投-董璇-马年礼盒-系统-达人-26.2.1,暂停,审核通过,通投,直播间直接支付ROI,笔记（直播组件）,6971f0ea000000000b011992,56e22bab84edcd3a321cabd5,视频笔记,通投-潜力笔记扩量-多款-系统-26.2.1,172944476,2026-02-01 14:32:08,0.00,0,0,0.0%,0.0,0.0,0,0.00,0.0,0,0,0.0,0,0,0.0,0,0.0,0,0.0,0,0.0,0,0.0,0,0.0,0,0.0,0,0.0,0,0.0,0,0.0,0.00,0.0,0,0,0
3668190122,通投-冷皮预警-青春款-定向-日弘-26.1.30-新笔记-视频组,被计划暂停,审核拒绝,通投,直播间直接支付ROI,笔记（直播组件）,697c68c4000000000a02ca61,66f67e4c000000001d03127d,视频笔记,通投-冷皮预警-青春款-定向-日弘-26.1.30-新笔记-视频组,172695201,2026-01-30 17:05:51,0.00,0,0,0.0%,0.0,0.0,0,0.00,0.0,0,0,0.0,0,0,0.0,0,0.0,0,0.0,0,0.0,0,0.0,0,0.0,0,0.0,0,0.0,0,0.0,0,0.0,0.00,0.0,0,0,0
3668124176,通投-一篇搞懂-合集款-定向-日弘-26.1.30,暂停,审核通过,通投,直播间直接支付ROI,笔记（直播组件）,697c0949000000002801dfff,66f67e4c000000001d03127d,图文笔记,通投-一篇搞懂-合集款-定向-日弘-26.1.30,172681602,2026-01-30 17:02:30,0.00,0,0,0.0%,0.0,0.0,0,0.00,0.0,0,0,0.0,0,0,0.0,0,0.0,0,0.0,0,0.0,0,0.0,0,0.0,0,0.0,0,0.0,0,0.0,0,0.0,0.00,0.0,0,0,0
3668175929,通投-真实答案-星光款-定向-日弘-26.1.30-视频组,暂停,审核通过,通投,直播间直接支付ROI,笔记（直播组件）,69731787000000001a036832,66f67e4c000000001d03127d,视频笔记,通投-真实答案-星光款-定向-日弘-26.1.30-视频组,172687077,2026-01-30 16:58:57,0.00,0,0,0.0%,0.0,0.0,0,0.00,0.0,0,0,0.0,0,0,0.0,0,0.0,0,0.0,0,0.0,0,0.0,0,0.0,0,0.0,0,0.0,0,0.0,0,0.0,0.00,0.0,0,0,0
3667313290,通投-白白胖胖-星光款-定向-新号-26.1.30,被计划暂停,审核通过,通投,直播间直接支付ROI,笔记（直播组件）,68ef7968000000000301210f,66f67e4c000000001d03127d,视频笔记,通投-爆文潜力笔记扩量-星光款-定向-26.1.30,172660377,2026-01-30 15:41:01,0.00,0,0,0.0%,0.0,0.0,0,0.00,0.0,0,0,0.0,0,0,0.0,0,0.0,0,0.0,0,0.0,0,0.0,0,0.0,0,0.0,0,0.0,0,0.0,0,0.0,0.00,0.0,0,0,0
3667313289,通投-等了这么久-星光款-定向-新号-26.1.30,暂停,审核通过,通投,直播间直接支付ROI,笔记（直播组件）,68ef797200000000030380e0,66f67e4c000000001d03127d,视频笔记,通投-爆文潜力笔记扩量-星光款-定向-26.1.30,172660377,2026-01-30 15:41:01,0.00,0,0,0.0%,0.0,0.0,0,0.00,0.0,0,0,0.0,0,0,0.0,0,0.0,0,0.0,0,0.0,0,0.0,0,0.0,0,0.0,0,0.0,0,0.0,0,0.0,0.00,0.0,0,0,0
3667313288,通投-宝妈亲测-星光款-定向-日弘-26.1.30,被计划暂停,审核通过,通投,直播间直接支付ROI,笔记（直播组件）,68ede2560000000004028b00,66f67e4c000000001d03127d,视频笔记,通投-爆文潜力笔记扩量-星光款-定向-26.1.30,172660377,2026-01-30 15:41:01,0.00,0,0,0.0%,0.0,0.0,0,0.00,0.0,0,0,0.0,0,0,0.0,0,0.0,0,0.0,0,0.0,0,0.0,0,0.0,0,0.0,0,0.0,0,0.0,0,0.0,0.00,0.0,0,0,0
3667313287,通投-主持人柴猫礼-星光款-定向-达人-26.1.30,暂停,审核通过,通投,直播间直接支付ROI,笔记（直播组件）,694509e3000000001e034b3e,5c2f5b6300000000070279d3,视频笔记,通投-爆文潜力笔记扩量-星光款-定向-26.1.30,172660377,2026-01-30 15:41:01,0.00,0,0,0.0%,0.0,0.0,0,0.00,0.0,0,0,0.0,0,0,0.0,0,0.0,0,0.0,0,0.0,0,0.0,0,0.0,0,0.0,0,0.0,0,0.0,0,0.0,0.00,0.0,0,0,0
3667313286,通投-云卷云舒_转载-星光款-定向-官号-26.1.30,被计划暂停,审核通过,通投,直播间直接支付ROI,笔记（直播组件）,68f9d0c70000000004016341,583691373460942ae8fc16bb,视频笔记,通投-爆文潜力笔记扩量-星光款-定向-26.1.30,172660377,2026-01-30 15:41:01,0.00,0,0,0.0%,0.0,0.0,0,0.00,0.0,0,0,0.0,0,0,0.0,0,0.0,0,0.0,0,0.0,0,0.0,0,0.0,0,0.0,0,0.0,0,0.0,0,0.0,0.00,0.0,0,0,0
3667313285,通投-葛子妮Nini-星光款-定向-达人-26.1.30,暂停,审核通过,通投,直播间直接支付ROI,笔记（直播组件）,6912ca5c0000000004017d53,556b0fdfc2bdeb414a27803f,视频笔记,通投-爆文潜力笔记扩量-星光款-定向-26.1.30,172660377,2026-01-30 15:41:01,0.00,0,0,0.0%,0.0,0.0,0,0.00,0.0,0,0,0.0,0,0,0.0,0,0.0,0,0.0,0,0.0,0,0.0,0,0.0,0,0.0,0,0.0,0,0.0,0,0.0,0.00,0.0,0,0,0
3667313284,通投-sukrys_雪子-星光款-定向-达人-26.1.30,暂停,审核通过,通投,直播间直接支付ROI,笔记（直播组件）,691574ec000000000700a003,565876d682718c527ecad930,视频笔记,通投-爆文潜力笔记扩量-星光款-定向-26.1.30,172660377,2026-01-30 15:41:01,0.00,0,0,0.0%,0.0,0.0,0,0.00,0.0,0,0,0.0,0,0,0.0,0,0.0,0,0.0,0,0.0,0,0.0,0,0.0,0,0.0,0,0.0,0,0.0,0,0.0,0.00,0.0,0,0,0
3666971382,通投-燕窝也-合集款-定向-日弘-26.1.30,有效,审核通过,通投,直播间直接支付ROI,笔记（直播组件）,672d88bf000000001d0385de,583691373460942ae8fc16bb,图文笔记,通投-爆文潜力笔记扩量-合集款-定向-26.1.30,172639794,2026-01-30 15:12:44,25.44,4556,87,1.91%,0.29,5.58,16,1.59,0.54,0,13,1.96,0,6,4.24,8,3.18,2,12.72,0,0.0,0.0,0.0,0,0.0,0.0,0.0,0,0.0,0.0,0.0,0,0.0,0.00,0.0,8,0,0.0
3666971381,通投-燕窝新-合集款-定向-日弘-26.1.30,暂停,审核通过,通投,直播间直接支付ROI,笔记（直播组件）,6735ba5f000000003c015663,583691373460942ae8fc16bb,图文笔记,通投-爆文潜力笔记扩量-合集款-定向-26.1.30,172639794,2026-01-30 15:12:44,0.00,0,0,0.0%,0.0,0.0,0,0.00,0.0,0,0,0.0,0,0,0.0,0,0.0,0,0.0,0,0.0,0,0.0,0,0.0,0,0.0,0,0.0,0,0.0,0,0.0,0.00,0.0,0,0,0
3666971380,通投-冤枉钱-合集款-定向-日弘-26.1.30,暂停,审核通过,通投,直播间直接支付ROI,笔记（直播组件）,684b88e4000000002100a26c,66f67e4c000000001d03127d,图文笔记,通投-爆文潜力笔记扩量-合集款-定向-26.1.30,172639794,2026-01-30 15:12:44,0.00,0,0,0.0%,0.0,0.0,0,0.00,0.0,0,0,0.0,0,0,0.0,0,0.0,0,0.0,0,0.0,0,0.0,0,0.0,0,0.0,0,0.0,0,0.0,0,0.0,0.00,0.0,0,0,0
3666971379,通投-小白选-合集款-定向-日弘-26.1.30,暂停,审核通过,通投,直播间直接支付ROI,笔记（直播组件）,67af0cf3000000002803797b,66f67e4c000000001d03127d,图文笔记,通投-爆文潜力笔记扩量-合集款-定向-26.1.30,172639794,2026-01-30 15:12:44,0.00,0,0,0.0%,0.0,0.0,0,0.00,0.0,0,0,0.0,0,0,0.0,0,0.0,0,0.0,0,0.0,0,0.0,0,0.0,0,0.0,0,0.0,0,0.0,0,0.0,0.00,0.0,0,0,0
3666491191,通投-这篇就够-青春款-定向-日弘-26.1.30,被计划暂停,审核通过,通投,直播间直接支付ROI,笔记（直播组件）,692e4ce0000000001e031250,66f67e4c000000001d03127d,图文笔记,通投-爆文潜力笔记扩量-青春款-定向-26.1.30,172625688,2026-01-30 14:22:23,0.00,0,0,0.0%,0.0,0.0,0,0.00,0.0,0,0,0.0,0,0,0.0,0,0.0,0,0.0,0,0.0,0,0.0,0,0.0,0,0.0,0,0.0,0,0.0,0,0.0,0.00,0.0,0,0,0
3666491190,通投-给宝宝满满-青春款-定向-新号-26.1.30,暂停,审核通过,通投,直播间直接支付ROI,笔记（直播组件）,6914459c00000000050383ed,66f67e4c000000001d03127d,视频笔记,通投-爆文潜力笔记扩量-青春款-定向-26.1.30,172625688,2026-01-30 14:22:23,0.00,0,0,0.0%,0.0,0.0,0,0.00,0.0,0,0,0.0,0,0,0.0,0,0.0,0,0.0,0,0.0,0,0.0,0,0.0,0,0.0,0,0.0,0,0.0,0,0.0,0.00,0.0,0,0,0
3666491189,通投-聪明孕-青春款-定向-日弘-26.1.30,暂停,审核通过,通投,直播间直接支付ROI,笔记（直播组件）,66714c48000000001d0161ee,583691373460942ae8fc16bb,图文笔记,通投-爆文潜力笔记扩量-青春款-定向-26.1.30,172625688,2026-01-30 14:22:23,0.00,0,0,0.0%,0.0,0.0,0,0.00,0.0,0,0,0.0,0,0,0.0,0,0.0,0,0.0,0,0.0,0,0.0,0,0.0,0,0.0,0,0.0,0,0.0,0,0.0,0.00,0.0,0,0,0
3666491188,通投-饱满肌-青春款-定向-日弘-26.1.30,暂停,不满足审核条件,通投,直播间直接支付ROI,笔记（直播组件）,686f734e000000002400bf48,66f67e4c000000001d03127d,图文笔记,通投-爆文潜力笔记扩量-青春款-定向-26.1.30,172625688,2026-01-30 14:22:23,0.00,0,0,0.0%,0.0,0.0,0,0.00,0.0,0,0,0.0,0,0,0.0,0,0.0,0,0.0,0,0.0,0,0.0,0,0.0,0,0.0,0,0.0,0,0.0,0,0.0,0.00,0.0,0,0,0
3666491187,通投-素颜自由-青春款-定向-新号-26.1.30,暂停,审核通过,通投,直播间直接支付ROI,笔记（直播组件）,68fb4ac9000000000301fef0,66f67e4c000000001d03127d,图文笔记,通投-爆文潜力笔记扩量-青春款-定向-26.1.30,172625688,2026-01-30 14:22:23,0.00,0,0,0.0%,0.0,0.0,0,0.00,0.0,0,0,0.0,0,0,0.0,0,0.0,0,0.0,0,0.0,0,0.0,0,0.0,0,0.0,0,0.0,0,0.0,0,0.0,0.00,0.0,0,0,0
3659045631,通投-Miss Xu-马年礼盒-定向-达人-26.1.29,被计划暂停,审核通过,通投,直播间直接支付ROI,笔记（直播组件）,69705529000000000903a4ca,56f80ef6aed758591f549b9c,视频笔记,通投-马年礼盒1月达人笔记合集2-马年礼盒-定向-26.1.29,172493511,2026-01-29 18:19:41,0.00,0,0,0.0%,0.0,0.0,0,0.00,0.0,0,0,0.0,0,0,0.0,0,0.0,0,0.0,0,0.0,0,0.0,0,0.0,0,0.0,0,0.0,0,0.0,0,0.0,0.00,0.0,0,0,0
3659045630,通投-羊壹只-马年礼盒-定向-达人-26.1.29,暂停,审核通过,通投,直播间直接支付ROI,笔记（直播组件）,696774e6000000000a0295cb,62f9fb25000000001b001beb,视频笔记,通投-马年礼盒1月达人笔记合集2-马年礼盒-定向-26.1.29,172493511,2026-01-29 18:19:41,0.00,0,0,0.0%,0.0,0.0,0,0.00,0.0,0,0,0.0,0,0,0.0,0,0.0,0,0.0,0,0.0,0,0.0,0,0.0,0,0.0,0,0.0,0,0.0,0,0.0,0.00,0.0,0,0,0
3659045629,通投-黄凯XK-马年礼盒-定向-达人-26.1.29,暂停,审核通过,通投,直播间直接支付ROI,笔记（直播组件）,696b579b0000000022021840,627234ba0000000021021d20,视频笔记,通投-马年礼盒1月达人笔记合集2-马年礼盒-定向-26.1.29,172493511,2026-01-29 18:19:41,0.00,0,0,0.0%,0.0,0.0,0,0.00,0.0,0,0,0.0,0,0,0.0,0,0.0,0,0.0,0,0.0,0,0.0,0,0.0,0,0.0,0,0.0,0,0.0,0,0.0,0.00,0.0,0,0,0
3659045628,通投-就一颗果子-马年礼盒-定向-达人-26.1.29,暂停,审核通过,通投,直播间直接支付ROI,笔记（直播组件）,69686ca1000000000b011403,576614c8bd0da55eba410c62,图文笔记,通投-马年礼盒1月达人笔记合集2-马年礼盒-定向-26.1.29,172493511,2026-01-29 18:19:41,0.00,0,0,0.0%,0.0,0.0,0,0.00,0.0,0,0,0.0,0,0,0.0,0,0.0,0,0.0,0,0.0,0,0.0,0,0.0,0,0.0,0,0.0,0,0.0,0,0.0,0.00,0.0,0,0,0
3659045627,通投-有理想的小韩堡-马年礼盒-定向-达人-26.1.29,暂停,审核通过,通投,直播间直接支付ROI,笔记（直播组件）,696600c9000000001a020b6e,55ee8530c2bdeb13faa472e9,图文笔记,通投-马年礼盒1月达人笔记合集2-马年礼盒-定向-26.1.29,172493511,2026-01-29 18:19:41,0.00,0,0,0.0%,0.0,0.0,0,0.00,0.0,0,0,0.0,0,0,0.0,0,0.0,0,0.0,0,0.0,0,0.0,0,0.0,0,0.0,0,0.0,0,0.0,0,0.0,0.00,0.0,0,0,0
3659045626,通投-杨丢丢DIUDIU-马年礼盒-定向-达人-26.1.29,被计划暂停,审核通过,通投,直播间直接支付ROI,笔记（直播组件）,696e25af000000000a03287b,58f2227750c4b411268677e4,视频笔记,通投-马年礼盒1月达人笔记合集2-马年礼盒-定向-26.1.29,172493511,2026-01-29 18:19:41,0.00,0,0,0.0%,0.0,0.0,0,0.00,0.0,0,0,0.0,0,0,0.0,0,0.0,0,0.0,0,0.0,0,0.0,0,0.0,0,0.0,0,0.0,0,0.0,0,0.0,0.00,0.0,0,0,0
3659045625,通投-腿毛阿姨-马年礼盒-定向-达人-26.1.29,暂停,不满足审核条件,通投,直播间直接支付ROI,笔记（直播组件）,696da845000000000a032e50,563eb0b5c2bdeb79c8595dd3,视频笔记,通投-马年礼盒1月达人笔记合集2-马年礼盒-定向-26.1.29,172493511,2026-01-29 18:19:41,0.00,0,0,0.0%,0.0,0.0,0,0.00,0.0,0,0,0.0,0,0,0.0,0,0.0,0,0.0,0,0.0,0,0.0,0,0.0,0,0.0,0,0.0,0,0.0,0,0.0,0.00,0.0,0,0,0
3659045624,通投-陈绵羊-马年礼盒-定向-达人-26.1.29,被计划暂停,审核通过,通投,直播间直接支付ROI,笔记（直播组件）,6965fcd5000000000b0128d2,56ffd10984edcd51574852da,视频笔记,通投-马年礼盒1月达人笔记合集2-马年礼盒-定向-26.1.29,172493511,2026-01-29 18:19:41,0.00,0,0,0.0%,0.0,0.0,0,0.00,0.0,0,0,0.0,0,0,0.0,0,0.0,0,0.0,0,0.0,0,0.0,0,0.0,0,0.0,0,0.0,0,0.0,0,0.0,0.00,0.0,0,0,0
3659045623,通投-小欣Xin-马年礼盒-定向-达人-26.1.29,暂停,不满足审核条件,通投,直播间直接支付ROI,笔记（直播组件）,697194bc000000000e03dbab,57b2b71982ec3934e424718a,视频笔记,通投-马年礼盒1月达人笔记合集2-马年礼盒-定向-26.1.29,172493511,2026-01-29 18:19:41,0.00,0,0,0.0%,0.0,0.0,0,0.00,0.0,0,0,0.0,0,0,0.0,0,0.0,0,0.0,0,0.0,0,0.0,0,0.0,0,0.0,0,0.0,0,0.0,0,0.0,0.00,0.0,0,0,0
3659045622,通投-轩子的杨-马年礼盒-定向-达人-26.1.29,暂停,审核通过,通投,直播间直接支付ROI,笔记（直播组件）,696ca3e60000000021031d0d,593fe5904f8fd622b81ff286,视频笔记,通投-马年礼盒1月达人笔记合集2-马年礼盒-定向-26.1.29,172493511,2026-01-29 18:19:41,0.00,0,0,0.0%,0.0,0.0,0,0.00,0.0,0,0,0.0,0,0,0.0,0,0.0,0,0.0,0,0.0,0,0.0,0,0.0,0,0.0,0,0.0,0,0.0,0,0.0,0.00,0.0,0,0,0
3659095492,通投-Miss Xu-马年礼盒-长辈送礼+牛奶坚果-达人-26.1.29,被计划暂停,审核通过,通投,直播间直接支付ROI,笔记（直播组件）,69705529000000000903a4ca,56f80ef6aed758591f549b9c,视频笔记,通投-马年礼盒1月达人笔记合集2-马年礼盒-长辈送礼+牛奶坚果,172509897,2026-01-29 18:18:00,0.00,0,0,0.0%,0.0,0.0,0,0.00,0.0,0,0,0.0,0,0,0.0,0,0.0,0,0.0,0,0.0,0,0.0,0,0.0,0,0.0,0,0.0,0,0.0,0,0.0,0.00,0.0,0,0,0
3659095491,通投-羊壹只-马年礼盒-长辈送礼+牛奶坚果-达人-26.1.29,被计划暂停,审核通过,通投,直播间直接支付ROI,笔记（直播组件）,696774e6000000000a0295cb,62f9fb25000000001b001beb,视频笔记,通投-马年礼盒1月达人笔记合集2-马年礼盒-长辈送礼+牛奶坚果,172509897,2026-01-29 18:18:00,0.00,0,0,0.0%,0.0,0.0,0,0.00,0.0,0,0,0.0,0,0,0.0,0,0.0,0,0.0,0,0.0,0,0.0,0,0.0,0,0.0,0,0.0,0,0.0,0,0.0,0.00,0.0,0,0,0
3659095490,通投-黄凯XK-马年礼盒-长辈送礼+牛奶坚果-达人-26.1.29,被计划暂停,审核通过,通投,直播间直接支付ROI,笔记（直播组件）,696b579b0000000022021840,627234ba0000000021021d20,视频笔记,通投-马年礼盒1月达人笔记合集2-马年礼盒-长辈送礼+牛奶坚果,172509897,2026-01-29 18:18:00,0.00,0,0,0.0%,0.0,0.0,0,0.00,0.0,0,0,0.0,0,0,0.0,0,0.0,0,0.0,0,0.0,0,0.0,0,0.0,0,0.0,0,0.0,0,0.0,0,0.0,0.00,0.0,0,0,0
3659095489,通投-就一颗果子-马年礼盒-长辈送礼+牛奶坚果-达人-26.1.29,暂停,审核通过,通投,直播间直接支付ROI,笔记（直播组件）,69686ca1000000000b011403,576614c8bd0da55eba410c62,图文笔记,通投-马年礼盒1月达人笔记合集2-马年礼盒-长辈送礼+牛奶坚果,172509897,2026-01-29 18:18:00,0.00,0,0,0.0%,0.0,0.0,0,0.00,0.0,0,0,0.0,0,0,0.0,0,0.0,0,0.0,0,0.0,0,0.0,0,0.0,0,0.0,0,0.0,0,0.0,0,0.0,0.00,0.0,0,0,0
3659095488,通投-有理想的小韩堡-马年礼盒-长辈送礼+牛奶坚果-达人-26.1.29,暂停,不满足审核条件,通投,直播间直接支付ROI,笔记（直播组件）,696600c9000000001a020b6e,55ee8530c2bdeb13faa472e9,图文笔记,通投-马年礼盒1月达人笔记合集2-马年礼盒-长辈送礼+牛奶坚果,172509897,2026-01-29 18:18:00,0.00,0,0,0.0%,0.0,0.0,0,0.00,0.0,0,0,0.0,0,0,0.0,0,0.0,0,0.0,0,0.0,0,0.0,0,0.0,0,0.0,0,0.0,0,0.0,0,0.0,0.00,0.0,0,0,0
3659095487,通投-杨丢丢DIUDIU-马年礼盒-长辈送礼+牛奶坚果-达人-26.1.29,被计划暂停,审核通过,通投,直播间直接支付ROI,笔记（直播组件）,696e25af000000000a03287b,58f2227750c4b411268677e4,视频笔记,通投-马年礼盒1月达人笔记合集2-马年礼盒-长辈送礼+牛奶坚果,172509897,2026-01-29 18:18:00,0.00,0,0,0.0%,0.0,0.0,0,0.00,0.0,0,0,0.0,0,0,0.0,0,0.0,0,0.0,0,0.0,0,0.0,0,0.0,0,0.0,0,0.0,0,0.0,0,0.0,0.00,0.0,0,0,0
3659095486,通投-腿毛阿姨-马年礼盒-长辈送礼+牛奶坚果-达人-26.1.29,暂停,不满足审核条件,通投,直播间直接支付ROI,笔记（直播组件）,696da845000000000a032e50,563eb0b5c2bdeb79c8595dd3,视频笔记,通投-马年礼盒1月达人笔记合集2-马年礼盒-长辈送礼+牛奶坚果,172509897,2026-01-29 18:18:00,0.00,0,0,0.0%,0.0,0.0,0,0.00,0.0,0,0,0.0,0,0,0.0,0,0.0,0,0.0,0,0.0,0,0.0,0,0.0,0,0.0,0,0.0,0,0.0,0,0.0,0.00,0.0,0,0,0
3659095485,通投-陈绵羊-马年礼盒-长辈送礼+牛奶坚果-达人-26.1.29,被计划暂停,审核通过,通投,直播间直接支付ROI,笔记（直播组件）,6965fcd5000000000b0128d2,56ffd10984edcd51574852da,视频笔记,通投-马年礼盒1月达人笔记合集2-马年礼盒-长辈送礼+牛奶坚果,172509897,2026-01-29 18:18:00,0.00,0,0,0.0%,0.0,0.0,0,0.00,0.0,0,0,0.0,0,0,0.0,0,0.0,0,0.0,0,0.0,0,0.0,0,0.0,0,0.0,0,0.0,0,0.0,0,0.0,0.00,0.0,0,0,0
3659095484,通投-小欣Xin-马年礼盒-长辈送礼+牛奶坚果-达人-26.1.29,暂停,不满足审核条件,通投,直播间直接支付ROI,笔记（直播组件）,697194bc000000000e03dbab,57b2b71982ec3934e424718a,视频笔记,通投-马年礼盒1月达人笔记合集2-马年礼盒-长辈送礼+牛奶坚果,172509897,2026-01-29 18:18:00,0.00,0,0,0.0%,0.0,0.0,0,0.00,0.0,0,0,0.0,0,0,0.0,0,0.0,0,0.0,0,0.0,0,0.0,0,0.0,0,0.0,0,0.0,0,0.0,0,0.0,0.00,0.0,0,0,0
3659095483,通投-轩子的杨-马年礼盒-长辈送礼+牛奶坚果-达人-26.1.29,被计划暂停,审核通过,通投,直播间直接支付ROI,笔记（直播组件）,696ca3e60000000021031d0d,593fe5904f8fd622b81ff286,视频笔记,通投-马年礼盒1月达人笔记合集2-马年礼盒-长辈送礼+牛奶坚果,172509897,2026-01-29 18:18:00,0.00,0,0,0.0%,0.0,0.0,0,0.00,0.0,0,0,0.0,0,0,0.0,0,0.0,0,0.0,0,0.0,0,0.0,0,0.0,0,0.0,0,0.0,0,0.0,0,0.0,0.00,0.0,0,0,0
3658925064,通投-初一不是十五-马年礼盒-定向-达人-26.1.29,暂停,审核通过,通投,直播间直接支付ROI,笔记（直播组件）,6964f771000000000b00a512,620a08db000000001000b762,视频笔记,通投-马年礼盒1月达人笔记合集-马年礼盒-定向-26.1.29,172481565,2026-01-29 18:07:10,0.00,0,0,0.0%,0.0,0.0,0,0.00,0.0,0,0,0.0,0,0,0.0,0,0.0,0,0.0,0,0.0,0,0.0,0,0.0,0,0.0,0,0.0,0,0.0,0,0.0,0.00,0.0,0,0,0
3658925063,通投-杨杨🐑-马年礼盒-定向-达人-26.1.29,被计划暂停,审核通过,通投,直播间直接支付ROI,笔记（直播组件）,6968cb67000000002203903c,5935459350c4b40384475304,图文笔记,通投-马年礼盒1月达人笔记合集-马年礼盒-定向-26.1.29,172481565,2026-01-29 18:07:10,0.00,0,0,0.0%,0.0,0.0,0,0.00,0.0,0,0,0.0,0,0,0.0,0,0.0,0,0.0,0,0.0,0,0.0,0,0.0,0,0.0,0,0.0,0,0.0,0,0.0,0.00,0.0,0,0,0
3658925062,通投-xuwenjinx-马年礼盒-定向-达人-26.1.29,暂停,审核通过,通投,直播间直接支付ROI,笔记（直播组件）,696c72c0000000000b0087f0,570a3a86aed75813e06d5067,图文笔记,通投-马年礼盒1月达人笔记合集-马年礼盒-定向-26.1.29,172481565,2026-01-29 18:07:10,0.00,0,0,0.0%,0.0,0.0,0,0.00,0.0,0,0,0.0,0,0,0.0,0,0.0,0,0.0,0,0.0,0,0.0,0,0.0,0,0.0,0,0.0,0,0.0,0,0.0,0.00,0.0,0,0,0
3658925061,通投-酸奶加芥末-马年礼盒-定向-达人-26.1.29,暂停,审核通过,通投,直播间直接支付ROI,笔记（直播组件）,695f8822000000000b0115cb,5a72c78411be10700fc3e5ef,视频笔记,通投-马年礼盒1月达人笔记合集-马年礼盒-定向-26.1.29,172481565,2026-01-29 18:07:10,0.00,0,0,0.0%,0.0,0.0,0,0.00,0.0,0,0,0.0,0,0,0.0,0,0.0,0,0.0,0,0.0,0,0.0,0,0.0,0,0.0,0,0.0,0,0.0,0,0.0,0.00,0.0,0,0,0
3658925060,通投-恩崽妈-马年礼盒-定向-达人-26.1.29,暂停,审核通过,通投,直播间直接支付ROI,笔记（直播组件）,696f1b51000000000a028fd8,63353dec000000001802f0f6,视频笔记,通投-马年礼盒1月达人笔记合集-马年礼盒-定向-26.1.29,172481565,2026-01-29 18:07:10,0.00,0,0,0.0%,0.0,0.0,0,0.00,0.0,0,0,0.0,0,0,0.0,0,0.0,0,0.0,0,0.0,0,0.0,0,0.0,0,0.0,0,0.0,0,0.0,0,0.0,0.00,0.0,0,0,0
3658925059,通投-金滚滚-马年礼盒-定向-达人-26.1.29,被计划暂停,审核通过,通投,直播间直接支付ROI,笔记（直播组件）,6970aa6e000000002202158e,550f293ba46e9626d9e4055f,视频笔记,通投-马年礼盒1月达人笔记合集-马年礼盒-定向-26.1.29,172481565,2026-01-29 18:07:10,0.00,0,0,0.0%,0.0,0.0,0,0.00,0.0,0,0,0.0,0,0,0.0,0,0.0,0,0.0,0,0.0,0,0.0,0,0.0,0,0.0,0,0.0,0,0.0,0,0.0,0.00,0.0,0,0,0
3658925058,通投-史黛拉-马年礼盒-定向-达人-26.1.29,被计划暂停,审核通过,通投,直播间直接支付ROI,笔记（直播组件）,69732204000000002203aae0,5bb9d0598526dd00010e5b33,视频笔记,通投-马年礼盒1月达人笔记合集-马年礼盒-定向-26.1.29,172481565,2026-01-29 18:07:10,0.00,0,0,0.0%,0.0,0.0,0,0.00,0.0,0,0,0.0,0,0,0.0,0,0.0,0,0.0,0,0.0,0,0.0,0,0.0,0,0.0,0,0.0,0,0.0,0,0.0,0.00,0.0,0,0,0
3658925057,通投-思远-马年礼盒-定向-达人-26.1.29,被计划暂停,审核通过,通投,直播间直接支付ROI,笔记（直播组件）,69718cb5000000000a031f18,56080b7b58944646e8e2ae17,视频笔记,通投-马年礼盒1月达人笔记合集-马年礼盒-定向-26.1.29,172481565,2026-01-29 18:07:10,0.00,0,0,0.0%,0.0,0.0,0,0.00,0.0,0,0,0.0,0,0,0.0,0,0.0,0,0.0,0,0.0,0,0.0,0,0.0,0,0.0,0,0.0,0,0.0,0,0.0,0.00,0.0,0,0,0
3658925056,通投-张锡纸-马年礼盒-定向-达人-26.1.29,被计划暂停,审核通过,通投,直播间直接支付ROI,笔记（直播组件）,696dab79000000001a02f807,5b290beb4eacab59bbe0dea6,视频笔记,通投-马年礼盒1月达人笔记合集-马年礼盒-定向-26.1.29,172481565,2026-01-29 18:07:10,0.00,0,0,0.0%,0.0,0.0,0,0.00,0.0,0,0,0.0,0,0,0.0,0,0.0,0,0.0,0,0.0,0,0.0,0,0.0,0,0.0,0,0.0,0,0.0,0,0.0,0.00,0.0,0,0,0
3658925055,通投-董璇-马年礼盒-定向-达人-26.1.29,暂停,审核通过,通投,直播间直接支付ROI,笔记（直播组件）,6971f0ea000000000b011992,56e22bab84edcd3a321cabd5,视频笔记,通投-马年礼盒1月达人笔记合集-马年礼盒-定向-26.1.29,172481565,2026-01-29 18:07:10,0.00,0,0,0.0%,0.0,0.0,0,0.00,0.0,0,0,0.0,0,0,0.0,0,0.0,0,0.0,0,0.0,0,0.0,0,0.0,0,0.0,0,0.0,0,0.0,0,0.0,0.00,0.0,0,0,0
3658925054,通投-棋子Chess-马年礼盒-定向-达人-26.1.29,暂停,审核通过,通投,直播间直接支付ROI,笔记（直播组件）,695e3725000000000a02a6dd,551bb880d39ea270181cc9de,图文笔记,通投-马年礼盒1月达人笔记合集-马年礼盒-定向-26.1.29,172481565,2026-01-29 18:07:10,0.00,0,0,0.0%,0.0,0.0,0,0.00,0.0,0,0,0.0,0,0,0.0,0,0.0,0,0.0,0,0.0,0,0.0,0,0.0,0,0.0,0,0.0,0,0.0,0,0.0,0.00,0.0,0,0,0
3658870451,通投-初一不是十五-马年礼盒-长辈送礼+牛奶坚果-达人-26.1.29,暂停,审核通过,通投,直播间直接支付ROI,笔记（直播组件）,6964f771000000000b00a512,620a08db000000001000b762,视频笔记,通投-马年礼盒1月达人笔记合集-马年礼盒-长辈送礼+牛奶坚果-26.1.29,172492749,2026-01-29 18:05:30,0.00,0,0,0.0%,0.0,0.0,0,0.00,0.0,0,0,0.0,0,0,0.0,0,0.0,0,0.0,0,0.0,0,0.0,0,0.0,0,0.0,0,0.0,0,0.0,0,0.0,0.00,0.0,0,0,0
3658870450,通投-杨杨🐑-马年礼盒-长辈送礼+牛奶坚果-达人-26.1.29,被计划暂停,审核通过,通投,直播间直接支付ROI,笔记（直播组件）,6968cb67000000002203903c,5935459350c4b40384475304,图文笔记,通投-马年礼盒1月达人笔记合集-马年礼盒-长辈送礼+牛奶坚果-26.1.29,172492749,2026-01-29 18:05:30,0.00,0,0,0.0%,0.0,0.0,0,0.00,0.0,0,0,0.0,0,0,0.0,0,0.0,0,0.0,0,0.0,0,0.0,0,0.0,0,0.0,0,0.0,0,0.0,0,0.0,0.00,0.0,0,0,0
3658870449,通投-xuwenjinx-马年礼盒-长辈送礼+牛奶坚果-达人-26.1.29,暂停,审核通过,通投,直播间直接支付ROI,笔记（直播组件）,696c72c0000000000b0087f0,570a3a86aed75813e06d5067,图文笔记,通投-马年礼盒1月达人笔记合集-马年礼盒-长辈送礼+牛奶坚果-26.1.29,172492749,2026-01-29 18:05:30,0.00,0,0,0.0%,0.0,0.0,0,0.00,0.0,0,0,0.0,0,0,0.0,0,0.0,0,0.0,0,0.0,0,0.0,0,0.0,0,0.0,0,0.0,0,0.0,0,0.0,0.00,0.0,0,0,0
3658870448,通投-酸奶加芥末-马年礼盒-长辈送礼+牛奶坚果-达人-26.1.29,暂停,审核通过,通投,直播间直接支付ROI,笔记（直播组件）,695f8822000000000b0115cb,5a72c78411be10700fc3e5ef,视频笔记,通投-马年礼盒1月达人笔记合集-马年礼盒-长辈送礼+牛奶坚果-26.1.29,172492749,2026-01-29 18:05:30,0.00,0,0,0.0%,0.0,0.0,0,0.00,0.0,0,0,0.0,0,0,0.0,0,0.0,0,0.0,0,0.0,0,0.0,0,0.0,0,0.0,0,0.0,0,0.0,0,0.0,0.00,0.0,0,0,0
3658870447,通投-恩崽妈-马年礼盒-长辈送礼+牛奶坚果-达人-26.1.29,暂停,审核通过,通投,直播间直接支付ROI,笔记（直播组件）,696f1b51000000000a028fd8,63353dec000000001802f0f6,视频笔记,通投-马年礼盒1月达人笔记合集-马年礼盒-长辈送礼+牛奶坚果-26.1.29,172492749,2026-01-29 18:05:30,0.00,0,0,0.0%,0.0,0.0,0,0.00,0.0,0,0,0.0,0,0,0.0,0,0.0,0,0.0,0,0.0,0,0.0,0,0.0,0,0.0,0,0.0,0,0.0,0,0.0,0.00,0.0,0,0,0
3658870446,通投-金滚滚-马年礼盒-长辈送礼+牛奶坚果-达人-26.1.29,被计划暂停,审核通过,通投,直播间直接支付ROI,笔记（直播组件）,6970aa6e000000002202158e,550f293ba46e9626d9e4055f,视频笔记,通投-马年礼盒1月达人笔记合集-马年礼盒-长辈送礼+牛奶坚果-26.1.29,172492749,2026-01-29 18:05:30,0.00,0,0,0.0%,0.0,0.0,0,0.00,0.0,0,0,0.0,0,0,0.0,0,0.0,0,0.0,0,0.0,0,0.0,0,0.0,0,0.0,0,0.0,0,0.0,0,0.0,0.00,0.0,0,0,0
3658870445,通投-史黛拉-马年礼盒-长辈送礼+牛奶坚果-达人-26.1.29,被计划暂停,审核通过,通投,直播间直接支付ROI,笔记（直播组件）,69732204000000002203aae0,5bb9d0598526dd00010e5b33,视频笔记,通投-马年礼盒1月达人笔记合集-马年礼盒-长辈送礼+牛奶坚果-26.1.29,172492749,2026-01-29 18:05:30,0.00,0,0,0.0%,0.0,0.0,0,0.00,0.0,0,0,0.0,0,0,0.0,0,0.0,0,0.0,0,0.0,0,0.0,0,0.0,0,0.0,0,0.0,0,0.0,0,0.0,0.00,0.0,0,0,0
3658870444,通投-思远-马年礼盒-长辈送礼+牛奶坚果-达人-26.1.29,被计划暂停,审核通过,通投,直播间直接支付ROI,笔记（直播组件）,69718cb5000000000a031f18,56080b7b58944646e8e2ae17,视频笔记,通投-马年礼盒1月达人笔记合集-马年礼盒-长辈送礼+牛奶坚果-26.1.29,172492749,2026-01-29 18:05:30,0.00,0,0,0.0%,0.0,0.0,0,0.00,0.0,0,0,0.0,0,0,0.0,0,0.0,0,0.0,0,0.0,0,0.0,0,0.0,0,0.0,0,0.0,0,0.0,0,0.0,0.00,0.0,0,0,0
3658870443,通投-张锡纸-马年礼盒-长辈送礼+牛奶坚果-达人-26.1.29,被计划暂停,审核通过,通投,直播间直接支付ROI,笔记（直播组件）,696dab79000000001a02f807,5b290beb4eacab59bbe0dea6,视频笔记,通投-马年礼盒1月达人笔记合集-马年礼盒-长辈送礼+牛奶坚果-26.1.29,172492749,2026-01-29 18:05:30,0.00,0,0,0.0%,0.0,0.0,0,0.00,0.0,0,0,0.0,0,0,0.0,0,0.0,0,0.0,0,0.0,0,0.0,0,0.0,0,0.0,0,0.0,0,0.0,0,0.0,0.00,0.0,0,0,0
3658870442,通投-董璇-马年礼盒-长辈送礼+牛奶坚果-达人-26.1.29,暂停,审核通过,通投,直播间直接支付ROI,笔记（直播组件）,6971f0ea000000000b011992,56e22bab84edcd3a321cabd5,视频笔记,通投-马年礼盒1月达人笔记合集-马年礼盒-长辈送礼+牛奶坚果-26.1.29,172492749,2026-01-29 18:05:30,0.00,0,0,0.0%,0.0,0.0,0,0.00,0.0,0,0,0.0,0,0,0.0,0,0.0,0,0.0,0,0.0,0,0.0,0,0.0,0,0.0,0,0.0,0,0.0,0,0.0,0.00,0.0,0,0,0
3658870441,通投-棋子Chess-马年礼盒-长辈送礼+牛奶坚果-达人-26.1.29,暂停,审核通过,通投,直播间直接支付ROI,笔记（直播组件）,695e3725000000000a02a6dd,551bb880d39ea270181cc9de,图文笔记,通投-马年礼盒1月达人笔记合集-马年礼盒-长辈送礼+牛奶坚果-26.1.29,172492749,2026-01-29 18:05:30,0.00,0,0,0.0%,0.0,0.0,0,0.00,0.0,0,0,0.0,0,0,0.0,0,0.0,0,0.0,0,0.0,0,0.0,0,0.0,0,0.0,0,0.0,0,0.0,0,0.0,0.00,0.0,0,0,0
3654938930,通投-送礼首选-马年礼盒-定向-新号-26.1.29,暂停,审核通过,通投,直播间直接支付ROI,笔记（直播组件）,6960df74000000001a02df87,66f67e4c000000001d03127d,视频笔记,通投-1月潜力笔记扩圈测试-多款-定向-26.1.29,172370861,2026-01-29 11:45:35,0.00,0,0,0.0%,0.0,0.0,0,0.00,0.0,0,0,0.0,0,0,0.0,0,0.0,0,0.0,0,0.0,0,0.0,0,0.0,0,0.0,0,0.0,0,0.0,0,0.0,0.00,0.0,0,0,0
3654938929,通投-顶配礼盒-马年礼盒-定向-新号-26.1.29,暂停,审核通过,通投,直播间直接支付ROI,笔记（直播组件）,6960db7d000000001a030709,66f67e4c000000001d03127d,视频笔记,通投-1月潜力笔记扩圈测试-多款-定向-26.1.29,172370861,2026-01-29 11:45:35,0.00,0,0,0.0%,0.0,0.0,0,0.00,0.0,0,0,0.0,0,0,0.0,0,0.0,0,0.0,0,0.0,0,0.0,0,0.0,0,0.0,0,0.0,0,0.0,0,0.0,0.00,0.0,0,0,0
3654938928,通投-新年关怀-马年礼盒-定向-新号-26.1.29,暂停,审核通过,通投,直播间直接支付ROI,笔记（直播组件）,6971e8ca000000002102a853,66f67e4c000000001d03127d,视频笔记,通投-1月潜力笔记扩圈测试-多款-定向-26.1.29,172370861,2026-01-29 11:45:35,0.00,0,0,0.0%,0.0,0.0,0,0.00,0.0,0,0,0.0,0,0,0.0,0,0.0,0,0.0,0,0.0,0,0.0,0,0.0,0,0.0,0,0.0,0,0.0,0,0.0,0.00,0.0,0,0,0
3654938927,通投-精致有面-马年礼盒-定向-新号-26.1.29,被计划暂停,审核通过,通投,直播间直接支付ROI,笔记（直播组件）,6971e83c000000002102a49d,66f67e4c000000001d03127d,视频笔记,通投-1月潜力笔记扩圈测试-多款-定向-26.1.29,172370861,2026-01-29 11:45:35,0.00,0,0,0.0%,0.0,0.0,0,0.00,0.0,0,0,0.0,0,0,0.0,0,0.0,0,0.0,0,0.0,0,0.0,0,0.0,0,0.0,0,0.0,0,0.0,0,0.0,0.00,0.0,0,0,0
3654938926,通投-全家共享-马年礼盒-定向-新号-26.1.29,暂停,审核通过,通投,直播间直接支付ROI,笔记（直播组件）,6971ec4f00000000220209fb,66f67e4c000000001d03127d,视频笔记,通投-1月潜力笔记扩圈测试-多款-定向-26.1.29,172370861,2026-01-29 11:45:35,0.00,0,0,0.0%,0.0,0.0,0,0.00,0.0,0,0,0.0,0,0,0.0,0,0.0,0,0.0,0,0.0,0,0.0,0,0.0,0,0.0,0,0.0,0,0.0,0,0.0,0.00,0.0,0,0,0
3655151705,通投-送礼首选-马年礼盒-长辈送礼+牛奶坚果-新号-26.1.29,暂停,审核通过,通投,直播间直接支付ROI,笔记（直播组件）,6960df74000000001a02df87,66f67e4c000000001d03127d,视频笔记,通投-1月潜力笔记扩圈测试-多款-长辈送礼+牛奶坚果-26.1.29,172368305,2026-01-29 11:44:04,0.00,0,0,0.0%,0.0,0.0,0,0.00,0.0,0,0,0.0,0,0,0.0,0,0.0,0,0.0,0,0.0,0,0.0,0,0.0,0,0.0,0,0.0,0,0.0,0,0.0,0.00,0.0,0,0,0
3655151704,通投-顶配礼盒-马年礼盒-长辈送礼+牛奶坚果-新号-26.1.29,暂停,审核通过,通投,直播间直接支付ROI,笔记（直播组件）,6960db7d000000001a030709,66f67e4c000000001d03127d,视频笔记,通投-1月潜力笔记扩圈测试-多款-长辈送礼+牛奶坚果-26.1.29,172368305,2026-01-29 11:44:04,0.00,0,0,0.0%,0.0,0.0,0,0.00,0.0,0,0,0.0,0,0,0.0,0,0.0,0,0.0,0,0.0,0,0.0,0,0.0,0,0.0,0,0.0,0,0.0,0,0.0,0.00,0.0,0,0,0
3655151703,通投-新年关怀-马年礼盒-长辈送礼+牛奶坚果-新号-26.1.29,暂停,审核通过,通投,直播间直接支付ROI,笔记（直播组件）,6971e8ca000000002102a853,66f67e4c000000001d03127d,视频笔记,通投-1月潜力笔记扩圈测试-多款-长辈送礼+牛奶坚果-26.1.29,172368305,2026-01-29 11:44:04,0.00,0,0,0.0%,0.0,0.0,0,0.00,0.0,0,0,0.0,0,0,0.0,0,0.0,0,0.0,0,0.0,0,0.0,0,0.0,0,0.0,0,0.0,0,0.0,0,0.0,0.00,0.0,0,0,0
3655151702,通投-精致有面-马年礼盒-长辈送礼+牛奶坚果-新号-26.1.29,暂停,不满足审核条件,通投,直播间直接支付ROI,笔记（直播组件）,6971e83c000000002102a49d,66f67e4c000000001d03127d,视频笔记,通投-1月潜力笔记扩圈测试-多款-长辈送礼+牛奶坚果-26.1.29,172368305,2026-01-29 11:44:04,0.00,0,0,0.0%,0.0,0.0,0,0.00,0.0,0,0,0.0,0,0,0.0,0,0.0,0,0.0,0,0.0,0,0.0,0,0.0,0,0.0,0,0.0,0,0.0,0,0.0,0.00,0.0,0,0,0
3655151701,通投-全家共享-马年礼盒-长辈送礼+牛奶坚果-新号-26.1.29,暂停,审核通过,通投,直播间直接支付ROI,笔记（直播组件）,6971ec4f00000000220209fb,66f67e4c000000001d03127d,视频笔记,通投-1月潜力笔记扩圈测试-多款-长辈送礼+牛奶坚果-26.1.29,172368305,2026-01-29 11:44:04,0.00,0,0,0.0%,0.0,0.0,0,0.00,0.0,0,0,0.0,0,0,0.0,0,0.0,0,0.0,0,0.0,0,0.0,0,0.0,0,0.0,0,0.0,0,0.0,0,0.0,0.00,0.0,0,0,0
3637242083,通投-燕窝新-合集款-灵犀人群包-日弘-26.1.27,被计划暂停,审核通过,通投,直播间直接支付ROI,笔记（直播组件）,6735ba5f000000003c015663,583691373460942ae8fc16bb,图文笔记,通投-燕窝新-合集款-灵犀人群包-日弘-26.1.27,171979177,2026-01-27 16:49:25,0.00,0,0,0.0%,0.0,0.0,0,0.00,0.0,0,0,0.0,0,0,0.0,0,0.0,0,0.0,0,0.0,0,0.0,0,0.0,0,0.0,0,0.0,0,0.0,0,0.0,0.00,0.0,0,0,0
3633852164,通投-没有一个-马年礼盒-定向-日弘-26.1.27-新笔记-视频组,暂停,审核拒绝,通投,直播间直接支付ROI,笔记（直播组件）,69731da6000000001a027c55,66f67e4c000000001d03127d,视频笔记,通投-没有一个-马年礼盒-定向-日弘-26.1.27-新笔记,171903742,2026-01-27 10:50:31,0.00,0,0,0.0%,0.0,0.0,0,0.00,0.0,0,0,0.0,0,0,0.0,0,0.0,0,0.0,0,0.0,0,0.0,0,0.0,0,0.0,0,0.0,0,0.0,0,0.0,0.00,0.0,0,0,0
3601167709,通投-马年送滋补-马年礼盒-长辈送礼+牛奶坚果-新号-26.1.23,被计划暂停,审核通过,通投,直播间直接支付ROI,笔记（直播组件）,6971edbd000000002202e066,66f67e4c000000001d03127d,视频笔记,通投-新号马年礼盒合集2-多款-长辈送礼+牛奶坚果-26.1.23_复制,171368195,2026-01-23 19:51:45,0.00,0,0,0.0%,0.0,0.0,0,0.00,0.0,0,0,0.0,0,0,0.0,0,0.0,0,0.0,0,0.0,0,0.0,0,0.0,0,0.0,0,0.0,0,0.0,0,0.0,0.00,0.0,0,0,0
3601167708,通投-快码住-马年礼盒-长辈送礼+牛奶坚果-新号-26.1.23,被计划暂停,审核通过,通投,直播间直接支付ROI,笔记（直播组件）,6971ef16000000002103e910,66f67e4c000000001d03127d,视频笔记,通投-新号马年礼盒合集2-多款-长辈送礼+牛奶坚果-26.1.23_复制,171368195,2026-01-23 19:51:45,0.00,0,0,0.0%,0.0,0.0,0,0.00,0.0,0,0,0.0,0,0,0.0,0,0.0,0,0.0,0,0.0,0,0.0,0,0.0,0,0.0,0,0.0,0,0.0,0,0.0,0.00,0.0,0,0,0
3601167707,通投-全家共享-马年礼盒-长辈送礼+牛奶坚果-新号-26.1.23,暂停,审核通过,通投,直播间直接支付ROI,笔记（直播组件）,6971ec4f00000000220209fb,66f67e4c000000001d03127d,视频笔记,通投-新号马年礼盒合集2-多款-长辈送礼+牛奶坚果-26.1.23_复制,171368195,2026-01-23 19:51:45,0.00,0,0,0.0%,0.0,0.0,0,0.00,0.0,0,0,0.0,0,0,0.0,0,0.0,0,0.0,0,0.0,0,0.0,0,0.0,0,0.0,0,0.0,0,0.0,0,0.0,0.00,0.0,0,0,0
3601167706,通投-太值预警-马年礼盒-长辈送礼+牛奶坚果-新号-26.1.23,被计划暂停,审核通过,通投,直播间直接支付ROI,笔记（直播组件）,6971ef8c00000000220093cb,66f67e4c000000001d03127d,视频笔记,通投-新号马年礼盒合集2-多款-长辈送礼+牛奶坚果-26.1.23_复制,171368195,2026-01-23 19:51:45,0.00,0,0,0.0%,0.0,0.0,0,0.00,0.0,0,0,0.0,0,0,0.0,0,0.0,0,0.0,0,0.0,0,0.0,0,0.0,0,0.0,0,0.0,0,0.0,0,0.0,0.00,0.0,0,0,0
3601167705,通投-送健康-马年礼盒-长辈送礼+牛奶坚果-新号-26.1.23,被计划暂停,审核通过,通投,直播间直接支付ROI,笔记（直播组件）,6971ee23000000002103e27c,66f67e4c000000001d03127d,视频笔记,通投-新号马年礼盒合集2-多款-长辈送礼+牛奶坚果-26.1.23_复制,171368195,2026-01-23 19:51:45,0.00,0,0,0.0%,0.0,0.0,0,0.00,0.0,0,0,0.0,0,0,0.0,0,0.0,0,0.0,0,0.0,0,0.0,0,0.0,0,0.0,0,0.0,0,0.0,0,0.0,0.00,0.0,0,0,0
3601167704,通投-健康之选-马年礼盒-长辈送礼+牛奶坚果-新号-26.1.23,被计划暂停,审核通过,通投,直播间直接支付ROI,笔记（直播组件）,6971ebc00000000022039f07,66f67e4c000000001d03127d,视频笔记,通投-新号马年礼盒合集2-多款-长辈送礼+牛奶坚果-26.1.23_复制,171368195,2026-01-23 19:51:45,0.00,0,0,0.0%,0.0,0.0,0,0.00,0.0,0,0,0.0,0,0,0.0,0,0.0,0,0.0,0,0.0,0,0.0,0,0.0,0,0.0,0,0.0,0,0.0,0,0.0,0.00,0.0,0,0,0
3601245392,通投-新年关怀-马年礼盒-长辈送礼+牛奶坚果-新号-26.1.23,暂停,审核通过,通投,直播间直接支付ROI,笔记（直播组件）,6971e8ca000000002102a853,66f67e4c000000001d03127d,视频笔记,通投-新号马年礼盒合集-多款-长辈送礼+牛奶坚果-26.1.23,171353842,2026-01-23 19:47:46,0.00,0,0,0.0%,0.0,0.0,0,0.00,0.0,0,0,0.0,0,0,0.0,0,0.0,0,0.0,0,0.0,0,0.0,0,0.0,0,0.0,0,0.0,0,0.0,0,0.0,0.00,0.0,0,0,0
3601245391,通投-精致有面-马年礼盒-长辈送礼+牛奶坚果-新号-26.1.23,被计划暂停,审核通过,通投,直播间直接支付ROI,笔记（直播组件）,6971e83c000000002102a49d,66f67e4c000000001d03127d,视频笔记,通投-新号马年礼盒合集-多款-长辈送礼+牛奶坚果-26.1.23,171353842,2026-01-23 19:47:46,0.00,0,0,0.0%,0.0,0.0,0,0.00,0.0,0,0,0.0,0,0,0.0,0,0.0,0,0.0,0,0.0,0,0.0,0,0.0,0,0.0,0,0.0,0,0.0,0,0.0,0.00,0.0,0,0,0
3601245390,通投-太有面-马年礼盒-长辈送礼+牛奶坚果-新号-26.1.23,暂停,审核通过,通投,直播间直接支付ROI,笔记（直播组件）,6971e95e0000000022023609,66f67e4c000000001d03127d,视频笔记,通投-新号马年礼盒合集-多款-长辈送礼+牛奶坚果-26.1.23,171353842,2026-01-23 19:47:46,0.00,0,0,0.0%,0.0,0.0,0,0.00,0.0,0,0,0.0,0,0,0.0,0,0.0,0,0.0,0,0.0,0,0.0,0,0.0,0,0.0,0,0.0,0,0.0,0,0.0,0.00,0.0,0,0,0
3601245389,通投-真健康的心-马年礼盒-长辈送礼+牛奶坚果-新号-26.1.23,被计划暂停,审核通过,通投,直播间直接支付ROI,笔记（直播组件）,6971e3da000000002103dec8,66f67e4c000000001d03127d,视频笔记,通投-新号马年礼盒合集-多款-长辈送礼+牛奶坚果-26.1.23,171353842,2026-01-23 19:47:46,0.00,0,0,0.0%,0.0,0.0,0,0.00,0.0,0,0,0.0,0,0,0.0,0,0.0,0,0.0,0,0.0,0,0.0,0,0.0,0,0.0,0,0.0,0,0.0,0,0.0,0.00,0.0,0,0,0
3601245388,通投-送的不是礼-马年礼盒-长辈送礼+牛奶坚果-新号-26.1.23,被计划暂停,审核通过,通投,直播间直接支付ROI,笔记（直播组件）,6971e295000000002203a255,66f67e4c000000001d03127d,视频笔记,通投-新号马年礼盒合集-多款-长辈送礼+牛奶坚果-26.1.23,171353842,2026-01-23 19:47:46,0.00,0,0,0.0%,0.0,0.0,0,0.00,0.0,0,0,0.0,0,0,0.0,0,0.0,0,0.0,0,0.0,0,0.0,0,0.0,0,0.0,0,0.0,0,0.0,0,0.0,0.00,0.0,0,0,0
3601245387,通投-健康大礼-马年礼盒-长辈送礼+牛奶坚果-新号-26.1.23,被计划暂停,审核通过,通投,直播间直接支付ROI,笔记（直播组件）,6971ecee0000000022020e05,66f67e4c000000001d03127d,视频笔记,通投-新号马年礼盒合集-多款-长辈送礼+牛奶坚果-26.1.23,171353842,2026-01-23 19:47:46,0.00,0,0,0.0%,0.0,0.0,0,0.00,0.0,0,0,0.0,0,0,0.0,0,0.0,0,0.0,0,0.0,0,0.0,0,0.0,0,0.0,0,0.0,0,0.0,0,0.0,0.00,0.0,0,0,0
3601245386,通投-有面又有心-马年礼盒-长辈送礼+牛奶坚果-新号-26.1.23,被计划暂停,审核通过,通投,直播间直接支付ROI,笔记（直播组件）,6971e34a0000000022020f10,66f67e4c000000001d03127d,视频笔记,通投-新号马年礼盒合集-多款-长辈送礼+牛奶坚果-26.1.23,171353842,2026-01-23 19:47:46,0.00,0,0,0.0%,0.0,0.0,0,0.00,0.0,0,0,0.0,0,0,0.0,0,0.0,0,0.0,0,0.0,0,0.0,0,0.0,0,0.0,0,0.0,0,0.0,0,0.0,0.00,0.0,0,0,0
3600465517,通投-真实答案-星光款-系统-日弘-26.1.23-新笔记-视频组,暂停,审核通过,通投,直播间直接支付ROI,笔记（直播组件）,69731787000000001a036832,66f67e4c000000001d03127d,视频笔记,通投-1月新笔记合集-多款-系统-26.1.10,171188255,2026-01-23 18:28:08,0.00,0,0,0.0%,0.0,0.0,0,0.00,0.0,0,0,0.0,0,0,0.0,0,0.0,0,0.0,0,0.0,0,0.0,0,0.0,0,0.0,0,0.0,0,0.0,0,0.0,0.00,0.0,0,0,0
3600465516,通投-没有一个-马年礼盒-系统-日弘-26.1.23-新笔记-视频组,暂停,审核拒绝,通投,直播间直接支付ROI,笔记（直播组件）,69731da6000000001a027c55,66f67e4c000000001d03127d,视频笔记,通投-1月新笔记合集-多款-系统-26.1.10,171188255,2026-01-23 18:28:08,0.00,0,0,0.0%,0.0,0.0,0,0.00,0.0,0,0,0.0,0,0,0.0,0,0.0,0,0.0,0,0.0,0,0.0,0,0.0,0,0.0,0,0.0,0,0.0,0,0.0,0.00,0.0,0,0,0
3595601664,通投-孕期刚需-星光款-系统-日弘-26.1.23-新笔记,暂停,审核通过,通投,直播间直接支付ROI,笔记（直播组件）,69427e74000000001f005c28,66f67e4c000000001d03127d,图文笔记,通投-1月新笔记合集-多款-系统-26.1.10,171188255,2026-01-23 09:51:24,0.00,0,0,0.0%,0.0,0.0,0,0.00,0.0,0,0,0.0,0,0,0.0,0,0.0,0,0.0,0,0.0,0,0.0,0,0.0,0,0.0,0,0.0,0,0.0,0,0.0,0.00,0.0,0,0,0
3595601663,通投-孕期孕反-星光款-系统-日弘-26.1.23-新笔记-视频组,暂停,审核通过,通投,直播间直接支付ROI,笔记（直播组件）,6959fc4b000000001f00a5d2,66f67e4c000000001d03127d,视频笔记,通投-1月新笔记合集-多款-系统-26.1.10,171188255,2026-01-23 09:51:24,0.00,0,0,0.0%,0.0,0.0,0,0.00,0.0,0,0,0.0,0,0,0.0,0,0.0,0,0.0,0,0.0,0,0.0,0,0.0,0,0.0,0,0.0,0,0.0,0,0.0,0.00,0.0,0,0,0
3595601662,通投-正确滋补-星光款-系统-日弘-26.1.23-新笔记-视频组,暂停,审核通过,通投,直播间直接支付ROI,笔记（直播组件）,69675831000000001a02285f,66f67e4c000000001d03127d,视频笔记,通投-1月新笔记合集-多款-系统-26.1.10,171188255,2026-01-23 09:51:24,0.00,0,0,0.0%,0.0,0.0,0,0.00,0.0,0,0,0.0,0,0,0.0,0,0.0,0,0.0,0,0.0,0,0.0,0,0.0,0,0.0,0,0.0,0,0.0,0,0.0,0.00,0.0,0,0,0
3595601661,通投-30+焕新颜-青春款-系统-日弘-26.1.23-新笔记,暂停,审核通过,通投,直播间直接支付ROI,笔记（直播组件）,696493e7000000001a02a621,66f67e4c000000001d03127d,图文笔记,通投-1月新笔记合集-多款-系统-26.1.10,171188255,2026-01-23 09:51:24,0.00,0,0,0.0%,0.0,0.0,0,0.00,0.0,0,0,0.0,0,0,0.0,0,0.0,0,0.0,0,0.0,0,0.0,0,0.0,0,0.0,0,0.0,0,0.0,0,0.0,0.00,0.0,0,0,0
3595601660,通投-非遗滋补礼-马年礼盒-系统-日弘-26.1.23-新笔记,暂停,审核通过,通投,直播间直接支付ROI,笔记（直播组件）,695f6dd6000000000e00e0f8,66f67e4c000000001d03127d,图文笔记,通投-1月新笔记合集-多款-系统-26.1.10,171188255,2026-01-23 09:51:24,0.00,0,0,0.0%,0.0,0.0,0,0.00,0.0,0,0,0.0,0,0,0.0,0,0.0,0,0.0,0,0.0,0,0.0,0,0.0,0,0.0,0,0.0,0,0.0,0,0.0,0.00,0.0,0,0,0
3595601659,通投-抄作业成功-马年礼盒-系统-日弘-26.1.23-新笔记,暂停,审核通过,通投,直播间直接支付ROI,笔记（直播组件）,695e0356000000001a01c77c,66f67e4c000000001d03127d,图文笔记,通投-1月新笔记合集-多款-系统-26.1.10,171188255,2026-01-23 09:51:24,0.00,0,0,0.0%,0.0,0.0,0,0.00,0.0,0,0,0.0,0,0,0.0,0,0.0,0,0.0,0,0.0,0,0.0,0,0.0,0,0.0,0,0.0,0,0.0,0,0.0,0.00,0.0,0,0,0
3588226271,通投-选对也吃对-星光款-定向-日弘-26.1.22-新笔记,暂停,审核通过,通投,直播间直接支付ROI,笔记（直播组件）,6971c18b000000001a02b1e4,66f67e4c000000001d03127d,图文笔记,通投-选对也吃对-星光款-定向-日弘-26.1.22-新笔记,171034621,2026-01-22 16:08:36,0.00,0,0,0.0%,0.0,0.0,0,0.00,0.0,0,0,0.0,0,0,0.0,0,0.0,0,0.0,0,0.0,0,0.0,0,0.0,0,0.0,0,0.0,0,0.0,0,0.0,0.00,0.0,0,0,0
3588223511,通投-解锁婆媳关系-马年礼盒-定向-日弘-26.1.22-新笔记,暂停,审核通过,通投,直播间直接支付ROI,笔记（直播组件）,6969cf49000000001a0343cb,66f67e4c000000001d03127d,图文笔记,通投-解锁婆媳关系-马年礼盒-定向-日弘-26.1.22-新笔记,171046119,2026-01-22 16:06:43,0.00,0,0,0.0%,0.0,0.0,0,0.00,0.0,0,0,0.0,0,0,0.0,0,0.0,0,0.0,0,0.0,0,0.0,0,0.0,0,0.0,0,0.0,0,0.0,0,0.0,0.00,0.0,0,0,0
3578163781,通投-孕期刚需-星光款-定向-日弘-26.1.21-新笔记,暂停,审核通过,通投,直播间直接支付ROI,笔记（直播组件）,69427e74000000001f005c28,66f67e4c000000001d03127d,图文笔记,通投-1月新笔记合集-多款-定向-26.1.10,168570274,2026-01-21 16:58:37,0.00,0,0,0.0%,0.0,0.0,0,0.00,0.0,0,0,0.0,0,0,0.0,0,0.0,0,0.0,0,0.0,0,0.0,0,0.0,0,0.0,0,0.0,0,0.0,0,0.0,0.00,0.0,0,0,0
3578071839,通投-孕期孕反-星光款-定向-日弘-26.1.21-新笔记-视频组,暂停,审核通过,通投,直播间直接支付ROI,笔记（直播组件）,6959fc4b000000001f00a5d2,66f67e4c000000001d03127d,视频笔记,通投-1月新笔记合集-多款-定向-26.1.10,168570274,2026-01-21 16:54:19,0.00,0,0,0.0%,0.0,0.0,0,0.00,0.0,0,0,0.0,0,0,0.0,0,0.0,0,0.0,0,0.0,0,0.0,0,0.0,0,0.0,0,0.0,0,0.0,0,0.0,0.00,0.0,0,0,0
3577874753,通投-送礼首选-马年礼盒-定向-新号-26.1.21,暂停,审核通过,通投,直播间直接支付ROI,笔记（直播组件）,6960df74000000001a02df87,66f67e4c000000001d03127d,视频笔记,通投-1月新号笔记合集2-多款-定向-26.1.21,170783243,2026-01-21 16:39:14,0.00,0,0,0.0%,0.0,0.0,0,0.00,0.0,0,0,0.0,0,0,0.0,0,0.0,0,0.0,0,0.0,0,0.0,0,0.0,0,0.0,0,0.0,0,0.0,0,0.0,0.00,0.0,0,0,0
3577874752,通投-妈咪孕期-星光款-定向-新号-26.1.21,暂停,审核通过,通投,直播间直接支付ROI,笔记（直播组件）,6960df18000000001a03727f,66f67e4c000000001d03127d,视频笔记,通投-1月新号笔记合集2-多款-定向-26.1.21,170783243,2026-01-21 16:39:14,0.00,0,0,0.0%,0.0,0.0,0,0.00,0.0,0,0,0.0,0,0,0.0,0,0.0,0,0.0,0,0.0,0,0.0,0,0.0,0,0.0,0,0.0,0,0.0,0,0.0,0.00,0.0,0,0,0
3577874751,通投-拜年有救-马年礼盒-定向-新号-26.1.21,暂停,审核通过,通投,直播间直接支付ROI,笔记（直播组件）,6960de80000000001a02d96a,66f67e4c000000001d03127d,视频笔记,通投-1月新号笔记合集2-多款-定向-26.1.21,170783243,2026-01-21 16:39:14,0.00,0,0,0.0%,0.0,0.0,0,0.00,0.0,0,0,0.0,0,0,0.0,0,0.0,0,0.0,0,0.0,0,0.0,0,0.0,0,0.0,0,0.0,0,0.0,0,0.0,0.00,0.0,0,0,0
3577874750,通投-就靠它了-星光款-定向-新号-26.1.21,暂停,审核通过,通投,直播间直接支付ROI,笔记（直播组件）,6960ded9000000001a02db9b,66f67e4c000000001d03127d,视频笔记,通投-1月新号笔记合集2-多款-定向-26.1.21,170783243,2026-01-21 16:39:14,0.00,0,0,0.0%,0.0,0.0,0,0.00,0.0,0,0,0.0,0,0,0.0,0,0.0,0,0.0,0,0.0,0,0.0,0,0.0,0,0.0,0,0.0,0,0.0,0,0.0,0.00,0.0,0,0,0
3577874749,通投-顶奢滋补-星光款-定向-新号-26.1.21,暂停,审核通过,通投,直播间直接支付ROI,笔记（直播组件）,6960de11000000001a0252ca,66f67e4c000000001d03127d,视频笔记,通投-1月新号笔记合集2-多款-定向-26.1.21,170783243,2026-01-21 16:39:14,0.00,0,0,0.0%,0.0,0.0,0,0.00,0.0,0,0,0.0,0,0,0.0,0,0.0,0,0.0,0,0.0,0,0.0,0,0.0,0,0.0,0,0.0,0,0.0,0,0.0,0.00,0.0,0,0,0
3577915578,通投-就选它-星光款-定向-新号-26.1.21,暂停,审核通过,通投,直播间直接支付ROI,笔记（直播组件）,6960ddc9000000001a025101,66f67e4c000000001d03127d,视频笔记,通投-1月新号笔记合集1-马年礼盒-定向-26.1.21,170810130,2026-01-21 16:34:07,0.00,0,0,0.0%,0.0,0.0,0,0.00,0.0,0,0,0.0,0,0,0.0,0,0.0,0,0.0,0,0.0,0,0.0,0,0.0,0,0.0,0,0.0,0,0.0,0,0.0,0.00,0.0,0,0,0
3577915577,通投-新年送礼现在囤-马年礼盒-定向-新号-26.1.21,被计划暂停,审核通过,通投,直播间直接支付ROI,笔记（直播组件）,6960dc64000000001a020f21,66f67e4c000000001d03127d,视频笔记,通投-1月新号笔记合集1-马年礼盒-定向-26.1.21,170810130,2026-01-21 16:34:07,0.00,0,0,0.0%,0.0,0.0,0,0.00,0.0,0,0,0.0,0,0,0.0,0,0.0,0,0.0,0,0.0,0,0.0,0,0.0,0,0.0,0,0.0,0,0.0,0,0.0,0.00,0.0,0,0,0
3577915576,通投-健康办送礼-马年礼盒-定向-新号-26.1.21,被计划暂停,审核通过,通投,直播间直接支付ROI,笔记（直播组件）,6960dc21000000001a020d6a,66f67e4c000000001d03127d,视频笔记,通投-1月新号笔记合集1-马年礼盒-定向-26.1.21,170810130,2026-01-21 16:34:07,0.00,0,0,0.0%,0.0,0.0,0,0.00,0.0,0,0,0.0,0,0,0.0,0,0.0,0,0.0,0,0.0,0,0.0,0,0.0,0,0.0,0,0.0,0,0.0,0,0.0,0.00,0.0,0,0,0
3577915575,通投-高级实用-马年礼盒-定向-新号-26.1.21,被计划暂停,审核通过,通投,直播间直接支付ROI,笔记（直播组件）,6960dbc8000000000e03df4e,66f67e4c000000001d03127d,视频笔记,通投-1月新号笔记合集1-马年礼盒-定向-26.1.21,170810130,2026-01-21 16:34:07,0.00,0,0,0.0%,0.0,0.0,0,0.00,0.0,0,0,0.0,0,0,0.0,0,0.0,0,0.0,0,0.0,0,0.0,0,0.0,0,0.0,0,0.0,0,0.0,0,0.0,0.00,0.0,0,0,0
3577915574,通投-顶配礼盒-马年礼盒-定向-新号-26.1.21,被计划暂停,审核通过,通投,直播间直接支付ROI,笔记（直播组件）,6960db7d000000001a030709,66f67e4c000000001d03127d,视频笔记,通投-1月新号笔记合集1-马年礼盒-定向-26.1.21,170810130,2026-01-21 16:34:07,0.00,0,0,0.0%,0.0,0.0,0,0.00,0.0,0,0,0.0,0,0,0.0,0,0.0,0,0.0,0,0.0,0,0.0,0,0.0,0,0.0,0,0.0,0,0.0,0,0.0,0.00,0.0,0,0,0
3514353455,通投-正确滋补-星光款-定向-日弘-26.1.15-新笔记-视频组,暂停,不满足审核条件,通投,直播间直接支付ROI,笔记（直播组件）,69675831000000001a02285f,66f67e4c000000001d03127d,视频笔记,通投-1月新笔记合集-多款-定向-26.1.10,168570274,2026-01-15 11:11:45,0.00,0,0,0.0%,0.0,0.0,0,0.00,0.0,0,0,0.0,0,0,0.0,0,0.0,0,0.0,0,0.0,0,0.0,0,0.0,0,0.0,0,0.0,0,0.0,0,0.0,0.00,0.0,0,0,0
3514296618,通投-正确滋补-星光款-品牌资产人群-日弘-26.1.15-新笔记-视频组,被计划暂停,审核通过,通投,直播间直接支付ROI,笔记（直播组件）,69675831000000001a02285f,66f67e4c000000001d03127d,视频笔记,通投-1月新笔记合集-多款-品牌资产人群-26.1.9,168387840,2026-01-15 11:09:45,0.00,0,0,0.0%,0.0,0.0,0,0.00,0.0,0,0,0.0,0,0,0.0,0,0.0,0,0.0,0,0.0,0,0.0,0,0.0,0,0.0,0,0.0,0,0.0,0,0.0,0.00,0.0,0,0,0
3496435648,通投-nunu娜娜-马年礼盒-职场社交礼赠人群-达人-26.1.13-新笔记,暂停,不满足审核条件,通投,直播间直接支付ROI,笔记（直播组件）,695dc3e5000000002203b7cd,5b65a57b6b58b76764d148ab,视频笔记,通投-马年礼盒合集-多款-职场社交礼赠人群-26.1.13,169047865,2026-01-13 17:33:45,0.00,0,0,0.0%,0.0,0.0,0,0.00,0.0,0,0,0.0,0,0,0.0,0,0.0,0,0.0,0,0.0,0,0.0,0,0.0,0,0.0,0,0.0,0,0.0,0,0.0,0.00,0.0,0,0,0
3496435647,通投-非遗滋补礼-马年礼盒-职场社交礼赠人群-日弘-26.1.13-新笔记,暂停,审核通过,通投,直播间直接支付ROI,笔记（直播组件）,695f6dd6000000000e00e0f8,66f67e4c000000001d03127d,图文笔记,通投-马年礼盒合集-多款-职场社交礼赠人群-26.1.13,169047865,2026-01-13 17:33:45,0.00,0,0,0.0%,0.0,0.0,0,0.00,0.0,0,0,0.0,0,0,0.0,0,0.0,0,0.0,0,0.0,0,0.0,0,0.0,0,0.0,0,0.0,0,0.0,0,0.0,0.00,0.0,0,0,0
3496435646,通投-新年商务送礼指南-马年礼盒-职场社交礼赠人群-日弘-26.1.13-新笔记,被计划暂停,审核通过,通投,直播间直接支付ROI,笔记（直播组件）,6964a0df000000001a02b492,66f67e4c000000001d03127d,视频笔记,通投-马年礼盒合集-多款-职场社交礼赠人群-26.1.13,169047865,2026-01-13 17:33:45,0.00,0,0,0.0%,0.0,0.0,0,0.00,0.0,0,0,0.0,0,0,0.0,0,0.0,0,0.0,0,0.0,0,0.0,0,0.0,0,0.0,0,0.0,0,0.0,0,0.0,0.00,0.0,0,0,0
3496428302,通投-nunu娜娜-马年礼盒-品牌资产人群-达人-26.1.13-新笔记,暂停,审核通过,通投,直播间直接支付ROI,笔记（直播组件）,695dc3e5000000002203b7cd,5b65a57b6b58b76764d148ab,视频笔记,通投-马年礼盒合集-多款-品牌资产人群-26.1.13,169036549,2026-01-13 17:29:00,0.00,0,0,0.0%,0.0,0.0,0,0.00,0.0,0,0,0.0,0,0,0.0,0,0.0,0,0.0,0,0.0,0,0.0,0,0.0,0,0.0,0,0.0,0,0.0,0,0.0,0.00,0.0,0,0,0
3496209636,通投-非遗滋补礼-马年礼盒-品牌资产人群-日弘-26.1.13-新笔记,被计划暂停,审核通过,通投,直播间直接支付ROI,笔记（直播组件）,695f6dd6000000000e00e0f8,66f67e4c000000001d03127d,图文笔记,通投-马年礼盒合集-多款-品牌资产人群-26.1.13,169036549,2026-01-13 17:26:47,0.00,0,0,0.0%,0.0,0.0,0,0.00,0.0,0,0,0.0,0,0,0.0,0,0.0,0,0.0,0,0.0,0,0.0,0,0.0,0,0.0,0,0.0,0,0.0,0,0.0,0.00,0.0,0,0,0
3496209635,通投-抄作业成功-马年礼盒-品牌资产人群-日弘-26.1.13-新笔记,暂停,审核通过,通投,直播间直接支付ROI,笔记（直播组件）,695e0356000000001a01c77c,66f67e4c000000001d03127d,图文笔记,通投-马年礼盒合集-多款-品牌资产人群-26.1.13,169036549,2026-01-13 17:26:47,0.00,0,0,0.0%,0.0,0.0,0,0.00,0.0,0,0,0.0,0,0,0.0,0,0.0,0,0.0,0,0.0,0,0.0,0,0.0,0,0.0,0,0.0,0,0.0,0,0.0,0.00,0.0,0,0,0
3484966208,通投-新年商务送礼指南-马年礼盒-品牌资产人群-日弘-26.1.12-新笔记,被计划暂停,审核通过,通投,直播间直接支付ROI,笔记（直播组件）,6964a0df000000001a02b492,66f67e4c000000001d03127d,视频笔记,通投-1月新笔记合集-多款-品牌资产人群-26.1.9,168387840,2026-01-12 15:41:07,0.00,0,0,0.0%,0.0,0.0,0,0.00,0.0,0,0,0.0,0,0,0.0,0,0.0,0,0.0,0,0.0,0,0.0,0,0.0,0,0.0,0,0.0,0,0.0,0,0.0,0.00,0.0,0,0,0
3484966207,通投-开挂好状态-星光款-品牌资产人群-日弘-26.1.12-新笔记,暂停,审核通过,通投,直播间直接支付ROI,笔记（直播组件）,6964a31b000000001a031321,66f67e4c000000001d03127d,图文笔记,通投-1月新笔记合集-多款-品牌资产人群-26.1.9,168387840,2026-01-12 15:41:07,0.00,0,0,0.0%,0.0,0.0,0,0.00,0.0,0,0,0.0,0,0,0.0,0,0.0,0,0.0,0,0.0,0,0.0,0,0.0,0,0.0,0,0.0,0,0.0,0,0.0,0.00,0.0,0,0,0
3484223837,通投-30+焕新颜-青春款-品牌资产人群-日弘-26.1.12-新笔记,暂停,审核通过,通投,直播间直接支付ROI,笔记（直播组件）,696493e7000000001a02a621,66f67e4c000000001d03127d,图文笔记,通投-1月新笔记合集-多款-定向-26.1.10,168570274,2026-01-12 14:49:43,0.00,0,0,0.0%,0.0,0.0,0,0.00,0.0,0,0,0.0,0,0,0.0,0,0.0,0,0.0,0,0.0,0,0.0,0,0.0,0,0.0,0,0.0,0,0.0,0,0.0,0.00,0.0,0,0,0
3476092980,通投-非遗滋补礼-马年礼盒-长辈送礼+牛奶坚果-日弘-26.1.10-新笔记,暂停,审核通过,通投,直播间直接支付ROI,笔记（直播组件）,695f6dd6000000000e00e0f8,66f67e4c000000001d03127d,图文笔记,通投-马年礼盒合集-多款-长辈送礼+牛奶坚果--26.1.11,168642795,2026-01-11 17:06:19,0.00,0,0,0.0%,0.0,0.0,0,0.00,0.0,0,0,0.0,0,0,0.0,0,0.0,0,0.0,0,0.0,0,0.0,0,0.0,0,0.0,0,0.0,0,0.0,0,0.0,0.00,0.0,0,0,0
3476092979,通投-抄作业成功-马年礼盒-长辈送礼+牛奶坚果-日弘-26.1.10-新笔记,暂停,审核通过,通投,直播间直接支付ROI,笔记（直播组件）,695e0356000000001a01c77c,66f67e4c000000001d03127d,图文笔记,通投-马年礼盒合集-多款-长辈送礼+牛奶坚果--26.1.11,168642795,2026-01-11 17:06:19,0.00,0,0,0.0%,0.0,0.0,0,0.00,0.0,0,0,0.0,0,0,0.0,0,0.0,0,0.0,0,0.0,0,0.0,0,0.0,0,0.0,0,0.0,0,0.0,0,0.0,0.00,0.0,0,0,0
3476037521,通投-花式吃法-直播预告-痛点相关人群-日弘-26.1.11,暂停,审核通过,通投,直播间直接支付ROI,笔记（直播组件）,68c8dd35000000000e0238f9,583691373460942ae8fc16bb,图文笔记,通投-1月新笔记合集-多款-痛点相关人群-26.1.11,168642763,2026-01-11 17:03:42,0.00,0,0,0.0%,0.0,0.0,0,0.00,0.0,0,0,0.0,0,0,0.0,0,0.0,0,0.0,0,0.0,0,0.0,0,0.0,0,0.0,0,0.0,0,0.0,0,0.0,0.00,0.0,0,0,0
3476037520,通投-总裁空降-直播预告-痛点相关人群-日弘-26.1.11,被计划暂停,审核通过,通投,直播间直接支付ROI,笔记（直播组件）,68ca1d01000000000e023e33,583691373460942ae8fc16bb,图文笔记,通投-1月新笔记合集-多款-痛点相关人群-26.1.11,168642763,2026-01-11 17:03:42,0.00,0,0,0.0%,0.0,0.0,0,0.00,0.0,0,0,0.0,0,0,0.0,0,0.0,0,0.0,0,0.0,0,0.0,0,0.0,0,0.0,0,0.0,0,0.0,0,0.0,0.00,0.0,0,0,0
3469223742,30S-花式吃法-直播预告-定向-日弘-26.1.10,计划已结束,审核通过,通投,直播间30s观看量,笔记（直播组件）,68c8dd35000000000e0238f9,583691373460942ae8fc16bb,图文笔记,30S-11月达标合集2-多款-定向-日弘-26.1.10,168570358,2026-01-10 20:29:32,0.00,0,0,0.0%,0.0,0.0,0,0.00,0.0,0,0,0.0,0,0,0.0,0,0.0,0,0.0,0,0.0,0,0.0,0,0.0,0,0.0,0,0.0,0,0.0,0,0.0,0.00,0.0,0,0,0
3469223741,30S-总裁空降-直播预告-定向-日弘-26.1.10,计划已结束,审核通过,通投,直播间30s观看量,笔记（直播组件）,68ca1d01000000000e023e33,583691373460942ae8fc16bb,图文笔记,30S-11月达标合集2-多款-定向-日弘-26.1.10,168570358,2026-01-10 20:29:32,0.00,0,0,0.0%,0.0,0.0,0,0.00,0.0,0,0,0.0,0,0,0.0,0,0.0,0,0.0,0,0.0,0,0.0,0,0.0,0,0.0,0,0.0,0,0.0,0,0.0,0.00,0.0,0,0,0
3469210760,30S-只有小仙炖-星光款-定向-新号-26.1.10-历史优质,计划已结束,审核通过,通投,直播间30s观看量,笔记（直播组件）,69144500000000000503bfc4,66f67e4c000000001d03127d,视频笔记,30S-11月达标合集2-多款-定向-日弘-26.1.10,168570358,2026-01-10 20:20:18,0.00,0,0,0.0%,0.0,0.0,0,0.00,0.0,0,0,0.0,0,0,0.0,0,0.0,0,0.0,0,0.0,0,0.0,0,0.0,0,0.0,0,0.0,0,0.0,0,0.0,0.00,0.0,0,0,0
3469210759,30S-燕窝也-合集款-定向-日弘-26.1.10-历史优质,计划已结束,审核通过,通投,直播间30s观看量,笔记（直播组件）,672d88bf000000001d0385de,583691373460942ae8fc16bb,图文笔记,30S-11月达标合集2-多款-定向-日弘-26.1.10,168570358,2026-01-10 20:20:18,0.00,0,0,0.0%,0.0,0.0,0,0.00,0.0,0,0,0.0,0,0,0.0,0,0.0,0,0.0,0,0.0,0,0.0,0,0.0,0,0.0,0,0.0,0,0.0,0,0.0,0.00,0.0,0,0,0
3469210758,30S-冤枉钱-合集款-定向-日弘-26.1.10-历史优质,暂停,审核通过,通投,直播间30s观看量,笔记（直播组件）,684b88e4000000002100a26c,66f67e4c000000001d03127d,图文笔记,30S-11月达标合集2-多款-定向-日弘-26.1.10,168570358,2026-01-10 20:20:18,0.00,0,0,0.0%,0.0,0.0,0,0.00,0.0,0,0,0.0,0,0,0.0,0,0.0,0,0.0,0,0.0,0,0.0,0,0.0,0,0.0,0,0.0,0,0.0,0,0.0,0.00,0.0,0,0,0
3469210757,30S-二胎孕妈私藏-星光款-定向-日弘-26.1.10-历史优质,计划已结束,审核通过,通投,直播间30s观看量,笔记（直播组件）,68fae9d80000000005032b06,66f67e4c000000001d03127d,视频笔记,30S-11月达标合集2-多款-定向-日弘-26.1.10,168570358,2026-01-10 20:20:18,0.00,0,0,0.0%,0.0,0.0,0,0.00,0.0,0,0,0.0,0,0,0.0,0,0.0,0,0.0,0,0.0,0,0.0,0,0.0,0,0.0,0,0.0,0,0.0,0,0.0,0.00,0.0,0,0,0
3469210756,30S-诗韩本韩-星光款-定向-官号-26.1.10-历史优质,计划已结束,审核拒绝,通投,直播间30s观看量,笔记（直播组件）,692eb472000000001e0245af,583691373460942ae8fc16bb,视频笔记,30S-11月达标合集2-多款-定向-日弘-26.1.10,168570358,2026-01-10 20:20:18,0.00,0,0,0.0%,0.0,0.0,0,0.00,0.0,0,0,0.0,0,0,0.0,0,0.0,0,0.0,0,0.0,0,0.0,0,0.0,0,0.0,0,0.0,0,0.0,0,0.0,0.00,0.0,0,0,0
3469210755,30S-葛子妮Nini-星光款-定向-达人-26.1.10-历史优质,计划已结束,审核通过,通投,直播间30s观看量,笔记（直播组件）,6912ca5c0000000004017d53,556b0fdfc2bdeb414a27803f,视频笔记,30S-11月达标合集2-多款-定向-日弘-26.1.10,168570358,2026-01-10 20:20:18,0.00,0,0,0.0%,0.0,0.0,0,0.00,0.0,0,0,0.0,0,0,0.0,0,0.0,0,0.0,0,0.0,0,0.0,0,0.0,0,0.0,0,0.0,0,0.0,0,0.0,0.00,0.0,0,0,0
3469145563,通投-非遗滋补礼-马年礼盒-定向-日弘-26.1.10-新笔记,暂停,审核通过,通投,直播间直接支付ROI,笔记（直播组件）,695f6dd6000000000e00e0f8,66f67e4c000000001d03127d,图文笔记,通投-1月新笔记合集-多款-定向-26.1.10,168570274,2026-01-10 20:13:25,0.00,0,0,0.0%,0.0,0.0,0,0.00,0.0,0,0,0.0,0,0,0.0,0,0.0,0,0.0,0,0.0,0,0.0,0,0.0,0,0.0,0,0.0,0,0.0,0,0.0,0.00,0.0,0,0,0
3469145562,通投-花式吃法-直播预告-定向-日弘-26.1.10-新笔记,暂停,不满足审核条件,通投,直播间直接支付ROI,笔记（直播组件）,68c8dd35000000000e0238f9,583691373460942ae8fc16bb,图文笔记,通投-1月新笔记合集-多款-定向-26.1.10,168570274,2026-01-10 20:13:25,0.00,0,0,0.0%,0.0,0.0,0,0.00,0.0,0,0,0.0,0,0,0.0,0,0.0,0,0.0,0,0.0,0,0.0,0,0.0,0,0.0,0,0.0,0,0.0,0,0.0,0.00,0.0,0,0,0
3469145561,通投-总裁空降-直播预告-定向-日弘-26.1.10-新笔记,暂停,审核通过,通投,直播间直接支付ROI,笔记（直播组件）,68ca1d01000000000e023e33,583691373460942ae8fc16bb,图文笔记,通投-1月新笔记合集-多款-定向-26.1.10,168570274,2026-01-10 20:13:25,0.00,0,0,0.0%,0.0,0.0,0,0.00,0.0,0,0,0.0,0,0,0.0,0,0.0,0,0.0,0,0.0,0,0.0,0,0.0,0,0.0,0,0.0,0,0.0,0,0.0,0.00,0.0,0,0,0
3469145560,通投-抄作业成功-马年礼盒-定向-日弘-26.1.10-新笔记,暂停,审核通过,通投,直播间直接支付ROI,笔记（直播组件）,695e0356000000001a01c77c,66f67e4c000000001d03127d,图文笔记,通投-1月新笔记合集-多款-定向-26.1.10,168570274,2026-01-10 20:13:25,0.00,0,0,0.0%,0.0,0.0,0,0.00,0.0,0,0,0.0,0,0,0.0,0,0.0,0,0.0,0,0.0,0,0.0,0,0.0,0,0.0,0,0.0,0,0.0,0,0.0,0.00,0.0,0,0,0
3457401879,通投-非遗滋补礼-马年礼盒-品牌资产人群-日弘-26.1.9-新笔记,被计划暂停,审核通过,通投,直播间直接支付ROI,笔记（直播组件）,695f6dd6000000000e00e0f8,66f67e4c000000001d03127d,图文笔记,通投-1月新笔记合集-多款-品牌资产人群-26.1.9,168387840,2026-01-09 16:11:15,0.00,0,0,0.0%,0.0,0.0,0,0.00,0.0,0,0,0.0,0,0,0.0,0,0.0,0,0.0,0,0.0,0,0.0,0,0.0,0,0.0,0,0.0,0,0.0,0,0.0,0.00,0.0,0,0,0
3457401878,通投-花式吃法-直播预告-品牌资产人群-日弘-26.1.9-新笔记,暂停,审核通过,通投,直播间直接支付ROI,笔记（直播组件）,68c8dd35000000000e0238f9,583691373460942ae8fc16bb,图文笔记,通投-1月新笔记合集-多款-品牌资产人群-26.1.9,168387840,2026-01-09 16:11:15,0.00,0,0,0.0%,0.0,0.0,0,0.00,0.0,0,0,0.0,0,0,0.0,0,0.0,0,0.0,0,0.0,0,0.0,0,0.0,0,0.0,0,0.0,0,0.0,0,0.0,0.00,0.0,0,0,0
3457401877,通投-总裁空降-直播预告-品牌资产人群-日弘-26.1.9-新笔记,暂停,审核通过,通投,直播间直接支付ROI,笔记（直播组件）,68ca1d01000000000e023e33,583691373460942ae8fc16bb,图文笔记,通投-1月新笔记合集-多款-品牌资产人群-26.1.9,168387840,2026-01-09 16:11:15,0.00,0,0,0.0%,0.0,0.0,0,0.00,0.0,0,0,0.0,0,0,0.0,0,0.0,0,0.0,0,0.0,0,0.0,0,0.0,0,0.0,0,0.0,0,0.0,0,0.0,0.00,0.0,0,0,0
3457401876,通投-抄作业成功-马年礼盒-品牌资产人群-日弘-26.1.9-新笔记,被计划暂停,审核通过,通投,直播间直接支付ROI,笔记（直播组件）,695e0356000000001a01c77c,66f67e4c000000001d03127d,图文笔记,通投-1月新笔记合集-多款-品牌资产人群-26.1.9,168387840,2026-01-09 16:11:15,0.00,0,0,0.0%,0.0,0.0,0,0.00,0.0,0,0,0.0,0,0,0.0,0,0.0,0,0.0,0,0.0,0,0.0,0,0.0,0,0.0,0,0.0,0,0.0,0,0.0,0.00,0.0,0,0,0
3457250532,直播-花式吃法-直播预告-痛点需求人群-日弘-26.1.9,暂停,审核通过,通投,直播预约,直播预热组件,68c8dd35000000000e0238f9,583691373460942ae8fc16bb,图文笔记,直播-总裁空降-直播预告-痛点需求人群-日弘-26.1.9_复制,168371833,2026-01-09 15:48:37,0.00,0,0,0.0%,0.0,0.0,0,0.00,0.0,0,0,0.0,0,0,0.0,0,0.0,0,0.0,0,0.0,0,0.0,0,0.0,0,0.0,0,0.0,0,0.0,0,0.0,0.00,0.0,0,0,0
3457250531,直播-总裁空降-直播预告-痛点需求人群-日弘-26.1.9,暂停,审核通过,通投,直播预约,直播预热组件,68ca1d01000000000e023e33,583691373460942ae8fc16bb,图文笔记,直播-总裁空降-直播预告-痛点需求人群-日弘-26.1.9_复制,168371833,2026-01-09 15:48:37,0.00,0,0,0.0%,0.0,0.0,0,0.00,0.0,0,0,0.0,0,0,0.0,0,0.0,0,0.0,0,0.0,0,0.0,0,0.0,0,0.0,0,0.0,0,0.0,0,0.0,0.00,0.0,0,0,0
3457166672,直播-花式吃法-直播预告-行业兴趣人群-日弘-26.1.9,暂停,审核通过,通投,直播预约,直播预热组件,68c8dd35000000000e0238f9,583691373460942ae8fc16bb,图文笔记,直播-总裁空降-直播预告-行业兴趣人群-日弘-26.1.9,168377527,2026-01-09 15:46:22,0.00,0,0,0.0%,0.0,0.0,0,0.00,0.0,0,0,0.0,0,0,0.0,0,0.0,0,0.0,0,0.0,0,0.0,0,0.0,0,0.0,0,0.0,0,0.0,0,0.0,0.00,0.0,0,0,0
3457166671,直播-总裁空降-直播预告-行业兴趣人群-日弘-26.1.9,暂停,审核通过,通投,直播预约,直播预热组件,68ca1d01000000000e023e33,583691373460942ae8fc16bb,图文笔记,直播-总裁空降-直播预告-行业兴趣人群-日弘-26.1.9,168377527,2026-01-09 15:46:22,0.00,0,0,0.0%,0.0,0.0,0,0.00,0.0,0,0,0.0,0,0,0.0,0,0.0,0,0.0,0,0.0,0,0.0,0,0.0,0,0.0,0,0.0,0,0.0,0,0.0,0.00,0.0,0,0,0
3457055750,直播-花式吃法-直播预告-品牌资产人群-日弘-26.1.9,暂停,审核通过,通投,直播预约,直播预热组件,68c8dd35000000000e0238f9,583691373460942ae8fc16bb,图文笔记,直播-总裁空降-直播预告-品牌资产人群-日弘-26.1.9,168386341,2026-01-09 15:44:24,0.00,0,0,0.0%,0.0,0.0,0,0.00,0.0,0,0,0.0,0,0,0.0,0,0.0,0,0.0,0,0.0,0,0.0,0,0.0,0,0.0,0,0.0,0,0.0,0,0.0,0.00,0.0,0,0,0
3457055749,直播-总裁空降-直播预告-品牌资产人群-日弘-26.1.9,暂停,审核通过,通投,直播预约,直播预热组件,68ca1d01000000000e023e33,583691373460942ae8fc16bb,图文笔记,直播-总裁空降-直播预告-品牌资产人群-日弘-26.1.9,168386341,2026-01-09 15:44:24,0.00,0,0,0.0%,0.0,0.0,0,0.00,0.0,0,0,0.0,0,0,0.0,0,0.0,0,0.0,0,0.0,0,0.0,0,0.0,0,0.0,0,0.0,0,0.0,0,0.0,0.00,0.0,0,0,0
3444222223,通投-补对了-星光款-品牌资产人群-日弘-26.1.8-视频组,被计划暂停,审核通过,通投,直播间直接支付ROI,笔记（直播组件）,69328e92000000001e03bf8e,66f67e4c000000001d03127d,视频笔记,通投-12月达标合集3-多款-品牌资产人群-26.1.8,168042869,2026-01-08 11:42:30,0.00,0,0,0.0%,0.0,0.0,0,0.00,0.0,0,0,0.0,0,0,0.0,0,0.0,0,0.0,0,0.0,0,0.0,0,0.0,0,0.0,0,0.0,0,0.0,0,0.0,0.00,0.0,0,0,0
3444222222,通投-白白胖胖-星光款-品牌资产人群-新号-26.1.8,暂停,审核通过,通投,直播间直接支付ROI,笔记（直播组件）,68ef7968000000000301210f,66f67e4c000000001d03127d,视频笔记,通投-12月达标合集3-多款-品牌资产人群-26.1.8,168042869,2026-01-08 11:42:30,0.00,0,0,0.0%,0.0,0.0,0,0.00,0.0,0,0,0.0,0,0,0.0,0,0.0,0,0.0,0,0.0,0,0.0,0,0.0,0,0.0,0,0.0,0,0.0,0,0.0,0.00,0.0,0,0,0
3444222221,通投-聪明孕-青春款-品牌资产人群-日弘-26.1.8,暂停,审核通过,通投,直播间直接支付ROI,笔记（直播组件）,66714c48000000001d0161ee,583691373460942ae8fc16bb,图文笔记,通投-12月达标合集3-多款-品牌资产人群-26.1.8,168042869,2026-01-08 11:42:30,0.00,0,0,0.0%,0.0,0.0,0,0.00,0.0,0,0,0.0,0,0,0.0,0,0.0,0,0.0,0,0.0,0,0.0,0,0.0,0,0.0,0,0.0,0,0.0,0,0.0,0.00,0.0,0,0,0
3444222220,通投-子申Spring-星光款-品牌资产人群-达人-26.1.8,被计划暂停,审核通过,通投,直播间直接支付ROI,笔记（直播组件）,6918813a00000000050390ba,66a4d8aa000000001d0310d4,视频笔记,通投-12月达标合集3-多款-品牌资产人群-26.1.8,168042869,2026-01-08 11:42:30,0.00,0,0,0.0%,0.0,0.0,0,0.00,0.0,0,0,0.0,0,0,0.0,0,0.0,0,0.0,0,0.0,0,0.0,0,0.0,0,0.0,0,0.0,0,0.0,0,0.0,0.00,0.0,0,0,0
3444222219,通投-黛西也是得喜-星光款-品牌资产人群-达人-26.1.8,被计划暂停,审核通过,通投,直播间直接支付ROI,笔记（直播组件）,69159f3c000000000d03a4eb,55c2d947c2bdeb128a723508,视频笔记,通投-12月达标合集3-多款-品牌资产人群-26.1.8,168042869,2026-01-08 11:42:30,0.00,0,0,0.0%,0.0,0.0,0,0.00,0.0,0,0,0.0,0,0,0.0,0,0.0,0,0.0,0,0.0,0,0.0,0,0.0,0,0.0,0,0.0,0,0.0,0,0.0,0.00,0.0,0,0,0
3444134880,通投-养颜必看-合集款-品牌资产人群-新号-26.1.8,暂停,审核通过,通投,直播间直接支付ROI,笔记（直播组件）,692e49d1000000001e03004c,66f67e4c000000001d03127d,图文笔记,通投-12月达标合集2-多款-品牌资产人群-26.1.8,168062896,2026-01-08 11:37:38,0.00,0,0,0.0%,0.0,0.0,0,0.00,0.0,0,0,0.0,0,0,0.0,0,0.0,0,0.0,0,0.0,0,0.0,0,0.0,0,0.0,0,0.0,0,0.0,0,0.0,0.00,0.0,0,0,0
3444134879,通投-这篇就够-青春款-品牌资产人群-新号-26.1.8,暂停,审核通过,通投,直播间直接支付ROI,笔记（直播组件）,692e4ce0000000001e031250,66f67e4c000000001d03127d,图文笔记,通投-12月达标合集2-多款-品牌资产人群-26.1.8,168062896,2026-01-08 11:37:38,0.00,0,0,0.0%,0.0,0.0,0,0.00,0.0,0,0,0.0,0,0,0.0,0,0.0,0,0.0,0,0.0,0,0.0,0,0.0,0,0.0,0,0.0,0,0.0,0,0.0,0.00,0.0,0,0,0
3444134878,通投-燕窝也-合集款-品牌资产人群-日弘-26.1.8,暂停,审核通过,通投,直播间直接支付ROI,笔记（直播组件）,672d88bf000000001d0385de,583691373460942ae8fc16bb,图文笔记,通投-12月达标合集2-多款-品牌资产人群-26.1.8,168062896,2026-01-08 11:37:38,0.00,0,0,0.0%,0.0,0.0,0,0.00,0.0,0,0,0.0,0,0,0.0,0,0.0,0,0.0,0,0.0,0,0.0,0,0.0,0,0.0,0,0.0,0,0.0,0,0.0,0.00,0.0,0,0,0
3444134877,通投-燕窝新-合集款-品牌资产人群-日弘-26.1.8,暂停,审核通过,通投,直播间直接支付ROI,笔记（直播组件）,6735ba5f000000003c015663,583691373460942ae8fc16bb,图文笔记,通投-12月达标合集2-多款-品牌资产人群-26.1.8,168062896,2026-01-08 11:37:38,0.00,0,0,0.0%,0.0,0.0,0,0.00,0.0,0,0,0.0,0,0,0.0,0,0.0,0,0.0,0,0.0,0,0.0,0,0.0,0,0.0,0,0.0,0,0.0,0,0.0,0.00,0.0,0,0,0
3444134876,通投-素颜自由-青春款-品牌资产人群-新号-26.1.8,被计划暂停,审核通过,通投,直播间直接支付ROI,笔记（直播组件）,68fb4ac9000000000301fef0,66f67e4c000000001d03127d,图文笔记,通投-12月达标合集2-多款-品牌资产人群-26.1.8,168062896,2026-01-08 11:37:38,0.00,0,0,0.0%,0.0,0.0,0,0.00,0.0,0,0,0.0,0,0,0.0,0,0.0,0,0.0,0,0.0,0,0.0,0,0.0,0,0.0,0,0.0,0,0.0,0,0.0,0.00,0.0,0,0,0
3444134875,通投-超大福利-星光款-品牌资产人群-新号-26.1.8,暂停,审核通过,通投,直播间直接支付ROI,笔记（直播组件）,68ef797a0000000003020d04,66f67e4c000000001d03127d,视频笔记,通投-12月达标合集2-多款-品牌资产人群-26.1.8,168062896,2026-01-08 11:37:38,0.00,0,0,0.0%,0.0,0.0,0,0.00,0.0,0,0,0.0,0,0,0.0,0,0.0,0,0.0,0,0.0,0,0.0,0,0.0,0,0.0,0,0.0,0,0.0,0,0.0,0.00,0.0,0,0,0
3444134874,通投-等了这么久-星光款-品牌资产人群-新号-26.1.8,暂停,审核通过,通投,直播间直接支付ROI,笔记（直播组件）,68ef797200000000030380e0,66f67e4c000000001d03127d,视频笔记,通投-12月达标合集2-多款-品牌资产人群-26.1.8,168062896,2026-01-08 11:37:38,0.00,0,0,0.0%,0.0,0.0,0,0.00,0.0,0,0,0.0,0,0,0.0,0,0.0,0,0.0,0,0.0,0,0.0,0,0.0,0,0.0,0,0.0,0,0.0,0,0.0,0.00,0.0,0,0,0
3443932647,通投-说点大实话-星光款-品牌资产人群-新号-26.1.8,暂停,审核拒绝,通投,直播间直接支付ROI,笔记（直播组件）,694d0203000000001e0052ff,66f67e4c000000001d03127d,图文笔记,通投-新号合集-多款-品牌资产人群-26.1.8,168041635,2026-01-08 11:17:20,0.00,0,0,0.0%,0.0,0.0,0,0.00,0.0,0,0,0.0,0,0,0.0,0,0.0,0,0.0,0,0.0,0,0.0,0,0.0,0,0.0,0,0.0,0,0.0,0,0.0,0.00,0.0,0,0,0
3443932646,通投-忙成陀螺-星光款-品牌资产人群-新号-26.1.8,暂停,审核通过,通投,直播间直接支付ROI,笔记（直播组件）,694d0166000000001e00e61e,66f67e4c000000001d03127d,图文笔记,通投-新号合集-多款-品牌资产人群-26.1.8,168041635,2026-01-08 11:17:20,0.00,0,0,0.0%,0.0,0.0,0,0.00,0.0,0,0,0.0,0,0,0.0,0,0.0,0,0.0,0,0.0,0,0.0,0,0.0,0,0.0,0,0.0,0,0.0,0,0.0,0.00,0.0,0,0,0
3443932645,通投-产后内调-星光款-品牌资产人群-新号-26.1.8,暂停,审核通过,通投,直播间直接支付ROI,笔记（直播组件）,694cfe04000000001e0078b7,66f67e4c000000001d03127d,图文笔记,通投-新号合集-多款-品牌资产人群-26.1.8,168041635,2026-01-08 11:17:20,0.00,0,0,0.0%,0.0,0.0,0,0.00,0.0,0,0,0.0,0,0,0.0,0,0.0,0,0.0,0,0.0,0,0.0,0,0.0,0,0.0,0,0.0,0,0.0,0,0.0,0.00,0.0,0,0,0
3443932644,通投-优势要知道-星光款-品牌资产人群-新号-26.1.8,暂停,审核通过,通投,直播间直接支付ROI,笔记（直播组件）,694cfcf1000000001e014773,66f67e4c000000001d03127d,图文笔记,通投-新号合集-多款-品牌资产人群-26.1.8,168041635,2026-01-08 11:17:20,0.00,0,0,0.0%,0.0,0.0,0,0.00,0.0,0,0,0.0,0,0,0.0,0,0.0,0,0.0,0,0.0,0,0.0,0,0.0,0,0.0,0,0.0,0,0.0,0,0.0,0.00,0.0,0,0,0
3442666454,通投-养颜必看-合集款-品牌资产人群-新号-26.1.8,被计划暂停,审核通过,通投,直播间直接支付ROI,笔记（直播组件）,692e49d1000000001e03004c,66f67e4c000000001d03127d,图文笔记,通投-12月达标合集1-多款-品牌资产人群-26.1.8,168027340,2026-01-08 09:28:17,0.00,0,0,0.0%,0.0,0.0,0,0.00,0.0,0,0,0.0,0,0,0.0,0,0.0,0,0.0,0,0.0,0,0.0,0,0.0,0,0.0,0,0.0,0,0.0,0,0.0,0.00,0.0,0,0,0
3442666453,通投-这篇就够-青春款-品牌资产人群-新号-26.1.8,被计划暂停,审核通过,通投,直播间直接支付ROI,笔记（直播组件）,692e4ce0000000001e031250,66f67e4c000000001d03127d,图文笔记,通投-12月达标合集1-多款-品牌资产人群-26.1.8,168027340,2026-01-08 09:28:17,0.00,0,0,0.0%,0.0,0.0,0,0.00,0.0,0,0,0.0,0,0,0.0,0,0.0,0,0.0,0,0.0,0,0.0,0,0.0,0,0.0,0,0.0,0,0.0,0,0.0,0.00,0.0,0,0,0
3442666452,通投-燕窝也-合集款-品牌资产人群-日弘-26.1.8,被计划暂停,审核通过,通投,直播间直接支付ROI,笔记（直播组件）,672d88bf000000001d0385de,583691373460942ae8fc16bb,图文笔记,通投-12月达标合集1-多款-品牌资产人群-26.1.8,168027340,2026-01-08 09:28:17,0.00,0,0,0.0%,0.0,0.0,0,0.00,0.0,0,0,0.0,0,0,0.0,0,0.0,0,0.0,0,0.0,0,0.0,0,0.0,0,0.0,0,0.0,0,0.0,0,0.0,0.00,0.0,0,0,0
3442666451,通投-燕窝新-合集款-品牌资产人群-日弘-26.1.8,被计划暂停,审核通过,通投,直播间直接支付ROI,笔记（直播组件）,6735ba5f000000003c015663,583691373460942ae8fc16bb,图文笔记,通投-12月达标合集1-多款-品牌资产人群-26.1.8,168027340,2026-01-08 09:28:17,0.00,0,0,0.0%,0.0,0.0,0,0.00,0.0,0,0,0.0,0,0,0.0,0,0.0,0,0.0,0,0.0,0,0.0,0,0.0,0,0.0,0,0.0,0,0.0,0,0.0,0.00,0.0,0,0,0
3442666450,通投-素颜自由-青春款-品牌资产人群-新号-26.1.8,被计划暂停,审核通过,通投,直播间直接支付ROI,笔记（直播组件）,68fb4ac9000000000301fef0,66f67e4c000000001d03127d,图文笔记,通投-12月达标合集1-多款-品牌资产人群-26.1.8,168027340,2026-01-08 09:28:17,0.00,0,0,0.0%,0.0,0.0,0,0.00,0.0,0,0,0.0,0,0,0.0,0,0.0,0,0.0,0,0.0,0,0.0,0,0.0,0,0.0,0,0.0,0,0.0,0,0.0,0.00,0.0,0,0,0
3442666449,通投-超大福利-星光款-品牌资产人群-新号-26.1.8,暂停,审核通过,通投,直播间直接支付ROI,笔记（直播组件）,68ef797a0000000003020d04,66f67e4c000000001d03127d,视频笔记,通投-12月达标合集1-多款-品牌资产人群-26.1.8,168027340,2026-01-08 09:28:17,0.00,0,0,0.0%,0.0,0.0,0,0.00,0.0,0,0,0.0,0,0,0.0,0,0.0,0,0.0,0,0.0,0,0.0,0,0.0,0,0.0,0,0.0,0,0.0,0,0.0,0.00,0.0,0,0,0
3442666448,通投-等了这么久-星光款-品牌资产人群-新号-26.1.8,被计划暂停,不满足审核条件,通投,直播间直接支付ROI,笔记（直播组件）,68ef797200000000030380e0,66f67e4c000000001d03127d,视频笔记,通投-12月达标合集1-多款-品牌资产人群-26.1.8,168027340,2026-01-08 09:28:17,0.00,0,0,0.0%,0.0,0.0,0,0.00,0.0,0,0,0.0,0,0,0.0,0,0.0,0,0.0,0,0.0,0,0.0,0,0.0,0,0.0,0,0.0,0,0.0,0,0.0,0.00,0.0,0,0,0
3414449098,【AI优化】通投-能喝回来-青春款-职场女性30+-新号-26.1.5,暂停,不满足审核条件,通投,直播间直接支付ROI,笔记（直播组件）,695b7b7500000000220337d6,583691373460942ae8fc16bb,图文笔记,通投-新号合集-多款-孕期及宝妈人群-26.1.5,167511397,2026-01-05 17:10:31,0.00,0,0,0.0%,0.0,0.0,0,0.00,0.0,0,0,0.0,0,0,0.0,0,0.0,0,0.0,0,0.0,0,0.0,0,0.0,0,0.0,0,0.0,0,0.0,0,0.0,0.00,0.0,0,0,0
3414449097,通投-说点大实话-星光款-孕期及宝妈人群+-新号-26.1.5,被计划暂停,审核拒绝,通投,直播间直接支付ROI,笔记（直播组件）,694d0203000000001e0052ff,66f67e4c000000001d03127d,图文笔记,通投-新号合集-多款-孕期及宝妈人群-26.1.5,167511397,2026-01-05 17:10:31,0.00,0,0,0.0%,0.0,0.0,0,0.00,0.0,0,0,0.0,0,0,0.0,0,0.0,0,0.0,0,0.0,0,0.0,0,0.0,0,0.0,0,0.0,0,0.0,0,0.0,0.00,0.0,0,0,0
3414449096,通投-忙成陀螺-星光款-孕期及宝妈人群+-新号-26.1.5,被计划暂停,审核通过,通投,直播间直接支付ROI,笔记（直播组件）,694d0166000000001e00e61e,66f67e4c000000001d03127d,图文笔记,通投-新号合集-多款-孕期及宝妈人群-26.1.5,167511397,2026-01-05 17:10:31,0.00,0,0,0.0%,0.0,0.0,0,0.00,0.0,0,0,0.0,0,0,0.0,0,0.0,0,0.0,0,0.0,0,0.0,0,0.0,0,0.0,0,0.0,0,0.0,0,0.0,0.00,0.0,0,0,0
3414449095,通投-产后内调-星光款-孕期及宝妈人群+-新号-26.1.5,被计划暂停,审核通过,通投,直播间直接支付ROI,笔记（直播组件）,694cfe04000000001e0078b7,66f67e4c000000001d03127d,图文笔记,通投-新号合集-多款-孕期及宝妈人群-26.1.5,167511397,2026-01-05 17:10:31,0.00,0,0,0.0%,0.0,0.0,0,0.00,0.0,0,0,0.0,0,0,0.0,0,0.0,0,0.0,0,0.0,0,0.0,0,0.0,0,0.0,0,0.0,0,0.0,0,0.0,0.00,0.0,0,0,0
3414449094,通投-优势要知道-星光款-孕期及宝妈人群+-新号-26.1.5,暂停,审核通过,通投,直播间直接支付ROI,笔记（直播组件）,694cfcf1000000001e014773,66f67e4c000000001d03127d,图文笔记,通投-新号合集-多款-孕期及宝妈人群-26.1.5,167511397,2026-01-05 17:10:31,0.00,0,0,0.0%,0.0,0.0,0,0.00,0.0,0,0,0.0,0,0,0.0,0,0.0,0,0.0,0,0.0,0,0.0,0,0.0,0,0.0,0,0.0,0,0.0,0,0.0,0.00,0.0,0,0,0
3414461019,【AI优化】通投-能喝回来-青春款-职场女性30+-新号-26.1.5,暂停,不满足审核条件,通投,直播间直接支付ROI,笔记（直播组件）,695b7b7500000000220337d6,583691373460942ae8fc16bb,图文笔记,通投-新号合集-多款-职场女性30+-日弘-26.1.5,167488957,2026-01-05 16:51:02,0.00,0,0,0.0%,0.0,0.0,0,0.00,0.0,0,0,0.0,0,0,0.0,0,0.0,0,0.0,0,0.0,0,0.0,0,0.0,0,0.0,0,0.0,0,0.0,0,0.0,0.00,0.0,0,0,0
3414406697,通投-熬夜星人-青春款-职场女性30+-新号-26.1.5,暂停,审核通过,通投,直播间直接支付ROI,笔记（直播组件）,694cf9d7000000001e00ae4e,66f67e4c000000001d03127d,图文笔记,通投-新号合集-多款-职场女性30+-日弘-26.1.5,167488957,2026-01-05 16:51:01,0.00,0,0,0.0%,0.0,0.0,0,0.00,0.0,0,0,0.0,0,0,0.0,0,0.0,0,0.0,0,0.0,0,0.0,0,0.0,0,0.0,0,0.0,0,0.0,0,0.0,0.00,0.0,0,0,0
3414406696,通投-去除班味-星光款-职场女性30+-新号-26.1.5,暂停,审核通过,通投,直播间直接支付ROI,笔记（直播组件）,694cf95a000000001d03effe,66f67e4c000000001d03127d,图文笔记,通投-新号合集-多款-职场女性30+-日弘-26.1.5,167488957,2026-01-05 16:51:01,0.00,0,0,0.0%,0.0,0.0,0,0.00,0.0,0,0,0.0,0,0,0.0,0,0.0,0,0.0,0,0.0,0,0.0,0,0.0,0,0.0,0,0.0,0,0.0,0,0.0,0.00,0.0,0,0,0
3414406695,通投-不能没有-青春款-职场女性30+-新号-26.1.5,暂停,审核通过,通投,直播间直接支付ROI,笔记（直播组件）,694cfc09000000001e01175f,66f67e4c000000001d03127d,图文笔记,通投-新号合集-多款-职场女性30+-日弘-26.1.5,167488957,2026-01-05 16:51:01,0.00,0,0,0.0%,0.0,0.0,0,0.00,0.0,0,0,0.0,0,0,0.0,0,0.0,0,0.0,0,0.0,0,0.0,0,0.0,0,0.0,0,0.0,0,0.0,0,0.0,0.00,0.0,0,0,0
3414406694,通投-能喝回来-青春款-职场女性30+-新号-26.1.5,暂停,审核通过,通投,直播间直接支付ROI,笔记（直播组件）,694d0041000000001e01328c,66f67e4c000000001d03127d,图文笔记,通投-新号合集-多款-职场女性30+-日弘-26.1.5,167488957,2026-01-05 16:51:01,0.00,0,0,0.0%,0.0,0.0,0,0.00,0.0,0,0,0.0,0,0,0.0,0,0.0,0,0.0,0,0.0,0,0.0,0,0.0,0,0.0,0,0.0,0,0.0,0,0.0,0.00,0.0,0,0,0
3403963115,通投-小仙炖双旦-合集款-品牌资产人群-日弘-26.1.4-新笔记,暂停,审核通过,通投,直播间直接支付ROI,笔记（直播组件）,6959fc6b000000001e03bdf1,66f67e4c000000001d03127d,图文笔记,通投-小仙炖双旦-合集款-品牌资产人群-日弘-26.1.4-新笔记,167312954,2026-01-04 18:00:14,0.00,0,0,0.0%,0.0,0.0,0,0.00,0.0,0,0,0.0,0,0,0.0,0,0.0,0,0.0,0,0.0,0,0.0,0,0.0,0,0.0,0,0.0,0,0.0,0,0.0,0.00,0.0,0,0,0
3403717732,通投-孕期孕反-星光款-稳孕选手-日弘-26.1.4-新笔记-视频组,暂停,审核通过,通投,直播间直接支付ROI,笔记（直播组件）,6959fc4b000000001f00a5d2,66f67e4c000000001d03127d,视频笔记,通投-孕期孕反-星光款-稳孕选手-日弘-26.1.4-新笔记-视频组,167298521,2026-01-04 17:58:04,0.00,0,0,0.0%,0.0,0.0,0,0.00,0.0,0,0,0.0,0,0,0.0,0,0.0,0,0.0,0,0.0,0,0.0,0,0.0,0,0.0,0,0.0,0,0.0,0,0.0,0.00,0.0,0,0,0
3402367352,通投-开年炖宠-马年礼盒-长辈送礼-新号-25.1.4,暂停,审核通过,通投,直播间直接支付ROI,笔记（直播组件）,6954f4bc000000002102baf8,66f67e4c000000001d03127d,视频笔记,通投-开年炖宠-马年礼盒-长辈送礼-新号-25.1.4,167233588,2026-01-04 15:10:39,0.00,0,0,0.0%,0.0,0.0,0,0.00,0.0,0,0,0.0,0,0,0.0,0,0.0,0,0.0,0,0.0,0,0.0,0,0.0,0,0.0,0,0.0,0,0.0,0,0.0,0.00,0.0,0,0,0
3402292154,通投-小仙炖新年礼-马年礼盒-长辈送礼-新号-26.1.4,暂停,审核通过,通投,直播间直接支付ROI,笔记（直播组件）,6954f449000000002200accb,66f67e4c000000001d03127d,视频笔记,通投-小仙炖新年礼-马年礼盒-长辈送礼-新号-25.1.4,167243037,2026-01-04 15:00:04,0.00,0,0,0.0%,0.0,0.0,0,0.00,0.0,0,0,0.0,0,0,0.0,0,0.0,0,0.0,0,0.0,0,0.0,0,0.0,0,0.0,0,0.0,0,0.0,0,0.0,0.00,0.0,0,0,0
3401778592,通投-龙马精神-马年礼盒-长辈送礼+牛奶坚果-新号-26.1.4,被计划暂停,审核通过,通投,直播间直接支付ROI,笔记（直播组件）,6954f40a000000002102b604,66f67e4c000000001d03127d,视频笔记,通投-龙马精神-马年礼盒-长辈送礼+牛奶坚果-新号-25.1.4,167241441,2026-01-04 14:26:44,0.00,0,0,0.0%,0.0,0.0,0,0.00,0.0,0,0,0.0,0,0,0.0,0,0.0,0,0.0,0,0.0,0,0.0,0,0.0,0,0.0,0,0.0,0,0.0,0,0.0,0.00,0.0,0,0,0
3369810747,通投-开始发光了-星光款-品牌资产人群-新号-25.12.31,被计划暂停,审核通过,通投,直播间直接支付ROI,笔记（直播组件）,694cffd0000000001e0093b8,66f67e4c000000001d03127d,图文笔记,通投-新号合集1-多款-品牌资产人群-25.12.31,166808019,2025-12-31 21:23:36,0.00,0,0,0.0%,0.0,0.0,0,0.00,0.0,0,0,0.0,0,0,0.0,0,0.0,0,0.0,0,0.0,0,0.0,0,0.0,0,0.0,0,0.0,0,0.0,0,0.0,0.00,0.0,0,0,0
3369810746,通投-垮垮脸-星光款-品牌资产人群-新号-25.12.31,被计划暂停,审核通过,通投,直播间直接支付ROI,笔记（直播组件）,694cff4d000000001e00d870,66f67e4c000000001d03127d,图文笔记,通投-新号合集1-多款-品牌资产人群-25.12.31,166808019,2025-12-31 21:23:36,0.00,0,0,0.0%,0.0,0.0,0,0.00,0.0,0,0,0.0,0,0,0.0,0,0.0,0,0.0,0,0.0,0,0.0,0,0.0,0,0.0,0,0.0,0,0.0,0,0.0,0.00,0.0,0,0,0
3369810745,通投-福报-星光款-品牌资产人群-新号-25.12.31,被计划暂停,审核通过,通投,直播间直接支付ROI,笔记（直播组件）,694cf7c2000000001e00a1fc,66f67e4c000000001d03127d,图文笔记,通投-新号合集1-多款-品牌资产人群-25.12.31,166808019,2025-12-31 21:23:36,0.00,0,0,0.0%,0.0,0.0,0,0.00,0.0,0,0,0.0,0,0,0.0,0,0.0,0,0.0,0,0.0,0,0.0,0,0.0,0,0.0,0,0.0,0,0.0,0,0.0,0.00,0.0,0,0,0
3369810744,通投-你pick-合集款-品牌资产人群-新号-25.12.31,暂停,审核通过,通投,直播间直接支付ROI,笔记（直播组件）,694d00c3000000001d038f95,66f67e4c000000001d03127d,图文笔记,通投-新号合集1-多款-品牌资产人群-25.12.31,166808019,2025-12-31 21:23:36,0.00,0,0,0.0%,0.0,0.0,0,0.00,0.0,0,0,0.0,0,0,0.0,0,0.0,0,0.0,0,0.0,0,0.0,0,0.0,0,0.0,0,0.0,0,0.0,0,0.0,0.00,0.0,0,0,0
3369810743,通投-按需选-合集款-品牌资产人群-新号-25.12.31,被计划暂停,审核通过,通投,直播间直接支付ROI,笔记（直播组件）,694cfb90000000001d03fda4,66f67e4c000000001d03127d,图文笔记,通投-新号合集1-多款-品牌资产人群-25.12.31,166808019,2025-12-31 21:23:36,0.00,0,0,0.0%,0.0,0.0,0,0.00,0.0,0,0,0.0,0,0,0.0,0,0.0,0,0.0,0,0.0,0,0.0,0,0.0,0,0.0,0,0.0,0,0.0,0,0.0,0.00,0.0,0,0,0
3369810742,通投-很简单-合集款-品牌资产人群-新号-25.12.31,被计划暂停,审核通过,通投,直播间直接支付ROI,笔记（直播组件）,694cfd69000000001e0074c4,66f67e4c000000001d03127d,图文笔记,通投-新号合集1-多款-品牌资产人群-25.12.31,166808019,2025-12-31 21:23:36,0.00,0,0,0.0%,0.0,0.0,0,0.00,0.0,0,0,0.0,0,0,0.0,0,0.0,0,0.0,0,0.0,0,0.0,0,0.0,0,0.0,0,0.0,0,0.0,0,0.0,0.00,0.0,0,0,0
3369810741,通投-太能打-青春款-品牌资产人群-新号-25.12.31,被计划暂停,审核通过,通投,直播间直接支付ROI,笔记（直播组件）,694cf71b000000001d0391e6,66f67e4c000000001d03127d,图文笔记,通投-新号合集1-多款-品牌资产人群-25.12.31,166808019,2025-12-31 21:23:36,0.00,0,0,0.0%,0.0,0.0,0,0.00,0.0,0,0,0.0,0,0,0.0,0,0.0,0,0.0,0,0.0,0,0.0,0,0.0,0,0.0,0,0.0,0,0.0,0,0.0,0.00,0.0,0,0,0
3366753036,通投-木木别熬夜-星光款-精养奢美族-达人-25.12.31,被计划暂停,审核通过,通投,直播间直接支付ROI,笔记（直播组件）,69539ba2000000001f00b323,67b6f784000000000d00b17c,图文笔记,通投-赛马合集-多款-精养奢美族-25.12.23,165046616,2025-12-31 15:49:27,0.00,0,0,0.0%,0.0,0.0,0,0.00,0.0,0,0,0.0,0,0,0.0,0,0.0,0,0.0,0,0.0,0,0.0,0,0.0,0,0.0,0,0.0,0,0.0,0,0.0,0.00,0.0,0,0,0
3366940265,通投-木木别熬夜-星光款-定向-达人-25.12.31,暂停,审核通过,通投,直播间直接支付ROI,笔记（直播组件）,69539ba2000000001f00b323,67b6f784000000000d00b17c,图文笔记,通投-达人合集-星光款-定向-25.12.30,166581861,2025-12-31 15:47:33,0.00,0,0,0.0%,0.0,0.0,0,0.00,0.0,0,0,0.0,0,0,0.0,0,0.0,0,0.0,0,0.0,0,0.0,0,0.0,0,0.0,0,0.0,0,0.0,0,0.0,0.00,0.0,0,0,0
3358897357,通投-一只分享苏-星光款-定向-达人-25.12.30,暂停,审核通过,通投,直播间直接支付ROI,笔记（直播组件）,694373c5000000001d0398a5,544b1682d6e4a97428d4d32a,视频笔记,通投-达人合集-星光款-定向-25.12.30,166581861,2025-12-30 21:22:40,0.00,0,0,0.0%,0.0,0.0,0,0.00,0.0,0,0,0.0,0,0,0.0,0,0.0,0,0.0,0,0.0,0,0.0,0,0.0,0,0.0,0,0.0,0,0.0,0,0.0,0.00,0.0,0,0,0
3358897356,通投-佳艾拉-星光款-定向-达人-25.12.30,暂停,审核通过,通投,直播间直接支付ROI,笔记（直播组件）,694143f4000000001e028b41,5a1bc0ea4eacab2b2d81e89a,视频笔记,通投-达人合集-星光款-定向-25.12.30,166581861,2025-12-30 21:22:40,0.00,0,0,0.0%,0.0,0.0,0,0.00,0.0,0,0,0.0,0,0,0.0,0,0.0,0,0.0,0,0.0,0,0.0,0,0.0,0,0.0,0,0.0,0,0.0,0,0.0,0.00,0.0,0,0,0
3358897355,通投-小硕硕塑身-星光款-定向-达人-25.12.30,暂停,审核通过,通投,直播间直接支付ROI,笔记（直播组件）,693ad042000000001e007fe0,5e8fa7d3000000000100284d,视频笔记,通投-达人合集-星光款-定向-25.12.30,166581861,2025-12-30 21:22:40,0.00,0,0,0.0%,0.0,0.0,0,0.00,0.0,0,0,0.0,0,0,0.0,0,0.0,0,0.0,0,0.0,0,0.0,0,0.0,0,0.0,0,0.0,0,0.0,0,0.0,0.00,0.0,0,0,0
3358897354,通投-主持人柴猫礼-星光款-定向-达人-25.12.30,被计划暂停,审核通过,通投,直播间直接支付ROI,笔记（直播组件）,694509e3000000001e034b3e,5c2f5b6300000000070279d3,视频笔记,通投-达人合集-星光款-定向-25.12.30,166581861,2025-12-30 21:22:40,0.00,0,0,0.0%,0.0,0.0,0,0.00,0.0,0,0,0.0,0,0,0.0,0,0.0,0,0.0,0,0.0,0,0.0,0,0.0,0,0.0,0,0.0,0,0.0,0,0.0,0.00,0.0,0,0,0
3358897353,通投-圆智贤📸-星光款-定向-达人-25.12.30,暂停,审核通过,通投,直播间直接支付ROI,笔记（直播组件）,6940e82d000000001f00844f,5a76fd75e8ac2b2b8a064e57,视频笔记,通投-达人合集-星光款-定向-25.12.30,166581861,2025-12-30 21:22:40,0.00,0,0,0.0%,0.0,0.0,0,0.00,0.0,0,0,0.0,0,0,0.0,0,0.0,0,0.0,0,0.0,0,0.0,0,0.0,0,0.0,0,0.0,0,0.0,0,0.0,0.00,0.0,0,0,0
3358897352,通投-大佬大佬杨-星光款-定向-达人-25.12.30,暂停,审核通过,通投,直播间直接支付ROI,笔记（直播组件）,69464544000000000d03aa00,5cb9ece000000000160270ae,视频笔记,通投-达人合集-星光款-定向-25.12.30,166581861,2025-12-30 21:22:40,0.00,0,0,0.0%,0.0,0.0,0,0.00,0.0,0,0,0.0,0,0,0.0,0,0.0,0,0.0,0,0.0,0,0.0,0,0.0,0,0.0,0,0.0,0,0.0,0,0.0,0.00,0.0,0,0,0
3358897351,通投-smollsunny-星光款-定向-达人-25.12.30,暂停,审核通过,通投,直播间直接支付ROI,笔记（直播组件）,6936ac26000000001e039ae6,58ef5d4b6a6a692a4ad08214,视频笔记,通投-达人合集-星光款-定向-25.12.30,166581861,2025-12-30 21:22:40,0.00,0,0,0.0%,0.0,0.0,0,0.00,0.0,0,0,0.0,0,0,0.0,0,0.0,0,0.0,0,0.0,0,0.0,0,0.0,0,0.0,0,0.0,0,0.0,0,0.0,0.00,0.0,0,0,0
3358897350,通投-王酱酱-星光款-定向-达人-25.12.30,暂停,审核通过,通投,直播间直接支付ROI,笔记（直播组件）,6939374d000000001d03a7fc,5bace9938030590001794e96,视频笔记,通投-达人合集-星光款-定向-25.12.30,166581861,2025-12-30 21:22:40,0.00,0,0,0.0%,0.0,0.0,0,0.00,0.0,0,0,0.0,0,0,0.0,0,0.0,0,0.0,0,0.0,0,0.0,0,0.0,0,0.0,0,0.0,0,0.0,0,0.0,0.00,0.0,0,0,0
3358897349,通投-Big大叶叶-星光款-定向-达人-25.12.30,暂停,审核通过,通投,直播间直接支付ROI,笔记（直播组件）,694275bb000000001f00be50,57fc461682ec392a54cbedef,视频笔记,通投-达人合集-星光款-定向-25.12.30,166581861,2025-12-30 21:22:40,0.00,0,0,0.0%,0.0,0.0,0,0.00,0.0,0,0,0.0,0,0,0.0,0,0.0,0,0.0,0,0.0,0,0.0,0,0.0,0,0.0,0,0.0,0,0.0,0,0.0,0.00,0.0,0,0,0
3358897348,通投-Sinuo-星光款-定向-达人-25.12.30,暂停,审核通过,通投,直播间直接支付ROI,笔记（直播组件）,6933ba73000000001e016e82,58bf0aa650c4b453c0c4085a,视频笔记,通投-达人合集-星光款-定向-25.12.30,166581861,2025-12-30 21:22:40,0.00,0,0,0.0%,0.0,0.0,0,0.00,0.0,0,0,0.0,0,0,0.0,0,0.0,0,0.0,0,0.0,0,0.0,0,0.0,0,0.0,0,0.0,0,0.0,0,0.0,0.00,0.0,0,0,0
3354656519,通投-孕吐崩溃-星光款-稳孕选手-日弘-25.12.30-新笔记,暂停,审核通过,通投,直播间直接支付ROI,笔记（直播组件）,69524d42000000001e021856,66f67e4c000000001d03127d,图文笔记,通投-孕吐崩溃-星光款-稳孕选手-日弘-25.12.30-新笔记,166428697,2025-12-30 14:15:19,0.00,0,0,0.0%,0.0,0.0,0,0.00,0.0,0,0,0.0,0,0,0.0,0,0.0,0,0.0,0,0.0,0,0.0,0,0.0,0,0.0,0,0.0,0,0.0,0,0.0,0.00,0.0,0,0,0
3352822793,搜索-一只分享苏-星光款-人群词-达人-25.12.30,被计划暂停,审核通过,搜索,直播间直接支付ROI,笔记（直播组件）,694373c5000000001d0398a5,544b1682d6e4a97428d4d32a,视频笔记,搜索-达人合集-星光款-人群词-25.12.30,166387782,2025-12-30 10:57:44,0.00,0,0,0.0%,0.0,0.0,0,0.00,0.0,0,0,0.0,0,0,0.0,0,0.0,0,0.0,0,0.0,0,0.0,0,0.0,0,0.0,0,0.0,0,0.0,0,0.0,0.00,0.0,0,0,0
3352822792,搜索-佳艾拉-星光款-人群词-达人-25.12.30,被计划暂停,审核通过,搜索,直播间直接支付ROI,笔记（直播组件）,694143f4000000001e028b41,5a1bc0ea4eacab2b2d81e89a,视频笔记,搜索-达人合集-星光款-人群词-25.12.30,166387782,2025-12-30 10:57:44,0.00,0,0,0.0%,0.0,0.0,0,0.00,0.0,0,0,0.0,0,0,0.0,0,0.0,0,0.0,0,0.0,0,0.0,0,0.0,0,0.0,0,0.0,0,0.0,0,0.0,0.00,0.0,0,0,0
3352822791,搜索-小硕硕塑身-星光款-人群词-达人-25.12.30,被计划暂停,审核通过,搜索,直播间直接支付ROI,笔记（直播组件）,693ad042000000001e007fe0,5e8fa7d3000000000100284d,视频笔记,搜索-达人合集-星光款-人群词-25.12.30,166387782,2025-12-30 10:57:44,0.00,0,0,0.0%,0.0,0.0,0,0.00,0.0,0,0,0.0,0,0,0.0,0,0.0,0,0.0,0,0.0,0,0.0,0,0.0,0,0.0,0,0.0,0,0.0,0,0.0,0.00,0.0,0,0,0
3352822790,搜索-主持人柴猫礼-星光款-人群词-达人-25.12.30,暂停,审核通过,搜索,直播间直接支付ROI,笔记（直播组件）,694509e3000000001e034b3e,5c2f5b6300000000070279d3,视频笔记,搜索-达人合集-星光款-人群词-25.12.30,166387782,2025-12-30 10:57:44,0.00,0,0,0.0%,0.0,0.0,0,0.00,0.0,0,0,0.0,0,0,0.0,0,0.0,0,0.0,0,0.0,0,0.0,0,0.0,0,0.0,0,0.0,0,0.0,0,0.0,0.00,0.0,0,0,0
3352822789,搜索-圆智贤📸-星光款-人群词-达人-25.12.30,被计划暂停,审核通过,搜索,直播间直接支付ROI,笔记（直播组件）,6940e82d000000001f00844f,5a76fd75e8ac2b2b8a064e57,视频笔记,搜索-达人合集-星光款-人群词-25.12.30,166387782,2025-12-30 10:57:44,0.00,0,0,0.0%,0.0,0.0,0,0.00,0.0,0,0,0.0,0,0,0.0,0,0.0,0,0.0,0,0.0,0,0.0,0,0.0,0,0.0,0,0.0,0,0.0,0,0.0,0.00,0.0,0,0,0
3352822788,搜索-大佬大佬杨-星光款-人群词-达人-25.12.30,被计划暂停,审核通过,搜索,直播间直接支付ROI,笔记（直播组件）,69464544000000000d03aa00,5cb9ece000000000160270ae,视频笔记,搜索-达人合集-星光款-人群词-25.12.30,166387782,2025-12-30 10:57:44,0.00,0,0,0.0%,0.0,0.0,0,0.00,0.0,0,0,0.0,0,0,0.0,0,0.0,0,0.0,0,0.0,0,0.0,0,0.0,0,0.0,0,0.0,0,0.0,0,0.0,0.00,0.0,0,0,0
3352822787,搜索-smollsunny-星光款-人群词-达人-25.12.30,被计划暂停,审核通过,搜索,直播间直接支付ROI,笔记（直播组件）,6936ac26000000001e039ae6,58ef5d4b6a6a692a4ad08214,视频笔记,搜索-达人合集-星光款-人群词-25.12.30,166387782,2025-12-30 10:57:44,0.00,0,0,0.0%,0.0,0.0,0,0.00,0.0,0,0,0.0,0,0,0.0,0,0.0,0,0.0,0,0.0,0,0.0,0,0.0,0,0.0,0,0.0,0,0.0,0,0.0,0.00,0.0,0,0,0
3352822786,搜索-王酱酱-星光款-人群词-达人-25.12.30,被计划暂停,审核通过,搜索,直播间直接支付ROI,笔记（直播组件）,6939374d000000001d03a7fc,5bace9938030590001794e96,视频笔记,搜索-达人合集-星光款-人群词-25.12.30,166387782,2025-12-30 10:57:44,0.00,0,0,0.0%,0.0,0.0,0,0.00,0.0,0,0,0.0,0,0,0.0,0,0.0,0,0.0,0,0.0,0,0.0,0,0.0,0,0.0,0,0.0,0,0.0,0,0.0,0.00,0.0,0,0,0
3352822785,搜索-Big大叶叶-星光款-人群词-达人-25.12.30,暂停,审核通过,搜索,直播间直接支付ROI,笔记（直播组件）,694275bb000000001f00be50,57fc461682ec392a54cbedef,视频笔记,搜索-达人合集-星光款-人群词-25.12.30,166387782,2025-12-30 10:57:44,0.00,0,0,0.0%,0.0,0.0,0,0.00,0.0,0,0,0.0,0,0,0.0,0,0.0,0,0.0,0,0.0,0,0.0,0,0.0,0,0.0,0,0.0,0,0.0,0,0.0,0.00,0.0,0,0,0
3352822784,搜索-Sinuo-星光款-人群词-达人-25.12.30,被计划暂停,审核通过,搜索,直播间直接支付ROI,笔记（直播组件）,6933ba73000000001e016e82,58bf0aa650c4b453c0c4085a,视频笔记,搜索-达人合集-星光款-人群词-25.12.30,166387782,2025-12-30 10:57:44,0.00,0,0,0.0%,0.0,0.0,0,0.00,0.0,0,0,0.0,0,0,0.0,0,0.0,0,0.0,0,0.0,0,0.0,0,0.0,0,0.0,0,0.0,0,0.0,0,0.0,0.00,0.0,0,0,0
3352822783,双旦的仪式感，从一碗小仙炖开始～,暂停,审核通过,搜索,直播间直接支付ROI,直播间,,-,无笔记,搜索-达人合集-星光款-人群词-25.12.30,166387782,2025-12-30 10:57:44,0.00,0,0,0.0%,0.0,0.0,0,0.00,0.0,0,0,0.0,0,0,0.0,0,0.0,0,0.0,0,0.0,0,0.0,0,0.0,0,0.0,0,0.0,0,0.0,0,0.0,0.00,0.0,0,0,0
3342710412,通投-一只分享苏-星光款-稳孕选手-达人-25.12.29,被计划暂停,审核通过,通投,直播间直接支付ROI,笔记（直播组件）,694373c5000000001d0398a5,544b1682d6e4a97428d4d32a,视频笔记,通投-达人合集-星光款-稳孕选手-25.12.29,166158762,2025-12-29 13:39:48,0.00,0,0,0.0%,0.0,0.0,0,0.00,0.0,0,0,0.0,0,0,0.0,0,0.0,0,0.0,0,0.0,0,0.0,0,0.0,0,0.0,0,0.0,0,0.0,0,0.0,0.00,0.0,0,0,0
3342710411,通投-佳艾拉-星光款-稳孕选手-达人-25.12.29,被计划暂停,审核通过,通投,直播间直接支付ROI,笔记（直播组件）,694143f4000000001e028b41,5a1bc0ea4eacab2b2d81e89a,视频笔记,通投-达人合集-星光款-稳孕选手-25.12.29,166158762,2025-12-29 13:39:48,0.00,0,0,0.0%,0.0,0.0,0,0.00,0.0,0,0,0.0,0,0,0.0,0,0.0,0,0.0,0,0.0,0,0.0,0,0.0,0,0.0,0,0.0,0,0.0,0,0.0,0.00,0.0,0,0,0
3342710410,通投-小硕硕塑身-星光款-稳孕选手-达人-25.12.29,被计划暂停,审核通过,通投,直播间直接支付ROI,笔记（直播组件）,693ad042000000001e007fe0,5e8fa7d3000000000100284d,视频笔记,通投-达人合集-星光款-稳孕选手-25.12.29,166158762,2025-12-29 13:39:48,0.00,0,0,0.0%,0.0,0.0,0,0.00,0.0,0,0,0.0,0,0,0.0,0,0.0,0,0.0,0,0.0,0,0.0,0,0.0,0,0.0,0,0.0,0,0.0,0,0.0,0.00,0.0,0,0,0
3342710409,通投-主持人柴猫礼-星光款-稳孕选手-达人-25.12.29,暂停,审核通过,通投,直播间直接支付ROI,笔记（直播组件）,694509e3000000001e034b3e,5c2f5b6300000000070279d3,视频笔记,通投-达人合集-星光款-稳孕选手-25.12.29,166158762,2025-12-29 13:39:48,0.00,0,0,0.0%,0.0,0.0,0,0.00,0.0,0,0,0.0,0,0,0.0,0,0.0,0,0.0,0,0.0,0,0.0,0,0.0,0,0.0,0,0.0,0,0.0,0,0.0,0.00,0.0,0,0,0
3342710408,通投-圆智贤📸-星光款-稳孕选手-达人-25.12.29,被计划暂停,审核通过,通投,直播间直接支付ROI,笔记（直播组件）,6940e82d000000001f00844f,5a76fd75e8ac2b2b8a064e57,视频笔记,通投-达人合集-星光款-稳孕选手-25.12.29,166158762,2025-12-29 13:39:48,0.00,0,0,0.0%,0.0,0.0,0,0.00,0.0,0,0,0.0,0,0,0.0,0,0.0,0,0.0,0,0.0,0,0.0,0,0.0,0,0.0,0,0.0,0,0.0,0,0.0,0.00,0.0,0,0,0
3342710407,通投-大佬大佬杨-星光款-稳孕选手-达人-25.12.29,被计划暂停,审核通过,通投,直播间直接支付ROI,笔记（直播组件）,69464544000000000d03aa00,5cb9ece000000000160270ae,视频笔记,通投-达人合集-星光款-稳孕选手-25.12.29,166158762,2025-12-29 13:39:48,0.00,0,0,0.0%,0.0,0.0,0,0.00,0.0,0,0,0.0,0,0,0.0,0,0.0,0,0.0,0,0.0,0,0.0,0,0.0,0,0.0,0,0.0,0,0.0,0,0.0,0.00,0.0,0,0,0
3342710406,通投-smollsunny-星光款-稳孕选手-达人-25.12.29,被计划暂停,审核通过,通投,直播间直接支付ROI,笔记（直播组件）,6936ac26000000001e039ae6,58ef5d4b6a6a692a4ad08214,视频笔记,通投-达人合集-星光款-稳孕选手-25.12.29,166158762,2025-12-29 13:39:48,0.00,0,0,0.0%,0.0,0.0,0,0.00,0.0,0,0,0.0,0,0,0.0,0,0.0,0,0.0,0,0.0,0,0.0,0,0.0,0,0.0,0,0.0,0,0.0,0,0.0,0.00,0.0,0,0,0
3342710405,通投-王酱酱-星光款-稳孕选手-达人-25.12.29,被计划暂停,审核通过,通投,直播间直接支付ROI,笔记（直播组件）,6939374d000000001d03a7fc,5bace9938030590001794e96,视频笔记,通投-达人合集-星光款-稳孕选手-25.12.29,166158762,2025-12-29 13:39:48,0.00,0,0,0.0%,0.0,0.0,0,0.00,0.0,0,0,0.0,0,0,0.0,0,0.0,0,0.0,0,0.0,0,0.0,0,0.0,0,0.0,0,0.0,0,0.0,0,0.0,0.00,0.0,0,0,0
3342710404,通投-Big大叶叶-星光款-稳孕选手-达人-25.12.29,暂停,审核通过,通投,直播间直接支付ROI,笔记（直播组件）,694275bb000000001f00be50,57fc461682ec392a54cbedef,视频笔记,通投-达人合集-星光款-稳孕选手-25.12.29,166158762,2025-12-29 13:39:48,0.00,0,0,0.0%,0.0,0.0,0,0.00,0.0,0,0,0.0,0,0,0.0,0,0.0,0,0.0,0,0.0,0,0.0,0,0.0,0,0.0,0,0.0,0,0.0,0,0.0,0.00,0.0,0,0,0
3342710403,通投-Sinuo-星光款-稳孕选手-达人-25.12.29,被计划暂停,审核通过,通投,直播间直接支付ROI,笔记（直播组件）,6933ba73000000001e016e82,58bf0aa650c4b453c0c4085a,视频笔记,通投-达人合集-星光款-稳孕选手-25.12.29,166158762,2025-12-29 13:39:48,0.00,0,0,0.0%,0.0,0.0,0,0.00,0.0,0,0,0.0,0,0,0.0,0,0.0,0,0.0,0,0.0,0,0.0,0,0.0,0,0.0,0,0.0,0,0.0,0,0.0,0.00,0.0,0,0,0
3297849865,通投-宝妈双十一-星光款-品牌资产人群-新号-25.12.25,暂停,审核通过,通投,直播间直接支付ROI,笔记（直播组件）,68fb4ead000000000301853f,66f67e4c000000001d03127d,图文笔记,通投-大促机制赛马合集-多款-品牌资产人群-25.12.25,165350584,2025-12-25 09:19:16,0.00,0,0,0.0%,0.0,0.0,0,0.00,0.0,0,0,0.0,0,0,0.0,0,0.0,0,0.0,0,0.0,0,0.0,0,0.0,0,0.0,0,0.0,0,0.0,0,0.0,0.00,0.0,0,0,0
3297849864,通投-超大福利-星光款-品牌资产人群-新号-25.12.25,暂停,审核通过,通投,直播间直接支付ROI,笔记（直播组件）,68ef797a0000000003020d04,66f67e4c000000001d03127d,视频笔记,通投-大促机制赛马合集-多款-品牌资产人群-25.12.25,165350584,2025-12-25 09:19:16,0.00,0,0,0.0%,0.0,0.0,0,0.00,0.0,0,0,0.0,0,0,0.0,0,0.0,0,0.0,0,0.0,0,0.0,0,0.0,0,0.0,0,0.0,0,0.0,0,0.0,0.00,0.0,0,0,0
3297849863,通投-双十一跟数姐-星光款-品牌资产人群-新号-25.12.25,暂停,审核通过,通投,直播间直接支付ROI,笔记（直播组件）,68fb4ba6000000000302e95d,66f67e4c000000001d03127d,图文笔记,通投-大促机制赛马合集-多款-品牌资产人群-25.12.25,165350584,2025-12-25 09:19:16,0.00,0,0,0.0%,0.0,0.0,0,0.00,0.0,0,0,0.0,0,0,0.0,0,0.0,0,0.0,0,0.0,0,0.0,0,0.0,0,0.0,0,0.0,0,0.0,0,0.0,0.00,0.0,0,0,0
3297849862,通投-抄底好价-星光款-品牌资产人群-新号-25.12.25,暂停,审核通过,通投,直播间直接支付ROI,笔记（直播组件）,68ef7977000000000300c1fa,66f67e4c000000001d03127d,视频笔记,通投-大促机制赛马合集-多款-品牌资产人群-25.12.25,165350584,2025-12-25 09:19:16,0.00,0,0,0.0%,0.0,0.0,0,0.00,0.0,0,0,0.0,0,0,0.0,0,0.0,0,0.0,0,0.0,0,0.0,0,0.0,0,0.0,0,0.0,0,0.0,0,0.0,0.00,0.0,0,0,0
3297849861,通投-等了这么久-星光款-品牌资产人群-新号-25.12.25,暂停,审核通过,通投,直播间直接支付ROI,笔记（直播组件）,68ef797200000000030380e0,66f67e4c000000001d03127d,视频笔记,通投-大促机制赛马合集-多款-品牌资产人群-25.12.25,165350584,2025-12-25 09:19:16,0.00,0,0,0.0%,0.0,0.0,0,0.00,0.0,0,0,0.0,0,0,0.0,0,0.0,0,0.0,0,0.0,0,0.0,0,0.0,0,0.0,0,0.0,0,0.0,0,0.0,0.00,0.0,0,0,0
3297849860,通投-闭眼囤-星光款-品牌资产人群-新号-25.12.25,暂停,审核拒绝,通投,直播间直接支付ROI,笔记（直播组件）,68ef7969000000000301211b,66f67e4c000000001d03127d,视频笔记,通投-大促机制赛马合集-多款-品牌资产人群-25.12.25,165350584,2025-12-25 09:19:16,0.00,0,0,0.0%,0.0,0.0,0,0.00,0.0,0,0,0.0,0,0,0.0,0,0.0,0,0.0,0,0.0,0,0.0,0,0.0,0,0.0,0,0.0,0,0.0,0,0.0,0.00,0.0,0,0,0
3297849859,通投-带走半年-青春款-品牌资产人群-新号-25.12.25,暂停,审核通过,通投,直播间直接支付ROI,笔记（直播组件）,68fa0029000000000302c1ec,66f67e4c000000001d03127d,视频笔记,通投-大促机制赛马合集-多款-品牌资产人群-25.12.25,165350584,2025-12-25 09:19:16,0.00,0,0,0.0%,0.0,0.0,0,0.00,0.0,0,0,0.0,0,0,0.0,0,0.0,0,0.0,0,0.0,0,0.0,0,0.0,0,0.0,0,0.0,0,0.0,0,0.0,0.00,0.0,0,0,0
3297849858,通投-拿的出手-星光款-品牌资产人群-新号-25.12.25,暂停,审核通过,通投,直播间直接支付ROI,笔记（直播组件）,68ef7984000000000302faf0,66f67e4c000000001d03127d,视频笔记,通投-大促机制赛马合集-多款-品牌资产人群-25.12.25,165350584,2025-12-25 09:19:16,0.00,0,0,0.0%,0.0,0.0,0,0.00,0.0,0,0,0.0,0,0,0.0,0,0.0,0,0.0,0,0.0,0,0.0,0,0.0,0,0.0,0,0.0,0,0.0,0,0.0,0.00,0.0,0,0,0
3297849857,通投-秋冬养生就囤-青春款-品牌资产人群-新号-25.12.25,暂停,审核通过,通投,直播间直接支付ROI,笔记（直播组件）,68fb4a820000000003011bd4,66f67e4c000000001d03127d,图文笔记,通投-大促机制赛马合集-多款-品牌资产人群-25.12.25,165350584,2025-12-25 09:19:16,0.00,0,0,0.0%,0.0,0.0,0,0.00,0.0,0,0,0.0,0,0,0.0,0,0.0,0,0.0,0,0.0,0,0.0,0,0.0,0,0.0,0,0.0,0,0.0,0,0.0,0.00,0.0,0,0,0
3297849856,通投-月套装狂省-星光款-品牌资产人群-新号-25.12.25,暂停,审核通过,通投,直播间直接支付ROI,笔记（直播组件）,68fb4ba80000000003020d54,66f67e4c000000001d03127d,图文笔记,通投-大促机制赛马合集-多款-品牌资产人群-25.12.25,165350584,2025-12-25 09:19:16,0.00,0,0,0.0%,0.0,0.0,0,0.00,0.0,0,0,0.0,0,0,0.0,0,0.0,0,0.0,0,0.0,0,0.0,0,0.0,0,0.0,0,0.0,0,0.0,0,0.0,0.00,0.0,0,0,0
3297849855,通投-无套路机制-青春款-品牌资产人群-新号-25.12.25,暂停,审核通过,通投,直播间直接支付ROI,笔记（直播组件）,68fb4a85000000000301a7c2,66f67e4c000000001d03127d,图文笔记,通投-大促机制赛马合集-多款-品牌资产人群-25.12.25,165350584,2025-12-25 09:19:16,0.00,0,0,0.0%,0.0,0.0,0,0.00,0.0,0,0,0.0,0,0,0.0,0,0.0,0,0.0,0,0.0,0,0.0,0,0.0,0,0.0,0,0.0,0,0.0,0,0.0,0.00,0.0,0,0,0
3297849854,通投-这么能送的-星光款-品牌资产人群-新号-25.12.25,暂停,审核通过,通投,直播间直接支付ROI,笔记（直播组件）,68fa00b900000000030106a6,66f67e4c000000001d03127d,视频笔记,通投-大促机制赛马合集-多款-品牌资产人群-25.12.25,165350584,2025-12-25 09:19:16,0.00,0,0,0.0%,0.0,0.0,0,0.00,0.0,0,0,0.0,0,0,0.0,0,0.0,0,0.0,0,0.0,0,0.0,0,0.0,0,0.0,0,0.0,0,0.0,0,0.0,0.00,0.0,0,0,0
3297849853,通投-内调人双11-星光款-品牌资产人群-新号-25.12.25,暂停,审核通过,通投,直播间直接支付ROI,笔记（直播组件）,68fb4b9c000000000300c695,66f67e4c000000001d03127d,图文笔记,通投-大促机制赛马合集-多款-品牌资产人群-25.12.25,165350584,2025-12-25 09:19:16,0.00,0,0,0.0%,0.0,0.0,0,0.00,0.0,0,0,0.0,0,0,0.0,0,0.0,0,0.0,0,0.0,0,0.0,0,0.0,0,0.0,0,0.0,0,0.0,0,0.0,0.00,0.0,0,0,0
3297849852,通投-天亮要续航-青春款-品牌资产人群-新号-25.12.25,暂停,审核通过,通投,直播间直接支付ROI,笔记（直播组件）,68fb4ace0000000003011de9,66f67e4c000000001d03127d,图文笔记,通投-大促机制赛马合集-多款-品牌资产人群-25.12.25,165350584,2025-12-25 09:19:16,0.00,0,0,0.0%,0.0,0.0,0,0.00,0.0,0,0,0.0,0,0,0.0,0,0.0,0,0.0,0,0.0,0,0.0,0,0.0,0,0.0,0,0.0,0,0.0,0,0.0,0.00,0.0,0,0,0
3297849851,通投-AyanWang转载-青春款-品牌资产人群-新号-25.12.25,暂停,审核通过,通投,直播间直接支付ROI,笔记（直播组件）,690d744f00000000040112df,66f67e4c000000001d03127d,视频笔记,通投-大促机制赛马合集-多款-品牌资产人群-25.12.25,165350584,2025-12-25 09:19:16,0.00,0,0,0.0%,0.0,0.0,0,0.00,0.0,0,0,0.0,0,0,0.0,0,0.0,0,0.0,0,0.0,0,0.0,0,0.0,0,0.0,0,0.0,0,0.0,0,0.0,0.00,0.0,0,0,0
3297849850,通投-半个娱乐圈-星光款-品牌资产人群-新号-25.12.25,暂停,不满足审核条件,通投,直播间直接支付ROI,笔记（直播组件）,6914466c0000000005010065,66f67e4c000000001d03127d,视频笔记,通投-大促机制赛马合集-多款-品牌资产人群-25.12.25,165350584,2025-12-25 09:19:16,0.00,0,0,0.0%,0.0,0.0,0,0.00,0.0,0,0,0.0,0,0,0.0,0,0.0,0,0.0,0,0.0,0,0.0,0,0.0,0,0.0,0,0.0,0,0.0,0,0.0,0.00,0.0,0,0,0
3281233475,通投-养颜必看-合集款-精养奢美族-日弘-25.12.23,被计划暂停,审核通过,通投,直播间直接支付ROI,笔记（直播组件）,692e49d1000000001e03004c,66f67e4c000000001d03127d,图文笔记,通投-赛马合集-多款-精养奢美族-25.12.23,165046616,2025-12-23 17:53:29,0.00,0,0,0.0%,0.0,0.0,0,0.00,0.0,0,0,0.0,0,0,0.0,0,0.0,0,0.0,0,0.0,0,0.0,0,0.0,0,0.0,0,0.0,0,0.0,0,0.0,0.00,0.0,0,0,0
3281233474,通投-小白选（广）-合集款-精养奢美族-日弘-25.12.23,暂停,审核通过,通投,直播间直接支付ROI,笔记（直播组件）,6800c0fe0000000007035cf4,583691373460942ae8fc16bb,图文笔记,通投-赛马合集-多款-精养奢美族-25.12.23,165046616,2025-12-23 17:53:29,0.00,0,0,0.0%,0.0,0.0,0,0.00,0.0,0,0,0.0,0,0,0.0,0,0.0,0,0.0,0,0.0,0,0.0,0,0.0,0,0.0,0,0.0,0,0.0,0,0.0,0.00,0.0,0,0,0
3281233473,通投-来帮你-合集款-精养奢美族-日弘-25.12.23,被计划暂停,审核通过,通投,直播间直接支付ROI,笔记（直播组件）,68a2e439000000001b021e9a,66f67e4c000000001d03127d,图文笔记,通投-赛马合集-多款-精养奢美族-25.12.23,165046616,2025-12-23 17:53:29,0.00,0,0,0.0%,0.0,0.0,0,0.00,0.0,0,0,0.0,0,0,0.0,0,0.0,0,0.0,0,0.0,0,0.0,0,0.0,0,0.0,0,0.0,0,0.0,0,0.0,0.00,0.0,0,0,0
3281233472,通投-冬季脆皮-青春款-精养奢美族-日弘-25.12.23,被计划暂停,审核通过,通投,直播间直接支付ROI,笔记（直播组件）,693bd51f000000001e028887,66f67e4c000000001d03127d,图文笔记,通投-赛马合集-多款-精养奢美族-25.12.23,165046616,2025-12-23 17:53:29,0.00,0,0,0.0%,0.0,0.0,0,0.00,0.0,0,0,0.0,0,0,0.0,0,0.0,0,0.0,0,0.0,0,0.0,0,0.0,0,0.0,0,0.0,0,0.0,0,0.0,0.00,0.0,0,0,0
3281233471,通投-小白选-合集款-精养奢美族-日弘-25.12.23,被计划暂停,审核通过,通投,直播间直接支付ROI,笔记（直播组件）,67af0cf3000000002803797b,66f67e4c000000001d03127d,图文笔记,通投-赛马合集-多款-精养奢美族-25.12.23,165046616,2025-12-23 17:53:29,0.00,0,0,0.0%,0.0,0.0,0,0.00,0.0,0,0,0.0,0,0,0.0,0,0.0,0,0.0,0,0.0,0,0.0,0,0.0,0,0.0,0,0.0,0,0.0,0,0.0,0.00,0.0,0,0,0
3281229522,通投-养颜必看-合集款-养身韧体-日弘-25.12.23,被计划暂停,审核通过,通投,直播间直接支付ROI,笔记（直播组件）,692e49d1000000001e03004c,66f67e4c000000001d03127d,图文笔记,通投-赛马合集-多款-养身韧体-25.12.23,165046466,2025-12-23 17:51:15,0.00,0,0,0.0%,0.0,0.0,0,0.00,0.0,0,0,0.0,0,0,0.0,0,0.0,0,0.0,0,0.0,0,0.0,0,0.0,0,0.0,0,0.0,0,0.0,0,0.0,0.00,0.0,0,0,0
3281229521,通投-小白选（广）-合集款-养身韧体-日弘-25.12.23-历史优质,暂停,审核通过,通投,直播间直接支付ROI,笔记（直播组件）,6800c0fe0000000007035cf4,583691373460942ae8fc16bb,图文笔记,通投-赛马合集-多款-养身韧体-25.12.23,165046466,2025-12-23 17:51:15,0.00,0,0,0.0%,0.0,0.0,0,0.00,0.0,0,0,0.0,0,0,0.0,0,0.0,0,0.0,0,0.0,0,0.0,0,0.0,0,0.0,0,0.0,0,0.0,0,0.0,0.00,0.0,0,0,0
3281229520,通投-来帮你-合集款-养身韧体-日弘-25.12.23,被计划暂停,审核通过,通投,直播间直接支付ROI,笔记（直播组件）,68a2e439000000001b021e9a,66f67e4c000000001d03127d,图文笔记,通投-赛马合集-多款-养身韧体-25.12.23,165046466,2025-12-23 17:51:15,0.00,0,0,0.0%,0.0,0.0,0,0.00,0.0,0,0,0.0,0,0,0.0,0,0.0,0,0.0,0,0.0,0,0.0,0,0.0,0,0.0,0,0.0,0,0.0,0,0.0,0.00,0.0,0,0,0
3281229519,通投-冬季脆皮-青春款-养身韧体-日弘-25.12.23,被计划暂停,审核通过,通投,直播间直接支付ROI,笔记（直播组件）,693bd51f000000001e028887,66f67e4c000000001d03127d,图文笔记,通投-赛马合集-多款-养身韧体-25.12.23,165046466,2025-12-23 17:51:15,0.00,0,0,0.0%,0.0,0.0,0,0.00,0.0,0,0,0.0,0,0,0.0,0,0.0,0,0.0,0,0.0,0,0.0,0,0.0,0,0.0,0,0.0,0,0.0,0,0.0,0.00,0.0,0,0,0
3281229518,通投-小白选-合集款-养身韧体-日弘-25.12.23-历史优质,被计划暂停,审核通过,通投,直播间直接支付ROI,笔记（直播组件）,67af0cf3000000002803797b,66f67e4c000000001d03127d,图文笔记,通投-赛马合集-多款-养身韧体-25.12.23,165046466,2025-12-23 17:51:15,0.00,0,0,0.0%,0.0,0.0,0,0.00,0.0,0,0,0.0,0,0,0.0,0,0.0,0,0.0,0,0.0,0,0.0,0,0.0,0,0.0,0,0.0,0,0.0,0,0.0,0.00,0.0,0,0,0
3281149949,通投-秘诀藏在这-星光款-孕育学习-日弘-25.12.23-新笔记-视频组,被计划暂停,审核通过,通投,直播间直接支付ROI,笔记（直播组件）,6926c00d000000001e0259da,66f67e4c000000001d03127d,视频笔记,通投-赛马合集-多款-孕育学习-25.12.23,165040180,2025-12-23 17:35:30,0.00,0,0,0.0%,0.0,0.0,0,0.00,0.0,0,0,0.0,0,0,0.0,0,0.0,0,0.0,0,0.0,0,0.0,0,0.0,0,0.0,0,0.0,0,0.0,0,0.0,0.00,0.0,0,0,0
3281149948,通投-天使宝宝-星光款-孕育学习-日弘-25.12.23-视频组,被计划暂停,审核通过,通投,直播间直接支付ROI,笔记（直播组件）,691c0874000000001e02e003,66f67e4c000000001d03127d,视频笔记,通投-赛马合集-多款-孕育学习-25.12.23,165040180,2025-12-23 17:35:30,0.00,0,0,0.0%,0.0,0.0,0,0.00,0.0,0,0,0.0,0,0,0.0,0,0.0,0,0.0,0,0.0,0,0.0,0,0.0,0,0.0,0,0.0,0,0.0,0,0.0,0.00,0.0,0,0,0
3281149947,通投-营养安全感-星光款-孕育学习-日弘-25.12.23,被计划暂停,审核通过,通投,直播间直接支付ROI,笔记（直播组件）,690d9e5000000000050335ec,66f67e4c000000001d03127d,图文笔记,通投-赛马合集-多款-孕育学习-25.12.23,165040180,2025-12-23 17:35:30,0.00,0,0,0.0%,0.0,0.0,0,0.00,0.0,0,0,0.0,0,0,0.0,0,0.0,0,0.0,0,0.0,0,0.0,0,0.0,0,0.0,0,0.0,0,0.0,0,0.0,0.00,0.0,0,0,0
3281149946,通投-孕期各-合集款-孕育学习-日弘-25.12.23,被计划暂停,审核通过,通投,直播间直接支付ROI,笔记（直播组件）,6826e9ea000000002102d1e1,66f67e4c000000001d03127d,图文笔记,通投-赛马合集-多款-孕育学习-25.12.23,165040180,2025-12-23 17:35:30,0.00,0,0,0.0%,0.0,0.0,0,0.00,0.0,0,0,0.0,0,0,0.0,0,0.0,0,0.0,0,0.0,0,0.0,0,0.0,0,0.0,0,0.0,0,0.0,0,0.0,0.00,0.0,0,0,0
3227810151,通投-25+熬夜垮脸党-青春款-精养奢美族-日弘-25.12.18-新笔记-视频组,被计划暂停,审核通过,通投,直播间直接支付ROI,笔记（直播组件）,69435698000000001e033776,66f67e4c000000001d03127d,视频笔记,通投-25+熬夜垮脸党-青春款-精养奢美族-日弘-25.12.18-新笔记-视频组,163988190,2025-12-18 14:39:27,0.00,0,0,0.0%,0.0,0.0,0,0.00,0.0,0,0,0.0,0,0,0.0,0,0.0,0,0.0,0,0.0,0,0.0,0,0.0,0,0.0,0,0.0,0,0.0,0,0.0,0.00,0.0,0,0,0
3227559201,通投-孕期刚需-星光款-稳孕选手-日弘-25.12.18-新笔记,暂停,审核通过,通投,直播间直接支付ROI,笔记（直播组件）,69427e74000000001f005c28,66f67e4c000000001d03127d,图文笔记,通投-孕期刚需-星光款-稳孕选手-日弘-25.12.18-新笔记,163983738,2025-12-18 14:37:38,0.00,0,0,0.0%,0.0,0.0,0,0.00,0.0,0,0,0.0,0,0,0.0,0,0.0,0,0.0,0,0.0,0,0.0,0,0.0,0,0.0,0,0.0,0,0.0,0,0.0,0.00,0.0,0,0,0
3213329440,通投-子申Spring-星光款-稳孕选手-达人-25.12.17,被计划暂停,审核通过,通投,直播间直接支付ROI,笔记（直播组件）,6918813a00000000050390ba,66a4d8aa000000001d0310d4,视频笔记,通投-赛马合集-星光款-稳孕选手-达人-25.12.17,163660281,2025-12-17 09:37:50,0.00,0,0,0.0%,0.0,0.0,0,0.00,0.0,0,0,0.0,0,0,0.0,0,0.0,0,0.0,0,0.0,0,0.0,0,0.0,0,0.0,0,0.0,0,0.0,0,0.0,0.00,0.0,0,0,0
3213329439,通投-黛西也是得喜-星光款-稳孕选手-达人-25.12.17,被计划暂停,审核通过,通投,直播间直接支付ROI,笔记（直播组件）,69159f3c000000000d03a4eb,55c2d947c2bdeb128a723508,视频笔记,通投-赛马合集-星光款-稳孕选手-达人-25.12.17,163660281,2025-12-17 09:37:50,0.00,0,0,0.0%,0.0,0.0,0,0.00,0.0,0,0,0.0,0,0,0.0,0,0.0,0,0.0,0,0.0,0,0.0,0,0.0,0,0.0,0,0.0,0,0.0,0,0.0,0.00,0.0,0,0,0
3213329438,通投-sukrys_雪子-星光款-稳孕选手-达人-25.12.17,暂停,审核通过,通投,直播间直接支付ROI,笔记（直播组件）,691574ec000000000700a003,565876d682718c527ecad930,视频笔记,通投-赛马合集-星光款-稳孕选手-达人-25.12.17,163660281,2025-12-17 09:37:50,0.00,0,0,0.0%,0.0,0.0,0,0.00,0.0,0,0,0.0,0,0,0.0,0,0.0,0,0.0,0,0.0,0,0.0,0,0.0,0,0.0,0,0.0,0,0.0,0,0.0,0.00,0.0,0,0,0
3213303773,通投-燕窝也-合集款-小仙炖鲜炖燕窝AIPS-日弘-25.12.17-历史优质,被计划暂停,审核通过,通投,直播间直接支付ROI,笔记（直播组件）,672d88bf000000001d0385de,583691373460942ae8fc16bb,图文笔记,通投-合集-多款-小仙炖鲜炖燕窝AIPS-25.12.17,163670010,2025-12-17 09:22:59,0.00,0,0,0.0%,0.0,0.0,0,0.00,0.0,0,0,0.0,0,0,0.0,0,0.0,0,0.0,0,0.0,0,0.0,0,0.0,0,0.0,0,0.0,0,0.0,0,0.0,0.00,0.0,0,0,0
3213303772,通投-燕窝新-合集款-小仙炖鲜炖燕窝AIPS-日弘-25.12.17-历史优质,被计划暂停,审核通过,通投,直播间直接支付ROI,笔记（直播组件）,6735ba5f000000003c015663,583691373460942ae8fc16bb,图文笔记,通投-合集-多款-小仙炖鲜炖燕窝AIPS-25.12.17,163670010,2025-12-17 09:22:59,0.00,0,0,0.0%,0.0,0.0,0,0.00,0.0,0,0,0.0,0,0,0.0,0,0.0,0,0.0,0,0.0,0,0.0,0,0.0,0,0.0,0,0.0,0,0.0,0,0.0,0.00,0.0,0,0,0
3213303771,通投-小白选-合集款-小仙炖鲜炖燕窝AIPS-日弘-25.12.17-历史优质,被计划暂停,审核通过,通投,直播间直接支付ROI,笔记（直播组件）,67af0cf3000000002803797b,66f67e4c000000001d03127d,图文笔记,通投-合集-多款-小仙炖鲜炖燕窝AIPS-25.12.17,163670010,2025-12-17 09:22:59,0.00,0,0,0.0%,0.0,0.0,0,0.00,0.0,0,0,0.0,0,0,0.0,0,0.0,0,0.0,0,0.0,0,0.0,0,0.0,0,0.0,0,0.0,0,0.0,0,0.0,0.00,0.0,0,0,0
3213203612,通投-孕期想食补-星光款-高净值孕妈人群-日弘-25.12.17-新笔记-视频组,被计划暂停,审核通过,通投,直播间直接支付ROI,笔记（直播组件）,692e52a4000000001e039726,66f67e4c000000001d03127d,视频笔记,通投-合集-多款-高净值孕妈-25.12.17,163649107,2025-12-17 09:10:10,0.00,0,0,0.0%,0.0,0.0,0,0.00,0.0,0,0,0.0,0,0,0.0,0,0.0,0,0.0,0,0.0,0,0.0,0,0.0,0,0.0,0,0.0,0,0.0,0,0.0,0.00,0.0,0,0,0
3213203611,通投-不踩坑指南-星光款-高净值孕妈人群-日弘-25.12.17-优化测试,暂停,审核通过,通投,直播间直接支付ROI,笔记（直播组件）,68c29dc2000000001c00f299,66f67e4c000000001d03127d,图文笔记,通投-合集-多款-高净值孕妈-25.12.17,163649107,2025-12-17 09:10:10,0.00,0,0,0.0%,0.0,0.0,0,0.00,0.0,0,0,0.0,0,0,0.0,0,0.0,0,0.0,0,0.0,0,0.0,0,0.0,0,0.0,0,0.0,0,0.0,0,0.0,0.00,0.0,0,0,0
3213203610,通投-宝妈亲测-星光款-高净值孕妈人群-日弘-25.12.17-优化测试-视频组,被计划暂停,审核通过,通投,直播间直接支付ROI,笔记（直播组件）,68ede2560000000004028b00,66f67e4c000000001d03127d,视频笔记,通投-合集-多款-高净值孕妈-25.12.17,163649107,2025-12-17 09:10:10,0.00,0,0,0.0%,0.0,0.0,0,0.00,0.0,0,0,0.0,0,0,0.0,0,0.0,0,0.0,0,0.0,0,0.0,0,0.0,0,0.0,0,0.0,0,0.0,0,0.0,0.00,0.0,0,0,0
3213203609,通投-老祖宗严选-星光款-高净值孕妈人群-日弘-25.12.17-优化测试,被计划暂停,审核通过,通投,直播间直接支付ROI,笔记（直播组件）,688b20190000000023022560,66f67e4c000000001d03127d,图文笔记,通投-合集-多款-高净值孕妈-25.12.17,163649107,2025-12-17 09:10:10,0.00,0,0,0.0%,0.0,0.0,0,0.00,0.0,0,0,0.0,0,0,0.0,0,0.0,0,0.0,0,0.0,0,0.0,0,0.0,0,0.0,0,0.0,0,0.0,0,0.0,0.00,0.0,0,0,0
3213123605,通投-别乱买-星光款-高净值孕妈-日弘-25.12.17-新笔记-视频组,被计划暂停,审核通过,通投,直播间直接支付ROI,笔记（直播组件）,6940f5da000000001f006f48,66f67e4c000000001d03127d,视频笔记,通投-合集-多款-高净值孕妈-25.12.17,163649107,2025-12-17 08:57:53,0.00,0,0,0.0%,0.0,0.0,0,0.00,0.0,0,0,0.0,0,0,0.0,0,0.0,0,0.0,0,0.0,0,0.0,0,0.0,0,0.0,0,0.0,0,0.0,0,0.0,0.00,0.0,0,0,0
3193399360,通投-冬季脆皮-青春款-精养奢美族-日弘-25.12.15-新笔记,被计划暂停,审核通过,通投,直播间直接支付ROI,笔记（直播组件）,693bd51f000000001e028887,66f67e4c000000001d03127d,图文笔记,通投-达标合集1-多款-精养奢美族-25.12.15,163147136,2025-12-15 14:38:15,0.00,0,0,0.0%,0.0,0.0,0,0.00,0.0,0,0,0.0,0,0,0.0,0,0.0,0,0.0,0,0.0,0,0.0,0,0.0,0,0.0,0,0.0,0,0.0,0,0.0,0.00,0.0,0,0,0
3191611555,通投-只有小仙炖-星光款-高净值孕妈-新号-25.12.15-历史优质,暂停,审核通过,通投,直播间直接支付ROI,笔记（直播组件）,69144500000000000503bfc4,66f67e4c000000001d03127d,视频笔记,通投-达标合集1-多款-高净值孕妈-25.12.15,163169844,2025-12-15 11:51:15,0.00,0,0,0.0%,0.0,0.0,0,0.00,0.0,0,0,0.0,0,0,0.0,0,0.0,0,0.0,0,0.0,0,0.0,0,0.0,0,0.0,0,0.0,0,0.0,0,0.0,0.00,0.0,0,0,0
3191611554,通投-补对了-星光款-高净值孕妈-日弘-25.12.15-历史优质-视频组,被计划暂停,审核通过,通投,直播间直接支付ROI,笔记（直播组件）,69328e92000000001e03bf8e,66f67e4c000000001d03127d,视频笔记,通投-达标合集1-多款-高净值孕妈-25.12.15,163169844,2025-12-15 11:51:15,0.00,0,0,0.0%,0.0,0.0,0,0.00,0.0,0,0,0.0,0,0,0.0,0,0.0,0,0.0,0,0.0,0,0.0,0,0.0,0,0.0,0,0.0,0,0.0,0,0.0,0.00,0.0,0,0,0
3191611553,通投-白白胖胖-星光款-高净值孕妈-抖音-25.12.15-历史优质,被计划暂停,审核通过,通投,直播间直接支付ROI,笔记（直播组件）,68ef7968000000000301210f,66f67e4c000000001d03127d,视频笔记,通投-达标合集1-多款-高净值孕妈-25.12.15,163169844,2025-12-15 11:51:15,0.00,0,0,0.0%,0.0,0.0,0,0.00,0.0,0,0,0.0,0,0,0.0,0,0.0,0,0.0,0,0.0,0,0.0,0,0.0,0,0.0,0,0.0,0,0.0,0,0.0,0.00,0.0,0,0,0
3191611552,通投-给宝宝满满-青春款-高净值孕妈-新号-25.12.15-历史优质,被计划暂停,审核通过,通投,直播间直接支付ROI,笔记（直播组件）,6914459c00000000050383ed,66f67e4c000000001d03127d,视频笔记,通投-达标合集1-多款-高净值孕妈-25.12.15,163169844,2025-12-15 11:51:15,0.00,0,0,0.0%,0.0,0.0,0,0.00,0.0,0,0,0.0,0,0,0.0,0,0.0,0,0.0,0,0.0,0,0.0,0,0.0,0,0.0,0,0.0,0,0.0,0,0.0,0.00,0.0,0,0,0
3191611551,通投-聪明孕-青春款-高净值孕妈-日弘-25.12.15-历史优质,被计划暂停,审核通过,通投,直播间直接支付ROI,笔记（直播组件）,66714c48000000001d0161ee,583691373460942ae8fc16bb,图文笔记,通投-达标合集1-多款-高净值孕妈-25.12.15,163169844,2025-12-15 11:51:15,0.00,0,0,0.0%,0.0,0.0,0,0.00,0.0,0,0,0.0,0,0,0.0,0,0.0,0,0.0,0,0.0,0,0.0,0,0.0,0,0.0,0,0.0,0,0.0,0,0.0,0.00,0.0,0,0,0
3191611550,通投-二胎孕妈私藏-星光款-高净值孕妈-日弘-25.12.15-历史优质-视频组,被计划暂停,审核通过,通投,直播间直接支付ROI,笔记（直播组件）,68fae9d80000000005032b06,66f67e4c000000001d03127d,视频笔记,通投-达标合集1-多款-高净值孕妈-25.12.15,163169844,2025-12-15 11:51:15,0.00,0,0,0.0%,0.0,0.0,0,0.00,0.0,0,0,0.0,0,0,0.0,0,0.0,0,0.0,0,0.0,0,0.0,0,0.0,0,0.0,0,0.0,0,0.0,0,0.0,0.00,0.0,0,0,0
3191611549,通投-宝妈亲测-星光款-高净值孕妈-日弘-25.12.15-历史优质-视频组,被计划暂停,审核通过,通投,直播间直接支付ROI,笔记（直播组件）,68ede2560000000004028b00,66f67e4c000000001d03127d,视频笔记,通投-达标合集1-多款-高净值孕妈-25.12.15,163169844,2025-12-15 11:51:15,0.00,0,0,0.0%,0.0,0.0,0,0.00,0.0,0,0,0.0,0,0,0.0,0,0.0,0,0.0,0,0.0,0,0.0,0,0.0,0,0.0,0,0.0,0,0.0,0,0.0,0.00,0.0,0,0,0
3191611548,通投-子申Spring-星光款-高净值孕妈-达人-25.12.15-历史优质,被计划暂停,审核通过,通投,直播间直接支付ROI,笔记（直播组件）,6918813a00000000050390ba,66a4d8aa000000001d0310d4,视频笔记,通投-达标合集1-多款-高净值孕妈-25.12.15,163169844,2025-12-15 11:51:15,0.00,0,0,0.0%,0.0,0.0,0,0.00,0.0,0,0,0.0,0,0,0.0,0,0.0,0,0.0,0,0.0,0,0.0,0,0.0,0,0.0,0,0.0,0,0.0,0,0.0,0.00,0.0,0,0,0
3191611547,通投-云卷云舒_转载-星光款-高净值孕妈-官号-25.12.15-历史优质,被计划暂停,审核通过,通投,直播间直接支付ROI,笔记（直播组件）,68f9d0c70000000004016341,583691373460942ae8fc16bb,视频笔记,通投-达标合集1-多款-高净值孕妈-25.12.15,163169844,2025-12-15 11:51:15,0.00,0,0,0.0%,0.0,0.0,0,0.00,0.0,0,0,0.0,0,0,0.0,0,0.0,0,0.0,0,0.0,0,0.0,0,0.0,0,0.0,0,0.0,0,0.0,0,0.0,0.00,0.0,0,0,0
3191611546,通投-葛子妮Nini-星光款-高净值孕妈-达人-25.12.15-历史优质,被计划暂停,审核通过,通投,直播间直接支付ROI,笔记（直播组件）,6912ca5c0000000004017d53,556b0fdfc2bdeb414a27803f,视频笔记,通投-达标合集1-多款-高净值孕妈-25.12.15,163169844,2025-12-15 11:51:15,0.00,0,0,0.0%,0.0,0.0,0,0.00,0.0,0,0,0.0,0,0,0.0,0,0.0,0,0.0,0,0.0,0,0.0,0,0.0,0,0.0,0,0.0,0,0.0,0,0.0,0.00,0.0,0,0,0
3191611545,通投-sukrys_雪子-星光款-高净值孕妈-达人-25.12.15-历史优质,暂停,审核通过,通投,直播间直接支付ROI,笔记（直播组件）,691574ec000000000700a003,565876d682718c527ecad930,视频笔记,通投-达标合集1-多款-高净值孕妈-25.12.15,163169844,2025-12-15 11:51:15,0.00,0,0,0.0%,0.0,0.0,0,0.00,0.0,0,0,0.0,0,0,0.0,0,0.0,0,0.0,0,0.0,0,0.0,0,0.0,0,0.0,0,0.0,0,0.0,0,0.0,0.00,0.0,0,0,0
3191611544,通投-黛西也是得喜-星光款-高净值孕妈-达人-25.12.15-历史优质,被计划暂停,审核通过,通投,直播间直接支付ROI,笔记（直播组件）,69159f3c000000000d03a4eb,55c2d947c2bdeb128a723508,视频笔记,通投-达标合集1-多款-高净值孕妈-25.12.15,163169844,2025-12-15 11:51:15,0.00,0,0,0.0%,0.0,0.0,0,0.00,0.0,0,0,0.0,0,0,0.0,0,0.0,0,0.0,0,0.0,0,0.0,0,0.0,0,0.0,0,0.0,0,0.0,0,0.0,0.00,0.0,0,0,0
3191549866,通投-只有小仙炖-星光款-松弛爸妈-新号-25.12.15-历史优质,暂停,审核通过,通投,直播间直接支付ROI,笔记（直播组件）,69144500000000000503bfc4,66f67e4c000000001d03127d,视频笔记,通投-达标合集1-多款-松弛爸妈-25.12.15,163163830,2025-12-15 11:47:49,0.00,0,0,0.0%,0.0,0.0,0,0.00,0.0,0,0,0.0,0,0,0.0,0,0.0,0,0.0,0,0.0,0,0.0,0,0.0,0,0.0,0,0.0,0,0.0,0,0.0,0.00,0.0,0,0,0
3191549865,通投-补对了-星光款-松弛爸妈-日弘-25.12.15-历史优质-视频组,被计划暂停,审核通过,通投,直播间直接支付ROI,笔记（直播组件）,69328e92000000001e03bf8e,66f67e4c000000001d03127d,视频笔记,通投-达标合集1-多款-松弛爸妈-25.12.15,163163830,2025-12-15 11:47:49,0.00,0,0,0.0%,0.0,0.0,0,0.00,0.0,0,0,0.0,0,0,0.0,0,0.0,0,0.0,0,0.0,0,0.0,0,0.0,0,0.0,0,0.0,0,0.0,0,0.0,0.00,0.0,0,0,0
3191549864,通投-白白胖胖-星光款-松弛爸妈-抖音-25.12.15-历史优质,被计划暂停,审核通过,通投,直播间直接支付ROI,笔记（直播组件）,68ef7968000000000301210f,66f67e4c000000001d03127d,视频笔记,通投-达标合集1-多款-松弛爸妈-25.12.15,163163830,2025-12-15 11:47:49,0.00,0,0,0.0%,0.0,0.0,0,0.00,0.0,0,0,0.0,0,0,0.0,0,0.0,0,0.0,0,0.0,0,0.0,0,0.0,0,0.0,0,0.0,0,0.0,0,0.0,0.00,0.0,0,0,0
3191549863,通投-给宝宝满满-青春款-松弛爸妈-新号-25.12.15-历史优质,被计划暂停,审核通过,通投,直播间直接支付ROI,笔记（直播组件）,6914459c00000000050383ed,66f67e4c000000001d03127d,视频笔记,通投-达标合集1-多款-松弛爸妈-25.12.15,163163830,2025-12-15 11:47:49,0.00,0,0,0.0%,0.0,0.0,0,0.00,0.0,0,0,0.0,0,0,0.0,0,0.0,0,0.0,0,0.0,0,0.0,0,0.0,0,0.0,0,0.0,0,0.0,0,0.0,0.00,0.0,0,0,0
3191549862,通投-聪明孕-青春款-松弛爸妈-日弘-25.12.15-历史优质,被计划暂停,审核通过,通投,直播间直接支付ROI,笔记（直播组件）,66714c48000000001d0161ee,583691373460942ae8fc16bb,图文笔记,通投-达标合集1-多款-松弛爸妈-25.12.15,163163830,2025-12-15 11:47:49,0.00,0,0,0.0%,0.0,0.0,0,0.00,0.0,0,0,0.0,0,0,0.0,0,0.0,0,0.0,0,0.0,0,0.0,0,0.0,0,0.0,0,0.0,0,0.0,0,0.0,0.00,0.0,0,0,0
3191549861,通投-二胎孕妈私藏-星光款-松弛爸妈-日弘-25.12.15-历史优质-视频组,被计划暂停,审核通过,通投,直播间直接支付ROI,笔记（直播组件）,68fae9d80000000005032b06,66f67e4c000000001d03127d,视频笔记,通投-达标合集1-多款-松弛爸妈-25.12.15,163163830,2025-12-15 11:47:49,0.00,0,0,0.0%,0.0,0.0,0,0.00,0.0,0,0,0.0,0,0,0.0,0,0.0,0,0.0,0,0.0,0,0.0,0,0.0,0,0.0,0,0.0,0,0.0,0,0.0,0.00,0.0,0,0,0
3191549860,通投-宝妈亲测-星光款-松弛爸妈-日弘-25.12.15-历史优质-视频组,被计划暂停,审核通过,通投,直播间直接支付ROI,笔记（直播组件）,68ede2560000000004028b00,66f67e4c000000001d03127d,视频笔记,通投-达标合集1-多款-松弛爸妈-25.12.15,163163830,2025-12-15 11:47:49,0.00,0,0,0.0%,0.0,0.0,0,0.00,0.0,0,0,0.0,0,0,0.0,0,0.0,0,0.0,0,0.0,0,0.0,0,0.0,0,0.0,0,0.0,0,0.0,0,0.0,0.00,0.0,0,0,0
3191549859,通投-子申Spring-星光款-松弛爸妈-达人-25.12.15-历史优质,被计划暂停,审核通过,通投,直播间直接支付ROI,笔记（直播组件）,6918813a00000000050390ba,66a4d8aa000000001d0310d4,视频笔记,通投-达标合集1-多款-松弛爸妈-25.12.15,163163830,2025-12-15 11:47:49,0.00,0,0,0.0%,0.0,0.0,0,0.00,0.0,0,0,0.0,0,0,0.0,0,0.0,0,0.0,0,0.0,0,0.0,0,0.0,0,0.0,0,0.0,0,0.0,0,0.0,0.00,0.0,0,0,0
3191549858,通投-云卷云舒_转载-星光款-松弛爸妈-官号-25.12.15-历史优质,被计划暂停,审核通过,通投,直播间直接支付ROI,笔记（直播组件）,68f9d0c70000000004016341,583691373460942ae8fc16bb,视频笔记,通投-达标合集1-多款-松弛爸妈-25.12.15,163163830,2025-12-15 11:47:49,0.00,0,0,0.0%,0.0,0.0,0,0.00,0.0,0,0,0.0,0,0,0.0,0,0.0,0,0.0,0,0.0,0,0.0,0,0.0,0,0.0,0,0.0,0,0.0,0,0.0,0.00,0.0,0,0,0
3191549857,通投-葛子妮Nini-星光款-松弛爸妈-达人-25.12.15-历史优质,被计划暂停,审核通过,通投,直播间直接支付ROI,笔记（直播组件）,6912ca5c0000000004017d53,556b0fdfc2bdeb414a27803f,视频笔记,通投-达标合集1-多款-松弛爸妈-25.12.15,163163830,2025-12-15 11:47:49,0.00,0,0,0.0%,0.0,0.0,0,0.00,0.0,0,0,0.0,0,0,0.0,0,0.0,0,0.0,0,0.0,0,0.0,0,0.0,0,0.0,0,0.0,0,0.0,0,0.0,0.00,0.0,0,0,0
3191549856,通投-sukrys_雪子-星光款-松弛爸妈-达人-25.12.15-历史优质,暂停,审核通过,通投,直播间直接支付ROI,笔记（直播组件）,691574ec000000000700a003,565876d682718c527ecad930,视频笔记,通投-达标合集1-多款-松弛爸妈-25.12.15,163163830,2025-12-15 11:47:49,0.00,0,0,0.0%,0.0,0.0,0,0.00,0.0,0,0,0.0,0,0,0.0,0,0.0,0,0.0,0,0.0,0,0.0,0,0.0,0,0.0,0,0.0,0,0.0,0,0.0,0.00,0.0,0,0,0
3191549855,通投-黛西也是得喜-星光款-松弛爸妈-达人-25.12.15-历史优质,被计划暂停,审核通过,通投,直播间直接支付ROI,笔记（直播组件）,69159f3c000000000d03a4eb,55c2d947c2bdeb128a723508,视频笔记,通投-达标合集1-多款-松弛爸妈-25.12.15,163163830,2025-12-15 11:47:49,0.00,0,0,0.0%,0.0,0.0,0,0.00,0.0,0,0,0.0,0,0,0.0,0,0.0,0,0.0,0,0.0,0,0.0,0,0.0,0,0.0,0,0.0,0,0.0,0,0.0,0.00,0.0,0,0,0
3191403779,通投-只有小仙炖-星光款-好孕预备役-新号-25.12.15-历史优质,暂停,审核通过,通投,直播间直接支付ROI,笔记（直播组件）,69144500000000000503bfc4,66f67e4c000000001d03127d,视频笔记,通投-达标合集1-多款-好孕预备役-25.12.15,163173708,2025-12-15 11:33:14,0.00,0,0,0.0%,0.0,0.0,0,0.00,0.0,0,0,0.0,0,0,0.0,0,0.0,0,0.0,0,0.0,0,0.0,0,0.0,0,0.0,0,0.0,0,0.0,0,0.0,0.00,0.0,0,0,0
3191403778,通投-补对了-星光款-好孕预备役-日弘-25.12.15-历史优质-视频组,暂停,审核通过,通投,直播间直接支付ROI,笔记（直播组件）,69328e92000000001e03bf8e,66f67e4c000000001d03127d,视频笔记,通投-达标合集1-多款-好孕预备役-25.12.15,163173708,2025-12-15 11:33:14,0.00,0,0,0.0%,0.0,0.0,0,0.00,0.0,0,0,0.0,0,0,0.0,0,0.0,0,0.0,0,0.0,0,0.0,0,0.0,0,0.0,0,0.0,0,0.0,0,0.0,0.00,0.0,0,0,0
3191403777,通投-白白胖胖-星光款-好孕预备役-抖音-25.12.15-历史优质,暂停,审核通过,通投,直播间直接支付ROI,笔记（直播组件）,68ef7968000000000301210f,66f67e4c000000001d03127d,视频笔记,通投-达标合集1-多款-好孕预备役-25.12.15,163173708,2025-12-15 11:33:14,0.00,0,0,0.0%,0.0,0.0,0,0.00,0.0,0,0,0.0,0,0,0.0,0,0.0,0,0.0,0,0.0,0,0.0,0,0.0,0,0.0,0,0.0,0,0.0,0,0.0,0.00,0.0,0,0,0
3191403776,通投-给宝宝满满-青春款-好孕预备役-新号-25.12.15-历史优质,暂停,审核通过,通投,直播间直接支付ROI,笔记（直播组件）,6914459c00000000050383ed,66f67e4c000000001d03127d,视频笔记,通投-达标合集1-多款-好孕预备役-25.12.15,163173708,2025-12-15 11:33:14,0.00,0,0,0.0%,0.0,0.0,0,0.00,0.0,0,0,0.0,0,0,0.0,0,0.0,0,0.0,0,0.0,0,0.0,0,0.0,0,0.0,0,0.0,0,0.0,0,0.0,0.00,0.0,0,0,0
3191403775,通投-聪明孕-青春款-好孕预备役-日弘-25.12.15-历史优质,暂停,审核通过,通投,直播间直接支付ROI,笔记（直播组件）,66714c48000000001d0161ee,583691373460942ae8fc16bb,图文笔记,通投-达标合集1-多款-好孕预备役-25.12.15,163173708,2025-12-15 11:33:14,0.00,0,0,0.0%,0.0,0.0,0,0.00,0.0,0,0,0.0,0,0,0.0,0,0.0,0,0.0,0,0.0,0,0.0,0,0.0,0,0.0,0,0.0,0,0.0,0,0.0,0.00,0.0,0,0,0
3191403774,通投-二胎孕妈私藏-星光款-好孕预备役-日弘-25.12.15-历史优质-视频组,暂停,审核通过,通投,直播间直接支付ROI,笔记（直播组件）,68fae9d80000000005032b06,66f67e4c000000001d03127d,视频笔记,通投-达标合集1-多款-好孕预备役-25.12.15,163173708,2025-12-15 11:33:14,0.00,0,0,0.0%,0.0,0.0,0,0.00,0.0,0,0,0.0,0,0,0.0,0,0.0,0,0.0,0,0.0,0,0.0,0,0.0,0,0.0,0,0.0,0,0.0,0,0.0,0.00,0.0,0,0,0
3191403773,通投-宝妈亲测-星光款-好孕预备役-日弘-25.12.15-历史优质-视频组,暂停,审核通过,通投,直播间直接支付ROI,笔记（直播组件）,68ede2560000000004028b00,66f67e4c000000001d03127d,视频笔记,通投-达标合集1-多款-好孕预备役-25.12.15,163173708,2025-12-15 11:33:14,0.00,0,0,0.0%,0.0,0.0,0,0.00,0.0,0,0,0.0,0,0,0.0,0,0.0,0,0.0,0,0.0,0,0.0,0,0.0,0,0.0,0,0.0,0,0.0,0,0.0,0.00,0.0,0,0,0
3191403772,通投-子申Spring-星光款-好孕预备役-达人-25.12.15-历史优质,暂停,审核通过,通投,直播间直接支付ROI,笔记（直播组件）,6918813a00000000050390ba,66a4d8aa000000001d0310d4,视频笔记,通投-达标合集1-多款-好孕预备役-25.12.15,163173708,2025-12-15 11:33:14,0.00,0,0,0.0%,0.0,0.0,0,0.00,0.0,0,0,0.0,0,0,0.0,0,0.0,0,0.0,0,0.0,0,0.0,0,0.0,0,0.0,0,0.0,0,0.0,0,0.0,0.00,0.0,0,0,0
3191403771,通投-云卷云舒_转载-星光款-好孕预备役-官号-25.12.15-历史优质,暂停,审核通过,通投,直播间直接支付ROI,笔记（直播组件）,68f9d0c70000000004016341,583691373460942ae8fc16bb,视频笔记,通投-达标合集1-多款-好孕预备役-25.12.15,163173708,2025-12-15 11:33:14,0.00,0,0,0.0%,0.0,0.0,0,0.00,0.0,0,0,0.0,0,0,0.0,0,0.0,0,0.0,0,0.0,0,0.0,0,0.0,0,0.0,0,0.0,0,0.0,0,0.0,0.00,0.0,0,0,0
3191403770,通投-葛子妮Nini-星光款-好孕预备役-达人-25.12.15-历史优质,暂停,审核通过,通投,直播间直接支付ROI,笔记（直播组件）,6912ca5c0000000004017d53,556b0fdfc2bdeb414a27803f,视频笔记,通投-达标合集1-多款-好孕预备役-25.12.15,163173708,2025-12-15 11:33:14,0.00,0,0,0.0%,0.0,0.0,0,0.00,0.0,0,0,0.0,0,0,0.0,0,0.0,0,0.0,0,0.0,0,0.0,0,0.0,0,0.0,0,0.0,0,0.0,0,0.0,0.00,0.0,0,0,0
3191403769,通投-sukrys_雪子-星光款-好孕预备役-达人-25.12.15-历史优质,暂停,审核通过,通投,直播间直接支付ROI,笔记（直播组件）,691574ec000000000700a003,565876d682718c527ecad930,视频笔记,通投-达标合集1-多款-好孕预备役-25.12.15,163173708,2025-12-15 11:33:14,0.00,0,0,0.0%,0.0,0.0,0,0.00,0.0,0,0,0.0,0,0,0.0,0,0.0,0,0.0,0,0.0,0,0.0,0,0.0,0,0.0,0,0.0,0,0.0,0,0.0,0.00,0.0,0,0,0
3191403768,通投-黛西也是得喜-星光款-好孕预备役-达人-25.12.15-历史优质,暂停,审核通过,通投,直播间直接支付ROI,笔记（直播组件）,69159f3c000000000d03a4eb,55c2d947c2bdeb128a723508,视频笔记,通投-达标合集1-多款-好孕预备役-25.12.15,163173708,2025-12-15 11:33:14,0.00,0,0,0.0%,0.0,0.0,0,0.00,0.0,0,0,0.0,0,0,0.0,0,0.0,0,0.0,0,0.0,0,0.0,0,0.0,0,0.0,0,0.0,0,0.0,0,0.0,0.00,0.0,0,0,0
3191298179,通投-只有小仙炖-星光款-稳孕选手-新号-25.12.15-历史优质,暂停,审核通过,通投,直播间直接支付ROI,笔记（直播组件）,69144500000000000503bfc4,66f67e4c000000001d03127d,视频笔记,通投-达标合集1-多款-稳孕选手-25.12.15,163178294,2025-12-15 11:27:24,0.00,0,0,0.0%,0.0,0.0,0,0.00,0.0,0,0,0.0,0,0,0.0,0,0.0,0,0.0,0,0.0,0,0.0,0,0.0,0,0.0,0,0.0,0,0.0,0,0.0,0.00,0.0,0,0,0
3191298178,通投-补对了-星光款-稳孕选手-日弘-25.12.15-历史优质-视频组,被计划暂停,审核通过,通投,直播间直接支付ROI,笔记（直播组件）,69328e92000000001e03bf8e,66f67e4c000000001d03127d,视频笔记,通投-达标合集1-多款-稳孕选手-25.12.15,163178294,2025-12-15 11:27:24,0.00,0,0,0.0%,0.0,0.0,0,0.00,0.0,0,0,0.0,0,0,0.0,0,0.0,0,0.0,0,0.0,0,0.0,0,0.0,0,0.0,0,0.0,0,0.0,0,0.0,0.00,0.0,0,0,0
3191298177,通投-白白胖胖-星光款-稳孕选手-抖音-25.12.15-历史优质,暂停,审核通过,通投,直播间直接支付ROI,笔记（直播组件）,68ef7968000000000301210f,66f67e4c000000001d03127d,视频笔记,通投-达标合集1-多款-稳孕选手-25.12.15,163178294,2025-12-15 11:27:24,0.00,0,0,0.0%,0.0,0.0,0,0.00,0.0,0,0,0.0,0,0,0.0,0,0.0,0,0.0,0,0.0,0,0.0,0,0.0,0,0.0,0,0.0,0,0.0,0,0.0,0.00,0.0,0,0,0
3191298176,通投-给宝宝满满-青春款-稳孕选手-新号-25.12.15-历史优质,被计划暂停,审核通过,通投,直播间直接支付ROI,笔记（直播组件）,6914459c00000000050383ed,66f67e4c000000001d03127d,视频笔记,通投-达标合集1-多款-稳孕选手-25.12.15,163178294,2025-12-15 11:27:24,0.00,0,0,0.0%,0.0,0.0,0,0.00,0.0,0,0,0.0,0,0,0.0,0,0.0,0,0.0,0,0.0,0,0.0,0,0.0,0,0.0,0,0.0,0,0.0,0,0.0,0.00,0.0,0,0,0
3191298175,通投-聪明孕-青春款-稳孕选手-日弘-25.12.15-历史优质,暂停,审核通过,通投,直播间直接支付ROI,笔记（直播组件）,66714c48000000001d0161ee,583691373460942ae8fc16bb,图文笔记,通投-达标合集1-多款-稳孕选手-25.12.15,163178294,2025-12-15 11:27:24,0.00,0,0,0.0%,0.0,0.0,0,0.00,0.0,0,0,0.0,0,0,0.0,0,0.0,0,0.0,0,0.0,0,0.0,0,0.0,0,0.0,0,0.0,0,0.0,0,0.0,0.00,0.0,0,0,0
3191298174,通投-二胎孕妈私藏-星光款-稳孕选手-日弘-25.12.15-历史优质-视频组,暂停,审核通过,通投,直播间直接支付ROI,笔记（直播组件）,68fae9d80000000005032b06,66f67e4c000000001d03127d,视频笔记,通投-达标合集1-多款-稳孕选手-25.12.15,163178294,2025-12-15 11:27:24,0.00,0,0,0.0%,0.0,0.0,0,0.00,0.0,0,0,0.0,0,0,0.0,0,0.0,0,0.0,0,0.0,0,0.0,0,0.0,0,0.0,0,0.0,0,0.0,0,0.0,0.00,0.0,0,0,0
3191298173,通投-宝妈亲测-星光款-稳孕选手-日弘-25.12.15-历史优质-视频组,被计划暂停,审核通过,通投,直播间直接支付ROI,笔记（直播组件）,68ede2560000000004028b00,66f67e4c000000001d03127d,视频笔记,通投-达标合集1-多款-稳孕选手-25.12.15,163178294,2025-12-15 11:27:24,0.00,0,0,0.0%,0.0,0.0,0,0.00,0.0,0,0,0.0,0,0,0.0,0,0.0,0,0.0,0,0.0,0,0.0,0,0.0,0,0.0,0,0.0,0,0.0,0,0.0,0.00,0.0,0,0,0
3191298172,通投-子申Spring-星光款-稳孕选手-达人-25.12.15-历史优质,被计划暂停,审核通过,通投,直播间直接支付ROI,笔记（直播组件）,6918813a00000000050390ba,66a4d8aa000000001d0310d4,视频笔记,通投-达标合集1-多款-稳孕选手-25.12.15,163178294,2025-12-15 11:27:24,0.00,0,0,0.0%,0.0,0.0,0,0.00,0.0,0,0,0.0,0,0,0.0,0,0.0,0,0.0,0,0.0,0,0.0,0,0.0,0,0.0,0,0.0,0,0.0,0,0.0,0.00,0.0,0,0,0
3191298171,通投-云卷云舒_转载-星光款-稳孕选手-官号-25.12.15-历史优质,暂停,审核通过,通投,直播间直接支付ROI,笔记（直播组件）,68f9d0c70000000004016341,583691373460942ae8fc16bb,视频笔记,通投-达标合集1-多款-稳孕选手-25.12.15,163178294,2025-12-15 11:27:24,0.00,0,0,0.0%,0.0,0.0,0,0.00,0.0,0,0,0.0,0,0,0.0,0,0.0,0,0.0,0,0.0,0,0.0,0,0.0,0,0.0,0,0.0,0,0.0,0,0.0,0.00,0.0,0,0,0
3191298170,通投-葛子妮Nini-星光款-稳孕选手-达人-25.12.15-历史优质,暂停,审核通过,通投,直播间直接支付ROI,笔记（直播组件）,6912ca5c0000000004017d53,556b0fdfc2bdeb414a27803f,视频笔记,通投-达标合集1-多款-稳孕选手-25.12.15,163178294,2025-12-15 11:27:24,0.00,0,0,0.0%,0.0,0.0,0,0.00,0.0,0,0,0.0,0,0,0.0,0,0.0,0,0.0,0,0.0,0,0.0,0,0.0,0,0.0,0,0.0,0,0.0,0,0.0,0.00,0.0,0,0,0
3191298169,通投-sukrys_雪子-星光款-稳孕选手-达人-25.12.15-历史优质,暂停,审核通过,通投,直播间直接支付ROI,笔记（直播组件）,691574ec000000000700a003,565876d682718c527ecad930,视频笔记,通投-达标合集1-多款-稳孕选手-25.12.15,163178294,2025-12-15 11:27:24,0.00,0,0,0.0%,0.0,0.0,0,0.00,0.0,0,0,0.0,0,0,0.0,0,0.0,0,0.0,0,0.0,0,0.0,0,0.0,0,0.0,0,0.0,0,0.0,0,0.0,0.00,0.0,0,0,0
3191298168,通投-黛西也是得喜-星光款-稳孕选手-达人-25.12.15-历史优质,暂停,审核通过,通投,直播间直接支付ROI,笔记（直播组件）,69159f3c000000000d03a4eb,55c2d947c2bdeb128a723508,视频笔记,通投-达标合集1-多款-稳孕选手-25.12.15,163178294,2025-12-15 11:27:24,0.00,0,0,0.0%,0.0,0.0,0,0.00,0.0,0,0,0.0,0,0,0.0,0,0.0,0,0.0,0,0.0,0,0.0,0,0.0,0,0.0,0,0.0,0,0.0,0,0.0,0.00,0.0,0,0,0
3191014371,通投-养颜必看-合集款-熟龄悦己中年-日弘-25.12.15-历史优质,被计划暂停,审核通过,通投,直播间直接支付ROI,笔记（直播组件）,692e49d1000000001e03004c,66f67e4c000000001d03127d,图文笔记,通投-达标合集1-多款-熟龄悦己中年-25.12.15,163156305,2025-12-15 11:16:37,0.00,0,0,0.0%,0.0,0.0,0,0.00,0.0,0,0,0.0,0,0,0.0,0,0.0,0,0.0,0,0.0,0,0.0,0,0.0,0,0.0,0,0.0,0,0.0,0,0.0,0.00,0.0,0,0,0
3191014370,通投-饱满肌-青春款-熟龄悦己中年-日弘-25.12.15-历史优质,被计划暂停,审核通过,通投,直播间直接支付ROI,笔记（直播组件）,686f734e000000002400bf48,66f67e4c000000001d03127d,图文笔记,通投-达标合集1-多款-熟龄悦己中年-25.12.15,163156305,2025-12-15 11:16:37,0.00,0,0,0.0%,0.0,0.0,0,0.00,0.0,0,0,0.0,0,0,0.0,0,0.0,0,0.0,0,0.0,0,0.0,0,0.0,0,0.0,0,0.0,0,0.0,0,0.0,0.00,0.0,0,0,0
3191014369,通投-素颜自由-青春款-熟龄悦己中年-新号-25.12.15-历史优质,被计划暂停,审核通过,通投,直播间直接支付ROI,笔记（直播组件）,68fb4ac9000000000301fef0,66f67e4c000000001d03127d,图文笔记,通投-达标合集1-多款-熟龄悦己中年-25.12.15,163156305,2025-12-15 11:16:37,0.00,0,0,0.0%,0.0,0.0,0,0.00,0.0,0,0,0.0,0,0,0.0,0,0.0,0,0.0,0,0.0,0,0.0,0,0.0,0,0.0,0,0.0,0,0.0,0,0.0,0.00,0.0,0,0,0
3191014368,通投-黄暄雅Hyuna转载 -星光款-熟龄悦己中年-官号-25.12.15-历史优质,被计划暂停,审核通过,通投,直播间直接支付ROI,笔记（直播组件）,690309ef0000000004006b8c,583691373460942ae8fc16bb,视频笔记,通投-达标合集1-多款-熟龄悦己中年-25.12.15,163156305,2025-12-15 11:16:37,0.00,0,0,0.0%,0.0,0.0,0,0.00,0.0,0,0,0.0,0,0,0.0,0,0.0,0,0.0,0,0.0,0,0.0,0,0.0,0,0.0,0,0.0,0,0.0,0,0.0,0.00,0.0,0,0,0
3191014367,通投-诗韩本韩-星光款-熟龄悦己中年-官号-25.12.15-历史优质,被计划暂停,审核拒绝,通投,直播间直接支付ROI,笔记（直播组件）,692eb472000000001e0245af,583691373460942ae8fc16bb,视频笔记,通投-达标合集1-多款-熟龄悦己中年-25.12.15,163156305,2025-12-15 11:16:37,0.00,0,0,0.0%,0.0,0.0,0,0.00,0.0,0,0,0.0,0,0,0.0,0,0.0,0,0.0,0,0.0,0,0.0,0,0.0,0,0.0,0,0.0,0,0.0,0,0.0,0.00,0.0,0,0,0
3191014366,通投-谁还交-青春款-熟龄悦己中年-日弘-25.12.15-历史优质,被计划暂停,审核通过,通投,直播间直接支付ROI,笔记（直播组件）,6748473c000000000202af9e,583691373460942ae8fc16bb,视频笔记,通投-达标合集1-多款-熟龄悦己中年-25.12.15,163156305,2025-12-15 11:16:37,0.00,0,0,0.0%,0.0,0.0,0,0.00,0.0,0,0,0.0,0,0,0.0,0,0.0,0,0.0,0,0.0,0,0.0,0,0.0,0,0.0,0,0.0,0,0.0,0,0.0,0.00,0.0,0,0,0
3191063748,通投-养颜必看-合集款-食饮养生族-日弘-25.12.15-历史优质,被计划暂停,审核通过,通投,直播间直接支付ROI,笔记（直播组件）,692e49d1000000001e03004c,66f67e4c000000001d03127d,图文笔记,通投-达标合集1-多款-食饮养生族-25.12.15,163162050,2025-12-15 11:14:15,0.00,0,0,0.0%,0.0,0.0,0,0.00,0.0,0,0,0.0,0,0,0.0,0,0.0,0,0.0,0,0.0,0,0.0,0,0.0,0,0.0,0,0.0,0,0.0,0,0.0,0.00,0.0,0,0,0
3191063747,通投-饱满肌-青春款-食饮养生族-日弘-25.12.15-历史优质,被计划暂停,审核通过,通投,直播间直接支付ROI,笔记（直播组件）,686f734e000000002400bf48,66f67e4c000000001d03127d,图文笔记,通投-达标合集1-多款-食饮养生族-25.12.15,163162050,2025-12-15 11:14:15,0.00,0,0,0.0%,0.0,0.0,0,0.00,0.0,0,0,0.0,0,0,0.0,0,0.0,0,0.0,0,0.0,0,0.0,0,0.0,0,0.0,0,0.0,0,0.0,0,0.0,0.00,0.0,0,0,0
3191063746,通投-素颜自由-青春款-食饮养生族-新号-25.12.15-历史优质,被计划暂停,审核通过,通投,直播间直接支付ROI,笔记（直播组件）,68fb4ac9000000000301fef0,66f67e4c000000001d03127d,图文笔记,通投-达标合集1-多款-食饮养生族-25.12.15,163162050,2025-12-15 11:14:15,0.00,0,0,0.0%,0.0,0.0,0,0.00,0.0,0,0,0.0,0,0,0.0,0,0.0,0,0.0,0,0.0,0,0.0,0,0.0,0,0.0,0,0.0,0,0.0,0,0.0,0.00,0.0,0,0,0
3191063745,通投-黄暄雅Hyuna转载 -星光款-食饮养生族-官号-25.12.15-历史优质,被计划暂停,审核通过,通投,直播间直接支付ROI,笔记（直播组件）,690309ef0000000004006b8c,583691373460942ae8fc16bb,视频笔记,通投-达标合集1-多款-食饮养生族-25.12.15,163162050,2025-12-15 11:14:15,0.00,0,0,0.0%,0.0,0.0,0,0.00,0.0,0,0,0.0,0,0,0.0,0,0.0,0,0.0,0,0.0,0,0.0,0,0.0,0,0.0,0,0.0,0,0.0,0,0.0,0.00,0.0,0,0,0
3191063744,通投-诗韩本韩-星光款-食饮养生族-官号-25.12.15-历史优质,暂停,审核拒绝,通投,直播间直接支付ROI,笔记（直播组件）,692eb472000000001e0245af,583691373460942ae8fc16bb,视频笔记,通投-达标合集1-多款-食饮养生族-25.12.15,163162050,2025-12-15 11:14:15,0.00,0,0,0.0%,0.0,0.0,0,0.00,0.0,0,0,0.0,0,0,0.0,0,0.0,0,0.0,0,0.0,0,0.0,0,0.0,0,0.0,0,0.0,0,0.0,0,0.0,0.00,0.0,0,0,0
3191063743,通投-谁还交-青春款-食饮养生族-日弘-25.12.15-历史优质,暂停,审核通过,通投,直播间直接支付ROI,笔记（直播组件）,6748473c000000000202af9e,583691373460942ae8fc16bb,视频笔记,通投-达标合集1-多款-食饮养生族-25.12.15,163162050,2025-12-15 11:14:15,0.00,0,0,0.0%,0.0,0.0,0,0.00,0.0,0,0,0.0,0,0,0.0,0,0.0,0,0.0,0,0.0,0,0.0,0,0.0,0,0.0,0,0.0,0,0.0,0,0.0,0.00,0.0,0,0,0
3191096727,通投-养颜必看-合集款-精养奢美族-日弘-25.12.15-历史优质,被计划暂停,审核通过,通投,直播间直接支付ROI,笔记（直播组件）,692e49d1000000001e03004c,66f67e4c000000001d03127d,图文笔记,通投-达标合集1-多款-精养奢美族-25.12.15,163147136,2025-12-15 11:03:35,0.00,0,0,0.0%,0.0,0.0,0,0.00,0.0,0,0,0.0,0,0,0.0,0,0.0,0,0.0,0,0.0,0,0.0,0,0.0,0,0.0,0,0.0,0,0.0,0,0.0,0.00,0.0,0,0,0
3191096726,通投-饱满肌-青春款-精养奢美族-日弘-25.12.15-历史优质,被计划暂停,审核通过,通投,直播间直接支付ROI,笔记（直播组件）,686f734e000000002400bf48,66f67e4c000000001d03127d,图文笔记,通投-达标合集1-多款-精养奢美族-25.12.15,163147136,2025-12-15 11:03:35,0.00,0,0,0.0%,0.0,0.0,0,0.00,0.0,0,0,0.0,0,0,0.0,0,0.0,0,0.0,0,0.0,0,0.0,0,0.0,0,0.0,0,0.0,0,0.0,0,0.0,0.00,0.0,0,0,0
3191096725,通投-素颜自由-青春款-精养奢美族-新号-25.12.15-历史优质,被计划暂停,审核通过,通投,直播间直接支付ROI,笔记（直播组件）,68fb4ac9000000000301fef0,66f67e4c000000001d03127d,图文笔记,通投-达标合集1-多款-精养奢美族-25.12.15,163147136,2025-12-15 11:03:35,0.00,0,0,0.0%,0.0,0.0,0,0.00,0.0,0,0,0.0,0,0,0.0,0,0.0,0,0.0,0,0.0,0,0.0,0,0.0,0,0.0,0,0.0,0,0.0,0,0.0,0.00,0.0,0,0,0
3191096724,通投-黄暄雅Hyuna转载 -星光款-精养奢美族-官号-25.12.15-历史优质,被计划暂停,审核通过,通投,直播间直接支付ROI,笔记（直播组件）,690309ef0000000004006b8c,583691373460942ae8fc16bb,视频笔记,通投-达标合集1-多款-精养奢美族-25.12.15,163147136,2025-12-15 11:03:35,0.00,0,0,0.0%,0.0,0.0,0,0.00,0.0,0,0,0.0,0,0,0.0,0,0.0,0,0.0,0,0.0,0,0.0,0,0.0,0,0.0,0,0.0,0,0.0,0,0.0,0.00,0.0,0,0,0
3191096723,通投-诗韩本韩-星光款-精养奢美族-官号-25.12.15-历史优质,被计划暂停,审核拒绝,通投,直播间直接支付ROI,笔记（直播组件）,692eb472000000001e0245af,583691373460942ae8fc16bb,视频笔记,通投-达标合集1-多款-精养奢美族-25.12.15,163147136,2025-12-15 11:03:35,0.00,0,0,0.0%,0.0,0.0,0,0.00,0.0,0,0,0.0,0,0,0.0,0,0.0,0,0.0,0,0.0,0,0.0,0,0.0,0,0.0,0,0.0,0,0.0,0,0.0,0.00,0.0,0,0,0
3191096722,通投-谁还交-青春款-精养奢美族-日弘-25.12.15-历史优质,被计划暂停,审核通过,通投,直播间直接支付ROI,笔记（直播组件）,6748473c000000000202af9e,583691373460942ae8fc16bb,视频笔记,通投-达标合集1-多款-精养奢美族-25.12.15,163147136,2025-12-15 11:03:35,0.00,0,0,0.0%,0.0,0.0,0,0.00,0.0,0,0,0.0,0,0,0.0,0,0.0,0,0.0,0,0.0,0,0.0,0,0.0,0,0.0,0,0.0,0,0.0,0,0.0,0.00,0.0,0,0,0
3191081785,通投-养颜必看-合集款-美养佳人-日弘-25.12.15-历史优质,被计划暂停,审核通过,通投,直播间直接支付ROI,笔记（直播组件）,692e49d1000000001e03004c,66f67e4c000000001d03127d,图文笔记,通投-达标合集1-多款-美养佳人-25.12.15,163141945,2025-12-15 10:56:46,0.00,0,0,0.0%,0.0,0.0,0,0.00,0.0,0,0,0.0,0,0,0.0,0,0.0,0,0.0,0,0.0,0,0.0,0,0.0,0,0.0,0,0.0,0,0.0,0,0.0,0.00,0.0,0,0,0
3191081784,通投-饱满肌-青春款-美养佳人-日弘-25.12.15-历史优质,被计划暂停,审核通过,通投,直播间直接支付ROI,笔记（直播组件）,686f734e000000002400bf48,66f67e4c000000001d03127d,图文笔记,通投-达标合集1-多款-美养佳人-25.12.15,163141945,2025-12-15 10:56:46,0.00,0,0,0.0%,0.0,0.0,0,0.00,0.0,0,0,0.0,0,0,0.0,0,0.0,0,0.0,0,0.0,0,0.0,0,0.0,0,0.0,0,0.0,0,0.0,0,0.0,0.00,0.0,0,0,0
3191081783,通投-素颜自由-青春款-美养佳人-新号-25.12.15-历史优质,被计划暂停,审核通过,通投,直播间直接支付ROI,笔记（直播组件）,68fb4ac9000000000301fef0,66f67e4c000000001d03127d,图文笔记,通投-达标合集1-多款-美养佳人-25.12.15,163141945,2025-12-15 10:56:46,0.00,0,0,0.0%,0.0,0.0,0,0.00,0.0,0,0,0.0,0,0,0.0,0,0.0,0,0.0,0,0.0,0,0.0,0,0.0,0,0.0,0,0.0,0,0.0,0,0.0,0.00,0.0,0,0,0
3191081782,通投-黄暄雅Hyuna转载 -星光款-美养佳人-官号-25.12.15-历史优质,被计划暂停,审核通过,通投,直播间直接支付ROI,笔记（直播组件）,690309ef0000000004006b8c,583691373460942ae8fc16bb,视频笔记,通投-达标合集1-多款-美养佳人-25.12.15,163141945,2025-12-15 10:56:46,0.00,0,0,0.0%,0.0,0.0,0,0.00,0.0,0,0,0.0,0,0,0.0,0,0.0,0,0.0,0,0.0,0,0.0,0,0.0,0,0.0,0,0.0,0,0.0,0,0.0,0.00,0.0,0,0,0
3191081781,通投-诗韩本韩-星光款-美养佳人-官号-25.12.15-历史优质,被计划暂停,审核拒绝,通投,直播间直接支付ROI,笔记（直播组件）,692eb472000000001e0245af,583691373460942ae8fc16bb,视频笔记,通投-达标合集1-多款-美养佳人-25.12.15,163141945,2025-12-15 10:56:46,0.00,0,0,0.0%,0.0,0.0,0,0.00,0.0,0,0,0.0,0,0,0.0,0,0.0,0,0.0,0,0.0,0,0.0,0,0.0,0,0.0,0,0.0,0,0.0,0,0.0,0.00,0.0,0,0,0
3191081780,通投-谁还交-青春款-美养佳人-日弘-25.12.15-历史优质,被计划暂停,审核通过,通投,直播间直接支付ROI,笔记（直播组件）,6748473c000000000202af9e,583691373460942ae8fc16bb,视频笔记,通投-达标合集1-多款-美养佳人-25.12.15,163141945,2025-12-15 10:56:46,0.00,0,0,0.0%,0.0,0.0,0,0.00,0.0,0,0,0.0,0,0,0.0,0,0.0,0,0.0,0,0.0,0,0.0,0,0.0,0,0.0,0,0.0,0,0.0,0,0.0,0.00,0.0,0,0,0
3164644679,通投-想买燕窝-合集款-定向-日弘-25.12.12-新笔记,被计划暂停,审核通过,通投,直播间直接支付ROI,笔记（直播组件）,693bb82a000000001e028698,66f67e4c000000001d03127d,图文笔记,通投-想买燕窝-合集款-定向-日弘-25.12.12-新笔记,162508702,2025-12-12 14:56:12,0.00,0,0,0.0%,0.0,0.0,0,0.00,0.0,0,0,0.0,0,0,0.0,0,0.0,0,0.0,0,0.0,0,0.0,0,0.0,0,0.0,0,0.0,0,0.0,0,0.0,0.00,0.0,0,0,0
3164537840,通投-想买燕窝-合集款-定向-日弘-25.12.12-新笔记-赛马,暂停,审核通过,通投,直播间直接支付ROI,笔记（直播组件）,693bb82a000000001e028698,66f67e4c000000001d03127d,图文笔记,通投-新笔记赛马合集-多款-定向-日弘-25.12.5,160574512,2025-12-12 14:55:13,0.00,0,0,0.0%,0.0,0.0,0,0.00,0.0,0,0,0.0,0,0,0.0,0,0.0,0,0.0,0,0.0,0,0.0,0,0.0,0,0.0,0,0.0,0,0.0,0,0.0,0.00,0.0,0,0,0
3163919467,通投-只有小仙炖-星光款-高产人群包-新号-25.12.12-历史优质,暂停,审核通过,通投,直播间直接支付ROI,笔记（直播组件）,69144500000000000503bfc4,66f67e4c000000001d03127d,视频笔记,通投-11月达标合集2-多款-高产人群包-日弘-25.12.12,162469347,2025-12-12 13:34:38,0.00,0,0,0.0%,0.0,0.0,0,0.00,0.0,0,0,0.0,0,0,0.0,0,0.0,0,0.0,0,0.0,0,0.0,0,0.0,0,0.0,0,0.0,0,0.0,0,0.0,0.00,0.0,0,0,0
3163919466,通投-燕窝也-合集款-高产人群包-日弘-25.12.12-历史优质,暂停,审核通过,通投,直播间直接支付ROI,笔记（直播组件）,672d88bf000000001d0385de,583691373460942ae8fc16bb,图文笔记,通投-11月达标合集2-多款-高产人群包-日弘-25.12.12,162469347,2025-12-12 13:34:38,0.00,0,0,0.0%,0.0,0.0,0,0.00,0.0,0,0,0.0,0,0,0.0,0,0.0,0,0.0,0,0.0,0,0.0,0,0.0,0,0.0,0,0.0,0,0.0,0,0.0,0.00,0.0,0,0,0
3163919465,通投-冤枉钱-合集款-高产人群包-日弘-25.12.12-历史优质,暂停,审核通过,通投,直播间直接支付ROI,笔记（直播组件）,684b88e4000000002100a26c,66f67e4c000000001d03127d,图文笔记,通投-11月达标合集2-多款-高产人群包-日弘-25.12.12,162469347,2025-12-12 13:34:38,0.00,0,0,0.0%,0.0,0.0,0,0.00,0.0,0,0,0.0,0,0,0.0,0,0.0,0,0.0,0,0.0,0,0.0,0,0.0,0,0.0,0,0.0,0,0.0,0,0.0,0.00,0.0,0,0,0
3163919464,通投-二胎孕妈私藏-星光款-高产人群包-日弘-25.12.12-历史优质,暂停,不满足审核条件,通投,直播间直接支付ROI,笔记（直播组件）,68fae9d80000000005032b06,66f67e4c000000001d03127d,视频笔记,通投-11月达标合集2-多款-高产人群包-日弘-25.12.12,162469347,2025-12-12 13:34:38,0.00,0,0,0.0%,0.0,0.0,0,0.00,0.0,0,0,0.0,0,0,0.0,0,0.0,0,0.0,0,0.0,0,0.0,0,0.0,0,0.0,0,0.0,0,0.0,0,0.0,0.00,0.0,0,0,0
3163919463,通投-诗韩本韩-星光款-高产人群包-官号-25.12.12-历史优质,暂停,审核拒绝,通投,直播间直接支付ROI,笔记（直播组件）,692eb472000000001e0245af,583691373460942ae8fc16bb,视频笔记,通投-11月达标合集2-多款-高产人群包-日弘-25.12.12,162469347,2025-12-12 13:34:38,0.00,0,0,0.0%,0.0,0.0,0,0.00,0.0,0,0,0.0,0,0,0.0,0,0.0,0,0.0,0,0.0,0,0.0,0,0.0,0,0.0,0,0.0,0,0.0,0,0.0,0.00,0.0,0,0,0
3163919462,通投-葛子妮Nini-星光款-高产人群包-达人-25.12.12-历史优质,暂停,审核通过,通投,直播间直接支付ROI,笔记（直播组件）,6912ca5c0000000004017d53,556b0fdfc2bdeb414a27803f,视频笔记,通投-11月达标合集2-多款-高产人群包-日弘-25.12.12,162469347,2025-12-12 13:34:38,0.00,0,0,0.0%,0.0,0.0,0,0.00,0.0,0,0,0.0,0,0,0.0,0,0.0,0,0.0,0,0.0,0,0.0,0,0.0,0,0.0,0,0.0,0,0.0,0,0.0,0.00,0.0,0,0,0
3163012138,通投-白白胖胖-星光款-高产人群包-抖音-25.12.12-历史优质,被计划暂停,审核通过,通投,直播间直接支付ROI,笔记（直播组件）,68ef7968000000000301210f,66f67e4c000000001d03127d,视频笔记,通投-11月达标合集1-多款-高产人群包-日弘-25.12.12,162466873,2025-12-12 11:56:25,0.00,0,0,0.0%,0.0,0.0,0,0.00,0.0,0,0,0.0,0,0,0.0,0,0.0,0,0.0,0,0.0,0,0.0,0,0.0,0,0.0,0,0.0,0,0.0,0,0.0,0.00,0.0,0,0,0
3163012137,通投-聪明孕-青春款-高产人群包-日弘-25.12.12-历史优质,被计划暂停,审核通过,通投,直播间直接支付ROI,笔记（直播组件）,66714c48000000001d0161ee,583691373460942ae8fc16bb,图文笔记,通投-11月达标合集1-多款-高产人群包-日弘-25.12.12,162466873,2025-12-12 11:56:25,0.00,0,0,0.0%,0.0,0.0,0,0.00,0.0,0,0,0.0,0,0,0.0,0,0.0,0,0.0,0,0.0,0,0.0,0,0.0,0,0.0,0,0.0,0,0.0,0,0.0,0.00,0.0,0,0,0
3163012136,通投-小白选-合集款-高产人群包-日弘-25.12.12-历史优质,被计划暂停,审核通过,通投,直播间直接支付ROI,笔记（直播组件）,67af0cf3000000002803797b,66f67e4c000000001d03127d,图文笔记,通投-11月达标合集1-多款-高产人群包-日弘-25.12.12,162466873,2025-12-12 11:56:25,0.00,0,0,0.0%,0.0,0.0,0,0.00,0.0,0,0,0.0,0,0,0.0,0,0.0,0,0.0,0,0.0,0,0.0,0,0.0,0,0.0,0,0.0,0,0.0,0,0.0,0.00,0.0,0,0,0
3163012135,通投-宝妈亲测-星光款-高产人群包-日弘-25.12.12-历史优质,被计划暂停,审核通过,通投,直播间直接支付ROI,笔记（直播组件）,68ede2560000000004028b00,66f67e4c000000001d03127d,视频笔记,通投-11月达标合集1-多款-高产人群包-日弘-25.12.12,162466873,2025-12-12 11:56:25,0.00,0,0,0.0%,0.0,0.0,0,0.00,0.0,0,0,0.0,0,0,0.0,0,0.0,0,0.0,0,0.0,0,0.0,0,0.0,0,0.0,0,0.0,0,0.0,0,0.0,0.00,0.0,0,0,0
3163012134,通投-云卷云舒_转载-星光款-高产人群包-官号-25.12.12-历史优质,被计划暂停,审核通过,通投,直播间直接支付ROI,笔记（直播组件）,68f9d0c70000000004016341,583691373460942ae8fc16bb,视频笔记,通投-11月达标合集1-多款-高产人群包-日弘-25.12.12,162466873,2025-12-12 11:56:25,0.00,0,0,0.0%,0.0,0.0,0,0.00,0.0,0,0,0.0,0,0,0.0,0,0.0,0,0.0,0,0.0,0,0.0,0,0.0,0,0.0,0,0.0,0,0.0,0,0.0,0.00,0.0,0,0,0
3140980900,通投-小白选-合集款-高产人群包-日弘-25.12.10-优化测试,被计划暂停,审核通过,通投,直播间直接支付ROI,笔记（直播组件）,6800c0fe0000000007035cf4,583691373460942ae8fc16bb,图文笔记,通投-优化合集-多款-高产人群包-日弘-25.12.10,161820966,2025-12-10 14:40:05,0.00,0,0,0.0%,0.0,0.0,0,0.00,0.0,0,0,0.0,0,0,0.0,0,0.0,0,0.0,0,0.0,0,0.0,0,0.0,0,0.0,0,0.0,0,0.0,0,0.0,0.00,0.0,0,0,0
3140980899,通投-懂行的-合集款-高产人群包-日弘-25.12.10-优化测试,暂停,审核通过,通投,直播间直接支付ROI,笔记（直播组件）,66d7c90e000000001f03eb73,583691373460942ae8fc16bb,图文笔记,通投-优化合集-多款-高产人群包-日弘-25.12.10,161820966,2025-12-10 14:40:05,0.00,0,0,0.0%,0.0,0.0,0,0.00,0.0,0,0,0.0,0,0,0.0,0,0.0,0,0.0,0,0.0,0,0.0,0,0.0,0,0.0,0,0.0,0,0.0,0,0.0,0.00,0.0,0,0,0
3140760245,通投-云卷云舒_转载-星光款-高产人群包-官号-25.12.1-新笔记,被计划暂停,审核通过,通投,直播间直接支付ROI,笔记（直播组件）,68f9d0c70000000004016341,583691373460942ae8fc16bb,视频笔记,通投-优质合集-星光款-高产人群包-新号-25.12.10,161819857,2025-12-10 14:22:11,0.00,0,0,0.0%,0.0,0.0,0,0.00,0.0,0,0,0.0,0,0,0.0,0,0.0,0,0.0,0,0.0,0,0.0,0,0.0,0,0.0,0,0.0,0,0.0,0,0.0,0.00,0.0,0,0,0
3140760244,通投-只有小仙炖-星光款-高产人群包-新号-25.11.24-新笔记,暂停,审核通过,通投,直播间直接支付ROI,笔记（直播组件）,69144500000000000503bfc4,66f67e4c000000001d03127d,视频笔记,通投-优质合集-星光款-高产人群包-新号-25.12.10,161819857,2025-12-10 14:22:11,0.00,0,0,0.0%,0.0,0.0,0,0.00,0.0,0,0,0.0,0,0,0.0,0,0.0,0,0.0,0,0.0,0,0.0,0,0.0,0,0.0,0,0.0,0,0.0,0,0.0,0.00,0.0,0,0,0
3140760243,通投-舟舟来也转载-星光款-高产人群包-官号-25.11.24-新笔记,暂停,审核通过,通投,直播间直接支付ROI,笔记（直播组件）,691c1dba000000001e029715,583691373460942ae8fc16bb,视频笔记,通投-优质合集-星光款-高产人群包-新号-25.12.10,161819857,2025-12-10 14:22:11,0.00,0,0,0.0%,0.0,0.0,0,0.00,0.0,0,0,0.0,0,0,0.0,0,0.0,0,0.0,0,0.0,0,0.0,0,0.0,0,0.0,0,0.0,0,0.0,0,0.0,0.00,0.0,0,0,0
3140572093,通投-周围人-青春款-高产人群包-新号-25.12.10-新笔记,被计划暂停,审核通过,通投,直播间直接支付ROI,笔记（直播组件）,6932aa94000000001e0000ec,66f67e4c000000001d03127d,图文笔记,通投-新号赛马合集2-多款-高产人群包-新号-25.12.10,161834823,2025-12-10 14:06:10,0.00,0,0,0.0%,0.0,0.0,0,0.00,0.0,0,0,0.0,0,0,0.0,0,0.0,0,0.0,0,0.0,0,0.0,0,0.0,0,0.0,0,0.0,0,0.0,0,0.0,0.00,0.0,0,0,0
3140572092,通投-超简选择指南-合集款-高产人群包-新号-25.12.10-新笔记,被计划暂停,审核通过,通投,直播间直接支付ROI,笔记（直播组件）,6932ab53000000001e01600f,66f67e4c000000001d03127d,图文笔记,通投-新号赛马合集2-多款-高产人群包-新号-25.12.10,161834823,2025-12-10 14:06:10,0.00,0,0,0.0%,0.0,0.0,0,0.00,0.0,0,0,0.0,0,0,0.0,0,0.0,0,0.0,0,0.0,0,0.0,0,0.0,0,0.0,0,0.0,0,0.0,0,0.0,0.00,0.0,0,0,0
3140572091,通投-冬季滋补模式-星光款-高产人群包-新号-25.12.10-新笔记,被计划暂停,审核通过,通投,直播间直接支付ROI,笔记（直播组件）,6932a9d6000000001e003bef,66f67e4c000000001d03127d,图文笔记,通投-新号赛马合集2-多款-高产人群包-新号-25.12.10,161834823,2025-12-10 14:06:10,0.00,0,0,0.0%,0.0,0.0,0,0.00,0.0,0,0,0.0,0,0,0.0,0,0.0,0,0.0,0,0.0,0,0.0,0,0.0,0,0.0,0,0.0,0,0.0,0,0.0,0.00,0.0,0,0,0
3140572090,通投-记录吃了-星光款-高产人群包-新号-25.12.10-新笔记,被计划暂停,审核通过,通投,直播间直接支付ROI,笔记（直播组件）,6932adb0000000001e00a52f,66f67e4c000000001d03127d,图文笔记,通投-新号赛马合集2-多款-高产人群包-新号-25.12.10,161834823,2025-12-10 14:06:10,0.00,0,0,0.0%,0.0,0.0,0,0.00,0.0,0,0,0.0,0,0,0.0,0,0.0,0,0.0,0,0.0,0,0.0,0,0.0,0,0.0,0,0.0,0,0.0,0,0.0,0.00,0.0,0,0,0
3140425153,通投-职场保鲜术-青春款-高产人群包-新号-25.12.10-新笔记,被计划暂停,审核通过,通投,直播间直接支付ROI,笔记（直播组件）,6932a2e3000000001e0098cc,66f67e4c000000001d03127d,图文笔记,通投-新号赛马合集-多款-高产人群包-新号-25.12.10,161818803,2025-12-10 14:02:22,0.00,0,0,0.0%,0.0,0.0,0,0.00,0.0,0,0,0.0,0,0,0.0,0,0.0,0,0.0,0,0.0,0,0.0,0,0.0,0,0.0,0,0.0,0,0.0,0,0.0,0.00,0.0,0,0,0
3140425152,通投-最值的投资-星光款-高产人群包-新号-25.12.10-新笔记,被计划暂停,审核拒绝,通投,直播间直接支付ROI,笔记（直播组件）,6932a8fd000000001e0083e0,66f67e4c000000001d03127d,图文笔记,通投-新号赛马合集-多款-高产人群包-新号-25.12.10,161818803,2025-12-10 14:02:22,0.00,0,0,0.0%,0.0,0.0,0,0.00,0.0,0,0,0.0,0,0,0.0,0,0.0,0,0.0,0,0.0,0,0.0,0,0.0,0,0.0,0,0.0,0,0.0,0,0.0,0.00,0.0,0,0,0
3140425151,通投-不沾妈味-星光款-高产人群包-新号-25.12.10-新笔记,被计划暂停,审核通过,通投,直播间直接支付ROI,笔记（直播组件）,6932a658000000001e010468,66f67e4c000000001d03127d,图文笔记,通投-新号赛马合集-多款-高产人群包-新号-25.12.10,161818803,2025-12-10 14:02:22,0.00,0,0,0.0%,0.0,0.0,0,0.00,0.0,0,0,0.0,0,0,0.0,0,0.0,0,0.0,0,0.0,0,0.0,0,0.0,0,0.0,0,0.0,0,0.0,0,0.0,0.00,0.0,0,0,0
3140425150,通投-两款规格-合集款-高产人群包-新号-25.12.10-新笔记,被计划暂停,审核通过,通投,直播间直接支付ROI,笔记（直播组件）,6932a571000000001e00e5e2,66f67e4c000000001d03127d,图文笔记,通投-新号赛马合集-多款-高产人群包-新号-25.12.10,161818803,2025-12-10 14:02:22,0.00,0,0,0.0%,0.0,0.0,0,0.00,0.0,0,0,0.0,0,0,0.0,0,0.0,0,0.0,0,0.0,0,0.0,0,0.0,0,0.0,0,0.0,0,0.0,0,0.0,0.00,0.0,0,0,0
3140425149,通投-算笔账-星光款-高产人群包-新号-25.12.10-新笔记,被计划暂停,审核通过,通投,直播间直接支付ROI,笔记（直播组件）,6932a394000000001e0130a5,66f67e4c000000001d03127d,图文笔记,通投-新号赛马合集-多款-高产人群包-新号-25.12.10,161818803,2025-12-10 14:02:22,0.00,0,0,0.0%,0.0,0.0,0,0.00,0.0,0,0,0.0,0,0,0.0,0,0.0,0,0.0,0,0.0,0,0.0,0,0.0,0,0.0,0,0.0,0,0.0,0,0.0,0.00,0.0,0,0,0
3130654139,通投-坚持打卡-青春款-高产人群包-日弘-25.12.9-优化测试,暂停,审核通过,通投,直播间直接支付ROI,笔记（直播组件）,68ba9d60000000001b01f8d6,66f67e4c000000001d03127d,图文笔记,通投-优化测试赛马合集-多款-高产人群包-日弘-25.12.9,161533750,2025-12-09 15:55:00,0.00,0,0,0.0%,0.0,0.0,0,0.00,0.0,0,0,0.0,0,0,0.0,0,0.0,0,0.0,0,0.0,0,0.0,0,0.0,0,0.0,0,0.0,0,0.0,0,0.0,0.00,0.0,0,0,0
3130654138,通投-才安心-星光款-高产人群包-日弘-25.12.9-优化测试,暂停,审核通过,通投,直播间直接支付ROI,笔记（直播组件）,68b01c55000000001c004812,66f67e4c000000001d03127d,图文笔记,通投-优化测试赛马合集-多款-高产人群包-日弘-25.12.9,161533750,2025-12-09 15:55:00,0.00,0,0,0.0%,0.0,0.0,0,0.00,0.0,0,0,0.0,0,0,0.0,0,0.0,0,0.0,0,0.0,0,0.0,0,0.0,0,0.0,0,0.0,0,0.0,0,0.0,0.00,0.0,0,0,0
3130654137,通投-年货节-合集款-高产人群包-日弘-25.12.9-优化测试,暂停,审核通过,通投,直播间直接支付ROI,笔记（直播组件）,6777bad6000000001300eb13,66f67e4c000000001d03127d,图文笔记,通投-优化测试赛马合集-多款-高产人群包-日弘-25.12.9,161533750,2025-12-09 15:55:00,0.00,0,0,0.0%,0.0,0.0,0,0.00,0.0,0,0,0.0,0,0,0.0,0,0.0,0,0.0,0,0.0,0,0.0,0,0.0,0,0.0,0,0.0,0,0.0,0,0.0,0.00,0.0,0,0,0
3130654136,通投-谁还交-青春款-高产人群包-日弘-25.12.9-优化测试,暂停,审核通过,通投,直播间直接支付ROI,笔记（直播组件）,6748473c000000000202af9e,583691373460942ae8fc16bb,视频笔记,通投-优化测试赛马合集-多款-高产人群包-日弘-25.12.9,161533750,2025-12-09 15:55:00,0.00,0,0,0.0%,0.0,0.0,0,0.00,0.0,0,0,0.0,0,0,0.0,0,0.0,0,0.0,0,0.0,0,0.0,0,0.0,0,0.0,0,0.0,0,0.0,0,0.0,0.00,0.0,0,0,0
3130654135,通投-跟着陈数-星光款-高产人群包-日弘-25.12.9-优化测试,暂停,审核通过,通投,直播间直接支付ROI,笔记（直播组件）,691d7188000000001e02f362,66f67e4c000000001d03127d,图文笔记,通投-优化测试赛马合集-多款-高产人群包-日弘-25.12.9,161533750,2025-12-09 15:55:00,0.00,0,0,0.0%,0.0,0.0,0,0.00,0.0,0,0,0.0,0,0,0.0,0,0.0,0,0.0,0,0.0,0,0.0,0,0.0,0,0.0,0,0.0,0,0.0,0,0.0,0.00,0.0,0,0,0
3127035371,通投-补对了-星光款-定向-日弘-25.12.9-新笔记-视频组-赛马,被计划暂停,审核通过,通投,直播间直接支付ROI,笔记（直播组件）,69328e92000000001e03bf8e,66f67e4c000000001d03127d,视频笔记,通投-新笔记赛马合集-多款-定向-日弘-25.12.5,160574512,2025-12-09 09:31:19,0.00,0,0,0.0%,0.0,0.0,0,0.00,0.0,0,0,0.0,0,0,0.0,0,0.0,0,0.0,0,0.0,0,0.0,0,0.0,0,0.0,0,0.0,0,0.0,0,0.0,0.00,0.0,0,0,0
3127035370,通投-新手的-青春款-定向-日弘-25.12.9-新笔记-赛马,被计划暂停,审核通过,通投,直播间直接支付ROI,笔记（直播组件）,69329335000000001f004eec,66f67e4c000000001d03127d,图文笔记,通投-新笔记赛马合集-多款-定向-日弘-25.12.5,160574512,2025-12-09 09:31:19,0.00,0,0,0.0%,0.0,0.0,0,0.00,0.0,0,0,0.0,0,0,0.0,0,0.0,0,0.0,0,0.0,0,0.0,0,0.0,0,0.0,0,0.0,0,0.0,0,0.0,0.00,0.0,0,0,0
3127149354,通投-补对了-星光款-定向-日弘-25.12.9-新笔记-视频组,被计划暂停,审核通过,通投,直播间直接支付ROI,笔记（直播组件）,69328e92000000001e03bf8e,66f67e4c000000001d03127d,视频笔记,通投-补对了-星光款-定向-日弘-25.12.9-新笔记-视频组,161431097,2025-12-09 09:28:54,0.00,0,0,0.0%,0.0,0.0,0,0.00,0.0,0,0,0.0,0,0,0.0,0,0.0,0,0.0,0,0.0,0,0.0,0,0.0,0,0.0,0,0.0,0,0.0,0,0.0,0.00,0.0,0,0,0
3127090392,通投-新手的-青春款-定向-日弘-25.12.9-新笔记,被计划暂停,审核通过,通投,直播间直接支付ROI,笔记（直播组件）,69329335000000001f004eec,66f67e4c000000001d03127d,图文笔记,通投-新手的-青春款-定向-日弘-25.12.9-新笔记,161431053,2025-12-09 09:27:49,0.00,0,0,0.0%,0.0,0.0,0,0.00,0.0,0,0,0.0,0,0,0.0,0,0.0,0,0.0,0,0.0,0,0.0,0,0.0,0,0.0,0,0.0,0,0.0,0,0.0,0.00,0.0,0,0,0
3090077916,通投-养颜必看-合集款-定向-日弘-25.12.5-新笔记-赛马,暂停,审核通过,通投,直播间直接支付ROI,笔记（直播组件）,692e49d1000000001e03004c,66f67e4c000000001d03127d,图文笔记,通投-新笔记赛马合集-多款-定向-日弘-25.12.5,160574512,2025-12-05 14:12:20,0.00,0,0,0.0%,0.0,0.0,0,0.00,0.0,0,0,0.0,0,0,0.0,0,0.0,0,0.0,0,0.0,0,0.0,0,0.0,0,0.0,0,0.0,0,0.0,0,0.0,0.00,0.0,0,0,0
3090077915,通投-这篇就够-青春款-定向-日弘-25.12.5-新笔记-赛马,暂停,审核通过,通投,直播间直接支付ROI,笔记（直播组件）,692e4ce0000000001e031250,66f67e4c000000001d03127d,图文笔记,通投-新笔记赛马合集-多款-定向-日弘-25.12.5,160574512,2025-12-05 14:12:20,0.00,0,0,0.0%,0.0,0.0,0,0.00,0.0,0,0,0.0,0,0,0.0,0,0.0,0,0.0,0,0.0,0,0.0,0,0.0,0,0.0,0,0.0,0,0.0,0,0.0,0.00,0.0,0,0,0
3090077914,通投-孕妈硬核-星光款-定向-日弘-25.12.5-新笔记-赛马,被计划暂停,审核通过,通投,直播间直接支付ROI,笔记（直播组件）,692ff60a000000001e028064,66f67e4c000000001d03127d,图文笔记,通投-新笔记赛马合集-多款-定向-日弘-25.12.5,160574512,2025-12-05 14:12:20,0.00,0,0,0.0%,0.0,0.0,0,0.00,0.0,0,0,0.0,0,0,0.0,0,0.0,0,0.0,0,0.0,0,0.0,0,0.0,0,0.0,0,0.0,0,0.0,0,0.0,0.00,0.0,0,0,0
3090077913,通投-孕期想食补-星光款-定向-日弘-25.12.5-新笔记-视频组-赛马,暂停,审核通过,通投,直播间直接支付ROI,笔记（直播组件）,692e52a4000000001e039726,66f67e4c000000001d03127d,视频笔记,通投-新笔记赛马合集-多款-定向-日弘-25.12.5,160574512,2025-12-05 14:12:20,0.00,0,0,0.0%,0.0,0.0,0,0.00,0.0,0,0,0.0,0,0,0.0,0,0.0,0,0.0,0,0.0,0,0.0,0,0.0,0,0.0,0,0.0,0,0.0,0,0.0,0.00,0.0,0,0,0
3090077912,通投-黄金思路-星光款-定向-日弘-25.12.5-新笔记-赛马,暂停,审核通过,通投,直播间直接支付ROI,笔记（直播组件）,6915a8bc00000000040105af,66f67e4c000000001d03127d,图文笔记,通投-新笔记赛马合集-多款-定向-日弘-25.12.5,160574512,2025-12-05 14:12:20,0.00,0,0,0.0%,0.0,0.0,0,0.00,0.0,0,0,0.0,0,0,0.0,0,0.0,0,0.0,0,0.0,0,0.0,0,0.0,0,0.0,0,0.0,0,0.0,0,0.0,0.00,0.0,0,0,0
3088795011,通投-葛子妮Nini-星光款-高产人群包-达人-25.12.5-历史优质,被计划暂停,审核通过,通投,直播间直接支付ROI,笔记（直播组件）,6912ca5c0000000004017d53,556b0fdfc2bdeb414a27803f,视频笔记,通投-赛马合集-星光款-高产人群包-达人-25.12.5,160544096,2025-12-05 11:29:48,0.00,0,0,0.0%,0.0,0.0,0,0.00,0.0,0,0,0.0,0,0,0.0,0,0.0,0,0.0,0,0.0,0,0.0,0,0.0,0,0.0,0,0.0,0,0.0,0,0.0,0.00,0.0,0,0,0
3088795010,通投-黛西也是得喜-星光款-高产人群包-达人-25.12.5-历史优质,被计划暂停,审核通过,通投,直播间直接支付ROI,笔记（直播组件）,69159f3c000000000d03a4eb,55c2d947c2bdeb128a723508,视频笔记,通投-赛马合集-星光款-高产人群包-达人-25.12.5,160544096,2025-12-05 11:29:48,0.00,0,0,0.0%,0.0,0.0,0,0.00,0.0,0,0,0.0,0,0,0.0,0,0.0,0,0.0,0,0.0,0,0.0,0,0.0,0,0.0,0,0.0,0,0.0,0,0.0,0.00,0.0,0,0,0
3088795009,通投-sukrys_雪子-星光款-高产人群包-达人-25.12.5-历史优质,暂停,审核通过,通投,直播间直接支付ROI,笔记（直播组件）,691574ec000000000700a003,565876d682718c527ecad930,视频笔记,通投-赛马合集-星光款-高产人群包-达人-25.12.5,160544096,2025-12-05 11:29:48,0.00,0,0,0.0%,0.0,0.0,0,0.00,0.0,0,0,0.0,0,0,0.0,0,0.0,0,0.0,0,0.0,0,0.0,0,0.0,0,0.0,0,0.0,0,0.0,0,0.0,0.00,0.0,0,0,0
3086947803,通投-舟舟来也转载-星光款-定向-官号-25.12.5-新笔记,暂停,审核通过,通投,直播间直接支付ROI,笔记（直播组件）,691c1dba000000001e029715,583691373460942ae8fc16bb,视频笔记,通投-官号赛马-星光款-定向-官号-25.12.5,160491654,2025-12-05 09:04:14,0.00,0,0,0.0%,0.0,0.0,0,0.00,0.0,0,0,0.0,0,0,0.0,0,0.0,0,0.0,0,0.0,0,0.0,0,0.0,0,0.0,0,0.0,0,0.0,0,0.0,0.00,0.0,0,0,0
3086947802,通投-Sara苏转载-星光款-定向-官号-25.12.5-新笔记,暂停,审核通过,通投,直播间直接支付ROI,笔记（直播组件）,6912ee9d000000000503a8e4,583691373460942ae8fc16bb,视频笔记,通投-官号赛马-星光款-定向-官号-25.12.5,160491654,2025-12-05 09:04:14,0.00,0,0,0.0%,0.0,0.0,0,0.00,0.0,0,0,0.0,0,0,0.0,0,0.0,0,0.0,0,0.0,0,0.0,0,0.0,0,0.0,0,0.0,0,0.0,0,0.0,0.00,0.0,0,0,0
3086947801,通投-阿瓜转载-星光款-定向-官号-25.12.5-新笔记,暂停,审核通过,通投,直播间直接支付ROI,笔记（直播组件）,692eb3c3000000001e02e416,583691373460942ae8fc16bb,视频笔记,通投-官号赛马-星光款-定向-官号-25.12.5,160491654,2025-12-05 09:04:14,0.00,0,0,0.0%,0.0,0.0,0,0.00,0.0,0,0,0.0,0,0,0.0,0,0.0,0,0.0,0,0.0,0,0.0,0,0.0,0,0.0,0,0.0,0,0.0,0,0.0,0.00,0.0,0,0,0
3086947800,通投-诗韩本韩-星光款-定向-官号-25.12.5-新笔记,被计划暂停,审核拒绝,通投,直播间直接支付ROI,笔记（直播组件）,692eb472000000001e0245af,583691373460942ae8fc16bb,视频笔记,通投-官号赛马-星光款-定向-官号-25.12.5,160491654,2025-12-05 09:04:14,0.00,0,0,0.0%,0.0,0.0,0,0.00,0.0,0,0,0.0,0,0,0.0,0,0.0,0,0.0,0,0.0,0,0.0,0,0.0,0,0.0,0,0.0,0,0.0,0,0.0,0.00,0.0,0,0,0
3059071252,通投-大鼻儿转载-星光款-系统-官号-25.12.2-新笔记-秋冬滋补,暂停,审核通过,通投,直播间直接支付ROI,笔记（直播组件）,6927c967000000001e02c0f7,583691373460942ae8fc16bb,视频笔记,通投-官号赛马-星光款-系统-官号-25.11.21,157147408,2025-12-02 16:22:00,0.00,0,0,0.0%,0.0,0.0,0,0.00,0.0,0,0,0.0,0,0,0.0,0,0.0,0,0.0,0,0.0,0,0.0,0,0.0,0,0.0,0,0.0,0,0.0,0,0.0,0.00,0.0,0,0,0
3058814105,通投-孕期想食补-星光款-定向-日弘-25.12.2-新笔记-视频组,被计划暂停,审核通过,通投,直播间直接支付ROI,笔记（直播组件）,692e52a4000000001e039726,66f67e4c000000001d03127d,视频笔记,通投-孕期想食补-星光款-定向-日弘-25.12.2-新笔记-视频组,159742414,2025-12-02 15:40:31,0.00,0,0,0.0%,0.0,0.0,0,0.00,0.0,0,0,0.0,0,0,0.0,0,0.0,0,0.0,0,0.0,0,0.0,0,0.0,0,0.0,0,0.0,0,0.0,0,0.0,0.00,0.0,0,0,0
3058691733,通投-这篇就够-青春款-定向-日弘-25.12.2-新笔记,被计划暂停,审核通过,通投,直播间直接支付ROI,笔记（直播组件）,692e4ce0000000001e031250,66f67e4c000000001d03127d,图文笔记,通投-这篇就够-青春款-定向-日弘-25.12.2-新笔记,159747988,2025-12-02 15:38:58,0.00,0,0,0.0%,0.0,0.0,0,0.00,0.0,0,0,0.0,0,0,0.0,0,0.0,0,0.0,0,0.0,0,0.0,0,0.0,0,0.0,0,0.0,0,0.0,0,0.0,0.00,0.0,0,0,0
3058535547,通投-养颜必看-合集款-定向-日弘-25.12.2-新笔记,被计划暂停,审核通过,通投,直播间直接支付ROI,笔记（直播组件）,692e49d1000000001e03004c,66f67e4c000000001d03127d,图文笔记,通投-养颜必看-合集款-定向-日弘-25.12.2-新笔记,159742268,2025-12-02 15:37:54,0.00,0,0,0.0%,0.0,0.0,0,0.00,0.0,0,0,0.0,0,0,0.0,0,0.0,0,0.0,0,0.0,0,0.0,0,0.0,0,0.0,0,0.0,0,0.0,0,0.0,0.00,0.0,0,0,0
3054439103,通投- 是Lucy欧尼转载-星光款-孕期学习人群包-官号-2025.12.2,暂停,审核通过,通投,直播间直接支付ROI,笔记（直播组件）,674d29300000000008005634,583691373460942ae8fc16bb,图文笔记,通投-优质合集-星光款-孕期学习人群包-25.11.24,157773529,2025-12-02 09:09:23,0.00,0,0,0.0%,0.0,0.0,0,0.00,0.0,0,0,0.0,0,0,0.0,0,0.0,0,0.0,0,0.0,0,0.0,0,0.0,0,0.0,0,0.0,0,0.0,0,0.0,0.00,0.0,0,0,0
3048792519,通投-云卷云舒_转载-星光款-孕期学习人群包-官号-25.12.1-新笔记,被计划暂停,审核通过,通投,直播间直接支付ROI,笔记（直播组件）,68f9d0c70000000004016341,583691373460942ae8fc16bb,视频笔记,通投-优质合集-星光款-孕期学习人群包-25.11.24,157773529,2025-12-01 16:26:37,0.00,0,0,0.0%,0.0,0.0,0,0.00,0.0,0,0,0.0,0,0,0.0,0,0.0,0,0.0,0,0.0,0,0.0,0,0.0,0,0.0,0,0.0,0,0.0,0,0.0,0.00,0.0,0,0,0
3048792518,通投-Sara苏转载-星光款-孕期学习人群包-官号-25.12.1-新笔记,暂停,不满足审核条件,通投,直播间直接支付ROI,笔记（直播组件）,6912ee9d000000000503a8e4,583691373460942ae8fc16bb,视频笔记,通投-优质合集-星光款-孕期学习人群包-25.11.24,157773529,2025-12-01 16:26:37,0.00,0,0,0.0%,0.0,0.0,0,0.00,0.0,0,0,0.0,0,0,0.0,0,0.0,0,0.0,0,0.0,0,0.0,0,0.0,0,0.0,0,0.0,0,0.0,0,0.0,0.00,0.0,0,0,0
3048515970,通投-跟着陈数-星光款-定向-日弘-25.12.1-优化测试,暂停,审核通过,通投,直播间直接支付ROI,笔记（直播组件）,691d7188000000001e02f362,66f67e4c000000001d03127d,图文笔记,通投-优化合集3-多款-定向-日弘-25.12.1,159475530,2025-12-01 16:15:29,0.00,0,0,0.0%,0.0,0.0,0,0.00,0.0,0,0,0.0,0,0,0.0,0,0.0,0,0.0,0,0.0,0,0.0,0,0.0,0,0.0,0,0.0,0,0.0,0,0.0,0.00,0.0,0,0,0
3048515969,通投-嘭弹肌-星光款-定向-日弘-25.12.1-秋冬滋补,暂停,审核通过,通投,直播间直接支付ROI,笔记（直播组件）,68f0bc530000000005033d8f,66f67e4c000000001d03127d,图文笔记,通投-优化合集3-多款-定向-日弘-25.12.1,159475530,2025-12-01 16:15:29,0.00,0,0,0.0%,0.0,0.0,0,0.00,0.0,0,0,0.0,0,0,0.0,0,0.0,0,0.0,0,0.0,0,0.0,0,0.0,0,0.0,0,0.0,0,0.0,0,0.0,0.00,0.0,0,0,0
3037250768,通投-燕窝新-合集款-定向-日弘-25.11.30-优化测试,暂停,审核通过,通投,直播间直接支付ROI,笔记（直播组件）,6735ba5f000000003c015663,583691373460942ae8fc16bb,图文笔记,通投-优化合集2-多款-定向-日弘-25.11.30,159229143,2025-11-30 11:47:29,0.00,0,0,0.0%,0.0,0.0,0,0.00,0.0,0,0,0.0,0,0,0.0,0,0.0,0,0.0,0,0.0,0,0.0,0,0.0,0,0.0,0,0.0,0,0.0,0,0.0,0.00,0.0,0,0,0
3037250767,通投-内调变美-青春款-定向-日弘-25.11.30-秋冬滋补-视频组,被计划暂停,审核通过,通投,直播间直接支付ROI,笔记（直播组件）,68e9ec9e0000000005039a5a,66f67e4c000000001d03127d,视频笔记,通投-优化合集2-多款-定向-日弘-25.11.30,159229143,2025-11-30 11:47:29,0.00,0,0,0.0%,0.0,0.0,0,0.00,0.0,0,0,0.0,0,0,0.0,0,0.0,0,0.0,0,0.0,0,0.0,0,0.0,0,0.0,0,0.0,0,0.0,0,0.0,0.00,0.0,0,0,0
3037250766,通投-来帮你-合集款-定向-日弘-25.11.30-优化测试,被计划暂停,审核通过,通投,直播间直接支付ROI,笔记（直播组件）,68a2e439000000001b021e9a,66f67e4c000000001d03127d,图文笔记,通投-优化合集2-多款-定向-日弘-25.11.30,159229143,2025-11-30 11:47:29,0.00,0,0,0.0%,0.0,0.0,0,0.00,0.0,0,0,0.0,0,0,0.0,0,0.0,0,0.0,0,0.0,0,0.0,0,0.0,0,0.0,0,0.0,0,0.0,0,0.0,0.00,0.0,0,0,0
3037250765,通投-经验之谈-星光款-定向-日弘-25.11.30-秋冬滋补,被计划暂停,审核通过,通投,直播间直接支付ROI,笔记（直播组件）,68ba8803000000001b032054,66f67e4c000000001d03127d,图文笔记,通投-优化合集2-多款-定向-日弘-25.11.30,159229143,2025-11-30 11:47:29,0.00,0,0,0.0%,0.0,0.0,0,0.00,0.0,0,0,0.0,0,0,0.0,0,0.0,0,0.0,0,0.0,0,0.0,0,0.0,0,0.0,0,0.0,0,0.0,0,0.0,0.00,0.0,0,0,0
3037250764,通投-不踩坑指南-星光款-定向-日弘-25.11.30-秋冬滋补,暂停,审核通过,通投,直播间直接支付ROI,笔记（直播组件）,68c29dc2000000001c00f299,66f67e4c000000001d03127d,图文笔记,通投-优化合集2-多款-定向-日弘-25.11.30,159229143,2025-11-30 11:47:29,0.00,0,0,0.0%,0.0,0.0,0,0.00,0.0,0,0,0.0,0,0,0.0,0,0.0,0,0.0,0,0.0,0,0.0,0,0.0,0,0.0,0,0.0,0,0.0,0,0.0,0.00,0.0,0,0,0
3037250763,通投-孕期各-合集款-定向-日弘-25.11.30-优化测试,被计划暂停,审核通过,通投,直播间直接支付ROI,笔记（直播组件）,6826e9ea000000002102d1e1,66f67e4c000000001d03127d,图文笔记,通投-优化合集2-多款-定向-日弘-25.11.30,159229143,2025-11-30 11:47:29,0.00,0,0,0.0%,0.0,0.0,0,0.00,0.0,0,0,0.0,0,0,0.0,0,0.0,0,0.0,0,0.0,0,0.0,0,0.0,0,0.0,0,0.0,0,0.0,0,0.0,0.00,0.0,0,0,0
3037250762,通投-是赚到-合集款-定向-日弘-25.11.30-优化测试,被计划暂停,审核通过,通投,直播间直接支付ROI,笔记（直播组件）,67bfc3e6000000002900e48c,66f67e4c000000001d03127d,图文笔记,通投-优化合集2-多款-定向-日弘-25.11.30,159229143,2025-11-30 11:47:29,0.00,0,0,0.0%,0.0,0.0,0,0.00,0.0,0,0,0.0,0,0,0.0,0,0.0,0,0.0,0,0.0,0,0.0,0,0.0,0,0.0,0,0.0,0,0.0,0,0.0,0.00,0.0,0,0,0
3037250761,通投-老祖宗严选-星光款-定向-日弘-25.11.30-优化测试,被计划暂停,审核通过,通投,直播间直接支付ROI,笔记（直播组件）,688b20190000000023022560,66f67e4c000000001d03127d,图文笔记,通投-优化合集2-多款-定向-日弘-25.11.30,159229143,2025-11-30 11:47:29,0.00,0,0,0.0%,0.0,0.0,0,0.00,0.0,0,0,0.0,0,0,0.0,0,0.0,0,0.0,0,0.0,0,0.0,0,0.0,0,0.0,0,0.0,0,0.0,0,0.0,0.00,0.0,0,0,0
3037250760,通投-饱满肌-青春款-定向-日弘-25.11.30-优化测试,暂停,审核通过,通投,直播间直接支付ROI,笔记（直播组件）,686f734e000000002400bf48,66f67e4c000000001d03127d,图文笔记,通投-优化合集2-多款-定向-日弘-25.11.30,159229143,2025-11-30 11:47:29,0.00,0,0,0.0%,0.0,0.0,0,0.00,0.0,0,0,0.0,0,0,0.0,0,0.0,0,0.0,0,0.0,0,0.0,0,0.0,0,0.0,0,0.0,0,0.0,0,0.0,0.00,0.0,0,0,0
3037208504,通投-白花钱-合集款-定向-日弘-25.11.30-优化测试,暂停,审核通过,通投,直播间直接支付ROI,笔记（直播组件）,685e1679000000002203e622,66f67e4c000000001d03127d,图文笔记,通投-优化合集1-多款-定向-日弘-25.11.30,159233480,2025-11-30 11:35:33,0.00,0,0,0.0%,0.0,0.0,0,0.00,0.0,0,0,0.0,0,0,0.0,0,0.0,0,0.0,0,0.0,0,0.0,0,0.0,0,0.0,0,0.0,0,0.0,0,0.0,0.00,0.0,0,0,0
3037208503,通投-小白选-合集款-定向-日弘-25.11.30-优化测试,被计划暂停,审核通过,通投,直播间直接支付ROI,笔记（直播组件）,6800c0fe0000000007035cf4,583691373460942ae8fc16bb,图文笔记,通投-优化合集1-多款-定向-日弘-25.11.30,159233480,2025-11-30 11:35:33,0.00,0,0,0.0%,0.0,0.0,0,0.00,0.0,0,0,0.0,0,0,0.0,0,0.0,0,0.0,0,0.0,0,0.0,0,0.0,0,0.0,0,0.0,0,0.0,0,0.0,0.00,0.0,0,0,0
3037208502,通投-懂行的-合集款-定向-日弘-25.11.30-优化测试,被计划暂停,审核通过,通投,直播间直接支付ROI,笔记（直播组件）,66d7c90e000000001f03eb73,583691373460942ae8fc16bb,图文笔记,通投-优化合集1-多款-定向-日弘-25.11.30,159233480,2025-11-30 11:35:33,0.00,0,0,0.0%,0.0,0.0,0,0.00,0.0,0,0,0.0,0,0,0.0,0,0.0,0,0.0,0,0.0,0,0.0,0,0.0,0,0.0,0,0.0,0,0.0,0,0.0,0.00,0.0,0,0,0
3037208501,通投-中式滋-青春款-定向-日弘-25.11.30-优化测试,暂停,审核通过,通投,直播间直接支付ROI,笔记（直播组件）,6645ec79000000001e01ee7e,583691373460942ae8fc16bb,图文笔记,通投-优化合集1-多款-定向-日弘-25.11.30,159233480,2025-11-30 11:35:33,0.00,0,0,0.0%,0.0,0.0,0,0.00,0.0,0,0,0.0,0,0,0.0,0,0.0,0,0.0,0,0.0,0,0.0,0,0.0,0,0.0,0,0.0,0,0.0,0,0.0,0.00,0.0,0,0,0
3037208500,通投-内调外-星光款-定向-日弘-25.11.30-优化测试,暂停,审核通过,通投,直播间直接支付ROI,笔记（直播组件）,68428148000000002100013c,66f67e4c000000001d03127d,图文笔记,通投-优化合集1-多款-定向-日弘-25.11.30,159233480,2025-11-30 11:35:33,0.00,0,0,0.0%,0.0,0.0,0,0.00,0.0,0,0,0.0,0,0,0.0,0,0.0,0,0.0,0,0.0,0,0.0,0,0.0,0,0.0,0,0.0,0,0.0,0,0.0,0.00,0.0,0,0,0
3037208499,通投-想不到-青春款-定向-日弘-25.11.30-优化测试,暂停,审核通过,通投,直播间直接支付ROI,笔记（直播组件）,688b20f30000000023022bd8,66f67e4c000000001d03127d,图文笔记,通投-优化合集1-多款-定向-日弘-25.11.30,159233480,2025-11-30 11:35:33,0.00,0,0,0.0%,0.0,0.0,0,0.00,0.0,0,0,0.0,0,0,0.0,0,0.0,0,0.0,0,0.0,0,0.0,0,0.0,0,0.0,0,0.0,0,0.0,0,0.0,0.00,0.0,0,0,0
3037208498,通投-二胎孕妈私藏-星光款-定向-日弘-25.11.30-优化测试-视频组,暂停,审核通过,通投,直播间直接支付ROI,笔记（直播组件）,68fae9d80000000005032b06,66f67e4c000000001d03127d,视频笔记,通投-优化合集1-多款-定向-日弘-25.11.30,159233480,2025-11-30 11:35:33,0.00,0,0,0.0%,0.0,0.0,0,0.00,0.0,0,0,0.0,0,0,0.0,0,0.0,0,0.0,0,0.0,0,0.0,0,0.0,0,0.0,0,0.0,0,0.0,0,0.0,0.00,0.0,0,0,0
3007670661,通投-秘诀藏在这-星光款-定向-日弘-25.11.27-新笔记-视频组,被计划暂停,审核通过,通投,直播间直接支付ROI,笔记（直播组件）,6926c00d000000001e0259da,66f67e4c000000001d03127d,视频笔记,通投-秘诀藏在这-星光款-定向-日弘-25.11.27-新笔记-视频组,158519488,2025-11-27 11:07:13,0.00,0,0,0.0%,0.0,0.0,0,0.00,0.0,0,0,0.0,0,0,0.0,0,0.0,0,0.0,0,0.0,0,0.0,0,0.0,0,0.0,0,0.0,0,0.0,0,0.0,0.00,0.0,0,0,0
2989784465,通投-黄金思路-星光款-定向-日弘-25.11.25-新笔记,暂停,审核通过,通投,直播间直接支付ROI,笔记（直播组件）,6915a8bc00000000040105af,66f67e4c000000001d03127d,图文笔记,通投-黄金思路-星光款-定向-日弘-25.11.25-新笔记,158078795,2025-11-25 17:20:06,0.00,0,0,0.0%,0.0,0.0,0,0.00,0.0,0,0,0.0,0,0,0.0,0,0.0,0,0.0,0,0.0,0,0.0,0,0.0,0,0.0,0,0.0,0,0.0,0,0.0,0.00,0.0,0,0,0
2980724698,通投-子申Spring-星光款-定向-达人-25.11.24-新笔记,被计划暂停,审核通过,通投,直播间直接支付ROI,笔记（直播组件）,6918813a00000000050390ba,66a4d8aa000000001d0310d4,视频笔记,通投-赛马合集2-星光款-定向-达人-25.11.24,157840777,2025-11-24 20:41:33,0.00,0,0,0.0%,0.0,0.0,0,0.00,0.0,0,0,0.0,0,0,0.0,0,0.0,0,0.0,0,0.0,0,0.0,0,0.0,0,0.0,0,0.0,0,0.0,0,0.0,0.00,0.0,0,0,0
2980724697,通投-辣个咩咩酱-星光款-定向-达人-25.11.24-新笔记,暂停,审核拒绝,通投,直播间直接支付ROI,笔记（直播组件）,6916dcc9000000000d037df6,556c4eb8e58d13385c4bc6b5,视频笔记,通投-赛马合集2-星光款-定向-达人-25.11.24,157840777,2025-11-24 20:41:33,0.00,0,0,0.0%,0.0,0.0,0,0.00,0.0,0,0,0.0,0,0,0.0,0,0.0,0,0.0,0,0.0,0,0.0,0,0.0,0,0.0,0,0.0,0,0.0,0,0.0,0.00,0.0,0,0,0
2980724696,通投-余香cheese-星光款-定向-达人-25.11.24-新笔记,暂停,审核通过,通投,直播间直接支付ROI,笔记（直播组件）,6912faeb000000000300dae7,62adcb5c000000001b026aa7,视频笔记,通投-赛马合集2-星光款-定向-达人-25.11.24,157840777,2025-11-24 20:41:33,0.00,0,0,0.0%,0.0,0.0,0,0.00,0.0,0,0,0.0,0,0,0.0,0,0.0,0,0.0,0,0.0,0,0.0,0,0.0,0,0.0,0,0.0,0,0.0,0,0.0,0.00,0.0,0,0,0
2980724695,通投-黛西也是得喜-星光款-定向-达人-25.11.24-新笔记,被计划暂停,审核通过,通投,直播间直接支付ROI,笔记（直播组件）,69159f3c000000000d03a4eb,55c2d947c2bdeb128a723508,视频笔记,通投-赛马合集2-星光款-定向-达人-25.11.24,157840777,2025-11-24 20:41:33,0.00,0,0,0.0%,0.0,0.0,0,0.00,0.0,0,0,0.0,0,0,0.0,0,0.0,0,0.0,0,0.0,0,0.0,0,0.0,0,0.0,0,0.0,0,0.0,0,0.0,0.00,0.0,0,0,0
2980724694,通投-sukrys_雪子-星光款-定向-达人-25.11.24-新笔记,暂停,审核通过,通投,直播间直接支付ROI,笔记（直播组件）,691574ec000000000700a003,565876d682718c527ecad930,视频笔记,通投-赛马合集2-星光款-定向-达人-25.11.24,157840777,2025-11-24 20:41:33,0.00,0,0,0.0%,0.0,0.0,0,0.00,0.0,0,0,0.0,0,0,0.0,0,0.0,0,0.0,0,0.0,0,0.0,0,0.0,0,0.0,0,0.0,0,0.0,0,0.0,0.00,0.0,0,0,0
2980674312,通投-比尔学长-星光款-定向-达人-25.11.24-新笔记,暂停,审核通过,通投,直播间直接支付ROI,笔记（直播组件）,690dd025000000000301adf8,61e17b2b000000001000bb64,视频笔记,通投-赛马合集-星光款-定向-达人-25.11.24,157850321,2025-11-24 20:39:23,0.00,0,0,0.0%,0.0,0.0,0,0.00,0.0,0,0,0.0,0,0,0.0,0,0.0,0,0.0,0,0.0,0,0.0,0,0.0,0,0.0,0,0.0,0,0.0,0,0.0,0.00,0.0,0,0,0
2980674311,通投-Ali吴礼人-星光款-定向-达人-25.11.24-新笔记,暂停,审核拒绝,通投,直播间直接支付ROI,笔记（直播组件）,690d694d000000000700b77a,5baa5506fe905700011b5ff6,视频笔记,通投-赛马合集-星光款-定向-达人-25.11.24,157850321,2025-11-24 20:39:23,0.00,0,0,0.0%,0.0,0.0,0,0.00,0.0,0,0,0.0,0,0,0.0,0,0.0,0,0.0,0,0.0,0,0.0,0,0.0,0,0.0,0,0.0,0,0.0,0,0.0,0.00,0.0,0,0,0
2980674310,通投-小吴小吴-星光款-定向-达人-25.11.24-新笔记,暂停,审核通过,通投,直播间直接支付ROI,笔记（直播组件）,690c14c6000000000301887c,6284a5af00000000210205e4,视频笔记,通投-赛马合集-星光款-定向-达人-25.11.24,157850321,2025-11-24 20:39:23,0.00,0,0,0.0%,0.0,0.0,0,0.00,0.0,0,0,0.0,0,0,0.0,0,0.0,0,0.0,0,0.0,0,0.0,0,0.0,0,0.0,0,0.0,0,0.0,0,0.0,0.00,0.0,0,0,0
2980674309,通投-葛子妮Nini-星光款-定向-达人-25.11.24-新笔记,暂停,审核通过,通投,直播间直接支付ROI,笔记（直播组件）,6912ca5c0000000004017d53,556b0fdfc2bdeb414a27803f,视频笔记,通投-赛马合集-星光款-定向-达人-25.11.24,157850321,2025-11-24 20:39:23,0.00,0,0,0.0%,0.0,0.0,0,0.00,0.0,0,0,0.0,0,0,0.0,0,0.0,0,0.0,0,0.0,0,0.0,0,0.0,0,0.0,0,0.0,0,0.0,0,0.0,0.00,0.0,0,0,0
2980674308,通投-Miranda.M-星光款-定向-达人-25.11.24-新笔记,暂停,审核拒绝,通投,直播间直接支付ROI,笔记（直播组件）,690b19dc00000000070015d6,59f1f1ea4eacab2d24c3f4ee,视频笔记,通投-赛马合集-星光款-定向-达人-25.11.24,157850321,2025-11-24 20:39:23,0.00,0,0,0.0%,0.0,0.0,0,0.00,0.0,0,0,0.0,0,0,0.0,0,0.0,0,0.0,0,0.0,0,0.0,0,0.0,0,0.0,0,0.0,0,0.0,0,0.0,0.00,0.0,0,0,0
2977542489,通投-只有小仙炖-星光款-孕期学习人群包-新号-25.11.24-新笔记,暂停,审核通过,通投,直播间直接支付ROI,笔记（直播组件）,69144500000000000503bfc4,66f67e4c000000001d03127d,视频笔记,通投-优质合集-星光款-孕期学习人群包-25.11.24,157773529,2025-11-24 15:02:54,0.00,0,0,0.0%,0.0,0.0,0,0.00,0.0,0,0,0.0,0,0,0.0,0,0.0,0,0.0,0,0.0,0,0.0,0,0.0,0,0.0,0,0.0,0,0.0,0,0.0,0.00,0.0,0,0,0
2977542488,通投-半个娱乐圈-星光款-孕期学习人群包-新号-25.11.24-新笔记,暂停,不满足审核条件,通投,直播间直接支付ROI,笔记（直播组件）,6914466c0000000005010065,66f67e4c000000001d03127d,视频笔记,通投-优质合集-星光款-孕期学习人群包-25.11.24,157773529,2025-11-24 15:02:54,0.00,0,0,0.0%,0.0,0.0,0,0.00,0.0,0,0,0.0,0,0,0.0,0,0.0,0,0.0,0,0.0,0,0.0,0,0.0,0,0.0,0,0.0,0,0.0,0,0.0,0.00,0.0,0,0,0
2977542487,通投-舟舟来也转载-星光款-孕期学习人群包-官号-25.11.24-新笔记,暂停,审核通过,通投,直播间直接支付ROI,笔记（直播组件）,691c1dba000000001e029715,583691373460942ae8fc16bb,视频笔记,通投-优质合集-星光款-孕期学习人群包-25.11.24,157773529,2025-11-24 15:02:54,0.00,0,0,0.0%,0.0,0.0,0,0.00,0.0,0,0,0.0,0,0,0.0,0,0.0,0,0.0,0,0.0,0,0.0,0,0.0,0,0.0,0,0.0,0,0.0,0,0.0,0.00,0.0,0,0,0
2954320827,通投-小七妈咪转载-星光款-系统-官号-25.11.21-新笔记,暂停,审核通过,通投,直播间直接支付ROI,笔记（直播组件）,691c1ea9000000001e030be7,583691373460942ae8fc16bb,视频笔记,通投-官号赛马-星光款-系统-官号-25.11.21,157147408,2025-11-21 23:25:55,0.00,0,0,0.0%,0.0,0.0,0,0.00,0.0,0,0,0.0,0,0,0.0,0,0.0,0,0.0,0,0.0,0,0.0,0,0.0,0,0.0,0,0.0,0,0.0,0,0.0,0.00,0.0,0,0,0
2954320826,通投-舟舟来也转载-星光款-系统-官号-25.11.21-新笔记,暂停,审核通过,通投,直播间直接支付ROI,笔记（直播组件）,691c1dba000000001e029715,583691373460942ae8fc16bb,视频笔记,通投-官号赛马-星光款-系统-官号-25.11.21,157147408,2025-11-21 23:25:55,0.00,0,0,0.0%,0.0,0.0,0,0.00,0.0,0,0,0.0,0,0,0.0,0,0.0,0,0.0,0,0.0,0,0.0,0,0.0,0,0.0,0,0.0,0,0.0,0,0.0,0.00,0.0,0,0,0
2954320825,通投-七月诗诗转载-星光款-系统-官号-25.11.21-新笔记,暂停,审核通过,通投,直播间直接支付ROI,笔记（直播组件）,6912efae0000000004002d22,583691373460942ae8fc16bb,视频笔记,通投-官号赛马-星光款-系统-官号-25.11.21,157147408,2025-11-21 23:25:55,0.00,0,0,0.0%,0.0,0.0,0,0.00,0.0,0,0,0.0,0,0,0.0,0,0.0,0,0.0,0,0.0,0,0.0,0,0.0,0,0.0,0,0.0,0,0.0,0,0.0,0.00,0.0,0,0,0
2954320824,通投-Sara苏转载-星光款-系统-官号-25.11.21-新笔记,暂停,审核通过,通投,直播间直接支付ROI,笔记（直播组件）,6912ee9d000000000503a8e4,583691373460942ae8fc16bb,视频笔记,通投-官号赛马-星光款-系统-官号-25.11.21,157147408,2025-11-21 23:25:55,0.00,0,0,0.0%,0.0,0.0,0,0.00,0.0,0,0,0.0,0,0,0.0,0,0.0,0,0.0,0,0.0,0,0.0,0,0.0,0,0.0,0,0.0,0,0.0,0,0.0,0.00,0.0,0,0,0
2931573504,通投-跟着陈数-星光款-定向-日弘-25.11.19-新笔记,暂停,审核通过,通投,直播间直接支付ROI,笔记（直播组件）,691d7188000000001e02f362,66f67e4c000000001d03127d,图文笔记,通投-跟着陈数-星光款-定向-日弘-25.11.19-新笔记,156629617,2025-11-19 17:52:29,0.00,0,0,0.0%,0.0,0.0,0,0.00,0.0,0,0,0.0,0,0,0.0,0,0.0,0,0.0,0,0.0,0,0.0,0,0.0,0,0.0,0,0.0,0,0.0,0,0.0,0.00,0.0,0,0,0
2930696841,通投-张悦儿-星光款-定向-达人-25.11.19-新笔记,暂停,审核通过,通投,直播间直接支付ROI,笔记（直播组件）,690b7c060000000004002e67,5a8cf11611be1045bb579070,视频笔记,通投-张悦儿-星光款-定向-达人-25.11.19-新笔记,156614147,2025-11-19 16:07:29,0.00,0,0,0.0%,0.0,0.0,0,0.00,0.0,0,0,0.0,0,0,0.0,0,0.0,0,0.0,0,0.0,0,0.0,0,0.0,0,0.0,0,0.0,0,0.0,0,0.0,0.00,0.0,0,0,0
2930591107,通投-张悦儿-星光款-系统-达人-25.11.19-新笔记,被计划暂停,审核通过,通投,直播间直接支付ROI,笔记（直播组件）,690b7c060000000004002e67,5a8cf11611be1045bb579070,视频笔记,通投-张悦儿-星光款-系统-达人-25.11.19-新笔记,156598656,2025-11-19 16:06:44,0.00,0,0,0.0%,0.0,0.0,0,0.00,0.0,0,0,0.0,0,0,0.0,0,0.0,0,0.0,0,0.0,0,0.0,0,0.0,0,0.0,0,0.0,0,0.0,0,0.0,0.00,0.0,0,0,0
2920374513,通投-天使宝宝-星光款-定向-日弘-25.11.18-新笔记-视频组,暂停,审核通过,通投,直播间直接支付ROI,笔记（直播组件）,691c0874000000001e02e003,66f67e4c000000001d03127d,视频笔记,通投-天使宝宝-星光款-定向-日弘-25.11.18-新笔记-视频组,156341996,2025-11-18 15:39:13,0.00,0,0,0.0%,0.0,0.0,0,0.00,0.0,0,0,0.0,0,0,0.0,0,0.0,0,0.0,0,0.0,0,0.0,0,0.0,0,0.0,0,0.0,0,0.0,0,0.0,0.00,0.0,0,0,0
2883984432,通投-聪明孕-青春款-定向-日弘-25.11.13-历史优质,暂停,审核通过,通投,直播间直接支付ROI,笔记（直播组件）,66714c48000000001d0161ee,583691373460942ae8fc16bb,图文笔记,通投-聪明孕-青春款-定向-日弘-25.11.13-历史优质,155269411,2025-11-14 16:26:36,0.00,0,0,0.0%,0.0,0.0,0,0.00,0.0,0,0,0.0,0,0,0.0,0,0.0,0,0.0,0,0.0,0,0.0,0,0.0,0,0.0,0,0.0,0,0.0,0,0.0,0.00,0.0,0,0,0
2884144145,通投-黄金思路-星光款-系统-日弘-25.11.14-新笔记,被计划暂停,审核通过,通投,直播间直接支付ROI,笔记（直播组件）,6915a8bc00000000040105af,66f67e4c000000001d03127d,图文笔记,通投-黄金思路-星光款-系统-日弘-25.11.14-新笔记,155588499,2025-11-14 16:24:02,0.00,0,0,0.0%,0.0,0.0,0,0.00,0.0,0,0,0.0,0,0,0.0,0,0.0,0,0.0,0,0.0,0,0.0,0,0.0,0,0.0,0,0.0,0,0.0,0,0.0,0.00,0.0,0,0,0
2874718378,通投-投资指南-星光款-定向-新号-25.11.13-新笔记,暂停,审核通过,通投,直播间直接支付ROI,笔记（直播组件）,69144d350000000004016853,66f67e4c000000001d03127d,图文笔记,通投-新号赛马2-多款-定向-新号-25.11.13,155378845,2025-11-13 17:42:59,0.00,0,0,0.0%,0.0,0.0,0,0.00,0.0,0,0,0.0,0,0,0.0,0,0.0,0,0.0,0,0.0,0,0.0,0,0.0,0,0.0,0,0.0,0,0.0,0,0.0,0.00,0.0,0,0,0
2874718377,通投-半个娱乐圈-星光款-定向-新号-25.11.13-新笔记,暂停,审核通过,通投,直播间直接支付ROI,笔记（直播组件）,6914466c0000000005010065,66f67e4c000000001d03127d,视频笔记,通投-新号赛马2-多款-定向-新号-25.11.13,155378845,2025-11-13 17:42:59,0.00,0,0,0.0%,0.0,0.0,0,0.00,0.0,0,0,0.0,0,0,0.0,0,0.0,0,0.0,0,0.0,0,0.0,0,0.0,0,0.0,0,0.0,0,0.0,0,0.0,0.00,0.0,0,0,0
2874718376,通投-别纠结啦-合集款-定向-新号-25.11.13-新笔记,暂停,审核通过,通投,直播间直接支付ROI,笔记（直播组件）,691453f8000000000503aab0,66f67e4c000000001d03127d,图文笔记,通投-新号赛马2-多款-定向-新号-25.11.13,155378845,2025-11-13 17:42:59,0.00,0,0,0.0%,0.0,0.0,0,0.00,0.0,0,0,0.0,0,0,0.0,0,0.0,0,0.0,0,0.0,0,0.0,0,0.0,0,0.0,0,0.0,0,0.0,0,0.0,0.00,0.0,0,0,0
2874718375,通投-内调才是硬道理-星光款-定向-新号-25.11.13-新笔记,暂停,审核通过,通投,直播间直接支付ROI,笔记（直播组件）,69144d82000000000402817b,66f67e4c000000001d03127d,图文笔记,通投-新号赛马2-多款-定向-新号-25.11.13,155378845,2025-11-13 17:42:59,0.00,0,0,0.0%,0.0,0.0,0,0.00,0.0,0,0,0.0,0,0,0.0,0,0.0,0,0.0,0,0.0,0,0.0,0,0.0,0,0.0,0,0.0,0,0.0,0,0.0,0.00,0.0,0,0,0
2874718374,通投-养女孩抄作业-青春款-定向-新号-25.11.13-新笔记,暂停,审核通过,通投,直播间直接支付ROI,笔记（直播组件）,6914532b0000000004005aa4,66f67e4c000000001d03127d,图文笔记,通投-新号赛马2-多款-定向-新号-25.11.13,155378845,2025-11-13 17:42:59,0.00,0,0,0.0%,0.0,0.0,0,0.00,0.0,0,0,0.0,0,0,0.0,0,0.0,0,0.0,0,0.0,0,0.0,0,0.0,0,0.0,0,0.0,0,0.0,0,0.0,0.00,0.0,0,0,0
2874718373,通投-打工人带薪养生-青春款-定向-新号-25.11.13-新笔记,暂停,审核通过,通投,直播间直接支付ROI,笔记（直播组件）,691453a40000000005030c46,66f67e4c000000001d03127d,图文笔记,通投-新号赛马2-多款-定向-新号-25.11.13,155378845,2025-11-13 17:42:59,0.00,0,0,0.0%,0.0,0.0,0,0.00,0.0,0,0,0.0,0,0,0.0,0,0.0,0,0.0,0,0.0,0,0.0,0,0.0,0,0.0,0,0.0,0,0.0,0,0.0,0.00,0.0,0,0,0
2874711183,通投-只有小仙炖-星光款-定向-新号-25.11.13-新笔记,暂停,审核通过,通投,直播间直接支付ROI,笔记（直播组件）,69144500000000000503bfc4,66f67e4c000000001d03127d,视频笔记,通投-新号赛马-多款-定向-新号-25.11.13,155353616,2025-11-13 17:38:35,0.00,0,0,0.0%,0.0,0.0,0,0.00,0.0,0,0,0.0,0,0,0.0,0,0.0,0,0.0,0,0.0,0,0.0,0,0.0,0,0.0,0,0.0,0,0.0,0,0.0,0.00,0.0,0,0,0
2874711182,通投-新手别乱买-合集款-定向-新号-25.11.13-新笔记,被计划暂停,审核通过,通投,直播间直接支付ROI,笔记（直播组件）,69143f4b000000000400503f,66f67e4c000000001d03127d,图文笔记,通投-新号赛马-多款-定向-新号-25.11.13,155353616,2025-11-13 17:38:35,0.00,0,0,0.0%,0.0,0.0,0,0.00,0.0,0,0,0.0,0,0,0.0,0,0.0,0,0.0,0,0.0,0,0.0,0,0.0,0,0.0,0,0.0,0,0.0,0,0.0,0.00,0.0,0,0,0
2874711181,通投-给宝宝满满-青春款-定向-新号-25.11.13-新笔记,暂停,审核通过,通投,直播间直接支付ROI,笔记（直播组件）,6914459c00000000050383ed,66f67e4c000000001d03127d,视频笔记,通投-新号赛马-多款-定向-新号-25.11.13,155353616,2025-11-13 17:38:35,0.00,0,0,0.0%,0.0,0.0,0,0.00,0.0,0,0,0.0,0,0,0.0,0,0.0,0,0.0,0,0.0,0,0.0,0,0.0,0,0.0,0,0.0,0,0.0,0,0.0,0.00,0.0,0,0,0
2874711180,通投-性价比C位-合集款-定向-新号-25.11.13-新笔记,被计划暂停,审核通过,通投,直播间直接支付ROI,笔记（直播组件）,6914423d000000000503ad91,66f67e4c000000001d03127d,图文笔记,通投-新号赛马-多款-定向-新号-25.11.13,155353616,2025-11-13 17:38:35,0.00,0,0,0.0%,0.0,0.0,0,0.00,0.0,0,0,0.0,0,0,0.0,0,0.0,0,0.0,0,0.0,0,0.0,0,0.0,0,0.0,0,0.0,0,0.0,0,0.0,0.00,0.0,0,0,0
2874711179,通投-钻石碗这样买-星光款-定向-新号-25.11.13-新笔记,暂停,审核通过,通投,直播间直接支付ROI,笔记（直播组件）,691441830000000004005ed2,66f67e4c000000001d03127d,图文笔记,通投-新号赛马-多款-定向-新号-25.11.13,155353616,2025-11-13 17:38:35,0.00,0,0,0.0%,0.0,0.0,0,0.00,0.0,0,0,0.0,0,0,0.0,0,0.0,0,0.0,0,0.0,0,0.0,0,0.0,0,0.0,0,0.0,0,0.0,0,0.0,0.00,0.0,0,0,0
2874711178,通投-秋冬养颜-青春款-定向-新号-25.11.13-新笔记,暂停,审核拒绝,通投,直播间直接支付ROI,笔记（直播组件）,6914402f0000000004001ee5,66f67e4c000000001d03127d,图文笔记,通投-新号赛马-多款-定向-新号-25.11.13,155353616,2025-11-13 17:38:35,0.00,0,0,0.0%,0.0,0.0,0,0.00,0.0,0,0,0.0,0,0,0.0,0,0.0,0,0.0,0,0.0,0,0.0,0,0.0,0,0.0,0,0.0,0,0.0,0,0.0,0.00,0.0,0,0,0
2874711177,通投-肉眼可见-星光款-定向-新号-25.11.13-新笔记,暂停,审核通过,通投,直播间直接支付ROI,笔记（直播组件）,6914448d0000000004003ba5,66f67e4c000000001d03127d,视频笔记,通投-新号赛马-多款-定向-新号-25.11.13,155353616,2025-11-13 17:38:35,0.00,0,0,0.0%,0.0,0.0,0,0.00,0.0,0,0,0.0,0,0,0.0,0,0.0,0,0.0,0,0.0,0,0.0,0,0.0,0,0.0,0,0.0,0,0.0,0,0.0,0.00,0.0,0,0,0
2874711176,通投-小仙炖两款-合集款-定向-新号-25.11.13-新笔记,暂停,审核通过,通投,直播间直接支付ROI,笔记（直播组件）,691441e60000000004012ec5,66f67e4c000000001d03127d,图文笔记,通投-新号赛马-多款-定向-新号-25.11.13,155353616,2025-11-13 17:38:35,0.00,0,0,0.0%,0.0,0.0,0,0.00,0.0,0,0,0.0,0,0,0.0,0,0.0,0,0.0,0,0.0,0,0.0,0,0.0,0,0.0,0,0.0,0,0.0,0,0.0,0.00,0.0,0,0,0
2874354777,通投-爆款集合-合集款-定向-日弘-25.11.13-新笔记,暂停,审核通过,通投,直播间直接支付ROI,笔记（直播组件）,6915810c000000000401378e,66f67e4c000000001d03127d,图文笔记,通投-爆款集合-合集款-定向-日弘-25.11.13-新笔记,155341519,2025-11-13 17:02:26,0.00,0,0,0.0%,0.0,0.0,0,0.00,0.0,0,0,0.0,0,0,0.0,0,0.0,0,0.0,0,0.0,0,0.0,0,0.0,0,0.0,0,0.0,0,0.0,0,0.0,0.00,0.0,0,0,0
2860180688,通投-云卷云舒_转载-星光款-灵犀人群包-官号-25.11.12,暂停,审核通过,通投,直播间直接支付ROI,笔记（直播组件）,68f9d0c70000000004016341,583691373460942ae8fc16bb,视频笔记,通投-云卷云舒_转载-星光款-灵犀人群包-官号-25.11.12,155063316,2025-11-12 09:23:31,0.00,0,0,0.0%,0.0,0.0,0,0.00,0.0,0,0,0.0,0,0,0.0,0,0.0,0,0.0,0,0.0,0,0.0,0,0.0,0,0.0,0,0.0,0,0.0,0,0.0,0.00,0.0,0,0,0
2844648993,通投-营养安全感-星光款-定向-日弘-25.11.7-新笔记,被计划暂停,审核通过,通投,直播间直接支付ROI,笔记（直播组件）,690d9e5000000000050335ec,66f67e4c000000001d03127d,图文笔记,通投-营养安全感-星光款-定向-日弘-25.11.7-新笔记,154106435,2025-11-10 18:02:25,0.00,0,0,0.0%,0.0,0.0,0,0.00,0.0,0,0,0.0,0,0,0.0,0,0.0,0,0.0,0,0.0,0,0.0,0,0.0,0,0.0,0,0.0,0,0.0,0,0.0,0.00,0.0,0,0,0
2844537470,通投-营养安全感-星光款-灵犀人群包-日弘-25.11.10-新笔记,被计划暂停,审核通过,通投,直播间直接支付ROI,笔记（直播组件）,690d9e5000000000050335ec,66f67e4c000000001d03127d,图文笔记,通投-营养安全感-星光款-灵犀人群包-日弘-25.11.10-新笔记,154745065,2025-11-10 18:01:36,0.00,0,0,0.0%,0.0,0.0,0,0.00,0.0,0,0,0.0,0,0,0.0,0,0.0,0,0.0,0,0.0,0,0.0,0,0.0,0,0.0,0,0.0,0,0.0,0,0.0,0.00,0.0,0,0,0
2844531828,通投-吃对才有效-青春款-定向-日弘-25.11.10-新笔记,暂停,审核通过,通投,直播间直接支付ROI,笔记（直播组件）,6909c75f00000000050113d3,66f67e4c000000001d03127d,图文笔记,通投-吃对才有效-青春款-定向-日弘-25.11.10-新笔记,154749435,2025-11-10 17:58:03,0.00,0,0,0.0%,0.0,0.0,0,0.00,0.0,0,0,0.0,0,0,0.0,0,0.0,0,0.0,0,0.0,0,0.0,0,0.0,0,0.0,0,0.0,0,0.0,0,0.0,0.00,0.0,0,0,0
2841113869,通投-二胎孕妈私藏-星光款-灵犀人群包-日弘-25.11.10-新笔记-视频组,暂停,审核通过,通投,直播间直接支付ROI,笔记（直播组件）,68fae9d80000000005032b06,66f67e4c000000001d03127d,视频笔记,通投-二胎孕妈私藏-星光款-灵犀人群包-日弘-25.11.10-新笔记-视频组,154664623,2025-11-10 11:30:14,0.00,0,0,0.0%,0.0,0.0,0,0.00,0.0,0,0,0.0,0,0,0.0,0,0.0,0,0.0,0,0.0,0,0.0,0,0.0,0,0.0,0,0.0,0,0.0,0,0.0,0.00,0.0,0,0,0
2841072368,通投-抗衰绝-星光款-系统-抖音-25.11.10-历史优质,被计划暂停,审核拒绝,通投,直播间直接支付ROI,笔记（直播组件）,686f876e000000000b01edb9,66f67e4c000000001d03127d,视频笔记,通投-抗衰绝-星光款-系统-日弘-25.11.10-历史优质,154649122,2025-11-10 11:28:46,0.00,0,0,0.0%,0.0,0.0,0,0.00,0.0,0,0,0.0,0,0,0.0,0,0.0,0,0.0,0,0.0,0,0.0,0,0.0,0,0.0,0,0.0,0,0.0,0,0.0,0.00,0.0,0,0,0
2840846296,通投-白白胖胖-星光款-定向-抖音-25.11.10-新笔记,暂停,审核通过,通投,直播间直接支付ROI,笔记（直播组件）,68ef7968000000000301210f,66f67e4c000000001d03127d,视频笔记,通投-白白胖胖-星光款-定向-抖音-25.11.10-新笔记,154649037,2025-11-10 11:27:08,0.00,0,0,0.0%,0.0,0.0,0,0.00,0.0,0,0,0.0,0,0,0.0,0,0.0,0,0.0,0,0.0,0,0.0,0,0.0,0,0.0,0,0.0,0,0.0,0,0.0,0.00,0.0,0,0,0
2840581589,通投-二胎妈妈经验-合集款-定向-官号-25.11.10-历史优质,暂停,审核通过,通投,直播间直接支付ROI,笔记（直播组件）,68478d15000000002102e0a5,583691373460942ae8fc16bb,图文笔记,通投-二胎妈妈经验-合集款-定向-官号-25.11.10-历史优质,154652944,2025-11-10 10:46:42,0.00,0,0,0.0%,0.0,0.0,0,0.00,0.0,0,0,0.0,0,0,0.0,0,0.0,0,0.0,0,0.0,0,0.0,0,0.0,0,0.0,0,0.0,0,0.0,0,0.0,0.00,0.0,0,0,0
2836379494,通投-AyanWang转载-青春款-系统-新号-25.11.7-新笔记,被计划暂停,审核通过,通投,直播间直接支付ROI,笔记（直播组件）,690d744f00000000040112df,66f67e4c000000001d03127d,视频笔记,通投-AyanWang转载-青春款-系统-新号-25.11.7-新笔记,154518612,2025-11-09 21:36:13,0.00,0,0,0.0%,0.0,0.0,0,0.00,0.0,0,0,0.0,0,0,0.0,0,0.0,0,0.0,0,0.0,0,0.0,0,0.0,0,0.0,0,0.0,0,0.0,0,0.0,0.00,0.0,0,0,0
2816478256,通投-入门燕窝-青春款-定向-日弘-25.11.7-新笔记,暂停,审核通过,通投,直播间直接支付ROI,笔记（直播组件）,690d88fb0000000004016ee0,66f67e4c000000001d03127d,图文笔记,通投-入门燕窝-青春款-定向-日弘-25.11.7-新笔记,154108649,2025-11-07 16:15:12,0.00,0,0,0.0%,0.0,0.0,0,0.00,0.0,0,0,0.0,0,0,0.0,0,0.0,0,0.0,0,0.0,0,0.0,0,0.0,0,0.0,0,0.0,0,0.0,0,0.0,0.00,0.0,0,0,0
2815743292,通投-AyanWang转载-青春款-定向-新号-25.11.7-新笔记,被计划暂停,审核通过,通投,直播间直接支付ROI,笔记（直播组件）,690d744f00000000040112df,66f67e4c000000001d03127d,视频笔记,通投-AyanWang转载-青春款-定向-新号-25.11.7-新笔记,154080160,2025-11-07 14:57:54,0.00,0,0,0.0%,0.0,0.0,0,0.00,0.0,0,0,0.0,0,0,0.0,0,0.0,0,0.0,0,0.0,0,0.0,0,0.0,0,0.0,0,0.0,0,0.0,0,0.0,0.00,0.0,0,0,0
2815530151,通投-云卷云舒_转载-星光款-定向-官号-25.11.7,暂停,审核通过,通投,直播间直接支付ROI,笔记（直播组件）,68f9d0c70000000004016341,583691373460942ae8fc16bb,视频笔记,通投-官号赛马1-多款-定向-官号-25.11.7,154089904,2025-11-07 14:50:31,0.00,0,0,0.0%,0.0,0.0,0,0.00,0.0,0,0,0.0,0,0,0.0,0,0.0,0,0.0,0,0.0,0,0.0,0,0.0,0,0.0,0,0.0,0,0.0,0,0.0,0.00,0.0,0,0,0
2815530150,通投-minychung转载-星光款-定向-官号-25.11.7,暂停,审核通过,通投,直播间直接支付ROI,笔记（直播组件）,6909ce5f0000000004017a13,583691373460942ae8fc16bb,视频笔记,通投-官号赛马1-多款-定向-官号-25.11.7,154089904,2025-11-07 14:50:31,0.00,0,0,0.0%,0.0,0.0,0,0.00,0.0,0,0,0.0,0,0,0.0,0,0.0,0,0.0,0,0.0,0,0.0,0,0.0,0,0.0,0,0.0,0,0.0,0,0.0,0.00,0.0,0,0,0
2815530149,通投-十元小羊转载-星光款-定向-官号-25.11.7,暂停,审核通过,通投,直播间直接支付ROI,笔记（直播组件）,6909c8b2000000000503103a,583691373460942ae8fc16bb,视频笔记,通投-官号赛马1-多款-定向-官号-25.11.7,154089904,2025-11-07 14:50:31,0.00,0,0,0.0%,0.0,0.0,0,0.00,0.0,0,0,0.0,0,0,0.0,0,0.0,0,0.0,0,0.0,0,0.0,0,0.0,0,0.0,0,0.0,0,0.0,0,0.0,0.00,0.0,0,0,0
2815530148,通投-黄暄雅Hyuna转载-星光款-定向-官号-25.11.7,被计划暂停,审核通过,通投,直播间直接支付ROI,笔记（直播组件）,690309ef0000000004006b8c,583691373460942ae8fc16bb,视频笔记,通投-官号赛马1-多款-定向-官号-25.11.7,154089904,2025-11-07 14:50:31,0.00,0,0,0.0%,0.0,0.0,0,0.00,0.0,0,0,0.0,0,0,0.0,0,0.0,0,0.0,0,0.0,0,0.0,0,0.0,0,0.0,0,0.0,0,0.0,0,0.0,0.00,0.0,0,0,0
2815499350,通投-收益最牛-青春款-定向-日弘-25.11.7-新笔记,暂停,审核通过,通投,直播间直接支付ROI,笔记（直播组件）,68f9f8a50000000004010c9e,66f67e4c000000001d03127d,图文笔记,通投-收益最牛-青春款-定向-日弘-25.11.7-新笔记,154083960,2025-11-07 14:32:41,0.00,0,0,0.0%,0.0,0.0,0,0.00,0.0,0,0,0.0,0,0,0.0,0,0.0,0,0.0,0,0.0,0,0.0,0,0.0,0,0.0,0,0.0,0,0.0,0,0.0,0.00,0.0,0,0,0
2815394999,通投-秋冬养生就囤-青春款-定向-新号-25.11.7-新笔记,暂停,审核通过,通投,直播间直接支付ROI,笔记（直播组件）,68fb4a820000000003011bd4,66f67e4c000000001d03127d,图文笔记,通投-新号赛马2-多款-定向-新号-25.11.7,154073164,2025-11-07 14:30:35,0.00,0,0,0.0%,0.0,0.0,0,0.00,0.0,0,0,0.0,0,0,0.0,0,0.0,0,0.0,0,0.0,0,0.0,0,0.0,0,0.0,0,0.0,0,0.0,0,0.0,0.00,0.0,0,0,0
2815394998,通投-孕妈双十一必囤-青春款-定向-新号-25.11.7-新笔记,暂停,审核通过,通投,直播间直接支付ROI,笔记（直播组件）,68fb4a870000000003035252,66f67e4c000000001d03127d,图文笔记,通投-新号赛马2-多款-定向-新号-25.11.7,154073164,2025-11-07 14:30:35,0.00,0,0,0.0%,0.0,0.0,0,0.00,0.0,0,0,0.0,0,0,0.0,0,0.0,0,0.0,0,0.0,0,0.0,0,0.0,0,0.0,0,0.0,0,0.0,0,0.0,0.00,0.0,0,0,0
2815394997,通投-带走半年-青春款-定向-新号-25.11.7-新笔记,暂停,审核通过,通投,直播间直接支付ROI,笔记（直播组件）,68fa0029000000000302c1ec,66f67e4c000000001d03127d,视频笔记,通投-新号赛马2-多款-定向-新号-25.11.7,154073164,2025-11-07 14:30:35,0.00,0,0,0.0%,0.0,0.0,0,0.00,0.0,0,0,0.0,0,0,0.0,0,0.0,0,0.0,0,0.0,0,0.0,0,0.0,0,0.0,0,0.0,0,0.0,0,0.0,0.00,0.0,0,0,0
2815394996,通投-无套路机制-青春款-定向-新号-25.11.7-新笔记,被计划暂停,审核通过,通投,直播间直接支付ROI,笔记（直播组件）,68fb4a85000000000301a7c2,66f67e4c000000001d03127d,图文笔记,通投-新号赛马2-多款-定向-新号-25.11.7,154073164,2025-11-07 14:30:35,0.00,0,0,0.0%,0.0,0.0,0,0.00,0.0,0,0,0.0,0,0,0.0,0,0.0,0,0.0,0,0.0,0,0.0,0,0.0,0,0.0,0,0.0,0,0.0,0,0.0,0.00,0.0,0,0,0
2815394995,通投-这么能送的-星光款-定向-新号-25.11.7-新笔记,暂停,审核通过,通投,直播间直接支付ROI,笔记（直播组件）,68fa00b900000000030106a6,66f67e4c000000001d03127d,视频笔记,通投-新号赛马2-多款-定向-新号-25.11.7,154073164,2025-11-07 14:30:35,0.00,0,0,0.0%,0.0,0.0,0,0.00,0.0,0,0,0.0,0,0,0.0,0,0.0,0,0.0,0,0.0,0,0.0,0,0.0,0,0.0,0,0.0,0,0.0,0,0.0,0.00,0.0,0,0,0
2815394994,通投-孕妈妈小仙炖-合集款-定向-新号-25.11.7-新笔记,被计划暂停,审核通过,通投,直播间直接支付ROI,笔记（直播组件）,68fb4a80000000000303b348,66f67e4c000000001d03127d,图文笔记,通投-新号赛马2-多款-定向-新号-25.11.7,154073164,2025-11-07 14:30:35,0.00,0,0,0.0%,0.0,0.0,0,0.00,0.0,0,0,0.0,0,0,0.0,0,0.0,0,0.0,0,0.0,0,0.0,0,0.0,0,0.0,0,0.0,0,0.0,0,0.0,0.00,0.0,0,0,0
2815436266,通投-素颜自由-青春款-定向-新号-25.11.7-新笔记,暂停,审核通过,通投,直播间直接支付ROI,笔记（直播组件）,68fb4ac9000000000301fef0,66f67e4c000000001d03127d,图文笔记,通投-新号赛马1-多款-定向-新号-25.11.7,154063504,2025-11-07 14:27:46,0.00,0,0,0.0%,0.0,0.0,0,0.00,0.0,0,0,0.0,0,0,0.0,0,0.0,0,0.0,0,0.0,0,0.0,0,0.0,0,0.0,0,0.0,0,0.0,0,0.0,0.00,0.0,0,0,0
2815436265,通投-天亮要续航-青春款-定向-新号-25.11.7-新笔记,暂停,审核通过,通投,直播间直接支付ROI,笔记（直播组件）,68fb4ace0000000003011de9,66f67e4c000000001d03127d,图文笔记,通投-新号赛马1-多款-定向-新号-25.11.7,154063504,2025-11-07 14:27:46,0.00,0,0,0.0%,0.0,0.0,0,0.00,0.0,0,0,0.0,0,0,0.0,0,0.0,0,0.0,0,0.0,0,0.0,0,0.0,0,0.0,0,0.0,0,0.0,0,0.0,0.00,0.0,0,0,0
2815436264,通投-内调人双11-星光款-定向-新号-25.11.7-新笔记,暂停,审核通过,通投,直播间直接支付ROI,笔记（直播组件）,68fb4b9c000000000300c695,66f67e4c000000001d03127d,图文笔记,通投-新号赛马1-多款-定向-新号-25.11.7,154063504,2025-11-07 14:27:46,0.00,0,0,0.0%,0.0,0.0,0,0.00,0.0,0,0,0.0,0,0,0.0,0,0.0,0,0.0,0,0.0,0,0.0,0,0.0,0,0.0,0,0.0,0,0.0,0,0.0,0.00,0.0,0,0,0
2815436263,通投-双十一跟数姐-星光款-定向-新号-25.11.7-新笔记,暂停,审核通过,通投,直播间直接支付ROI,笔记（直播组件）,68fb4ba6000000000302e95d,66f67e4c000000001d03127d,图文笔记,通投-新号赛马1-多款-定向-新号-25.11.7,154063504,2025-11-07 14:27:46,0.00,0,0,0.0%,0.0,0.0,0,0.00,0.0,0,0,0.0,0,0,0.0,0,0.0,0,0.0,0,0.0,0,0.0,0,0.0,0,0.0,0,0.0,0,0.0,0,0.0,0.00,0.0,0,0,0
2815436262,通投-月套装狂省-星光款-定向-新号-25.11.7-新笔记,暂停,审核通过,通投,直播间直接支付ROI,笔记（直播组件）,68fb4ba80000000003020d54,66f67e4c000000001d03127d,图文笔记,通投-新号赛马1-多款-定向-新号-25.11.7,154063504,2025-11-07 14:27:46,0.00,0,0,0.0%,0.0,0.0,0,0.00,0.0,0,0,0.0,0,0,0.0,0,0.0,0,0.0,0,0.0,0,0.0,0,0.0,0,0.0,0,0.0,0,0.0,0,0.0,0.00,0.0,0,0,0
2815436261,通投-孕期滋-星光款-定向-新号-25.11.7-历史优质,暂停,不满足审核条件,通投,直播间直接支付ROI,笔记（直播组件）,6777ab65000000001300e759,66f67e4c000000001d03127d,图文笔记,通投-新号赛马1-多款-定向-新号-25.11.7,154063504,2025-11-07 14:27:46,0.00,0,0,0.0%,0.0,0.0,0,0.00,0.0,0,0,0.0,0,0,0.0,0,0.0,0,0.0,0,0.0,0,0.0,0,0.0,0,0.0,0,0.0,0,0.0,0,0.0,0.00,0.0,0,0,0
2815436260,通投-宝妈双十一-星光款-定向-新号-25.11.7-新笔记,暂停,审核通过,通投,直播间直接支付ROI,笔记（直播组件）,68fb4ead000000000301853f,66f67e4c000000001d03127d,图文笔记,通投-新号赛马1-多款-定向-新号-25.11.7,154063504,2025-11-07 14:27:46,0.00,0,0,0.0%,0.0,0.0,0,0.00,0.0,0,0,0.0,0,0,0.0,0,0.0,0,0.0,0,0.0,0,0.0,0,0.0,0,0.0,0,0.0,0,0.0,0,0.0,0.00,0.0,0,0,0
2815196326,通投-高效变美-青春款-定向-日弘-25.11.7-新笔记-视频组,暂停,审核通过,通投,直播间直接支付ROI,笔记（直播组件）,690d876b00000000040065b8,66f67e4c000000001d03127d,视频笔记,通投-高效变美-青春款-定向-日弘-25.11.7-新笔记-视频组,154057053,2025-11-07 13:54:11,0.00,0,0,0.0%,0.0,0.0,0,0.00,0.0,0,0,0.0,0,0,0.0,0,0.0,0,0.0,0,0.0,0,0.0,0,0.0,0,0.0,0,0.0,0,0.0,0,0.0,0.00,0.0,0,0,0
2803757853,通投-宝妈亲测-星光款-定向-日弘-25.11.6-新笔记-视频组,暂停,审核通过,通投,直播间直接支付ROI,笔记（直播组件）,68ede2560000000004028b00,66f67e4c000000001d03127d,视频笔记,通投-宝妈亲测-星光款-定向-日弘-25.11.6-新笔记-视频组,153868350,2025-11-06 11:38:50,0.00,0,0,0.0%,0.0,0.0,0,0.00,0.0,0,0,0.0,0,0,0.0,0,0.0,0,0.0,0,0.0,0,0.0,0,0.0,0,0.0,0,0.0,0,0.0,0,0.0,0.00,0.0,0,0,0
2791891044,通投-白白胖胖-星光款-定向-抖音-25.11.5-新笔记,暂停,审核通过,通投,直播间直接支付ROI,笔记（直播组件）,68ef7968000000000301210f,66f67e4c000000001d03127d,视频笔记,通投-10月达标赛马2-多款-定向-新号-25.11.5,153629185,2025-11-05 08:55:22,0.00,0,0,0.0%,0.0,0.0,0,0.00,0.0,0,0,0.0,0,0,0.0,0,0.0,0,0.0,0,0.0,0,0.0,0,0.0,0,0.0,0,0.0,0,0.0,0,0.0,0.00,0.0,0,0,0
2791891043,通投-燕窝也-合集款-定向-日弘-25.11.5-历史优质,暂停,审核通过,通投,直播间直接支付ROI,笔记（直播组件）,672d88bf000000001d0385de,583691373460942ae8fc16bb,图文笔记,通投-10月达标赛马2-多款-定向-新号-25.11.5,153629185,2025-11-05 08:55:22,0.00,0,0,0.0%,0.0,0.0,0,0.00,0.0,0,0,0.0,0,0,0.0,0,0.0,0,0.0,0,0.0,0,0.0,0,0.0,0,0.0,0,0.0,0,0.0,0,0.0,0.00,0.0,0,0,0
2791891042,通投-燕窝新-合集款-定向-日弘-25.11.5-历史优质,暂停,审核通过,通投,直播间直接支付ROI,笔记（直播组件）,6735ba5f000000003c015663,583691373460942ae8fc16bb,图文笔记,通投-10月达标赛马2-多款-定向-新号-25.11.5,153629185,2025-11-05 08:55:22,0.00,0,0,0.0%,0.0,0.0,0,0.00,0.0,0,0,0.0,0,0,0.0,0,0.0,0,0.0,0,0.0,0,0.0,0,0.0,0,0.0,0,0.0,0,0.0,0,0.0,0.00,0.0,0,0,0
2791891041,通投-冤枉钱-合集款-定向-日弘-25.11.5-历史优质,暂停,审核通过,通投,直播间直接支付ROI,笔记（直播组件）,684b88e4000000002100a26c,66f67e4c000000001d03127d,图文笔记,通投-10月达标赛马2-多款-定向-新号-25.11.5,153629185,2025-11-05 08:55:22,0.00,0,0,0.0%,0.0,0.0,0,0.00,0.0,0,0,0.0,0,0,0.0,0,0.0,0,0.0,0,0.0,0,0.0,0,0.0,0,0.0,0,0.0,0,0.0,0,0.0,0.00,0.0,0,0,0
2791891040,通投-小白选-合集款-定向-日弘-25.11.5-历史优质,暂停,审核通过,通投,直播间直接支付ROI,笔记（直播组件）,67af0cf3000000002803797b,66f67e4c000000001d03127d,图文笔记,通投-10月达标赛马2-多款-定向-新号-25.11.5,153629185,2025-11-05 08:55:22,0.00,0,0,0.0%,0.0,0.0,0,0.00,0.0,0,0,0.0,0,0,0.0,0,0.0,0,0.0,0,0.0,0,0.0,0,0.0,0,0.0,0,0.0,0,0.0,0,0.0,0.00,0.0,0,0,0
2791891039,通投-宝妈亲测-星光款-定向-日弘-25.11.5-新笔记-视频组,暂停,审核通过,通投,直播间直接支付ROI,笔记（直播组件）,68ede2560000000004028b00,66f67e4c000000001d03127d,视频笔记,通投-10月达标赛马2-多款-定向-新号-25.11.5,153629185,2025-11-05 08:55:22,0.00,0,0,0.0%,0.0,0.0,0,0.00,0.0,0,0,0.0,0,0,0.0,0,0.0,0,0.0,0,0.0,0,0.0,0,0.0,0,0.0,0,0.0,0,0.0,0,0.0,0.00,0.0,0,0,0
2791891038,通投-糯米团子-星光款-定向-官号-25.11.5-历史优质,暂停,审核通过,通投,直播间直接支付ROI,笔记（直播组件）,689982bd0000000023035472,583691373460942ae8fc16bb,图文笔记,通投-10月达标赛马2-多款-定向-新号-25.11.5,153629185,2025-11-05 08:55:22,0.00,0,0,0.0%,0.0,0.0,0,0.00,0.0,0,0,0.0,0,0,0.0,0,0.0,0,0.0,0,0.0,0,0.0,0,0.0,0,0.0,0,0.0,0,0.0,0,0.0,0.00,0.0,0,0,0
2791891037,通投-饱满肌-青春款-定向-日弘-25.11.5-历史优质,暂停,审核通过,通投,直播间直接支付ROI,笔记（直播组件）,686f734e000000002400bf48,66f67e4c000000001d03127d,图文笔记,通投-10月达标赛马2-多款-定向-新号-25.11.5,153629185,2025-11-05 08:55:22,0.00,0,0,0.0%,0.0,0.0,0,0.00,0.0,0,0,0.0,0,0,0.0,0,0.0,0,0.0,0,0.0,0,0.0,0,0.0,0,0.0,0,0.0,0,0.0,0,0.0,0.00,0.0,0,0,0
2787564000,通投-孕期状-星光款-定向-日弘-25.11.4-优化测试,被计划暂停,审核通过,通投,直播间直接支付ROI,笔记（直播组件）,67caaf3a0000000029039d9a,66f67e4c000000001d03127d,图文笔记,通投-孕期状-星光款-定向-日弘-25.11.4-优化测试,153534893,2025-11-04 18:58:18,0.00,0,0,0.0%,0.0,0.0,0,0.00,0.0,0,0,0.0,0,0,0.0,0,0.0,0,0.0,0,0.0,0,0.0,0,0.0,0,0.0,0,0.0,0,0.0,0,0.0,0.00,0.0,0,0,0
2787235779,通投-吃对才有效-青春款-系统-日弘-25.11.4-新笔记,被计划暂停,审核通过,通投,直播间直接支付ROI,笔记（直播组件）,6909c75f00000000050113d3,66f67e4c000000001d03127d,图文笔记,通投-吃对才有效-青春款-系统-日弘-25.11.4-新笔记,153532239,2025-11-04 17:38:01,0.00,0,0,0.0%,0.0,0.0,0,0.00,0.0,0,0,0.0,0,0,0.0,0,0.0,0,0.0,0,0.0,0,0.0,0,0.0,0,0.0,0,0.0,0,0.0,0,0.0,0.00,0.0,0,0,0
2787068097,通投-白白胖胖-星光款-灵犀人群包-抖音-25.11.4-新笔记,暂停,审核通过,通投,直播间直接支付ROI,笔记（直播组件）,68ef7968000000000301210f,66f67e4c000000001d03127d,视频笔记,通投-10月达标赛马2-多款-灵犀人群包-新号-25.11.4,153531021,2025-11-04 17:16:19,0.00,0,0,0.0%,0.0,0.0,0,0.00,0.0,0,0,0.0,0,0,0.0,0,0.0,0,0.0,0,0.0,0,0.0,0,0.0,0,0.0,0,0.0,0,0.0,0,0.0,0.00,0.0,0,0,0
2787068096,通投-燕窝也-合集款-灵犀人群包-日弘-25.11.4-历史优质,暂停,审核通过,通投,直播间直接支付ROI,笔记（直播组件）,672d88bf000000001d0385de,583691373460942ae8fc16bb,图文笔记,通投-10月达标赛马2-多款-灵犀人群包-新号-25.11.4,153531021,2025-11-04 17:16:19,0.00,0,0,0.0%,0.0,0.0,0,0.00,0.0,0,0,0.0,0,0,0.0,0,0.0,0,0.0,0,0.0,0,0.0,0,0.0,0,0.0,0,0.0,0,0.0,0,0.0,0.00,0.0,0,0,0
2787068095,通投-燕窝新-合集款-灵犀人群包-日弘-25.11.4-历史优质,暂停,审核通过,通投,直播间直接支付ROI,笔记（直播组件）,6735ba5f000000003c015663,583691373460942ae8fc16bb,图文笔记,通投-10月达标赛马2-多款-灵犀人群包-新号-25.11.4,153531021,2025-11-04 17:16:19,0.00,0,0,0.0%,0.0,0.0,0,0.00,0.0,0,0,0.0,0,0,0.0,0,0.0,0,0.0,0,0.0,0,0.0,0,0.0,0,0.0,0,0.0,0,0.0,0,0.0,0.00,0.0,0,0,0
2787068094,通投-冤枉钱-合集款-灵犀人群包-日弘-25.11.4-历史优质,暂停,审核通过,通投,直播间直接支付ROI,笔记（直播组件）,684b88e4000000002100a26c,66f67e4c000000001d03127d,图文笔记,通投-10月达标赛马2-多款-灵犀人群包-新号-25.11.4,153531021,2025-11-04 17:16:19,0.00,0,0,0.0%,0.0,0.0,0,0.00,0.0,0,0,0.0,0,0,0.0,0,0.0,0,0.0,0,0.0,0,0.0,0,0.0,0,0.0,0,0.0,0,0.0,0,0.0,0.00,0.0,0,0,0
2787068093,通投-小白选-合集款-灵犀人群包-日弘-25.11.4-历史优质,暂停,审核通过,通投,直播间直接支付ROI,笔记（直播组件）,67af0cf3000000002803797b,66f67e4c000000001d03127d,图文笔记,通投-10月达标赛马2-多款-灵犀人群包-新号-25.11.4,153531021,2025-11-04 17:16:19,0.00,0,0,0.0%,0.0,0.0,0,0.00,0.0,0,0,0.0,0,0,0.0,0,0.0,0,0.0,0,0.0,0,0.0,0,0.0,0,0.0,0,0.0,0,0.0,0,0.0,0.00,0.0,0,0,0
2787068092,通投-宝妈亲测-星光款-灵犀人群包-日弘-25.11.4-新笔记-视频组,暂停,审核通过,通投,直播间直接支付ROI,笔记（直播组件）,68ede2560000000004028b00,66f67e4c000000001d03127d,视频笔记,通投-10月达标赛马2-多款-灵犀人群包-新号-25.11.4,153531021,2025-11-04 17:16:19,0.00,0,0,0.0%,0.0,0.0,0,0.00,0.0,0,0,0.0,0,0,0.0,0,0.0,0,0.0,0,0.0,0,0.0,0,0.0,0,0.0,0,0.0,0,0.0,0,0.0,0.00,0.0,0,0,0
2787068091,通投-糯米团子-星光款-灵犀人群包-官号-25.11.3-历史优质,暂停,审核通过,通投,直播间直接支付ROI,笔记（直播组件）,689982bd0000000023035472,583691373460942ae8fc16bb,图文笔记,通投-10月达标赛马2-多款-灵犀人群包-新号-25.11.4,153531021,2025-11-04 17:16:19,0.00,0,0,0.0%,0.0,0.0,0,0.00,0.0,0,0,0.0,0,0,0.0,0,0.0,0,0.0,0,0.0,0,0.0,0,0.0,0,0.0,0,0.0,0,0.0,0,0.0,0.00,0.0,0,0,0
2787068090,通投-饱满肌-青春款-灵犀人群包-日弘-25.11.4-历史优质,暂停,审核通过,通投,直播间直接支付ROI,笔记（直播组件）,686f734e000000002400bf48,66f67e4c000000001d03127d,图文笔记,通投-10月达标赛马2-多款-灵犀人群包-新号-25.11.4,153531021,2025-11-04 17:16:19,0.00,0,0,0.0%,0.0,0.0,0,0.00,0.0,0,0,0.0,0,0,0.0,0,0.0,0,0.0,0,0.0,0,0.0,0,0.0,0,0.0,0,0.0,0,0.0,0,0.0,0.00,0.0,0,0,0
2787042444,通投-秋冬养生就囤-青春款-灵犀人群包-新号-25.11.4-新笔记,暂停,审核通过,通投,直播间直接支付ROI,笔记（直播组件）,68fb4a820000000003011bd4,66f67e4c000000001d03127d,图文笔记,通投-新号赛马2-多款-灵犀人群包-新号-25.11.4,153516208,2025-11-04 16:56:00,0.00,0,0,0.0%,0.0,0.0,0,0.00,0.0,0,0,0.0,0,0,0.0,0,0.0,0,0.0,0,0.0,0,0.0,0,0.0,0,0.0,0,0.0,0,0.0,0,0.0,0.00,0.0,0,0,0
2787042443,通投-孕妈双十一必囤-青春款-灵犀人群包-新号-25.11.4-新笔记,暂停,审核通过,通投,直播间直接支付ROI,笔记（直播组件）,68fb4a870000000003035252,66f67e4c000000001d03127d,图文笔记,通投-新号赛马2-多款-灵犀人群包-新号-25.11.4,153516208,2025-11-04 16:56:00,0.00,0,0,0.0%,0.0,0.0,0,0.00,0.0,0,0,0.0,0,0,0.0,0,0.0,0,0.0,0,0.0,0,0.0,0,0.0,0,0.0,0,0.0,0,0.0,0,0.0,0.00,0.0,0,0,0
2787042442,通投-带走半年-青春款-灵犀人群包-新号-25.11.4-新笔记,暂停,审核通过,通投,直播间直接支付ROI,笔记（直播组件）,68fa0029000000000302c1ec,66f67e4c000000001d03127d,视频笔记,通投-新号赛马2-多款-灵犀人群包-新号-25.11.4,153516208,2025-11-04 16:56:00,0.00,0,0,0.0%,0.0,0.0,0,0.00,0.0,0,0,0.0,0,0,0.0,0,0.0,0,0.0,0,0.0,0,0.0,0,0.0,0,0.0,0,0.0,0,0.0,0,0.0,0.00,0.0,0,0,0
2787042441,通投-无套路机制-青春款-灵犀人群包-新号-25.11.4-新笔记,被计划暂停,审核通过,通投,直播间直接支付ROI,笔记（直播组件）,68fb4a85000000000301a7c2,66f67e4c000000001d03127d,图文笔记,通投-新号赛马2-多款-灵犀人群包-新号-25.11.4,153516208,2025-11-04 16:56:00,0.00,0,0,0.0%,0.0,0.0,0,0.00,0.0,0,0,0.0,0,0,0.0,0,0.0,0,0.0,0,0.0,0,0.0,0,0.0,0,0.0,0,0.0,0,0.0,0,0.0,0.00,0.0,0,0,0
2787042440,通投-这么能送的-星光款-灵犀人群包-新号-25.11.4-新笔记,暂停,审核通过,通投,直播间直接支付ROI,笔记（直播组件）,68fa00b900000000030106a6,66f67e4c000000001d03127d,视频笔记,通投-新号赛马2-多款-灵犀人群包-新号-25.11.4,153516208,2025-11-04 16:56:00,0.00,0,0,0.0%,0.0,0.0,0,0.00,0.0,0,0,0.0,0,0,0.0,0,0.0,0,0.0,0,0.0,0,0.0,0,0.0,0,0.0,0,0.0,0,0.0,0,0.0,0.00,0.0,0,0,0
2787042439,通投-孕妈妈小仙炖-合集款-灵犀人群包-新号-25.11.4-新笔记,被计划暂停,审核通过,通投,直播间直接支付ROI,笔记（直播组件）,68fb4a80000000000303b348,66f67e4c000000001d03127d,图文笔记,通投-新号赛马2-多款-灵犀人群包-新号-25.11.4,153516208,2025-11-04 16:56:00,0.00,0,0,0.0%,0.0,0.0,0,0.00,0.0,0,0,0.0,0,0,0.0,0,0.0,0,0.0,0,0.0,0,0.0,0,0.0,0,0.0,0,0.0,0,0.0,0,0.0,0.00,0.0,0,0,0
2786734058,通投-素颜自由-青春款-灵犀人群包-新号-25.11.4-新笔记,被计划暂停,审核通过,通投,直播间直接支付ROI,笔记（直播组件）,68fb4ac9000000000301fef0,66f67e4c000000001d03127d,图文笔记,通投-新号赛马1-多款-灵犀人群包-新号-25.11.4,153520427,2025-11-04 16:50:02,0.00,0,0,0.0%,0.0,0.0,0,0.00,0.0,0,0,0.0,0,0,0.0,0,0.0,0,0.0,0,0.0,0,0.0,0,0.0,0,0.0,0,0.0,0,0.0,0,0.0,0.00,0.0,0,0,0
2786734057,通投-天亮要续航-青春款-灵犀人群包-新号-25.11.4-新笔记,被计划暂停,审核通过,通投,直播间直接支付ROI,笔记（直播组件）,68fb4ace0000000003011de9,66f67e4c000000001d03127d,图文笔记,通投-新号赛马1-多款-灵犀人群包-新号-25.11.4,153520427,2025-11-04 16:50:02,0.00,0,0,0.0%,0.0,0.0,0,0.00,0.0,0,0,0.0,0,0,0.0,0,0.0,0,0.0,0,0.0,0,0.0,0,0.0,0,0.0,0,0.0,0,0.0,0,0.0,0.00,0.0,0,0,0
2786734056,通投-内调人双11-星光款-灵犀人群包-新号-25.11.4-新笔记,被计划暂停,审核通过,通投,直播间直接支付ROI,笔记（直播组件）,68fb4b9c000000000300c695,66f67e4c000000001d03127d,图文笔记,通投-新号赛马1-多款-灵犀人群包-新号-25.11.4,153520427,2025-11-04 16:50:02,0.00,0,0,0.0%,0.0,0.0,0,0.00,0.0,0,0,0.0,0,0,0.0,0,0.0,0,0.0,0,0.0,0,0.0,0,0.0,0,0.0,0,0.0,0,0.0,0,0.0,0.00,0.0,0,0,0
2786734055,通投-双十一跟数姐-星光款-灵犀人群包-新号-25.11.4-新笔记,暂停,审核通过,通投,直播间直接支付ROI,笔记（直播组件）,68fb4ba6000000000302e95d,66f67e4c000000001d03127d,图文笔记,通投-新号赛马1-多款-灵犀人群包-新号-25.11.4,153520427,2025-11-04 16:50:02,0.00,0,0,0.0%,0.0,0.0,0,0.00,0.0,0,0,0.0,0,0,0.0,0,0.0,0,0.0,0,0.0,0,0.0,0,0.0,0,0.0,0,0.0,0,0.0,0,0.0,0.00,0.0,0,0,0
2786734054,通投-月套装狂省-星光款-灵犀人群包-新号-25.11.4-新笔记,暂停,审核通过,通投,直播间直接支付ROI,笔记（直播组件）,68fb4ba80000000003020d54,66f67e4c000000001d03127d,图文笔记,通投-新号赛马1-多款-灵犀人群包-新号-25.11.4,153520427,2025-11-04 16:50:02,0.00,0,0,0.0%,0.0,0.0,0,0.00,0.0,0,0,0.0,0,0,0.0,0,0.0,0,0.0,0,0.0,0,0.0,0,0.0,0,0.0,0,0.0,0,0.0,0,0.0,0.00,0.0,0,0,0
2786734053,通投-孕期滋-星光款-灵犀人群包-新号-25.11.4-历史优质,暂停,不满足审核条件,通投,直播间直接支付ROI,笔记（直播组件）,6777ab65000000001300e759,66f67e4c000000001d03127d,图文笔记,通投-新号赛马1-多款-灵犀人群包-新号-25.11.4,153520427,2025-11-04 16:50:02,0.00,0,0,0.0%,0.0,0.0,0,0.00,0.0,0,0,0.0,0,0,0.0,0,0.0,0,0.0,0,0.0,0,0.0,0,0.0,0,0.0,0,0.0,0,0.0,0,0.0,0.00,0.0,0,0,0
2786734052,通投-宝妈双十一-星光款-灵犀人群包-新号-25.11.4-新笔记,被计划暂停,审核通过,通投,直播间直接支付ROI,笔记（直播组件）,68fb4ead000000000301853f,66f67e4c000000001d03127d,图文笔记,通投-新号赛马1-多款-灵犀人群包-新号-25.11.4,153520427,2025-11-04 16:50:02,0.00,0,0,0.0%,0.0,0.0,0,0.00,0.0,0,0,0.0,0,0,0.0,0,0.0,0,0.0,0,0.0,0,0.0,0,0.0,0,0.0,0,0.0,0,0.0,0,0.0,0.00,0.0,0,0,0
2786815230,通投-燕窝新-合集款-灵犀人群包-日弘-25.11.4-历史优质,被计划暂停,审核通过,通投,直播间直接支付ROI,笔记（直播组件）,6735ba5f000000003c015663,583691373460942ae8fc16bb,图文笔记,通投-燕窝新-合集款-灵犀人群包-日弘-25.11.4-历史优质,153520159,2025-11-04 16:45:30,0.00,0,0,0.0%,0.0,0.0,0,0.00,0.0,0,0,0.0,0,0,0.0,0,0.0,0,0.0,0,0.0,0,0.0,0,0.0,0,0.0,0,0.0,0,0.0,0,0.0,0.00,0.0,0,0,0
2775717145,通投-糯米团子-星光款-定向-官号-25.11.3-历史优质,暂停,审核通过,通投,直播间直接支付ROI,笔记（直播组件）,689982bd0000000023035472,583691373460942ae8fc16bb,图文笔记,通投-糯米团子-星光款-定向-官号-25.11.3-历史优质,153277066,2025-11-03 15:57:51,0.00,0,0,0.0%,0.0,0.0,0,0.00,0.0,0,0,0.0,0,0,0.0,0,0.0,0,0.0,0,0.0,0,0.0,0,0.0,0,0.0,0,0.0,0,0.0,0,0.0,0.00,0.0,0,0,0
2772847115,通投-陆婷LT-星光款-定向-官号-25.11.3-新笔记,被计划暂停,审核通过,通投,直播间直接支付ROI,笔记（直播组件）,68e8fe930000000005002c9e,583691373460942ae8fc16bb,视频笔记,通投-陆婷LT-星光款-定向-官号-25.11.3-新笔记,153226770,2025-11-03 09:53:31,0.00,0,0,0.0%,0.0,0.0,0,0.00,0.0,0,0,0.0,0,0,0.0,0,0.0,0,0.0,0,0.0,0,0.0,0,0.0,0,0.0,0,0.0,0,0.0,0,0.0,0.00,0.0,0,0,0
2772685045,通投-内调外-星光款-系统-日弘-25.11.3-历史优质,被计划暂停,审核通过,通投,直播间直接支付ROI,笔记（直播组件）,68428148000000002100013c,66f67e4c000000001d03127d,图文笔记,通投-内调外-星光款-系统-日弘-25.11.3-历史优质,153226546,2025-11-03 09:46:23,0.00,0,0,0.0%,0.0,0.0,0,0.00,0.0,0,0,0.0,0,0,0.0,0,0.0,0,0.0,0,0.0,0,0.0,0,0.0,0,0.0,0,0.0,0,0.0,0,0.0,0.00,0.0,0,0,0
2772682896,通投-小白选-合集款-灵犀人群包-日弘-25.11.3-历史优质,被计划暂停,审核通过,通投,直播间直接支付ROI,笔记（直播组件）,67af0cf3000000002803797b,66f67e4c000000001d03127d,图文笔记,通投-小白选-合集款-灵犀人群包-日弘-25.11.3-历史优质,153230835,2025-11-03 09:44:27,0.00,0,0,0.0%,0.0,0.0,0,0.00,0.0,0,0,0.0,0,0,0.0,0,0.0,0,0.0,0,0.0,0,0.0,0,0.0,0,0.0,0,0.0,0,0.0,0,0.0,0.00,0.0,0,0,0
2772629763,通投-育婴师培培-星光款-定向-官号-25.11.3-新笔记,被计划暂停,审核通过,通投,直播间直接支付ROI,笔记（直播组件）,690301eb0000000005039666,583691373460942ae8fc16bb,视频笔记,通投-育婴师培培-星光款-定向-官号-25.11.3-新笔记,153226442,2025-11-03 09:42:49,0.00,0,0,0.0%,0.0,0.0,0,0.00,0.0,0,0,0.0,0,0,0.0,0,0.0,0,0.0,0,0.0,0,0.0,0,0.0,0,0.0,0,0.0,0,0.0,0,0.0,0.00,0.0,0,0,0
2772722356,通投-韩小放转载-星光款-定向-官号-25.11.3-新笔记,被计划暂停,审核通过,通投,直播间直接支付ROI,笔记（直播组件）,68ecb7a00000000005010c86,583691373460942ae8fc16bb,视频笔记,通投-韩小放转载-星光款-定向-官号-25.11.3-新笔记,153230491,2025-11-03 09:31:01,0.00,0,0,0.0%,0.0,0.0,0,0.00,0.0,0,0,0.0,0,0,0.0,0,0.0,0,0.0,0,0.0,0,0.0,0,0.0,0,0.0,0,0.0,0,0.0,0,0.0,0.00,0.0,0,0,0
2772709220,通投-Deer鹿抖抖转载-星光款-定向-官号-25.11.3-新笔记,暂停,审核通过,通投,直播间直接支付ROI,笔记（直播组件）,68f75e6b0000000004003700,583691373460942ae8fc16bb,视频笔记,通投-Deer鹿抖抖转载-星光款-定向-官号-25.11.3-新笔记,153230340,2025-11-03 09:23:58,0.00,0,0,0.0%,0.0,0.0,0,0.00,0.0,0,0,0.0,0,0,0.0,0,0.0,0,0.0,0,0.0,0,0.0,0,0.0,0,0.0,0,0.0,0,0.0,0,0.0,0.00,0.0,0,0,0
2752457449,通投-小白选-合集款-定向-日弘-25.10.31-历史优质,暂停,审核通过,通投,直播间直接支付ROI,笔记（直播组件）,67af0cf3000000002803797b,66f67e4c000000001d03127d,图文笔记,通投-小白选-合集款-定向-日弘-25.10.31-历史优质,152887235,2025-10-31 22:28:38,0.00,0,0,0.0%,0.0,0.0,0,0.00,0.0,0,0,0.0,0,0,0.0,0,0.0,0,0.0,0,0.0,0,0.0,0,0.0,0,0.0,0,0.0,0,0.0,0,0.0,0.00,0.0,0,0,0
2745324260,通投-二胎妈妈经验-合集款-定向-官号-25.10.31-历史优质,暂停,审核通过,通投,直播间直接支付ROI,笔记（直播组件）,68478d15000000002102e0a5,583691373460942ae8fc16bb,图文笔记,通投-二胎妈妈经验-合集款-定向-官号-25.10.31-历史优质,152703214,2025-10-31 09:36:03,0.00,0,0,0.0%,0.0,0.0,0,0.00,0.0,0,0,0.0,0,0,0.0,0,0.0,0,0.0,0,0.0,0,0.0,0,0.0,0,0.0,0,0.0,0,0.0,0,0.0,0.00,0.0,0,0,0
2737871993,通投-嘭弹肌-星光款-定向-日弘-25.10.30-优化测试,暂停,审核通过,通投,直播间直接支付ROI,笔记（直播组件）,68f0bc530000000005033d8f,66f67e4c000000001d03127d,图文笔记,通投-嘭弹肌-星光款-定向-日弘-25.10.30-优化测试,152574478,2025-10-30 15:01:59,0.00,0,0,0.0%,0.0,0.0,0,0.00,0.0,0,0,0.0,0,0,0.0,0,0.0,0,0.0,0,0.0,0,0.0,0,0.0,0,0.0,0,0.0,0,0.0,0,0.0,0.00,0.0,0,0,0
2735106769,通投-二胎孕妈私藏-星光款-定向-日弘-25.10.30-新笔记-视频组,暂停,审核通过,通投,直播间直接支付ROI,笔记（直播组件）,68fae9d80000000005032b06,66f67e4c000000001d03127d,视频笔记,通投-二胎孕妈私藏-星光款-定向-日弘-25.10.30-新笔记-视频组,152508746,2025-10-30 09:43:13,0.00,0,0,0.0%,0.0,0.0,0,0.00,0.0,0,0,0.0,0,0,0.0,0,0.0,0,0.0,0,0.0,0,0.0,0,0.0,0,0.0,0,0.0,0,0.0,0,0.0,0.00,0.0,0,0,0
2730302481,通投-美丽翻倍-合集款-系统-日弘-25.10.29-优化测试,被计划暂停,审核通过,通投,直播间直接支付ROI,笔记（直播组件）,68e9f2ac0000000004001e16,583691373460942ae8fc16bb,图文笔记,通投-美丽翻倍-合集款-系统-日弘-25.10.29-优化测试,152437594,2025-10-29 19:33:04,0.00,0,0,0.0%,0.0,0.0,0,0.00,0.0,0,0,0.0,0,0,0.0,0,0.0,0,0.0,0,0.0,0,0.0,0,0.0,0,0.0,0,0.0,0,0.0,0,0.0,0.00,0.0,0,0,0
2725655383,通投-减到宝了-星光款-系统-抖音-25.10.29-新笔记,被计划暂停,审核通过,通投,直播间直接支付ROI,笔记（直播组件）,68ef79700000000003020cc5,66f67e4c000000001d03127d,视频笔记,通投-赛马合集-星光款-系统-抖音-25.10.29,152321905,2025-10-29 11:18:55,0.00,0,0,0.0%,0.0,0.0,0,0.00,0.0,0,0,0.0,0,0,0.0,0,0.0,0,0.0,0,0.0,0,0.0,0,0.0,0,0.0,0,0.0,0,0.0,0,0.0,0.00,0.0,0,0,0
2725655382,通投-满级福利-星光款-系统-抖音-25.10.29-新笔记,被计划暂停,审核拒绝,通投,直播间直接支付ROI,笔记（直播组件）,68ef796d0000000003020cb0,66f67e4c000000001d03127d,视频笔记,通投-赛马合集-星光款-系统-抖音-25.10.29,152321905,2025-10-29 11:18:55,0.00,0,0,0.0%,0.0,0.0,0,0.00,0.0,0,0,0.0,0,0,0.0,0,0.0,0,0.0,0,0.0,0,0.0,0,0.0,0,0.0,0,0.0,0,0.0,0,0.0,0.00,0.0,0,0,0
2725655381,通投-闭眼囤-星光款-系统-抖音-25.10.29-新笔记,暂停,审核通过,通投,直播间直接支付ROI,笔记（直播组件）,68ef7969000000000301211b,66f67e4c000000001d03127d,视频笔记,通投-赛马合集-星光款-系统-抖音-25.10.29,152321905,2025-10-29 11:18:55,0.00,0,0,0.0%,0.0,0.0,0,0.00,0.0,0,0,0.0,0,0,0.0,0,0.0,0,0.0,0,0.0,0,0.0,0,0.0,0,0.0,0,0.0,0,0.0,0,0.0,0.00,0.0,0,0,0
2725655380,通投-等了这么久-星光款-系统-抖音-25.10.29-新笔记,暂停,审核通过,通投,直播间直接支付ROI,笔记（直播组件）,68ef797200000000030380e0,66f67e4c000000001d03127d,视频笔记,通投-赛马合集-星光款-系统-抖音-25.10.29,152321905,2025-10-29 11:18:55,0.00,0,0,0.0%,0.0,0.0,0,0.00,0.0,0,0,0.0,0,0,0.0,0,0.0,0,0.0,0,0.0,0,0.0,0,0.0,0,0.0,0,0.0,0,0.0,0,0.0,0.00,0.0,0,0,0
2725655379,通投-先人一步-星光款-系统-抖音-25.10.29-新笔记,被计划暂停,审核通过,通投,直播间直接支付ROI,笔记（直播组件）,68ef7974000000000300c1e9,66f67e4c000000001d03127d,视频笔记,通投-赛马合集-星光款-系统-抖音-25.10.29,152321905,2025-10-29 11:18:55,0.00,0,0,0.0%,0.0,0.0,0,0.00,0.0,0,0,0.0,0,0,0.0,0,0.0,0,0.0,0,0.0,0,0.0,0,0.0,0,0.0,0,0.0,0,0.0,0,0.0,0.00,0.0,0,0,0
2720843977,通投-白白胖胖-星光款-系统-抖音-25.10.28-新笔记,暂停,审核通过,通投,直播间直接支付ROI,笔记（直播组件）,68ef7968000000000301210f,66f67e4c000000001d03127d,视频笔记,通投-赛马合集-星光款-系统-抖音-25.10.28,152115408,2025-10-28 21:19:32,0.00,0,0,0.0%,0.0,0.0,0,0.00,0.0,0,0,0.0,0,0,0.0,0,0.0,0,0.0,0,0.0,0,0.0,0,0.0,0,0.0,0,0.0,0,0.0,0,0.0,0.00,0.0,0,0,0
2720843976,通投-抄底好价-星光款-系统-抖音-25.10.28-新笔记,暂停,审核通过,通投,直播间直接支付ROI,笔记（直播组件）,68ef7977000000000300c1fa,66f67e4c000000001d03127d,视频笔记,通投-赛马合集-星光款-系统-抖音-25.10.28,152115408,2025-10-28 21:19:32,0.00,0,0,0.0%,0.0,0.0,0,0.00,0.0,0,0,0.0,0,0,0.0,0,0.0,0,0.0,0,0.0,0,0.0,0,0.0,0,0.0,0,0.0,0,0.0,0,0.0,0.00,0.0,0,0,0
2720843975,通投-超大福利-星光款-系统-抖音-25.10.28-新笔记,暂停,审核通过,通投,直播间直接支付ROI,笔记（直播组件）,68ef797a0000000003020d04,66f67e4c000000001d03127d,视频笔记,通投-赛马合集-星光款-系统-抖音-25.10.28,152115408,2025-10-28 21:19:32,0.00,0,0,0.0%,0.0,0.0,0,0.00,0.0,0,0,0.0,0,0,0.0,0,0.0,0,0.0,0,0.0,0,0.0,0,0.0,0,0.0,0,0.0,0,0.0,0,0.0,0.00,0.0,0,0,0
2720843974,通投-拿的出手-星光款-系统-抖音-25.10.28-新笔记,暂停,审核通过,通投,直播间直接支付ROI,笔记（直播组件）,68ef7984000000000302faf0,66f67e4c000000001d03127d,视频笔记,通投-赛马合集-星光款-系统-抖音-25.10.28,152115408,2025-10-28 21:19:32,0.00,0,0,0.0%,0.0,0.0,0,0.00,0.0,0,0,0.0,0,0,0.0,0,0.0,0,0.0,0,0.0,0,0.0,0,0.0,0,0.0,0,0.0,0,0.0,0,0.0,0.00,0.0,0,0,0
2720843973,通投-景甜的-星光款-系统-抖音-25.10.28-新笔记,暂停,审核通过,通投,直播间直接支付ROI,笔记（直播组件）,68ef798100000000030359f5,66f67e4c000000001d03127d,视频笔记,通投-赛马合集-星光款-系统-抖音-25.10.28,152115408,2025-10-28 21:19:32,0.00,0,0,0.0%,0.0,0.0,0,0.00,0.0,0,0,0.0,0,0,0.0,0,0.0,0,0.0,0,0.0,0,0.0,0,0.0,0,0.0,0,0.0,0,0.0,0,0.0,0.00,0.0,0,0,0
2720674162,通投-买燕窝-青春款-定向-日弘-25.10.28-历史优质,暂停,审核通过,通投,直播间直接支付ROI,笔记（直播组件）,67e62a7d000000001b039ee2,66f67e4c000000001d03127d,图文笔记,通投-赛马合集-合集款-定向-日弘-25.10.28,152115157,2025-10-28 21:06:13,0.00,0,0,0.0%,0.0,0.0,0,0.00,0.0,0,0,0.0,0,0,0.0,0,0.0,0,0.0,0,0.0,0,0.0,0,0.0,0,0.0,0,0.0,0,0.0,0,0.0,0.00,0.0,0,0,0
2720674161,通投-聪明孕-青春款-定向-日弘-25.10.28-历史优质,暂停,审核通过,通投,直播间直接支付ROI,笔记（直播组件）,66714c48000000001d0161ee,583691373460942ae8fc16bb,图文笔记,通投-赛马合集-合集款-定向-日弘-25.10.28,152115157,2025-10-28 21:06:13,0.00,0,0,0.0%,0.0,0.0,0,0.00,0.0,0,0,0.0,0,0,0.0,0,0.0,0,0.0,0,0.0,0,0.0,0,0.0,0,0.0,0,0.0,0,0.0,0,0.0,0.00,0.0,0,0,0
2720674160,通投-年货节-合集款-定向-日弘-25.10.28-历史优质,暂停,审核通过,通投,直播间直接支付ROI,笔记（直播组件）,6777bad6000000001300eb13,66f67e4c000000001d03127d,图文笔记,通投-赛马合集-合集款-定向-日弘-25.10.28,152115157,2025-10-28 21:06:13,0.00,0,0,0.0%,0.0,0.0,0,0.00,0.0,0,0,0.0,0,0,0.0,0,0.0,0,0.0,0,0.0,0,0.0,0,0.0,0,0.0,0,0.0,0,0.0,0,0.0,0.00,0.0,0,0,0
2720674159,通投-燕窝也-合集款-定向-日弘-25.10.28-历史优质,暂停,审核通过,通投,直播间直接支付ROI,笔记（直播组件）,672d88bf000000001d0385de,583691373460942ae8fc16bb,图文笔记,通投-赛马合集-合集款-定向-日弘-25.10.28,152115157,2025-10-28 21:06:13,0.00,0,0,0.0%,0.0,0.0,0,0.00,0.0,0,0,0.0,0,0,0.0,0,0.0,0,0.0,0,0.0,0,0.0,0,0.0,0,0.0,0,0.0,0,0.0,0,0.0,0.00,0.0,0,0,0
2720597546,通投-二胎妈妈经验-合集款-系统-官号-25.10.28-历史优质,被计划暂停,审核通过,通投,直播间直接支付ROI,笔记（直播组件）,68478d15000000002102e0a5,583691373460942ae8fc16bb,图文笔记,通投-二胎妈妈经验-合集款-系统-官号-25.10.28-历史优质,152094306,2025-10-28 20:53:08,0.00,0,0,0.0%,0.0,0.0,0,0.00,0.0,0,0,0.0,0,0,0.0,0,0.0,0,0.0,0,0.0,0,0.0,0,0.0,0,0.0,0,0.0,0,0.0,0,0.0,0.00,0.0,0,0,0
2717699184,通投-跟风买-合集款-灵犀人群包-日弘-25.10.28-历史优质,被计划暂停,审核通过,通投,直播间直接支付ROI,笔记（直播组件）,6853cd19000000002201c348,66f67e4c000000001d03127d,图文笔记,通投-跟风买-合集款-灵犀人群包-日弘-25.10.28-历史优质,152030206,2025-10-28 14:46:42,0.00,0,0,0.0%,0.0,0.0,0,0.00,0.0,0,0,0.0,0,0,0.0,0,0.0,0,0.0,0,0.0,0,0.0,0,0.0,0,0.0,0,0.0,0,0.0,0,0.0,0.00,0.0,0,0,0
2717593121,通投-来帮你-合集款-灵犀人群包-日弘-25.10.28-历史优质,被计划暂停,审核通过,通投,直播间直接支付ROI,笔记（直播组件）,68a2e439000000001b021e9a,66f67e4c000000001d03127d,图文笔记,通投-来帮你-合集款-灵犀人群包-日弘-25.10.28-历史优质,152012774,2025-10-28 14:44:34,0.00,0,0,0.0%,0.0,0.0,0,0.00,0.0,0,0,0.0,0,0,0.0,0,0.0,0,0.0,0,0.0,0,0.0,0,0.0,0,0.0,0,0.0,0,0.0,0,0.0,0.00,0.0,0,0,0
2717637865,通投-孕期各-合集款-定向-日弘-25.10.28-历史优质,被计划暂停,审核通过,通投,直播间直接支付ROI,笔记（直播组件）,6826e9ea000000002102d1e1,66f67e4c000000001d03127d,图文笔记,通投-孕期各-合集款-定向-日弘-25.10.28-历史优质,152009151,2025-10-28 14:43:02,0.00,0,0,0.0%,0.0,0.0,0,0.00,0.0,0,0,0.0,0,0,0.0,0,0.0,0,0.0,0,0.0,0,0.0,0,0.0,0,0.0,0,0.0,0,0.0,0,0.0,0.00,0.0,0,0,0
2717439266,通投-窝开始-合集款-定向-日弘-25.10.28-历史优质,暂停,审核通过,通投,直播间直接支付ROI,笔记（直播组件）,681d9ed20000000021019587,66f67e4c000000001d03127d,图文笔记,通投-窝开始-合集款-定向-日弘-25.10.28-历史优质,152005643,2025-10-28 14:41:58,0.00,0,0,0.0%,0.0,0.0,0,0.00,0.0,0,0,0.0,0,0,0.0,0,0.0,0,0.0,0,0.0,0,0.0,0,0.0,0,0.0,0,0.0,0,0.0,0,0.0,0.00,0.0,0,0,0
2717495275,通投-亲身经验-合集款-孕期滋补人群-日弘-25.10.28-历史优质,被计划暂停,审核通过,通投,直播间直接支付ROI,笔记（直播组件）,68afeec0000000001b0300fd,66f67e4c000000001d03127d,图文笔记,通投-亲身经验-合集款-孕期滋补人群-日弘-25.10.28-历史优质,151999863,2025-10-28 14:40:55,0.00,0,0,0.0%,0.0,0.0,0,0.00,0.0,0,0,0.0,0,0,0.0,0,0.0,0,0.0,0,0.0,0,0.0,0,0.0,0,0.0,0,0.0,0,0.0,0,0.0,0.00,0.0,0,0,0
2708353026,通投-是绝杀-青春款-定向-日弘-25.10.27-历史优质,被计划暂停,审核通过,通投,直播间直接支付ROI,笔记（直播组件）,6801b680000000000e0074a1,583691373460942ae8fc16bb,图文笔记,通投-是绝杀-青春款-定向-日弘-25.10.27-历史优质,151628221,2025-10-27 16:14:41,0.00,0,0,0.0%,0.0,0.0,0,0.00,0.0,0,0,0.0,0,0,0.0,0,0.0,0,0.0,0,0.0,0,0.0,0,0.0,0,0.0,0,0.0,0,0.0,0,0.0,0.00,0.0,0,0,0
2708094451,通投-中式滋-青春款-定向-日弘-25.10.27-历史优质,被计划暂停,审核通过,通投,直播间直接支付ROI,笔记（直播组件）,6645ec79000000001e01ee7e,583691373460942ae8fc16bb,图文笔记,通投-中式滋-青春款-定向-日弘-25.10.27-历史优质,151595230,2025-10-27 15:30:20,0.00,0,0,0.0%,0.0,0.0,0,0.00,0.0,0,0,0.0,0,0,0.0,0,0.0,0,0.0,0,0.0,0,0.0,0,0.0,0,0.0,0,0.0,0,0.0,0,0.0,0.00,0.0,0,0,0
2707927543,通投-想不到-青春款-定向-日弘-25.10.27-历史优质,被计划暂停,审核通过,通投,直播间直接支付ROI,笔记（直播组件）,688b20f30000000023022bd8,66f67e4c000000001d03127d,图文笔记,通投-想不到-青春款-定向-日弘-25.10.27-历史优质,151606561,2025-10-27 15:29:12,0.00,0,0,0.0%,0.0,0.0,0,0.00,0.0,0,0,0.0,0,0,0.0,0,0.0,0,0.0,0,0.0,0,0.0,0,0.0,0,0.0,0,0.0,0,0.0,0,0.0,0.00,0.0,0,0,0
2707926203,通投-饱满肌-青春款-定向-日弘-25.10.27-历史优质,被计划暂停,审核通过,通投,直播间直接支付ROI,笔记（直播组件）,686f734e000000002400bf48,66f67e4c000000001d03127d,图文笔记,通投-饱满肌-青春款-定向-日弘-25.10.27-历史优质,151606488,2025-10-27 15:27:29,0.00,0,0,0.0%,0.0,0.0,0,0.00,0.0,0,0,0.0,0,0,0.0,0,0.0,0,0.0,0,0.0,0,0.0,0,0.0,0,0.0,0,0.0,0,0.0,0,0.0,0.00,0.0,0,0,0
2708087308,通投-懂行的-合集款-定向-日弘-25.10.27-历史优质,暂停,审核通过,通投,直播间直接支付ROI,笔记（直播组件）,66d7c90e000000001f03eb73,583691373460942ae8fc16bb,图文笔记,通投-懂行的-合集款-定向-日弘-25.10.27-历史优质,151589267,2025-10-27 15:23:57,0.00,0,0,0.0%,0.0,0.0,0,0.00,0.0,0,0,0.0,0,0,0.0,0,0.0,0,0.0,0,0.0,0,0.0,0,0.0,0,0.0,0,0.0,0,0.0,0,0.0,0.00,0.0,0,0,0
2705048180,通投-收益最牛-青春款-系统-日弘-25.10.27-新笔记,暂停,审核通过,通投,直播间直接支付ROI,笔记（直播组件）,68f9f8a50000000004010c9e,66f67e4c000000001d03127d,图文笔记,通投-收益最牛-青春款-系统-日弘-25.10.27-新笔记,151534705,2025-10-27 10:11:14,0.00,0,0,0.0%,0.0,0.0,0,0.00,0.0,0,0,0.0,0,0,0.0,0,0.0,0,0.0,0,0.0,0,0.0,0,0.0,0,0.0,0,0.0,0,0.0,0,0.0,0.00,0.0,0,0,0
2704940027,通投-燕窝也-合集款-定向-日弘-25.10.27-优化测试,暂停,审核通过,通投,直播间直接支付ROI,笔记（直播组件）,672d88bf000000001d0385de,583691373460942ae8fc16bb,图文笔记,通投-燕窝也-合集款-定向-日弘-25.10.27-优化测试,151523086,2025-10-27 10:04:40,0.00,0,0,0.0%,0.0,0.0,0,0.00,0.0,0,0,0.0,0,0,0.0,0,0.0,0,0.0,0,0.0,0,0.0,0,0.0,0,0.0,0,0.0,0,0.0,0,0.0,0.00,0.0,0,0,0
2705080792,通投-想不到-青春款-定向-日弘-25.10.27-优化测试,被计划暂停,审核通过,通投,直播间直接支付ROI,笔记（直播组件）,688b20f30000000023022bd8,66f67e4c000000001d03127d,图文笔记,通投-想不到-青春款-定向-日弘-25.10.27-优化测试,151522943,2025-10-27 10:02:22,0.00,0,0,0.0%,0.0,0.0,0,0.00,0.0,0,0,0.0,0,0,0.0,0,0.0,0,0.0,0,0.0,0,0.0,0,0.0,0,0.0,0,0.0,0,0.0,0,0.0,0.00,0.0,0,0,0
2704890733,通投-正确吃法-星光款-定向-日弘-25.10.27-优化测试,被计划暂停,审核通过,通投,直播间直接支付ROI,笔记（直播组件）,68e9f80100000000040286a4,66f67e4c000000001d03127d,图文笔记,通投-正确吃法-星光款-定向-日弘-25.10.27-优化测试,151507484,2025-10-27 10:00:38,0.00,0,0,0.0%,0.0,0.0,0,0.00,0.0,0,0,0.0,0,0,0.0,0,0.0,0,0.0,0,0.0,0,0.0,0,0.0,0,0.0,0,0.0,0,0.0,0,0.0,0.00,0.0,0,0,0
2682638731,通投-二胎孕妈私藏-星光款-系统-日弘-25.10.24-新笔记-视频组,暂停,审核通过,通投,直播间直接支付ROI,笔记（直播组件）,68fae9d80000000005032b06,66f67e4c000000001d03127d,视频笔记,通投-二胎孕妈私藏-星光款-系统-日弘-25.10.24-新笔记-视频组,150817985,2025-10-24 17:23:16,0.00,0,0,0.0%,0.0,0.0,0,0.00,0.0,0,0,0.0,0,0,0.0,0,0.0,0,0.0,0,0.0,0,0.0,0,0.0,0,0.0,0,0.0,0,0.0,0,0.0,0.00,0.0,0,0,0
2672768592,通投-怎么囤更划算-合集款-灵犀人群包-日弘-25.10.23-新笔记,被计划暂停,审核通过,通投,直播间直接支付ROI,笔记（直播组件）,68f9f1dc00000000040293a2,66f67e4c000000001d03127d,图文笔记,通投-怎么囤更划算-合集款-灵犀人群包-日弘-25.10.23-新笔记,150571562,2025-10-23 17:22:54,0.00,0,0,0.0%,0.0,0.0,0,0.00,0.0,0,0,0.0,0,0,0.0,0,0.0,0,0.0,0,0.0,0,0.0,0,0.0,0,0.0,0,0.0,0,0.0,0,0.0,0.00,0.0,0,0,0
2672709678,通投-怎么囤更划算-合集款-系统-日弘-25.10.23-新笔记,被计划暂停,审核通过,通投,直播间直接支付ROI,笔记（直播组件）,68f9f1dc00000000040293a2,66f67e4c000000001d03127d,图文笔记,通投-怎么囤更划算-合集款-系统-日弘-25.10.23-新笔记,150575826,2025-10-23 17:19:51,0.00,0,0,0.0%,0.0,0.0,0,0.00,0.0,0,0,0.0,0,0,0.0,0,0.0,0,0.0,0,0.0,0,0.0,0,0.0,0,0.0,0,0.0,0,0.0,0,0.0,0.00,0.0,0,0,0
2672107649,通投-整个孕期-星光款-灵犀人群包-抖音-25.10.23-历史优质,被计划暂停,审核通过,通投,直播间直接支付ROI,笔记（直播组件）,686f82c60000000011001994,66f67e4c000000001d03127d,视频笔记,通投-整个孕期-星光款-灵犀人群包-抖音-25.10.23-历史优质,150553087,2025-10-23 16:12:32,0.00,0,0,0.0%,0.0,0.0,0,0.00,0.0,0,0,0.0,0,0,0.0,0,0.0,0,0.0,0,0.0,0,0.0,0,0.0,0,0.0,0,0.0,0,0.0,0,0.0,0.00,0.0,0,0,0
2671915117,通投-跟风买-合集款-灵犀人群包-日弘-25.10.23-历史优质,被计划暂停,审核通过,通投,直播间直接支付ROI,笔记（直播组件）,6853cd19000000002201c348,66f67e4c000000001d03127d,图文笔记,通投-跟风买-合集款-灵犀人群包-日弘-25.10.23-历史优质,150566650,2025-10-23 16:03:49,0.00,0,0,0.0%,0.0,0.0,0,0.00,0.0,0,0,0.0,0,0,0.0,0,0.0,0,0.0,0,0.0,0,0.0,0,0.0,0,0.0,0,0.0,0,0.0,0,0.0,0.00,0.0,0,0,0
2671969986,通投-舍得吃燕窝-星光款-定向-抖音-25.10.23-新笔记,被计划暂停,审核通过,通投,直播间直接支付ROI,笔记（直播组件）,68d506fc000000001301e0cf,66f67e4c000000001d03127d,视频笔记,通投-舍得吃燕窝-星光款-定向-抖音-25.10.23-新笔记,150546390,2025-10-23 16:01:24,0.00,0,0,0.0%,0.0,0.0,0,0.00,0.0,0,0,0.0,0,0,0.0,0,0.0,0,0.0,0,0.0,0,0.0,0,0.0,0,0.0,0,0.0,0,0.0,0,0.0,0.00,0.0,0,0,0
2671719238,通投-懂事的宝宝-星光款-定向-抖音-25.10.23-新笔记,被计划暂停,审核拒绝,通投,直播间直接支付ROI,笔记（直播组件）,6881ea2500000000230067d9,66f67e4c000000001d03127d,视频笔记,通投-懂事的宝宝-星光款-定向-抖音-25.10.23-新笔记,150557927,2025-10-23 15:59:11,0.00,0,0,0.0%,0.0,0.0,0,0.00,0.0,0,0,0.0,0,0,0.0,0,0.0,0,0.0,0,0.0,0,0.0,0,0.0,0,0.0,0,0.0,0,0.0,0,0.0,0.00,0.0,0,0,0
2671643926,通投-不是燕-星光款-灵犀人群包-日弘-25.10.23-历史优质,被计划暂停,审核通过,通投,直播间直接支付ROI,笔记（直播组件）,6747c34600000000020383fa,583691373460942ae8fc16bb,图文笔记,通投-不是燕-星光款-灵犀人群包-日弘-25.10.23-历史优质,150545081,2025-10-23 15:43:06,0.00,0,0,0.0%,0.0,0.0,0,0.00,0.0,0,0,0.0,0,0,0.0,0,0.0,0,0.0,0,0.0,0,0.0,0,0.0,0,0.0,0,0.0,0,0.0,0,0.0,0.00,0.0,0,0,0
2668757048,通投-冤枉钱-合集款-定向-日弘-25.10.22-优化测试,被计划暂停,不满足审核条件,通投,直播间直接支付ROI,笔记（直播组件）,684b88e4000000002100a26c,66f67e4c000000001d03127d,图文笔记,通投-冤枉钱-合集款-定向-日弘-25.10.22-优化测试,150445698,2025-10-23 10:55:23,0.00,0,0,0.0%,0.0,0.0,0,0.00,0.0,0,0,0.0,0,0,0.0,0,0.0,0,0.0,0,0.0,0,0.0,0,0.0,0,0.0,0,0.0,0,0.0,0,0.0,0.00,0.0,0,0,0
2668807687,通投-冤枉钱-合集款-定向-日弘-25.10.23-优化测试,被计划暂停,审核通过,通投,直播间直接支付ROI,笔记（直播组件）,684b88e4000000002100a26c,66f67e4c000000001d03127d,图文笔记,通投-冤枉钱-合集款-定向-日弘-25.10.23-优化测试,150445769,2025-10-23 10:53:39,0.00,0,0,0.0%,0.0,0.0,0,0.00,0.0,0,0,0.0,0,0,0.0,0,0.0,0,0.0,0,0.0,0,0.0,0,0.0,0,0.0,0,0.0,0,0.0,0,0.0,0.00,0.0,0,0,0
2662142112,通投-王者的品质-星光款-系统-抖音-25.10.22-新笔记,被计划暂停,审核通过,通投,直播间直接支付ROI,笔记（直播组件）,68ef797e000000000302fad3,66f67e4c000000001d03127d,视频笔记,通投-王者的品质-星光款-系统-抖音-25.10.22-新笔记,150227323,2025-10-22 16:11:18,0.00,0,0,0.0%,0.0,0.0,0,0.00,0.0,0,0,0.0,0,0,0.0,0,0.0,0,0.0,0,0.0,0,0.0,0,0.0,0,0.0,0,0.0,0,0.0,0,0.0,0.00,0.0,0,0,0
2661996328,通投-没错-星光款-系统-抖音-25.10.22-新笔记,被计划暂停,审核通过,通投,直播间直接支付ROI,笔记（直播组件）,68ef797c000000000303812a,66f67e4c000000001d03127d,视频笔记,通投-没错-星光款-系统-抖音-25.10.22-新笔记,150226903,2025-10-22 16:03:27,0.00,0,0,0.0%,0.0,0.0,0,0.00,0.0,0,0,0.0,0,0,0.0,0,0.0,0,0.0,0,0.0,0,0.0,0,0.0,0,0.0,0,0.0,0,0.0,0,0.0,0.00,0.0,0,0,0
2658654269,通投-越早赚到-星光款-系统-日弘-25.10.22-新笔记-视频组,被计划暂停,审核通过,通投,直播间直接支付ROI,笔记（直播组件）,68f84054000000000503ad8b,66f67e4c000000001d03127d,视频笔记,通投-越早赚到-星光款-系统-日弘-25.10.22-新笔记-视频组,150147696,2025-10-22 10:45:14,0.00,0,0,0.0%,0.0,0.0,0,0.00,0.0,0,0,0.0,0,0,0.0,0,0.0,0,0.0,0,0.0,0,0.0,0,0.0,0,0.0,0,0.0,0,0.0,0,0.0,0.00,0.0,0,0,0
2652076314,通投-X1nbbbb﻿转载-合集款-灵犀人群包-官号-25.10.21-优化测试,被计划暂停,审核拒绝,通投,直播间直接支付ROI,笔记（直播组件）,68478fe600000000210045af,583691373460942ae8fc16bb,图文笔记,通投-X1nbbbb﻿转载-合集款-灵犀人群包-官号-25.10.21-优化测试,149941116,2025-10-21 17:29:18,0.00,0,0,0.0%,0.0,0.0,0,0.00,0.0,0,0,0.0,0,0,0.0,0,0.0,0,0.0,0,0.0,0,0.0,0,0.0,0,0.0,0,0.0,0,0.0,0,0.0,0.00,0.0,0,0,0
2651724719,通投-搭配攻略-星光款-灵犀人群包-官号-25.10.21-优化测试,被计划暂停,审核拒绝,通投,直播间直接支付ROI,笔记（直播组件）,685a76440000000023006bb0,583691373460942ae8fc16bb,图文笔记,通投-搭配攻略-星光款-灵犀人群包-官号-25.10.21-优化测试,149954109,2025-10-21 17:07:02,0.00,0,0,0.0%,0.0,0.0,0,0.00,0.0,0,0,0.0,0,0,0.0,0,0.0,0,0.0,0,0.0,0,0.0,0,0.0,0,0.0,0,0.0,0,0.0,0,0.0,0.00,0.0,0,0,0
2651886062,通投-蔓越莓妈咪转载-星光款-灵犀人群包-官号-25.10.21-优化测试,被计划暂停,审核通过,通投,直播间直接支付ROI,笔记（直播组件）,686c7850000000001c03062c,583691373460942ae8fc16bb,图文笔记,通投-蔓越莓妈咪转载-星光款-灵犀人群包-官号-25.10.21-优化测试,149945569,2025-10-21 17:04:19,0.00,0,0,0.0%,0.0,0.0,0,0.00,0.0,0,0,0.0,0,0,0.0,0,0.0,0,0.0,0,0.0,0,0.0,0,0.0,0,0.0,0,0.0,0,0.0,0,0.0,0.00,0.0,0,0,0
2651716715,通投-四夕大王转载-星光款-灵犀人群包-官号-25.10.21-优化测试,被计划暂停,审核通过,通投,直播间直接支付ROI,笔记（直播组件）,6874ca94000000002400e10e,583691373460942ae8fc16bb,图文笔记,通投-四夕大王转载-星光款-灵犀人群包-官号-25.10.21-优化测试,149945355,2025-10-21 17:00:30,0.00,0,0,0.0%,0.0,0.0,0,0.00,0.0,0,0,0.0,0,0,0.0,0,0.0,0,0.0,0,0.0,0,0.0,0,0.0,0,0.0,0,0.0,0,0.0,0,0.0,0.00,0.0,0,0,0
2651558216,通投-奇多妈妈转载-星光款-灵犀人群包-官号-25.10.21-优化测试,被计划暂停,审核通过,通投,直播间直接支付ROI,笔记（直播组件）,6875ebd8000000002400c485,583691373460942ae8fc16bb,图文笔记,通投-奇多妈妈转载-星光款-灵犀人群包-官号-25.10.21-优化测试,149886482,2025-10-21 16:51:36,0.00,0,0,0.0%,0.0,0.0,0,0.00,0.0,0,0,0.0,0,0,0.0,0,0.0,0,0.0,0,0.0,0,0.0,0,0.0,0,0.0,0,0.0,0,0.0,0,0.0,0.00,0.0,0,0,0
2650017716,通投-X1nbbbb-合集款-系统-达人-25.10.21-优化测试,被计划暂停,审核通过,通投,直播间直接支付ROI,笔记（直播组件）,6837d4ef000000002002bedf,54ce63d02e1d935ac1b3fedf,图文笔记,通投-X1nbbbb-合集款-系统-达人-25.10.21-优化测试,149890297,2025-10-21 14:42:29,0.00,0,0,0.0%,0.0,0.0,0,0.00,0.0,0,0,0.0,0,0,0.0,0,0.0,0,0.0,0,0.0,0,0.0,0,0.0,0,0.0,0,0.0,0,0.0,0,0.0,0.00,0.0,0,0,0
2649868925,通投-燕窝也-合集款-定向-日弘-25.10.21-历史优质,被计划暂停,审核通过,通投,直播间直接支付ROI,笔记（直播组件）,672d88bf000000001d0385de,583691373460942ae8fc16bb,图文笔记,通投-燕窝也-合集款-定向-日弘-25.10.21-历史优质,149901515,2025-10-21 14:39:16,0.00,0,0,0.0%,0.0,0.0,0,0.00,0.0,0,0,0.0,0,0,0.0,0,0.0,0,0.0,0,0.0,0,0.0,0,0.0,0,0.0,0,0.0,0,0.0,0,0.0,0.00,0.0,0,0,0
2649949258,通投-高端变美局-合集款-灵犀人群包-官号-日弘-25.10.21,被计划暂停,审核通过,通投,直播间直接支付ROI,笔记（直播组件）,686504c60000000023004de3,583691373460942ae8fc16bb,图文笔记,通投-高端变美局-合集款-灵犀人群包-官号-日弘-25.10.21,149895574,2025-10-21 14:32:27,0.00,0,0,0.0%,0.0,0.0,0,0.00,0.0,0,0,0.0,0,0,0.0,0,0.0,0,0.0,0,0.0,0,0.0,0,0.0,0,0.0,0,0.0,0,0.0,0,0.0,0.00,0.0,0,0,0
2649538228,通投-正确吃法-星光款-孕期滋补人群-日弘-25.10.21-新笔记,被计划暂停,审核通过,通投,直播间直接支付ROI,笔记（直播组件）,68e9f80100000000040286a4,66f67e4c000000001d03127d,图文笔记,通投-正确吃法-星光款-孕期滋补人群-日弘-25.10.21-新笔记,149868977,2025-10-21 13:46:04,0.00,0,0,0.0%,0.0,0.0,0,0.00,0.0,0,0,0.0,0,0,0.0,0,0.0,0,0.0,0,0.0,0,0.0,0,0.0,0,0.0,0,0.0,0,0.0,0,0.0,0.00,0.0,0,0,0
2649492075,通投-懂行的-合集款-系统-日弘-25.10.21-历史优质,被计划暂停,审核通过,通投,直播间直接支付ROI,笔记（直播组件）,66d7c90e000000001f03eb73,583691373460942ae8fc16bb,图文笔记,通投-懂行的-合集款-系统-日弘-25.10.21-历史优质,149882866,2025-10-21 13:36:34,0.00,0,0,0.0%,0.0,0.0,0,0.00,0.0,0,0,0.0,0,0,0.0,0,0.0,0,0.0,0,0.0,0,0.0,0,0.0,0,0.0,0,0.0,0,0.0,0,0.0,0.00,0.0,0,0,0
2648245605,通投-小白选-合集款-定向-日弘-25.10.21-历史优质-放量,被计划暂停,审核通过,通投,直播间直接支付ROI,笔记（直播组件）,67af0cf3000000002803797b,66f67e4c000000001d03127d,图文笔记,通投-小白选-合集款-定向-日弘-25.10.21-历史优质-放量,149848149,2025-10-21 10:55:16,0.00,0,0,0.0%,0.0,0.0,0,0.00,0.0,0,0,0.0,0,0,0.0,0,0.0,0,0.0,0,0.0,0,0.0,0,0.0,0,0.0,0,0.0,0,0.0,0,0.0,0.00,0.0,0,0,0
2641860023,通投-内调变美-青春款-定向-日弘-25.10.20-新笔记-视频组,暂停,审核通过,通投,直播间直接支付ROI,笔记（直播组件）,68e9ec9e0000000005039a5a,66f67e4c000000001d03127d,视频笔记,通投-内调变美-青春款-定向-日弘-25.10.20-新笔记-视频组,149598207,2025-10-20 13:58:38,0.00,0,0,0.0%,0.0,0.0,0,0.00,0.0,0,0,0.0,0,0,0.0,0,0.0,0,0.0,0,0.0,0,0.0,0,0.0,0,0.0,0,0.0,0,0.0,0,0.0,0.00,0.0,0,0,0
2641689694,通投-嘭弹肌-星光款-系统-日弘-25.10.20-新笔记,暂停,审核通过,通投,直播间直接支付ROI,笔记（直播组件）,68f0bc530000000005033d8f,66f67e4c000000001d03127d,图文笔记,通投-嘭弹肌-星光款-系统-日弘-25.10.20-新笔记,149598066,2025-10-20 13:55:29,0.00,0,0,0.0%,0.0,0.0,0,0.00,0.0,0,0,0.0,0,0,0.0,0,0.0,0,0.0,0,0.0,0,0.0,0,0.0,0,0.0,0,0.0,0,0.0,0,0.0,0.00,0.0,0,0,0
2641796746,通投-宝妈亲测-星光款-定向-日弘-25.10.20-新笔记-视频组,被计划暂停,审核通过,通投,直播间直接支付ROI,笔记（直播组件）,68ede2560000000004028b00,66f67e4c000000001d03127d,视频笔记,通投-宝妈亲测-星光款-定向-日弘-25.10.20-新笔记-视频组,149619629,2025-10-20 13:53:28,0.00,0,0,0.0%,0.0,0.0,0,0.00,0.0,0,0,0.0,0,0,0.0,0,0.0,0,0.0,0,0.0,0,0.0,0,0.0,0,0.0,0,0.0,0,0.0,0,0.0,0.00,0.0,0,0,0
2640151227,通投-才安心-星光款-系统-日弘-25.10.20-历史优质-广告素材,被计划暂停,审核通过,通投,直播间直接支付ROI,笔记（直播组件）,68f20f38000000000500192e,583691373460942ae8fc16bb,图文笔记,通投-才安心-星光款-系统-日弘-25.10.20-历史优质-广告素材,149566900,2025-10-20 11:14:09,0.00,0,0,0.0%,0.0,0.0,0,0.00,0.0,0,0,0.0,0,0,0.0,0,0.0,0,0.0,0,0.0,0,0.0,0,0.0,0,0.0,0,0.0,0,0.0,0,0.0,0.00,0.0,0,0,0
2640405297,通投-想不到-青春款-系统-日弘-25.10.20-优化测试-广告素材,被计划暂停,审核通过,通投,直播间直接支付ROI,笔记（直播组件）,68f2037300000000050128a5,583691373460942ae8fc16bb,图文笔记,通投-想不到-青春款-系统-日弘-25.10.20-优化测试-广告素材,149566768,2025-10-20 11:11:36,0.00,0,0,0.0%,0.0,0.0,0,0.00,0.0,0,0,0.0,0,0,0.0,0,0.0,0,0.0,0,0.0,0,0.0,0,0.0,0,0.0,0,0.0,0,0.0,0,0.0,0.00,0.0,0,0,0
2640401366,通投-买燕窝-青春款-系统-日弘-25.10.20-历史优质-广告素材,被计划暂停,审核通过,通投,直播间直接支付ROI,笔记（直播组件）,68f20fef000000000501052a,583691373460942ae8fc16bb,图文笔记,通投-买燕窝-青春款-系统-日弘-25.10.20-历史优质-广告素材,149583946,2025-10-20 11:09:15,0.00,0,0,0.0%,0.0,0.0,0,0.00,0.0,0,0,0.0,0,0,0.0,0,0.0,0,0.0,0,0.0,0,0.0,0,0.0,0,0.0,0,0.0,0,0.0,0,0.0,0.00,0.0,0,0,0
2640400411,通投-抓住春-合集款-系统-日弘-25.10.17-历史优质-广告素材,被计划暂停,审核通过,通投,直播间直接支付ROI,笔记（直播组件）,68f20999000000000401520e,583691373460942ae8fc16bb,图文笔记,通投-抓住春-合集款-系统-日弘-25.10.17-历史优质-广告素材,149577965,2025-10-20 11:08:07,0.00,0,0,0.0%,0.0,0.0,0,0.00,0.0,0,0,0.0,0,0,0.0,0,0.0,0,0.0,0,0.0,0,0.0,0,0.0,0,0.0,0,0.0,0,0.0,0,0.0,0.00,0.0,0,0,0
2640175926,通投-年货节-合集款-系统-日弘-25.10.20-优化测试-广告素材,被计划暂停,审核通过,通投,直播间直接支付ROI,笔记（直播组件）,68f20c7a0000000003039116,583691373460942ae8fc16bb,图文笔记,通投-年货节-合集款-系统-日弘-25.10.20-优化测试-广告素材,149583567,2025-10-20 11:02:55,0.00,0,0,0.0%,0.0,0.0,0,0.00,0.0,0,0,0.0,0,0,0.0,0,0.0,0,0.0,0,0.0,0,0.0,0,0.0,0,0.0,0,0.0,0,0.0,0,0.0,0.00,0.0,0,0,0
2617270299,通投-美丽翻倍-合集款-灵犀人群包-日弘-25.10.17-优化测试,被计划暂停,审核通过,通投,直播间直接支付ROI,笔记（直播组件）,68e9f2ac0000000004001e16,583691373460942ae8fc16bb,图文笔记,通投-美丽翻倍-合集款-灵犀人群包-日弘-25.10.17-优化测试,149024687,2025-10-17 16:11:34,0.00,0,0,0.0%,0.0,0.0,0,0.00,0.0,0,0,0.0,0,0,0.0,0,0.0,0,0.0,0,0.0,0,0.0,0,0.0,0,0.0,0,0.0,0,0.0,0,0.0,0.00,0.0,0,0,0
2614868376,通投-亲身经验-合集款-灵犀人群包-日弘-25.10.17-优化测试-广告素材,被计划暂停,审核通过,通投,直播间直接支付ROI,笔记（直播组件）,68f1b4a800000000070018e2,583691373460942ae8fc16bb,图文笔记,通投-亲身经验-合集款-灵犀人群包-日弘-25.10.17-优化测试-广告素材,148918245,2025-10-17 11:29:08,0.00,0,0,0.0%,0.0,0.0,0,0.00,0.0,0,0,0.0,0,0,0.0,0,0.0,0,0.0,0,0.0,0,0.0,0,0.0,0,0.0,0,0.0,0,0.0,0,0.0,0.00,0.0,0,0,0
2614184520,通投-仔仔麻麻（哺乳期）-星光款-孕期滋补人群-达人-25.10.17-新笔记,被计划暂停,审核通过,通投,直播间直接支付ROI,笔记（直播组件）,6878eaf20000000013013f9f,5c1915150000000005018623,图文笔记,通投-仔仔麻麻（哺乳期）-星光款-孕期滋补人群-达人-25.10.17-新笔记,148889890,2025-10-17 10:12:10,0.00,0,0,0.0%,0.0,0.0,0,0.00,0.0,0,0,0.0,0,0,0.0,0,0.0,0,0.0,0,0.0,0,0.0,0,0.0,0,0.0,0,0.0,0,0.0,0,0.0,0.00,0.0,0,0,0
2613938381,通投-豆儿学姐-星光款-孕期滋补人群-达人-25.10.16-新笔记,被计划暂停,审核通过,通投,直播间直接支付ROI,笔记（直播组件）,68b7de11000000001d016af3,55af37905894462359eeaf60,视频笔记,通投-豆儿学姐-星光款-孕期滋补人群-达人-25.10.16-新笔记,148906994,2025-10-17 10:11:08,0.00,0,0,0.0%,0.0,0.0,0,0.00,0.0,0,0,0.0,0,0,0.0,0,0.0,0,0.0,0,0.0,0,0.0,0,0.0,0,0.0,0,0.0,0,0.0,0,0.0,0.00,0.0,0,0,0
2614137307,通投-VIVI转载-青春款-定向-官号-25.10.17-历史优质,被计划暂停,审核通过,通投,直播间直接支付ROI,笔记（直播组件）,684fb0fe0000000021003394,583691373460942ae8fc16bb,图文笔记,通投-VIVI转载-青春款-定向-官号-25.10.17-历史优质,148895185,2025-10-17 10:05:56,0.00,0,0,0.0%,0.0,0.0,0,0.00,0.0,0,0,0.0,0,0,0.0,0,0.0,0,0.0,0,0.0,0,0.0,0,0.0,0,0.0,0,0.0,0,0.0,0,0.0,0.00,0.0,0,0,0
2614133802,通投-瑞瑞妈妈转载-星光款-定向-官号-25.10.17-历史优质,被计划暂停,审核通过,通投,直播间直接支付ROI,笔记（直播组件）,68872a7c000000001c0353f1,583691373460942ae8fc16bb,图文笔记,通投-瑞瑞妈妈转载-星光款-定向-官号-25.10.17-历史优质,148889544,2025-10-17 10:03:42,0.00,0,0,0.0%,0.0,0.0,0,0.00,0.0,0,0,0.0,0,0,0.0,0,0.0,0,0.0,0,0.0,0,0.0,0,0.0,0,0.0,0,0.0,0,0.0,0,0.0,0.00,0.0,0,0,0
2608474926,通投-红润透亮感-青春款-定向-日弘-25.10.16-新笔记,被计划暂停,审核通过,通投,直播间直接支付ROI,笔记（直播组件）,68f0bdf6000000000503bae7,66f67e4c000000001d03127d,图文笔记,通投-红润透亮感-青春款-定向-日弘-25.10.16-新笔记,148773521,2025-10-16 17:57:52,0.00,0,0,0.0%,0.0,0.0,0,0.00,0.0,0,0,0.0,0,0,0.0,0,0.0,0,0.0,0,0.0,0,0.0,0,0.0,0,0.0,0,0.0,0,0.0,0,0.0,0.00,0.0,0,0,0
2608673775,通投-嘭弹肌-星光款-定向-日弘-25.10.16-新笔记,暂停,审核通过,通投,直播间直接支付ROI,笔记（直播组件）,68f0bc530000000005033d8f,66f67e4c000000001d03127d,图文笔记,通投-嘭弹肌-星光款-定向-日弘-25.10.16-新笔记,148773347,2025-10-16 17:55:56,0.00,0,0,0.0%,0.0,0.0,0,0.00,0.0,0,0,0.0,0,0,0.0,0,0.0,0,0.0,0,0.0,0,0.0,0,0.0,0,0.0,0,0.0,0,0.0,0,0.0,0.00,0.0,0,0,0
2604480131,通投-二胎妈妈经验-合集款-定向-官号-25.10.16-历史优质,被计划暂停,审核通过,通投,直播间直接支付ROI,笔记（直播组件）,68478d15000000002102e0a5,583691373460942ae8fc16bb,图文笔记,通投-二胎妈妈经验-合集款-定向-官号-25.10.16-历史优质,148643059,2025-10-16 10:29:41,0.00,0,0,0.0%,0.0,0.0,0,0.00,0.0,0,0,0.0,0,0,0.0,0,0.0,0,0.0,0,0.0,0,0.0,0,0.0,0,0.0,0,0.0,0,0.0,0,0.0,0.00,0.0,0,0,0
2604376598,通投-小白选-合集款-定向-日弘-25.10.16-历史优质,被计划暂停,审核通过,通投,直播间直接支付ROI,笔记（直播组件）,67af0cf3000000002803797b,66f67e4c000000001d03127d,图文笔记,通投-小白选-合集款-定向-日弘-25.10.16-历史优质,148637377,2025-10-16 10:28:37,0.00,0,0,0.0%,0.0,0.0,0,0.00,0.0,0,0,0.0,0,0,0.0,0,0.0,0,0.0,0,0.0,0,0.0,0,0.0,0,0.0,0,0.0,0,0.0,0,0.0,0.00,0.0,0,0,0
2604432713,通投-内调外-星光款-定向-日弘-25.10.16-优化测试,被计划暂停,审核通过,通投,直播间直接支付ROI,笔记（直播组件）,68428148000000002100013c,66f67e4c000000001d03127d,图文笔记,通投-内调外-星光款-定向-日弘-25.10.16-优化测试,148632146,2025-10-16 10:27:43,0.00,0,0,0.0%,0.0,0.0,0,0.00,0.0,0,0,0.0,0,0,0.0,0,0.0,0,0.0,0,0.0,0,0.0,0,0.0,0,0.0,0,0.0,0,0.0,0,0.0,0.00,0.0,0,0,0
2597906077,通投-妇产科医生马彦彦-星光款-灵犀人群包-日弘-25.10.15-新笔记,被计划暂停,审核拒绝,通投,直播间直接支付ROI,笔记（直播组件）,68d658fb0000000012015a7a,666ab11b000000000b030432,视频笔记,通投-妇产科医生马彦彦-星光款-灵犀人群包-日弘-25.10.15-新笔记,148445976,2025-10-15 16:56:55,0.00,0,0,0.0%,0.0,0.0,0,0.00,0.0,0,0,0.0,0,0,0.0,0,0.0,0,0.0,0,0.0,0,0.0,0,0.0,0,0.0,0,0.0,0,0.0,0,0.0,0.00,0.0,0,0,0
2594299782,通投-年货节-合集款-灵犀人群包-日弘-25.10.15-优化测试,暂停,审核通过,通投,直播间直接支付ROI,笔记（直播组件）,6777bad6000000001300eb13,66f67e4c000000001d03127d,图文笔记,通投-年货节-合集款-灵犀人群包-日弘-25.10.15-优化测试,148341423,2025-10-15 10:14:20,0.00,0,0,0.0%,0.0,0.0,0,0.00,0.0,0,0,0.0,0,0,0.0,0,0.0,0,0.0,0,0.0,0,0.0,0,0.0,0,0.0,0,0.0,0,0.0,0,0.0,0.00,0.0,0,0,0
2594199538,通投-悔1年-合集款-灵犀人群包-日弘-25.10.15-优化测试,被计划暂停,审核通过,通投,直播间直接支付ROI,笔记（直播组件）,67c57941000000002503c833,66f67e4c000000001d03127d,图文笔记,通投-悔1年-合集款-灵犀人群包-日弘-25.10.15-优化测试,148333539,2025-10-15 10:10:20,0.00,0,0,0.0%,0.0,0.0,0,0.00,0.0,0,0,0.0,0,0,0.0,0,0.0,0,0.0,0,0.0,0,0.0,0,0.0,0,0.0,0,0.0,0,0.0,0,0.0,0.00,0.0,0,0,0
2594166523,通投-定格美丽-星光款-定向-日弘-25.10.15-新笔记,被计划暂停,审核通过,通投,直播间直接支付ROI,笔记（直播组件）,68da24710000000011014282,66f67e4c000000001d03127d,图文笔记,通投-定格美丽-星光款-定向-日弘-25.10.15-新笔记,148335813,2025-10-15 09:46:09,0.00,0,0,0.0%,0.0,0.0,0,0.00,0.0,0,0,0.0,0,0,0.0,0,0.0,0,0.0,0,0.0,0,0.0,0,0.0,0,0.0,0,0.0,0,0.0,0,0.0,0.00,0.0,0,0,0
2593896969,通投-燕窝也-合集款-灵犀人群包-日弘-25.10.15-历史优质,被计划暂停,审核通过,通投,直播间直接支付ROI,笔记（直播组件）,672d88bf000000001d0385de,583691373460942ae8fc16bb,图文笔记,通投-燕窝也-合集款-灵犀人群包-日弘-25.10.15-历史优质,148340160,2025-10-15 09:38:14,0.00,0,0,0.0%,0.0,0.0,0,0.00,0.0,0,0,0.0,0,0,0.0,0,0.0,0,0.0,0,0.0,0,0.0,0,0.0,0,0.0,0,0.0,0,0.0,0,0.0,0.00,0.0,0,0,0
2586766042,通投-不是燕-星光款-定向-日弘-25.10.14-历史优质,被计划暂停,审核通过,通投,直播间直接支付ROI,笔记（直播组件）,6747c34600000000020383fa,583691373460942ae8fc16bb,图文笔记,通投-不是燕-星光款-定向-日弘-25.10.14-历史优质,148117357,2025-10-14 14:10:58,0.00,0,0,0.0%,0.0,0.0,0,0.00,0.0,0,0,0.0,0,0,0.0,0,0.0,0,0.0,0,0.0,0,0.0,0,0.0,0,0.0,0,0.0,0,0.0,0,0.0,0.00,0.0,0,0,0
2586549246,通投-宝妈亲测-星光款-系统-日弘-25.10.14-新笔记-视频组,被计划暂停,审核通过,通投,直播间直接支付ROI,笔记（直播组件）,68ede2560000000004028b00,66f67e4c000000001d03127d,视频笔记,通投-宝妈亲测-星光款-系统-日弘-25.10.14-新笔记-视频组,148105560,2025-10-14 14:03:05,0.00,0,0,0.0%,0.0,0.0,0,0.00,0.0,0,0,0.0,0,0,0.0,0,0.0,0,0.0,0,0.0,0,0.0,0,0.0,0,0.0,0,0.0,0,0.0,0,0.0,0.00,0.0,0,0,0
2586385171,通投-当我问-青春款-孕期滋补人群-日弘-25.10.14-历史优质,被计划暂停,审核通过,通投,直播间直接支付ROI,笔记（直播组件）,67db7d76000000001b0240e9,66f67e4c000000001d03127d,图文笔记,通投-当我问-青春款-孕期滋补人群-日弘-25.10.14-历史优质,148099858,2025-10-14 13:52:36,0.00,0,0,0.0%,0.0,0.0,0,0.00,0.0,0,0,0.0,0,0,0.0,0,0.0,0,0.0,0,0.0,0,0.0,0,0.0,0,0.0,0,0.0,0,0.0,0,0.0,0.00,0.0,0,0,0
2586382032,通投-一键解-青春款-定向-日弘-25.10.14-历史优质,被计划暂停,审核通过,通投,直播间直接支付ROI,笔记（直播组件）,67a70fce000000002902ebbb,66f67e4c000000001d03127d,图文笔记,通投-一键解-青春款-定向-日弘-25.10.14-历史优质,148110464,2025-10-14 13:49:50,0.00,0,0,0.0%,0.0,0.0,0,0.00,0.0,0,0,0.0,0,0,0.0,0,0.0,0,0.0,0,0.0,0,0.0,0,0.0,0,0.0,0,0.0,0,0.0,0,0.0,0.00,0.0,0,0,0
2586440531,通投-谁还交-青春款-定向-日弘-25.10.14-历史优质,被计划暂停,不满足审核条件,通投,直播间直接支付ROI,笔记（直播组件）,6748473c000000000202af9e,583691373460942ae8fc16bb,视频笔记,通投-谁还交-青春款-定向-日弘-25.10.14-历史优质,148116418,2025-10-14 13:47:49,0.00,0,0,0.0%,0.0,0.0,0,0.00,0.0,0,0,0.0,0,0,0.0,0,0.0,0,0.0,0,0.0,0,0.0,0,0.0,0,0.0,0,0.0,0,0.0,0,0.0,0.00,0.0,0,0,0
2586438641,通投-是赚到-合集款-灵犀人群包-日弘-25.10.14-历史优质,被计划暂停,审核通过,通投,直播间直接支付ROI,笔记（直播组件）,67bfc3e6000000002900e48c,66f67e4c000000001d03127d,图文笔记,通投-是赚到-合集款-灵犀人群包-日弘-25.10.14-历史优质,148099554,2025-10-14 13:45:21,0.00,0,0,0.0%,0.0,0.0,0,0.00,0.0,0,0,0.0,0,0,0.0,0,0.0,0,0.0,0,0.0,0,0.0,0,0.0,0,0.0,0,0.0,0,0.0,0,0.0,0.00,0.0,0,0,0
2586527775,通投-抓住春-合集款-灵犀人群包-日弘-25.10.14-历史优质,被计划暂停,审核通过,通投,直播间直接支付ROI,笔记（直播组件）,67dd1f02000000001e00986e,66f67e4c000000001d03127d,图文笔记,通投-抓住春-合集款-灵犀人群包-日弘-25.10.14-历史优质,148110175,2025-10-14 13:42:58,0.00,0,0,0.0%,0.0,0.0,0,0.00,0.0,0,0,0.0,0,0,0.0,0,0.0,0,0.0,0,0.0,0,0.0,0,0.0,0,0.0,0,0.0,0,0.0,0,0.0,0.00,0.0,0,0,0
2586320861,通投-纠结的-合集款-灵犀人群包-日弘-25.10.14-优化测试,被计划暂停,审核通过,通投,直播间直接支付ROI,笔记（直播组件）,686724b90000000020018ee2,66f67e4c000000001d03127d,图文笔记,通投-纠结的-合集款-灵犀人群包-日弘-25.10.14-优化测试,148116116,2025-10-14 13:39:42,0.00,0,0,0.0%,0.0,0.0,0,0.00,0.0,0,0,0.0,0,0,0.0,0,0.0,0,0.0,0,0.0,0,0.0,0,0.0,0,0.0,0,0.0,0,0.0,0,0.0,0.00,0.0,0,0,0
2577661076,通投-一键解-青春款-灵犀人群包-日弘-25.10.13-历史优质,被计划暂停,审核通过,通投,直播间直接支付ROI,笔记（直播组件）,67a70fce000000002902ebbb,66f67e4c000000001d03127d,图文笔记,通投-一键解-青春款-灵犀人群包-日弘-25.10.13-历史优质,147859708,2025-10-13 14:57:01,0.00,0,0,0.0%,0.0,0.0,0,0.00,0.0,0,0,0.0,0,0,0.0,0,0.0,0,0.0,0,0.0,0,0.0,0,0.0,0,0.0,0,0.0,0,0.0,0,0.0,0.00,0.0,0,0,0
2577558524,通投-当我问-青春款-灵犀人群包-日弘-25.10.13-历史优质,被计划暂停,审核通过,通投,直播间直接支付ROI,笔记（直播组件）,67db7d76000000001b0240e9,66f67e4c000000001d03127d,图文笔记,通投-当我问-青春款-灵犀人群包-日弘-25.10.13-历史优质,147872889,2025-10-13 14:55:04,0.00,0,0,0.0%,0.0,0.0,0,0.00,0.0,0,0,0.0,0,0,0.0,0,0.0,0,0.0,0,0.0,0,0.0,0,0.0,0,0.0,0,0.0,0,0.0,0,0.0,0.00,0.0,0,0,0
2577605291,通投-小白选-合集款-灵犀人群包-日弘-25.10.13-历史优质,被计划暂停,审核通过,通投,直播间直接支付ROI,笔记（直播组件）,67af0cf3000000002803797b,66f67e4c000000001d03127d,图文笔记,通投-小白选-合集款-灵犀人群包-日弘-25.10.13-历史优质,147853789,2025-10-13 14:50:45,0.00,0,0,0.0%,0.0,0.0,0,0.00,0.0,0,0,0.0,0,0,0.0,0,0.0,0,0.0,0,0.0,0,0.0,0,0.0,0,0.0,0,0.0,0,0.0,0,0.0,0.00,0.0,0,0,0
2577593906,通投-糯米团子-星光款-灵犀人群包-官号-25.10.13-新笔记,暂停,审核通过,通投,直播间直接支付ROI,笔记（直播组件）,689982bd0000000023035472,583691373460942ae8fc16bb,图文笔记,通投-糯米团子-星光款-灵犀人群包-官号-25.10.13-新笔记,147858878,2025-10-13 14:41:36,0.00,0,0,0.0%,0.0,0.0,0,0.00,0.0,0,0,0.0,0,0,0.0,0,0.0,0,0.0,0,0.0,0,0.0,0,0.0,0,0.0,0,0.0,0,0.0,0,0.0,0.00,0.0,0,0,0
2577443577,通投-中式滋-青春款-定向-日弘-25.10.13-优化测试,被计划暂停,审核通过,通投,直播间直接支付ROI,笔记（直播组件）,6645ec79000000001e01ee7e,583691373460942ae8fc16bb,图文笔记,通投-中式滋-青春款-定向-日弘-25.10.13-优化测试,147864634,2025-10-13 14:39:10,0.00,0,0,0.0%,0.0,0.0,0,0.00,0.0,0,0,0.0,0,0,0.0,0,0.0,0,0.0,0,0.0,0,0.0,0,0.0,0,0.0,0,0.0,0,0.0,0,0.0,0.00,0.0,0,0,0
2577381074,通投-亲身经验-合集款-灵犀人群包-日弘-25.10.13-新笔记,被计划暂停,审核通过,通投,直播间直接支付ROI,笔记（直播组件）,68afeec0000000001b0300fd,66f67e4c000000001d03127d,图文笔记,通投-亲身经验-合集款-灵犀人群包-日弘-25.10.13-新笔记,147852927,2025-10-13 14:34:52,0.00,0,0,0.0%,0.0,0.0,0,0.00,0.0,0,0,0.0,0,0,0.0,0,0.0,0,0.0,0,0.0,0,0.0,0,0.0,0,0.0,0,0.0,0,0.0,0,0.0,0.00,0.0,0,0,0
2577145581,通投-燕窝新-合集款-系统-日弘-25.10.13-历史优质,暂停,审核通过,通投,直播间直接支付ROI,笔记（直播组件）,6735ba5f000000003c015663,583691373460942ae8fc16bb,图文笔记,通投-燕窝新-合集款-系统-日弘-25.10.13-历史优质,147851288,2025-10-13 14:03:57,0.00,0,0,0.0%,0.0,0.0,0,0.00,0.0,0,0,0.0,0,0,0.0,0,0.0,0,0.0,0,0.0,0,0.0,0,0.0,0,0.0,0,0.0,0,0.0,0,0.0,0.00,0.0,0,0,0
2576114740,通投-正确吃法-星光款-系统-日弘-25.10.13-新笔记,被计划暂停,审核通过,通投,直播间直接支付ROI,笔记（直播组件）,68e9f80100000000040286a4,66f67e4c000000001d03127d,图文笔记,通投-正确吃法-星光款-系统-日弘-25.10.13-新笔记,147829374,2025-10-13 11:43:50,0.00,0,0,0.0%,0.0,0.0,0,0.00,0.0,0,0,0.0,0,0,0.0,0,0.0,0,0.0,0,0.0,0,0.0,0,0.0,0,0.0,0,0.0,0,0.0,0,0.0,0.00,0.0,0,0,0
2561420474,通投-懂行的-合集款-灵犀人群包-日弘-25.10.11-历史优质,被计划暂停,不满足审核条件,通投,直播间直接支付ROI,笔记（直播组件）,66d7c90e000000001f03eb73,583691373460942ae8fc16bb,图文笔记,通投-懂行的-合集款-灵犀人群包-日弘-25.10.11-历史优质,147518329,2025-10-11 17:16:53,0.00,0,0,0.0%,0.0,0.0,0,0.00,0.0,0,0,0.0,0,0,0.0,0,0.0,0,0.0,0,0.0,0,0.0,0,0.0,0,0.0,0,0.0,0,0.0,0,0.0,0.00,0.0,0,0,0
2560590246,通投-美丽翻倍-合集款-系统-日弘-25.10.11-新笔记,被计划暂停,审核通过,通投,直播间直接支付ROI,笔记（直播组件）,68e9f2ac0000000004001e16,583691373460942ae8fc16bb,图文笔记,通投-美丽翻倍-合集款-系统-日弘-25.10.11-新笔记,147482732,2025-10-11 15:33:06,0.00,0,0,0.0%,0.0,0.0,0,0.00,0.0,0,0,0.0,0,0,0.0,0,0.0,0,0.0,0,0.0,0,0.0,0,0.0,0,0.0,0,0.0,0,0.0,0,0.0,0.00,0.0,0,0,0
2560688808,通投-内调变美-青春款-系统-日弘-25.10.11-新笔记-视频组,暂停,审核通过,通投,直播间直接支付ROI,笔记（直播组件）,68e9ec9e0000000005039a5a,66f67e4c000000001d03127d,视频笔记,通投-内调变美-青春款-系统-日弘-25.10.11-新笔记-视频组,147494217,2025-10-11 15:31:22,0.00,0,0,0.0%,0.0,0.0,0,0.00,0.0,0,0,0.0,0,0,0.0,0,0.0,0,0.0,0,0.0,0,0.0,0,0.0,0,0.0,0,0.0,0,0.0,0,0.0,0.00,0.0,0,0,0
2558510261,通投-茅十八-星光款-系统-达人-25.10.11-新笔记,被计划暂停,审核拒绝,通投,直播间直接支付ROI,笔记（直播组件）,6892f7a80000000022039fc6,5cfdcfc0000000001202c4a0,图文笔记,通投-茅十八-星光款-系统-达人-25.10.11-新笔记,147405918,2025-10-11 10:50:09,0.00,0,0,0.0%,0.0,0.0,0,0.00,0.0,0,0,0.0,0,0,0.0,0,0.0,0,0.0,0,0.0,0,0.0,0,0.0,0,0.0,0,0.0,0,0.0,0,0.0,0.00,0.0,0,0,0
2558456750,通投-仔仔麻麻（哺乳期）-星光款-系统-达人-25.10.11-新笔记,被计划暂停,审核通过,通投,直播间直接支付ROI,笔记（直播组件）,6878eaf20000000013013f9f,5c1915150000000005018623,图文笔记,通投-仔仔麻麻（哺乳期）-星光款-系统-达人-25.10.11-新笔记,147428236,2025-10-11 10:46:46,0.00,0,0,0.0%,0.0,0.0,0,0.00,0.0,0,0,0.0,0,0,0.0,0,0.0,0,0.0,0,0.0,0,0.0,0,0.0,0,0.0,0,0.0,0,0.0,0,0.0,0.00,0.0,0,0,0
2558067737,通投-中式滋-青春款-灵犀人群包-日弘-25.10.11-优化测试,被计划暂停,审核通过,通投,直播间直接支付ROI,笔记（直播组件）,6645ec79000000001e01ee7e,583691373460942ae8fc16bb,图文笔记,通投-中式滋-青春款-灵犀人群包-日弘-25.10.11-优化测试,147398724,2025-10-11 10:19:48,0.00,0,0,0.0%,0.0,0.0,0,0.00,0.0,0,0,0.0,0,0,0.0,0,0.0,0,0.0,0,0.0,0,0.0,0,0.0,0,0.0,0,0.0,0,0.0,0,0.0,0.00,0.0,0,0,0
2558065266,通投-才安心-星光款-灵犀人群包-日弘-25.10.11-历史优质,被计划暂停,审核通过,通投,直播间直接支付ROI,笔记（直播组件）,68b01c55000000001c004812,66f67e4c000000001d03127d,图文笔记,通投-才安心-星光款-灵犀人群包-日弘-25.10.11-历史优质,147404517,2025-10-11 10:17:27,0.00,0,0,0.0%,0.0,0.0,0,0.00,0.0,0,0,0.0,0,0,0.0,0,0.0,0,0.0,0,0.0,0,0.0,0,0.0,0,0.0,0,0.0,0,0.0,0,0.0,0.00,0.0,0,0,0
2557656197,通投-RaRa-星光款-系统-达人-25.10.11-新笔记,被计划暂停,审核通过,通投,直播间直接支付ROI,笔记（直播组件）,6875c6b6000000002203d334,5cc046d30000000016013f63,图文笔记,通投-RaRa-星光款-系统-达人-25.10.11-新笔记,147390044,2025-10-11 09:46:35,0.00,0,0,0.0%,0.0,0.0,0,0.00,0.0,0,0,0.0,0,0,0.0,0,0.0,0,0.0,0,0.0,0,0.0,0,0.0,0,0.0,0,0.0,0,0.0,0,0.0,0.00,0.0,0,0,0
2557868589,通投-豆儿学姐-星光款-系统-达人-25.10.11-新笔记,被计划暂停,审核通过,通投,直播间直接支付ROI,笔记（直播组件）,68b7de11000000001d016af3,55af37905894462359eeaf60,视频笔记,通投-豆儿学姐-星光款-系统-达人-25.10.11-新笔记,147367376,2025-10-11 09:45:33,0.00,0,0,0.0%,0.0,0.0,0,0.00,0.0,0,0,0.0,0,0,0.0,0,0.0,0,0.0,0,0.0,0,0.0,0,0.0,0,0.0,0,0.0,0,0.0,0,0.0,0.00,0.0,0,0,0
2557526836,通投-珮珮超哇塞-星光款-系统-达人-25.10.11-新笔记,被计划暂停,审核通过,通投,直播间直接支付ROI,笔记（直播组件）,68776a270000000012021fe0,64081335000000002a008261,图文笔记,通投-珮珮超哇塞-星光款-系统-达人-25.10.11-新笔记,147378176,2025-10-11 09:25:54,0.00,0,0,0.0%,0.0,0.0,0,0.00,0.0,0,0,0.0,0,0,0.0,0,0.0,0,0.0,0,0.0,0,0.0,0,0.0,0,0.0,0,0.0,0,0.0,0,0.0,0.00,0.0,0,0,0
2553993982,通投-开了滤镜-青春款-定向-日弘-25.10.10-新笔记,被计划暂停,审核通过,通投,直播间直接支付ROI,笔记（直播组件）,68db22d9000000000e00c8df,66f67e4c000000001d03127d,图文笔记,通投-开了滤镜-青春款-定向-日弘-25.10.10-新笔记,147306301,2025-10-10 21:47:51,0.00,0,0,0.0%,0.0,0.0,0,0.00,0.0,0,0,0.0,0,0,0.0,0,0.0,0,0.0,0,0.0,0,0.0,0,0.0,0,0.0,0,0.0,0,0.0,0,0.0,0.00,0.0,0,0,0
2552631248,通投-谁还交-青春款-灵犀人群包-日弘-25.10.10-乘风直播间,被计划暂停,审核通过,通投,直播间直接支付ROI,笔记（直播组件）,6748473c000000000202af9e,583691373460942ae8fc16bb,视频笔记,通投-谁还交-青春款-灵犀人群包-日弘-25.10.10-乘风直播间,147286174,2025-10-10 17:39:18,0.00,0,0,0.0%,0.0,0.0,0,0.00,0.0,0,0,0.0,0,0,0.0,0,0.0,0,0.0,0,0.0,0,0.0,0,0.0,0,0.0,0,0.0,0,0.0,0,0.0,0.00,0.0,0,0,0
2552518295,通投-内调外-星光款-灵犀人群包-日弘-25.10.10-优化测试,被计划暂停,审核通过,通投,直播间直接支付ROI,笔记（直播组件）,68428148000000002100013c,66f67e4c000000001d03127d,图文笔记,通投-内调外-星光款-灵犀人群包-日弘-25.10.10-优化测试,147279685,2025-10-10 17:27:24,0.00,0,0,0.0%,0.0,0.0,0,0.00,0.0,0,0,0.0,0,0,0.0,0,0.0,0,0.0,0,0.0,0,0.0,0,0.0,0,0.0,0,0.0,0,0.0,0,0.0,0.00,0.0,0,0,0
2552464028,通投-燕窝新-合集款-灵犀人群包-日弘-25.10.10-历史优质,暂停,审核通过,通投,直播间直接支付ROI,笔记（直播组件）,6735ba5f000000003c015663,583691373460942ae8fc16bb,图文笔记,通投-燕窝新-合集款-灵犀人群包-日弘-25.10.10-历史优质,147285363,2025-10-10 17:25:00,0.00,0,0,0.0%,0.0,0.0,0,0.00,0.0,0,0,0.0,0,0,0.0,0,0.0,0,0.0,0,0.0,0,0.0,0,0.0,0,0.0,0,0.0,0,0.0,0,0.0,0.00,0.0,0,0,0
2552192978,通投-抓住春-合集款-定向-日弘-25.10.10-历史优质,被计划暂停,审核通过,通投,直播间直接支付ROI,笔记（直播组件）,67dd1f02000000001e00986e,66f67e4c000000001d03127d,图文笔记,通投-抓住春-合集款-定向-日弘-25.10.10-历史优质,147278399,2025-10-10 17:04:42,0.00,0,0,0.0%,0.0,0.0,0,0.00,0.0,0,0,0.0,0,0,0.0,0,0.0,0,0.0,0,0.0,0,0.0,0,0.0,0,0.0,0,0.0,0,0.0,0,0.0,0.00,0.0,0,0,0
2542883017,通投-孕期各-合集款-灵犀人群包-日弘-25.10.9-优化测试,被计划暂停,审核通过,通投,直播间直接支付ROI,笔记（直播组件）,6826e9ea000000002102d1e1,66f67e4c000000001d03127d,图文笔记,通投-孕期各-合集款-灵犀人群包-日弘-25.10.9-优化测试,146989708,2025-10-09 17:16:20,0.00,0,0,0.0%,0.0,0.0,0,0.00,0.0,0,0,0.0,0,0,0.0,0,0.0,0,0.0,0,0.0,0,0.0,0,0.0,0,0.0,0,0.0,0,0.0,0,0.0,0.00,0.0,0,0,0
2543035764,通投-再囤点-青春款-灵犀人群包-日弘-25.10.9-历史优质,被计划暂停,审核通过,通投,直播间直接支付ROI,笔记（直播组件）,664eff07000000000c018274,583691373460942ae8fc16bb,图文笔记,通投-再囤点-青春款-灵犀人群包-日弘-25.10.9-历史优质,147008319,2025-10-09 17:14:59,0.00,0,0,0.0%,0.0,0.0,0,0.00,0.0,0,0,0.0,0,0,0.0,0,0.0,0,0.0,0,0.0,0,0.0,0,0.0,0,0.0,0,0.0,0,0.0,0,0.0,0.00,0.0,0,0,0
2541399308,通投-再囤点-青春款-系统-日弘-25.10.9-历史优质,被计划暂停,审核通过,通投,直播间直接支付ROI,笔记（直播组件）,664eff07000000000c018274,583691373460942ae8fc16bb,图文笔记,通投-再囤点-青春款-系统-日弘-25.10.9-历史优质,146960093,2025-10-09 13:41:12,0.00,0,0,0.0%,0.0,0.0,0,0.00,0.0,0,0,0.0,0,0,0.0,0,0.0,0,0.0,0,0.0,0,0.0,0,0.0,0,0.0,0,0.0,0,0.0,0,0.0,0.00,0.0,0,0,0
2540242263,通投-是赚到-合集款-系统-日弘-25.10.9-历史优质,被计划暂停,审核通过,通投,直播间直接支付ROI,笔记（直播组件）,67bfc3e6000000002900e48c,66f67e4c000000001d03127d,图文笔记,通投-是赚到-合集款-系统-日弘-25.10.9-历史优质,146921256,2025-10-09 11:31:26,0.00,0,0,0.0%,0.0,0.0,0,0.00,0.0,0,0,0.0,0,0,0.0,0,0.0,0,0.0,0,0.0,0,0.0,0,0.0,0,0.0,0,0.0,0,0.0,0,0.0,0.00,0.0,0,0,0
2532143896,通投-燕窝新-合集款-定向-日弘-25.10.8-历史优质,被计划暂停,审核通过,通投,直播间直接支付ROI,笔记（直播组件）,6735ba5f000000003c015663,583691373460942ae8fc16bb,图文笔记,通投-燕窝新-合集款-定向-日弘-25.10.8-历史优质,146763559,2025-10-08 10:51:22,0.00,0,0,0.0%,0.0,0.0,0,0.00,0.0,0,0,0.0,0,0,0.0,0,0.0,0,0.0,0,0.0,0,0.0,0,0.0,0,0.0,0,0.0,0,0.0,0,0.0,0.00,0.0,0,0,0
2500456729,通投-奶油脏脏包-星光款-系统-达人-25.10.3-历史优质,被计划暂停,审核通过,通投,直播间直接支付ROI,笔记（直播组件）,6812b0bf00000000230169d8,657e88f3000000002002f691,图文笔记,通投-奶油脏脏包-星光款-系统-达人-25.10.3-历史优质,146243837,2025-10-03 16:51:41,0.00,0,0,0.0%,0.0,0.0,0,0.00,0.0,0,0,0.0,0,0,0.0,0,0.0,0,0.0,0,0.0,0,0.0,0,0.0,0,0.0,0,0.0,0,0.0,0,0.0,0.00,0.0,0,0,0
2500666474,通投-当我问-青春款-系统-日弘-25.10.3-历史优质,被计划暂停,审核通过,通投,直播间直接支付ROI,笔记（直播组件）,67db7d76000000001b0240e9,66f67e4c000000001d03127d,图文笔记,通投-当我问-青春款-系统-日弘-25.10.3-历史优质,146215131,2025-10-03 16:46:11,0.00,0,0,0.0%,0.0,0.0,0,0.00,0.0,0,0,0.0,0,0,0.0,0,0.0,0,0.0,0,0.0,0,0.0,0,0.0,0,0.0,0,0.0,0,0.0,0,0.0,0.00,0.0,0,0,0
2500550379,通投-开了滤镜-青春款-系统-日弘-25.10.3-新笔记,被计划暂停,审核通过,通投,直播间直接支付ROI,笔记（直播组件）,68db22d9000000000e00c8df,66f67e4c000000001d03127d,图文笔记,通投-开了滤镜-青春款-系统-日弘-25.10.3-新笔记,146243506,2025-10-03 16:37:39,0.00,0,0,0.0%,0.0,0.0,0,0.00,0.0,0,0,0.0,0,0,0.0,0,0.0,0,0.0,0,0.0,0,0.0,0,0.0,0,0.0,0,0.0,0,0.0,0,0.0,0.00,0.0,0,0,0
2478173710,通投-二胎妈妈经验-合集款-灵犀人群包-官号-25.9.30-历史优质,被计划暂停,审核通过,通投,直播间直接支付ROI,笔记（直播组件）,68478d15000000002102e0a5,583691373460942ae8fc16bb,图文笔记,通投-二胎妈妈经验-合集款-灵犀人群包-官号-25.9.30-历史优质,145745306,2025-09-30 14:41:37,0.00,0,0,0.0%,0.0,0.0,0,0.00,0.0,0,0,0.0,0,0,0.0,0,0.0,0,0.0,0,0.0,0,0.0,0,0.0,0,0.0,0,0.0,0,0.0,0,0.0,0.00,0.0,0,0,0
2476560816,通投-小仙炖双节宠粉-直播预告-系统-日弘-25.9.30-优化测试,被计划暂停,审核通过,通投,直播间直接支付ROI,笔记（直播组件）,68ca1d01000000000e023e33,583691373460942ae8fc16bb,图文笔记,通投-小仙炖双节宠粉-直播预告-系统-日弘-25.9.30-优化测试,145714910,2025-09-30 11:16:15,0.00,0,0,0.0%,0.0,0.0,0,0.00,0.0,0,0,0.0,0,0,0.0,0,0.0,0,0.0,0,0.0,0,0.0,0,0.0,0,0.0,0,0.0,0,0.0,0,0.0,0.00,0.0,0,0,0
2476451402,通投-内调外-星光款-系统-日弘-25.9.30-优化测试,被计划暂停,审核通过,通投,直播间直接支付ROI,笔记（直播组件）,68428148000000002100013c,66f67e4c000000001d03127d,图文笔记,通投-内调外-星光款-系统-日弘-25.9.30-优化测试,145714847,2025-09-30 11:14:28,0.00,0,0,0.0%,0.0,0.0,0,0.00,0.0,0,0,0.0,0,0,0.0,0,0.0,0,0.0,0,0.0,0,0.0,0,0.0,0,0.0,0,0.0,0,0.0,0,0.0,0.00,0.0,0,0,0
2470761139,通投-中秋商务-中秋礼盒-系统-日弘-25.9.29-优化测试,被计划暂停,审核通过,通投,直播间直接支付ROI,笔记（直播组件）,68abfbef000000001c00e5d2,66f67e4c000000001d03127d,图文笔记,通投-中秋商务-中秋礼盒-系统-日弘-25.9.29-优化测试,145579639,2025-09-29 17:58:11,0.00,0,0,0.0%,0.0,0.0,0,0.00,0.0,0,0,0.0,0,0,0.0,0,0.0,0,0.0,0,0.0,0,0.0,0,0.0,0,0.0,0,0.0,0,0.0,0,0.0,0.00,0.0,0,0,0
2470803076,通投-定格美丽-星光款-系统-日弘-25.9.29-新笔记,被计划暂停,审核通过,通投,直播间直接支付ROI,笔记（直播组件）,68da24710000000011014282,66f67e4c000000001d03127d,图文笔记,通投-定格美丽-星光款-系统-日弘-25.9.29-新笔记,145584441,2025-09-29 17:46:31,0.00,0,0,0.0%,0.0,0.0,0,0.00,0.0,0,0,0.0,0,0,0.0,0,0.0,0,0.0,0,0.0,0,0.0,0,0.0,0,0.0,0,0.0,0,0.0,0,0.0,0.00,0.0,0,0,0
2461903592,通投-跟着张-青春款-灵犀人群包-日弘-25.9.28-优化测试,被计划暂停,审核通过,通投,直播间直接支付ROI,笔记（直播组件）,6848e943000000002102e0b6,583691373460942ae8fc16bb,图文笔记,通投-跟着张-青春款-灵犀人群包-日弘-25.9.28-优化测试,145357374,2025-09-28 17:23:15,0.00,0,0,0.0%,0.0,0.0,0,0.00,0.0,0,0,0.0,0,0,0.0,0,0.0,0,0.0,0,0.0,0,0.0,0,0.0,0,0.0,0,0.0,0,0.0,0,0.0,0.00,0.0,0,0,0
2461599954,通投-饱满肌-青春款-灵犀人群包-日弘-25.9.28-优化测试,被计划暂停,审核通过,通投,直播间直接支付ROI,笔记（直播组件）,686f734e000000002400bf48,66f67e4c000000001d03127d,图文笔记,通投-饱满肌-青春款-灵犀人群包-日弘-25.9.28-优化测试,145357254,2025-09-28 17:20:29,0.00,0,0,0.0%,0.0,0.0,0,0.00,0.0,0,0,0.0,0,0,0.0,0,0.0,0,0.0,0,0.0,0,0.0,0,0.0,0,0.0,0,0.0,0,0.0,0,0.0,0.00,0.0,0,0,0
2461758085,通投-燕窝也-合集款-灵犀人群包-日弘-25.9.28-历史优质,被计划暂停,审核通过,通投,直播间直接支付ROI,笔记（直播组件）,672d88bf000000001d0385de,583691373460942ae8fc16bb,图文笔记,通投-燕窝也-合集款-灵犀人群包-日弘-25.9.28-历史优质,145373556,2025-09-28 17:09:25,0.00,0,0,0.0%,0.0,0.0,0,0.00,0.0,0,0,0.0,0,0,0.0,0,0.0,0,0.0,0,0.0,0,0.0,0,0.0,0,0.0,0,0.0,0,0.0,0,0.0,0.00,0.0,0,0,0
2458270769,通投-中秋商务-中秋礼盒-系统-日弘-25.9.28-优化测试,被计划暂停,审核通过,通投,直播间直接支付ROI,笔记（直播组件）,68abfbef000000001c00e5d2,66f67e4c000000001d03127d,图文笔记,通投-中秋商务-中秋礼盒-系统-日弘-25.9.28-优化测试,145259753,2025-09-28 09:23:01,0.00,0,0,0.0%,0.0,0.0,0,0.00,0.0,0,0,0.0,0,0,0.0,0,0.0,0,0.0,0,0.0,0,0.0,0,0.0,0,0.0,0,0.0,0,0.0,0,0.0,0.00,0.0,0,0,0
2453518829,通投-商务好礼-中秋礼盒-系统-官号-25.9.27-新笔记,被计划暂停,审核通过,通投,直播间直接支付ROI,笔记（直播组件）,68b7ce89000000001c01119c,583691373460942ae8fc16bb,图文笔记,通投-商务好礼-中秋礼盒-系统-官号-25.9.27-新笔记,145170322,2025-09-27 17:42:03,0.00,0,0,0.0%,0.0,0.0,0,0.00,0.0,0,0,0.0,0,0,0.0,0,0.0,0,0.0,0,0.0,0,0.0,0,0.0,0,0.0,0,0.0,0,0.0,0,0.0,0.00,0.0,0,0,0
2447042257,通投-买燕窝-青春款-系统-日弘-25.9.26-历史优质,被计划暂停,审核通过,通投,直播间直接支付ROI,笔记（直播组件）,67e62a7d000000001b039ee2,66f67e4c000000001d03127d,图文笔记,通投-买燕窝-青春款-系统-日弘-25.9.26-历史优质,145082259,2025-09-26 22:49:40,0.00,0,0,0.0%,0.0,0.0,0,0.00,0.0,0,0,0.0,0,0,0.0,0,0.0,0,0.0,0,0.0,0,0.0,0,0.0,0,0.0,0,0.0,0,0.0,0,0.0,0.00,0.0,0,0,0
2447082270,通投-燕窝新-合集款-系统-日弘-25.9.26-历史优质,被计划暂停,审核通过,通投,直播间直接支付ROI,笔记（直播组件）,6735ba5f000000003c015663,583691373460942ae8fc16bb,图文笔记,通投-燕窝新-合集款-系统-日弘-25.9.26-历史优质,145059386,2025-09-26 22:40:54,0.00,0,0,0.0%,0.0,0.0,0,0.00,0.0,0,0,0.0,0,0,0.0,0,0.0,0,0.0,0,0.0,0,0.0,0,0.0,0,0.0,0,0.0,0,0.0,0,0.0,0.00,0.0,0,0,0
2445311088,通投-聪慧大宝贝-星光款-系统-日弘-25.9.26-新笔记_20250926_173110,被计划暂停,审核拒绝,通投,直播间直接支付ROI,笔记（直播组件）,68d65a15000000000e00dbe4,66f67e4c000000001d03127d,图文笔记,通投-聪慧大宝贝-星光款-系统-日弘-25.9.26-新笔记,144990538,2025-09-26 17:31:16,0.00,0,0,0.0%,0.0,0.0,0,0.00,0.0,0,0,0.0,0,0,0.0,0,0.0,0,0.0,0,0.0,0,0.0,0,0.0,0,0.0,0,0.0,0,0.0,0,0.0,0.00,0.0,0,0,0
2443627927,通投-宝宝健康-星光款-系统-日弘-25.9.26-新笔记,被计划暂停,审核通过,通投,直播间直接支付ROI,笔记（直播组件）,68d5ff1a000000001101415a,66f67e4c000000001d03127d,图文笔记,通投-宝宝健康-星光款-系统-日弘-25.9.26-新笔记,144950054,2025-09-26 14:16:28,0.00,0,0,0.0%,0.0,0.0,0,0.00,0.0,0,0,0.0,0,0,0.0,0,0.0,0,0.0,0,0.0,0,0.0,0,0.0,0,0.0,0,0.0,0,0.0,0,0.0,0.00,0.0,0,0,0
2443469890,通投-才安心-星光款-定向-日弘-25.9.26-历史优质,被计划暂停,审核通过,通投,直播间直接支付ROI,笔记（直播组件）,68b01c55000000001c004812,66f67e4c000000001d03127d,图文笔记,通投-才安心-星光款-定向-日弘-25.9.26-历史优质,144936192,2025-09-26 14:03:53,0.00,0,0,0.0%,0.0,0.0,0,0.00,0.0,0,0,0.0,0,0,0.0,0,0.0,0,0.0,0,0.0,0,0.0,0,0.0,0,0.0,0,0.0,0,0.0,0,0.0,0.00,0.0,0,0,0
2443455177,通投-整个孕期-星光款-定向-抖音-25.9.26-历史优质,被计划暂停,审核通过,通投,直播间直接支付ROI,笔记（直播组件）,686f82c60000000011001994,66f67e4c000000001d03127d,视频笔记,通投-整个孕期-星光款-定向-抖音-25.9.26-历史优质,144930438,2025-09-26 13:50:43,0.00,0,0,0.0%,0.0,0.0,0,0.00,0.0,0,0,0.0,0,0,0.0,0,0.0,0,0.0,0,0.0,0,0.0,0,0.0,0,0.0,0,0.0,0,0.0,0,0.0,0.00,0.0,0,0,0
2442757756,通投-二胎妈妈经验-合集款-系统-官号-25.9.26-历史优质,被计划暂停,审核通过,通投,直播间直接支付ROI,笔记（直播组件）,68478d15000000002102e0a5,583691373460942ae8fc16bb,图文笔记,通投-二胎妈妈经验-合集款-系统-官号-25.9.26-历史优质,144922204,2025-09-26 11:55:41,0.00,0,0,0.0%,0.0,0.0,0,0.00,0.0,0,0,0.0,0,0,0.0,0,0.0,0,0.0,0,0.0,0,0.0,0,0.0,0,0.0,0,0.0,0,0.0,0,0.0,0.00,0.0,0,0,0
2436142294,通投-成分颜究侠vivi-青春款-系统-达人-25.9.25-历史优质,被计划暂停,审核通过,通投,直播间直接支付ROI,笔记（直播组件）,682c4ad0000000000f0325cb,611a16e3000000002002bd17,图文笔记,通投-成分颜究侠vivi-青春款-系统-达人-25.9.25-历史优质,144783471,2025-09-25 17:43:21,0.00,0,0,0.0%,0.0,0.0,0,0.00,0.0,0,0,0.0,0,0,0.0,0,0.0,0,0.0,0,0.0,0,0.0,0,0.0,0,0.0,0,0.0,0,0.0,0,0.0,0.00,0.0,0,0,0
2435974046,通投-瑞瑞妈妈-星光款-定向-达人-25.9.25-历史优质,被计划暂停,审核通过,通投,直播间直接支付ROI,笔记（直播组件）,686ca3140000000011003e38,61e826e2000000001000da64,图文笔记,通投-瑞瑞妈妈-星光款-定向-达人-25.9.25-历史优质,144771348,2025-09-25 17:31:54,0.00,0,0,0.0%,0.0,0.0,0,0.00,0.0,0,0,0.0,0,0,0.0,0,0.0,0,0.0,0,0.0,0,0.0,0,0.0,0,0.0,0,0.0,0,0.0,0,0.0,0.00,0.0,0,0,0
2435900265,通投-燕窝也-合集款-定向-日弘-25.9.25-历史优质,被计划暂停,审核通过,通投,直播间直接支付ROI,笔记（直播组件）,672d88bf000000001d0385de,583691373460942ae8fc16bb,图文笔记,通投-燕窝也-合集款-定向-日弘-25.9.25-历史优质,144757227,2025-09-25 17:13:46,0.00,0,0,0.0%,0.0,0.0,0,0.00,0.0,0,0,0.0,0,0,0.0,0,0.0,0,0.0,0,0.0,0,0.0,0,0.0,0,0.0,0,0.0,0,0.0,0,0.0,0.00,0.0,0,0,0
2432378031,通投-一颗椰樹🌴-中秋礼盒-托管-达人-25.9.25-新笔记,被计划暂停,审核通过,通投,直播间直接支付ROI,笔记（直播组件）,68a57cb3000000001b01d0e9,5b07c5556b58b70b0f52c237,图文笔记,通投-一颗椰樹🌴-中秋礼盒-托管-达人-25.9.25-新笔记,144631439,2025-09-25 09:10:08,0.00,0,0,0.0%,0.0,0.0,0,0.00,0.0,0,0,0.0,0,0,0.0,0,0.0,0,0.0,0,0.0,0,0.0,0,0.0,0,0.0,0,0.0,0,0.0,0,0.0,0.00,0.0,0,0,0
2427426032,通投-一只小椰子（孕期）-星光款-定向-达人-25.9.24-历史优质,被计划暂停,审核通过,通投,直播间直接支付ROI,笔记（直播组件）,682d64920000000012004b34,6620e058000000000b033c1c,图文笔记,通投-合集-星光款-定向-达人-25.9.24-历史优质,144554217,2025-09-24 17:46:03,0.00,0,0,0.0%,0.0,0.0,0,0.00,0.0,0,0,0.0,0,0,0.0,0,0.0,0,0.0,0,0.0,0,0.0,0,0.0,0,0.0,0,0.0,0,0.0,0,0.0,0.00,0.0,0,0,0
2427426031,通投-奶油脏脏包-星光款-定向-达人-25.9.24-历史优质,被计划暂停,审核通过,通投,直播间直接支付ROI,笔记（直播组件）,6812b0bf00000000230169d8,657e88f3000000002002f691,图文笔记,通投-合集-星光款-定向-达人-25.9.24-历史优质,144554217,2025-09-24 17:46:03,0.00,0,0,0.0%,0.0,0.0,0,0.00,0.0,0,0,0.0,0,0,0.0,0,0.0,0,0.0,0,0.0,0,0.0,0,0.0,0,0.0,0,0.0,0,0.0,0,0.0,0.00,0.0,0,0,0
2427415209,通投-抗衰绝-星光款-系统-抖音-25.9.24-历史优质,被计划暂停,审核拒绝,通投,直播间直接支付ROI,笔记（直播组件）,686f876e000000000b01edb9,66f67e4c000000001d03127d,视频笔记,通投-抗衰绝-星光款-系统-日弘-25.9.24-历史优质,144552402,2025-09-24 17:42:12,0.00,0,0,0.0%,0.0,0.0,0,0.00,0.0,0,0,0.0,0,0,0.0,0,0.0,0,0.0,0,0.0,0,0.0,0,0.0,0,0.0,0,0.0,0,0.0,0,0.0,0.00,0.0,0,0,0
2427143421,通投-中秋商务-中秋礼盒-系统-日弘-25.9.24-优化测试,被计划暂停,审核通过,通投,直播间直接支付ROI,笔记（直播组件）,68abfbef000000001c00e5d2,66f67e4c000000001d03127d,图文笔记,通投-中秋商务-中秋礼盒-系统-日弘-25.9.24-优化测试,144551128,2025-09-24 17:19:52,0.00,0,0,0.0%,0.0,0.0,0,0.00,0.0,0,0,0.0,0,0,0.0,0,0.0,0,0.0,0,0.0,0,0.0,0,0.0,0,0.0,0,0.0,0,0.0,0,0.0,0.00,0.0,0,0,0
2426741603,通投-经验之谈-星光款-系统-日弘-25.9.24-新笔记,被计划暂停,审核通过,通投,直播间直接支付ROI,笔记（直播组件）,68ba8803000000001b032054,66f67e4c000000001d03127d,图文笔记,通投-经验之谈-星光款-系统-日弘-25.9.24-新笔记,144531077,2025-09-24 16:18:11,0.00,0,0,0.0%,0.0,0.0,0,0.00,0.0,0,0,0.0,0,0,0.0,0,0.0,0,0.0,0,0.0,0,0.0,0,0.0,0,0.0,0,0.0,0,0.0,0,0.0,0.00,0.0,0,0,0
2426540779,通投-坦白局-星光款-系统-日弘-25.9.24-优化测试,被计划暂停,审核通过,通投,直播间直接支付ROI,笔记（直播组件）,686780950000000024009889,66f67e4c000000001d03127d,图文笔记,通投-坦白局-星光款-系统-日弘-25.9.24-优化测试,144525513,2025-09-24 16:17:15,0.00,0,0,0.0%,0.0,0.0,0,0.00,0.0,0,0,0.0,0,0,0.0,0,0.0,0,0.0,0,0.0,0,0.0,0,0.0,0,0.0,0,0.0,0,0.0,0,0.0,0.00,0.0,0,0,0
2426597631,通投-锁鲜滋补-星光款-系统-日弘-25.9.24-优化测试,被计划暂停,审核通过,通投,直播间直接支付ROI,笔记（直播组件）,68a2d566000000001c011ba1,66f67e4c000000001d03127d,图文笔记,通投-锁鲜滋补-星光款-系统-日弘-25.9.24-优化测试,144530938,2025-09-24 16:15:41,0.00,0,0,0.0%,0.0,0.0,0,0.00,0.0,0,0,0.0,0,0,0.0,0,0.0,0,0.0,0,0.0,0,0.0,0,0.0,0,0.0,0,0.0,0,0.0,0,0.0,0.00,0.0,0,0,0
2426627054,通投-送了这个-中秋礼盒-系统-日弘-25.9.24-新笔记,被计划暂停,不满足审核条件,通投,直播间直接支付ROI,笔记（直播组件）,68a58c9f000000001b01d278,66f67e4c000000001d03127d,图文笔记,通投-送了这个-中秋礼盒-系统-日弘-25.9.24-新笔记,144519337,2025-09-24 16:13:07,0.00,0,0,0.0%,0.0,0.0,0,0.00,0.0,0,0,0.0,0,0,0.0,0,0.0,0,0.0,0,0.0,0,0.0,0,0.0,0,0.0,0,0.0,0,0.0,0,0.0,0.00,0.0,0,0,0
2426526108,通投-亲身经验-合集款-系统-日弘-25.9.24-新笔记,被计划暂停,不满足审核条件,通投,直播间直接支付ROI,笔记（直播组件）,68afeec0000000001b0300fd,66f67e4c000000001d03127d,图文笔记,通投-亲身经验-合集款-系统-日弘-25.9.24-新笔记,144524916,2025-09-24 16:05:15,0.00,0,0,0.0%,0.0,0.0,0,0.00,0.0,0,0,0.0,0,0,0.0,0,0.0,0,0.0,0,0.0,0,0.0,0,0.0,0,0.0,0,0.0,0,0.0,0,0.0,0.00,0.0,0,0,0
2426110467,通投-不浪费-合集款-系统-日弘-25.9.24-优化测试,被计划暂停,不满足审核条件,通投,直播间直接支付ROI,笔记（直播组件）,686f7465000000001c032113,66f67e4c000000001d03127d,图文笔记,通投-不浪费-合集款-系统-日弘-25.9.24-优化测试,144515642,2025-09-24 15:33:42,0.00,0,0,0.0%,0.0,0.0,0,0.00,0.0,0,0,0.0,0,0,0.0,0,0.0,0,0.0,0,0.0,0,0.0,0,0.0,0,0.0,0,0.0,0,0.0,0,0.0,0.00,0.0,0,0,0
2424664676,通投-gigi酱-中秋礼盒-托管-达人-25.9.24-新笔记,被计划暂停,审核通过,通投,直播间直接支付ROI,笔记（直播组件）,68a86aa5000000001c00bc73,5514bc26a46e963f4e76a05e,图文笔记,通投-gigi酱-中秋礼盒-托管-达人-25.9.24-新笔记,144459971,2025-09-24 11:19:57,0.00,0,0,0.0%,0.0,0.0,0,0.00,0.0,0,0,0.0,0,0,0.0,0,0.0,0,0.0,0,0.0,0,0.0,0,0.0,0,0.0,0,0.0,0,0.0,0,0.0,0.00,0.0,0,0,0
2423595041,通投-疲态脸-青春款-托管-日弘-25.9.24-优化测试,被计划暂停,审核通过,通投,直播间直接支付ROI,笔记（直播组件）,6800d1d3000000000901558a,583691373460942ae8fc16bb,图文笔记,通投-疲态脸-青春款-托管-日弘-25.9.24-优化测试,144413900,2025-09-24 08:58:53,0.00,0,0,0.0%,0.0,0.0,0,0.00,0.0,0,0,0.0,0,0,0.0,0,0.0,0,0.0,0,0.0,0,0.0,0,0.0,0,0.0,0,0.0,0,0.0,0,0.0,0.00,0.0,0,0,0
2417991521,通投-货攻略-青春款-系统-日弘-25.9.23-优化测试-放量,被计划暂停,审核通过,通投,直播间直接支付ROI,笔记（直播组件）,6801aa95000000000d0140a5,583691373460942ae8fc16bb,图文笔记,通投-货攻略-青春款-系统-日弘-25.9.23-优化测试-放量,144285129,2025-09-23 16:29:30,0.00,0,0,0.0%,0.0,0.0,0,0.00,0.0,0,0,0.0,0,0,0.0,0,0.0,0,0.0,0,0.0,0,0.0,0,0.0,0,0.0,0,0.0,0,0.0,0,0.0,0.00,0.0,0,0,0
2417789228,通投-调宝藏-青春款-系统-日弘-25.9.23-优化测试-放量,被计划暂停,审核拒绝,通投,直播间直接支付ROI,笔记（直播组件）,684926d4000000002101a80a,66f67e4c000000001d03127d,图文笔记,通投-调宝藏-青春款-系统-日弘-25.9.23-优化测试-放量,144273827,2025-09-23 16:28:34,0.00,0,0,0.0%,0.0,0.0,0,0.00,0.0,0,0,0.0,0,0,0.0,0,0.0,0,0.0,0,0.0,0,0.0,0,0.0,0,0.0,0,0.0,0,0.0,0,0.0,0.00,0.0,0,0,0
2415810657,通投-别当抗-青春款-系统-日弘-25.9.23-优化测试-放量,被计划暂停,审核通过,通投,直播间直接支付ROI,笔记（直播组件）,6842915f0000000022006397,583691373460942ae8fc16bb,图文笔记,通投-别当抗-青春款-系统-日弘-25.9.23-优化测试-放量,144196898,2025-09-23 11:54:35,0.00,0,0,0.0%,0.0,0.0,0,0.00,0.0,0,0,0.0,0,0,0.0,0,0.0,0,0.0,0,0.0,0,0.0,0,0.0,0,0.0,0,0.0,0,0.0,0,0.0,0.00,0.0,0,0,0
2414617611,通投-中秋见家长-中秋礼盒-系统-官号-25.9.23-新笔记,被计划暂停,审核拒绝,通投,直播间直接支付ROI,笔记（直播组件）,68c15708000000001b03c3c0,583691373460942ae8fc16bb,图文笔记,通投-中秋见家长中秋礼盒-系统-官号-25.9.23-新笔记,144189145,2025-09-23 09:18:44,0.00,0,0,0.0%,0.0,0.0,0,0.00,0.0,0,0,0.0,0,0,0.0,0,0.0,0,0.0,0,0.0,0,0.0,0,0.0,0,0.0,0,0.0,0,0.0,0,0.0,0.00,0.0,0,0,0
2410118124,通投-也能发光-青春款-系统-日弘-25.9.22-新笔记-放量,被计划暂停,审核通过,通投,直播间直接支付ROI,笔记（直播组件）,68cd102d00000000110151bd,66f67e4c000000001d03127d,图文笔记,通投-也能发光-青春款-系统-日弘-25.9.22-新笔记-放量,144053246,2025-09-22 18:55:06,0.00,0,0,0.0%,0.0,0.0,0,0.00,0.0,0,0,0.0,0,0,0.0,0,0.0,0,0.0,0,0.0,0,0.0,0,0.0,0,0.0,0,0.0,0,0.0,0,0.0,0.00,0.0,0,0,0
2410374052,通投-挑对品质款-合集款-系统-日弘-25.9.22-新笔记-放量,被计划暂停,审核通过,通投,直播间直接支付ROI,笔记（直播组件）,68d0b122000000000e00ce78,66f67e4c000000001d03127d,图文笔记,通投-挑对品质款-合集款-系统-日弘-25.9.22-新笔记-放量,144058746,2025-09-22 18:52:35,0.00,0,0,0.0%,0.0,0.0,0,0.00,0.0,0,0,0.0,0,0,0.0,0,0.0,0,0.0,0,0.0,0,0.0,0,0.0,0,0.0,0,0.0,0,0.0,0,0.0,0.00,0.0,0,0,0
2409282190,通投-不踩坑指南-星光款-系统-日弘-25.9.22-优化测试,被计划暂停,审核通过,通投,直播间直接支付ROI,笔记（直播组件）,68c29dc2000000001c00f299,66f67e4c000000001d03127d,图文笔记,通投-不踩坑指南-星光款-系统-日弘-25.9.22-优化测试,143989578,2025-09-22 16:52:19,0.00,0,0,0.0%,0.0,0.0,0,0.00,0.0,0,0,0.0,0,0,0.0,0,0.0,0,0.0,0,0.0,0,0.0,0,0.0,0,0.0,0,0.0,0,0.0,0,0.0,0.00,0.0,0,0,0
2407948163,通投-挑对品质款-合集款-系统-日弘-25.9.22-新笔记,被计划暂停,审核通过,通投,直播间直接支付ROI,笔记（直播组件）,68d0b122000000000e00ce78,66f67e4c000000001d03127d,图文笔记,通投-挑对品质款-合集款-系统-日弘-25.9.22-新笔记,143911339,2025-09-22 14:29:30,0.00,0,0,0.0%,0.0,0.0,0,0.00,0.0,0,0,0.0,0,0,0.0,0,0.0,0,0.0,0,0.0,0,0.0,0,0.0,0,0.0,0,0.0,0,0.0,0,0.0,0.00,0.0,0,0,0
2399918597,通投-谁还交-青春款-系统-日弘-25.9.21-历史优质,被计划暂停,审核通过,通投,直播间直接支付ROI,笔记（直播组件）,6748473c000000000202af9e,583691373460942ae8fc16bb,视频笔记,通投-谁还交-青春款-系统-日弘-25.9.21-历史优质,143783232,2025-09-21 15:02:19,0.00,0,0,0.0%,0.0,0.0,0,0.00,0.0,0,0,0.0,0,0,0.0,0,0.0,0,0.0,0,0.0,0,0.0,0,0.0,0,0.0,0,0.0,0,0.0,0,0.0,0.00,0.0,0,0,0
2399972448,通投-谁还交-青春款-定向-日弘-25.9.21-历史优质,被计划暂停,审核通过,通投,直播间直接支付ROI,笔记（直播组件）,6748473c000000000202af9e,583691373460942ae8fc16bb,视频笔记,通投-谁还交-青春款-定向-日弘-25.9.21-历史优质,143794666,2025-09-21 15:01:53,0.00,0,0,0.0%,0.0,0.0,0,0.00,0.0,0,0,0.0,0,0,0.0,0,0.0,0,0.0,0,0.0,0,0.0,0,0.0,0,0.0,0,0.0,0,0.0,0,0.0,0.00,0.0,0,0,0
2391903425,通投-也能发光-青春款-定向-日弘-25.9.20-新笔记,被计划暂停,审核通过,通投,直播间直接支付ROI,笔记（直播组件）,68cd102d00000000110151bd,66f67e4c000000001d03127d,图文笔记,通投-也能发光-青春款-定向-日弘-25.9.20-新笔记,143628885,2025-09-20 12:11:23,0.00,0,0,0.0%,0.0,0.0,0,0.00,0.0,0,0,0.0,0,0,0.0,0,0.0,0,0.0,0,0.0,0,0.0,0,0.0,0,0.0,0,0.0,0,0.0,0,0.0,0.00,0.0,0,0,0
2384115157,直播-小仙炖双节宠粉-直播预告-定向-日弘-25.9.19-放量,被计划暂停,审核通过,通投,直播间直接支付ROI,笔记（直播组件）,68ca1d01000000000e023e33,583691373460942ae8fc16bb,图文笔记,直播-小仙炖双节宠粉-直播预告-定向-日弘-25.9.19-放量,143463722,2025-09-19 14:24:18,0.00,0,0,0.0%,0.0,0.0,0,0.00,0.0,0,0,0.0,0,0,0.0,0,0.0,0,0.0,0,0.0,0,0.0,0,0.0,0,0.0,0,0.0,0,0.0,0,0.0,0.00,0.0,0,0,0
2384201805,直播-中秋送礼专场-直播预告-定向-日弘-25.9.19-放量,被计划暂停,审核通过,通投,直播间直接支付ROI,笔记（直播组件）,68c8dd35000000000e0238f9,583691373460942ae8fc16bb,图文笔记,直播-中秋送礼专场-直播预告-定向-日弘-25.9.19-放量,143463680,2025-09-19 14:22:58,0.00,0,0,0.0%,0.0,0.0,0,0.00,0.0,0,0,0.0,0,0,0.0,0,0.0,0,0.0,0,0.0,0,0.0,0,0.0,0,0.0,0,0.0,0,0.0,0,0.0,0.00,0.0,0,0,0
2383862289,通投-心坎上-中秋礼盒-系统-日弘-25.9.19-新笔记,被计划暂停,审核通过,通投,直播间直接支付ROI,笔记（直播组件）,68ccb2f6000000000b01298e,66f67e4c000000001d03127d,图文笔记,通投-心坎上-中秋礼盒-系统-日弘-25.9.19-新笔记,143462137,2025-09-19 13:45:55,0.00,0,0,0.0%,0.0,0.0,0,0.00,0.0,0,0,0.0,0,0,0.0,0,0.0,0,0.0,0,0.0,0,0.0,0,0.0,0,0.0,0,0.0,0,0.0,0,0.0,0.00,0.0,0,0,0
2383962911,通投-小仙炖双节宠粉-直播预告-系统-日弘-25.9.19-新笔记,被计划暂停,审核通过,通投,直播间直接支付ROI,笔记（直播组件）,68ca1d01000000000e023e33,583691373460942ae8fc16bb,图文笔记,通投-小仙炖双节宠粉-直播预告-系统-日弘-25.9.19-新笔记,143445035,2025-09-19 13:43:30,0.00,0,0,0.0%,0.0,0.0,0,0.00,0.0,0,0,0.0,0,0,0.0,0,0.0,0,0.0,0,0.0,0,0.0,0,0.0,0,0.0,0,0.0,0,0.0,0,0.0,0.00,0.0,0,0,0
2383962910,通投-小仙炖双节宠粉-直播预告-系统-日弘-25.9.19-新笔记,被计划暂停,审核通过,通投,直播间直接支付ROI,直播间,,-,无笔记,通投-小仙炖双节宠粉-直播预告-系统-日弘-25.9.19-新笔记,143445035,2025-09-19 13:43:30,0.00,0,0,0.0%,0.0,0.0,0,0.00,0.0,0,0,0.0,0,0,0.0,0,0.0,0,0.0,0,0.0,0,0.0,0,0.0,0,0.0,0,0.0,0,0.0,0,0.0,0.00,0.0,0,0,0
2383597408,通投-中秋送礼专场-直播预告-系统-日弘-25.9.19-新笔记,被计划暂停,审核通过,通投,直播间直接支付ROI,笔记（直播组件）,68c8dd35000000000e0238f9,583691373460942ae8fc16bb,图文笔记,通投-中秋送礼专场-直播预告-系统-日弘-25.9.19-新笔记,143431927,2025-09-19 13:39:26,0.00,0,0,0.0%,0.0,0.0,0,0.00,0.0,0,0,0.0,0,0,0.0,0,0.0,0,0.0,0,0.0,0,0.0,0,0.0,0,0.0,0,0.0,0,0.0,0,0.0,0.00,0.0,0,0,0
2383597407,通投-中秋送礼专场-直播预告-系统-日弘-25.9.19-新笔记,被计划暂停,审核通过,通投,直播间直接支付ROI,直播间,,-,无笔记,通投-中秋送礼专场-直播预告-系统-日弘-25.9.19-新笔记,143431927,2025-09-19 13:39:26,0.00,0,0,0.0%,0.0,0.0,0,0.00,0.0,0,0,0.0,0,0,0.0,0,0.0,0,0.0,0,0.0,0,0.0,0,0.0,0,0.0,0,0.0,0,0.0,0,0.0,0.00,0.0,0,0,0
2377260431,通投-来帮你-合集款-系统-日弘-25.9.18-优化测试,被计划暂停,审核通过,通投,直播间直接支付ROI,笔记（直播组件）,68a2e439000000001b021e9a,66f67e4c000000001d03127d,图文笔记,通投-来帮你-合集款-系统-日弘-25.9.18-优化测试,143235820,2025-09-18 17:42:13,0.00,0,0,0.0%,0.0,0.0,0,0.00,0.0,0,0,0.0,0,0,0.0,0,0.0,0,0.0,0,0.0,0,0.0,0,0.0,0,0.0,0,0.0,0,0.0,0,0.0,0.00,0.0,0,0,0
2377045890,通投-调宝藏-青春款-系统-日弘-25.9.18-优化测试,被计划暂停,审核拒绝,通投,直播间直接支付ROI,笔记（直播组件）,684926d4000000002101a80a,66f67e4c000000001d03127d,图文笔记,通投-调宝藏-青春款-系统-日弘-25.9.18-优化测试,143252895,2025-09-18 17:41:12,0.00,0,0,0.0%,0.0,0.0,0,0.00,0.0,0,0,0.0,0,0,0.0,0,0.0,0,0.0,0,0.0,0,0.0,0,0.0,0,0.0,0,0.0,0,0.0,0,0.0,0.00,0.0,0,0,0
2377037563,通投-别当抗-青春款-系统-日弘-25.9.18-优化测试,被计划暂停,审核通过,通投,直播间直接支付ROI,笔记（直播组件）,6842915f0000000022006397,583691373460942ae8fc16bb,图文笔记,通投-别当抗-青春款-系统-日弘-25.9.18-优化测试,143241266,2025-09-18 17:36:46,0.00,0,0,0.0%,0.0,0.0,0,0.00,0.0,0,0,0.0,0,0,0.0,0,0.0,0,0.0,0,0.0,0,0.0,0,0.0,0,0.0,0,0.0,0,0.0,0,0.0,0.00,0.0,0,0,0
2376810462,通投-米粒mlly-中秋礼盒-系统-达人-25.9.18-新笔记,被计划暂停,审核通过,通投,直播间直接支付ROI,笔记（直播组件）,68abd69e000000001c03ce48,5ae51b5ee8ac2b70ddf1eb39,视频笔记,通投-米粒mlly-中秋礼盒-系统-达人-25.9.18-新笔记,143229152,2025-09-18 17:24:12,0.00,0,0,0.0%,0.0,0.0,0,0.00,0.0,0,0,0.0,0,0,0.0,0,0.0,0,0.0,0,0.0,0,0.0,0,0.0,0,0.0,0,0.0,0,0.0,0,0.0,0.00,0.0,0,0,0
2377001353,通投-商务好礼-中秋礼盒-系统-官号-25.9.18-新笔记,被计划暂停,审核通过,通投,直播间直接支付ROI,笔记（直播组件）,68b7ce89000000001c01119c,583691373460942ae8fc16bb,图文笔记,通投-赛马合集-中秋礼盒-系统-官号-25.9.18-新笔记,143221907,2025-09-18 17:20:56,0.00,0,0,0.0%,0.0,0.0,0,0.00,0.0,0,0,0.0,0,0,0.0,0,0.0,0,0.0,0,0.0,0,0.0,0,0.0,0,0.0,0,0.0,0,0.0,0,0.0,0.00,0.0,0,0,0
2377001352,通投-第一次带男友-中秋礼盒-系统-官号-25.9.18-新笔记,暂停,审核通过,通投,直播间直接支付ROI,笔记（直播组件）,68b7bc22000000001b03ce54,583691373460942ae8fc16bb,视频笔记,通投-赛马合集-中秋礼盒-系统-官号-25.9.18-新笔记,143221907,2025-09-18 17:20:56,0.00,0,0,0.0%,0.0,0.0,0,0.00,0.0,0,0,0.0,0,0,0.0,0,0.0,0,0.0,0,0.0,0,0.0,0,0.0,0,0.0,0,0.0,0,0.0,0,0.0,0.00,0.0,0,0,0
2377001351,通投-中秋见家长-中秋礼盒-系统-官号-25.9.18-新笔记,暂停,审核拒绝,通投,直播间直接支付ROI,笔记（直播组件）,68c15708000000001b03c3c0,583691373460942ae8fc16bb,图文笔记,通投-赛马合集-中秋礼盒-系统-官号-25.9.18-新笔记,143221907,2025-09-18 17:20:56,0.00,0,0,0.0%,0.0,0.0,0,0.00,0.0,0,0,0.0,0,0,0.0,0,0.0,0,0.0,0,0.0,0,0.0,0,0.0,0,0.0,0,0.0,0,0.0,0,0.0,0.00,0.0,0,0,0
2376733039,通投-苏小布-中秋礼盒-系统-达人-25.9.18-新笔记,暂停,审核通过,通投,直播间直接支付ROI,笔记（直播组件）,68b01904000000001b0217cc,59df897d51783a03e4753f9e,图文笔记,通投-赛马合集2-中秋礼盒-系统-达人-25.9.18-新笔记,143215628,2025-09-18 17:15:31,0.00,0,0,0.0%,0.0,0.0,0,0.00,0.0,0,0,0.0,0,0,0.0,0,0.0,0,0.0,0,0.0,0,0.0,0,0.0,0,0.0,0,0.0,0,0.0,0,0.0,0.00,0.0,0,0,0
2376733038,通投-萱子妹陀-中秋礼盒-系统-达人-25.9.18-新笔记,被计划暂停,审核通过,通投,直播间直接支付ROI,笔记（直播组件）,68b179ca000000001d00f36e,58613a965e87e7192551c7a6,视频笔记,通投-赛马合集2-中秋礼盒-系统-达人-25.9.18-新笔记,143215628,2025-09-18 17:15:31,0.00,0,0,0.0%,0.0,0.0,0,0.00,0.0,0,0,0.0,0,0,0.0,0,0.0,0,0.0,0,0.0,0,0.0,0,0.0,0,0.0,0,0.0,0,0.0,0,0.0,0.00,0.0,0,0,0
2376469715,通投-收获贵人-中秋礼盒-系统-官号-25.9.18-新笔记,被计划暂停,审核通过,通投,直播间直接支付ROI,笔记（直播组件）,68ae6f73000000001b0352d1,583691373460942ae8fc16bb,视频笔记,通投-赛马合集2-中秋礼盒-系统-官号-25.9.18-新笔记,143191489,2025-09-18 16:31:06,0.00,0,0,0.0%,0.0,0.0,0,0.00,0.0,0,0,0.0,0,0,0.0,0,0.0,0,0.0,0,0.0,0,0.0,0,0.0,0,0.0,0,0.0,0,0.0,0,0.0,0.00,0.0,0,0,0
2376469714,通投-团圆每一刻-中秋礼盒-系统-官号-25.9.18-新笔记,被计划暂停,审核通过,通投,直播间直接支付ROI,笔记（直播组件）,68aece46000000001b02218d,583691373460942ae8fc16bb,图文笔记,通投-赛马合集2-中秋礼盒-系统-官号-25.9.18-新笔记,143191489,2025-09-18 16:31:06,0.00,0,0,0.0%,0.0,0.0,0,0.00,0.0,0,0,0.0,0,0,0.0,0,0.0,0,0.0,0,0.0,0,0.0,0,0.0,0,0.0,0,0.0,0,0.0,0,0.0,0.00,0.0,0,0,0
2376469713,通投-小有所成-中秋礼盒-系统-官号-25.9.18-新笔记,被计划暂停,审核通过,通投,直播间直接支付ROI,笔记（直播组件）,68afc7cd000000001b030095,583691373460942ae8fc16bb,图文笔记,通投-赛马合集2-中秋礼盒-系统-官号-25.9.18-新笔记,143191489,2025-09-18 16:31:06,0.00,0,0,0.0%,0.0,0.0,0,0.00,0.0,0,0,0.0,0,0,0.0,0,0.0,0,0.0,0,0.0,0,0.0,0,0.0,0,0.0,0,0.0,0,0.0,0,0.0,0.00,0.0,0,0,0
2375632757,通投-吃对才养-合集款-定向-日弘-25.9.18-新笔记-放量,被计划暂停,审核通过,通投,直播间直接支付ROI,笔记（直播组件）,68abb31c000000001c010bed,66f67e4c000000001d03127d,图文笔记,通投-吃对才养-合集款-定向-日弘-25.9.18-新笔记-放量,143161362,2025-09-18 15:02:14,0.00,0,0,0.0%,0.0,0.0,0,0.00,0.0,0,0,0.0,0,0,0.0,0,0.0,0,0.0,0,0.0,0,0.0,0,0.0,0,0.0,0,0.0,0,0.0,0,0.0,0.00,0.0,0,0,0
2367695390,通投-景甜-中秋礼盒-定向-日弘-25.9.17-新笔记,被计划暂停,审核通过,通投,直播间直接支付ROI,笔记（直播组件）,68c3e46e000000001c009c26,583691373460942ae8fc16bb,视频笔记,通投-景甜-中秋礼盒-定向-日弘-25.9.17-新笔记,142794936,2025-09-17 16:49:20,0.00,0,0,0.0%,0.0,0.0,0,0.00,0.0,0,0,0.0,0,0,0.0,0,0.0,0,0.0,0,0.0,0,0.0,0,0.0,0,0.0,0,0.0,0,0.0,0,0.0,0.00,0.0,0,0,0
2366712171,通投-不浪费-合集款-孕期滋补人群-日弘-25.9.17-优化测试,被计划暂停,审核通过,通投,直播间直接支付ROI,笔记（直播组件）,686f7465000000001c032113,66f67e4c000000001d03127d,图文笔记,通投-不浪费-合集款-孕期滋补人群-日弘-25.9.17-优化测试,142786706,2025-09-17 14:47:46,0.00,0,0,0.0%,0.0,0.0,0,0.00,0.0,0,0,0.0,0,0,0.0,0,0.0,0,0.0,0,0.0,0,0.0,0,0.0,0,0.0,0,0.0,0,0.0,0,0.0,0.00,0.0,0,0,0
2366639715,通投-窝开始-合集款-孕期滋补人群-日弘-25.9.17-优化测试,被计划暂停,审核通过,通投,直播间直接支付ROI,笔记（直播组件）,681d9ed20000000021019587,66f67e4c000000001d03127d,图文笔记,通投-窝开始-合集款-孕期滋补人群-日弘-25.9.17-优化测试,142769238,2025-09-17 14:41:22,0.00,0,0,0.0%,0.0,0.0,0,0.00,0.0,0,0,0.0,0,0,0.0,0,0.0,0,0.0,0,0.0,0,0.0,0,0.0,0,0.0,0,0.0,0,0.0,0,0.0,0.00,0.0,0,0,0
2366740422,通投-懂行的-合集款-孕期滋补人群-日弘-25.9.17-历史优质,被计划暂停,审核通过,通投,直播间直接支付ROI,笔记（直播组件）,66d7c90e000000001f03eb73,583691373460942ae8fc16bb,图文笔记,通投-懂行的-合集款-孕期滋补人群-日弘-25.9.17-历史优质,142758245,2025-09-17 14:36:35,0.00,0,0,0.0%,0.0,0.0,0,0.00,0.0,0,0,0.0,0,0,0.0,0,0.0,0,0.0,0,0.0,0,0.0,0,0.0,0,0.0,0,0.0,0,0.0,0,0.0,0.00,0.0,0,0,0
2366434967,通投-二胎妈妈经验-合集款-孕期滋补人群-官号-25.9.17-历史优质,被计划暂停,审核通过,通投,直播间直接支付ROI,笔记（直播组件）,68478d15000000002102e0a5,583691373460942ae8fc16bb,图文笔记,通投-二胎妈妈经验-合集款-孕期滋补人群-官号-25.9.17-历史优质,142780032,2025-09-17 14:34:37,0.00,0,0,0.0%,0.0,0.0,0,0.00,0.0,0,0,0.0,0,0,0.0,0,0.0,0,0.0,0,0.0,0,0.0,0,0.0,0,0.0,0,0.0,0,0.0,0,0.0,0.00,0.0,0,0,0
2366427669,通投-亲身经验-合集款-孕期滋补人群-日弘-25.9.17-新笔记-放量,被计划暂停,审核通过,通投,直播间直接支付ROI,笔记（直播组件）,68afeec0000000001b0300fd,66f67e4c000000001d03127d,图文笔记,通投-亲身经验-合集款-孕期滋补人群-日弘-25.9.17-新笔记-放量,142774262,2025-09-17 14:32:06,0.00,0,0,0.0%,0.0,0.0,0,0.00,0.0,0,0,0.0,0,0,0.0,0,0.0,0,0.0,0,0.0,0,0.0,0,0.0,0,0.0,0,0.0,0,0.0,0,0.0,0.00,0.0,0,0,0
2364602785,直播-小仙炖双节宠粉-直播预告-定向-日弘-25.9.17-新笔记,暂停,审核通过,通投,直播预约,直播预热组件,68ca1d01000000000e023e33,583691373460942ae8fc16bb,图文笔记,直播-小仙炖双节宠粉-直播预告-定向-日弘-25.9.17-新笔记,142748223,2025-09-17 10:41:07,0.00,0,0,0.0%,0.0,0.0,0,0.00,0.0,0,0,0.0,0,0,0.0,0,0.0,0,0.0,0,0.0,0,0.0,0,0.0,0,0.0,0,0.0,0,0.0,0,0.0,0.00,0.0,0,0,0
2364484610,直播-小仙炖双节宠粉-直播预告-系统-日弘-25.9.17-新笔记,暂停,审核通过,通投,直播预约,直播预热组件,68ca1d01000000000e023e33,583691373460942ae8fc16bb,图文笔记,直播-小仙炖双节宠粉-直播预告-系统-日弘-25.9.17-新笔记,142724916,2025-09-17 10:38:17,0.00,0,0,0.0%,0.0,0.0,0,0.00,0.0,0,0,0.0,0,0,0.0,0,0.0,0,0.0,0,0.0,0,0.0,0,0.0,0,0.0,0,0.0,0,0.0,0,0.0,0.00,0.0,0,0,0
2364171914,通投-体面又走心-中秋礼盒-系统-日弘-25.9.17-新笔记-放量,被计划暂停,审核通过,通投,直播间直接支付ROI,笔记（直播组件）,68ba9a6e000000001b03fe04,66f67e4c000000001d03127d,图文笔记,通投-体面又走心-中秋礼盒-系统-日弘-25.9.17-新笔记-放量,142698812,2025-09-17 09:54:21,0.00,0,0,0.0%,0.0,0.0,0,0.00,0.0,0,0,0.0,0,0,0.0,0,0.0,0,0.0,0,0.0,0,0.0,0,0.0,0,0.0,0,0.0,0,0.0,0,0.0,0.00,0.0,0,0,0
2363807965,通投-白花钱-合集款-定向-日弘-25.9.17-优化测试,被计划暂停,审核通过,通投,直播间直接支付ROI,笔记（直播组件）,685e1679000000002203e622,66f67e4c000000001d03127d,图文笔记,通投-白花钱-合集款-定向-日弘-25.9.17-优化测试,142686961,2025-09-17 09:10:04,0.00,0,0,0.0%,0.0,0.0,0,0.00,0.0,0,0,0.0,0,0,0.0,0,0.0,0,0.0,0,0.0,0,0.0,0,0.0,0,0.0,0,0.0,0,0.0,0,0.0,0.00,0.0,0,0,0
2360671616,通投-想不到-青春款-定向-日弘-25.9.16-新笔记,被计划暂停,审核通过,通投,直播间直接支付ROI,笔记（直播组件）,688b20f30000000023022bd8,66f67e4c000000001d03127d,图文笔记,通投-想不到-青春款-定向-日弘-25.9.16-新笔记,142629898,2025-09-16 20:58:31,0.00,0,0,0.0%,0.0,0.0,0,0.00,0.0,0,0,0.0,0,0,0.0,0,0.0,0,0.0,0,0.0,0,0.0,0,0.0,0,0.0,0,0.0,0,0.0,0,0.0,0.00,0.0,0,0,0
2360806631,通投-十年育婴师-星光款-定向-官号-25.9.16-新笔记,被计划暂停,审核通过,通投,直播间直接支付ROI,笔记（直播组件）,68b53a6b000000001c011162,583691373460942ae8fc16bb,视频笔记,通投-十年育婴师-星光款-定向-官号-25.9.16-新笔记,142641326,2025-09-16 20:46:30,0.00,0,0,0.0%,0.0,0.0,0,0.00,0.0,0,0,0.0,0,0,0.0,0,0.0,0,0.0,0,0.0,0,0.0,0,0.0,0,0.0,0,0.0,0,0.0,0,0.0,0.00,0.0,0,0,0
2359468137,通投-鲜炖燕-星光款-定向-日弘-25.9.16-优化测试,被计划暂停,审核拒绝,通投,直播间直接支付ROI,笔记（直播组件）,66fa1517000000002c02dd22,583691373460942ae8fc16bb,图文笔记,通投-鲜炖燕-星光款-定向-日弘-25.9.16-优化测试,142594567,2025-09-16 17:56:33,0.00,0,0,0.0%,0.0,0.0,0,0.00,0.0,0,0,0.0,0,0,0.0,0,0.0,0,0.0,0,0.0,0,0.0,0,0.0,0,0.0,0,0.0,0,0.0,0,0.0,0.00,0.0,0,0,0
2359635768,通投-中式滋-青春款-定向-日弘-25.9.16-优化测试,被计划暂停,审核通过,通投,直播间直接支付ROI,笔记（直播组件）,6645ec79000000001e01ee7e,583691373460942ae8fc16bb,图文笔记,通投-中式滋-青春款-定向-日弘-25.9.16-优化测试,142583060,2025-09-16 17:54:26,0.00,0,0,0.0%,0.0,0.0,0,0.00,0.0,0,0,0.0,0,0,0.0,0,0.0,0,0.0,0,0.0,0,0.0,0,0.0,0,0.0,0,0.0,0,0.0,0,0.0,0.00,0.0,0,0,0
2359663862,通投-货攻略-青春款-定向-日弘-25.9.16-优化测试,被计划暂停,审核通过,通投,直播间直接支付ROI,笔记（直播组件）,6801aa95000000000d0140a5,583691373460942ae8fc16bb,图文笔记,通投-货攻略-青春款-定向-日弘-25.9.16-优化测试,142594400,2025-09-16 17:53:44,0.00,0,0,0.0%,0.0,0.0,0,0.00,0.0,0,0,0.0,0,0,0.0,0,0.0,0,0.0,0,0.0,0,0.0,0,0.0,0,0.0,0,0.0,0,0.0,0,0.0,0.00,0.0,0,0,0
2359721612,通投-中秋商务-中秋礼盒-中秋送礼人群-日弘-25.9.16-新笔记,被计划暂停,审核通过,通投,直播间直接支付ROI,笔记（直播组件）,68abfbef000000001c00e5d2,66f67e4c000000001d03127d,图文笔记,通投-中秋商务-中秋礼盒-中秋送礼人群-日弘-25.9.16-新笔记,142605950,2025-09-16 17:52:57,0.00,0,0,0.0%,0.0,0.0,0,0.00,0.0,0,0,0.0,0,0,0.0,0,0.0,0,0.0,0,0.0,0,0.0,0,0.0,0,0.0,0,0.0,0,0.0,0,0.0,0.00,0.0,0,0,0
2359169656,通投-异地回家-中秋礼盒-中秋送礼人群-日弘-25.9.16-新笔记,暂停,审核通过,通投,直播间直接支付ROI,笔记（直播组件）,68c121e2000000001c03375e,66f67e4c000000001d03127d,图文笔记,通投-异地回家-中秋礼盒-中秋送礼人群-日弘-25.9.16-新笔记,142598661,2025-09-16 17:27:36,0.00,0,0,0.0%,0.0,0.0,0,0.00,0.0,0,0,0.0,0,0,0.0,0,0.0,0,0.0,0,0.0,0,0.0,0,0.0,0,0.0,0,0.0,0,0.0,0,0.0,0.00,0.0,0,0,0
2358930932,通投-商务好礼-中秋礼盒-系统-官号-25.9.16-新笔记,被计划暂停,审核通过,通投,直播间直接支付ROI,笔记（直播组件）,68b7ce89000000001c01119c,583691373460942ae8fc16bb,图文笔记,通投-赛马合集-中秋礼盒-系统-官号-25.9.16-新笔记,142575582,2025-09-16 17:05:53,0.00,0,0,0.0%,0.0,0.0,0,0.00,0.0,0,0,0.0,0,0,0.0,0,0.0,0,0.0,0,0.0,0,0.0,0,0.0,0,0.0,0,0.0,0,0.0,0,0.0,0.00,0.0,0,0,0
2358930931,通投-送出诚意-中秋礼盒-系统-官号-25.9.16-新笔记,被计划暂停,审核通过,通投,直播间直接支付ROI,笔记（直播组件）,68bfe8e0000000001b034ec7,583691373460942ae8fc16bb,图文笔记,通投-赛马合集-中秋礼盒-系统-官号-25.9.16-新笔记,142575582,2025-09-16 17:05:53,0.00,0,0,0.0%,0.0,0.0,0,0.00,0.0,0,0,0.0,0,0,0.0,0,0.0,0,0.0,0,0.0,0,0.0,0,0.0,0,0.0,0,0.0,0,0.0,0,0.0,0.00,0.0,0,0,0
2358930930,通投-第一次带男友-中秋礼盒-系统-官号-25.9.16-新笔记,被计划暂停,审核通过,通投,直播间直接支付ROI,笔记（直播组件）,68b7bc22000000001b03ce54,583691373460942ae8fc16bb,视频笔记,通投-赛马合集-中秋礼盒-系统-官号-25.9.16-新笔记,142575582,2025-09-16 17:05:53,0.00,0,0,0.0%,0.0,0.0,0,0.00,0.0,0,0,0.0,0,0,0.0,0,0.0,0,0.0,0,0.0,0,0.0,0,0.0,0,0.0,0,0.0,0,0.0,0,0.0,0.00,0.0,0,0,0
2358930929,通投-创业人-中秋礼盒-中秋礼盒-官号-系统-25.9.16-新笔记,被计划暂停,审核通过,通投,直播间直接支付ROI,笔记（直播组件）,68baa5cb000000001b023b5a,583691373460942ae8fc16bb,视频笔记,通投-赛马合集-中秋礼盒-系统-官号-25.9.16-新笔记,142575582,2025-09-16 17:05:53,0.00,0,0,0.0%,0.0,0.0,0,0.00,0.0,0,0,0.0,0,0,0.0,0,0.0,0,0.0,0,0.0,0,0.0,0,0.0,0,0.0,0,0.0,0,0.0,0,0.0,0.00,0.0,0,0,0
2358930928,通投-37岁跨国女老板-中秋礼盒-系统-官号-25.9.16-新笔记,被计划暂停,审核通过,通投,直播间直接支付ROI,笔记（直播组件）,68b6c394000000001b03069c,583691373460942ae8fc16bb,视频笔记,通投-赛马合集-中秋礼盒-系统-官号-25.9.16-新笔记,142575582,2025-09-16 17:05:53,0.00,0,0,0.0%,0.0,0.0,0,0.00,0.0,0,0,0.0,0,0,0.0,0,0.0,0,0.0,0,0.0,0,0.0,0,0.0,0,0.0,0,0.0,0,0.0,0,0.0,0.00,0.0,0,0,0
2358930927,通投-中秋见家长-中秋礼盒-系统-官号-25.9.16-新笔记,被计划暂停,审核拒绝,通投,直播间直接支付ROI,笔记（直播组件）,68c15708000000001b03c3c0,583691373460942ae8fc16bb,图文笔记,通投-赛马合集-中秋礼盒-系统-官号-25.9.16-新笔记,142575582,2025-09-16 17:05:53,0.00,0,0,0.0%,0.0,0.0,0,0.00,0.0,0,0,0.0,0,0,0.0,0,0.0,0,0.0,0,0.0,0,0.0,0,0.0,0,0.0,0,0.0,0,0.0,0,0.0,0.00,0.0,0,0,0
2357414399,通投-坦白局-星光款-定向-日弘-25.9.16-优化测试,被计划暂停,审核通过,通投,直播间直接支付ROI,笔记（直播组件）,686780950000000024009889,66f67e4c000000001d03127d,图文笔记,通投-坦白局-星光款-定向-日弘-25.9.16-优化测试,142514562,2025-09-16 15:00:16,0.00,0,0,0.0%,0.0,0.0,0,0.00,0.0,0,0,0.0,0,0,0.0,0,0.0,0,0.0,0,0.0,0,0.0,0,0.0,0,0.0,0,0.0,0,0.0,0,0.0,0.00,0.0,0,0,0
2357295557,通投-体面又走心-中秋礼盒-中秋送礼人群-日弘-25.9.16-新笔记,被计划暂停,审核通过,通投,直播间直接支付ROI,笔记（直播组件）,68ba9a6e000000001b03fe04,66f67e4c000000001d03127d,图文笔记,通投-体面又走心-中秋礼盒-中秋送礼人群-日弘-25.9.16-新笔记,142508283,2025-09-16 14:53:59,0.00,0,0,0.0%,0.0,0.0,0,0.00,0.0,0,0,0.0,0,0,0.0,0,0.0,0,0.0,0,0.0,0,0.0,0,0.0,0,0.0,0,0.0,0,0.0,0,0.0,0.00,0.0,0,0,0
2357291803,通投-见家长-中秋礼盒-中秋送礼人群-官号-25.9.16-新笔记,被计划暂停,审核通过,通投,直播间直接支付ROI,笔记（直播组件）,68ad46e5000000001c00e807,583691373460942ae8fc16bb,视频笔记,通投-见家长-中秋礼盒-中秋送礼人群-官号-25.9.16-新笔记,142495209,2025-09-16 14:51:32,0.00,0,0,0.0%,0.0,0.0,0,0.00,0.0,0,0,0.0,0,0,0.0,0,0.0,0,0.0,0,0.0,0,0.0,0,0.0,0,0.0,0,0.0,0,0.0,0,0.0,0.00,0.0,0,0,0
2357272841,通投-二胎妈妈经验-合集款-定向-官号-25.9.16-历史优质,被计划暂停,审核通过,通投,直播间直接支付ROI,笔记（直播组件）,68478d15000000002102e0a5,583691373460942ae8fc16bb,图文笔记,通投-二胎妈妈经验-合集款-定向-官号-25.9.16-历史优质,142500297,2025-09-16 14:38:47,0.00,0,0,0.0%,0.0,0.0,0,0.00,0.0,0,0,0.0,0,0,0.0,0,0.0,0,0.0,0,0.0,0,0.0,0,0.0,0,0.0,0,0.0,0,0.0,0,0.0,0.00,0.0,0,0,0
2356861877,直播-中秋送礼专场-直播预告-定向-日弘-25.9.16-新笔记,暂停,审核通过,通投,直播预约,直播预热组件,68c8dd35000000000e0238f9,583691373460942ae8fc16bb,图文笔记,直播-中秋送礼专场-直播预告-定向-日弘-25.9.16-新笔记,142498976,2025-09-16 14:15:31,0.00,0,0,0.0%,0.0,0.0,0,0.00,0.0,0,0,0.0,0,0,0.0,0,0.0,0,0.0,0,0.0,0,0.0,0,0.0,0,0.0,0,0.0,0,0.0,0,0.0,0.00,0.0,0,0,0
2355885827,直播-中秋送礼专场-直播预告-系统-日弘-25.9.16-新笔记,暂停,审核通过,通投,直播预约,直播预热组件,68c8dd35000000000e0238f9,583691373460942ae8fc16bb,图文笔记,直播-中秋送礼专场-直播预告-系统-日弘-25.9.16-新笔记,142473137,2025-09-16 12:28:18,0.00,0,0,0.0%,0.0,0.0,0,0.00,0.0,0,0,0.0,0,0,0.0,0,0.0,0,0.0,0,0.0,0,0.0,0,0.0,0,0.0,0,0.0,0,0.0,0,0.0,0.00,0.0,0,0,0
2349972780,通投-送了这个-中秋礼盒-中秋送礼人群-日弘-25.9.15-新笔记,暂停,审核通过,通投,直播间直接支付ROI,笔记（直播组件）,68a58c9f000000001b01d278,66f67e4c000000001d03127d,图文笔记,通投-送了这个-中秋礼盒-中秋送礼人群-日弘-25.9.15-新笔记,142188282,2025-09-15 17:36:46,0.00,0,0,0.0%,0.0,0.0,0,0.00,0.0,0,0,0.0,0,0,0.0,0,0.0,0,0.0,0,0.0,0,0.0,0,0.0,0,0.0,0,0.0,0,0.0,0,0.0,0.00,0.0,0,0,0
2349876929,通投-显贵感-中秋礼盒-中秋送礼人群-日弘-25.9.15-新笔记,被计划暂停,审核通过,通投,直播间直接支付ROI,笔记（直播组件）,68c36dd6000000001b03d6e9,66f67e4c000000001d03127d,图文笔记,通投-显贵感-中秋礼盒-中秋送礼人群-日弘-25.9.15-新笔记,142193754,2025-09-15 17:35:07,0.00,0,0,0.0%,0.0,0.0,0,0.00,0.0,0,0,0.0,0,0,0.0,0,0.0,0,0.0,0,0.0,0,0.0,0,0.0,0,0.0,0,0.0,0,0.0,0,0.0,0.00,0.0,0,0,0
2346392481,通投-小有所成-中秋礼盒-定向-官号-25.9.15-新笔记,被计划暂停,审核通过,通投,直播间直接支付ROI,笔记（直播组件）,68afc7cd000000001b030095,583691373460942ae8fc16bb,图文笔记,通投-小有所成-中秋礼盒-定向-官号-25.9.15-新笔记,142093457,2025-09-15 11:09:05,0.00,0,0,0.0%,0.0,0.0,0,0.00,0.0,0,0,0.0,0,0,0.0,0,0.0,0,0.0,0,0.0,0,0.0,0,0.0,0,0.0,0,0.0,0,0.0,0,0.0,0.00,0.0,0,0,0
2346225006,通投-不浪费-合集款-定向-日弘-25.9.15-优化测试,被计划暂停,审核通过,通投,直播间直接支付ROI,笔记（直播组件）,686f7465000000001c032113,66f67e4c000000001d03127d,图文笔记,通投-不浪费-合集款-定向-日弘-25.9.15-优化测试,142102821,2025-09-15 10:27:46,0.00,0,0,0.0%,0.0,0.0,0,0.00,0.0,0,0,0.0,0,0,0.0,0,0.0,0,0.0,0,0.0,0,0.0,0,0.0,0,0.0,0,0.0,0,0.0,0,0.0,0.00,0.0,0,0,0
2335079350,通投-才安心-星光款-系统-日弘-25.9.13-新笔记,被计划暂停,审核通过,通投,直播间直接支付ROI,笔记（直播组件）,68b01c55000000001c004812,66f67e4c000000001d03127d,图文笔记,通投-才安心-星光款-系统-日弘-25.9.13-新笔记,141820117,2025-09-13 20:48:24,0.00,0,0,0.0%,0.0,0.0,0,0.00,0.0,0,0,0.0,0,0,0.0,0,0.0,0,0.0,0,0.0,0,0.0,0,0.0,0,0.0,0,0.0,0,0.0,0,0.0,0.00,0.0,0,0,0
2334819752,通投-小白选-合集款-系统-日弘-25.9.13-优化测试,被计划暂停,审核通过,通投,直播间直接支付ROI,笔记（直播组件）,6800c0fe0000000007035cf4,583691373460942ae8fc16bb,图文笔记,通投-小白选-合集款-系统-日弘-25.9.13-优化测试,141814327,2025-09-13 20:47:25,0.00,0,0,0.0%,0.0,0.0,0,0.00,0.0,0,0,0.0,0,0,0.0,0,0.0,0,0.0,0,0.0,0,0.0,0,0.0,0,0.0,0,0.0,0,0.0,0,0.0,0.00,0.0,0,0,0
2334964591,通投-燕窝也-合集款-定向-日弘-25.9.13-历史优质,被计划暂停,审核通过,通投,直播间直接支付ROI,笔记（直播组件）,672d88bf000000001d0385de,583691373460942ae8fc16bb,图文笔记,通投-燕窝也-合集款-定向-日弘-25.9.13-历史优质,141791523,2025-09-13 20:45:31,0.00,0,0,0.0%,0.0,0.0,0,0.00,0.0,0,0,0.0,0,0,0.0,0,0.0,0,0.0,0,0.0,0,0.0,0,0.0,0,0.0,0,0.0,0,0.0,0,0.0,0.00,0.0,0,0,0
2327042449,通投-深夜流逝-青春款-系统-日弘-25.9.12-优化测试,被计划暂停,不满足审核条件,通投,直播间直接支付ROI,笔记（直播组件）,68abb7f7000000001b031b6d,66f67e4c000000001d03127d,图文笔记,通投-深夜流逝-青春款-系统-日弘-25.9.12-优化测试,141542955,2025-09-12 22:18:52,0.00,0,0,0.0%,0.0,0.0,0,0.00,0.0,0,0,0.0,0,0,0.0,0,0.0,0,0.0,0,0.0,0,0.0,0,0.0,0,0.0,0,0.0,0,0.0,0,0.0,0.00,0.0,0,0,0
2325399330,通投-收获贵人-中秋礼盒-中秋送礼人群-官号-25.9.12-新笔记,被计划暂停,审核通过,通投,直播间直接支付ROI,笔记（直播组件）,68ae6f73000000001b0352d1,583691373460942ae8fc16bb,视频笔记,通投-赛马合集2-中秋礼盒-中秋送礼人群-官号-25.9.12-新笔记,141411974,2025-09-12 17:35:42,0.00,0,0,0.0%,0.0,0.0,0,0.00,0.0,0,0,0.0,0,0,0.0,0,0.0,0,0.0,0,0.0,0,0.0,0,0.0,0,0.0,0,0.0,0,0.0,0,0.0,0.00,0.0,0,0,0
2324006836,通投-苏小布-中秋礼盒-中秋送礼人群-达人-25.9.12-新笔记,暂停,审核通过,通投,直播间直接支付ROI,笔记（直播组件）,68b01904000000001b0217cc,59df897d51783a03e4753f9e,图文笔记,通投-赛马合集2-中秋礼盒-中秋送礼人群-达人-25.9.12-新笔记,141445053,2025-09-12 15:22:41,0.00,0,0,0.0%,0.0,0.0,0,0.00,0.0,0,0,0.0,0,0,0.0,0,0.0,0,0.0,0,0.0,0,0.0,0,0.0,0,0.0,0,0.0,0,0.0,0,0.0,0.00,0.0,0,0,0
2324006835,通投-伊万的小背包-中秋礼盒-中秋送礼人群-达人-25.9.12-新笔记,暂停,审核通过,通投,直播间直接支付ROI,笔记（直播组件）,68b18792000000001b01caf9,5d204fdc0000000011035d1f,图文笔记,通投-赛马合集2-中秋礼盒-中秋送礼人群-达人-25.9.12-新笔记,141445053,2025-09-12 15:22:41,0.00,0,0,0.0%,0.0,0.0,0,0.00,0.0,0,0,0.0,0,0,0.0,0,0.0,0,0.0,0,0.0,0,0.0,0,0.0,0,0.0,0,0.0,0,0.0,0,0.0,0.00,0.0,0,0,0
2324006834,通投-萱子妹陀-中秋礼盒-中秋送礼人群-达人-25.9.12-新笔记,被计划暂停,审核通过,通投,直播间直接支付ROI,笔记（直播组件）,68b179ca000000001d00f36e,58613a965e87e7192551c7a6,视频笔记,通投-赛马合集2-中秋礼盒-中秋送礼人群-达人-25.9.12-新笔记,141445053,2025-09-12 15:22:41,0.00,0,0,0.0%,0.0,0.0,0,0.00,0.0,0,0,0.0,0,0,0.0,0,0.0,0,0.0,0,0.0,0,0.0,0,0.0,0,0.0,0,0.0,0,0.0,0,0.0,0.00,0.0,0,0,0
2324006833,通投-潘艺桐是一颗珍珠-中秋礼盒-中秋送礼人群-达人-25.9.12-新笔记,暂停,审核通过,通投,直播间直接支付ROI,笔记（直播组件）,68aec1e8000000001c0084f1,5de7be5a0000000001001855,视频笔记,通投-赛马合集2-中秋礼盒-中秋送礼人群-达人-25.9.12-新笔记,141445053,2025-09-12 15:22:41,0.00,0,0,0.0%,0.0,0.0,0,0.00,0.0,0,0,0.0,0,0,0.0,0,0.0,0,0.0,0,0.0,0,0.0,0,0.0,0,0.0,0,0.0,0,0.0,0,0.0,0.00,0.0,0,0,0
2324006832,通投-玉玉妈妈Kelly-中秋礼盒-中秋送礼人群-达人-25.9.12-新笔记,暂停,审核通过,通投,直播间直接支付ROI,笔记（直播组件）,68aff18d000000001d01c307,5997e9b250c4b46be7a4fe88,视频笔记,通投-赛马合集2-中秋礼盒-中秋送礼人群-达人-25.9.12-新笔记,141445053,2025-09-12 15:22:41,0.00,0,0,0.0%,0.0,0.0,0,0.00,0.0,0,0,0.0,0,0,0.0,0,0.0,0,0.0,0,0.0,0,0.0,0,0.0,0,0.0,0,0.0,0,0.0,0,0.0,0.00,0.0,0,0,0
2324260331,通投-吴小小一只-中秋礼盒-中秋送礼人群-达人-25.9.12-新笔记,被计划暂停,审核通过,通投,直播间直接支付ROI,笔记（直播组件）,68b3f0d6000000001d0253eb,59146bd86a6a691dbb04268a,视频笔记,通投-赛马合集-中秋礼盒-中秋送礼人群-达人-25.9.12-新笔记,141462318,2025-09-12 15:20:28,0.00,0,0,0.0%,0.0,0.0,0,0.00,0.0,0,0,0.0,0,0,0.0,0,0.0,0,0.0,0,0.0,0,0.0,0,0.0,0,0.0,0,0.0,0,0.0,0,0.0,0.00,0.0,0,0,0
2324260330,通投-Ab-中秋礼盒-中秋送礼人群-达人-25.9.12-新笔记,暂停,审核通过,通投,直播间直接支付ROI,笔记（直播组件）,68aac7d4000000001d0395cf,58344dac6a6a69626b881cab,图文笔记,通投-赛马合集-中秋礼盒-中秋送礼人群-达人-25.9.12-新笔记,141462318,2025-09-12 15:20:28,0.00,0,0,0.0%,0.0,0.0,0,0.00,0.0,0,0,0.0,0,0,0.0,0,0.0,0,0.0,0,0.0,0,0.0,0,0.0,0,0.0,0,0.0,0,0.0,0,0.0,0.00,0.0,0,0,0
2324260329,通投-米粒mlly-中秋礼盒-中秋送礼人群-达人-25.9.12-新笔记,被计划暂停,审核通过,通投,直播间直接支付ROI,笔记（直播组件）,68abd69e000000001c03ce48,5ae51b5ee8ac2b70ddf1eb39,视频笔记,通投-赛马合集-中秋礼盒-中秋送礼人群-达人-25.9.12-新笔记,141462318,2025-09-12 15:20:28,0.00,0,0,0.0%,0.0,0.0,0,0.00,0.0,0,0,0.0,0,0,0.0,0,0.0,0,0.0,0,0.0,0,0.0,0,0.0,0,0.0,0,0.0,0,0.0,0,0.0,0.00,0.0,0,0,0
2324260328,通投-Augentstern-中秋礼盒-中秋送礼人群-达人-25.9.12-新笔记,暂停,审核通过,通投,直播间直接支付ROI,笔记（直播组件）,68ad8a64000000001c010c61,5ca05980000000001201440f,图文笔记,通投-赛马合集-中秋礼盒-中秋送礼人群-达人-25.9.12-新笔记,141462318,2025-09-12 15:20:28,0.00,0,0,0.0%,0.0,0.0,0,0.00,0.0,0,0,0.0,0,0,0.0,0,0.0,0,0.0,0,0.0,0,0.0,0,0.0,0,0.0,0,0.0,0,0.0,0,0.0,0.00,0.0,0,0,0
2324260327,通投-蜜桃圆圆酱-中秋礼盒-中秋送礼人群-达人-25.9.12-新笔记,暂停,审核通过,通投,直播间直接支付ROI,笔记（直播组件）,68b2f213000000001d010ca7,5e1139010000000001005b1a,图文笔记,通投-赛马合集-中秋礼盒-中秋送礼人群-达人-25.9.12-新笔记,141462318,2025-09-12 15:20:28,0.00,0,0,0.0%,0.0,0.0,0,0.00,0.0,0,0,0.0,0,0,0.0,0,0.0,0,0.0,0,0.0,0,0.0,0,0.0,0,0.0,0,0.0,0,0.0,0,0.0,0.00,0.0,0,0,0
2323984690,通投-秋鱼柚柚子-青春款-定向-达人-25.9.12-新笔记,被计划暂停,审核通过,通投,直播间直接支付ROI,笔记（直播组件）,68be86c4000000001d0158e3,5fc192e4000000000100ac52,图文笔记,通投-秋鱼柚柚子-青春款-定向-达人-25.9.12-新笔记,141461777,2025-09-12 15:08:32,0.00,0,0,0.0%,0.0,0.0,0,0.00,0.0,0,0,0.0,0,0,0.0,0,0.0,0,0.0,0,0.0,0,0.0,0,0.0,0,0.0,0,0.0,0,0.0,0,0.0,0.00,0.0,0,0,0
2323496820,通投-孕期各-合集款-孕期滋补人群-日弘-25.9.12-优化测试,被计划暂停,审核通过,通投,直播间直接支付ROI,笔记（直播组件）,6826e9ea000000002102d1e1,66f67e4c000000001d03127d,图文笔记,通投-孕期各-合集款-孕期滋补人群-日弘-25.9.12-优化测试,141458727,2025-09-12 14:04:50,0.00,0,0,0.0%,0.0,0.0,0,0.00,0.0,0,0,0.0,0,0,0.0,0,0.0,0,0.0,0,0.0,0,0.0,0,0.0,0,0.0,0,0.0,0,0.0,0,0.0,0.00,0.0,0,0,0
2321799518,通投-团圆每一刻-中秋礼盒-中秋送礼人群-官号-25.9.12-新笔记,被计划暂停,审核通过,通投,直播间直接支付ROI,笔记（直播组件）,68aece46000000001b02218d,583691373460942ae8fc16bb,图文笔记,通投-赛马合集2-中秋礼盒-中秋送礼人群-官号-25.9.12-新笔记,141411974,2025-09-12 11:00:32,0.00,0,0,0.0%,0.0,0.0,0,0.00,0.0,0,0,0.0,0,0,0.0,0,0.0,0,0.0,0,0.0,0,0.0,0,0.0,0,0.0,0,0.0,0,0.0,0,0.0,0.00,0.0,0,0,0
2321799517,通投-中秋送它-中秋礼盒-中秋送礼人群-官号-25.9.12-新笔记,暂停,审核通过,通投,直播间直接支付ROI,笔记（直播组件）,68aed5d1000000001c00e014,583691373460942ae8fc16bb,视频笔记,通投-赛马合集2-中秋礼盒-中秋送礼人群-官号-25.9.12-新笔记,141411974,2025-09-12 11:00:32,0.00,0,0,0.0%,0.0,0.0,0,0.00,0.0,0,0,0.0,0,0,0.0,0,0.0,0,0.0,0,0.0,0,0.0,0,0.0,0,0.0,0,0.0,0,0.0,0,0.0,0.00,0.0,0,0,0
2321799516,通投-中秋非遗-中秋礼盒-中秋送礼人群-官号-25.9.12-新笔记,暂停,审核通过,通投,直播间直接支付ROI,笔记（直播组件）,68b02449000000001b0313fc,583691373460942ae8fc16bb,视频笔记,通投-赛马合集2-中秋礼盒-中秋送礼人群-官号-25.9.12-新笔记,141411974,2025-09-12 11:00:32,0.00,0,0,0.0%,0.0,0.0,0,0.00,0.0,0,0,0.0,0,0,0.0,0,0.0,0,0.0,0,0.0,0,0.0,0,0.0,0,0.0,0,0.0,0,0.0,0,0.0,0.00,0.0,0,0,0
2321799515,通投-小有所成-中秋礼盒-中秋送礼人群-官号-25.9.12-新笔记,被计划暂停,审核通过,通投,直播间直接支付ROI,笔记（直播组件）,68afc7cd000000001b030095,583691373460942ae8fc16bb,图文笔记,通投-赛马合集2-中秋礼盒-中秋送礼人群-官号-25.9.12-新笔记,141411974,2025-09-12 11:00:32,0.00,0,0,0.0%,0.0,0.0,0,0.00,0.0,0,0,0.0,0,0,0.0,0,0.0,0,0.0,0,0.0,0,0.0,0,0.0,0,0.0,0,0.0,0,0.0,0,0.0,0.00,0.0,0,0,0
2321799514,通投-中秋送礼高阶-中秋礼盒-中秋送礼人群-官号-25.9.12-新笔记,暂停,审核通过,通投,直播间直接支付ROI,笔记（直播组件）,68aed6ce000000001b0378a5,583691373460942ae8fc16bb,视频笔记,通投-赛马合集2-中秋礼盒-中秋送礼人群-官号-25.9.12-新笔记,141411974,2025-09-12 11:00:32,0.00,0,0,0.0%,0.0,0.0,0,0.00,0.0,0,0,0.0,0,0,0.0,0,0.0,0,0.0,0,0.0,0,0.0,0,0.0,0,0.0,0,0.0,0,0.0,0,0.0,0.00,0.0,0,0,0
2320760070,通投-显贵感-中秋礼盒-系统-日弘-25.9.12-新笔记,被计划暂停,审核通过,通投,直播间直接支付ROI,笔记（直播组件）,68c36dd6000000001b03d6e9,66f67e4c000000001d03127d,图文笔记,通投-显贵感-中秋礼盒-系统-日弘-25.9.12-新笔记,141389115,2025-09-12 08:53:18,0.00,0,0,0.0%,0.0,0.0,0,0.00,0.0,0,0,0.0,0,0,0.0,0,0.0,0,0.0,0,0.0,0,0.0,0,0.0,0,0.0,0,0.0,0,0.0,0,0.0,0.00,0.0,0,0,0
2320656012,通投-不踩坑指南-星光款-定向-日弘-25.9.12-新笔记,被计划暂停,审核通过,通投,直播间直接支付ROI,笔记（直播组件）,68c29dc2000000001c00f299,66f67e4c000000001d03127d,图文笔记,通投-不踩坑指南-星光款-定向-日弘-25.9.12-新笔记,141360276,2025-09-12 08:51:19,0.00,0,0,0.0%,0.0,0.0,0,0.00,0.0,0,0,0.0,0,0,0.0,0,0.0,0,0.0,0,0.0,0,0.0,0,0.0,0,0.0,0,0.0,0,0.0,0,0.0,0.00,0.0,0,0,0
2317555189,通投-糯米团子-星光款-定向-官号-25.9.11-新笔记,暂停,审核通过,通投,直播间直接支付ROI,笔记（直播组件）,689982bd0000000023035472,583691373460942ae8fc16bb,图文笔记,通投-糯米团子-星光款-定向-官号-25.9.11-新笔记,141204286,2025-09-11 22:07:00,0.00,0,0,0.0%,0.0,0.0,0,0.00,0.0,0,0,0.0,0,0,0.0,0,0.0,0,0.0,0,0.0,0,0.0,0,0.0,0,0.0,0,0.0,0,0.0,0,0.0,0.00,0.0,0,0,0
2316047017,通投-商务好礼-中秋礼盒-中秋送礼人群-官号-25.9.11-新笔记,被计划暂停,审核通过,通投,直播间直接支付ROI,笔记（直播组件）,68b7ce89000000001c01119c,583691373460942ae8fc16bb,图文笔记,通投-赛马合集-中秋礼盒-中秋送礼人群-官号-25.9.11-新笔记,141163125,2025-09-11 18:02:51,0.00,0,0,0.0%,0.0,0.0,0,0.00,0.0,0,0,0.0,0,0,0.0,0,0.0,0,0.0,0,0.0,0,0.0,0,0.0,0,0.0,0,0.0,0,0.0,0,0.0,0.00,0.0,0,0,0
2316047016,通投-送出诚意-中秋礼盒-中秋送礼人群-官号-25.9.11-新笔记,暂停,审核通过,通投,直播间直接支付ROI,笔记（直播组件）,68bfe8e0000000001b034ec7,583691373460942ae8fc16bb,图文笔记,通投-赛马合集-中秋礼盒-中秋送礼人群-官号-25.9.11-新笔记,141163125,2025-09-11 18:02:51,0.00,0,0,0.0%,0.0,0.0,0,0.00,0.0,0,0,0.0,0,0,0.0,0,0.0,0,0.0,0,0.0,0,0.0,0,0.0,0,0.0,0,0.0,0,0.0,0,0.0,0.00,0.0,0,0,0
2316047015,通投-第一次带男友-中秋礼盒-中秋送礼人群-官号-25.9.11-新笔记,被计划暂停,审核通过,通投,直播间直接支付ROI,笔记（直播组件）,68b7bc22000000001b03ce54,583691373460942ae8fc16bb,视频笔记,通投-赛马合集-中秋礼盒-中秋送礼人群-官号-25.9.11-新笔记,141163125,2025-09-11 18:02:51,0.00,0,0,0.0%,0.0,0.0,0,0.00,0.0,0,0,0.0,0,0,0.0,0,0.0,0,0.0,0,0.0,0,0.0,0,0.0,0,0.0,0,0.0,0,0.0,0,0.0,0.00,0.0,0,0,0
2316047014,通投-创业人-中秋礼盒-中秋送礼人群-官号-25.9.11-新笔记,暂停,审核通过,通投,直播间直接支付ROI,笔记（直播组件）,68baa5cb000000001b023b5a,583691373460942ae8fc16bb,视频笔记,通投-赛马合集-中秋礼盒-中秋送礼人群-官号-25.9.11-新笔记,141163125,2025-09-11 18:02:51,0.00,0,0,0.0%,0.0,0.0,0,0.00,0.0,0,0,0.0,0,0,0.0,0,0.0,0,0.0,0,0.0,0,0.0,0,0.0,0,0.0,0,0.0,0,0.0,0,0.0,0.00,0.0,0,0,0
2316047013,通投-37岁跨国女老板-中秋礼盒-中秋送礼人群-官号-25.9.11-新笔记,暂停,审核通过,通投,直播间直接支付ROI,笔记（直播组件）,68b6c394000000001b03069c,583691373460942ae8fc16bb,视频笔记,通投-赛马合集-中秋礼盒-中秋送礼人群-官号-25.9.11-新笔记,141163125,2025-09-11 18:02:51,0.00,0,0,0.0%,0.0,0.0,0,0.00,0.0,0,0,0.0,0,0,0.0,0,0.0,0,0.0,0,0.0,0,0.0,0,0.0,0,0.0,0,0.0,0,0.0,0,0.0,0.00,0.0,0,0,0
2316047012,通投-中秋见家长-中秋礼盒-中秋送礼人群-官号-25.9.11-新笔记,被计划暂停,审核拒绝,通投,直播间直接支付ROI,笔记（直播组件）,68c15708000000001b03c3c0,583691373460942ae8fc16bb,图文笔记,通投-赛马合集-中秋礼盒-中秋送礼人群-官号-25.9.11-新笔记,141163125,2025-09-11 18:02:51,0.00,0,0,0.0%,0.0,0.0,0,0.00,0.0,0,0,0.0,0,0,0.0,0,0.0,0,0.0,0,0.0,0,0.0,0,0.0,0,0.0,0,0.0,0,0.0,0,0.0,0.00,0.0,0,0,0
2315262675,通投-孕期食-星光款-孕期滋补人群-日弘-25.9.11-优化测试,被计划暂停,审核通过,通投,直播间直接支付ROI,笔记（直播组件）,682fd26a0000000021005816,66f67e4c000000001d03127d,图文笔记,通投-孕期食-星光款-孕期滋补人群-日弘-25.9.11-优化测试,141164164,2025-09-11 16:37:39,0.00,0,0,0.0%,0.0,0.0,0,0.00,0.0,0,0,0.0,0,0,0.0,0,0.0,0,0.0,0,0.0,0,0.0,0,0.0,0,0.0,0,0.0,0,0.0,0,0.0,0.00,0.0,0,0,0
2315062208,通投-冤枉钱-合集款-孕期滋补人群-日弘-25.9.11-优化测试,被计划暂停,审核通过,通投,直播间直接支付ROI,笔记（直播组件）,684b88e4000000002100a26c,66f67e4c000000001d03127d,图文笔记,通投-冤枉钱-合集款-定向-孕期滋补人群-25.9.11-优化测试,141140782,2025-09-11 16:34:56,0.00,0,0,0.0%,0.0,0.0,0,0.00,0.0,0,0,0.0,0,0,0.0,0,0.0,0,0.0,0,0.0,0,0.0,0,0.0,0,0.0,0,0.0,0,0.0,0,0.0,0.00,0.0,0,0,0
2314934880,通投-小仙炖-合集款-孕期滋补人群-广告素材-25.9.11-历史优质,被计划暂停,审核通过,通投,直播间直接支付ROI,笔记（直播组件）,6811bf9f000000002202b1c4,583691373460942ae8fc16bb,图文笔记,通投-小仙炖-合集款-孕期滋补人群-广告素材-25.9.11-历史优质,141146070,2025-09-11 16:18:59,0.00,0,0,0.0%,0.0,0.0,0,0.00,0.0,0,0,0.0,0,0,0.0,0,0.0,0,0.0,0,0.0,0,0.0,0,0.0,0,0.0,0,0.0,0,0.0,0,0.0,0.00,0.0,0,0,0
2307459993,通投-送了这个-中秋礼盒-系统-日弘-25.9.10-新笔记,被计划暂停,审核通过,通投,直播间直接支付ROI,笔记（直播组件）,68a58c9f000000001b01d278,66f67e4c000000001d03127d,图文笔记,通投-送了这个-中秋礼盒-系统-日弘-25.9.10-新笔记,140862626,2025-09-10 21:16:00,0.00,0,0,0.0%,0.0,0.0,0,0.00,0.0,0,0,0.0,0,0,0.0,0,0.0,0,0.0,0,0.0,0,0.0,0,0.0,0,0.0,0,0.0,0,0.0,0,0.0,0.00,0.0,0,0,0
2307648577,通投-坚持打卡-青春款-系统-日弘-25.9.10-新笔记,被计划暂停,审核通过,通投,直播间直接支付ROI,笔记（直播组件）,68ba9d60000000001b01f8d6,66f67e4c000000001d03127d,图文笔记,通投-坚持打卡-青春款-系统-日弘-25.9.10-新笔记,140874174,2025-09-10 21:11:25,0.00,0,0,0.0%,0.0,0.0,0,0.00,0.0,0,0,0.0,0,0,0.0,0,0.0,0,0.0,0,0.0,0,0.0,0,0.0,0,0.0,0,0.0,0,0.0,0,0.0,0.00,0.0,0,0,0
2306520534,通投-深夜流逝-青春款-定向-日弘-25.9.10-优化测试,被计划暂停,审核通过,通投,直播间直接支付ROI,笔记（直播组件）,68abb7f7000000001b031b6d,66f67e4c000000001d03127d,图文笔记,通投-深夜流逝-青春款-定向-日弘-25.9.10-优化测试,140850359,2025-09-10 18:05:55,0.00,0,0,0.0%,0.0,0.0,0,0.00,0.0,0,0,0.0,0,0,0.0,0,0.0,0,0.0,0,0.0,0,0.0,0,0.0,0,0.0,0,0.0,0,0.0,0,0.0,0.00,0.0,0,0,0
2306435839,通投-异地回家-中秋礼盒-系统-日弘-25.9.10-新笔记,被计划暂停,审核通过,通投,直播间直接支付ROI,笔记（直播组件）,68c121e2000000001c03375e,66f67e4c000000001d03127d,图文笔记,通投-异地回家-中秋礼盒-系统-日弘-25.9.10-新笔记,140833279,2025-09-10 18:03:27,0.00,0,0,0.0%,0.0,0.0,0,0.00,0.0,0,0,0.0,0,0,0.0,0,0.0,0,0.0,0,0.0,0,0.0,0,0.0,0,0.0,0,0.0,0,0.0,0,0.0,0.00,0.0,0,0,0
2298339847,通投-孕期各-合集款-定向-日弘-25.9.9-优化测试,被计划暂停,不满足审核条件,通投,直播间直接支付ROI,笔记（直播组件）,6826e9ea000000002102d1e1,66f67e4c000000001d03127d,图文笔记,通投-孕期各-合集款-定向-日弘-25.9.9-优化测试,140549186,2025-09-09 21:06:29,0.00,0,0,0.0%,0.0,0.0,0,0.00,0.0,0,0,0.0,0,0,0.0,0,0.0,0,0.0,0,0.0,0,0.0,0,0.0,0,0.0,0,0.0,0,0.0,0,0.0,0.00,0.0,0,0,0
2298279999,通投-饱满肌-青春款-定向-日弘-25.9.9-优化测试,被计划暂停,审核通过,通投,直播间直接支付ROI,笔记（直播组件）,686f734e000000002400bf48,66f67e4c000000001d03127d,图文笔记,通投-饱满肌-青春款-定向-日弘-25.9.9-优化测试,140549169,2025-09-09 21:05:19,0.00,0,0,0.0%,0.0,0.0,0,0.00,0.0,0,0,0.0,0,0,0.0,0,0.0,0,0.0,0,0.0,0,0.0,0,0.0,0,0.0,0,0.0,0,0.0,0,0.0,0.00,0.0,0,0,0
2298522279,通投-更走心-中秋礼盒-定向-日弘-25.9.9-优化测试,被计划暂停,审核通过,通投,直播间直接支付ROI,笔记（直播组件）,68a593ff000000001c0048ae,66f67e4c000000001d03127d,图文笔记,通投-更走心-中秋礼盒-定向-日弘-25.9.9-优化测试,140560081,2025-09-09 21:00:44,0.00,0,0,0.0%,0.0,0.0,0,0.00,0.0,0,0,0.0,0,0,0.0,0,0.0,0,0.0,0,0.0,0,0.0,0,0.0,0,0.0,0,0.0,0,0.0,0,0.0,0.00,0.0,0,0,0
2298384285,通投-补攻略-合集款-定向-日弘-25.9.9-优化测试,被计划暂停,审核通过,通投,直播间直接支付ROI,笔记（直播组件）,684a6f370000000022006593,66f67e4c000000001d03127d,图文笔记,通投-补攻略-合集款-定向-日弘-25.9.9-优化测试,140548970,2025-09-09 20:52:05,0.00,0,0,0.0%,0.0,0.0,0,0.00,0.0,0,0,0.0,0,0,0.0,0,0.0,0,0.0,0,0.0,0,0.0,0,0.0,0,0.0,0,0.0,0,0.0,0,0.0,0.00,0.0,0,0,0
2295527003,通投-窝开始-合集款-系统-日弘-25.9.9-优化测试,被计划暂停,审核通过,通投,直播间直接支付ROI,笔记（直播组件）,681d9ed20000000021019587,66f67e4c000000001d03127d,图文笔记,通投-窝开始-合集款-系统-日弘-25.9.9-优化测试,140453694,2025-09-09 13:52:52,0.00,0,0,0.0%,0.0,0.0,0,0.00,0.0,0,0,0.0,0,0,0.0,0,0.0,0,0.0,0,0.0,0,0.0,0,0.0,0,0.0,0,0.0,0,0.0,0,0.0,0.00,0.0,0,0,0
2285408545,通投-疲态脸-青春款-托管-日弘-25.9.8-优化测试,被计划暂停,审核拒绝,通投,直播间直接支付ROI,笔记（直播组件）,67c11c9f00000000290125ca,66f67e4c000000001d03127d,图文笔记,通投-疲态脸-青春款-托管-日弘-25.9.8-优化测试,140125817,2025-09-08 11:46:12,0.00,0,0,0.0%,0.0,0.0,0,0.00,0.0,0,0,0.0,0,0,0.0,0,0.0,0,0.0,0,0.0,0,0.0,0,0.0,0,0.0,0,0.0,0,0.0,0,0.0,0.00,0.0,0,0,0
2285502712,通投-高端局-合集款-定向-日弘-25.9.8-优化测试,被计划暂停,审核通过,通投,直播间直接支付ROI,笔记（直播组件）,6811bc0e000000002100d0ef,66f67e4c000000001d03127d,图文笔记,通投-高端局-合集款-定向-日弘-25.9.8-优化测试,140107940,2025-09-08 11:42:30,0.00,0,0,0.0%,0.0,0.0,0,0.00,0.0,0,0,0.0,0,0,0.0,0,0.0,0,0.0,0,0.0,0,0.0,0,0.0,0,0.0,0,0.0,0,0.0,0,0.0,0.00,0.0,0,0,0
2285285580,通投-锁鲜滋补-星光款-熟龄抗衰人群-日弘-25.9.9-优化测试,被计划暂停,审核通过,通投,直播间直接支付ROI,笔记（直播组件）,68a2d566000000001c011ba1,66f67e4c000000001d03127d,图文笔记,通投-锁鲜滋补-星光款-熟龄抗衰人群-日弘-25.9.9-优化测试,140131001,2025-09-08 11:39:45,0.00,0,0,0.0%,0.0,0.0,0,0.00,0.0,0,0,0.0,0,0,0.0,0,0.0,0,0.0,0,0.0,0,0.0,0,0.0,0,0.0,0,0.0,0,0.0,0,0.0,0.00,0.0,0,0,0
2285343140,通投-白花钱-合集款-定向-日弘-25.9.8-优化测试,被计划暂停,审核通过,通投,直播间直接支付ROI,笔记（直播组件）,685e1679000000002203e622,66f67e4c000000001d03127d,图文笔记,通投-白花钱-合集款-定向-日弘-25.9.8-优化测试,140132046,2025-09-08 11:38:34,0.00,0,0,0.0%,0.0,0.0,0,0.00,0.0,0,0,0.0,0,0,0.0,0,0.0,0,0.0,0,0.0,0,0.0,0,0.0,0,0.0,0,0.0,0,0.0,0,0.0,0.00,0.0,0,0,0
2264412642,通投-坚持打卡-青春款-定向-日弘-25.9.5-新笔记,被计划暂停,审核通过,通投,直播间直接支付ROI,笔记（直播组件）,68ba9d60000000001b01f8d6,66f67e4c000000001d03127d,图文笔记,通投-坚持打卡-青春款-定向-日弘-25.9.5-新笔记,139526946,2025-09-05 18:23:03,0.00,0,0,0.0%,0.0,0.0,0,0.00,0.0,0,0,0.0,0,0,0.0,0,0.0,0,0.0,0,0.0,0,0.0,0,0.0,0,0.0,0,0.0,0,0.0,0,0.0,0.00,0.0,0,0,0
2263433551,通投-体面又走心-中秋礼盒-定向-日弘-25.9.5-新笔记,暂停,审核通过,通投,直播间直接支付ROI,笔记（直播组件）,68ba9a6e000000001b03fe04,66f67e4c000000001d03127d,图文笔记,通投-体面又走心-中秋礼盒-定向-日弘-25.9.5-新笔记,139471540,2025-09-05 16:18:22,0.00,0,0,0.0%,0.0,0.0,0,0.00,0.0,0,0,0.0,0,0,0.0,0,0.0,0,0.0,0,0.0,0,0.0,0,0.0,0,0.0,0,0.0,0,0.0,0,0.0,0.00,0.0,0,0,0
2263171275,通投-经验之谈-星光款-定向-日弘-25.9.5-新笔记,被计划暂停,审核通过,通投,直播间直接支付ROI,笔记（直播组件）,68ba8803000000001b032054,66f67e4c000000001d03127d,图文笔记,通投-经验之谈-星光款-定向-日弘-25.9.5-新笔记,139482295,2025-09-05 16:00:59,0.00,0,0,0.0%,0.0,0.0,0,0.00,0.0,0,0,0.0,0,0,0.0,0,0.0,0,0.0,0,0.0,0,0.0,0,0.0,0,0.0,0,0.0,0,0.0,0,0.0,0.00,0.0,0,0,0
2260479819,通投-亲身经验-合集款-孕期滋补人群-日弘-25.9.5-新笔记,被计划暂停,审核通过,通投,直播间直接支付ROI,笔记（直播组件）,68afeec0000000001b0300fd,66f67e4c000000001d03127d,图文笔记,通投-亲身经验-合集款-孕期滋补人群-日弘-25.9.5-新笔记,139407886,2025-09-05 10:00:03,0.00,0,0,0.0%,0.0,0.0,0,0.00,0.0,0,0,0.0,0,0,0.0,0,0.0,0,0.0,0,0.0,0,0.0,0,0.0,0,0.0,0,0.0,0,0.0,0,0.0,0.00,0.0,0,0,0
2260569746,通投-纠结的-合集款-熟龄抗衰人群-日弘-25.9.5-新笔记-优化测试,被计划暂停,审核通过,通投,直播间直接支付ROI,笔记（直播组件）,686724b90000000020018ee2,66f67e4c000000001d03127d,图文笔记,通投-纠结的-合集款-熟龄抗衰人群-日弘-25.9.5-新笔记-优化测试,139401729,2025-09-05 09:50:02,0.00,0,0,0.0%,0.0,0.0,0,0.00,0.0,0,0,0.0,0,0,0.0,0,0.0,0,0.0,0,0.0,0,0.0,0,0.0,0,0.0,0,0.0,0,0.0,0,0.0,0.00,0.0,0,0,0
2236668258,通投-张柏芝-星光款-孕期滋补人群-日弘-25.9.2-优化测试,被计划暂停,审核拒绝,通投,直播间直接支付ROI,笔记（直播组件）,6837afff000000002100ce9e,66f67e4c000000001d03127d,图文笔记,通投-张柏芝-星光款-孕期滋补人群-日弘-25.9.2-优化测试,138648710,2025-09-02 16:08:13,0.00,0,0,0.0%,0.0,0.0,0,0.00,0.0,0,0,0.0,0,0,0.0,0,0.0,0,0.0,0,0.0,0,0.0,0,0.0,0,0.0,0,0.0,0,0.0,0,0.0,0.00,0.0,0,0,0
2226845544,通投-小白选-合集款-系统-日弘-25.9.1-历史优质,被计划暂停,审核通过,通投,直播间直接支付ROI,笔记（直播组件）,6800c0fe0000000007035cf4,583691373460942ae8fc16bb,图文笔记,通投-小白选-合集款-系统-日弘-25.9.1-历史优质,138372421,2025-09-01 13:58:32,0.00,0,0,0.0%,0.0,0.0,0,0.00,0.0,0,0,0.0,0,0,0.0,0,0.0,0,0.0,0,0.0,0,0.0,0,0.0,0,0.0,0,0.0,0,0.0,0,0.0,0.00,0.0,0,0,0
2212663250,通投-二胎妈妈经验-合集款-系统-官号-25.8.30-新笔记,被计划暂停,审核通过,通投,直播间直接支付ROI,笔记（直播组件）,68478d15000000002102e0a5,583691373460942ae8fc16bb,图文笔记,通投-二胎妈妈经验-合集款-系统-官号-25.8.30-新笔记,138082715,2025-08-30 22:26:07,0.00,0,0,0.0%,0.0,0.0,0,0.00,0.0,0,0,0.0,0,0,0.0,0,0.0,0,0.0,0,0.0,0,0.0,0,0.0,0,0.0,0,0.0,0,0.0,0,0.0,0.00,0.0,0,0,0
2201287716,通投-懂行的-合集款-定向-日弘-25.8.29-历史优质,被计划暂停,审核通过,通投,直播间直接支付ROI,笔记（直播组件）,66d7c90e000000001f03eb73,583691373460942ae8fc16bb,图文笔记,通投-懂行的-合集款-定向-日弘-25.8.29-历史优质,137895948,2025-08-29 17:59:32,0.00,0,0,0.0%,0.0,0.0,0,0.00,0.0,0,0,0.0,0,0,0.0,0,0.0,0,0.0,0,0.0,0,0.0,0,0.0,0,0.0,0,0.0,0,0.0,0,0.0,0.00,0.0,0,0,0
2200956561,通投-才安心-星光款-定向-日弘-25.8.29-新笔记,被计划暂停,审核通过,通投,直播间直接支付ROI,笔记（直播组件）,68b01c55000000001c004812,66f67e4c000000001d03127d,图文笔记,通投-才安心-星光款-定向-日弘-25.8.29-新笔记,137888722,2025-08-29 17:30:36,0.00,0,0,0.0%,0.0,0.0,0,0.00,0.0,0,0,0.0,0,0,0.0,0,0.0,0,0.0,0,0.0,0,0.0,0,0.0,0,0.0,0,0.0,0,0.0,0,0.0,0.00,0.0,0,0,0
2200954978,通投-黄黑皮逆袭-青春款-定向-日弘-25.8.29-新笔记,被计划暂停,审核通过,通投,直播间直接支付ROI,笔记（直播组件）,68affcbf000000001b03232b,66f67e4c000000001d03127d,图文笔记,通投-黄黑皮逆袭-青春款-定向-日弘-25.8.29-新笔记,137876877,2025-08-29 17:28:52,0.00,0,0,0.0%,0.0,0.0,0,0.00,0.0,0,0,0.0,0,0,0.0,0,0.0,0,0.0,0,0.0,0,0.0,0,0.0,0,0.0,0,0.0,0,0.0,0,0.0,0.00,0.0,0,0,0
2190307248,通投-来帮你-合集款-定向-日弘-25.8.28-新笔记-优化测试,被计划暂停,审核通过,通投,直播间直接支付ROI,笔记（直播组件）,68a2e439000000001b021e9a,66f67e4c000000001d03127d,图文笔记,通投-来帮你-合集款-定向-日弘-25.8.28-新笔记-优化测试,137608230,2025-08-28 15:06:50,0.00,0,0,0.0%,0.0,0.0,0,0.00,0.0,0,0,0.0,0,0,0.0,0,0.0,0,0.0,0,0.0,0,0.0,0,0.0,0,0.0,0,0.0,0,0.0,0,0.0,0.00,0.0,0,0,0
2190424668,通投-跟着张-青春款-定向-日弘-25.8.28-优化测试,被计划暂停,审核通过,通投,直播间直接支付ROI,笔记（直播组件）,6848e943000000002102e0b6,583691373460942ae8fc16bb,图文笔记,通投-跟着张-青春款-定向-日弘-25.8.28-优化测试,137608173,2025-08-28 15:05:14,0.00,0,0,0.0%,0.0,0.0,0,0.00,0.0,0,0,0.0,0,0,0.0,0,0.0,0,0.0,0,0.0,0,0.0,0,0.0,0,0.0,0,0.0,0,0.0,0,0.0,0.00,0.0,0,0,0
2190360464,通投-亲身经验-合集款-定向-日弘-25.8.28-新笔记,被计划暂停,审核通过,通投,直播间直接支付ROI,笔记（直播组件）,68afeec0000000001b0300fd,66f67e4c000000001d03127d,图文笔记,通投-亲身经验-合集款-定向-日弘-25.8.28-新笔记,137608073,2025-08-28 15:02:29,0.00,0,0,0.0%,0.0,0.0,0,0.00,0.0,0,0,0.0,0,0,0.0,0,0.0,0,0.0,0,0.0,0,0.0,0,0.0,0,0.0,0,0.0,0,0.0,0,0.0,0.00,0.0,0,0,0
2190286322,通投-营养焦虑-星光款-系统-日弘-25.8.28-优化测试,被计划暂停,审核通过,通投,直播间直接支付ROI,笔记（直播组件）,6883481f000000002201ed35,66f67e4c000000001d03127d,图文笔记,通投-营养焦虑-星光款-系统-日弘-25.8.28-优化测试,137591070,2025-08-28 14:51:09,0.00,0,0,0.0%,0.0,0.0,0,0.00,0.0,0,0,0.0,0,0,0.0,0,0.0,0,0.0,0,0.0,0,0.0,0,0.0,0,0.0,0,0.0,0,0.0,0,0.0,0.00,0.0,0,0,0
2183856658,通投-见家长-中秋礼盒-定向-官号-25.8.27-新笔记,被计划暂停,审核通过,通投,直播间直接支付ROI,笔记（直播组件）,68ad46e5000000001c00e807,583691373460942ae8fc16bb,视频笔记,通投-见家长-中秋礼盒-定向-官号-25.8.27-新笔记,137453533,2025-08-27 22:00:25,0.00,0,0,0.0%,0.0,0.0,0,0.00,0.0,0,0,0.0,0,0,0.0,0,0.0,0,0.0,0,0.0,0,0.0,0,0.0,0,0.0,0,0.0,0,0.0,0,0.0,0.00,0.0,0,0,0
2182110988,通投-张柏芝-星光款-定向-日弘-25.8.27-优化测试,被计划暂停,审核拒绝,通投,直播间直接支付ROI,笔记（直播组件）,6837afff000000002100ce9e,66f67e4c000000001d03127d,图文笔记,通投-张柏芝-星光款-定向-日弘-25.8.27-优化测试,137432460,2025-08-27 18:04:29,0.00,0,0,0.0%,0.0,0.0,0,0.00,0.0,0,0,0.0,0,0,0.0,0,0.0,0,0.0,0,0.0,0,0.0,0,0.0,0,0.0,0,0.0,0,0.0,0,0.0,0.00,0.0,0,0,0
2182203608,通投-孕期食-星光款-定向-日弘-25.8.27-优化测试,被计划暂停,审核通过,通投,直播间直接支付ROI,笔记（直播组件）,682fd26a0000000021005816,66f67e4c000000001d03127d,图文笔记,通投-孕期食-星光款-定向-日弘-25.8.27-优化测试,137416486,2025-08-27 18:02:35,0.00,0,0,0.0%,0.0,0.0,0,0.00,0.0,0,0,0.0,0,0,0.0,0,0.0,0,0.0,0,0.0,0,0.0,0,0.0,0,0.0,0,0.0,0,0.0,0,0.0,0.00,0.0,0,0,0
2182101771,通投-服曝光-青春款-定向-广告素材-25.8.27-优化测试,被计划暂停,审核通过,通投,直播间直接支付ROI,笔记（直播组件）,6801aea3000000000f0338b1,583691373460942ae8fc16bb,图文笔记,通投-服曝光-青春款-定向-广告素材-25.8.27-优化测试,137406860,2025-08-27 18:01:06,0.00,0,0,0.0%,0.0,0.0,0,0.00,0.0,0,0,0.0,0,0,0.0,0,0.0,0,0.0,0,0.0,0,0.0,0,0.0,0,0.0,0,0.0,0,0.0,0,0.0,0.00,0.0,0,0,0
2181796267,通投-抗衰绝-星光款-熟龄抗衰人群-抖音-25.8.27-历史优质,被计划暂停,审核拒绝,通投,直播间直接支付ROI,笔记（直播组件）,686f876e000000000b01edb9,66f67e4c000000001d03127d,视频笔记,通投-抗衰绝-星光款-熟龄抗衰人群-日弘-25.8.27-历史优质,137399227,2025-08-27 17:08:15,0.00,0,0,0.0%,0.0,0.0,0,0.00,0.0,0,0,0.0,0,0,0.0,0,0.0,0,0.0,0,0.0,0,0.0,0,0.0,0,0.0,0,0.0,0,0.0,0,0.0,0.00,0.0,0,0,0
2170646220,通投-谁还交-青春款-熟龄抗衰人群-日弘-25.8.26-历史优质,被计划暂停,审核通过,通投,直播间直接支付ROI,笔记（直播组件）,6748473c000000000202af9e,583691373460942ae8fc16bb,视频笔记,通投-谁还交-青春款-熟龄抗衰人群-日弘-25.8.26-历史优质,137064964,2025-08-26 11:17:58,0.00,0,0,0.0%,0.0,0.0,0,0.00,0.0,0,0,0.0,0,0,0.0,0,0.0,0,0.0,0,0.0,0,0.0,0,0.0,0,0.0,0,0.0,0,0.0,0,0.0,0.00,0.0,0,0,0
2170641603,通投-内调外-星光款-系统-日弘-25.8.26-优化测试,被计划暂停,审核通过,通投,直播间直接支付ROI,笔记（直播组件）,68428148000000002100013c,66f67e4c000000001d03127d,图文笔记,通投-内调外-星光款-系统-日弘-25.8.26-优化测试,137075204,2025-08-26 11:13:22,0.00,0,0,0.0%,0.0,0.0,0,0.00,0.0,0,0,0.0,0,0,0.0,0,0.0,0,0.0,0,0.0,0,0.0,0,0.0,0,0.0,0,0.0,0,0.0,0,0.0,0.00,0.0,0,0,0
2170639138,通投-坦白局-星光款-系统-日弘-25.8.26-新笔记,被计划暂停,审核通过,通投,直播间直接支付ROI,笔记（直播组件）,686780950000000024009889,66f67e4c000000001d03127d,图文笔记,通投-坦白局-星光款-系统-日弘-25.8.26-新笔记,137079343,2025-08-26 11:11:23,0.00,0,0,0.0%,0.0,0.0,0,0.00,0.0,0,0,0.0,0,0,0.0,0,0.0,0,0.0,0,0.0,0,0.0,0,0.0,0,0.0,0,0.0,0,0.0,0,0.0,0.00,0.0,0,0,0
2170635389,通投-一物补两人-星光款-孕期滋补人群-官号-25.8.26-新笔记,被计划暂停,审核通过,通投,直播间直接支付ROI,笔记（直播组件）,689058310000000023035fe8,583691373460942ae8fc16bb,视频笔记,通投-一物补两人-星光款-孕期滋补人群-官号-25.8.26-新笔记,137079126,2025-08-26 11:08:28,0.00,0,0,0.0%,0.0,0.0,0,0.00,0.0,0,0,0.0,0,0,0.0,0,0.0,0,0.0,0,0.0,0,0.0,0,0.0,0,0.0,0,0.0,0,0.0,0,0.0,0.00,0.0,0,0,0
2170673510,通投-漂亮感-合集款-系统-日弘-25.8.26-新笔记,被计划暂停,审核通过,通投,直播间直接支付ROI,笔记（直播组件）,6895b7290000000023039ded,66f67e4c000000001d03127d,图文笔记,通投-漂亮感-合集款-系统-日弘-25.8.26-新笔记,137058729,2025-08-26 11:04:53,0.00,0,0,0.0%,0.0,0.0,0,0.00,0.0,0,0,0.0,0,0,0.0,0,0.0,0,0.0,0,0.0,0,0.0,0,0.0,0,0.0,0,0.0,0,0.0,0,0.0,0.00,0.0,0,0,0
2170609062,通投-二胎妈妈经验-合集款-系统-官号-25.8.26-新笔记-优质扩建,被计划暂停,审核通过,通投,直播间直接支付ROI,笔记（直播组件）,68478d15000000002102e0a5,583691373460942ae8fc16bb,图文笔记,通投-二胎妈妈经验-合集款-系统-官号-25.8.26-新笔记-优质扩建,137052799,2025-08-26 10:50:49,0.00,0,0,0.0%,0.0,0.0,0,0.00,0.0,0,0,0.0,0,0,0.0,0,0.0,0,0.0,0,0.0,0,0.0,0,0.0,0,0.0,0,0.0,0,0.0,0,0.0,0.00,0.0,0,0,0
2166144678,通投-燕窝也-合集款-系统-日弘-25.8.25-历史优质,被计划暂停,审核通过,通投,直播间直接支付ROI,笔记（直播组件）,672d88bf000000001d0385de,583691373460942ae8fc16bb,图文笔记,通投-燕窝也-合集款-系统-日弘-25.8.25-历史优质,136996405,2025-08-25 22:20:29,0.00,0,0,0.0%,0.0,0.0,0,0.00,0.0,0,0,0.0,0,0,0.0,0,0.0,0,0.0,0,0.0,0,0.0,0,0.0,0,0.0,0,0.0,0,0.0,0,0.0,0.00,0.0,0,0,0
2165500857,通投-窝开始-合集款-定向-日弘-25.8.25-优化测试,被计划暂停,审核通过,通投,直播间直接支付ROI,笔记（直播组件）,681d9ed20000000021019587,66f67e4c000000001d03127d,图文笔记,通投-窝开始-合集款-定向-日弘-25.8.25-优化测试,136994534,2025-08-25 20:29:31,0.00,0,0,0.0%,0.0,0.0,0,0.00,0.0,0,0,0.0,0,0,0.0,0,0.0,0,0.0,0,0.0,0,0.0,0,0.0,0,0.0,0,0.0,0,0.0,0,0.0,0.00,0.0,0,0,0
2165298897,通投-冤枉钱-合集款-定向-日弘-25.8.25-优化测试,被计划暂停,审核通过,通投,直播间直接支付ROI,笔记（直播组件）,684b88e4000000002100a26c,66f67e4c000000001d03127d,图文笔记,通投-冤枉钱-合集款-定向-日弘-25.8.25-优化测试,136989684,2025-08-25 20:27:30,0.00,0,0,0.0%,0.0,0.0,0,0.00,0.0,0,0,0.0,0,0,0.0,0,0.0,0,0.0,0,0.0,0,0.0,0,0.0,0,0.0,0,0.0,0,0.0,0,0.0,0.00,0.0,0,0,0
2165388183,通投-鲜炖燕-星光款-定向-日弘-25.8.25-优化测试,被计划暂停,审核拒绝,通投,直播间直接支付ROI,笔记（直播组件）,66fa1517000000002c02dd22,583691373460942ae8fc16bb,图文笔记,通投-鲜炖燕-星光款-定向-日弘-25.8.25-优化测试,136978379,2025-08-25 20:18:51,0.00,0,0,0.0%,0.0,0.0,0,0.00,0.0,0,0,0.0,0,0,0.0,0,0.0,0,0.0,0,0.0,0,0.0,0,0.0,0,0.0,0,0.0,0,0.0,0,0.0,0.00,0.0,0,0,0
2165158509,通投-营养焦虑-星光款-定向-日弘-25.8.25-优化测试,被计划暂停,审核通过,通投,直播间直接支付ROI,笔记（直播组件）,6883481f000000002201ed35,66f67e4c000000001d03127d,图文笔记,通投-营养焦虑-星光款-定向-日弘-25.8.25-优化测试,136971693,2025-08-25 19:45:53,0.00,0,0,0.0%,0.0,0.0,0,0.00,0.0,0,0,0.0,0,0,0.0,0,0.0,0,0.0,0,0.0,0,0.0,0,0.0,0,0.0,0,0.0,0,0.0,0,0.0,0.00,0.0,0,0,0
2163848414,通投-中秋商务-中秋礼盒-定向-日弘-25.8.25-新笔记,暂停,审核通过,通投,直播间直接支付ROI,笔记（直播组件）,68abfbef000000001c00e5d2,66f67e4c000000001d03127d,图文笔记,通投-中秋商务-中秋礼盒-定向-日弘-25.8.25-新笔记,136936260,2025-08-25 17:54:09,0.00,0,0,0.0%,0.0,0.0,0,0.00,0.0,0,0,0.0,0,0,0.0,0,0.0,0,0.0,0,0.0,0,0.0,0,0.0,0,0.0,0,0.0,0,0.0,0,0.0,0.00,0.0,0,0,0
2164010145,通投-深夜流逝-青春款-定向-日弘-25.8.25-新笔记,被计划暂停,审核通过,通投,直播间直接支付ROI,笔记（直播组件）,68abb7f7000000001b031b6d,66f67e4c000000001d03127d,图文笔记,通投-深夜流逝-青春款-定向-日弘-25.8.25-新笔记,136927201,2025-08-25 17:51:35,0.00,0,0,0.0%,0.0,0.0,0,0.00,0.0,0,0,0.0,0,0,0.0,0,0.0,0,0.0,0,0.0,0,0.0,0,0.0,0,0.0,0,0.0,0,0.0,0,0.0,0.00,0.0,0,0,0
2164007571,通投-吃对才养-合集款-定向-日弘-25.8.25-新笔记,被计划暂停,审核通过,通投,直播间直接支付ROI,笔记（直播组件）,68abb31c000000001c010bed,66f67e4c000000001d03127d,图文笔记,通投-吃对才养-合集款-定向-日弘-25.8.25-新笔记,136952241,2025-08-25 17:49:24,0.00,0,0,0.0%,0.0,0.0,0,0.00,0.0,0,0,0.0,0,0,0.0,0,0.0,0,0.0,0,0.0,0,0.0,0,0.0,0,0.0,0,0.0,0,0.0,0,0.0,0.00,0.0,0,0,0
2163696287,通投-明星产后-星光款-定向-抖音-25.8.25-优化测试,被计划暂停,审核通过,通投,直播间直接支付ROI,笔记（直播组件）,6881e823000000001c030384,66f67e4c000000001d03127d,视频笔记,通投-明星产后-星光款-定向-抖音-25.8.25-优化测试,136930850,2025-08-25 17:37:53,0.00,0,0,0.0%,0.0,0.0,0,0.00,0.0,0,0,0.0,0,0,0.0,0,0.0,0,0.0,0,0.0,0,0.0,0,0.0,0,0.0,0,0.0,0,0.0,0,0.0,0.00,0.0,0,0,0
2136569697,通投-高端变美局-合集款-官号-日弘-25.8.22,被计划暂停,审核通过,通投,直播间直接支付ROI,笔记（直播组件）,686504c60000000023004de3,583691373460942ae8fc16bb,图文笔记,通投-高端变美局-合集款-官号-日弘-25.8.22,136381662,2025-08-22 17:31:45,0.00,0,0,0.0%,0.0,0.0,0,0.00,0.0,0,0,0.0,0,0,0.0,0,0.0,0,0.0,0,0.0,0,0.0,0,0.0,0,0.0,0,0.0,0,0.0,0,0.0,0.00,0.0,0,0,0
2134511611,通投-更走心-中秋礼盒-定向-日弘-25.8.22-新笔记,被计划暂停,审核通过,通投,直播间直接支付ROI,笔记（直播组件）,68a593ff000000001c0048ae,66f67e4c000000001d03127d,图文笔记,通投-更走心-中秋礼盒-定向-日弘-25.8.22-新笔记,136316107,2025-08-22 11:52:25,0.00,0,0,0.0%,0.0,0.0,0,0.00,0.0,0,0,0.0,0,0,0.0,0,0.0,0,0.0,0,0.0,0,0.0,0,0.0,0,0.0,0,0.0,0,0.0,0,0.0,0.00,0.0,0,0,0
2134398757,通投-送了这个-中秋礼盒-定向-日弘-25.8.22-新笔记,被计划暂停,审核通过,通投,直播间直接支付ROI,笔记（直播组件）,68a58c9f000000001b01d278,66f67e4c000000001d03127d,图文笔记,通投-送了这个-中秋礼盒-定向-日弘-25.8.22-新笔记,136301820,2025-08-22 11:51:15,0.00,0,0,0.0%,0.0,0.0,0,0.00,0.0,0,0,0.0,0,0,0.0,0,0.0,0,0.0,0,0.0,0,0.0,0,0.0,0,0.0,0,0.0,0,0.0,0,0.0,0.00,0.0,0,0,0
2134448972,通投-不走弯路-星光款-定向-日弘-25.8.22-优化测试,被计划暂停,审核通过,通投,直播间直接支付ROI,笔记（直播组件）,68946a9b000000002303953c,66f67e4c000000001d03127d,图文笔记,通投-不走弯路-星光款-定向-日弘-25.8.22-优化测试,136306632,2025-08-22 11:48:40,0.00,0,0,0.0%,0.0,0.0,0,0.00,0.0,0,0,0.0,0,0,0.0,0,0.0,0,0.0,0,0.0,0,0.0,0,0.0,0,0.0,0,0.0,0,0.0,0,0.0,0.00,0.0,0,0,0
2134010051,通投-抗衰绝-星光款-定向-抖音-25.8.22-历史优质,被计划暂停,审核拒绝,通投,直播间直接支付ROI,笔记（直播组件）,686f876e000000000b01edb9,66f67e4c000000001d03127d,视频笔记,通投-抗衰绝-星光款-定向-日弘-25.8.22-历史优质,136300064,2025-08-22 11:09:00,0.00,0,0,0.0%,0.0,0.0,0,0.00,0.0,0,0,0.0,0,0,0.0,0,0.0,0,0.0,0,0.0,0,0.0,0,0.0,0,0.0,0,0.0,0,0.0,0,0.0,0.00,0.0,0,0,0
2123932487,通投-高端滋补-青春款-定向-日弘-25.8.21-优化测试,被计划暂停,审核通过,通投,直播间直接支付ROI,笔记（直播组件）,687a11dd0000000023006a4d,66f67e4c000000001d03127d,图文笔记,通投-高端滋补-青春款-定向-日弘-25.8.21-优化测试,136088037,2025-08-21 10:34:55,0.00,0,0,0.0%,0.0,0.0,0,0.00,0.0,0,0,0.0,0,0,0.0,0,0.0,0,0.0,0,0.0,0,0.0,0,0.0,0,0.0,0,0.0,0,0.0,0,0.0,0.00,0.0,0,0,0
2118725231,通投-徐番番-星光款-定向-达人-25.8.20-新笔记,被计划暂停,审核通过,通投,直播间直接支付ROI,笔记（直播组件）,68958aa30000000023024963,58c7b1e77fc5b80eb2545004,视频笔记,通投-徐番番-星光款-定向-达人-25.8.20-新笔记,135983111,2025-08-20 20:13:16,0.00,0,0,0.0%,0.0,0.0,0,0.00,0.0,0,0,0.0,0,0,0.0,0,0.0,0,0.0,0,0.0,0,0.0,0,0.0,0,0.0,0,0.0,0,0.0,0,0.0,0.00,0.0,0,0,0
2098785220,通投-来帮你-合集款-定向-日弘-25.8.18-新笔记,被计划暂停,审核通过,通投,直播间直接支付ROI,笔记（直播组件）,68a2e439000000001b021e9a,66f67e4c000000001d03127d,图文笔记,通投-来帮你-合集款-定向-日弘-25.8.18-新笔记,135542256,2025-08-18 17:55:07,0.00,0,0,0.0%,0.0,0.0,0,0.00,0.0,0,0,0.0,0,0,0.0,0,0.0,0,0.0,0,0.0,0,0.0,0,0.0,0,0.0,0,0.0,0,0.0,0,0.0,0.00,0.0,0,0,0
2098672452,通投-来帮你-合集款-孕期滋补人群-日弘-25.8.18-新笔记,被计划暂停,审核通过,通投,直播间直接支付ROI,笔记（直播组件）,68a2e439000000001b021e9a,66f67e4c000000001d03127d,图文笔记,通投-来帮你-合集款-孕期滋补人群-日弘-25.8.18-新笔记,135542198,2025-08-18 17:54:37,0.00,0,0,0.0%,0.0,0.0,0,0.00,0.0,0,0,0.0,0,0,0.0,0,0.0,0,0.0,0,0.0,0,0.0,0,0.0,0,0.0,0,0.0,0,0.0,0,0.0,0.00,0.0,0,0,0
2098782756,通投-锁鲜滋补-星光款-定向-日弘-25.8.18-新笔记,被计划暂停,审核通过,通投,直播间直接支付ROI,笔记（直播组件）,68a2d566000000001c011ba1,66f67e4c000000001d03127d,图文笔记,通投-锁鲜滋补-星光款-定向-日弘-25.8.18-新笔记,135516965,2025-08-18 17:53:23,0.00,0,0,0.0%,0.0,0.0,0,0.00,0.0,0,0,0.0,0,0,0.0,0,0.0,0,0.0,0,0.0,0,0.0,0,0.0,0,0.0,0,0.0,0,0.0,0,0.0,0.00,0.0,0,0,0
2098668827,通投-锁鲜滋补-星光款-熟龄抗衰人群-日弘-25.8.18-新笔记,被计划暂停,审核通过,通投,直播间直接支付ROI,笔记（直播组件）,68a2d566000000001c011ba1,66f67e4c000000001d03127d,图文笔记,通投-锁鲜滋补-星光款-熟龄抗衰人群-日弘-25.8.18-新笔记,135521781,2025-08-18 17:52:21,0.00,0,0,0.0%,0.0,0.0,0,0.00,0.0,0,0,0.0,0,0,0.0,0,0.0,0,0.0,0,0.0,0,0.0,0,0.0,0,0.0,0,0.0,0,0.0,0,0.0,0.00,0.0,0,0,0
2097693282,通投-徐番番-星光款-孕期滋补人群-达人-25.8.18-新笔记,被计划暂停,审核通过,通投,直播间直接支付ROI,笔记（直播组件）,68958aa30000000023024963,58c7b1e77fc5b80eb2545004,视频笔记,通投-徐番番-星光款-孕期滋补人群-达人-25.8.18-新笔记,135507727,2025-08-18 16:40:51,0.00,0,0,0.0%,0.0,0.0,0,0.00,0.0,0,0,0.0,0,0,0.0,0,0.0,0,0.0,0,0.0,0,0.0,0,0.0,0,0.0,0,0.0,0,0.0,0,0.0,0.00,0.0,0,0,0
2096047329,通投-跟风买-合集款-定向-日弘-25.8.18-优化测试,被计划暂停,审核通过,通投,直播间直接支付ROI,笔记（直播组件）,6853cd19000000002201c348,66f67e4c000000001d03127d,图文笔记,通投-跟风买-合集款-定向-日弘-25.8.18-优化测试,135415869,2025-08-18 11:54:27,0.00,0,0,0.0%,0.0,0.0,0,0.00,0.0,0,0,0.0,0,0,0.0,0,0.0,0,0.0,0,0.0,0,0.0,0,0.0,0,0.0,0,0.0,0,0.0,0,0.0,0.00,0.0,0,0,0
2095848507,通投-是绝杀-青春款-定向-日弘-25.8.18-优化测试,被计划暂停,审核通过,通投,直播间直接支付ROI,笔记（直播组件）,6801b680000000000e0074a1,583691373460942ae8fc16bb,图文笔记,通投-是绝杀-青春款-定向-日弘-25.8.18-优化测试,135420059,2025-08-18 11:37:24,0.00,0,0,0.0%,0.0,0.0,0,0.00,0.0,0,0,0.0,0,0,0.0,0,0.0,0,0.0,0,0.0,0,0.0,0,0.0,0,0.0,0,0.0,0,0.0,0,0.0,0.00,0.0,0,0,0
2065173811,直播5S-封神啦-星光款-定向-抖音-25.8.14-新笔记,被计划暂停,审核通过,通投,直播间5s观看量,笔记（直播组件）,6881f08a0000000023005ada,66f67e4c000000001d03127d,视频笔记,直播5S-封神啦-星光款-定向-抖音-25.8.14-新笔记,134678202,2025-08-14 21:21:57,0.00,0,0,0.0%,0.0,0.0,0,0.00,0.0,0,0,0.0,0,0,0.0,0,0.0,0,0.0,0,0.0,0,0.0,0,0.0,0,0.0,0,0.0,0,0.0,0,0.0,0.00,0.0,0,0,0
2065323061,直播5S-燕窝你-星光款-定向-抖音-25.8.14-新笔记,被计划暂停,审核通过,通投,直播间5s观看量,笔记（直播组件）,6881ecba000000002001a39d,66f67e4c000000001d03127d,视频笔记,直播5S-燕窝你-星光款-定向-抖音-25.8.14-新笔记,134658897,2025-08-14 21:20:43,0.00,0,0,0.0%,0.0,0.0,0,0.00,0.0,0,0,0.0,0,0,0.0,0,0.0,0,0.0,0,0.0,0,0.0,0,0.0,0,0.0,0,0.0,0,0.0,0,0.0,0.00,0.0,0,0,0
2065271758,通投-宝宝高颜值-合集款-定向-官号-25.8.14-新笔记,被计划暂停,审核通过,通投,直播间直接支付ROI,笔记（直播组件）,6880a2a3000000002201d7a2,583691373460942ae8fc16bb,视频笔记,通投-宝宝高颜值-合集款-定向-官号-25.8.14-新笔记,134658858,2025-08-14 21:17:06,0.00,0,0,0.0%,0.0,0.0,0,0.00,0.0,0,0,0.0,0,0,0.0,0,0.0,0,0.0,0,0.0,0,0.0,0,0.0,0,0.0,0,0.0,0,0.0,0,0.0,0.00,0.0,0,0,0
2065164683,通投-二胎妈妈经验-合集款-定向-官号-25.8.14-新笔记,被计划暂停,审核通过,通投,直播间直接支付ROI,笔记（直播组件）,68478d15000000002102e0a5,583691373460942ae8fc16bb,图文笔记,通投-二胎妈妈经验-合集款-定向-官号-25.8.14-新笔记,134684065,2025-08-14 21:15:39,0.00,0,0,0.0%,0.0,0.0,0,0.00,0.0,0,0,0.0,0,0,0.0,0,0.0,0,0.0,0,0.0,0,0.0,0,0.0,0,0.0,0,0.0,0,0.0,0,0.0,0.00,0.0,0,0,0
2065261812,通投-产后复盘-星光款-定向-官号-25.8.14-新笔记,被计划暂停,审核通过,通投,直播间直接支付ROI,笔记（直播组件）,688872cd000000002302c70d,583691373460942ae8fc16bb,图文笔记,通投-产后复盘-星光款-定向-官号-25.8.14-新笔记,134673680,2025-08-14 21:11:27,0.00,0,0,0.0%,0.0,0.0,0,0.00,0.0,0,0,0.0,0,0,0.0,0,0.0,0,0.0,0,0.0,0,0.0,0,0.0,0,0.0,0,0.0,0,0.0,0,0.0,0.00,0.0,0,0,0
2063481586,通投-搭配攻略-星光款-定向-官号-25.8.14-新笔记,被计划暂停,审核通过,通投,直播间直接支付ROI,笔记（直播组件）,685a76440000000023006bb0,583691373460942ae8fc16bb,图文笔记,通投-搭配攻略-星光款-定向-官号-25.8.14-新笔记,134621376,2025-08-14 17:51:01,0.00,0,0,0.0%,0.0,0.0,0,0.00,0.0,0,0,0.0,0,0,0.0,0,0.0,0,0.0,0,0.0,0,0.0,0,0.0,0,0.0,0,0.0,0,0.0,0,0.0,0.00,0.0,0,0,0
2063463419,直播5S-明星产后-星光款-定向-抖音-25.8.14-新笔记,被计划暂停,不满足审核条件,通投,直播间5s观看量,笔记（直播组件）,6881e823000000001c030384,66f67e4c000000001d03127d,视频笔记,直播5S-明星产后-星光款-定向-抖音-25.8.14-新笔记,134609712,2025-08-14 17:31:40,0.00,0,0,0.0%,0.0,0.0,0,0.00,0.0,0,0,0.0,0,0,0.0,0,0.0,0,0.0,0,0.0,0,0.0,0,0.0,0,0.0,0,0.0,0,0.0,0,0.0,0.00,0.0,0,0,0
2063507777,通投-一键拉回-青春款-定向-日弘-25.8.14-新笔记,被计划暂停,审核通过,通投,直播间直接支付ROI,笔记（直播组件）,6879e136000000002201e843,66f67e4c000000001d03127d,图文笔记,通投-一键拉回-青春款-定向-日弘-25.8.14-新笔记,134609474,2025-08-14 17:27:19,0.00,0,0,0.0%,0.0,0.0,0,0.00,0.0,0,0,0.0,0,0,0.0,0,0.0,0,0.0,0,0.0,0,0.0,0,0.0,0,0.0,0,0.0,0,0.0,0,0.0,0.00,0.0,0,0,0
2063305353,通投-一物补两人-星光款-定向-官号-25.8.14-新笔记,被计划暂停,审核通过,通投,直播间直接支付ROI,笔记（直播组件）,689058310000000023035fe8,583691373460942ae8fc16bb,视频笔记,通投-一物补两人-星光款-定向-官号-25.8.14-新笔记,134615335,2025-08-14 17:24:46,0.00,0,0,0.0%,0.0,0.0,0,0.00,0.0,0,0,0.0,0,0,0.0,0,0.0,0,0.0,0,0.0,0,0.0,0,0.0,0,0.0,0,0.0,0,0.0,0,0.0,0.00,0.0,0,0,0
2062613437,通投-瑞瑞妈妈-星光款-孕期滋补人群-达人-25.8.14-新笔记,被计划暂停,审核通过,通投,直播间直接支付ROI,笔记（直播组件）,686ca3140000000011003e38,61e826e2000000001000da64,图文笔记,通投-瑞瑞妈妈-星光款-孕期滋补人群-达人-25.8.14-新笔记,134594718,2025-08-14 15:38:49,0.00,0,0,0.0%,0.0,0.0,0,0.00,0.0,0,0,0.0,0,0,0.0,0,0.0,0,0.0,0,0.0,0,0.0,0,0.0,0,0.0,0,0.0,0,0.0,0,0.0,0.00,0.0,0,0,0
2062353859,直播5S-漂亮感-合集款-美容养颜人群-日弘-25.8.14-新笔记,被计划暂停,审核通过,通投,直播间5s观看量,笔记（直播组件）,6895b7290000000023039ded,66f67e4c000000001d03127d,图文笔记,直播5S-漂亮感-合集款-美容养颜人群-25.8.14-新笔记,134579455,2025-08-14 15:32:44,0.00,0,0,0.0%,0.0,0.0,0,0.00,0.0,0,0,0.0,0,0,0.0,0,0.0,0,0.0,0,0.0,0,0.0,0,0.0,0,0.0,0,0.0,0,0.0,0,0.0,0.00,0.0,0,0,0
2062452361,通投-纠结的-合集款-定向-日弘-25.8.14-新笔记-优化测试,被计划暂停,审核通过,通投,直播间直接支付ROI,笔记（直播组件）,686724b90000000020018ee2,66f67e4c000000001d03127d,图文笔记,通投-纠结的-合集款-定向-日弘-25.8.14-新笔记-优化测试,134583769,2025-08-14 15:25:25,0.00,0,0,0.0%,0.0,0.0,0,0.00,0.0,0,0,0.0,0,0,0.0,0,0.0,0,0.0,0,0.0,0,0.0,0,0.0,0,0.0,0,0.0,0,0.0,0,0.0,0.00,0.0,0,0,0
2062450415,通投-白花钱-合集款-定向-日弘-25.8.14-新笔记-优化测试,被计划暂停,审核通过,通投,直播间直接支付ROI,笔记（直播组件）,685e1679000000002203e622,66f67e4c000000001d03127d,图文笔记,通投-白花钱-合集款-定向-日弘-25.8.14-新笔记-优化测试,134583685,2025-08-14 15:23:33,0.00,0,0,0.0%,0.0,0.0,0,0.00,0.0,0,0,0.0,0,0,0.0,0,0.0,0,0.0,0,0.0,0,0.0,0,0.0,0,0.0,0,0.0,0,0.0,0,0.0,0.00,0.0,0,0,0
2059396895,通投-这才是-青春款-定向-日弘-25.8.27-优化测试,被计划暂停,审核通过,通投,直播间直接支付ROI,笔记（直播组件）,68103770000000002301d7aa,583691373460942ae8fc16bb,图文笔记,通投-这才是-青春款-定向-日弘-25.8.27-优化测试,134467799,2025-08-14 09:29:28,0.00,0,0,0.0%,0.0,0.0,0,0.00,0.0,0,0,0.0,0,0,0.0,0,0.0,0,0.0,0,0.0,0,0.0,0,0.0,0,0.0,0,0.0,0,0.0,0,0.0,0.00,0.0,0,0,0
2046685279,通投-燕窝也-合集款-熟龄抗衰人群-日弘-25.8.12-历史优质,被计划暂停,审核通过,通投,直播间直接支付ROI,笔记（直播组件）,672d88bf000000001d0385de,583691373460942ae8fc16bb,图文笔记,通投-燕窝也-合集款-熟龄抗衰人群-日弘-25.8.12-历史优质,134168732,2025-08-12 20:55:20,0.00,0,0,0.0%,0.0,0.0,0,0.00,0.0,0,0,0.0,0,0,0.0,0,0.0,0,0.0,0,0.0,0,0.0,0,0.0,0,0.0,0,0.0,0,0.0,0,0.0,0.00,0.0,0,0,0
2046779792,通投-奶油脏脏包-星光款-定向-达人-25.8.12-历史优质,被计划暂停,审核通过,通投,直播间直接支付ROI,笔记（直播组件）,6812b0bf00000000230169d8,657e88f3000000002002f691,图文笔记,通投-奶油脏脏包-星光款-定向-达人-25.8.12-历史优质,134154057,2025-08-12 20:51:46,0.00,0,0,0.0%,0.0,0.0,0,0.00,0.0,0,0,0.0,0,0,0.0,0,0.0,0,0.0,0,0.0,0,0.0,0,0.0,0,0.0,0,0.0,0,0.0,0,0.0,0.00,0.0,0,0,0
2046887181,通投-奶油脏脏包-星光款-美容养颜人群-达人-25.8.12-历史优质,被计划暂停,审核通过,通投,直播间直接支付ROI,笔记（直播组件）,6812b0bf00000000230169d8,657e88f3000000002002f691,图文笔记,通投-奶油脏脏包-星光款-美容养颜人群-达人-25.8.12-历史优质,134143339,2025-08-12 20:51:15,0.00,0,0,0.0%,0.0,0.0,0,0.00,0.0,0,0,0.0,0,0,0.0,0,0.0,0,0.0,0,0.0,0,0.0,0,0.0,0,0.0,0,0.0,0,0.0,0,0.0,0.00,0.0,0,0,0
2046735936,通投-买燕窝-青春款-美容养颜人群-日弘-25.8.12-历史优质,被计划暂停,审核通过,通投,直播间直接支付ROI,笔记（直播组件）,67e62a7d000000001b039ee2,66f67e4c000000001d03127d,图文笔记,通投-买燕窝-青春款-美容养颜人群-日弘-25.8.12-历史优质,134163452,2025-08-12 20:49:02,0.00,0,0,0.0%,0.0,0.0,0,0.00,0.0,0,0,0.0,0,0,0.0,0,0.0,0,0.0,0,0.0,0,0.0,0,0.0,0,0.0,0,0.0,0,0.0,0,0.0,0.00,0.0,0,0,0
2046724009,通投-整个孕期-星光款-定向-抖音-25.8.12-历史优质,被计划暂停,审核通过,通投,直播间直接支付ROI,笔记（直播组件）,686f82c60000000011001994,66f67e4c000000001d03127d,视频笔记,通投-整个孕期-星光款-定向-抖音-25.8.12-历史优质,134163379,2025-08-12 20:41:48,0.00,0,0,0.0%,0.0,0.0,0,0.00,0.0,0,0,0.0,0,0,0.0,0,0.0,0,0.0,0,0.0,0,0.0,0,0.0,0,0.0,0,0.0,0,0.0,0,0.0,0.00,0.0,0,0,0
2046514551,通投-整个孕期-星光款-孕期滋补人群-抖音-25.8.12-历史优质,被计划暂停,审核通过,通投,直播间直接支付ROI,笔记（直播组件）,686f82c60000000011001994,66f67e4c000000001d03127d,视频笔记,通投-整个孕期-星光款-孕期滋补人群-抖音-25.8.12-历史优质,134153946,2025-08-12 20:40:52,0.00,0,0,0.0%,0.0,0.0,0,0.00,0.0,0,0,0.0,0,0,0.0,0,0.0,0,0.0,0,0.0,0,0.0,0,0.0,0,0.0,0,0.0,0,0.0,0,0.0,0.00,0.0,0,0,0
2041692329,通投-当我问-青春款-孕期滋补人群-日弘-25.8.12-历史优质,被计划暂停,审核通过,通投,直播间直接支付ROI,笔记（直播组件）,67db7d76000000001b0240e9,66f67e4c000000001d03127d,图文笔记,通投-当我问-青春款-孕期滋补人群-日弘-25.8.12-历史优质,134007944,2025-08-12 10:20:07,0.00,0,0,0.0%,0.0,0.0,0,0.00,0.0,0,0,0.0,0,0,0.0,0,0.0,0,0.0,0,0.0,0,0.0,0,0.0,0,0.0,0,0.0,0,0.0,0,0.0,0.00,0.0,0,0,0
2041621548,通投-七月幸运(孕晚期)-青春款-孕期滋补人群-达人-25.8.12-新笔记,被计划暂停,审核通过,通投,直播间直接支付ROI,笔记（直播组件）,686cb67b0000000015022107,58380341a9b2ed3470f82950,图文笔记,通投-七月幸运(孕晚期)-青春款-孕期滋补人群-达人-25.8.12-新笔记,133981142,2025-08-12 10:08:24,0.00,0,0,0.0%,0.0,0.0,0,0.00,0.0,0,0,0.0,0,0,0.0,0,0.0,0,0.0,0,0.0,0,0.0,0,0.0,0,0.0,0,0.0,0,0.0,0,0.0,0.00,0.0,0,0,0
2038110416,通投-靠燕窝-青春款-美容养颜人群-日弘-25.8.11-新笔记-放量,被计划暂停,审核通过,通投,直播间直接支付ROI,笔记（直播组件）,6895be8f00000000230353fe,66f67e4c000000001d03127d,图文笔记,通投-靠燕窝-青春款-美容养颜人群-日弘-25.8.11-新笔记-放量,133920963,2025-08-11 21:54:15,0.00,0,0,0.0%,0.0,0.0,0,0.00,0.0,0,0,0.0,0,0,0.0,0,0.0,0,0.0,0,0.0,0,0.0,0,0.0,0,0.0,0,0.0,0,0.0,0,0.0,0.00,0.0,0,0,0
2038043066,通投-不走弯路-星光款-孕期滋补人群-日弘-25.8.11-新笔记-放量,被计划暂停,审核通过,通投,直播间直接支付ROI,笔记（直播组件）,68946a9b000000002303953c,66f67e4c000000001d03127d,图文笔记,通投-不走弯路-星光款-孕期滋补人群-日弘-25.8.11-新笔记-放量,133936226,2025-08-11 21:49:30,0.00,0,0,0.0%,0.0,0.0,0,0.00,0.0,0,0,0.0,0,0,0.0,0,0.0,0,0.0,0,0.0,0,0.0,0,0.0,0,0.0,0,0.0,0,0.0,0,0.0,0.00,0.0,0,0,0
2038302101,通投-漂亮感-合集款-美容养颜人群-日弘-25.8.11-新笔记-放量,被计划暂停,审核通过,通投,直播间直接支付ROI,笔记（直播组件）,6895b7290000000023039ded,66f67e4c000000001d03127d,图文笔记,通投-漂亮感-合集款-美容养颜人群-日弘-25.8.11-新笔记-放量,133940182,2025-08-11 21:46:27,0.00,0,0,0.0%,0.0,0.0,0,0.00,0.0,0,0,0.0,0,0,0.0,0,0.0,0,0.0,0,0.0,0,0.0,0,0.0,0,0.0,0,0.0,0,0.0,0,0.0,0.00,0.0,0,0,0
2037668919,通投-小仙炖-合集款-定向-广告素材-25.8.11-历史优质,被计划暂停,不满足审核条件,通投,直播间直接支付ROI,笔记（直播组件）,6811bf9f000000002202b1c4,583691373460942ae8fc16bb,图文笔记,通投-小仙炖-合集款-定向-广告素材-25.8.11-历史优质,133914575,2025-08-11 20:39:06,0.00,0,0,0.0%,0.0,0.0,0,0.00,0.0,0,0,0.0,0,0,0.0,0,0.0,0,0.0,0,0.0,0,0.0,0,0.0,0,0.0,0,0.0,0,0.0,0,0.0,0.00,0.0,0,0,0
2037622935,通投-不走弯路-星光款-孕期滋补人群-日弘-25.8.11-新笔记,被计划暂停,审核通过,通投,直播间直接支付ROI,笔记（直播组件）,68946a9b000000002303953c,66f67e4c000000001d03127d,图文笔记,通投-不走弯路-星光款-孕期滋补人群-日弘-25.8.11-新笔记,133924235,2025-08-11 20:34:09,0.00,0,0,0.0%,0.0,0.0,0,0.00,0.0,0,0,0.0,0,0,0.0,0,0.0,0,0.0,0,0.0,0,0.0,0,0.0,0,0.0,0,0.0,0,0.0,0,0.0,0.00,0.0,0,0,0
2037566410,通投-燕窝新-合集款-定向-日弘-25.8.11优化-优化测试,被计划暂停,审核通过,通投,直播间直接支付ROI,笔记（直播组件）,6735ba5f000000003c015663,583691373460942ae8fc16bb,图文笔记,通投-燕窝新-合集款-定向-日弘-25.8.11优化-优化测试,133908943,2025-08-11 20:32:25,0.00,0,0,0.0%,0.0,0.0,0,0.00,0.0,0,0,0.0,0,0,0.0,0,0.0,0,0.0,0,0.0,0,0.0,0,0.0,0,0.0,0,0.0,0,0.0,0,0.0,0.00,0.0,0,0,0
2020265003,通投-靠燕窝-青春款-定向-日弘-25.8.9-新笔记,被计划暂停,审核通过,通投,直播间直接支付ROI,笔记（直播组件）,6895be8f00000000230353fe,66f67e4c000000001d03127d,图文笔记,通投-靠燕窝-青春款-定向-日弘-25.8.9-新笔记,133503266,2025-08-09 17:18:10,0.00,0,0,0.0%,0.0,0.0,0,0.00,0.0,0,0,0.0,0,0,0.0,0,0.0,0,0.0,0,0.0,0,0.0,0,0.0,0,0.0,0,0.0,0,0.0,0,0.0,0.00,0.0,0,0,0
2020264635,通投-漂亮感-合集款-定向-日弘-25.8.9-新笔记,被计划暂停,审核通过,通投,直播间直接支付ROI,笔记（直播组件）,6895b7290000000023039ded,66f67e4c000000001d03127d,图文笔记,通投-漂亮感-合集款-定向-日弘-25.8.9-新笔记,133503202,2025-08-09 17:17:24,0.00,0,0,0.0%,0.0,0.0,0,0.00,0.0,0,0,0.0,0,0,0.0,0,0.0,0,0.0,0,0.0,0,0.0,0,0.0,0,0.0,0,0.0,0,0.0,0,0.0,0.00,0.0,0,0,0
2019286845,通投-想不到-青春款-美容养颜人群-日弘-25.8.9-新笔记,被计划暂停,审核通过,通投,直播间直接支付ROI,笔记（直播组件）,688b20f30000000023022bd8,66f67e4c000000001d03127d,图文笔记,通投-想不到-青春款-美容养颜人群-日弘-25.8.9-新笔记,133457808,2025-08-09 14:25:55,0.00,0,0,0.0%,0.0,0.0,0,0.00,0.0,0,0,0.0,0,0,0.0,0,0.0,0,0.0,0,0.0,0,0.0,0,0.0,0,0.0,0,0.0,0,0.0,0,0.0,0.00,0.0,0,0,0
2019084062,通投-老祖宗严选-星光款-孕期滋补人群-日弘-25.8.9-新笔记,被计划暂停,审核通过,通投,直播间直接支付ROI,笔记（直播组件）,688b20190000000023022560,66f67e4c000000001d03127d,图文笔记,通投-老祖宗严选-星光款-孕期滋补人群-日弘-25.8.9-新笔记,133472085,2025-08-09 14:24:28,0.00,0,0,0.0%,0.0,0.0,0,0.00,0.0,0,0,0.0,0,0,0.0,0,0.0,0,0.0,0,0.0,0,0.0,0,0.0,0,0.0,0,0.0,0,0.0,0,0.0,0.00,0.0,0,0,0
2019184638,通投-吃对了吗-青春款-孕期滋补人群-日弘-25.8.9-新笔记,被计划暂停,不满足审核条件,通投,直播间直接支付ROI,笔记（直播组件）,6883515a0000000022030b94,66f67e4c000000001d03127d,图文笔记,通投-吃对了吗-青春款-孕期滋补人群-日弘-25.8.9-新笔记,133457759,2025-08-09 14:23:19,0.00,0,0,0.0%,0.0,0.0,0,0.00,0.0,0,0,0.0,0,0,0.0,0,0.0,0,0.0,0,0.0,0,0.0,0,0.0,0,0.0,0,0.0,0,0.0,0,0.0,0.00,0.0,0,0,0
2019242040,通投-营养焦虑-星光款-孕期滋补人群-日弘-25.8.9-新笔记,被计划暂停,审核通过,通投,直播间直接支付ROI,笔记（直播组件）,6883481f000000002201ed35,66f67e4c000000001d03127d,图文笔记,通投-营养焦虑-星光款-孕期滋补人群-日弘-25.8.9-新笔记,133452698,2025-08-09 14:20:56,0.00,0,0,0.0%,0.0,0.0,0,0.00,0.0,0,0,0.0,0,0,0.0,0,0.0,0,0.0,0,0.0,0,0.0,0,0.0,0,0.0,0,0.0,0,0.0,0,0.0,0.00,0.0,0,0,0
2018974164,通投-靠燕窝-青春款-美容养颜人群-日弘-25.8.9-新笔记,被计划暂停,审核通过,通投,直播间直接支付ROI,笔记（直播组件）,6895be8f00000000230353fe,66f67e4c000000001d03127d,图文笔记,通投-靠燕窝-青春款-美容养颜人群-日弘-25.8.9-新笔记,133447701,2025-08-09 14:09:05,0.00,0,0,0.0%,0.0,0.0,0,0.00,0.0,0,0,0.0,0,0,0.0,0,0.0,0,0.0,0,0.0,0,0.0,0,0.0,0,0.0,0,0.0,0,0.0,0,0.0,0.00,0.0,0,0,0
2019232665,通投-漂亮感-合集款-美容养颜人群-日弘-25.8.9-新笔记,被计划暂停,审核通过,通投,直播间直接支付ROI,笔记（直播组件）,6895b7290000000023039ded,66f67e4c000000001d03127d,图文笔记,通投-漂亮感-合集款-美容养颜人群-日弘-25.8.9-新笔记,133452459,2025-08-09 14:07:49,0.00,0,0,0.0%,0.0,0.0,0,0.00,0.0,0,0,0.0,0,0,0.0,0,0.0,0,0.0,0,0.0,0,0.0,0,0.0,0,0.0,0,0.0,0,0.0,0,0.0,0.00,0.0,0,0,0
2008986853,通投-坦白局-星光款-定向-日弘-25.8.8-新笔记,被计划暂停,审核通过,通投,直播间直接支付ROI,笔记（直播组件）,686780950000000024009889,66f67e4c000000001d03127d,图文笔记,通投-坦白局-星光款-定向-日弘-25.8.8-新笔记,133205520,2025-08-08 11:33:44,0.00,0,0,0.0%,0.0,0.0,0,0.00,0.0,0,0,0.0,0,0,0.0,0,0.0,0,0.0,0,0.0,0,0.0,0,0.0,0,0.0,0,0.0,0,0.0,0,0.0,0.00,0.0,0,0,0
2008444226,通投-补答案-合集款-定向-日弘-25.8.8-优化测试,被计划暂停,审核通过,通投,直播间直接支付ROI,笔记（直播组件）,68428f3c000000002101a93a,66f67e4c000000001d03127d,图文笔记,通投-补答案-合集款-定向-日弘-25.8.8-优化测试,133192499,2025-08-08 10:48:05,0.00,0,0,0.0%,0.0,0.0,0,0.00,0.0,0,0,0.0,0,0,0.0,0,0.0,0,0.0,0,0.0,0,0.0,0,0.0,0,0.0,0,0.0,0,0.0,0,0.0,0.00,0.0,0,0,0
2007325633,通投-不走弯路-星光款-定向-日弘-25.8.8-新笔记,被计划暂停,审核通过,通投,直播间直接支付ROI,笔记（直播组件）,68946a9b000000002303953c,66f67e4c000000001d03127d,图文笔记,通投-不走弯路-星光款-定向-日弘-25.8.8-新笔记,133178949,2025-08-08 08:52:24,0.00,0,0,0.0%,0.0,0.0,0,0.00,0.0,0,0,0.0,0,0,0.0,0,0.0,0,0.0,0,0.0,0,0.0,0,0.0,0,0.0,0,0.0,0,0.0,0,0.0,0.00,0.0,0,0,0
2000973714,通投-中式滋-青春款-定向-日弘-25.8.7-优化测试,被计划暂停,审核通过,通投,直播间直接支付ROI,笔记（直播组件）,6645ec79000000001e01ee7e,583691373460942ae8fc16bb,图文笔记,通投-中式滋-青春款-定向-日弘-25.8.7-优化测试,132978346,2025-08-07 14:28:46,0.00,0,0,0.0%,0.0,0.0,0,0.00,0.0,0,0,0.0,0,0,0.0,0,0.0,0,0.0,0,0.0,0,0.0,0,0.0,0,0.0,0,0.0,0,0.0,0,0.0,0.00,0.0,0,0,0
2001026804,通投-都得要-青春款-定向-日弘-25.8.7-优化测试,被计划暂停,审核通过,通投,直播间直接支付ROI,笔记（直播组件）,68394d70000000002102c03e,66f67e4c000000001d03127d,图文笔记,通投-都得要-青春款-定向-日弘-25.8.7-优化测试,132999459,2025-08-07 14:27:30,0.00,0,0,0.0%,0.0,0.0,0,0.00,0.0,0,0,0.0,0,0,0.0,0,0.0,0,0.0,0,0.0,0,0.0,0,0.0,0,0.0,0,0.0,0,0.0,0,0.0,0.00,0.0,0,0,0
2001120025,通投-货攻略-青春款-定向-日弘-25.8.7-优化测试,被计划暂停,审核通过,通投,直播间直接支付ROI,笔记（直播组件）,6801aa95000000000d0140a5,583691373460942ae8fc16bb,图文笔记,通投-货攻略-青春款-定向-日弘-25.8.7-优化测试,132999432,2025-08-07 14:26:54,0.00,0,0,0.0%,0.0,0.0,0,0.00,0.0,0,0,0.0,0,0,0.0,0,0.0,0,0.0,0,0.0,0,0.0,0,0.0,0,0.0,0,0.0,0,0.0,0,0.0,0.00,0.0,0,0,0
2001119174,通投-懂行的-合集款-定向-日弘-25.8.7-优化测试,被计划暂停,不满足审核条件,通投,直播间直接支付ROI,笔记（直播组件）,66d7c90e000000001f03eb73,583691373460942ae8fc16bb,图文笔记,通投-懂行的-合集款-定向-日弘-25.8.7-优化测试,132999402,2025-08-07 14:26:10,0.00,0,0,0.0%,0.0,0.0,0,0.00,0.0,0,0,0.0,0,0,0.0,0,0.0,0,0.0,0,0.0,0,0.0,0,0.0,0,0.0,0,0.0,0,0.0,0,0.0,0.00,0.0,0,0,0
1990742890,通投-封神啦-星光款-定向-抖音-25.8.6-新笔记,被计划暂停,审核通过,通投,直播间直接支付ROI,笔记（直播组件）,6881f08a0000000023005ada,66f67e4c000000001d03127d,视频笔记,通投-封神啦-星光款-定向-抖音-25.8.6-新笔记,132666902,2025-08-06 10:15:59,0.00,0,0,0.0%,0.0,0.0,0,0.00,0.0,0,0,0.0,0,0,0.0,0,0.0,0,0.0,0,0.0,0,0.0,0,0.0,0,0.0,0,0.0,0,0.0,0,0.0,0.00,0.0,0,0,0
1990589097,通投-燕窝你-星光款-定向-抖音-25.8.6-新笔记,被计划暂停,不满足审核条件,通投,直播间直接支付ROI,笔记（直播组件）,6881ecba000000002001a39d,66f67e4c000000001d03127d,视频笔记,通投-燕窝你-星光款-定向-抖音-25.8.6-新笔记,132680457,2025-08-06 10:12:14,0.00,0,0,0.0%,0.0,0.0,0,0.00,0.0,0,0,0.0,0,0,0.0,0,0.0,0,0.0,0,0.0,0,0.0,0,0.0,0,0.0,0,0.0,0,0.0,0,0.0,0.00,0.0,0,0,0
1984821968,通投-七月幸运(孕晚期)-青春款-定向-达人-25.8.5-新笔记,被计划暂停,审核通过,通投,直播间直接支付ROI,笔记（直播组件）,686cb67b0000000015022107,58380341a9b2ed3470f82950,图文笔记,通投-七月幸运(孕晚期)-青春款-定向-达人-25.8.5-新笔记,132528078,2025-08-05 16:40:40,0.00,0,0,0.0%,0.0,0.0,0,0.00,0.0,0,0,0.0,0,0,0.0,0,0.0,0,0.0,0,0.0,0,0.0,0,0.0,0,0.0,0,0.0,0,0.0,0,0.0,0.00,0.0,0,0,0
1984849259,通投-瑞瑞妈妈-星光款-定向-达人-25.8.5-新笔记,被计划暂停,审核通过,通投,直播间直接支付ROI,笔记（直播组件）,686ca3140000000011003e38,61e826e2000000001000da64,图文笔记,通投-瑞瑞妈妈-星光款-定向-达人-25.8.5-新笔记,132522903,2025-08-05 16:35:05,0.00,0,0,0.0%,0.0,0.0,0,0.00,0.0,0,0,0.0,0,0,0.0,0,0.0,0,0.0,0,0.0,0,0.0,0,0.0,0,0.0,0,0.0,0,0.0,0,0.0,0.00,0.0,0,0,0
1983656622,通投-营养焦虑-星光款-定向-日弘-25.8.5-新笔记-优化,被计划暂停,审核通过,通投,直播间直接支付ROI,笔记（直播组件）,6883481f000000002201ed35,66f67e4c000000001d03127d,图文笔记,通投-营养焦虑-星光款-定向-日弘-25.8.5-新笔记-优化,132495003,2025-08-05 13:49:38,0.00,0,0,0.0%,0.0,0.0,0,0.00,0.0,0,0,0.0,0,0,0.0,0,0.0,0,0.0,0,0.0,0,0.0,0,0.0,0,0.0,0,0.0,0,0.0,0,0.0,0.00,0.0,0,0,0
1983444212,通投-营养焦虑-星光款-系统-日弘-25.8.5-新笔记-优化,被计划暂停,审核通过,通投,直播间直接支付ROI,笔记（直播组件）,6883481f000000002201ed35,66f67e4c000000001d03127d,图文笔记,通投-营养焦虑-星光款-系统-日弘-25.8.5-新笔记-优化,132494969,2025-08-05 13:48:51,0.00,0,0,0.0%,0.0,0.0,0,0.00,0.0,0,0,0.0,0,0,0.0,0,0.0,0,0.0,0,0.0,0,0.0,0,0.0,0,0.0,0,0.0,0,0.0,0,0.0,0.00,0.0,0,0,0
1974673274,通投-老祖宗严选-星光款-定向-日弘-25.8.4-新笔记,被计划暂停,审核通过,通投,直播间直接支付ROI,笔记（直播组件）,688b20190000000023022560,66f67e4c000000001d03127d,图文笔记,通投-老祖宗严选-星光款-定向-日弘-25.8.4-新笔记,132236895,2025-08-04 11:48:11,0.00,0,0,0.0%,0.0,0.0,0,0.00,0.0,0,0,0.0,0,0,0.0,0,0.0,0,0.0,0,0.0,0,0.0,0,0.0,0,0.0,0,0.0,0,0.0,0,0.0,0.00,0.0,0,0,0
1974820275,通投-想不到-青春款-定向-日弘-25.8.4-新笔记,被计划暂停,审核通过,通投,直播间直接支付ROI,笔记（直播组件）,688b20f30000000023022bd8,66f67e4c000000001d03127d,图文笔记,通投-想不到-青春款-定向-日弘-25.8.4-新笔记,132242713,2025-08-04 11:45:45,0.00,0,0,0.0%,0.0,0.0,0,0.00,0.0,0,0,0.0,0,0,0.0,0,0.0,0,0.0,0,0.0,0,0.0,0,0.0,0,0.0,0,0.0,0,0.0,0,0.0,0.00,0.0,0,0,0
1974519742,通投-吃对了吗-青春款-定向-日弘-25.8.4-新笔记,被计划暂停,审核通过,通投,直播间直接支付ROI,笔记（直播组件）,6883515a0000000022030b94,66f67e4c000000001d03127d,图文笔记,通投-吃对了吗-青春款-定向-日弘-25.8.4-新笔记,132231802,2025-08-04 11:44:47,0.00,0,0,0.0%,0.0,0.0,0,0.00,0.0,0,0,0.0,0,0,0.0,0,0.0,0,0.0,0,0.0,0,0.0,0,0.0,0,0.0,0,0.0,0,0.0,0,0.0,0.00,0.0,0,0,0
1974562371,通投-老祖宗严选-星光款-系统-日弘-25.8.4-新笔记,被计划暂停,审核通过,通投,直播间直接支付ROI,笔记（直播组件）,688b20190000000023022560,66f67e4c000000001d03127d,图文笔记,通投-老祖宗严选-星光款-系统-日弘-25.8.4-新笔记,132231494,2025-08-04 11:40:45,0.00,0,0,0.0%,0.0,0.0,0,0.00,0.0,0,0,0.0,0,0,0.0,0,0.0,0,0.0,0,0.0,0,0.0,0,0.0,0,0.0,0,0.0,0,0.0,0,0.0,0.00,0.0,0,0,0
1973438683,通投-燕窝新-合集款-系统-日弘-25.8.4-历史优质,被计划暂停,审核通过,通投,直播间直接支付ROI,笔记（直播组件）,6735ba5f000000003c015663,583691373460942ae8fc16bb,图文笔记,通投-燕窝新-合集款-系统-日弘-25.8.4-历史优质,132180029,2025-08-04 10:03:31,0.00,0,0,0.0%,0.0,0.0,0,0.00,0.0,0,0,0.0,0,0,0.0,0,0.0,0,0.0,0,0.0,0,0.0,0,0.0,0,0.0,0,0.0,0,0.0,0,0.0,0.00,0.0,0,0,0
1973483662,通投-小仙炖-合集款-系统-广告素材-25.8.4-历史优质,被计划暂停,审核通过,通投,直播间直接支付ROI,笔记（直播组件）,6811bf9f000000002202b1c4,583691373460942ae8fc16bb,图文笔记,通投-小仙炖-合集款-系统-广告素材-25.8.4-历史优质,132191838,2025-08-04 10:02:11,0.00,0,0,0.0%,0.0,0.0,0,0.00,0.0,0,0,0.0,0,0,0.0,0,0.0,0,0.0,0,0.0,0,0.0,0,0.0,0,0.0,0,0.0,0,0.0,0,0.0,0.00,0.0,0,0,0
1960664738,通投-这瓶贵-星光款-系统-抖音-25.8.2-新笔记,被计划暂停,审核通过,通投,直播间直接支付ROI,笔记（直播组件）,6867a2bf000000000b01d00a,66f67e4c000000001d03127d,视频笔记,通投-这瓶贵-星光款-系统-抖音-25.8.2-新笔记,131991369,2025-08-02 13:53:12,0.00,0,0,0.0%,0.0,0.0,0,0.00,0.0,0,0,0.0,0,0,0.0,0,0.0,0,0.0,0,0.0,0,0.0,0,0.0,0,0.0,0,0.0,0,0.0,0,0.0,0.00,0.0,0,0,0
1960499680,通投-成分颜究侠vivi-青春款-系统-达人-25.8.2-历史优质,被计划暂停,审核通过,通投,直播间直接支付ROI,笔记（直播组件）,682c4ad0000000000f0325cb,611a16e3000000002002bd17,图文笔记,通投-成分颜究侠vivi-青春款-系统-达人-25.8.2-历史优质,131979519,2025-08-02 13:38:26,0.00,0,0,0.0%,0.0,0.0,0,0.00,0.0,0,0,0.0,0,0,0.0,0,0.0,0,0.0,0,0.0,0,0.0,0,0.0,0,0.0,0,0.0,0,0.0,0,0.0,0.00,0.0,0,0,0
1945649772,通投-想不到-青春款-系统-日弘-25.7.31-新笔记,被计划暂停,审核通过,通投,直播间直接支付ROI,笔记（直播组件）,688b20f30000000023022bd8,66f67e4c000000001d03127d,图文笔记,通投-想不到-青春款-系统-日弘-25.7.31-新笔记,131628996,2025-07-31 16:55:07,0.00,0,0,0.0%,0.0,0.0,0,0.00,0.0,0,0,0.0,0,0,0.0,0,0.0,0,0.0,0,0.0,0,0.0,0,0.0,0,0.0,0,0.0,0,0.0,0,0.0,0.00,0.0,0,0,0
1945599419,通投-明星产后-星光款-定向-抖音-25.7.31-新笔记,被计划暂停,审核通过,通投,直播间直接支付ROI,笔记（直播组件）,6881e823000000001c030384,66f67e4c000000001d03127d,视频笔记,通投-明星产后-星光款-定向-抖音-25.7.31-新笔记,131649421,2025-07-31 16:47:36,0.00,0,0,0.0%,0.0,0.0,0,0.00,0.0,0,0,0.0,0,0,0.0,0,0.0,0,0.0,0,0.0,0,0.0,0,0.0,0,0.0,0,0.0,0,0.0,0,0.0,0.00,0.0,0,0,0
1945208917,通投-孕妈妈专属-星光款-定向-抖音-25.7.31-新笔记,被计划暂停,审核拒绝,通投,直播间直接支付ROI,笔记（直播组件）,6881ff52000000001c030282,66f67e4c000000001d03127d,视频笔记,通投-孕妈妈专属-星光款-定向-抖音-25.7.31-新笔记,131620359,2025-07-31 15:39:30,0.00,0,0,0.0%,0.0,0.0,0,0.00,0.0,0,0,0.0,0,0,0.0,0,0.0,0,0.0,0,0.0,0,0.0,0,0.0,0,0.0,0,0.0,0,0.0,0,0.0,0.00,0.0,0,0,0
1943334293,通投-四夕大王-星光款-定向-达人-25.7.31-新笔记,被计划暂停,审核通过,通投,直播间直接支付ROI,笔记（直播组件）,6867852d000000001202dde2,5bcd3781f7e8b93505e0d7ad,图文笔记,通投-四夕大王-星光款-定向-达人-25.7.31-新笔记,131545371,2025-07-31 10:54:36,0.00,0,0,0.0%,0.0,0.0,0,0.00,0.0,0,0,0.0,0,0,0.0,0,0.0,0,0.0,0,0.0,0,0.0,0,0.0,0,0.0,0,0.0,0,0.0,0,0.0,0.00,0.0,0,0,0
1936629403,通投-纠结的-合集款-系统-日弘-25.7.30-新笔记-优化测试,被计划暂停,审核通过,通投,直播间直接支付ROI,笔记（直播组件）,686724b90000000020018ee2,66f67e4c000000001d03127d,图文笔记,通投-纠结的-合集款-系统-日弘-25.7.30-新笔记-优化测试,131390808,2025-07-30 14:41:56,0.00,0,0,0.0%,0.0,0.0,0,0.00,0.0,0,0,0.0,0,0,0.0,0,0.0,0,0.0,0,0.0,0,0.0,0,0.0,0,0.0,0,0.0,0,0.0,0,0.0,0.00,0.0,0,0,0
1936584994,通投-白花钱-合集款-系统-日弘-25.7.30-新笔记-优化测试,被计划暂停,审核通过,通投,直播间直接支付ROI,笔记（直播组件）,685e1679000000002203e622,66f67e4c000000001d03127d,图文笔记,通投-白花钱-合集款-系统-日弘-25.7.30-新笔记-优化测试,131376128,2025-07-30 14:37:41,0.00,0,0,0.0%,0.0,0.0,0,0.00,0.0,0,0,0.0,0,0,0.0,0,0.0,0,0.0,0,0.0,0,0.0,0,0.0,0,0.0,0,0.0,0,0.0,0,0.0,0.00,0.0,0,0,0
1935901168,通投-瑞瑞妈妈-星光款-系统-达人-25.7.30-新笔记,被计划暂停,审核通过,通投,直播间直接支付ROI,笔记（直播组件）,686ca3140000000011003e38,61e826e2000000001000da64,图文笔记,通投-瑞瑞妈妈-星光款-系统-达人-25.7.30-新笔记,131350939,2025-07-30 11:57:03,0.00,0,0,0.0%,0.0,0.0,0,0.00,0.0,0,0,0.0,0,0,0.0,0,0.0,0,0.0,0,0.0,0,0.0,0,0.0,0,0.0,0,0.0,0,0.0,0,0.0,0.00,0.0,0,0,0
1921020810,通投-aka_大王-星光款-定向-达人-25.7.28-新笔记,被计划暂停,审核通过,通投,直播间直接支付ROI,笔记（直播组件）,6879c044000000002201cb0f,54199577b4c4d63f80a679a8,视频笔记,通投-aka_大王-星光款-定向-达人-25.7.28-新笔记,130982115,2025-07-28 15:34:04,0.00,0,0,0.0%,0.0,0.0,0,0.00,0.0,0,0,0.0,0,0,0.0,0,0.0,0,0.0,0,0.0,0,0.0,0,0.0,0,0.0,0,0.0,0,0.0,0,0.0,0.00,0.0,0,0,0
1916033923,通投-聪明孕-青春款-定向-日弘-25.7.27-新笔记,被计划暂停,审核通过,通投,直播间直接支付ROI,笔记（直播组件）,66714c48000000001d0161ee,583691373460942ae8fc16bb,图文笔记,通投-聪明孕-青春款-定向-日弘-25.7.27-新笔记,130800342,2025-07-27 23:37:55,0.00,0,0,0.0%,0.0,0.0,0,0.00,0.0,0,0,0.0,0,0,0.0,0,0.0,0,0.0,0,0.0,0,0.0,0,0.0,0,0.0,0,0.0,0,0.0,0,0.0,0.00,0.0,0,0,0
1915890694,通投-奶油脏脏包-星光款-定向-达人-25.7.27-新笔记,被计划暂停,审核通过,通投,直播间直接支付ROI,笔记（直播组件）,6812b0bf00000000230169d8,657e88f3000000002002f691,图文笔记,通投-奶油脏脏包-星光款-定向-达人-25.7.27-新笔记,130820222,2025-07-27 23:36:45,0.00,0,0,0.0%,0.0,0.0,0,0.00,0.0,0,0,0.0,0,0,0.0,0,0.0,0,0.0,0,0.0,0,0.0,0,0.0,0,0.0,0,0.0,0,0.0,0,0.0,0.00,0.0,0,0,0
1915931317,通投-小陈还在睡-星光款-定向-达人-25.7.27-新笔记,被计划暂停,审核通过,通投,直播间直接支付ROI,笔记（直播组件）,682edf2000000000210034c7,5e0176060000000001004254,图文笔记,通投-小陈还在睡-星光款-定向-达人-25.7.27-新笔记,130820088,2025-07-27 23:30:16,0.00,0,0,0.0%,0.0,0.0,0,0.00,0.0,0,0,0.0,0,0,0.0,0,0.0,0,0.0,0,0.0,0,0.0,0,0.0,0,0.0,0,0.0,0,0.0,0,0.0,0.00,0.0,0,0,0
1915827207,通投-二胎辣妈带娃日常（哺乳期）-星光款-定向-达人-25.7.27-新笔记,被计划暂停,审核通过,通投,直播间直接支付ROI,笔记（直播组件）,68301e6c000000002100f20d,61d6a5f100000000210298ce,图文笔记,通投-二胎辣妈带娃日常（哺乳期）-星光款-定向-达人-25.7.27-新笔记,130808786,2025-07-27 23:29:27,0.00,0,0,0.0%,0.0,0.0,0,0.00,0.0,0,0,0.0,0,0,0.0,0,0.0,0,0.0,0,0.0,0,0.0,0,0.0,0,0.0,0,0.0,0,0.0,0,0.0,0.00,0.0,0,0,0
1915930905,通投-跟风买-合集款-定向-日弘-25.7.27-新笔记,被计划暂停,审核通过,通投,直播间直接支付ROI,笔记（直播组件）,6853cd19000000002201c348,66f67e4c000000001d03127d,图文笔记,通投-跟风买-合集款-定向-日弘-25.7.27-新笔记,130800148,2025-07-27 23:28:27,0.00,0,0,0.0%,0.0,0.0,0,0.00,0.0,0,0,0.0,0,0,0.0,0,0.0,0,0.0,0,0.0,0,0.0,0,0.0,0,0.0,0,0.0,0,0.0,0,0.0,0.00,0.0,0,0,0
1915886170,通投-一只小椰子（孕期）-星光款-定向-达人-25.7.27-新笔记,被计划暂停,审核通过,通投,直播间直接支付ROI,笔记（直播组件）,682d64920000000012004b34,6620e058000000000b033c1c,图文笔记,通投-一只小椰子（孕期）-星光款-定向-达人-25.7.27-新笔记,130794940,2025-07-27 23:27:07,0.00,0,0,0.0%,0.0,0.0,0,0.00,0.0,0,0,0.0,0,0,0.0,0,0.0,0,0.0,0,0.0,0,0.0,0,0.0,0,0.0,0,0.0,0,0.0,0,0.0,0.00,0.0,0,0,0
1915926981,通投-我的孕-星光款-定向-官号-25.7.27-历史优质,被计划暂停,审核通过,通投,直播间直接支付ROI,笔记（直播组件）,682bff10000000002100a63d,583691373460942ae8fc16bb,视频笔记,通投-我的孕-星光款-定向-官号-25.7.27-历史优质,130794769,2025-07-27 23:17:06,0.00,0,0,0.0%,0.0,0.0,0,0.00,0.0,0,0,0.0,0,0,0.0,0,0.0,0,0.0,0,0.0,0,0.0,0,0.0,0,0.0,0,0.0,0,0.0,0,0.0,0.00,0.0,0,0,0
1915820191,通投-抓住春-合集款-定向-日弘-25.7.27-历史优质,被计划暂停,审核通过,通投,直播间直接支付ROI,笔记（直播组件）,67dd1f02000000001e00986e,66f67e4c000000001d03127d,图文笔记,通投-抓住春-合集款-定向-日弘-25.7.27-历史优质,130794712,2025-07-27 23:13:33,0.00,0,0,0.0%,0.0,0.0,0,0.00,0.0,0,0,0.0,0,0,0.0,0,0.0,0,0.0,0,0.0,0,0.0,0,0.0,0,0.0,0,0.0,0,0.0,0,0.0,0.00,0.0,0,0,0
1915816551,通投-当我问-青春款-定向-日弘-25.7.27-历史优质,被计划暂停,审核通过,通投,直播间直接支付ROI,笔记（直播组件）,67db7d76000000001b0240e9,66f67e4c000000001d03127d,图文笔记,通投-当我问-青春款-定向-日弘-25.7.27-历史优质,130794664,2025-07-27 23:10:55,0.00,0,0,0.0%,0.0,0.0,0,0.00,0.0,0,0,0.0,0,0,0.0,0,0.0,0,0.0,0,0.0,0,0.0,0,0.0,0,0.0,0,0.0,0,0.0,0,0.0,0.00,0.0,0,0,0
1915972473,通投-买燕窝-青春款-定向-日弘-25.7.27-历史优质,被计划暂停,审核通过,通投,直播间直接支付ROI,笔记（直播组件）,67e62a7d000000001b039ee2,66f67e4c000000001d03127d,图文笔记,通投-买燕窝-青春款-定向-日弘-25.7.27-历史优质,130805748,2025-07-27 23:07:29,0.00,0,0,0.0%,0.0,0.0,0,0.00,0.0,0,0,0.0,0,0,0.0,0,0.0,0,0.0,0,0.0,0,0.0,0,0.0,0,0.0,0,0.0,0,0.0,0,0.0,0.00,0.0,0,0,0
1915971825,通投-拒绝白-星光款-定向-日弘-25.7.27-历史优质,被计划暂停,审核通过,通投,直播间直接支付ROI,笔记（直播组件）,6662a85f000000001500a855,583691373460942ae8fc16bb,图文笔记,通投-拒绝白-星光款-定向-日弘-25.7.27-历史优质,130808387,2025-07-27 23:05:32,0.00,0,0,0.0%,0.0,0.0,0,0.00,0.0,0,0,0.0,0,0,0.0,0,0.0,0,0.0,0,0.0,0,0.0,0,0.0,0,0.0,0,0.0,0,0.0,0,0.0,0.00,0.0,0,0,0
1915812346,通投-懂行的-合集款-定向-日弘-25.7.27-历史优质,被计划暂停,审核通过,通投,直播间直接支付ROI,笔记（直播组件）,66d7c90e000000001f03eb73,583691373460942ae8fc16bb,图文笔记,通投-懂行的-合集款-定向-日弘-25.7.27-历史优质,130794539,2025-07-27 23:03:14,0.00,0,0,0.0%,0.0,0.0,0,0.00,0.0,0,0,0.0,0,0,0.0,0,0.0,0,0.0,0,0.0,0,0.0,0,0.0,0,0.0,0,0.0,0,0.0,0,0.0,0.00,0.0,0,0,0
1915915202,通投-孕期状-星光款-定向-日弘-25.7.27-历史优质,被计划暂停,审核通过,通投,直播间直接支付ROI,笔记（直播组件）,67caaf3a0000000029039d9a,66f67e4c000000001d03127d,图文笔记,通投-孕期状-星光款-定向-日弘-25.7.27-历史优质,130794525,2025-07-27 23:02:22,0.00,0,0,0.0%,0.0,0.0,0,0.00,0.0,0,0,0.0,0,0,0.0,0,0.0,0,0.0,0,0.0,0,0.0,0,0.0,0,0.0,0,0.0,0,0.0,0,0.0,0.00,0.0,0,0,0
1915913244,通投-燕窝新-合集款-定向-日弘-25.7.27-历史优质,被计划暂停,审核通过,通投,直播间直接支付ROI,笔记（直播组件）,6735ba5f000000003c015663,583691373460942ae8fc16bb,图文笔记,通投-燕窝新-合集款-定向-日弘-25.7.27-历史优质,130808318,2025-07-27 23:01:18,0.00,0,0,0.0%,0.0,0.0,0,0.00,0.0,0,0,0.0,0,0,0.0,0,0.0,0,0.0,0,0.0,0,0.0,0,0.0,0,0.0,0,0.0,0,0.0,0,0.0,0.00,0.0,0,0,0
1915708988,通投-谁还交-青春款-定向-日弘-25.7.27-历史优质,被计划暂停,审核通过,通投,直播间直接支付ROI,笔记（直播组件）,6748473c000000000202af9e,583691373460942ae8fc16bb,视频笔记,通投-谁还交-青春款-定向-日弘-25.7.27-历史优质,130799684,2025-07-27 23:00:23,0.00,0,0,0.0%,0.0,0.0,0,0.00,0.0,0,0,0.0,0,0,0.0,0,0.0,0,0.0,0,0.0,0,0.0,0,0.0,0,0.0,0,0.0,0,0.0,0,0.0,0.00,0.0,0,0,0
1915745413,通投-小白选-合集款-定向-日弘-25.7.27-历史优质,被计划暂停,审核通过,通投,直播间直接支付ROI,笔记（直播组件）,6800c0fe0000000007035cf4,583691373460942ae8fc16bb,图文笔记,通投-小白选-合集款-定向-日弘-25.7.27-历史优质,130805612,2025-07-27 22:58:43,0.00,0,0,0.0%,0.0,0.0,0,0.00,0.0,0,0,0.0,0,0,0.0,0,0.0,0,0.0,0,0.0,0,0.0,0,0.0,0,0.0,0,0.0,0,0.0,0,0.0,0.00,0.0,0,0,0
1915705706,通投-燕窝也-合集款-定向-日弘-25.7.27-历史优质,被计划暂停,审核通过,通投,直播间直接支付ROI,笔记（直播组件）,672d88bf000000001d0385de,583691373460942ae8fc16bb,图文笔记,通投-燕窝也-合集款-定向-日弘-25.7.27-历史优质,130789546,2025-07-27 22:56:29,0.00,0,0,0.0%,0.0,0.0,0,0.00,0.0,0,0,0.0,0,0,0.0,0,0.0,0,0.0,0,0.0,0,0.0,0,0.0,0,0.0,0,0.0,0,0.0,0,0.0,0.00,0.0,0,0,0
1906366924,通投-货攻略-青春款-定向-日弘-25.7.26-优化,被计划暂停,审核通过,通投,直播间直接支付ROI,笔记（直播组件）,6801aa95000000000d0140a5,583691373460942ae8fc16bb,图文笔记,通投-货攻略-青春款-定向-日弘-25.7.26-优化,130560533,2025-07-26 14:46:57,0.00,0,0,0.0%,0.0,0.0,0,0.00,0.0,0,0,0.0,0,0,0.0,0,0.0,0,0.0,0,0.0,0,0.0,0,0.0,0,0.0,0,0.0,0,0.0,0,0.0,0.00,0.0,0,0,0
1906485169,通投-孕期状-星光款-定向-日弘-25.7.26-优化,被计划暂停,审核通过,通投,直播间直接支付ROI,笔记（直播组件）,67caaf3a0000000029039d9a,66f67e4c000000001d03127d,图文笔记,通投-孕期状-星光款-定向-日弘-25.7.26-优化,130576224,2025-07-26 14:46:20,0.00,0,0,0.0%,0.0,0.0,0,0.00,0.0,0,0,0.0,0,0,0.0,0,0.0,0,0.0,0,0.0,0,0.0,0,0.0,0,0.0,0,0.0,0,0.0,0,0.0,0.00,0.0,0,0,0
1906329338,通投-内调外-星光款-定向-日弘-25.7.26-优化测试,被计划暂停,审核通过,通投,直播间直接支付ROI,笔记（直播组件）,68428148000000002100013c,66f67e4c000000001d03127d,图文笔记,通投-内调外-星光款-定向-日弘-25.7.26-优化测试,130571578,2025-07-26 14:45:36,0.00,0,0,0.0%,0.0,0.0,0,0.00,0.0,0,0,0.0,0,0,0.0,0,0.0,0,0.0,0,0.0,0,0.0,0,0.0,0,0.0,0,0.0,0,0.0,0,0.0,0.00,0.0,0,0,0
1906424538,通投-小白选-合集款-定向-日弘-25.7.26-优化,被计划暂停,审核通过,通投,直播间直接支付ROI,笔记（直播组件）,6800c0fe0000000007035cf4,583691373460942ae8fc16bb,图文笔记,通投-小白选-合集款-定向-日弘-25.7.26-优化,130576174,2025-07-26 14:44:00,0.00,0,0,0.0%,0.0,0.0,0,0.00,0.0,0,0,0.0,0,0,0.0,0,0.0,0,0.0,0,0.0,0,0.0,0,0.0,0,0.0,0,0.0,0,0.0,0,0.0,0.00,0.0,0,0,0
1906325212,通投-都得要-青春款-定向-日弘-25.7.26-优化,被计划暂停,审核通过,通投,直播间直接支付ROI,笔记（直播组件）,68394d70000000002102c03e,66f67e4c000000001d03127d,图文笔记,通投-都得要-青春款-定向-日弘-25.7.26-优化,130571459,2025-07-26 14:39:01,0.00,0,0,0.0%,0.0,0.0,0,0.00,0.0,0,0,0.0,0,0,0.0,0,0.0,0,0.0,0,0.0,0,0.0,0,0.0,0,0.0,0,0.0,0,0.0,0,0.0,0.00,0.0,0,0,0
1906059802,通投-冤枉钱-合集款-定向-日弘-25.7.26-优化,被计划暂停,不满足审核条件,通投,直播间直接支付ROI,笔记（直播组件）,684b88e4000000002100a26c,66f67e4c000000001d03127d,图文笔记,通投-冤枉钱-合集款-定向-日弘-25.7.26-优化,130587124,2025-07-26 14:36:02,0.00,0,0,0.0%,0.0,0.0,0,0.00,0.0,0,0,0.0,0,0,0.0,0,0.0,0,0.0,0,0.0,0,0.0,0,0.0,0,0.0,0,0.0,0,0.0,0,0.0,0.00,0.0,0,0,0
1906308455,通投-吃对了吗-青春款-系统-日弘-25.7.26-新笔记,被计划暂停,审核通过,通投,直播间直接支付ROI,笔记（直播组件）,6883515a0000000022030b94,66f67e4c000000001d03127d,图文笔记,通投-吃对了吗-青春款-系统-日弘-25.7.26-新笔记,130570792,2025-07-26 14:04:16,0.00,0,0,0.0%,0.0,0.0,0,0.00,0.0,0,0,0.0,0,0,0.0,0,0.0,0,0.0,0,0.0,0,0.0,0,0.0,0,0.0,0,0.0,0,0.0,0,0.0,0.00,0.0,0,0,0
1906097143,通投-营养焦虑-星光款-系统-日弘-25.7.26-新笔记,被计划暂停,审核通过,通投,直播间直接支付ROI,笔记（直播组件）,6883481f000000002201ed35,66f67e4c000000001d03127d,图文笔记,通投-营养焦虑-星光款-系统-日弘-25.7.26-新笔记,130565265,2025-07-26 13:59:40,0.00,0,0,0.0%,0.0,0.0,0,0.00,0.0,0,0,0.0,0,0,0.0,0,0.0,0,0.0,0,0.0,0,0.0,0,0.0,0,0.0,0,0.0,0,0.0,0,0.0,0.00,0.0,0,0,0
1901822547,通投-燕窝也-合集款-定向-日弘-25.7.25,被计划暂停,审核通过,通投,直播间直接支付ROI,笔记（直播组件）,672d88bf000000001d0385de,583691373460942ae8fc16bb,图文笔记,通投-燕窝也-合集款-定向-日弘-25.7.25,130469168,2025-07-25 22:02:35,0.00,0,0,0.0%,0.0,0.0,0,0.00,0.0,0,0,0.0,0,0,0.0,0,0.0,0,0.0,0,0.0,0,0.0,0,0.0,0,0.0,0,0.0,0,0.0,0,0.0,0.00,0.0,0,0,0
1891492434,通投-aka_大王-星光款-系统-达人-25.7.24,被计划暂停,审核通过,通投,直播间直接支付ROI,笔记（直播组件）,6879c044000000002201cb0f,54199577b4c4d63f80a679a8,视频笔记,通投-aka_大王-星光款-系统-达人-25.7.24,130134863,2025-07-24 16:32:17,0.00,0,0,0.0%,0.0,0.0,0,0.00,0.0,0,0,0.0,0,0,0.0,0,0.0,0,0.0,0,0.0,0,0.0,0,0.0,0,0.0,0,0.0,0,0.0,0,0.0,0.00,0.0,0,0,0
1882882763,通投-奶油脏脏包-星光款-定向-达人-25.7.20,被计划暂停,审核通过,通投,直播间直接支付ROI,笔记（直播组件）,6812b0bf00000000230169d8,657e88f3000000002002f691,图文笔记,通投-奶油脏脏包-星光款-定向-达人-25.7.20,129901500,2025-07-23 15:42:03,0.00,0,0,0.0%,0.0,0.0,0,0.00,0.0,0,0,0.0,0,0,0.0,0,0.0,0,0.0,0,0.0,0,0.0,0,0.0,0,0.0,0,0.0,0,0.0,0,0.0,0.00,0.0,0,0,0
1882494798,通投-大海小河-星光款-系统-达人-25.7.23,被计划暂停,审核拒绝,通投,直播间直接支付ROI,笔记（直播组件）,6874974b0000000011001a61,5ff1ca810000000001001eaf,视频笔记,通投-大海小河-星光款-系统-达人-25.7.23,129882970,2025-07-23 14:38:56,0.00,0,0,0.0%,0.0,0.0,0,0.00,0.0,0,0,0.0,0,0,0.0,0,0.0,0,0.0,0,0.0,0,0.0,0,0.0,0,0.0,0,0.0,0,0.0,0,0.0,0.00,0.0,0,0,0
1882283154,通投-大海小河-星光款-定向-达人-25.7.23,暂停,审核拒绝,通投,直播间直接支付ROI,笔记（直播组件）,6874974b0000000011001a61,5ff1ca810000000001001eaf,视频笔记,通投-大海小河-星光款-定向-达人-25.7.23,129903815,2025-07-23 14:38:24,0.00,0,0,0.0%,0.0,0.0,0,0.00,0.0,0,0,0.0,0,0,0.0,0,0.0,0,0.0,0,0.0,0,0.0,0,0.0,0,0.0,0,0.0,0,0.0,0,0.0,0.00,0.0,0,0,0
1882334996,通投-阿顺麻麻（二胎孕期）-星光款-系统-达人-25.7.23,被计划暂停,审核通过,通投,直播间直接支付ROI,笔记（直播组件）,687a14420000000010013b39,5f06d5d2000000000100288b,视频笔记,通投-合集5篇-星光款-系统-达人-25.7.23,129877196,2025-07-23 14:32:43,0.00,0,0,0.0%,0.0,0.0,0,0.00,0.0,0,0,0.0,0,0,0.0,0,0.0,0,0.0,0,0.0,0,0.0,0,0.0,0,0.0,0,0.0,0,0.0,0,0.0,0.00,0.0,0,0,0
1882334995,通投-阿拉元宝-星光款-系统-达人-25.7.23,被计划暂停,审核通过,通投,直播间直接支付ROI,笔记（直播组件）,687a16a400000000130110e5,59734c6482ec3927e868aec7,视频笔记,通投-合集5篇-星光款-系统-达人-25.7.23,129877196,2025-07-23 14:32:43,0.00,0,0,0.0%,0.0,0.0,0,0.00,0.0,0,0,0.0,0,0,0.0,0,0.0,0,0.0,0,0.0,0,0.0,0,0.0,0,0.0,0,0.0,0,0.0,0,0.0,0.00,0.0,0,0,0
1882334994,通投-akaka_大王-星光款-系统-达人-25.7.23,被计划暂停,审核通过,通投,直播间直接支付ROI,笔记（直播组件）,6879c044000000002201cb0f,54199577b4c4d63f80a679a8,视频笔记,通投-合集5篇-星光款-系统-达人-25.7.23,129877196,2025-07-23 14:32:43,0.00,0,0,0.0%,0.0,0.0,0,0.00,0.0,0,0,0.0,0,0,0.0,0,0.0,0,0.0,0,0.0,0,0.0,0,0.0,0,0.0,0,0.0,0,0.0,0,0.0,0.00,0.0,0,0,0
1882334993,通投-仔仔麻麻（孕晚期）-星光款-系统-达人-25.7.23,被计划暂停,审核通过,通投,直播间直接支付ROI,笔记（直播组件）,6878eaf20000000013013f9f,5c1915150000000005018623,图文笔记,通投-合集5篇-星光款-系统-达人-25.7.23,129877196,2025-07-23 14:32:43,0.00,0,0,0.0%,0.0,0.0,0,0.00,0.0,0,0,0.0,0,0,0.0,0,0.0,0,0.0,0,0.0,0,0.0,0,0.0,0,0.0,0,0.0,0,0.0,0,0.0,0.00,0.0,0,0,0
1882334992,通投-崔雪莉-星光款-系统-达人-25.7.23,被计划暂停,审核通过,通投,直播间直接支付ROI,笔记（直播组件）,6877a04e0000000022030225,5f1404d50000000001006b19,图文笔记,通投-合集5篇-星光款-系统-达人-25.7.23,129877196,2025-07-23 14:32:43,0.00,0,0,0.0%,0.0,0.0,0,0.00,0.0,0,0,0.0,0,0,0.0,0,0.0,0,0.0,0,0.0,0,0.0,0,0.0,0,0.0,0,0.0,0,0.0,0,0.0,0.00,0.0,0,0,0
1882273588,通投-阿顺麻麻（二胎孕期）-星光款-定向-达人-25.7.23,被计划暂停,审核通过,通投,直播间直接支付ROI,笔记（直播组件）,687a14420000000010013b39,5f06d5d2000000000100288b,视频笔记,通投-合集5篇-星光款-定向-达人-25.7.23,129893411,2025-07-23 14:31:52,0.00,0,0,0.0%,0.0,0.0,0,0.00,0.0,0,0,0.0,0,0,0.0,0,0.0,0,0.0,0,0.0,0,0.0,0,0.0,0,0.0,0,0.0,0,0.0,0,0.0,0.00,0.0,0,0,0
1882273587,通投-阿拉元宝-星光款-定向-达人-25.7.23,被计划暂停,审核通过,通投,直播间直接支付ROI,笔记（直播组件）,687a16a400000000130110e5,59734c6482ec3927e868aec7,视频笔记,通投-合集5篇-星光款-定向-达人-25.7.23,129893411,2025-07-23 14:31:52,0.00,0,0,0.0%,0.0,0.0,0,0.00,0.0,0,0,0.0,0,0,0.0,0,0.0,0,0.0,0,0.0,0,0.0,0,0.0,0,0.0,0,0.0,0,0.0,0,0.0,0.00,0.0,0,0,0
1882273586,通投-akaka_大王-星光款-定向-达人-25.7.23,被计划暂停,审核通过,通投,直播间直接支付ROI,笔记（直播组件）,6879c044000000002201cb0f,54199577b4c4d63f80a679a8,视频笔记,通投-合集5篇-星光款-定向-达人-25.7.23,129893411,2025-07-23 14:31:52,0.00,0,0,0.0%,0.0,0.0,0,0.00,0.0,0,0,0.0,0,0,0.0,0,0.0,0,0.0,0,0.0,0,0.0,0,0.0,0,0.0,0,0.0,0,0.0,0,0.0,0.00,0.0,0,0,0
1882273585,通投-仔仔麻麻（孕晚期）-星光款-定向-达人-25.7.23,被计划暂停,审核通过,通投,直播间直接支付ROI,笔记（直播组件）,6878eaf20000000013013f9f,5c1915150000000005018623,图文笔记,通投-合集5篇-星光款-定向-达人-25.7.23,129893411,2025-07-23 14:31:52,0.00,0,0,0.0%,0.0,0.0,0,0.00,0.0,0,0,0.0,0,0,0.0,0,0.0,0,0.0,0,0.0,0,0.0,0,0.0,0,0.0,0,0.0,0,0.0,0,0.0,0.00,0.0,0,0,0
1882273584,通投-崔雪莉-星光款-定向-达人-25.7.23,被计划暂停,审核通过,通投,直播间直接支付ROI,笔记（直播组件）,6877a04e0000000022030225,5f1404d50000000001006b19,图文笔记,通投-合集5篇-星光款-定向-达人-25.7.23,129893411,2025-07-23 14:31:52,0.00,0,0,0.0%,0.0,0.0,0,0.00,0.0,0,0,0.0,0,0,0.0,0,0.0,0,0.0,0,0.0,0,0.0,0,0.0,0,0.0,0,0.0,0,0.0,0,0.0,0.00,0.0,0,0,0
1874798288,通投-小仙炖-合集款-定向-广告素材-25.7.13-临时,计划已结束,不满足审核条件,通投,直播间直接支付ROI,笔记（直播组件）,6811bf9f000000002202b1c4,583691373460942ae8fc16bb,图文笔记,通投-小仙炖-合集款-定向-广告素材-25.7.13-优化-临时,129661542,2025-07-22 15:55:50,0.00,0,0,0.0%,0.0,0.0,0,0.00,0.0,0,0,0.0,0,0,0.0,0,0.0,0,0.0,0,0.0,0,0.0,0,0.0,0,0.0,0,0.0,0,0.0,0,0.0,0.00,0.0,0,0,0
1868562031,通投-高端滋补-青春款-定向-日弘-25.7.21-图文,被计划暂停,审核通过,通投,直播间直接支付ROI,笔记（直播组件）,687a11dd0000000023006a4d,66f67e4c000000001d03127d,图文笔记,通投-高端滋补-青春款-定向-日弘-25.7.21-图文,129510802,2025-07-21 19:45:05,0.00,0,0,0.0%,0.0,0.0,0,0.00,0.0,0,0,0.0,0,0,0.0,0,0.0,0,0.0,0,0.0,0,0.0,0,0.0,0,0.0,0,0.0,0,0.0,0,0.0,0.00,0.0,0,0,0
1868412363,通投-高端滋补-青春款-系统-日弘-25.7.21-图文,被计划暂停,审核通过,通投,直播间直接支付ROI,笔记（直播组件）,687a11dd0000000023006a4d,66f67e4c000000001d03127d,图文笔记,通投-高端滋补-青春款-系统-日弘-25.7.21-图文,129531209,2025-07-21 19:44:39,0.00,0,0,0.0%,0.0,0.0,0,0.00,0.0,0,0,0.0,0,0,0.0,0,0.0,0,0.0,0,0.0,0,0.0,0,0.0,0,0.0,0,0.0,0,0.0,0,0.0,0.00,0.0,0,0,0
1861484057,通投-六边形战士-星光款-定向-抖音-25.7.20,被计划暂停,审核通过,通投,直播间直接支付ROI,笔记（直播组件）,686f8c970000000012016718,66f67e4c000000001d03127d,视频笔记,通投-六边形战士-星光款-定向-抖音-25.7.20,129304702,2025-07-20 20:52:14,0.00,0,0,0.0%,0.0,0.0,0,0.00,0.0,0,0,0.0,0,0,0.0,0,0.0,0,0.0,0,0.0,0,0.0,0,0.0,0,0.0,0,0.0,0,0.0,0,0.0,0.00,0.0,0,0,0
1848165689,通投-纠结的-合集款-定向-日弘-25.7.18,被计划暂停,审核通过,通投,直播间直接支付ROI,笔记（直播组件）,686724b90000000020018ee2,66f67e4c000000001d03127d,图文笔记,通投-纠结的-合集款-定向-日弘-25.7.18,129019910,2025-07-18 22:15:07,0.00,0,0,0.0%,0.0,0.0,0,0.00,0.0,0,0,0.0,0,0,0.0,0,0.0,0,0.0,0,0.0,0,0.0,0,0.0,0,0.0,0,0.0,0,0.0,0,0.0,0.00,0.0,0,0,0
1847689587,通投-这瓶贵-星光款-系统-抖音-25.7.18-优质扩建,被计划暂停,审核通过,通投,直播间直接支付ROI,笔记（直播组件）,6867a2bf000000000b01d00a,66f67e4c000000001d03127d,视频笔记,通投-这瓶贵-星光款-系统-抖音-25.7.18-优质扩建,129044111,2025-07-18 20:55:34,0.00,0,0,0.0%,0.0,0.0,0,0.00,0.0,0,0,0.0,0,0,0.0,0,0.0,0,0.0,0,0.0,0,0.0,0,0.0,0,0.0,0,0.0,0,0.0,0,0.0,0.00,0.0,0,0,0
1844759985,通投-一键拉回-青春款-系统-日弘-25.7.18-图文,被计划暂停,审核通过,通投,直播间直接支付ROI,笔记（直播组件）,6879e136000000002201e843,66f67e4c000000001d03127d,图文笔记,通投-一键拉回-青春款-系统-日弘-25.7.18-图文,128926018,2025-07-18 14:18:56,0.00,0,0,0.0%,0.0,0.0,0,0.00,0.0,0,0,0.0,0,0,0.0,0,0.0,0,0.0,0,0.0,0,0.0,0,0.0,0,0.0,0,0.0,0,0.0,0,0.0,0.00,0.0,0,0,0
1844608880,通投-一键拉回-青春款-定向-日弘-25.7.18-图文,被计划暂停,审核通过,通投,直播间直接支付ROI,笔记（直播组件）,6879e136000000002201e843,66f67e4c000000001d03127d,图文笔记,通投-一键拉回-青春款-定向-日弘-25.7.18-图文,128904806,2025-07-18 14:18:23,0.00,0,0,0.0%,0.0,0.0,0,0.00,0.0,0,0,0.0,0,0,0.0,0,0.0,0,0.0,0,0.0,0,0.0,0,0.0,0,0.0,0,0.0,0,0.0,0,0.0,0.00,0.0,0,0,0
1840101869,通投-燕窝也-合集款-定向-日弘-25.7.17,暂停,审核通过,通投,直播间直接支付ROI,笔记（直播组件）,672d88bf000000001d0385de,583691373460942ae8fc16bb,图文笔记,通投-燕窝也-合集款-定向-日弘-25.7.17,128805766,2025-07-17 22:03:58,0.00,0,0,0.0%,0.0,0.0,0,0.00,0.0,0,0,0.0,0,0,0.0,0,0.0,0,0.0,0,0.0,0,0.0,0,0.0,0,0.0,0,0.0,0,0.0,0,0.0,0.00,0.0,0,0,0
1839776696,通投-饱满肌-青春款-定向-日弘-25.7.17-图文,暂停,审核通过,通投,直播间直接支付ROI,笔记（直播组件）,686f734e000000002400bf48,66f67e4c000000001d03127d,图文笔记,通投-饱满肌-青春款-定向-日弘-25.7.17-图文,128790325,2025-07-17 20:42:02,0.00,0,0,0.0%,0.0,0.0,0,0.00,0.0,0,0,0.0,0,0,0.0,0,0.0,0,0.0,0,0.0,0,0.0,0,0.0,0,0.0,0,0.0,0,0.0,0,0.0,0.00,0.0,0,0,0
1839365322,通投-小白选-合集款-定向-广告素材-25.7.17-优质扩建,暂停,审核通过,通投,直播间直接支付ROI,笔记（直播组件）,6800c0fe0000000007035cf4,583691373460942ae8fc16bb,图文笔记,通投-小白选-合集款-定向-广告素材-25.7.17-优质扩建,128798360,2025-07-17 19:20:41,0.00,0,0,0.0%,0.0,0.0,0,0.00,0.0,0,0,0.0,0,0,0.0,0,0.0,0,0.0,0,0.0,0,0.0,0,0.0,0,0.0,0,0.0,0,0.0,0,0.0,0.00,0.0,0,0,0
1839191904,通投-福利速抢-青春款-系统-日弘-25.7.17-图文,被计划暂停,审核通过,通投,直播间直接支付ROI,笔记（直播组件）,6878926c00000000200185fb,66f67e4c000000001d03127d,图文笔记,通投-福利速抢-青春款-系统-日弘-25.7.17-图文,128792283,2025-07-17 18:47:28,0.00,0,0,0.0%,0.0,0.0,0,0.00,0.0,0,0,0.0,0,0,0.0,0,0.0,0,0.0,0,0.0,0,0.0,0,0.0,0,0.0,0,0.0,0,0.0,0,0.0,0.00,0.0,0,0,0
1839230017,通投-福利速抢-青春款-定向-日弘-25.7.17-图文,暂停,审核通过,通投,直播间直接支付ROI,笔记（直播组件）,6878926c00000000200185fb,66f67e4c000000001d03127d,图文笔记,通投-福利速抢-青春款-定向-日弘-25.7.17-图文,128783576,2025-07-17 18:46:39,0.00,0,0,0.0%,0.0,0.0,0,0.00,0.0,0,0,0.0,0,0,0.0,0,0.0,0,0.0,0,0.0,0,0.0,0,0.0,0,0.0,0,0.0,0,0.0,0,0.0,0.00,0.0,0,0,0
1832057125,通投-快乐孕育马老师-星光款-定向-达人-25.7.16-图文,暂停,审核通过,通投,直播间直接支付ROI,笔记（直播组件）,686f75130000000012030950,664d78780000000007006660,视频笔记,通投-快乐孕育马老师-星光款-定向-达人-25.7.16-图文,128569732,2025-07-16 20:33:20,0.00,0,0,0.0%,0.0,0.0,0,0.00,0.0,0,0,0.0,0,0,0.0,0,0.0,0,0.0,0,0.0,0,0.0,0,0.0,0,0.0,0,0.0,0,0.0,0,0.0,0.00,0.0,0,0,0
1832055486,通投-瑞瑞妈妈-星光款-定向-达人-25.7.16-图文,暂停,审核通过,通投,直播间直接支付ROI,笔记（直播组件）,686ca3140000000011003e38,61e826e2000000001000da64,图文笔记,通投-瑞瑞妈妈-星光款-定向-达人-25.7.16-图文,128569726,2025-07-16 20:32:22,0.00,0,0,0.0%,0.0,0.0,0,0.00,0.0,0,0,0.0,0,0,0.0,0,0.0,0,0.0,0,0.0,0,0.0,0,0.0,0,0.0,0,0.0,0,0.0,0,0.0,0.00,0.0,0,0,0
1832203341,通投-奇多妈妈-星光款-定向-达人-25.7.16-图文,暂停,审核通过,通投,直播间直接支付ROI,笔记（直播组件）,6867a8e10000000010026274,5b5956dd4eacab2b47d65e22,图文笔记,通投-奇多妈妈-星光款-定向-达人-25.7.16-图文,128589353,2025-07-16 20:31:13,0.00,0,0,0.0%,0.0,0.0,0,0.00,0.0,0,0,0.0,0,0,0.0,0,0.0,0,0.0,0,0.0,0,0.0,0,0.0,0,0.0,0,0.0,0,0.0,0,0.0,0.00,0.0,0,0,0
1831921509,通投-成分党小夏-星光款-定向-达人-25.7.16-图文,被计划暂停,审核通过,通投,直播间直接支付ROI,笔记（直播组件）,68664edf0000000015020e82,6781d22c000000000803fa58,图文笔记,通投-成分党小夏-星光款-定向-达人-25.7.16-图文,128588666,2025-07-16 19:41:12,0.00,0,0,0.0%,0.0,0.0,0,0.00,0.0,0,0,0.0,0,0,0.0,0,0.0,0,0.0,0,0.0,0,0.0,0,0.0,0,0.0,0,0.0,0,0.0,0,0.0,0.00,0.0,0,0,0
1823692552,通投-小仙炖-合集款-系统-广告素材-25.7.15-优化,被计划暂停,审核通过,通投,直播间直接支付ROI,笔记（直播组件）,6811bf9f000000002202b1c4,583691373460942ae8fc16bb,图文笔记,通投-小仙炖-合集款-系统-广告素材-25.7.15-优化,128352384,2025-07-15 17:42:19,0.00,0,0,0.0%,0.0,0.0,0,0.00,0.0,0,0,0.0,0,0,0.0,0,0.0,0,0.0,0,0.0,0,0.0,0,0.0,0,0.0,0,0.0,0,0.0,0,0.0,0.00,0.0,0,0,0
1823631721,通投-姐姐的-星光款-定向-抖音-25.7.15-优质扩建,被计划暂停,审核通过,通投,直播间直接支付ROI,笔记（直播组件）,6867a240000000000b02ee6e,66f67e4c000000001d03127d,视频笔记,通投-姐姐的-星光款-定向-抖音-25.7.15-优质扩建,128361412,2025-07-15 17:39:11,0.00,0,0,0.0%,0.0,0.0,0,0.00,0.0,0,0,0.0,0,0,0.0,0,0.0,0,0.0,0,0.0,0,0.0,0,0.0,0,0.0,0,0.0,0,0.0,0,0.0,0.00,0.0,0,0,0
1823688558,通投-这瓶贵-星光款-定向-抖音-25.7.15-优质扩建,暂停,审核通过,通投,直播间直接支付ROI,笔记（直播组件）,6867a2bf000000000b01d00a,66f67e4c000000001d03127d,视频笔记,通投-这瓶贵-星光款-定向-抖音-25.7.15-优质扩建,128352225,2025-07-15 17:38:11,0.00,0,0,0.0%,0.0,0.0,0,0.00,0.0,0,0,0.0,0,0,0.0,0,0.0,0,0.0,0,0.0,0,0.0,0,0.0,0,0.0,0,0.0,0,0.0,0,0.0,0.00,0.0,0,0,0
1820470559,通投-三伏天-星光款-定向-日弘-25.7.15-图文,被计划暂停,审核通过,通投,直播间直接支付ROI,笔记（直播组件）,686f628a000000001c031d2b,66f67e4c000000001d03127d,图文笔记,通投-三伏天-星光款-定向-日弘-25.7.15-图文,128277082,2025-07-15 10:11:19,0.00,0,0,0.0%,0.0,0.0,0,0.00,0.0,0,0,0.0,0,0,0.0,0,0.0,0,0.0,0,0.0,0,0.0,0,0.0,0,0.0,0,0.0,0,0.0,0,0.0,0.00,0.0,0,0,0
1820468627,通投-不浪费-合集款-定向-日弘-25.7.15-图文,被计划暂停,审核通过,通投,直播间直接支付ROI,笔记（直播组件）,686f7465000000001c032113,66f67e4c000000001d03127d,图文笔记,通投-不浪费-合集款-定向-日弘-25.7.15-图文,128277029,2025-07-15 10:10:04,0.00,0,0,0.0%,0.0,0.0,0,0.00,0.0,0,0,0.0,0,0,0.0,0,0.0,0,0.0,0,0.0,0,0.0,0,0.0,0,0.0,0,0.0,0,0.0,0,0.0,0.00,0.0,0,0,0
1820501031,通投-别当抗-青春款-定向-日弘-25.7.14-优化,被计划暂停,审核通过,通投,直播间直接支付ROI,笔记（直播组件）,6842915f0000000022006397,583691373460942ae8fc16bb,图文笔记,通投-别当抗-青春款-定向-日弘-25.7.14-优化,128251573,2025-07-15 10:03:45,0.00,0,0,0.0%,0.0,0.0,0,0.00,0.0,0,0,0.0,0,0,0.0,0,0.0,0,0.0,0,0.0,0,0.0,0,0.0,0,0.0,0,0.0,0,0.0,0,0.0,0.00,0.0,0,0,0
1820189142,通投-跟风买-合集款-定向-日弘-25.7.14-优化,被计划暂停,审核通过,通投,直播间直接支付ROI,笔记（直播组件）,6853cd19000000002201c348,66f67e4c000000001d03127d,图文笔记,通投-跟风买-合集款-定向-日弘-25.7.14-优化,128255451,2025-07-15 09:55:09,0.00,0,0,0.0%,0.0,0.0,0,0.00,0.0,0,0,0.0,0,0,0.0,0,0.0,0,0.0,0,0.0,0,0.0,0,0.0,0,0.0,0,0.0,0,0.0,0,0.0,0.00,0.0,0,0,0
1815366461,通投-幸福感拉满-星光款-托管-抖音-25.7.14,暂停,不满足审核条件,通投,直播间直接支付ROI,笔记（直播组件）,686f8ce50000000012016977,66f67e4c000000001d03127d,视频笔记,通投-赛马合集2-星光款-托管-抖音-25.7.14,128155590,2025-07-14 16:34:08,0.00,0,0,0.0%,0.0,0.0,0,0.00,0.0,0,0,0.0,0,0,0.0,0,0.0,0,0.0,0,0.0,0,0.0,0,0.0,0,0.0,0,0.0,0,0.0,0,0.0,0.00,0.0,0,0,0
1815366460,通投-六边形战士-星光款-托管-抖音-25.7.14,被计划暂停,审核通过,通投,直播间直接支付ROI,笔记（直播组件）,686f8c970000000012016718,66f67e4c000000001d03127d,视频笔记,通投-赛马合集2-星光款-托管-抖音-25.7.14,128155590,2025-07-14 16:34:08,0.00,0,0,0.0%,0.0,0.0,0,0.00,0.0,0,0,0.0,0,0,0.0,0,0.0,0,0.0,0,0.0,0,0.0,0,0.0,0,0.0,0,0.0,0,0.0,0,0.0,0.00,0.0,0,0,0
1815366459,通投-拍断大腿-星光款-托管-抖音-25.7.14,暂停,审核通过,通投,直播间直接支付ROI,笔记（直播组件）,686f8c51000000001100235f,66f67e4c000000001d03127d,视频笔记,通投-赛马合集2-星光款-托管-抖音-25.7.14,128155590,2025-07-14 16:34:08,0.00,0,0,0.0%,0.0,0.0,0,0.00,0.0,0,0,0.0,0,0,0.0,0,0.0,0,0.0,0,0.0,0,0.0,0,0.0,0,0.0,0,0.0,0,0.0,0,0.0,0.00,0.0,0,0,0
1815366458,通投-女星都在-星光款-托管-抖音-25.7.14,暂停,审核通过,通投,直播间直接支付ROI,笔记（直播组件）,686f8bf2000000001201620b,66f67e4c000000001d03127d,视频笔记,通投-赛马合集2-星光款-托管-抖音-25.7.14,128155590,2025-07-14 16:34:08,0.00,0,0,0.0%,0.0,0.0,0,0.00,0.0,0,0,0.0,0,0,0.0,0,0.0,0,0.0,0,0.0,0,0.0,0,0.0,0,0.0,0,0.0,0,0.0,0,0.0,0.00,0.0,0,0,0
1815366457,通投-王炸局-星光款-托管-抖音-25.7.14,暂停,审核通过,通投,直播间直接支付ROI,笔记（直播组件）,686f8a28000000000b01c331,66f67e4c000000001d03127d,视频笔记,通投-赛马合集2-星光款-托管-抖音-25.7.14,128155590,2025-07-14 16:34:08,0.00,0,0,0.0%,0.0,0.0,0,0.00,0.0,0,0,0.0,0,0,0.0,0,0.0,0,0.0,0,0.0,0,0.0,0,0.0,0,0.0,0,0.0,0,0.0,0,0.0,0.00,0.0,0,0,0
1815158389,通投-孕妈必囤-星光款-托管-抖音-25.7.14,被计划暂停,审核通过,通投,直播间直接支付ROI,笔记（直播组件）,686f89df0000000010013071,66f67e4c000000001d03127d,视频笔记,通投-赛马合集1-星光款-托管-抖音-25.7.14,128155465,2025-07-14 16:31:33,0.00,0,0,0.0%,0.0,0.0,0,0.00,0.0,0,0,0.0,0,0,0.0,0,0.0,0,0.0,0,0.0,0,0.0,0,0.0,0,0.0,0,0.0,0,0.0,0,0.0,0.00,0.0,0,0,0
1815158388,通投-不将就-星光款-托管-抖音-25.7.14,暂停,审核通过,通投,直播间直接支付ROI,笔记（直播组件）,686f897c000000000d019ab7,66f67e4c000000001d03127d,视频笔记,通投-赛马合集1-星光款-托管-抖音-25.7.14,128155465,2025-07-14 16:31:33,0.00,0,0,0.0%,0.0,0.0,0,0.00,0.0,0,0,0.0,0,0,0.0,0,0.0,0,0.0,0,0.0,0,0.0,0,0.0,0,0.0,0,0.0,0,0.0,0,0.0,0.00,0.0,0,0,0
1815158387,通投-赢麻了-星光款-托管-抖音-25.7.14,被计划暂停,审核通过,通投,直播间直接支付ROI,笔记（直播组件）,686f89120000000012014c03,66f67e4c000000001d03127d,视频笔记,通投-赛马合集1-星光款-托管-抖音-25.7.14,128155465,2025-07-14 16:31:33,0.00,0,0,0.0%,0.0,0.0,0,0.00,0.0,0,0,0.0,0,0,0.0,0,0.0,0,0.0,0,0.0,0,0.0,0,0.0,0,0.0,0,0.0,0,0.0,0,0.0,0.00,0.0,0,0,0
1815158386,通投-孕期宠爱-星光款-托管-抖音-25.7.14,暂停,不满足审核条件,通投,直播间直接支付ROI,笔记（直播组件）,686f88d2000000000d024fa2,66f67e4c000000001d03127d,视频笔记,通投-赛马合集1-星光款-托管-抖音-25.7.14,128155465,2025-07-14 16:31:33,0.00,0,0,0.0%,0.0,0.0,0,0.00,0.0,0,0,0.0,0,0,0.0,0,0.0,0,0.0,0,0.0,0,0.0,0,0.0,0,0.0,0,0.0,0,0.0,0,0.0,0.00,0.0,0,0,0
1815158385,通投-抗衰绝-星光款-托管-抖音-25.7.14,被计划暂停,审核拒绝,通投,直播间直接支付ROI,笔记（直播组件）,686f876e000000000b01edb9,66f67e4c000000001d03127d,视频笔记,通投-赛马合集1-星光款-托管-抖音-25.7.14,128155465,2025-07-14 16:31:33,0.00,0,0,0.0%,0.0,0.0,0,0.00,0.0,0,0,0.0,0,0,0.0,0,0.0,0,0.0,0,0.0,0,0.0,0,0.0,0,0.0,0,0.0,0,0.0,0,0.0,0.00,0.0,0,0,0
1814681781,通投-爱马仕-星光款-托管-抖音-25.7.14,暂停,审核通过,通投,直播间直接支付ROI,笔记（直播组件）,686f85c3000000000b01e0c6,66f67e4c000000001d03127d,视频笔记,通投-赛马合集-星光款-托管-抖音-25.7.14,128146356,2025-07-14 14:55:56,0.00,0,0,0.0%,0.0,0.0,0,0.00,0.0,0,0,0.0,0,0,0.0,0,0.0,0,0.0,0,0.0,0,0.0,0,0.0,0,0.0,0,0.0,0,0.0,0,0.0,0.00,0.0,0,0,0
1814681780,通投-跟着女明星-星光款-托管-抖音-25.7.14,暂停,审核通过,通投,直播间直接支付ROI,笔记（直播组件）,686f84b6000000000b01d8cd,66f67e4c000000001d03127d,视频笔记,通投-赛马合集-星光款-托管-抖音-25.7.14,128146356,2025-07-14 14:55:56,0.00,0,0,0.0%,0.0,0.0,0,0.00,0.0,0,0,0.0,0,0,0.0,0,0.0,0,0.0,0,0.0,0,0.0,0,0.0,0,0.0,0,0.0,0,0.0,0,0.0,0.00,0.0,0,0,0
1814681779,通投-章子怡亲选-星光款-托管-抖音-25.7.14,暂停,审核拒绝,通投,直播间直接支付ROI,笔记（直播组件）,686f8439000000000b02f0d2,66f67e4c000000001d03127d,视频笔记,通投-赛马合集-星光款-托管-抖音-25.7.14,128146356,2025-07-14 14:55:56,0.00,0,0,0.0%,0.0,0.0,0,0.00,0.0,0,0,0.0,0,0,0.0,0,0.0,0,0.0,0,0.0,0,0.0,0,0.0,0,0.0,0,0.0,0,0.0,0,0.0,0.00,0.0,0,0,0
1814681778,通投-杠杠的-星光款-托管-抖音-25.7.14,暂停,审核通过,通投,直播间直接支付ROI,笔记（直播组件）,686f8398000000000d026673,66f67e4c000000001d03127d,视频笔记,通投-赛马合集-星光款-托管-抖音-25.7.14,128146356,2025-07-14 14:55:56,0.00,0,0,0.0%,0.0,0.0,0,0.00,0.0,0,0,0.0,0,0,0.0,0,0.0,0,0.0,0,0.0,0,0.0,0,0.0,0,0.0,0,0.0,0,0.0,0,0.0,0.00,0.0,0,0,0
1814681777,通投-整个孕期-星光款-托管-抖音-25.7.14,被计划暂停,审核通过,通投,直播间直接支付ROI,笔记（直播组件）,686f82c60000000011001994,66f67e4c000000001d03127d,视频笔记,通投-赛马合集-星光款-托管-抖音-25.7.14,128146356,2025-07-14 14:55:56,0.00,0,0,0.0%,0.0,0.0,0,0.00,0.0,0,0,0.0,0,0,0.0,0,0.0,0,0.0,0,0.0,0,0.0,0,0.0,0,0.0,0,0.0,0,0.0,0,0.0,0.00,0.0,0,0,0
1813278366,通投-坦白局-星光款-定向-日弘-25.7.13,被计划暂停,审核通过,通投,直播间直接支付ROI,笔记（直播组件）,686780950000000024009889,66f67e4c000000001d03127d,图文笔记,通投-坦白局-星光款-定向-日弘-25.7.13,128115242,2025-07-14 11:04:06,0.00,0,0,0.0%,0.0,0.0,0,0.00,0.0,0,0,0.0,0,0,0.0,0,0.0,0,0.0,0,0.0,0,0.0,0,0.0,0,0.0,0,0.0,0,0.0,0,0.0,0.00,0.0,0,0,0
1808951324,通投-孕期坦-星光款-定向-日弘-25.7.13-优化,被计划暂停,审核通过,通投,直播间直接支付ROI,笔记（直播组件）,685e0fa70000000023006f5d,66f67e4c000000001d03127d,图文笔记,通投-孕期坦-星光款-定向-日弘-25.7.13-优化,128038758,2025-07-13 17:27:32,0.00,0,0,0.0%,0.0,0.0,0,0.00,0.0,0,0,0.0,0,0,0.0,0,0.0,0,0.0,0,0.0,0,0.0,0,0.0,0,0.0,0,0.0,0,0.0,0,0.0,0.00,0.0,0,0,0
1808991101,通投-跟着张-青春款-定向-广告素材-25.7.13-优化,被计划暂停,审核通过,通投,直播间直接支付ROI,笔记（直播组件）,6848e943000000002102e0b6,583691373460942ae8fc16bb,图文笔记,通投-跟着张-青春款-定向-广告素材-25.7.13-优化,128034419,2025-07-13 17:26:06,0.00,0,0,0.0%,0.0,0.0,0,0.00,0.0,0,0,0.0,0,0,0.0,0,0.0,0,0.0,0,0.0,0,0.0,0,0.0,0,0.0,0,0.0,0,0.0,0,0.0,0.00,0.0,0,0,0
1808839734,通投-不是燕-星光款-定向-日弘-25.7.13-优化,被计划暂停,审核通过,通投,直播间直接支付ROI,笔记（直播组件）,6747c34600000000020383fa,583691373460942ae8fc16bb,图文笔记,通投-不是燕-星光款-定向-日弘-25.7.13-优化,128034405,2025-07-13 17:24:49,0.00,0,0,0.0%,0.0,0.0,0,0.00,0.0,0,0,0.0,0,0,0.0,0,0.0,0,0.0,0,0.0,0,0.0,0,0.0,0,0.0,0,0.0,0,0.0,0,0.0,0.00,0.0,0,0,0
1809046642,通投-小仙炖-合集款-定向-广告素材-25.7.13-历史优质,被计划暂停,审核通过,通投,直播间直接支付ROI,笔记（直播组件）,6811bf9f000000002202b1c4,583691373460942ae8fc16bb,图文笔记,通投-小仙炖-合集款-定向-广告素材-25.7.13-历史优质,128054741,2025-07-13 17:23:13,0.00,0,0,0.0%,0.0,0.0,0,0.00,0.0,0,0,0.0,0,0,0.0,0,0.0,0,0.0,0,0.0,0,0.0,0,0.0,0,0.0,0,0.0,0,0.0,0,0.0,0.00,0.0,0,0,0
1808896696,通投-拒绝白-星光款-定向-填坑-25.7.13-优化,暂停,审核通过,通投,直播间直接支付ROI,笔记（直播组件）,6662a85f000000001500a855,583691373460942ae8fc16bb,图文笔记,通投-拒绝白-星光款-定向-填坑-25.7.13-优化,128049035,2025-07-13 17:21:55,0.00,0,0,0.0%,0.0,0.0,0,0.00,0.0,0,0,0.0,0,0,0.0,0,0.0,0,0.0,0,0.0,0,0.0,0,0.0,0,0.0,0,0.0,0,0.0,0,0.0,0.00,0.0,0,0,0
1808078323,通投-抓住春-合集款-定向-日弘-25.7.13优化,被计划暂停,审核通过,通投,直播间直接支付ROI,笔记（直播组件）,67dd1f02000000001e00986e,66f67e4c000000001d03127d,图文笔记,通投-抓住春-合集款-定向-日弘-25.7.13优化,128027996,2025-07-13 14:43:46,0.00,0,0,0.0%,0.0,0.0,0,0.00,0.0,0,0,0.0,0,0,0.0,0,0.0,0,0.0,0,0.0,0,0.0,0,0.0,0,0.0,0,0.0,0,0.0,0,0.0,0.00,0.0,0,0,0
1808070710,通投-燕窝吃-合集款-定向-日弘-25.7.13优化,被计划暂停,审核通过,通投,直播间直接支付ROI,笔记（直播组件）,67ce86860000000029029a4f,66f67e4c000000001d03127d,图文笔记,通投-优化赛马-合集款-定向-日弘-25.7.13优化,128017413,2025-07-13 14:38:28,0.00,0,0,0.0%,0.0,0.0,0,0.00,0.0,0,0,0.0,0,0,0.0,0,0.0,0,0.0,0,0.0,0,0.0,0,0.0,0,0.0,0,0.0,0,0.0,0,0.0,0.00,0.0,0,0,0
1808070709,通投-补答案-合集款-定向-日弘-25.7.13优化,被计划暂停,审核通过,通投,直播间直接支付ROI,笔记（直播组件）,68428f3c000000002101a93a,66f67e4c000000001d03127d,图文笔记,通投-优化赛马-合集款-定向-日弘-25.7.13优化,128017413,2025-07-13 14:38:28,0.00,0,0,0.0%,0.0,0.0,0,0.00,0.0,0,0,0.0,0,0,0.0,0,0.0,0,0.0,0,0.0,0,0.0,0,0.0,0,0.0,0,0.0,0,0.0,0,0.0,0.00,0.0,0,0,0
1803609077,通投-四夕大王-星光款-系统-达人-25.7.12-图文,暂停,审核通过,通投,直播间直接支付ROI,笔记（直播组件）,6867852d000000001202dde2,5bcd3781f7e8b93505e0d7ad,图文笔记,通投-四夕大王-星光款-系统-达人-25.7.12-图文,127976338,2025-07-12 19:40:33,0.00,0,0,0.0%,0.0,0.0,0,0.00,0.0,0,0,0.0,0,0,0.0,0,0.0,0,0.0,0,0.0,0,0.0,0,0.0,0,0.0,0,0.0,0,0.0,0,0.0,0.00,0.0,0,0,0
1803663053,通投-奇多妈妈-星光款-系统-达人-25.7.12-图文,暂停,审核通过,通投,直播间直接支付ROI,笔记（直播组件）,6867a8e10000000010026274,5b5956dd4eacab2b47d65e22,图文笔记,通投-奇多妈妈-星光款-系统-达人-25.7.12-图文,127961736,2025-07-12 19:38:40,0.00,0,0,0.0%,0.0,0.0,0,0.00,0.0,0,0,0.0,0,0,0.0,0,0.0,0,0.0,0,0.0,0,0.0,0,0.0,0,0.0,0,0.0,0,0.0,0,0.0,0.00,0.0,0,0,0
1801999137,通投-不浪费-合集款-系统-日弘-25.7.12-图文,被计划暂停,审核通过,通投,直播间直接支付ROI,笔记（直播组件）,686f7465000000001c032113,66f67e4c000000001d03127d,图文笔记,通投-不浪费-合集款-系统-日弘-25.7.12-图文,127915522,2025-07-12 15:05:02,0.00,0,0,0.0%,0.0,0.0,0,0.00,0.0,0,0,0.0,0,0,0.0,0,0.0,0,0.0,0,0.0,0,0.0,0,0.0,0,0.0,0,0.0,0,0.0,0,0.0,0.00,0.0,0,0,0
1801888941,通投-饱满肌-青春款-系统-日弘-25.7.12-图文,被计划暂停,不满足审核条件,通投,直播间直接支付ROI,笔记（直播组件）,686f734e000000002400bf48,66f67e4c000000001d03127d,图文笔记,通投-饱满肌-青春款-系统-日弘-25.7.12-图文,127929164,2025-07-12 14:47:38,0.00,0,0,0.0%,0.0,0.0,0,0.00,0.0,0,0,0.0,0,0,0.0,0,0.0,0,0.0,0,0.0,0,0.0,0,0.0,0,0.0,0,0.0,0,0.0,0,0.0,0.00,0.0,0,0,0
1801934200,通投-三伏天-星光款-系统-日弘-25.7.12-图文,被计划暂停,审核通过,通投,直播间直接支付ROI,笔记（直播组件）,686f628a000000001c031d2b,66f67e4c000000001d03127d,图文笔记,通投-三伏天-星光款-系统-日弘-25.7.12-图文,127903686,2025-07-12 14:35:50,0.00,0,0,0.0%,0.0,0.0,0,0.00,0.0,0,0,0.0,0,0,0.0,0,0.0,0,0.0,0,0.0,0,0.0,0,0.0,0,0.0,0,0.0,0,0.0,0,0.0,0.00,0.0,0,0,0
1796654307,通投-二胎辣妈带娃日常（哺乳期）-星光款-TI定向-达人-25.7.11-优质复投,被计划暂停,审核通过,通投,直播间直接支付ROI,笔记（直播组件）,68301e6c000000002100f20d,61d6a5f100000000210298ce,图文笔记,通投-合集-星光款-TI定向-25.7.11-优质复投_复制,127807663,2025-07-11 18:13:27,0.00,0,0,0.0%,0.0,0.0,0,0.00,0.0,0,0,0.0,0,0,0.0,0,0.0,0,0.0,0,0.0,0,0.0,0,0.0,0,0.0,0,0.0,0,0.0,0,0.0,0.00,0.0,0,0,0
1796654306,通投-小陈还在睡-星光款-TI定向-达人-25.7.11-优质复投,被计划暂停,审核通过,通投,直播间直接支付ROI,笔记（直播组件）,682edf2000000000210034c7,5e0176060000000001004254,图文笔记,通投-合集-星光款-TI定向-25.7.11-优质复投_复制,127807663,2025-07-11 18:13:27,0.00,0,0,0.0%,0.0,0.0,0,0.00,0.0,0,0,0.0,0,0,0.0,0,0.0,0,0.0,0,0.0,0,0.0,0,0.0,0,0.0,0,0.0,0,0.0,0,0.0,0.00,0.0,0,0,0
1796654305,通投-羊羊得易-星光款-TI定向-达人-25.7.11-优质复投,被计划暂停,审核通过,通投,直播间直接支付ROI,笔记（直播组件）,67beb4c20000000029017bc7,605434b5000000000101d208,图文笔记,通投-合集-星光款-TI定向-25.7.11-优质复投_复制,127807663,2025-07-11 18:13:27,0.00,0,0,0.0%,0.0,0.0,0,0.00,0.0,0,0,0.0,0,0,0.0,0,0.0,0,0.0,0,0.0,0,0.0,0,0.0,0,0.0,0,0.0,0,0.0,0,0.0,0.00,0.0,0,0,0
1796654304,通投-一只小椰子（孕期）-星光款-TI定向-达人-25.7.11-优质复投,暂停,审核通过,通投,直播间直接支付ROI,笔记（直播组件）,682d64920000000012004b34,6620e058000000000b033c1c,图文笔记,通投-合集-星光款-TI定向-25.7.11-优质复投_复制,127807663,2025-07-11 18:13:27,0.00,0,0,0.0%,0.0,0.0,0,0.00,0.0,0,0,0.0,0,0,0.0,0,0.0,0,0.0,0,0.0,0,0.0,0,0.0,0,0.0,0,0.0,0,0.0,0,0.0,0.00,0.0,0,0,0
1796654303,通投-奶油脏脏包-星光款-TI定向-达人-25.7.11-优质复投,暂停,审核通过,通投,直播间直接支付ROI,笔记（直播组件）,6812b0bf00000000230169d8,657e88f3000000002002f691,图文笔记,通投-合集-星光款-TI定向-25.7.11-优质复投_复制,127807663,2025-07-11 18:13:27,0.00,0,0,0.0%,0.0,0.0,0,0.00,0.0,0,0,0.0,0,0,0.0,0,0.0,0,0.0,0,0.0,0,0.0,0,0.0,0,0.0,0,0.0,0,0.0,0,0.0,0.00,0.0,0,0,0
1796556733,通投-二胎辣妈带娃日常（哺乳期）-星光款-定向-达人-25.7.11-历史优质,暂停,审核通过,通投,直播间直接支付ROI,笔记（直播组件）,68301e6c000000002100f20d,61d6a5f100000000210298ce,图文笔记,通投-合集-星光款-定向-25.7.11-历史优质,127821457,2025-07-11 18:12:41,0.00,0,0,0.0%,0.0,0.0,0,0.00,0.0,0,0,0.0,0,0,0.0,0,0.0,0,0.0,0,0.0,0,0.0,0,0.0,0,0.0,0,0.0,0,0.0,0,0.0,0.00,0.0,0,0,0
1796556732,通投-小陈还在睡-星光款-定向-达人-25.7.11-历史优质,暂停,审核通过,通投,直播间直接支付ROI,笔记（直播组件）,682edf2000000000210034c7,5e0176060000000001004254,图文笔记,通投-合集-星光款-定向-25.7.11-历史优质,127821457,2025-07-11 18:12:41,0.00,0,0,0.0%,0.0,0.0,0,0.00,0.0,0,0,0.0,0,0,0.0,0,0.0,0,0.0,0,0.0,0,0.0,0,0.0,0,0.0,0,0.0,0,0.0,0,0.0,0.00,0.0,0,0,0
1796556731,通投-羊羊得易-星光款-定向-达人-25.7.11-历史优质,暂停,审核通过,通投,直播间直接支付ROI,笔记（直播组件）,67beb4c20000000029017bc7,605434b5000000000101d208,图文笔记,通投-合集-星光款-定向-25.7.11-历史优质,127821457,2025-07-11 18:12:41,0.00,0,0,0.0%,0.0,0.0,0,0.00,0.0,0,0,0.0,0,0,0.0,0,0.0,0,0.0,0,0.0,0,0.0,0,0.0,0,0.0,0,0.0,0,0.0,0,0.0,0.00,0.0,0,0,0
1796556730,通投-一只小椰子（孕期）-星光款-定向-达人-25.7.11-历史优质,被计划暂停,审核通过,通投,直播间直接支付ROI,笔记（直播组件）,682d64920000000012004b34,6620e058000000000b033c1c,图文笔记,通投-合集-星光款-定向-25.7.11-历史优质,127821457,2025-07-11 18:12:41,0.00,0,0,0.0%,0.0,0.0,0,0.00,0.0,0,0,0.0,0,0,0.0,0,0.0,0,0.0,0,0.0,0,0.0,0,0.0,0,0.0,0,0.0,0,0.0,0,0.0,0.00,0.0,0,0,0
1796556729,通投-奶油脏脏包-星光款-定向-达人-25.7.11-历史优质,被计划暂停,审核通过,通投,直播间直接支付ROI,笔记（直播组件）,6812b0bf00000000230169d8,657e88f3000000002002f691,图文笔记,通投-合集-星光款-定向-25.7.11-历史优质,127821457,2025-07-11 18:12:41,0.00,0,0,0.0%,0.0,0.0,0,0.00,0.0,0,0,0.0,0,0,0.0,0,0.0,0,0.0,0,0.0,0,0.0,0,0.0,0,0.0,0,0.0,0,0.0,0,0.0,0.00,0.0,0,0,0
1796553286,通投-聪明孕-青春款-TI定向-日弘-25.7.11-优质复投,被计划暂停,审核通过,通投,直播间直接支付ROI,笔记（直播组件）,66714c48000000001d0161ee,583691373460942ae8fc16bb,图文笔记,通投-合集-青春款-TI定向-25.7.11-优质复投,127801700,2025-07-11 18:08:37,0.00,0,0,0.0%,0.0,0.0,0,0.00,0.0,0,0,0.0,0,0,0.0,0,0.0,0,0.0,0,0.0,0,0.0,0,0.0,0,0.0,0,0.0,0,0.0,0,0.0,0.00,0.0,0,0,0
1796553285,通投-那就叫八万-青春款-TI定向-达人-25.7.11-优质复投,被计划暂停,审核通过,通投,直播间直接支付ROI,笔记（直播组件）,68109827000000000e005c1f,634e5e86000000001802d069,图文笔记,通投-合集-青春款-TI定向-25.7.11-优质复投,127801700,2025-07-11 18:08:37,0.00,0,0,0.0%,0.0,0.0,0,0.00,0.0,0,0,0.0,0,0,0.0,0,0.0,0,0.0,0,0.0,0,0.0,0,0.0,0,0.0,0,0.0,0,0.0,0,0.0,0.00,0.0,0,0,0
1796553284,通投-成分颜究侠vivi-青春款-TI定向-达人-25.7.11-优质复投,被计划暂停,审核通过,通投,直播间直接支付ROI,笔记（直播组件）,682c4ad0000000000f0325cb,611a16e3000000002002bd17,图文笔记,通投-合集-青春款-TI定向-25.7.11-优质复投,127801700,2025-07-11 18:08:37,0.00,0,0,0.0%,0.0,0.0,0,0.00,0.0,0,0,0.0,0,0,0.0,0,0.0,0,0.0,0,0.0,0,0.0,0,0.0,0,0.0,0,0.0,0,0.0,0,0.0,0.00,0.0,0,0,0
1796439294,通投-聪明孕-青春款-定向-日弘-25.7.11-优质复投,被计划暂停,审核通过,通投,直播间直接支付ROI,笔记（直播组件）,66714c48000000001d0161ee,583691373460942ae8fc16bb,图文笔记,通投-合集-青春款-定向-25.7.11-优质复投,127826289,2025-07-11 18:07:44,0.00,0,0,0.0%,0.0,0.0,0,0.00,0.0,0,0,0.0,0,0,0.0,0,0.0,0,0.0,0,0.0,0,0.0,0,0.0,0,0.0,0,0.0,0,0.0,0,0.0,0.00,0.0,0,0,0
1796439293,通投-那就叫八万-青春款-定向-达人-25.7.11-优质复投,被计划暂停,审核通过,通投,直播间直接支付ROI,笔记（直播组件）,68109827000000000e005c1f,634e5e86000000001802d069,图文笔记,通投-合集-青春款-定向-25.7.11-优质复投,127826289,2025-07-11 18:07:44,0.00,0,0,0.0%,0.0,0.0,0,0.00,0.0,0,0,0.0,0,0,0.0,0,0.0,0,0.0,0,0.0,0,0.0,0,0.0,0,0.0,0,0.0,0,0.0,0,0.0,0.00,0.0,0,0,0
1796439292,通投-成分颜究侠vivi-青春款-定向-达人-25.7.11-优质复投,被计划暂停,审核通过,通投,直播间直接支付ROI,笔记（直播组件）,682c4ad0000000000f0325cb,611a16e3000000002002bd17,图文笔记,通投-合集-青春款-定向-25.7.11-优质复投,127826289,2025-07-11 18:07:44,0.00,0,0,0.0%,0.0,0.0,0,0.00,0.0,0,0,0.0,0,0,0.0,0,0.0,0,0.0,0,0.0,0,0.0,0,0.0,0,0.0,0,0.0,0,0.0,0,0.0,0.00,0.0,0,0,0
1796042895,通投-买燕窝-青春款-定向-日弘-25.7.11-优质复投,被计划暂停,审核通过,通投,直播间直接支付ROI,笔记（直播组件）,67e62a7d000000001b039ee2,66f67e4c000000001d03127d,图文笔记,通投-买燕窝-青春款-定向-25.7.11-优质复投,127814586,2025-07-11 17:00:30,0.00,0,0,0.0%,0.0,0.0,0,0.00,0.0,0,0,0.0,0,0,0.0,0,0.0,0,0.0,0,0.0,0,0.0,0,0.0,0,0.0,0,0.0,0,0.0,0,0.0,0.00,0.0,0,0,0
1796097568,通投-买燕窝-青春款-TI定向-日弘-25.7.11-优质复投,暂停,审核通过,通投,直播间直接支付ROI,笔记（直播组件）,67e62a7d000000001b039ee2,66f67e4c000000001d03127d,图文笔记,通投-买燕窝-青春款-TI定向-25.7.11-优质复投,127798887,2025-07-11 16:59:17,0.00,0,0,0.0%,0.0,0.0,0,0.00,0.0,0,0,0.0,0,0,0.0,0,0.0,0,0.0,0,0.0,0,0.0,0,0.0,0,0.0,0,0.0,0,0.0,0,0.0,0.00,0.0,0,0,0
1795929613,通投-年货节-合集款-定向-日弘-25.7.11-优质复投,暂停,审核通过,通投,直播间直接支付ROI,笔记（直播组件）,6777bad6000000001300eb13,66f67e4c000000001d03127d,图文笔记,通投-合集-合集款-定向-25.7.11-优质复投,127783674,2025-07-11 16:38:58,0.00,0,0,0.0%,0.0,0.0,0,0.00,0.0,0,0,0.0,0,0,0.0,0,0.0,0,0.0,0,0.0,0,0.0,0,0.0,0,0.0,0,0.0,0,0.0,0,0.0,0.00,0.0,0,0,0
1795929612,通投-小白选-合集款-定向-日弘-25.7.11-优质复投,暂停,审核通过,通投,直播间直接支付ROI,笔记（直播组件）,6800c0fe0000000007035cf4,583691373460942ae8fc16bb,图文笔记,通投-合集-合集款-定向-25.7.11-优质复投,127783674,2025-07-11 16:38:58,0.00,0,0,0.0%,0.0,0.0,0,0.00,0.0,0,0,0.0,0,0,0.0,0,0.0,0,0.0,0,0.0,0,0.0,0,0.0,0,0.0,0,0.0,0,0.0,0,0.0,0.00,0.0,0,0,0
1795929611,通投-燕窝也-合集款-定向-日弘-25.7.11-优质复投,被计划暂停,审核通过,通投,直播间直接支付ROI,笔记（直播组件）,672d88bf000000001d0385de,583691373460942ae8fc16bb,图文笔记,通投-合集-合集款-定向-25.7.11-优质复投,127783674,2025-07-11 16:38:58,0.00,0,0,0.0%,0.0,0.0,0,0.00,0.0,0,0,0.0,0,0,0.0,0,0.0,0,0.0,0,0.0,0,0.0,0,0.0,0,0.0,0,0.0,0,0.0,0,0.0,0.00,0.0,0,0,0
1795606011,通投-年货节-合集款-TI定向-日弘-25.7.11-优质复投,暂停,审核通过,通投,直播间直接支付ROI,笔记（直播组件）,6777bad6000000001300eb13,66f67e4c000000001d03127d,图文笔记,通投-合集-合集款-TI定向-25.7.11-优质复投,127781806,2025-07-11 16:00:19,0.00,0,0,0.0%,0.0,0.0,0,0.00,0.0,0,0,0.0,0,0,0.0,0,0.0,0,0.0,0,0.0,0,0.0,0,0.0,0,0.0,0,0.0,0,0.0,0,0.0,0.00,0.0,0,0,0
1795606010,通投-小白选-合集款-TI定向-日弘-25.7.11-优质复投,被计划暂停,审核通过,通投,直播间直接支付ROI,笔记（直播组件）,6800c0fe0000000007035cf4,583691373460942ae8fc16bb,图文笔记,通投-合集-合集款-TI定向-25.7.11-优质复投,127781806,2025-07-11 16:00:19,0.00,0,0,0.0%,0.0,0.0,0,0.00,0.0,0,0,0.0,0,0,0.0,0,0.0,0,0.0,0,0.0,0,0.0,0,0.0,0,0.0,0,0.0,0,0.0,0,0.0,0.00,0.0,0,0,0
1795606009,通投-燕窝也-合集款-TI定向-日弘-25.7.11-优质复投,暂停,审核通过,通投,直播间直接支付ROI,笔记（直播组件）,672d88bf000000001d0385de,583691373460942ae8fc16bb,图文笔记,通投-合集-合集款-TI定向-25.7.11-优质复投,127781806,2025-07-11 16:00:19,0.00,0,0,0.0%,0.0,0.0,0,0.00,0.0,0,0,0.0,0,0,0.0,0,0.0,0,0.0,0,0.0,0,0.0,0,0.0,0,0.0,0,0.0,0,0.0,0,0.0,0.00,0.0,0,0,0
1787244764,通投-比起脸-合集款-托管-优质素材-25.7.10-乘风直播间,被计划暂停,审核拒绝,通投,直播间直接支付ROI,笔记（直播组件）,67d16334000000000900f897,66f67e4c000000001d03127d,视频笔记,通投-六篇赛马-合集款-托管-优质素材-25.7.10-乘风直播间,127567621,2025-07-10 13:58:52,0.00,0,0,0.0%,0.0,0.0,0,0.00,0.0,0,0,0.0,0,0,0.0,0,0.0,0,0.0,0,0.0,0,0.0,0,0.0,0,0.0,0,0.0,0,0.0,0,0.0,0.00,0.0,0,0,0
1787244763,通投-燕窝也-合集款-托管-优质素材-25.7.10-乘风直播间,暂停,审核通过,通投,直播间直接支付ROI,笔记（直播组件）,672d88bf000000001d0385de,583691373460942ae8fc16bb,图文笔记,通投-六篇赛马-合集款-托管-优质素材-25.7.10-乘风直播间,127567621,2025-07-10 13:58:52,0.00,0,0,0.0%,0.0,0.0,0,0.00,0.0,0,0,0.0,0,0,0.0,0,0.0,0,0.0,0,0.0,0,0.0,0,0.0,0,0.0,0,0.0,0,0.0,0,0.0,0.00,0.0,0,0,0
1787244762,通投-骨折价-合集款-托管-优质素材-25.7.10-乘风直播间,被计划暂停,不满足审核条件,通投,直播间直接支付ROI,笔记（直播组件）,672b3e06000000001b0134b6,66f67e4c000000001d03127d,图文笔记,通投-六篇赛马-合集款-托管-优质素材-25.7.10-乘风直播间,127567621,2025-07-10 13:58:52,0.00,0,0,0.0%,0.0,0.0,0,0.00,0.0,0,0,0.0,0,0,0.0,0,0.0,0,0.0,0,0.0,0,0.0,0,0.0,0,0.0,0,0.0,0,0.0,0,0.0,0.00,0.0,0,0,0
1787244761,通投-注意看-合集款-托管-优质素材-25.7.10-乘风直播间,被计划暂停,审核通过,通投,直播间直接支付ROI,笔记（直播组件）,6773cc4000000000090155ef,66f67e4c000000001d03127d,视频笔记,通投-六篇赛马-合集款-托管-优质素材-25.7.10-乘风直播间,127567621,2025-07-10 13:58:52,0.00,0,0,0.0%,0.0,0.0,0,0.00,0.0,0,0,0.0,0,0,0.0,0,0.0,0,0.0,0,0.0,0,0.0,0,0.0,0,0.0,0,0.0,0,0.0,0,0.0,0.00,0.0,0,0,0
1787244760,通投-别再舍-合集款-托管-优质素材-25.7.10-乘风直播间,被计划暂停,审核通过,通投,直播间直接支付ROI,笔记（直播组件）,684fd77c0000000021007568,66f67e4c000000001d03127d,视频笔记,通投-六篇赛马-合集款-托管-优质素材-25.7.10-乘风直播间,127567621,2025-07-10 13:58:52,0.00,0,0,0.0%,0.0,0.0,0,0.00,0.0,0,0,0.0,0,0,0.0,0,0.0,0,0.0,0,0.0,0,0.0,0,0.0,0,0.0,0,0.0,0,0.0,0,0.0,0.00,0.0,0,0,0
1787244759,通投-买包的-合集款-托管-优质素材-25.7.10-乘风直播间,被计划暂停,审核通过,通投,直播间直接支付ROI,笔记（直播组件）,682ae685000000000303fb89,66f67e4c000000001d03127d,图文笔记,通投-六篇赛马-合集款-托管-优质素材-25.7.10-乘风直播间,127567621,2025-07-10 13:58:52,0.00,0,0,0.0%,0.0,0.0,0,0.00,0.0,0,0,0.0,0,0,0.0,0,0.0,0,0.0,0,0.0,0,0.0,0,0.0,0,0.0,0,0.0,0,0.0,0,0.0,0.00,0.0,0,0,0
1787244099,通投-很可以-星光款-托管-优质素材-25.7.10-乘风直播间,暂停,审核通过,通投,直播间直接支付ROI,笔记（直播组件）,67d14c13000000002900dc64,583691373460942ae8fc16bb,视频笔记,通投-三篇赛马-星光款-托管-优质素材-25.7.10-乘风直播间,127567573,2025-07-10 13:56:58,0.00,0,0,0.0%,0.0,0.0,0,0.00,0.0,0,0,0.0,0,0,0.0,0,0.0,0,0.0,0,0.0,0,0.0,0,0.0,0,0.0,0,0.0,0,0.0,0,0.0,0.00,0.0,0,0,0
1787244098,通投-到不行-星光款-托管-优质素材-25.7.10-乘风直播间,被计划暂停,审核通过,通投,直播间直接支付ROI,笔记（直播组件）,67ff4a42000000001c02cd67,66f67e4c000000001d03127d,视频笔记,通投-三篇赛马-星光款-托管-优质素材-25.7.10-乘风直播间,127567573,2025-07-10 13:56:58,0.00,0,0,0.0%,0.0,0.0,0,0.00,0.0,0,0,0.0,0,0,0.0,0,0.0,0,0.0,0,0.0,0,0.0,0,0.0,0,0.0,0,0.0,0,0.0,0,0.0,0.00,0.0,0,0,0
1787244097,通投-来得及-星光款-托管-优质素材-25.7.10-乘风直播间,暂停,审核通过,通投,直播间直接支付ROI,笔记（直播组件）,682bfe1f0000000020028458,583691373460942ae8fc16bb,视频笔记,通投-三篇赛马-星光款-托管-优质素材-25.7.10-乘风直播间,127567573,2025-07-10 13:56:58,0.00,0,0,0.0%,0.0,0.0,0,0.00,0.0,0,0,0.0,0,0,0.0,0,0.0,0,0.0,0,0.0,0,0.0,0,0.0,0,0.0,0,0.0,0,0.0,0,0.0,0.00,0.0,0,0,0
1787508831,通投-得值哭-青春款-托管-优质素材-25.7.10-乘风直播间,暂停,审核通过,通投,直播间直接支付ROI,笔记（直播组件）,67d7cfbe000000001d0396c3,66f67e4c000000001d03127d,视频笔记,通投-四篇赛马-青春款-托管-优质素材-25.7.10-乘风直播间,127581981,2025-07-10 13:53:55,0.00,0,0,0.0%,0.0,0.0,0,0.00,0.0,0,0,0.0,0,0,0.0,0,0.0,0,0.0,0,0.0,0,0.0,0,0.0,0,0.0,0,0.0,0,0.0,0,0.0,0.00,0.0,0,0,0
1787508830,通投-夏天惊-青春款-托管-优质素材-25.7.10-乘风直播间,被计划暂停,审核通过,通投,直播间直接支付ROI,笔记（直播组件）,67eccf71000000001d000628,66f67e4c000000001d03127d,视频笔记,通投-四篇赛马-青春款-托管-优质素材-25.7.10-乘风直播间,127581981,2025-07-10 13:53:55,0.00,0,0,0.0%,0.0,0.0,0,0.00,0.0,0,0,0.0,0,0,0.0,0,0.0,0,0.0,0,0.0,0,0.0,0,0.0,0,0.0,0,0.0,0,0.0,0,0.0,0.00,0.0,0,0,0
1787508829,通投-动堪比-青春款-托管-优质素材-25.7.10-乘风直播间,被计划暂停,审核通过,通投,直播间直接支付ROI,笔记（直播组件）,67e6520e000000001e00191a,66f67e4c000000001d03127d,视频笔记,通投-四篇赛马-青春款-托管-优质素材-25.7.10-乘风直播间,127581981,2025-07-10 13:53:55,0.00,0,0,0.0%,0.0,0.0,0,0.00,0.0,0,0,0.0,0,0,0.0,0,0.0,0,0.0,0,0.0,0,0.0,0,0.0,0,0.0,0,0.0,0,0.0,0,0.0,0.00,0.0,0,0,0
1787508828,通投-大跳水-青春款-托管-优质素材-25.7.10-乘风直播间,被计划暂停,审核通过,通投,直播间直接支付ROI,笔记（直播组件）,67f8b7fb000000001c01422c,66f67e4c000000001d03127d,视频笔记,通投-四篇赛马-青春款-托管-优质素材-25.7.10-乘风直播间,127581981,2025-07-10 13:53:55,0.00,0,0,0.0%,0.0,0.0,0,0.00,0.0,0,0,0.0,0,0,0.0,0,0.0,0,0.0,0,0.0,0,0.0,0,0.0,0,0.0,0,0.0,0,0.0,0,0.0,0.00,0.0,0,0,0
1787393745,通投-这就是-青春款-托管-优质素材-25.7.10-乘风直播间,被计划暂停,不满足审核条件,通投,直播间直接支付ROI,笔记（直播组件）,684fd60a000000002001f921,66f67e4c000000001d03127d,视频笔记,通投-五篇赛马-青春款-托管-优质素材-25.7.10-乘风直播间,127592544,2025-07-10 13:51:05,0.00,0,0,0.0%,0.0,0.0,0,0.00,0.0,0,0,0.0,0,0,0.0,0,0.0,0,0.0,0,0.0,0,0.0,0,0.0,0,0.0,0,0.0,0,0.0,0,0.0,0.00,0.0,0,0,0
1787393744,通投-再囤点-青春款-托管-优质素材-25.7.10-乘风直播间,暂停,审核通过,通投,直播间直接支付ROI,笔记（直播组件）,664eff07000000000c018274,583691373460942ae8fc16bb,图文笔记,通投-五篇赛马-青春款-托管-优质素材-25.7.10-乘风直播间,127592544,2025-07-10 13:51:05,0.00,0,0,0.0%,0.0,0.0,0,0.00,0.0,0,0,0.0,0,0,0.0,0,0.0,0,0.0,0,0.0,0,0.0,0,0.0,0,0.0,0,0.0,0,0.0,0,0.0,0.00,0.0,0,0,0
1787393743,通投-应得的-青春款-托管-优质素材-25.7.10-乘风直播间,被计划暂停,审核拒绝,通投,直播间直接支付ROI,笔记（直播组件）,67e1124d000000001d01b312,583691373460942ae8fc16bb,视频笔记,通投-五篇赛马-青春款-托管-优质素材-25.7.10-乘风直播间,127592544,2025-07-10 13:51:05,0.00,0,0,0.0%,0.0,0.0,0,0.00,0.0,0,0,0.0,0,0,0.0,0,0.0,0,0.0,0,0.0,0,0.0,0,0.0,0,0.0,0,0.0,0,0.0,0,0.0,0.00,0.0,0,0,0
1787393742,通投-不撒手-青春款-托管-优质素材-25.7.10-乘风直播间,被计划暂停,审核通过,通投,直播间直接支付ROI,笔记（直播组件）,67ff4920000000001202de6b,66f67e4c000000001d03127d,视频笔记,通投-五篇赛马-青春款-托管-优质素材-25.7.10-乘风直播间,127592544,2025-07-10 13:51:05,0.00,0,0,0.0%,0.0,0.0,0,0.00,0.0,0,0,0.0,0,0,0.0,0,0.0,0,0.0,0,0.0,0,0.0,0,0.0,0,0.0,0,0.0,0,0.0,0,0.0,0.00,0.0,0,0,0
1787393741,通投-职场人-青春款-托管-优质素材-25.7.10-乘风直播间,被计划暂停,审核通过,通投,直播间直接支付ROI,笔记（直播组件）,68245f8b0000000021007f4d,66f67e4c000000001d03127d,图文笔记,通投-五篇赛马-青春款-托管-优质素材-25.7.10-乘风直播间,127592544,2025-07-10 13:51:05,0.00,0,0,0.0%,0.0,0.0,0,0.00,0.0,0,0,0.0,0,0,0.0,0,0.0,0,0.0,0,0.0,0,0.0,0,0.0,0,0.0,0,0.0,0,0.0,0,0.0,0.00,0.0,0,0,0
1754471038,通投-懂行的-合集款-托管-日弘-25.7.6优化-乘风直播间,暂停,审核通过,通投,直播间直接支付ROI,笔记（直播组件）,66d7c90e000000001f03eb73,583691373460942ae8fc16bb,图文笔记,通投-懂行的-合集款-托管-日弘-25.7.6优化-乘风直播间,127020475,2025-07-06 11:10:44,0.00,0,0,0.0%,0.0,0.0,0,0.00,0.0,0,0,0.0,0,0,0.0,0,0.0,0,0.0,0,0.0,0,0.0,0,0.0,0,0.0,0,0.0,0,0.0,0,0.0,0.00,0.0,0,0,0
1754470267,通投-纠结的-合集款-托管-日弘-25.7.6-乘风直播间,被计划暂停,审核通过,通投,直播间直接支付ROI,笔记（直播组件）,686724b90000000020018ee2,66f67e4c000000001d03127d,图文笔记,通投-纠结的-合集款-托管-日弘-25.7.6-乘风直播间,127015429,2025-07-06 11:09:19,0.00,0,0,0.0%,0.0,0.0,0,0.00,0.0,0,0,0.0,0,0,0.0,0,0.0,0,0.0,0,0.0,0,0.0,0,0.0,0,0.0,0,0.0,0,0.0,0,0.0,0.00,0.0,0,0,0
1754244839,通投-三伏天内调-青春款-托管-日弘-25.7.6-乘风直播间,被计划暂停,不满足审核条件,通投,直播间直接支付ROI,笔记（直播组件）,686728eb000000002400d9ba,66f67e4c000000001d03127d,图文笔记,通投-三伏天内调-青春款-托管-日弘-25.7.6-乘风直播间,127009788,2025-07-06 11:06:43,0.00,0,0,0.0%,0.0,0.0,0,0.00,0.0,0,0,0.0,0,0,0.0,0,0.0,0,0.0,0,0.0,0,0.0,0,0.0,0,0.0,0,0.0,0,0.0,0,0.0,0.00,0.0,0,0,0
1754134593,通投-坦白局-星光款-托管-日弘-25.7.6-乘风直播间,被计划暂停,审核通过,通投,直播间直接支付ROI,笔记（直播组件）,686780950000000024009889,66f67e4c000000001d03127d,图文笔记,通投-赛马合集-星光款-托管-日弘-25.7.6-乘风直播间,127003636,2025-07-06 11:05:43,0.00,0,0,0.0%,0.0,0.0,0,0.00,0.0,0,0,0.0,0,0,0.0,0,0.0,0,0.0,0,0.0,0,0.0,0,0.0,0,0.0,0,0.0,0,0.0,0,0.0,0.00,0.0,0,0,0
1754134592,通投-孕妈坦-星光款-托管-日弘-25.7.6-乘风直播间,被计划暂停,审核通过,通投,直播间直接支付ROI,笔记（直播组件）,68650107000000002400d9fd,66f67e4c000000001d03127d,图文笔记,通投-赛马合集-星光款-托管-日弘-25.7.6-乘风直播间,127003636,2025-07-06 11:05:43,0.00,0,0,0.0%,0.0,0.0,0,0.00,0.0,0,0,0.0,0,0,0.0,0,0.0,0,0.0,0,0.0,0,0.0,0,0.0,0,0.0,0,0.0,0,0.0,0,0.0,0.00,0.0,0,0,0
1754077684,通投-来报恩-星光款-托管-抖音-25.7.6-乘风直播间,被计划暂停,审核通过,通投,直播间直接支付ROI,笔记（直播组件）,6867a0cc00000000100137e2,66f67e4c000000001d03127d,视频笔记,通投-赛马合集-星光款-托管-抖音-25.7.6-乘风直播间,127015363,2025-07-06 11:02:53,0.00,0,0,0.0%,0.0,0.0,0,0.00,0.0,0,0,0.0,0,0,0.0,0,0.0,0,0.0,0,0.0,0,0.0,0,0.0,0,0.0,0,0.0,0,0.0,0,0.0,0.00,0.0,0,0,0
1754077683,通投-姐姐的-星光款-托管-抖音-25.7.6-乘风直播间,暂停,审核通过,通投,直播间直接支付ROI,笔记（直播组件）,6867a240000000000b02ee6e,66f67e4c000000001d03127d,视频笔记,通投-赛马合集-星光款-托管-抖音-25.7.6-乘风直播间,127015363,2025-07-06 11:02:53,0.00,0,0,0.0%,0.0,0.0,0,0.00,0.0,0,0,0.0,0,0,0.0,0,0.0,0,0.0,0,0.0,0,0.0,0,0.0,0,0.0,0,0.0,0,0.0,0,0.0,0.00,0.0,0,0,0
1754077682,通投-这瓶贵-星光款-托管-抖音-25.7.6-乘风直播间,被计划暂停,审核通过,通投,直播间直接支付ROI,笔记（直播组件）,6867a2bf000000000b01d00a,66f67e4c000000001d03127d,视频笔记,通投-赛马合集-星光款-托管-抖音-25.7.6-乘风直播间,127015363,2025-07-06 11:02:53,0.00,0,0,0.0%,0.0,0.0,0,0.00,0.0,0,0,0.0,0,0,0.0,0,0.0,0,0.0,0,0.0,0,0.0,0,0.0,0,0.0,0,0.0,0,0.0,0,0.0,0.00,0.0,0,0,0
1754077681,通投-顶奢燕-星光款-托管-抖音-25.7.6-乘风直播间,暂停,审核通过,通投,直播间直接支付ROI,笔记（直播组件）,6867a356000000001002785e,66f67e4c000000001d03127d,视频笔记,通投-赛马合集-星光款-托管-抖音-25.7.6-乘风直播间,127015363,2025-07-06 11:02:53,0.00,0,0,0.0%,0.0,0.0,0,0.00,0.0,0,0,0.0,0,0,0.0,0,0.0,0,0.0,0,0.0,0,0.0,0,0.0,0,0.0,0,0.0,0,0.0,0,0.0,0.00,0.0,0,0,0
1754077680,通投-偷内卷-星光款-托管-抖音-25.7.6-乘风直播间,被计划暂停,审核拒绝,通投,直播间直接支付ROI,笔记（直播组件）,6867a1bc000000000b01c84b,66f67e4c000000001d03127d,视频笔记,通投-赛马合集-星光款-托管-抖音-25.7.6-乘风直播间,127015363,2025-07-06 11:02:53,0.00,0,0,0.0%,0.0,0.0,0,0.00,0.0,0,0,0.0,0,0,0.0,0,0.0,0,0.0,0,0.0,0,0.0,0,0.0,0,0.0,0,0.0,0,0.0,0,0.0,0.00,0.0,0,0,0
1698288848,通投-悔1年-合集款-托管-日弘-25.6.29-乘风直播间,被计划暂停,审核通过,通投,直播间直接支付ROI,笔记（直播组件）,67c57941000000002503c833,66f67e4c000000001d03127d,图文笔记,通投-悔1年-合集款-托管-日弘-25.6.29-乘风直播间,126114111,2025-06-29 16:42:14,0.00,0,0,0.0%,0.0,0.0,0,0.00,0.0,0,0,0.0,0,0,0.0,0,0.0,0,0.0,0,0.0,0,0.0,0,0.0,0,0.0,0,0.0,0,0.0,0,0.0,0.00,0.0,0,0,0
1698218401,通投-窝开始-合集款-托管-日弘-25.6.29-乘风直播间,被计划暂停,审核通过,通投,直播间直接支付ROI,笔记（直播组件）,681d9ed20000000021019587,66f67e4c000000001d03127d,图文笔记,通投-窝开始-合集款-托管-日弘-25.6.29-乘风直播间,126130325,2025-06-29 16:41:36,0.00,0,0,0.0%,0.0,0.0,0,0.00,0.0,0,0,0.0,0,0,0.0,0,0.0,0,0.0,0,0.0,0,0.0,0,0.0,0,0.0,0,0.0,0,0.0,0,0.0,0.00,0.0,0,0,0
1698402751,通投-职场人-青春款-托管-日弘-25.6.29-乘风直播间,被计划暂停,审核通过,通投,直播间直接支付ROI,笔记（直播组件）,68245f8b0000000021007f4d,66f67e4c000000001d03127d,图文笔记,通投-职场人-青春款-托管-日弘-25.6.29-乘风直播间,126134985,2025-06-29 16:40:49,0.00,0,0,0.0%,0.0,0.0,0,0.00,0.0,0,0,0.0,0,0,0.0,0,0.0,0,0.0,0,0.0,0,0.0,0,0.0,0,0.0,0,0.0,0,0.0,0,0.0,0.00,0.0,0,0,0
1698259846,通投-跟着张-青春款-托管-广告素材-25.6.29-乘风直播间,被计划暂停,审核通过,通投,直播间直接支付ROI,笔记（直播组件）,6848e943000000002102e0b6,583691373460942ae8fc16bb,图文笔记,通投-跟着张-青春款-托管-广告素材-25.6.29-乘风直播间,126140898,2025-06-29 16:40:17,0.00,0,0,0.0%,0.0,0.0,0,0.00,0.0,0,0,0.0,0,0,0.0,0,0.0,0,0.0,0,0.0,0,0.0,0,0.0,0,0.0,0,0.0,0,0.0,0,0.0,0.00,0.0,0,0,0
1698342216,通投-冤枉钱-合集款-托管-日弘-25.6.29-乘风直播间,被计划暂停,不满足审核条件,通投,直播间直接支付ROI,笔记（直播组件）,684b88e4000000002100a26c,66f67e4c000000001d03127d,图文笔记,通投-冤枉钱-合集款-托管-日弘-25.6.29-乘风直播间,126114080,2025-06-29 16:39:36,0.00,0,0,0.0%,0.0,0.0,0,0.00,0.0,0,0,0.0,0,0,0.0,0,0.0,0,0.0,0,0.0,0,0.0,0,0.0,0,0.0,0,0.0,0,0.0,0,0.0,0.00,0.0,0,0,0
1698099007,通投-白花钱-合集款-系统-日弘-25.6.29-乘风直播间,被计划暂停,审核通过,通投,直播间直接支付ROI,笔记（直播组件）,685e1679000000002203e622,66f67e4c000000001d03127d,图文笔记,通投-白花钱-合集款-系统-日弘-25.6.29-乘风直播间,126118466,2025-06-29 16:37:02,0.00,0,0,0.0%,0.0,0.0,0,0.00,0.0,0,0,0.0,0,0,0.0,0,0.0,0,0.0,0,0.0,0,0.0,0,0.0,0,0.0,0,0.0,0,0.0,0,0.0,0.00,0.0,0,0,0
1698154067,通投-孕期坦-星光款-系统-日弘-25.6.29-乘风直播间,暂停,审核通过,通投,直播间直接支付ROI,笔记（直播组件）,685e0fa70000000023006f5d,66f67e4c000000001d03127d,图文笔记,通投-孕期坦-星光款-系统-日弘-25.6.29-乘风直播间,126130262,2025-06-29 16:36:17,0.00,0,0,0.0%,0.0,0.0,0,0.00,0.0,0,0,0.0,0,0,0.0,0,0.0,0,0.0,0,0.0,0,0.0,0,0.0,0,0.0,0,0.0,0,0.0,0,0.0,0.00,0.0,0,0,0
1681460890,通投-成分颜究侠vivi-青春款-TI+I人群定向-达人-25.6.26-乘风直播间,被计划暂停,审核通过,通投,直播间直接支付ROI,笔记（直播组件）,682c4ad0000000000f0325cb,611a16e3000000002002bd17,图文笔记,通投-成分颜究侠vivi-青春款-TI+I人群定向-达人-25.6.26-乘风直播间,125722979,2025-06-26 17:53:43,0.00,0,0,0.0%,0.0,0.0,0,0.00,0.0,0,0,0.0,0,0,0.0,0,0.0,0,0.0,0,0.0,0,0.0,0,0.0,0,0.0,0,0.0,0,0.0,0,0.0,0.00,0.0,0,0,0
1680462011,通投-孕期食-星光款-托管-日弘-25.6.26优化-乘风直播间,被计划暂停,审核通过,通投,直播间直接支付ROI,笔记（直播组件）,682fd26a0000000021005816,66f67e4c000000001d03127d,图文笔记,通投-孕期食-星光款-托管-日弘-25.6.26优化-乘风直播间,125702955,2025-06-26 15:25:52,0.00,0,0,0.0%,0.0,0.0,0,0.00,0.0,0,0,0.0,0,0,0.0,0,0.0,0,0.0,0,0.0,0,0.0,0,0.0,0,0.0,0,0.0,0,0.0,0,0.0,0.00,0.0,0,0,0
1680218534,通投-燕窝吃-合集款-托管-日弘-25.6.26优化-乘风直播间,被计划暂停,审核通过,通投,直播间直接支付ROI,笔记（直播组件）,67ce86860000000029029a4f,66f67e4c000000001d03127d,图文笔记,通投-优化赛马-合集款-托管-日弘-25.6.26优化-乘风直播间,125692147,2025-06-26 15:24:47,0.00,0,0,0.0%,0.0,0.0,0,0.00,0.0,0,0,0.0,0,0,0.0,0,0.0,0,0.0,0,0.0,0,0.0,0,0.0,0,0.0,0,0.0,0,0.0,0,0.0,0.00,0.0,0,0,0
1680218533,通投-补答案-合集款-托管-日弘-25.6.26优化-乘风直播间,被计划暂停,审核通过,通投,直播间直接支付ROI,笔记（直播组件）,68428f3c000000002101a93a,66f67e4c000000001d03127d,图文笔记,通投-优化赛马-合集款-托管-日弘-25.6.26优化-乘风直播间,125692147,2025-06-26 15:24:47,0.00,0,0,0.0%,0.0,0.0,0,0.00,0.0,0,0,0.0,0,0,0.0,0,0.0,0,0.0,0,0.0,0,0.0,0,0.0,0,0.0,0,0.0,0,0.0,0,0.0,0.00,0.0,0,0,0
1680211530,通投-长期主-青春款-托管-日弘-25.6.26优化-乘风直播间,被计划暂停,审核通过,通投,直播间直接支付ROI,笔记（直播组件）,683010ae000000002102f407,66f67e4c000000001d03127d,图文笔记,通投-优化赛马-青春款-托管-日弘-25.6.26优化-乘风直播间,125708281,2025-06-26 15:15:09,0.00,0,0,0.0%,0.0,0.0,0,0.00,0.0,0,0,0.0,0,0,0.0,0,0.0,0,0.0,0,0.0,0,0.0,0,0.0,0,0.0,0,0.0,0,0.0,0,0.0,0.00,0.0,0,0,0
1680211529,通投-都得要-青春款-托管-日弘-25.6.26优化-乘风直播间,被计划暂停,审核通过,通投,直播间直接支付ROI,笔记（直播组件）,68394d70000000002102c03e,66f67e4c000000001d03127d,图文笔记,通投-优化赛马-青春款-托管-日弘-25.6.26优化-乘风直播间,125708281,2025-06-26 15:15:09,0.00,0,0,0.0%,0.0,0.0,0,0.00,0.0,0,0,0.0,0,0,0.0,0,0.0,0,0.0,0,0.0,0,0.0,0,0.0,0,0.0,0,0.0,0,0.0,0,0.0,0.00,0.0,0,0,0
1668892784,通投-一定要-星光款-系统-达人转载-25.6.24-乘风直播间,暂停,审核通过,通投,直播间直接支付ROI,笔记（直播组件）,682ae450000000001200568d,66f67e4c000000001d03127d,视频笔记,通投-一定要-星光款-系统-达人转载-25.6.24-乘风直播间,125366337,2025-06-24 17:29:11,0.00,0,0,0.0%,0.0,0.0,0,0.00,0.0,0,0,0.0,0,0,0.0,0,0.0,0,0.0,0,0.0,0,0.0,0,0.0,0,0.0,0,0.0,0,0.0,0,0.0,0.00,0.0,0,0,0
1652570581,通投-美美后-青春款-系统-日弘-25.6.21-乘风直播间,被计划暂停,审核通过,通投,直播间直接支付ROI,笔记（直播组件）,6854d3c1000000002203d990,66f67e4c000000001d03127d,图文笔记,通投-美美后-青春款-系统-日弘-25.6.21-乘风直播间,124970619,2025-06-21 18:25:22,0.00,0,0,0.0%,0.0,0.0,0,0.00,0.0,0,0,0.0,0,0,0.0,0,0.0,0,0.0,0,0.0,0,0.0,0,0.0,0,0.0,0,0.0,0,0.0,0,0.0,0.00,0.0,0,0,0
1652630354,通投-孕期保-星光款-系统-日弘-25.6.21-乘风直播间,暂停,审核通过,通投,直播间直接支付ROI,笔记（直播组件）,6853ecc5000000001c03410c,66f67e4c000000001d03127d,图文笔记,通投-孕期保-星光款-系统-日弘-25.6.21-乘风直播间,124951780,2025-06-21 18:24:45,0.00,0,0,0.0%,0.0,0.0,0,0.00,0.0,0,0,0.0,0,0,0.0,0,0.0,0,0.0,0,0.0,0,0.0,0,0.0,0,0.0,0,0.0,0,0.0,0,0.0,0.00,0.0,0,0,0
1652742462,通投-跟风买-合集款-系统-日弘-25.6.21-乘风直播间,被计划暂停,审核通过,通投,直播间直接支付ROI,笔记（直播组件）,6853cd19000000002201c348,66f67e4c000000001d03127d,图文笔记,通投-跟风买-合集款-系统-日弘-25.6.21-乘风直播间,124951768,2025-06-21 18:23:53,0.00,0,0,0.0%,0.0,0.0,0,0.00,0.0,0,0,0.0,0,0,0.0,0,0.0,0,0.0,0,0.0,0,0.0,0,0.0,0,0.0,0,0.0,0,0.0,0,0.0,0.00,0.0,0,0,0
1652741276,通投-我的孕-星光款-系统-达人转载-25.6.21-乘风直播间,暂停,审核通过,通投,直播间直接支付ROI,笔记（直播组件）,682bff10000000002100a63d,583691373460942ae8fc16bb,视频笔记,通投-两篇赛马-星光款-系统-视频-25.6.21-乘风直播间,124951738,2025-06-21 18:21:52,0.00,0,0,0.0%,0.0,0.0,0,0.00,0.0,0,0,0.0,0,0,0.0,0,0.0,0,0.0,0,0.0,0,0.0,0,0.0,0,0.0,0,0.0,0,0.0,0,0.0,0.00,0.0,0,0,0
1652741275,通投-张柏芝-星光款-系统-达人转载-25.6.21-乘风直播间,被计划暂停,审核拒绝,通投,直播间直接支付ROI,笔记（直播组件）,67d14b7b0000000029019538,583691373460942ae8fc16bb,视频笔记,通投-两篇赛马-星光款-系统-视频-25.6.21-乘风直播间,124951738,2025-06-21 18:21:52,0.00,0,0,0.0%,0.0,0.0,0,0.00,0.0,0,0,0.0,0,0,0.0,0,0.0,0,0.0,0,0.0,0,0.0,0,0.0,0,0.0,0,0.0,0,0.0,0,0.0,0.00,0.0,0,0,0
1652800002,通投-上海小-青春款-系统-达人转载-25.6.21-乘风直播间,暂停,审核通过,通投,直播间直接支付ROI,笔记（直播组件）,6822d3830000000021007ea6,583691373460942ae8fc16bb,视频笔记,通投-两篇赛马-青春款-系统-视频-25.6.21-乘风直播间,124965249,2025-06-21 18:20:59,0.00,0,0,0.0%,0.0,0.0,0,0.00,0.0,0,0,0.0,0,0,0.0,0,0.0,0,0.0,0,0.0,0,0.0,0,0.0,0,0.0,0,0.0,0,0.0,0,0.0,0.00,0.0,0,0,0
1652800001,通投-小仙炖-青春款-系统-达人转载-25.6.21-乘风直播间,暂停,审核通过,通投,直播间直接支付ROI,笔记（直播组件）,67e652a9000000001c00e81c,66f67e4c000000001d03127d,视频笔记,通投-两篇赛马-青春款-系统-视频-25.6.21-乘风直播间,124965249,2025-06-21 18:20:59,0.00,0,0,0.0%,0.0,0.0,0,0.00,0.0,0,0,0.0,0,0,0.0,0,0.0,0,0.0,0,0.0,0,0.0,0,0.0,0,0.0,0,0.0,0,0.0,0,0.0,0.00,0.0,0,0,0
1634654328,通投-孕期各-合集款-托管-日弘-25.6.18-乘风直播间,被计划暂停,审核通过,通投,直播间直接支付ROI,笔记（直播组件）,6826e9ea000000002102d1e1,66f67e4c000000001d03127d,图文笔记,通投-孕期各-合集款-托管-日弘-25.6.18-乘风直播间,124505119,2025-06-18 17:22:01,0.00,0,0,0.0%,0.0,0.0,0,0.00,0.0,0,0,0.0,0,0,0.0,0,0.0,0,0.0,0,0.0,0,0.0,0,0.0,0,0.0,0,0.0,0,0.0,0,0.0,0.00,0.0,0,0,0
1633661078,通投-买燕窝-青春款-系统-日弘-25.6.18-乘风直播间,被计划暂停,审核通过,通投,直播间直接支付ROI,笔记（直播组件）,67e62a7d000000001b039ee2,66f67e4c000000001d03127d,图文笔记,通投-赛马合集-多款-系统-日弘-25.6.18-乘风直播间,124449575,2025-06-18 14:00:04,0.00,0,0,0.0%,0.0,0.0,0,0.00,0.0,0,0,0.0,0,0,0.0,0,0.0,0,0.0,0,0.0,0,0.0,0,0.0,0,0.0,0,0.0,0,0.0,0,0.0,0.00,0.0,0,0,0
1633661077,通投-聪明孕-青春款-系统-日弘-25.6.18-乘风直播间,被计划暂停,审核通过,通投,直播间直接支付ROI,笔记（直播组件）,66714c48000000001d0161ee,583691373460942ae8fc16bb,图文笔记,通投-赛马合集-多款-系统-日弘-25.6.18-乘风直播间,124449575,2025-06-18 14:00:04,0.00,0,0,0.0%,0.0,0.0,0,0.00,0.0,0,0,0.0,0,0,0.0,0,0.0,0,0.0,0,0.0,0,0.0,0,0.0,0,0.0,0,0.0,0,0.0,0,0.0,0.00,0.0,0,0,0
1633661076,通投-年货节-合集款-系统-日弘-25.6.18-乘风直播间,暂停,审核通过,通投,直播间直接支付ROI,笔记（直播组件）,6777bad6000000001300eb13,66f67e4c000000001d03127d,图文笔记,通投-赛马合集-多款-系统-日弘-25.6.18-乘风直播间,124449575,2025-06-18 14:00:04,0.00,0,0,0.0%,0.0,0.0,0,0.00,0.0,0,0,0.0,0,0,0.0,0,0.0,0,0.0,0,0.0,0,0.0,0,0.0,0,0.0,0,0.0,0,0.0,0,0.0,0.00,0.0,0,0,0
1633661075,通投-燕窝也-合集款-系统-日弘-25.6.18-乘风直播间,被计划暂停,审核通过,通投,直播间直接支付ROI,笔记（直播组件）,672d88bf000000001d0385de,583691373460942ae8fc16bb,图文笔记,通投-赛马合集-多款-系统-日弘-25.6.18-乘风直播间,124449575,2025-06-18 14:00:04,0.00,0,0,0.0%,0.0,0.0,0,0.00,0.0,0,0,0.0,0,0,0.0,0,0.0,0,0.0,0,0.0,0,0.0,0,0.0,0,0.0,0,0.0,0,0.0,0,0.0,0.00,0.0,0,0,0
1633600871,通投-孕期食-星光款-TI+I人群定向-日弘-25.6.18-乘风直播间,被计划暂停,审核通过,通投,直播间直接支付ROI,笔记（直播组件）,682fd26a0000000021005816,66f67e4c000000001d03127d,图文笔记,通投-赛马合集-多款-TI+I人群定向-多来源-25.6.18-乘风直播间,124432276,2025-06-18 13:57:25,0.00,0,0,0.0%,0.0,0.0,0,0.00,0.0,0,0,0.0,0,0,0.0,0,0.0,0,0.0,0,0.0,0,0.0,0,0.0,0,0.0,0,0.0,0,0.0,0,0.0,0.00,0.0,0,0,0
1633600870,通投-蛋壳贝贝（挖宝中）-青春款-TI+I人群定向-达人-25.6.18-乘风直播间,被计划暂停,审核通过,通投,直播间直接支付ROI,笔记（直播组件）,682d89320000000012001197,668fcde400000000030335d1,图文笔记,通投-赛马合集-多款-TI+I人群定向-多来源-25.6.18-乘风直播间,124432276,2025-06-18 13:57:25,0.00,0,0,0.0%,0.0,0.0,0,0.00,0.0,0,0,0.0,0,0,0.0,0,0.0,0,0.0,0,0.0,0,0.0,0,0.0,0,0.0,0,0.0,0,0.0,0,0.0,0.00,0.0,0,0,0
1633600869,通投-成分颜究侠vivi-青春款-TI+I人群定向-达人-25.6.18-乘风直播间,被计划暂停,审核通过,通投,直播间直接支付ROI,笔记（直播组件）,682c4ad0000000000f0325cb,611a16e3000000002002bd17,图文笔记,通投-赛马合集-多款-TI+I人群定向-多来源-25.6.18-乘风直播间,124432276,2025-06-18 13:57:25,0.00,0,0,0.0%,0.0,0.0,0,0.00,0.0,0,0,0.0,0,0,0.0,0,0.0,0,0.0,0,0.0,0,0.0,0,0.0,0,0.0,0,0.0,0,0.0,0,0.0,0.00,0.0,0,0,0
1633600868,通投-我是福朗-青春款-TI+I人群定向-达人-25.6.18-乘风直播间,暂停,审核通过,通投,直播间直接支付ROI,笔记（直播组件）,6838388a00000000120066b0,5eca21fa000000000101d381,视频笔记,通投-赛马合集-多款-TI+I人群定向-多来源-25.6.18-乘风直播间,124432276,2025-06-18 13:57:25,0.00,0,0,0.0%,0.0,0.0,0,0.00,0.0,0,0,0.0,0,0,0.0,0,0.0,0,0.0,0,0.0,0,0.0,0,0.0,0,0.0,0,0.0,0,0.0,0,0.0,0.00,0.0,0,0,0
1633600867,通投-Molly是园长妈妈-青春款-TI+I人群定向-达人-25.6.18-乘风直播间,暂停,审核通过,通投,直播间直接支付ROI,笔记（直播组件）,67be79c6000000002900c362,6152073c000000001f03d010,图文笔记,通投-赛马合集-多款-TI+I人群定向-多来源-25.6.18-乘风直播间,124432276,2025-06-18 13:57:25,0.00,0,0,0.0%,0.0,0.0,0,0.00,0.0,0,0,0.0,0,0,0.0,0,0.0,0,0.0,0,0.0,0,0.0,0,0.0,0,0.0,0,0.0,0,0.0,0,0.0,0.00,0.0,0,0,0
1633600866,通投-那就叫八万-青春款-TI+I人群定向-达人-25.6.18-乘风直播间,暂停,审核通过,通投,直播间直接支付ROI,笔记（直播组件）,68109827000000000e005c1f,634e5e86000000001802d069,图文笔记,通投-赛马合集-多款-TI+I人群定向-多来源-25.6.18-乘风直播间,124432276,2025-06-18 13:57:25,0.00,0,0,0.0%,0.0,0.0,0,0.00,0.0,0,0,0.0,0,0,0.0,0,0.0,0,0.0,0,0.0,0,0.0,0,0.0,0,0.0,0,0.0,0,0.0,0,0.0,0.00,0.0,0,0,0
1613325187,通投-冤枉钱-合集款-托管-日弘-25.6.14-乘风直播间,暂停,不满足审核条件,通投,直播间直接支付ROI,笔记（直播组件）,684b88e4000000002100a26c,66f67e4c000000001d03127d,图文笔记,通投-冤枉钱-合集款-托管-日弘-25.6.14-乘风直播间,123905379,2025-06-14 21:40:14,0.00,0,0,0.0%,0.0,0.0,0,0.00,0.0,0,0,0.0,0,0,0.0,0,0.0,0,0.0,0,0.0,0,0.0,0,0.0,0,0.0,0,0.0,0,0.0,0,0.0,0.00,0.0,0,0,0
1604128896,通投-调宝藏-青春款-托管-日弘-25.6.13-乘风直播间,暂停,审核通过,通投,直播间直接支付ROI,笔记（直播组件）,684926d4000000002101a80a,66f67e4c000000001d03127d,图文笔记,通投-调宝藏-青春款-托管-日弘-25.6.13-乘风直播间,123614804,2025-06-13 09:31:10,0.00,0,0,0.0%,0.0,0.0,0,0.00,0.0,0,0,0.0,0,0,0.0,0,0.0,0,0.0,0,0.0,0,0.0,0,0.0,0,0.0,0,0.0,0,0.0,0,0.0,0.00,0.0,0,0,0
1604015972,通投-感受到-星光款-托管-日弘-25.6.13-乘风直播间,暂停,审核通过,通投,直播间直接支付ROI,笔记（直播组件）,684949000000000022027e70,66f67e4c000000001d03127d,图文笔记,通投-感受到-星光款-托管-日弘-25.6.13-乘风直播间,123604081,2025-06-13 09:30:28,0.00,0,0,0.0%,0.0,0.0,0,0.00,0.0,0,0,0.0,0,0,0.0,0,0.0,0,0.0,0,0.0,0,0.0,0,0.0,0,0.0,0,0.0,0,0.0,0,0.0,0.00,0.0,0,0,0
1604127472,通投-补攻略-合集款-托管-日弘-25.6.13-乘风直播间,暂停,审核通过,通投,直播间直接支付ROI,笔记（直播组件）,684a6f370000000022006593,66f67e4c000000001d03127d,图文笔记,通投-补攻略-合集款-托管-日弘-25.6.13-乘风直播间,123614758,2025-06-13 09:29:20,0.00,0,0,0.0%,0.0,0.0,0,0.00,0.0,0,0,0.0,0,0,0.0,0,0.0,0,0.0,0,0.0,0,0.0,0,0.0,0,0.0,0,0.0,0,0.0,0,0.0,0.00,0.0,0,0,0
1593708834,通投-跟着张-青春款-托管-广告素材-25.6.11-乘风直播间,暂停,审核通过,通投,直播间直接支付ROI,笔记（直播组件）,6848e943000000002102e0b6,583691373460942ae8fc16bb,图文笔记,通投-跟着张-青春款-托管-广告素材-25.6.11-乘风直播间,123227275,2025-06-11 14:37:15,0.00,0,0,0.0%,0.0,0.0,0,0.00,0.0,0,0,0.0,0,0,0.0,0,0.0,0,0.0,0,0.0,0,0.0,0,0.0,0,0.0,0,0.0,0,0.0,0,0.0,0.00,0.0,0,0,0
1587582306,通投-美美当妈啦（二胎孕中期）-星光款-托管-达人-25.6.10-乘风直播间,暂停,审核通过,通投,直播间直接支付ROI,笔记（直播组件）,67ff4c28000000001e005c3c,590c862a50c4b4281da02fd3,视频笔记,通投-达人赛马-星光款-托管-达人-25.6.10-乘风直播间,122986624,2025-06-10 15:12:40,0.00,0,0,0.0%,0.0,0.0,0,0.00,0.0,0,0,0.0,0,0,0.0,0,0.0,0,0.0,0,0.0,0,0.0,0,0.0,0,0.0,0,0.0,0,0.0,0,0.0,0.00,0.0,0,0,0
1587582305,通投-姜饼糖-星光款-托管-达人-25.6.10-乘风直播间,暂停,审核通过,通投,直播间直接支付ROI,笔记（直播组件）,683a71be000000001101c2be,5572d952f5a2633936e22c02,图文笔记,通投-达人赛马-星光款-托管-达人-25.6.10-乘风直播间,122986624,2025-06-10 15:12:40,0.00,0,0,0.0%,0.0,0.0,0,0.00,0.0,0,0,0.0,0,0,0.0,0,0.0,0,0.0,0,0.0,0,0.0,0,0.0,0,0.0,0,0.0,0,0.0,0,0.0,0.00,0.0,0,0,0
1587582304,通投-粥心池（养生辣妈版）-星光款-托管-达人-25.6.10-乘风直播间,被计划暂停,审核通过,通投,直播间直接支付ROI,笔记（直播组件）,680239ef000000001d018ce7,5986b11282ec395c1d1847f3,视频笔记,通投-达人赛马-星光款-托管-达人-25.6.10-乘风直播间,122986624,2025-06-10 15:12:40,0.00,0,0,0.0%,0.0,0.0,0,0.00,0.0,0,0,0.0,0,0,0.0,0,0.0,0,0.0,0,0.0,0,0.0,0,0.0,0,0.0,0,0.0,0,0.0,0,0.0,0.00,0.0,0,0,0
1587582303,通投-默默是小肥肥-星光款-托管-达人-25.6.10-乘风直播间,暂停,审核通过,通投,直播间直接支付ROI,笔记（直播组件）,6839cd28000000001101e343,662655c70000000003032579,图文笔记,通投-达人赛马-星光款-托管-达人-25.6.10-乘风直播间,122986624,2025-06-10 15:12:40,0.00,0,0,0.0%,0.0,0.0,0,0.00,0.0,0,0,0.0,0,0,0.0,0,0.0,0,0.0,0,0.0,0,0.0,0,0.0,0,0.0,0,0.0,0,0.0,0,0.0,0.00,0.0,0,0,0
1587582302,通投-隔壁丢姐-星光款-托管-达人-25.6.10-乘风直播间,暂停,不满足审核条件,通投,直播间直接支付ROI,笔记（直播组件）,681c8340000000002202ad9f,5fc72cf1000000000101f3bb,视频笔记,通投-达人赛马-星光款-托管-达人-25.6.10-乘风直播间,122986624,2025-06-10 15:12:40,0.00,0,0,0.0%,0.0,0.0,0,0.00,0.0,0,0,0.0,0,0,0.0,0,0.0,0,0.0,0,0.0,0,0.0,0,0.0,0,0.0,0,0.0,0,0.0,0,0.0,0.00,0.0,0,0,0
1587580413,通投-MMandyMM-青春款-托管-达人-25.6.10-乘风直播间,暂停,审核通过,通投,直播间直接支付ROI,笔记（直播组件）,67be9584000000002a00333f,5dd1fc7d0000000001002846,视频笔记,通投-达人赛马-青春款-托管-达人-25.6.10-乘风直播间,122968901,2025-06-10 15:10:59,0.00,0,0,0.0%,0.0,0.0,0,0.00,0.0,0,0,0.0,0,0,0.0,0,0.0,0,0.0,0,0.0,0,0.0,0,0.0,0,0.0,0,0.0,0,0.0,0,0.0,0.00,0.0,0,0,0
1587580412,通投-涵大小姐-青春款-托管-达人-25.6.10-乘风直播间,被计划暂停,审核拒绝,通投,直播间直接支付ROI,笔记（直播组件）,67b59348000000002602f1bd,587d9af36a6a693afd889801,视频笔记,通投-达人赛马-青春款-托管-达人-25.6.10-乘风直播间,122968901,2025-06-10 15:10:59,0.00,0,0,0.0%,0.0,0.0,0,0.00,0.0,0,0,0.0,0,0,0.0,0,0.0,0,0.0,0,0.0,0,0.0,0,0.0,0,0.0,0,0.0,0,0.0,0,0.0,0.00,0.0,0,0,0
1587580411,通投-Molly是园长妈妈-青春款-托管-达人-25.6.10-乘风直播间,被计划暂停,审核通过,通投,直播间直接支付ROI,笔记（直播组件）,67be79c6000000002900c362,6152073c000000001f03d010,图文笔记,通投-达人赛马-青春款-托管-达人-25.6.10-乘风直播间,122968901,2025-06-10 15:10:59,0.00,0,0,0.0%,0.0,0.0,0,0.00,0.0,0,0,0.0,0,0,0.0,0,0.0,0,0.0,0,0.0,0,0.0,0,0.0,0,0.0,0,0.0,0,0.0,0,0.0,0.00,0.0,0,0,0
1587580410,通投-孟软蛋-青春款-托管-达人-25.6.10-乘风直播间,被计划暂停,审核通过,通投,直播间直接支付ROI,笔记（直播组件）,6838375f000000002001d24d,631f482d000000002303ea1d,图文笔记,通投-达人赛马-青春款-托管-达人-25.6.10-乘风直播间,122968901,2025-06-10 15:10:59,0.00,0,0,0.0%,0.0,0.0,0,0.00,0.0,0,0,0.0,0,0,0.0,0,0.0,0,0.0,0,0.0,0,0.0,0,0.0,0,0.0,0,0.0,0,0.0,0,0.0,0.00,0.0,0,0,0
1587442829,通投-燕窝吃-合集款-托管-日弘-25.6.10优化1-乘风直播间,被计划暂停,审核通过,通投,直播间直接支付ROI,笔记（直播组件）,67ce86860000000029029a4f,66f67e4c000000001d03127d,图文笔记,通投-燕窝吃-合集款-托管-日弘-25.6.10优化-乘风直播间,122968575,2025-06-10 15:03:44,0.00,0,0,0.0%,0.0,0.0,0,0.00,0.0,0,0,0.0,0,0,0.0,0,0.0,0,0.0,0,0.0,0,0.0,0,0.0,0,0.0,0,0.0,0,0.0,0,0.0,0.00,0.0,0,0,0
1587320858,通投-拒绝白-星光款-托管-日弘-25.6.10优化1-乘风直播间,暂停,审核通过,通投,直播间直接支付ROI,笔记（直播组件）,6662a85f000000001500a855,583691373460942ae8fc16bb,图文笔记,通投-优化赛马-星光款-托管-日弘-25.6.10优化-乘风直播间,122991309,2025-06-10 14:59:35,0.00,0,0,0.0%,0.0,0.0,0,0.00,0.0,0,0,0.0,0,0,0.0,0,0.0,0,0.0,0,0.0,0,0.0,0,0.0,0,0.0,0,0.0,0,0.0,0,0.0,0.00,0.0,0,0,0
1587320857,通投-全攻略-星光款-托管-日弘-25.6.10优化1-乘风直播间,暂停,审核通过,通投,直播间直接支付ROI,笔记（直播组件）,67aef096000000002900f254,66f67e4c000000001d03127d,图文笔记,通投-优化赛马-星光款-托管-日弘-25.6.10优化-乘风直播间,122991309,2025-06-10 14:59:35,0.00,0,0,0.0%,0.0,0.0,0,0.00,0.0,0,0,0.0,0,0,0.0,0,0.0,0,0.0,0,0.0,0,0.0,0,0.0,0,0.0,0,0.0,0,0.0,0,0.0,0.00,0.0,0,0,0
1587492180,通投-货攻略-青春款-托管-日弘-25.6.10优化1-乘风直播间,暂停,审核通过,通投,直播间直接支付ROI,笔记（直播组件）,6801aa95000000000d0140a5,583691373460942ae8fc16bb,图文笔记,通投-优化赛马-青春款-托管-日弘-25.6.10优化-乘风直播间,122980093,2025-06-10 14:58:06,0.00,0,0,0.0%,0.0,0.0,0,0.00,0.0,0,0,0.0,0,0,0.0,0,0.0,0,0.0,0,0.0,0,0.0,0,0.0,0,0.0,0,0.0,0,0.0,0,0.0,0.00,0.0,0,0,0
1587492179,通投-怎么选-青春款-托管-日弘-25.6.10优化1-乘风直播间,暂停,审核通过,通投,直播间直接支付ROI,笔记（直播组件）,670f65ce0000000016021fa8,583691373460942ae8fc16bb,图文笔记,通投-优化赛马-青春款-托管-日弘-25.6.10优化-乘风直播间,122980093,2025-06-10 14:58:06,0.00,0,0,0.0%,0.0,0.0,0,0.00,0.0,0,0,0.0,0,0,0.0,0,0.0,0,0.0,0,0.0,0,0.0,0,0.0,0,0.0,0,0.0,0,0.0,0,0.0,0.00,0.0,0,0,0
1587490682,通投-跟着张-青春款-托管-日弘-25.6.10-乘风直播间,暂停,审核拒绝,通投,直播间直接支付ROI,笔记（直播组件）,68426363000000002100d6a1,66f67e4c000000001d03127d,图文笔记,通投-跟着张-青春款-托管-日弘-25.6.10-乘风直播间,122968123,2025-06-10 14:55:10,0.00,0,0,0.0%,0.0,0.0,0,0.00,0.0,0,0,0.0,0,0,0.0,0,0.0,0,0.0,0,0.0,0,0.0,0,0.0,0,0.0,0,0.0,0,0.0,0,0.0,0.00,0.0,0,0,0
1581921731,通投-抓住春-合集款-大促+品牌人群定向-日弘-25.6.9-乘风直播间,暂停,审核通过,通投,直播间直接支付ROI,笔记（直播组件）,67dd1f02000000001e00986e,66f67e4c000000001d03127d,图文笔记,通投-赛马合集-合集款-大促+品牌人群定向-日弘-25.6.9-乘风直播间,122763507,2025-06-09 17:19:03,0.00,0,0,0.0%,0.0,0.0,0,0.00,0.0,0,0,0.0,0,0,0.0,0,0.0,0,0.0,0,0.0,0,0.0,0,0.0,0,0.0,0,0.0,0,0.0,0,0.0,0.00,0.0,0,0,0
1581921730,通投-年货节-合集款-大促+品牌人群定向-日弘-25.6.9-乘风直播间,暂停,审核通过,通投,直播间直接支付ROI,笔记（直播组件）,6777bad6000000001300eb13,66f67e4c000000001d03127d,图文笔记,通投-赛马合集-合集款-大促+品牌人群定向-日弘-25.6.9-乘风直播间,122763507,2025-06-09 17:19:03,0.00,0,0,0.0%,0.0,0.0,0,0.00,0.0,0,0,0.0,0,0,0.0,0,0.0,0,0.0,0,0.0,0,0.0,0,0.0,0,0.0,0,0.0,0,0.0,0,0.0,0.00,0.0,0,0,0
1581921729,通投-燕窝新-合集款-大促+品牌人群定向-日弘-25.6.9-乘风直播间,暂停,审核通过,通投,直播间直接支付ROI,笔记（直播组件）,6735ba5f000000003c015663,583691373460942ae8fc16bb,图文笔记,通投-赛马合集-合集款-大促+品牌人群定向-日弘-25.6.9-乘风直播间,122763507,2025-06-09 17:19:03,0.00,0,0,0.0%,0.0,0.0,0,0.00,0.0,0,0,0.0,0,0,0.0,0,0.0,0,0.0,0,0.0,0,0.0,0,0.0,0,0.0,0,0.0,0,0.0,0,0.0,0.00,0.0,0,0,0
1581921728,通投-小白选-合集款-大促+品牌人群定向-广告素材-25.6.9-乘风直播间,被计划暂停,审核通过,通投,直播间直接支付ROI,笔记（直播组件）,6800c0fe0000000007035cf4,583691373460942ae8fc16bb,图文笔记,通投-赛马合集-合集款-大促+品牌人群定向-日弘-25.6.9-乘风直播间,122763507,2025-06-09 17:19:03,0.00,0,0,0.0%,0.0,0.0,0,0.00,0.0,0,0,0.0,0,0,0.0,0,0.0,0,0.0,0,0.0,0,0.0,0,0.0,0,0.0,0,0.0,0,0.0,0,0.0,0.00,0.0,0,0,0
1581921727,通投-燕窝也-合集款-大促+品牌人群定向-日弘-25.6.9-乘风直播间,暂停,审核通过,通投,直播间直接支付ROI,笔记（直播组件）,672d88bf000000001d0385de,583691373460942ae8fc16bb,图文笔记,通投-赛马合集-合集款-大促+品牌人群定向-日弘-25.6.9-乘风直播间,122763507,2025-06-09 17:19:03,0.00,0,0,0.0%,0.0,0.0,0,0.00,0.0,0,0,0.0,0,0,0.0,0,0.0,0,0.0,0,0.0,0,0.0,0,0.0,0,0.0,0,0.0,0,0.0,0,0.0,0.00,0.0,0,0,0
1581806281,通投-奶油脏脏包-星光款-大促+品牌人群定向-达人-25.6.9-乘风直播间,被计划暂停,审核通过,通投,直播间直接支付ROI,笔记（直播组件）,6812b0bf00000000230169d8,657e88f3000000002002f691,图文笔记,通投-赛马合集-星光款-大促+品牌人群定向-多来源-25.6.9-乘风直播间,122752348,2025-06-09 17:17:31,0.00,0,0,0.0%,0.0,0.0,0,0.00,0.0,0,0,0.0,0,0,0.0,0,0.0,0,0.0,0,0.0,0,0.0,0,0.0,0,0.0,0,0.0,0,0.0,0,0.0,0.00,0.0,0,0,0
1581806280,通投-孕期状-星光款-大促+品牌人群定向-日弘-25.6.9-乘风直播间,暂停,审核通过,通投,直播间直接支付ROI,笔记（直播组件）,67caaf3a0000000029039d9a,66f67e4c000000001d03127d,图文笔记,通投-赛马合集-星光款-大促+品牌人群定向-多来源-25.6.9-乘风直播间,122752348,2025-06-09 17:17:31,0.00,0,0,0.0%,0.0,0.0,0,0.00,0.0,0,0,0.0,0,0,0.0,0,0.0,0,0.0,0,0.0,0,0.0,0,0.0,0,0.0,0,0.0,0,0.0,0,0.0,0.00,0.0,0,0,0
1581865186,通投-怎么选-青春款-大促+品牌人群定向-日弘-25.6.9-乘风直播间,暂停,审核通过,通投,直播间直接支付ROI,笔记（直播组件）,670f65ce0000000016021fa8,583691373460942ae8fc16bb,图文笔记,通投-赛马合集-青春款-大促+品牌人群定向-日弘-25.6.9-乘风直播间,122752289,2025-06-09 17:16:30,0.00,0,0,0.0%,0.0,0.0,0,0.00,0.0,0,0,0.0,0,0,0.0,0,0.0,0,0.0,0,0.0,0,0.0,0,0.0,0,0.0,0,0.0,0,0.0,0,0.0,0.00,0.0,0,0,0
1581865185,通投-买燕窝-青春款-大促+品牌人群定向-日弘-25.6.9-乘风直播间,暂停,审核通过,通投,直播间直接支付ROI,笔记（直播组件）,67e62a7d000000001b039ee2,66f67e4c000000001d03127d,图文笔记,通投-赛马合集-青春款-大促+品牌人群定向-日弘-25.6.9-乘风直播间,122752289,2025-06-09 17:16:30,0.00,0,0,0.0%,0.0,0.0,0,0.00,0.0,0,0,0.0,0,0,0.0,0,0.0,0,0.0,0,0.0,0,0.0,0,0.0,0,0.0,0,0.0,0,0.0,0,0.0,0.00,0.0,0,0,0
1572373710,通投-内调外-星光款-托管-填坑-25.6.7-乘风直播间,暂停,审核通过,通投,直播间直接支付ROI,笔记（直播组件）,68428148000000002100013c,66f67e4c000000001d03127d,图文笔记,通投-内调外-星光款-托管-填坑-25.6.7-乘风直播间,122468965,2025-06-07 23:49:51,0.00,0,0,0.0%,0.0,0.0,0,0.00,0.0,0,0,0.0,0,0,0.0,0,0.0,0,0.0,0,0.0,0,0.0,0,0.0,0,0.0,0,0.0,0,0.0,0,0.0,0.00,0.0,0,0,0
1572548001,通投-补答案-合集款-托管-日弘-25.6.7-乘风直播间,暂停,审核通过,通投,直播间直接支付ROI,笔记（直播组件）,68428f3c000000002101a93a,66f67e4c000000001d03127d,图文笔记,通投-补答案-合集款-托管-日弘-25.6.7-乘风直播间,122468955,2025-06-07 23:49:03,0.00,0,0,0.0%,0.0,0.0,0,0.00,0.0,0,0,0.0,0,0,0.0,0,0.0,0,0.0,0,0.0,0,0.0,0,0.0,0,0.0,0,0.0,0,0.0,0,0.0,0.00,0.0,0,0,0
1572432460,通投-别当抗-青春款-托管-广告素材-25.6.7-乘风直播间,暂停,审核通过,通投,直播间直接支付ROI,笔记（直播组件）,6842915f0000000022006397,583691373460942ae8fc16bb,图文笔记,通投-赛马合集-青春款-托管-日弘-25.6.7-乘风直播间,122451232,2025-06-07 23:48:02,0.00,0,0,0.0%,0.0,0.0,0,0.00,0.0,0,0,0.0,0,0,0.0,0,0.0,0,0.0,0,0.0,0,0.0,0,0.0,0,0.0,0,0.0,0,0.0,0,0.0,0.00,0.0,0,0,0
1572432459,通投-怼脸拍-青春款-托管-日弘-25.6.7-乘风直播间,暂停,审核通过,通投,直播间直接支付ROI,笔记（直播组件）,68428754000000002002870d,66f67e4c000000001d03127d,图文笔记,通投-赛马合集-青春款-托管-日弘-25.6.7-乘风直播间,122451232,2025-06-07 23:48:02,0.00,0,0,0.0%,0.0,0.0,0,0.00,0.0,0,0,0.0,0,0,0.0,0,0.0,0,0.0,0,0.0,0,0.0,0,0.0,0,0.0,0,0.0,0,0.0,0,0.0,0.00,0.0,0,0,0
1572314173,通投-我是福朗-青春款-托管-达人-25.6.7-乘风直播间,暂停,审核通过,通投,直播间直接支付ROI,笔记（直播组件）,6838388a00000000120066b0,5eca21fa000000000101d381,视频笔记,通投-达人赛马-青春款-托管-达人-25.6.7-乘风直播间,122462924,2025-06-07 23:44:48,0.00,0,0,0.0%,0.0,0.0,0,0.00,0.0,0,0,0.0,0,0,0.0,0,0.0,0,0.0,0,0.0,0,0.0,0,0.0,0,0.0,0,0.0,0,0.0,0,0.0,0.00,0.0,0,0,0
1572314172,通投-瑞妮爱午睡（养脾胃）-青春款-托管-达人-25.6.7-乘风直播间,暂停,审核通过,通投,直播间直接支付ROI,笔记（直播组件）,68240ad7000000002100f8b3,5514ffa04fac6339666308a5,视频笔记,通投-达人赛马-青春款-托管-达人-25.6.7-乘风直播间,122462924,2025-06-07 23:44:48,0.00,0,0,0.0%,0.0,0.0,0,0.00,0.0,0,0,0.0,0,0,0.0,0,0.0,0,0.0,0,0.0,0,0.0,0,0.0,0,0.0,0,0.0,0,0.0,0,0.0,0.00,0.0,0,0,0
1572370190,通投-是阿瓜酱啊-星光款-托管-达人-25.6.7-乘风直播间,暂停,审核通过,通投,直播间直接支付ROI,笔记（直播组件）,6835b0440000000012007e82,5763ab456a6a6925d045a13b,图文笔记,通投-达人赛马-星光款-托管-达人-25.6.7-乘风直播间,122462911,2025-06-07 23:42:57,0.00,0,0,0.0%,0.0,0.0,0,0.00,0.0,0,0,0.0,0,0,0.0,0,0.0,0,0.0,0,0.0,0,0.0,0,0.0,0,0.0,0,0.0,0,0.0,0,0.0,0.00,0.0,0,0,0
1572370189,通投-一小只团子（孕期中）-星光款-托管-达人-25.6.7-乘风直播间,被计划暂停,审核拒绝,通投,直播间直接支付ROI,笔记（直播组件）,682ef33f000000002202f45e,5aa0f80911be105f2c6dc009,图文笔记,通投-达人赛马-星光款-托管-达人-25.6.7-乘风直播间,122462911,2025-06-07 23:42:57,0.00,0,0,0.0%,0.0,0.0,0,0.00,0.0,0,0,0.0,0,0,0.0,0,0.0,0,0.0,0,0.0,0,0.0,0,0.0,0,0.0,0,0.0,0,0.0,0,0.0,0.00,0.0,0,0,0
1572370188,通投-果果妈咪Cc（二胎孕中期）-星光款-托管-达人-25.6.7-乘风直播间,暂停,审核通过,通投,直播间直接支付ROI,笔记（直播组件）,682fc154000000002002a87c,56580365e00dd82fa9dab102,图文笔记,通投-达人赛马-星光款-托管-达人-25.6.7-乘风直播间,122462911,2025-06-07 23:42:57,0.00,0,0,0.0%,0.0,0.0,0,0.00,0.0,0,0,0.0,0,0,0.0,0,0.0,0,0.0,0,0.0,0,0.0,0,0.0,0,0.0,0,0.0,0,0.0,0,0.0,0.00,0.0,0,0,0
1572370187,通投-小p日记📔-星光款-托管-达人-25.6.7-乘风直播间,被计划暂停,审核拒绝,通投,直播间直接支付ROI,笔记（直播组件）,67bfc984000000001203d063,65570dcd0000000002036c83,图文笔记,通投-达人赛马-星光款-托管-达人-25.6.7-乘风直播间,122462911,2025-06-07 23:42:57,0.00,0,0,0.0%,0.0,0.0,0,0.00,0.0,0,0,0.0,0,0,0.0,0,0.0,0,0.0,0,0.0,0,0.0,0,0.0,0,0.0,0,0.0,0,0.0,0,0.0,0.00,0.0,0,0,0
1572370186,通投-羊羊得易-星光款-托管-达人-25.6.7-乘风直播间,暂停,审核通过,通投,直播间直接支付ROI,笔记（直播组件）,67beb4c20000000029017bc7,605434b5000000000101d208,图文笔记,通投-达人赛马-星光款-托管-达人-25.6.7-乘风直播间,122462911,2025-06-07 23:42:57,0.00,0,0,0.0%,0.0,0.0,0,0.00,0.0,0,0,0.0,0,0,0.0,0,0.0,0,0.0,0,0.0,0,0.0,0,0.0,0,0.0,0,0.0,0,0.0,0,0.0,0.00,0.0,0,0,0
1551486865,通投-小陈还在睡-星光款-托管-达人-25.6.4-乘风直播间,被计划暂停,审核通过,通投,直播间直接支付ROI,笔记（直播组件）,682edf2000000000210034c7,5e0176060000000001004254,图文笔记,通投-达人赛马-星光款-托管-达人-25.6.4-乘风直播间,121728097,2025-06-04 14:50:38,0.00,0,0,0.0%,0.0,0.0,0,0.00,0.0,0,0,0.0,0,0,0.0,0,0.0,0,0.0,0,0.0,0,0.0,0,0.0,0,0.0,0,0.0,0,0.0,0,0.0,0.00,0.0,0,0,0
1551486864,通投-一只小椰子（孕期）-星光款-托管-达人-25.6.4-乘风直播间,暂停,审核通过,通投,直播间直接支付ROI,笔记（直播组件）,682d64920000000012004b34,6620e058000000000b033c1c,图文笔记,通投-达人赛马-星光款-托管-达人-25.6.4-乘风直播间,121728097,2025-06-04 14:50:38,0.00,0,0,0.0%,0.0,0.0,0,0.00,0.0,0,0,0.0,0,0,0.0,0,0.0,0,0.0,0,0.0,0,0.0,0,0.0,0,0.0,0,0.0,0,0.0,0,0.0,0.00,0.0,0,0,0
1551486863,通投-尼诺麻麻(孕早期)-星光款-托管-达人-25.6.4-乘风直播间,被计划暂停,审核拒绝,通投,直播间直接支付ROI,笔记（直播组件）,6834059a000000002001e7b6,65ea7ed60000000003027fb9,图文笔记,通投-达人赛马-星光款-托管-达人-25.6.4-乘风直播间,121728097,2025-06-04 14:50:38,0.00,0,0,0.0%,0.0,0.0,0,0.00,0.0,0,0,0.0,0,0,0.0,0,0.0,0,0.0,0,0.0,0,0.0,0,0.0,0,0.0,0,0.0,0,0.0,0,0.0,0.00,0.0,0,0,0
1551486862,通投-二胎辣妈带娃日常（哺乳期）-星光款-托管-达人-25.6.4-乘风直播间,被计划暂停,不满足审核条件,通投,直播间直接支付ROI,笔记（直播组件）,68301e6c000000002100f20d,61d6a5f100000000210298ce,图文笔记,通投-达人赛马-星光款-托管-达人-25.6.4-乘风直播间,121728097,2025-06-04 14:50:38,0.00,0,0,0.0%,0.0,0.0,0,0.00,0.0,0,0,0.0,0,0,0.0,0,0.0,0,0.0,0,0.0,0,0.0,0,0.0,0,0.0,0,0.0,0,0.0,0,0.0,0.00,0.0,0,0,0
1551486861,通投-一个面包-星光款-托管-达人-25.6.4-乘风直播间,被计划暂停,审核拒绝,通投,直播间直接支付ROI,笔记（直播组件）,67bfc9b70000000029030306,6391d763000000001f01b692,图文笔记,通投-达人赛马-星光款-托管-达人-25.6.4-乘风直播间,121728097,2025-06-04 14:50:38,0.00,0,0,0.0%,0.0,0.0,0,0.00,0.0,0,0,0.0,0,0,0.0,0,0.0,0,0.0,0,0.0,0,0.0,0,0.0,0,0.0,0,0.0,0,0.0,0,0.0,0.00,0.0,0,0,0
1551486860,通投-胖头鱼不吃鱼🐟-星光款-托管-达人-25.6.4-乘风直播间,暂停,审核通过,通投,直播间直接支付ROI,笔记（直播组件）,67b5aa4e000000002902cc16,61c98b9200000000210272b1,图文笔记,通投-达人赛马-星光款-托管-达人-25.6.4-乘风直播间,121728097,2025-06-04 14:50:38,0.00,0,0,0.0%,0.0,0.0,0,0.00,0.0,0,0,0.0,0,0,0.0,0,0.0,0,0.0,0,0.0,0,0.0,0,0.0,0,0.0,0,0.0,0,0.0,0,0.0,0.00,0.0,0,0,0
1551425895,通投-发财学姐-青春款-托管-达人-25.6.4-乘风直播间,暂停,审核通过,通投,直播间直接支付ROI,笔记（直播组件）,68301174000000002300eb02,66513612000000000b033c85,图文笔记,通投-达人赛马-青春款-托管-达人-25.6.4-乘风直播间,121728006,2025-06-04 14:48:28,0.00,0,0,0.0%,0.0,0.0,0,0.00,0.0,0,0,0.0,0,0,0.0,0,0.0,0,0.0,0,0.0,0,0.0,0,0.0,0,0.0,0,0.0,0,0.0,0,0.0,0.00,0.0,0,0,0
1551425894,通投-蛋壳贝贝（挖宝中）-青春款-托管-达人-25.6.4-乘风直播间,暂停,审核通过,通投,直播间直接支付ROI,笔记（直播组件）,682d89320000000012001197,668fcde400000000030335d1,图文笔记,通投-达人赛马-青春款-托管-达人-25.6.4-乘风直播间,121728006,2025-06-04 14:48:28,0.00,0,0,0.0%,0.0,0.0,0,0.00,0.0,0,0,0.0,0,0,0.0,0,0.0,0,0.0,0,0.0,0,0.0,0,0.0,0,0.0,0,0.0,0,0.0,0,0.0,0.00,0.0,0,0,0
1551425893,通投-圆脸芒芒-青春款-托管-达人-25.6.4-乘风直播间,暂停,审核通过,通投,直播间直接支付ROI,笔记（直播组件）,68373c62000000000303a9b0,5bd584e2bafba600013b3ca7,图文笔记,通投-达人赛马-青春款-托管-达人-25.6.4-乘风直播间,121728006,2025-06-04 14:48:28,0.00,0,0,0.0%,0.0,0.0,0,0.00,0.0,0,0,0.0,0,0,0.0,0,0.0,0,0.0,0,0.0,0,0.0,0,0.0,0,0.0,0,0.0,0,0.0,0,0.0,0.00,0.0,0,0,0
1551425892,通投-喜欢阴天-青春款-托管-达人-25.6.4-乘风直播间,暂停,审核通过,通投,直播间直接支付ROI,笔记（直播组件）,682efa2c000000000303a2c7,65d96e9400000000050322e1,图文笔记,通投-达人赛马-青春款-托管-达人-25.6.4-乘风直播间,121728006,2025-06-04 14:48:28,0.00,0,0,0.0%,0.0,0.0,0,0.00,0.0,0,0,0.0,0,0,0.0,0,0.0,0,0.0,0,0.0,0,0.0,0,0.0,0,0.0,0,0.0,0,0.0,0,0.0,0.00,0.0,0,0,0
1551425891,通投-成分颜究侠vivi-青春款-托管-达人-25.6.4-乘风直播间,被计划暂停,不满足审核条件,通投,直播间直接支付ROI,笔记（直播组件）,682c4ad0000000000f0325cb,611a16e3000000002002bd17,图文笔记,通投-达人赛马-青春款-托管-达人-25.6.4-乘风直播间,121728006,2025-06-04 14:48:28,0.00,0,0,0.0%,0.0,0.0,0,0.00,0.0,0,0,0.0,0,0,0.0,0,0.0,0,0.0,0,0.0,0,0.0,0,0.0,0,0.0,0,0.0,0,0.0,0,0.0,0.00,0.0,0,0,0
1551425890,通投-宝藏辣妈Silvia-青春款-托管-达人-25.6.4-乘风直播间,暂停,审核通过,通投,直播间直接支付ROI,笔记（直播组件）,6809e88c000000001c035491,654235590000000030033145,图文笔记,通投-达人赛马-青春款-托管-达人-25.6.4-乘风直播间,121728006,2025-06-04 14:48:28,0.00,0,0,0.0%,0.0,0.0,0,0.00,0.0,0,0,0.0,0,0,0.0,0,0.0,0,0.0,0,0.0,0,0.0,0,0.0,0,0.0,0,0.0,0,0.0,0,0.0,0.00,0.0,0,0,0
1532857560,通投-燕窝吃-合集款-托管-日弘-25.5.31优化-乘风直播间,被计划暂停,审核通过,通投,直播间直接支付ROI,笔记（直播组件）,67ce86860000000029029a4f,66f67e4c000000001d03127d,图文笔记,通投-燕窝吃-合集款-托管-日弘-25.5.31优化-乘风直播间,121021636,2025-05-31 22:07:33,0.00,0,0,0.0%,0.0,0.0,0,0.00,0.0,0,0,0.0,0,0,0.0,0,0.0,0,0.0,0,0.0,0,0.0,0,0.0,0,0.0,0,0.0,0,0.0,0,0.0,0.00,0.0,0,0,0
1527500225,通投-都得要-青春款-托管-日弘-25.5.30-乘风直播间,暂停,审核通过,通投,直播间直接支付ROI,笔记（直播组件）,68394d70000000002102c03e,66f67e4c000000001d03127d,图文笔记,通投-都得要-青春款-托管-日弘-25.5.30-乘风直播间,120792704,2025-05-30 18:10:41,0.00,0,0,0.0%,0.0,0.0,0,0.00,0.0,0,0,0.0,0,0,0.0,0,0.0,0,0.0,0,0.0,0,0.0,0,0.0,0,0.0,0,0.0,0,0.0,0,0.0,0.00,0.0,0,0,0
1527670984,通投-张柏芝-星光款-系统-日弘-25.5.30-乘风直播间,暂停,审核通过,通投,直播间直接支付ROI,笔记（直播组件）,6837afff000000002100ce9e,66f67e4c000000001d03127d,图文笔记,通投-张柏芝-星光款-系统-日弘-25.5.30-乘风直播间,120792659,2025-05-30 18:09:50,0.00,0,0,0.0%,0.0,0.0,0,0.00,0.0,0,0,0.0,0,0,0.0,0,0.0,0,0.0,0,0.0,0,0.0,0,0.0,0,0.0,0,0.0,0,0.0,0,0.0,0.00,0.0,0,0,0
1527499380,通投-孕期燕-合集款-托管-日弘-25.5.30-乘风直播间,暂停,审核通过,通投,直播间直接支付ROI,笔记（直播组件）,68381a6f0000000021007820,66f67e4c000000001d03127d,图文笔记,通投-孕期燕-合集款-托管-日弘-25.5.30-乘风直播间,120781572,2025-05-30 18:09:21,0.00,0,0,0.0%,0.0,0.0,0,0.00,0.0,0,0,0.0,0,0,0.0,0,0.0,0,0.0,0,0.0,0,0.0,0,0.0,0,0.0,0,0.0,0,0.0,0,0.0,0.00,0.0,0,0,0
1527730741,通投-窝开始-合集款-托管-日弘-25.5.30优化1-乘风直播间,暂停,审核通过,通投,直播间直接支付ROI,笔记（直播组件）,681d9ed20000000021019587,66f67e4c000000001d03127d,图文笔记,通投-窝开始-合集款-托管-日弘-25.5.30优化-乘风直播间,120792576,2025-05-30 18:08:03,0.00,0,0,0.0%,0.0,0.0,0,0.00,0.0,0,0,0.0,0,0,0.0,0,0.0,0,0.0,0,0.0,0,0.0,0,0.0,0,0.0,0,0.0,0,0.0,0,0.0,0.00,0.0,0,0,0
1527498776,通投-抓住春-合集款-托管-日弘-25.5.30优化1-乘风直播间,被计划暂停,审核通过,通投,直播间直接支付ROI,笔记（直播组件）,67dd1f02000000001e00986e,66f67e4c000000001d03127d,图文笔记,通投-抓住春-合集款-托管-日弘-25.5.30优化-乘风直播间,120798561,2025-05-30 18:07:39,0.00,0,0,0.0%,0.0,0.0,0,0.00,0.0,0,0,0.0,0,0,0.0,0,0.0,0,0.0,0,0.0,0,0.0,0,0.0,0,0.0,0,0.0,0,0.0,0,0.0,0.00,0.0,0,0,0
1527669781,通投-中式滋-青春款-托管-填坑-25.5.30优化1-乘风直播间,暂停,审核通过,通投,直播间直接支付ROI,笔记（直播组件）,6645ec79000000001e01ee7e,583691373460942ae8fc16bb,图文笔记,通投-中式滋-青春款-托管-填坑-25.5.30优化-乘风直播间,120786711,2025-05-30 18:06:46,0.00,0,0,0.0%,0.0,0.0,0,0.00,0.0,0,0,0.0,0,0,0.0,0,0.0,0,0.0,0,0.0,0,0.0,0,0.0,0,0.0,0,0.0,0,0.0,0,0.0,0.00,0.0,0,0,0
1514165861,通投-春夏养-青春款-托管-广告素材-25.5.28优化1-乘风直播间,暂停,审核通过,通投,直播间直接支付ROI,笔记（直播组件）,6811e0d2000000002202bc03,583691373460942ae8fc16bb,图文笔记,通投-春夏养-青春款-托管-广告素材-25.5.28优化-乘风直播间,120178839,2025-05-28 14:20:52,0.00,0,0,0.0%,0.0,0.0,0,0.00,0.0,0,0,0.0,0,0,0.0,0,0.0,0,0.0,0,0.0,0,0.0,0,0.0,0,0.0,0,0.0,0,0.0,0,0.0,0.00,0.0,0,0,0
1514337713,通投-小仙炖-合集款-托管-广告素材-25.5.28优化1-乘风直播间,暂停,审核通过,通投,直播间直接支付ROI,笔记（直播组件）,6811bf9f000000002202b1c4,583691373460942ae8fc16bb,图文笔记,通投-小仙炖-合集款-托管-广告素材-25.5.28优化-乘风直播间,120168026,2025-05-28 14:19:47,0.00,0,0,0.0%,0.0,0.0,0,0.00,0.0,0,0,0.0,0,0,0.0,0,0.0,0,0.0,0,0.0,0,0.0,0,0.0,0,0.0,0,0.0,0,0.0,0,0.0,0.00,0.0,0,0,0
1503410560,通投-燕窝也-合集款-高级定向-日弘-25.5.26-乘风直播间,暂停,审核通过,通投,直播间直接支付ROI,笔记（直播组件）,672d88bf000000001d0385de,583691373460942ae8fc16bb,图文笔记,通投-燕窝也-合集款-高级定向-日弘-25.5.26-乘风直播间,119628910,2025-05-26 16:36:42,0.00,0,0,0.0%,0.0,0.0,0,0.00,0.0,0,0,0.0,0,0,0.0,0,0.0,0,0.0,0,0.0,0,0.0,0,0.0,0,0.0,0,0.0,0,0.0,0,0.0,0.00,0.0,0,0,0
1492825611,通投-奶油脏脏包-星光款-托管-达人-25.5.24-乘风直播间,暂停,审核通过,通投,直播间直接支付ROI,笔记（直播组件）,6812b0bf00000000230169d8,657e88f3000000002002f691,图文笔记,通投-达人赛马-星光款-托管-达人-25.5.24-乘风直播间,119325348,2025-05-24 15:57:57,0.00,0,0,0.0%,0.0,0.0,0,0.00,0.0,0,0,0.0,0,0,0.0,0,0.0,0,0.0,0,0.0,0,0.0,0,0.0,0,0.0,0,0.0,0,0.0,0,0.0,0.00,0.0,0,0,0
1492825610,通投-老坛-星光款-托管-达人-25.5.24-乘风直播间,暂停,审核通过,通投,直播间直接支付ROI,笔记（直播组件）,6811c3ea000000002101b0bf,53e9ff3eb4c4d63e3434b4c5,图文笔记,通投-达人赛马-星光款-托管-达人-25.5.24-乘风直播间,119325348,2025-05-24 15:57:57,0.00,0,0,0.0%,0.0,0.0,0,0.00,0.0,0,0,0.0,0,0,0.0,0,0.0,0,0.0,0,0.0,0,0.0,0,0.0,0,0.0,0,0.0,0,0.0,0,0.0,0.00,0.0,0,0,0
1492825609,通投-芥末味儿的-星光款-托管-达人-25.5.24-乘风直播间,暂停,审核通过,通投,直播间直接支付ROI,笔记（直播组件）,6814d0ab0000000009015cbd,59d882e651783a70858fe80b,图文笔记,通投-达人赛马-星光款-托管-达人-25.5.24-乘风直播间,119325348,2025-05-24 15:57:57,0.00,0,0,0.0%,0.0,0.0,0,0.00,0.0,0,0,0.0,0,0,0.0,0,0.0,0,0.0,0,0.0,0,0.0,0,0.0,0,0.0,0,0.0,0,0.0,0,0.0,0.00,0.0,0,0,0
1492825608,通投-是苏苏同学鸭-星光款-托管-达人-25.5.24-乘风直播间,暂停,审核通过,通投,直播间直接支付ROI,笔记（直播组件）,682165dd0000000023001f78,5e7f744a00000000010068ff,图文笔记,通投-达人赛马-星光款-托管-达人-25.5.24-乘风直播间,119325348,2025-05-24 15:57:57,0.00,0,0,0.0%,0.0,0.0,0,0.00,0.0,0,0,0.0,0,0,0.0,0,0.0,0,0.0,0,0.0,0,0.0,0,0.0,0,0.0,0,0.0,0,0.0,0,0.0,0.00,0.0,0,0,0
1492825607,通投-半颗梨涡菲-星光款-托管-达人-25.5.24-乘风直播间,暂停,审核通过,通投,直播间直接支付ROI,笔记（直播组件）,681af9ed00000000210032c8,58cd43ee82ec394c55799836,视频笔记,通投-达人赛马-星光款-托管-达人-25.5.24-乘风直播间,119325348,2025-05-24 15:57:57,0.00,0,0,0.0%,0.0,0.0,0,0.00,0.0,0,0,0.0,0,0,0.0,0,0.0,0,0.0,0,0.0,0,0.0,0,0.0,0,0.0,0,0.0,0,0.0,0,0.0,0.00,0.0,0,0,0
1492824790,通投-爱护肤的小豆子-青春款-托管-达人-25.5.24-乘风直播间,暂停,审核通过,通投,直播间直接支付ROI,笔记（直播组件）,6821ebc40000000012004683,62fcb0a4000000001200d8fd,图文笔记,通投-达人赛马-青春款-托管-达人-25.5.24-乘风直播间,119317619,2025-05-24 15:56:02,0.00,0,0,0.0%,0.0,0.0,0,0.00,0.0,0,0,0.0,0,0,0.0,0,0.0,0,0.0,0,0.0,0,0.0,0,0.0,0,0.0,0,0.0,0,0.0,0,0.0,0.00,0.0,0,0,0
1492824789,通投-甜头子-青春款-托管-达人-25.5.24-乘风直播间,暂停,审核通过,通投,直播间直接支付ROI,笔记（直播组件）,681c2b17000000000f032bf5,64ad3cdf000000001f00706e,图文笔记,通投-达人赛马-青春款-托管-达人-25.5.24-乘风直播间,119317619,2025-05-24 15:56:02,0.00,0,0,0.0%,0.0,0.0,0,0.00,0.0,0,0,0.0,0,0,0.0,0,0.0,0,0.0,0,0.0,0,0.0,0,0.0,0,0.0,0,0.0,0,0.0,0,0.0,0.00,0.0,0,0,0
1492824788,通投-小羊买买买(龙凤胎)-青春款-托管-达人-25.5.24-乘风直播间,暂停,审核通过,通投,直播间直接支付ROI,笔记（直播组件）,681c2f4e000000001200025f,66baf8ff000000001d031081,图文笔记,通投-达人赛马-青春款-托管-达人-25.5.24-乘风直播间,119317619,2025-05-24 15:56:02,0.00,0,0,0.0%,0.0,0.0,0,0.00,0.0,0,0,0.0,0,0,0.0,0,0.0,0,0.0,0,0.0,0,0.0,0,0.0,0,0.0,0,0.0,0,0.0,0,0.0,0.00,0.0,0,0,0
1492824787,通投-那就叫八万-青春款-托管-达人-25.5.24-乘风直播间,暂停,审核通过,通投,直播间直接支付ROI,笔记（直播组件）,68109827000000000e005c1f,634e5e86000000001802d069,图文笔记,通投-达人赛马-青春款-托管-达人-25.5.24-乘风直播间,119317619,2025-05-24 15:56:02,0.00,0,0,0.0%,0.0,0.0,0,0.00,0.0,0,0,0.0,0,0,0.0,0,0.0,0,0.0,0,0.0,0,0.0,0,0.0,0,0.0,0,0.0,0,0.0,0,0.0,0.00,0.0,0,0,0
1493113855,通投-长期主-青春款-托管-日弘-25.5.24-乘风直播间,暂停,审核通过,通投,直播间直接支付ROI,笔记（直播组件）,683010ae000000002102f407,66f67e4c000000001d03127d,图文笔记,通投-长期主-青春款-托管-日弘-25.5.24-乘风直播间,119325199,2025-05-24 15:50:29,0.00,0,0,0.0%,0.0,0.0,0,0.00,0.0,0,0,0.0,0,0,0.0,0,0.0,0,0.0,0,0.0,0,0.0,0,0.0,0,0.0,0,0.0,0,0.0,0,0.0,0.00,0.0,0,0,0
1492937651,通投-孕期食-星光款-托管-日弘-25.5.24-乘风直播间,暂停,审核通过,通投,直播间直接支付ROI,笔记（直播组件）,682fd26a0000000021005816,66f67e4c000000001d03127d,图文笔记,通投-孕期食-星光款-托管-日弘-25.5.24-乘风直播间,119342237,2025-05-24 15:49:47,0.00,0,0,0.0%,0.0,0.0,0,0.00,0.0,0,0,0.0,0,0,0.0,0,0.0,0,0.0,0,0.0,0,0.0,0,0.0,0,0.0,0,0.0,0,0.0,0,0.0,0.00,0.0,0,0,0
1492820115,通投-薅羊毛-合集款-托管-日弘-25.5.24-乘风直播间,暂停,不满足审核条件,通投,直播间直接支付ROI,笔记（直播组件）,682ece8d000000002100a108,66f67e4c000000001d03127d,图文笔记,通投-薅羊毛-合集款-托管-日弘-25.5.24-乘风直播间,119322950,2025-05-24 15:49:04,0.00,0,0,0.0%,0.0,0.0,0,0.00,0.0,0,0,0.0,0,0,0.0,0,0.0,0,0.0,0,0.0,0,0.0,0,0.0,0,0.0,0,0.0,0,0.0,0,0.0,0.00,0.0,0,0,0
1473270875,通投-谁还交-青春款-托管-日弘-25.5.21优化-乘风直播间,暂停,审核通过,通投,直播间直接支付ROI,笔记（直播组件）,6748473c000000000202af9e,583691373460942ae8fc16bb,视频笔记,通投-谁还交-青春款-托管-日弘-25.5.21优化-乘风直播间,118563059,2025-05-21 10:01:42,0.00,0,0,0.0%,0.0,0.0,0,0.00,0.0,0,0,0.0,0,0,0.0,0,0.0,0,0.0,0,0.0,0,0.0,0,0.0,0,0.0,0,0.0,0,0.0,0,0.0,0.00,0.0,0,0,0
1473268047,通投-真的太-星光款-托管-日弘-25.5.21优化-乘风直播间,暂停,审核通过,通投,直播间直接支付ROI,笔记（直播组件）,66ced14a000000001f03d407,583691373460942ae8fc16bb,图文笔记,通投-优化赛马-星光款-托管-日弘-25.5.21优化-乘风直播间,118534436,2025-05-21 10:00:44,0.00,0,0,0.0%,0.0,0.0,0,0.00,0.0,0,0,0.0,0,0,0.0,0,0.0,0,0.0,0,0.0,0,0.0,0,0.0,0,0.0,0,0.0,0,0.0,0,0.0,0.00,0.0,0,0,0
1473268046,通投-孕期状-星光款-托管-日弘-25.5.21优化-乘风直播间,暂停,审核通过,通投,直播间直接支付ROI,笔记（直播组件）,67caaf3a0000000029039d9a,66f67e4c000000001d03127d,图文笔记,通投-优化赛马-星光款-托管-日弘-25.5.21优化-乘风直播间,118534436,2025-05-21 10:00:44,0.00,0,0,0.0%,0.0,0.0,0,0.00,0.0,0,0,0.0,0,0,0.0,0,0.0,0,0.0,0,0.0,0,0.0,0,0.0,0,0.0,0,0.0,0,0.0,0,0.0,0.00,0.0,0,0,0
1473031322,通投-悔1年-合集款-托管-日弘-25.5.21优化-乘风直播间,暂停,审核通过,通投,直播间直接支付ROI,笔记（直播组件）,67c57941000000002503c833,66f67e4c000000001d03127d,图文笔记,通投-优化赛马-合集款-托管-日弘-25.5.21优化-乘风直播间,118562980,2025-05-21 09:59:09,0.00,0,0,0.0%,0.0,0.0,0,0.00,0.0,0,0,0.0,0,0,0.0,0,0.0,0,0.0,0,0.0,0,0.0,0,0.0,0,0.0,0,0.0,0,0.0,0,0.0,0.00,0.0,0,0,0
1473031321,通投-懂行的-合集款-托管-日弘-25.5.21优化-乘风直播间,暂停,不满足审核条件,通投,直播间直接支付ROI,笔记（直播组件）,66d7c90e000000001f03eb73,583691373460942ae8fc16bb,图文笔记,通投-优化赛马-合集款-托管-日弘-25.5.21优化-乘风直播间,118562980,2025-05-21 09:59:09,0.00,0,0,0.0%,0.0,0.0,0,0.00,0.0,0,0,0.0,0,0,0.0,0,0.0,0,0.0,0,0.0,0,0.0,0,0.0,0,0.0,0,0.0,0,0.0,0,0.0,0.00,0.0,0,0,0
1473031320,通投-小白选-合集款-托管-日弘-25.5.21优化-乘风直播间,被计划暂停,审核拒绝,通投,直播间直接支付ROI,笔记（直播组件）,67af0cf3000000002803797b,66f67e4c000000001d03127d,图文笔记,通投-优化赛马-合集款-托管-日弘-25.5.21优化-乘风直播间,118562980,2025-05-21 09:59:09,0.00,0,0,0.0%,0.0,0.0,0,0.00,0.0,0,0,0.0,0,0,0.0,0,0.0,0,0.0,0,0.0,0,0.0,0,0.0,0,0.0,0,0.0,0,0.0,0,0.0,0.00,0.0,0,0,0
1461975633,通投-不是燕-星光款-托管-日弘-25.5.19优化-乘风直播间,暂停,审核通过,通投,直播间直接支付ROI,笔记（直播组件）,6747c34600000000020383fa,583691373460942ae8fc16bb,图文笔记,通投-不是燕-星光款-托管-日弘-25.5.19优化-乘风直播间,118170472,2025-05-19 16:03:58,0.00,0,0,0.0%,0.0,0.0,0,0.00,0.0,0,0,0.0,0,0,0.0,0,0.0,0,0.0,0,0.0,0,0.0,0,0.0,0,0.0,0,0.0,0,0.0,0,0.0,0.00,0.0,0,0,0
1461915211,通投-怎么选-青春款-托管-日弘-25.5.19优化-乘风直播间,暂停,审核通过,通投,直播间直接支付ROI,笔记（直播组件）,670f65ce0000000016021fa8,583691373460942ae8fc16bb,图文笔记,通投-怎么选-青春款-托管-日弘-25.5.19优化-乘风直播间,118147795,2025-05-19 16:03:27,0.00,0,0,0.0%,0.0,0.0,0,0.00,0.0,0,0,0.0,0,0,0.0,0,0.0,0,0.0,0,0.0,0,0.0,0,0.0,0,0.0,0,0.0,0,0.0,0,0.0,0.00,0.0,0,0,0
1461855808,通投-不走弯-合集款-托管-日弘-25.5.19优化-乘风直播间,暂停,审核通过,通投,直播间直接支付ROI,笔记（直播组件）,67077879000000002a0345f7,583691373460942ae8fc16bb,图文笔记,通投-优化赛马-合集款-托管-日弘-25.5.19优化-乘风直播间,118158973,2025-05-19 16:02:37,0.00,0,0,0.0%,0.0,0.0,0,0.00,0.0,0,0,0.0,0,0,0.0,0,0.0,0,0.0,0,0.0,0,0.0,0,0.0,0,0.0,0,0.0,0,0.0,0,0.0,0.00,0.0,0,0,0
1461855807,通投-抄作业-合集款-托管-日弘-25.5.19优化-乘风直播间,暂停,审核通过,通投,直播间直接支付ROI,笔记（直播组件）,67286f8f000000003c01a136,583691373460942ae8fc16bb,图文笔记,通投-优化赛马-合集款-托管-日弘-25.5.19优化-乘风直播间,118158973,2025-05-19 16:02:37,0.00,0,0,0.0%,0.0,0.0,0,0.00,0.0,0,0,0.0,0,0,0.0,0,0.0,0,0.0,0,0.0,0,0.0,0,0.0,0,0.0,0,0.0,0,0.0,0,0.0,0.00,0.0,0,0,0
1462020754,通投-不囤它-钻石碗50g-托管-日弘-25.5.19优化-乘风直播间,暂停,审核通过,通投,直播间直接支付ROI,笔记（直播组件）,672b4caf000000003c01b514,583691373460942ae8fc16bb,图文笔记,通投-优化赛马-钻石碗50g-托管-日弘-25.5.19优化-乘风直播间,118152867,2025-05-19 16:00:04,0.00,0,0,0.0%,0.0,0.0,0,0.00,0.0,0,0,0.0,0,0,0.0,0,0.0,0,0.0,0,0.0,0,0.0,0,0.0,0,0.0,0,0.0,0,0.0,0,0.0,0.00,0.0,0,0,0
1462020753,通投-不愧是-钻石碗50g-托管-日弘-25.5.19优化-乘风直播间,暂停,审核通过,通投,直播间直接支付ROI,笔记（直播组件）,671b7b45000000001602290d,583691373460942ae8fc16bb,图文笔记,通投-优化赛马-钻石碗50g-托管-日弘-25.5.19优化-乘风直播间,118152867,2025-05-19 16:00:04,0.00,0,0,0.0%,0.0,0.0,0,0.00,0.0,0,0,0.0,0,0,0.0,0,0.0,0,0.0,0,0.0,0,0.0,0,0.0,0,0.0,0,0.0,0,0.0,0,0.0,0.00,0.0,0,0,0
1450212156,通投-燕窝新-合集款-托管-日弘-25.5.17优化-乘风直播间,暂停,审核通过,通投,直播间直接支付ROI,笔记（直播组件）,6735ba5f000000003c015663,583691373460942ae8fc16bb,图文笔记,通投-优化赛马-合集款-托管-日弘-25.5.17优化-乘风直播间,117826748,2025-05-17 14:59:26,0.00,0,0,0.0%,0.0,0.0,0,0.00,0.0,0,0,0.0,0,0,0.0,0,0.0,0,0.0,0,0.0,0,0.0,0,0.0,0,0.0,0,0.0,0,0.0,0,0.0,0.00,0.0,0,0,0
1450212155,通投-一篇告-合集款-托管-日弘-25.5.17优化-乘风直播间,暂停,审核通过,通投,直播间直接支付ROI,笔记（直播组件）,680afc24000000001e003d35,66f67e4c000000001d03127d,图文笔记,通投-优化赛马-合集款-托管-日弘-25.5.17优化-乘风直播间,117826748,2025-05-17 14:59:26,0.00,0,0,0.0%,0.0,0.0,0,0.00,0.0,0,0,0.0,0,0,0.0,0,0.0,0,0.0,0,0.0,0,0.0,0,0.0,0,0.0,0,0.0,0,0.0,0,0.0,0.00,0.0,0,0,0
1449974545,通投-孕期各-合集款-托管-日弘-25.5.17-乘风直播间,暂停,审核通过,通投,直播间直接支付ROI,笔记（直播组件）,6826e9ea000000002102d1e1,66f67e4c000000001d03127d,图文笔记,通投-孕期各-合集款-托管-日弘-25.5.17-乘风直播间,117826696,2025-05-17 14:57:06,0.00,0,0,0.0%,0.0,0.0,0,0.00,0.0,0,0,0.0,0,0,0.0,0,0.0,0,0.0,0,0.0,0,0.0,0,0.0,0,0.0,0,0.0,0,0.0,0,0.0,0.00,0.0,0,0,0
1450209700,通投-怎么选-合集款-托管-日弘-25.5.17-乘风直播间,暂停,审核通过,通投,直播间直接支付ROI,笔记（直播组件）,6826e41f0000000020028f0b,66f67e4c000000001d03127d,图文笔记,通投-怎么选-合集款-托管-日弘-25.5.17-乘风直播间,117826674,2025-05-17 14:56:00,0.00,0,0,0.0%,0.0,0.0,0,0.00,0.0,0,0,0.0,0,0,0.0,0,0.0,0,0.0,0,0.0,0,0.0,0,0.0,0,0.0,0,0.0,0,0.0,0,0.0,0.00,0.0,0,0,0
1449970773,通投-职场人-青春款-托管-日弘-25.5.17-乘风直播间,暂停,审核通过,通投,直播间直接支付ROI,笔记（直播组件）,68245f8b0000000021007f4d,66f67e4c000000001d03127d,图文笔记,通投-职场人-青春款-托管-日弘-25.5.17-乘风直播间,117826634,2025-05-17 14:54:09,0.00,0,0,0.0%,0.0,0.0,0,0.00,0.0,0,0,0.0,0,0,0.0,0,0.0,0,0.0,0,0.0,0,0.0,0,0.0,0,0.0,0,0.0,0,0.0,0,0.0,0.00,0.0,0,0,0
1434868338,通投-货攻略-青春款-托管-广告素材-25.5.15优化-乘风直播间,暂停,审核通过,通投,直播间直接支付ROI,笔记（直播组件）,6801aa95000000000d0140a5,583691373460942ae8fc16bb,图文笔记,通投-货攻略-青春款-托管-广告素材-25.5.15优化-乘风直播间,117235287,2025-05-15 09:12:59,0.00,0,0,0.0%,0.0,0.0,0,0.00,0.0,0,0,0.0,0,0,0.0,0,0.0,0,0.0,0,0.0,0,0.0,0,0.0,0,0.0,0,0.0,0,0.0,0,0.0,0.00,0.0,0,0,0
1424873279,通投-鲜炖燕-青春款-托管-填坑-25.5.13优化-乘风直播间,暂停,审核通过,通投,直播间直接支付ROI,笔记（直播组件）,66fa1517000000002c02dd22,583691373460942ae8fc16bb,图文笔记,通投-鲜炖燕-青春款-托管-填坑-25.5.13优化-乘风直播间,116913218,2025-05-13 16:14:17,0.00,0,0,0.0%,0.0,0.0,0,0.00,0.0,0,0,0.0,0,0,0.0,0,0.0,0,0.0,0,0.0,0,0.0,0,0.0,0,0.0,0,0.0,0,0.0,0,0.0,0.00,0.0,0,0,0
1424870577,通投-小白选-合集款-托管-广告素材-25.5.13优化-乘风直播间,暂停,不满足审核条件,通投,直播间直接支付ROI,笔记（直播组件）,6800c0fe0000000007035cf4,583691373460942ae8fc16bb,图文笔记,通投-小白选-合集款-托管-广告素材-25.5.13优化-乘风直播间,116913140,2025-05-13 16:12:57,0.00,0,0,0.0%,0.0,0.0,0,0.00,0.0,0,0,0.0,0,0,0.0,0,0.0,0,0.0,0,0.0,0,0.0,0,0.0,0,0.0,0,0.0,0,0.0,0,0.0,0.00,0.0,0,0,0
1417472956,通投-年货节-合集款-托管-日弘-25.5.12-乘风直播间,暂停,审核通过,通投,直播间直接支付ROI,笔记（直播组件）,6777bad6000000001300eb13,66f67e4c000000001d03127d,图文笔记,通投-年货节-合集款-托管-日弘-25.5.12-乘风直播间,116620783,2025-05-12 14:17:58,0.00,0,0,0.0%,0.0,0.0,0,0.00,0.0,0,0,0.0,0,0,0.0,0,0.0,0,0.0,0,0.0,0,0.0,0,0.0,0,0.0,0,0.0,0,0.0,0,0.0,0.00,0.0,0,0,0
1417723930,通投-燕窝也-合集款-高级定向-日弘-25.5.12优化-乘风直播间,暂停,审核通过,通投,直播间直接支付ROI,笔记（直播组件）,672d88bf000000001d0385de,583691373460942ae8fc16bb,图文笔记,通投-燕窝也-合集款-高级定向-日弘-25.5.12优化-乘风直播间,116637225,2025-05-12 14:14:40,0.00,0,0,0.0%,0.0,0.0,0,0.00,0.0,0,0,0.0,0,0,0.0,0,0.0,0,0.0,0,0.0,0,0.0,0,0.0,0,0.0,0,0.0,0,0.0,0,0.0,0.00,0.0,0,0,0
1402435561,通投-窝开始-合集款-托管-日弘-25.5.9-乘风直播间,暂停,审核通过,通投,直播间直接支付ROI,笔记（直播组件）,681d9ed20000000021019587,66f67e4c000000001d03127d,图文笔记,通投-窝开始-合集款-托管-日弘-25.5.9-乘风直播间,116118277,2025-05-09 16:45:50,0.00,0,0,0.0%,0.0,0.0,0,0.00,0.0,0,0,0.0,0,0,0.0,0,0.0,0,0.0,0,0.0,0,0.0,0,0.0,0,0.0,0,0.0,0,0.0,0,0.0,0.00,0.0,0,0,0
1401032101,通投-Z BEIYU-母亲节礼盒45g-托管-达人-25.5.9-乘风直播间,暂停,审核通过,通投,直播间直接支付ROI,笔记（直播组件）,680767e3000000000e007a69,5ae92510e8ac2b4c0f41733e,图文笔记,通投-达人赛马1-母亲节礼盒45g-托管-达人-25.5.9-乘风直播间,116085968,2025-05-09 14:14:55,0.00,0,0,0.0%,0.0,0.0,0,0.00,0.0,0,0,0.0,0,0,0.0,0,0.0,0,0.0,0,0.0,0,0.0,0,0.0,0,0.0,0,0.0,0,0.0,0,0.0,0.00,0.0,0,0,0
1401032100,通投-Butt3rQ-母亲节礼盒45g-托管-达人-25.5.9-乘风直播间,被计划暂停,审核通过,通投,直播间直接支付ROI,笔记（直播组件）,68060088000000001e0016c1,5a0fd444e8ac2b5b5869315a,图文笔记,通投-达人赛马1-母亲节礼盒45g-托管-达人-25.5.9-乘风直播间,116085968,2025-05-09 14:14:55,0.00,0,0,0.0%,0.0,0.0,0,0.00,0.0,0,0,0.0,0,0,0.0,0,0.0,0,0.0,0,0.0,0,0.0,0,0.0,0,0.0,0,0.0,0,0.0,0,0.0,0.00,0.0,0,0,0
1401032099,通投-毛喜喜-母亲节礼盒45g-托管-达人-25.5.9-乘风直播间,暂停,审核通过,通投,直播间直接支付ROI,笔记（直播组件）,6802399a000000001e00be07,59ff23cc11be107886c12b9b,图文笔记,通投-达人赛马1-母亲节礼盒45g-托管-达人-25.5.9-乘风直播间,116085968,2025-05-09 14:14:55,0.00,0,0,0.0%,0.0,0.0,0,0.00,0.0,0,0,0.0,0,0,0.0,0,0.0,0,0.0,0,0.0,0,0.0,0,0.0,0,0.0,0,0.0,0,0.0,0,0.0,0.00,0.0,0,0,0
1401032098,通投-丁仔bb-母亲节礼盒45g-托管-达人-25.5.9-乘风直播间,暂停,审核通过,通投,直播间直接支付ROI,笔记（直播组件）,6800d1d1000000001b03f288,5953003e50c4b40150bcad52,图文笔记,通投-达人赛马1-母亲节礼盒45g-托管-达人-25.5.9-乘风直播间,116085968,2025-05-09 14:14:55,0.00,0,0,0.0%,0.0,0.0,0,0.00,0.0,0,0,0.0,0,0,0.0,0,0.0,0,0.0,0,0.0,0,0.0,0,0.0,0,0.0,0,0.0,0,0.0,0,0.0,0.00,0.0,0,0,0
1401032097,通投-国宁-母亲节礼盒45g-托管-达人-25.5.9-乘风直播间,暂停,审核通过,通投,直播间直接支付ROI,笔记（直播组件）,6800bf75000000001d0039da,5571468fc2bdeb16c80ba037,图文笔记,通投-达人赛马1-母亲节礼盒45g-托管-达人-25.5.9-乘风直播间,116085968,2025-05-09 14:14:55,0.00,0,0,0.0%,0.0,0.0,0,0.00,0.0,0,0,0.0,0,0,0.0,0,0.0,0,0.0,0,0.0,0,0.0,0,0.0,0,0.0,0,0.0,0,0.0,0,0.0,0.00,0.0,0,0,0
1401106247,通投-CloudSofa-母亲节礼盒45g-托管-达人-25.5.9-乘风直播间,被计划暂停,审核通过,通投,直播间直接支付ROI,笔记（直播组件）,67fe0662000000001c02e831,5657c4ed4476082881cdd95b,图文笔记,通投-达人赛马-母亲节礼盒45g-托管-达人-25.5.9-乘风直播间,116062726,2025-05-09 14:12:28,0.00,0,0,0.0%,0.0,0.0,0,0.00,0.0,0,0,0.0,0,0,0.0,0,0.0,0,0.0,0,0.0,0,0.0,0,0.0,0,0.0,0,0.0,0,0.0,0,0.0,0.00,0.0,0,0,0
1401106246,通投-夏梦-母亲节礼盒45g-托管-达人-25.5.9-乘风直播间,被计划暂停,审核通过,通投,直播间直接支付ROI,笔记（直播组件）,68074fdd000000001c037c01,57ac076da9b2ed1b0e170a76,图文笔记,通投-达人赛马-母亲节礼盒45g-托管-达人-25.5.9-乘风直播间,116062726,2025-05-09 14:12:28,0.00,0,0,0.0%,0.0,0.0,0,0.00,0.0,0,0,0.0,0,0,0.0,0,0.0,0,0.0,0,0.0,0,0.0,0,0.0,0,0.0,0,0.0,0,0.0,0,0.0,0.00,0.0,0,0,0
1401106245,通投-思思的日常-母亲节礼盒45g-托管-达人-25.5.9-乘风直播间,被计划暂停,审核通过,通投,直播间直接支付ROI,笔记（直播组件）,6809a669000000001b024e24,58e48e346a6a690519be70db,图文笔记,通投-达人赛马-母亲节礼盒45g-托管-达人-25.5.9-乘风直播间,116062726,2025-05-09 14:12:28,0.00,0,0,0.0%,0.0,0.0,0,0.00,0.0,0,0,0.0,0,0,0.0,0,0.0,0,0.0,0,0.0,0,0.0,0,0.0,0,0.0,0,0.0,0,0.0,0,0.0,0.00,0.0,0,0,0
1401106244,通投-武佰万-母亲节礼盒45g-托管-达人-25.5.9-乘风直播间,被计划暂停,审核通过,通投,直播间直接支付ROI,笔记（直播组件）,6805fd5e000000001c0017ae,6418a189000000001201051b,图文笔记,通投-达人赛马-母亲节礼盒45g-托管-达人-25.5.9-乘风直播间,116062726,2025-05-09 14:12:28,0.00,0,0,0.0%,0.0,0.0,0,0.00,0.0,0,0,0.0,0,0,0.0,0,0.0,0,0.0,0,0.0,0,0.0,0,0.0,0,0.0,0,0.0,0,0.0,0,0.0,0.00,0.0,0,0,0
1401106243,通投-一朵软软云-母亲节礼盒45g-托管-达人-25.5.9-乘风直播间,被计划暂停,审核通过,通投,直播间直接支付ROI,笔记（直播组件）,68076289000000001c02dd2e,5d76210c00000000010084c8,图文笔记,通投-达人赛马-母亲节礼盒45g-托管-达人-25.5.9-乘风直播间,116062726,2025-05-09 14:12:28,0.00,0,0,0.0%,0.0,0.0,0,0.00,0.0,0,0,0.0,0,0,0.0,0,0.0,0,0.0,0,0.0,0,0.0,0,0.0,0,0.0,0,0.0,0,0.0,0,0.0,0.00,0.0,0,0,0
1400968603,通投-的礼物-母亲节礼盒40g-托管-日弘-25.5.9-乘风直播间,被计划暂停,审核通过,通投,直播间直接支付ROI,笔记（直播组件）,681d5d890000000020029c75,66f67e4c000000001d03127d,图文笔记,通投-的礼物-母亲节礼盒40g-托管-日弘-25.5.9-乘风直播间,116085608,2025-05-09 14:05:50,0.00,0,0,0.0%,0.0,0.0,0,0.00,0.0,0,0,0.0,0,0,0.0,0,0.0,0,0.0,0,0.0,0,0.0,0,0.0,0,0.0,0,0.0,0,0.0,0,0.0,0.00,0.0,0,0,0
1396012283,通投-妈健康-母亲节礼盒40g-托管-日弘-25.5.8-乘风直播间,被计划暂停,审核通过,通投,直播间直接支付ROI,笔记（直播组件）,681c618f000000002001f01e,66f67e4c000000001d03127d,图文笔记,通投-妈健康-母亲节礼盒40g-托管-日弘-25.5.8-乘风直播间,115894056,2025-05-08 17:11:01,0.00,0,0,0.0%,0.0,0.0,0,0.00,0.0,0,0,0.0,0,0,0.0,0,0.0,0,0.0,0,0.0,0,0.0,0,0.0,0,0.0,0,0.0,0,0.0,0,0.0,0.00,0.0,0,0,0
1395915355,通投-若语-母亲节礼盒45g-托管-达人-25.5.8-乘风直播间,被计划暂停,审核通过,通投,直播间直接支付ROI,笔记（直播组件）,680767ce000000001d03bbc8,5690bb1c82ec3921c99071bd,图文笔记,通投-达人赛马1-母亲节礼盒45g-托管-达人-25.5.8-乘风直播间,115899776,2025-05-08 17:10:00,0.00,0,0,0.0%,0.0,0.0,0,0.00,0.0,0,0,0.0,0,0,0.0,0,0.0,0,0.0,0,0.0,0,0.0,0,0.0,0,0.0,0,0.0,0,0.0,0,0.0,0.00,0.0,0,0,0
1395915354,通投-林仙女-母亲节礼盒45g-托管-达人-25.5.8-乘风直播间,被计划暂停,审核通过,通投,直播间直接支付ROI,笔记（直播组件）,6805dddc000000000b01d2fb,5a2027c1e8ac2b24e979dfda,图文笔记,通投-达人赛马1-母亲节礼盒45g-托管-达人-25.5.8-乘风直播间,115899776,2025-05-08 17:10:00,0.00,0,0,0.0%,0.0,0.0,0,0.00,0.0,0,0,0.0,0,0,0.0,0,0.0,0,0.0,0,0.0,0,0.0,0,0.0,0,0.0,0,0.0,0,0.0,0,0.0,0.00,0.0,0,0,0
1395915353,通投-吧唧老朱-母亲节礼盒45g-托管-达人-25.5.8-乘风直播间,被计划暂停,审核通过,通投,直播间直接支付ROI,笔记（直播组件）,6808bdc2000000001d0163b7,5cb44c09000000001202e7a5,图文笔记,通投-达人赛马1-母亲节礼盒45g-托管-达人-25.5.8-乘风直播间,115899776,2025-05-08 17:10:00,0.00,0,0,0.0%,0.0,0.0,0,0.00,0.0,0,0,0.0,0,0,0.0,0,0.0,0,0.0,0,0.0,0,0.0,0,0.0,0,0.0,0,0.0,0,0.0,0,0.0,0.00,0.0,0,0,0
1395915352,通投-来一杯毛豆-母亲节礼盒45g-托管-达人-25.5.8-乘风直播间,被计划暂停,审核通过,通投,直播间直接支付ROI,笔记（直播组件）,6800664f000000001c01d849,5e1499b70000000001004c56,图文笔记,通投-达人赛马1-母亲节礼盒45g-托管-达人-25.5.8-乘风直播间,115899776,2025-05-08 17:10:00,0.00,0,0,0.0%,0.0,0.0,0,0.00,0.0,0,0,0.0,0,0,0.0,0,0.0,0,0.0,0,0.0,0,0.0,0,0.0,0,0.0,0,0.0,0,0.0,0,0.0,0.00,0.0,0,0,0
1396008245,通投-许佳念-母亲节礼盒45g-托管-达人-25.5.8-乘风直播间,被计划暂停,不满足审核条件,通投,直播间直接支付ROI,笔记（直播组件）,6801c81b000000001e0093b9,631efdd9000000002303d4c2,图文笔记,通投-达人赛马-母亲节礼盒45g-托管-达人-25.5.8-乘风直播间,115893917,2025-05-08 17:07:29,0.00,0,0,0.0%,0.0,0.0,0,0.00,0.0,0,0,0.0,0,0,0.0,0,0.0,0,0.0,0,0.0,0,0.0,0,0.0,0,0.0,0,0.0,0,0.0,0,0.0,0.00,0.0,0,0,0
1396008244,通投-来一杯毛豆-母亲节礼盒45g-托管-达人-25.5.8-乘风直播间,被计划暂停,审核通过,通投,直播间直接支付ROI,笔记（直播组件）,6800664f000000001c01d849,5e1499b70000000001004c56,图文笔记,通投-达人赛马-母亲节礼盒45g-托管-达人-25.5.8-乘风直播间,115893917,2025-05-08 17:07:29,0.00,0,0,0.0%,0.0,0.0,0,0.00,0.0,0,0,0.0,0,0,0.0,0,0.0,0,0.0,0,0.0,0,0.0,0,0.0,0,0.0,0,0.0,0,0.0,0,0.0,0.00,0.0,0,0,0
1396008243,通投-金鱼🐟-母亲节礼盒45g-托管-达人-25.5.8-乘风直播间,被计划暂停,审核拒绝,通投,直播间直接支付ROI,笔记（直播组件）,67ff8e13000000001d0077bc,5a018ac8db2e607893f6d542,图文笔记,通投-达人赛马-母亲节礼盒45g-托管-达人-25.5.8-乘风直播间,115893917,2025-05-08 17:07:29,0.00,0,0,0.0%,0.0,0.0,0,0.00,0.0,0,0,0.0,0,0,0.0,0,0.0,0,0.0,0,0.0,0,0.0,0,0.0,0,0.0,0,0.0,0,0.0,0,0.0,0.00,0.0,0,0,0
1396008242,通投-不蒸馒头争口齐女士-母亲节礼盒45g-托管-达人-25.5.8-乘风直播间,被计划暂停,审核通过,通投,直播间直接支付ROI,笔记（直播组件）,6800d42a000000001c035356,628f3457000000001501db5a,图文笔记,通投-达人赛马-母亲节礼盒45g-托管-达人-25.5.8-乘风直播间,115893917,2025-05-08 17:07:29,0.00,0,0,0.0%,0.0,0.0,0,0.00,0.0,0,0,0.0,0,0,0.0,0,0.0,0,0.0,0,0.0,0,0.0,0,0.0,0,0.0,0,0.0,0,0.0,0,0.0,0.00,0.0,0,0,0
1396008241,通投-菲儿-母亲节礼盒45g-托管-达人-25.5.8-乘风直播间,被计划暂停,审核通过,通投,直播间直接支付ROI,笔记（直播组件）,6808d60a000000001e00427b,599a81f55e87e75cee802e52,视频笔记,通投-达人赛马-母亲节礼盒45g-托管-达人-25.5.8-乘风直播间,115893917,2025-05-08 17:07:29,0.00,0,0,0.0%,0.0,0.0,0,0.00,0.0,0,0,0.0,0,0,0.0,0,0.0,0,0.0,0,0.0,0,0.0,0,0.0,0,0.0,0,0.0,0,0.0,0,0.0,0.00,0.0,0,0,0
1384021835,通投-小仙炖-合集款-托管-广告素材-25.5.6-乘风直播间,暂停,审核通过,通投,直播间直接支付ROI,笔记（直播组件）,6811bf9f000000002202b1c4,583691373460942ae8fc16bb,图文笔记,通投-小仙炖-合集款-托管-广告素材-25.5.6-乘风直播间,115422020,2025-05-06 17:45:02,0.00,0,0,0.0%,0.0,0.0,0,0.00,0.0,0,0,0.0,0,0,0.0,0,0.0,0,0.0,0,0.0,0,0.0,0,0.0,0,0.0,0,0.0,0,0.0,0,0.0,0.00,0.0,0,0,0
1383905886,通投-春夏养-青春款-托管-广告素材-25.5.6-乘风直播间,暂停,审核通过,通投,直播间直接支付ROI,笔记（直播组件）,6811e0d2000000002202bc03,583691373460942ae8fc16bb,图文笔记,通投-广告素材赛马-青春款-托管-广告素材-25.5.6-乘风直播间,115427782,2025-05-06 17:44:28,0.00,0,0,0.0%,0.0,0.0,0,0.00,0.0,0,0,0.0,0,0,0.0,0,0.0,0,0.0,0,0.0,0,0.0,0,0.0,0,0.0,0,0.0,0,0.0,0,0.0,0.00,0.0,0,0,0
1383905885,通投-这才是-青春款-托管-广告素材-25.5.6-乘风直播间,暂停,审核通过,通投,直播间直接支付ROI,笔记（直播组件）,68103770000000002301d7aa,583691373460942ae8fc16bb,图文笔记,通投-广告素材赛马-青春款-托管-广告素材-25.5.6-乘风直播间,115427782,2025-05-06 17:44:28,0.00,0,0,0.0%,0.0,0.0,0,0.00,0.0,0,0,0.0,0,0,0.0,0,0.0,0,0.0,0,0.0,0,0.0,0,0.0,0,0.0,0,0.0,0,0.0,0,0.0,0.00,0.0,0,0,0
1380845663,通投-买燕窝-青春款-托管-日弘-25.5.6优化-乘风直播间,暂停,审核通过,通投,直播间直接支付ROI,笔记（直播组件）,67e62a7d000000001b039ee2,66f67e4c000000001d03127d,图文笔记,通投-买燕窝-青春款-托管-日弘-25.5.6优化-乘风直播间,115306665,2025-05-06 08:54:12,0.00,0,0,0.0%,0.0,0.0,0,0.00,0.0,0,0,0.0,0,0,0.0,0,0.0,0,0.0,0,0.0,0,0.0,0,0.0,0,0.0,0,0.0,0,0.0,0,0.0,0.00,0.0,0,0,0
1380787629,通投-保卫战-星光款-托管-日弘-25.5.6优化-乘风直播间,暂停,审核通过,通投,直播间直接支付ROI,笔记（直播组件）,67adb1c30000000029030c1b,66f67e4c000000001d03127d,图文笔记,通投-保卫战-星光款-托管-日弘-25.5.6优化-乘风直播间,115334630,2025-05-06 08:53:44,0.00,0,0,0.0%,0.0,0.0,0,0.00,0.0,0,0,0.0,0,0,0.0,0,0.0,0,0.0,0,0.0,0,0.0,0,0.0,0,0.0,0,0.0,0,0.0,0,0.0,0.00,0.0,0,0,0
1380671943,通投-高端局-合集款-托管-日弘-25.5.6-乘风直播间,暂停,审核通过,通投,直播间直接支付ROI,笔记（直播组件）,6811bc0e000000002100d0ef,66f67e4c000000001d03127d,图文笔记,通投-高端局-合集款-托管-日弘-25.5.6-乘风直播间,115329302,2025-05-06 08:53:01,0.00,0,0,0.0%,0.0,0.0,0,0.00,0.0,0,0,0.0,0,0,0.0,0,0.0,0,0.0,0,0.0,0,0.0,0,0.0,0,0.0,0,0.0,0,0.0,0,0.0,0.00,0.0,0,0,0
1355347243,通投-母亲节-母亲节礼盒40g-托管-日弘-25.4.28-乘风直播间,被计划暂停,审核通过,通投,直播间直接支付ROI,笔记（直播组件）,6811959e0000000022024281,66f67e4c000000001d03127d,图文笔记,通投-母亲节-母亲节礼盒40g-托管-日弘-25.4.28-乘风直播间,114536219,2025-04-30 11:26:04,0.00,0,0,0.0%,0.0,0.0,0,0.00,0.0,0,0,0.0,0,0,0.0,0,0.0,0,0.0,0,0.0,0,0.0,0,0.0,0,0.0,0,0.0,0,0.0,0,0.0,0.00,0.0,0,0,0
1351073680,通投-悔1年-合集款-托管-日弘-25.4.29优化-乘风直播间,暂停,审核通过,通投,直播间直接支付ROI,笔记（直播组件）,67c57941000000002503c833,66f67e4c000000001d03127d,图文笔记,通投-悔1年-合集款-托管-日弘-25.4.29优化-乘风直播间,114364596,2025-04-29 15:32:23,0.00,0,0,0.0%,0.0,0.0,0,0.00,0.0,0,0,0.0,0,0,0.0,0,0.0,0,0.0,0,0.0,0,0.0,0,0.0,0,0.0,0,0.0,0,0.0,0,0.0,0.00,0.0,0,0,0
1351043605,通投-广东夫-青春款-托管-广告素材-25.4.29-乘风直播间,暂停,审核通过,通投,直播间直接支付ROI,笔记（直播组件）,680d8309000000000b017d99,583691373460942ae8fc16bb,图文笔记,通投-广东夫-青春款-托管-广告素材-25.4.29-乘风直播间,114342058,2025-04-29 15:31:34,0.00,0,0,0.0%,0.0,0.0,0,0.00,0.0,0,0,0.0,0,0,0.0,0,0.0,0,0.0,0,0.0,0,0.0,0,0.0,0,0.0,0,0.0,0,0.0,0,0.0,0.00,0.0,0,0,0
1350723521,通投-一篇告-合集款-托管-日弘-25.4.29-乘风直播间,暂停,审核通过,通投,直播间直接支付ROI,笔记（直播组件）,680afc24000000001e003d35,66f67e4c000000001d03127d,图文笔记,通投-一篇告-合集款-托管-日弘-25.4.29-乘风直播间,114362469,2025-04-29 14:47:05,0.00,0,0,0.0%,0.0,0.0,0,0.00,0.0,0,0,0.0,0,0,0.0,0,0.0,0,0.0,0,0.0,0,0.0,0,0.0,0,0.0,0,0.0,0,0.0,0,0.0,0.00,0.0,0,0,0
1345577633,通投-隔壁老刘-母亲节礼盒45g-托管-达人-25.4.28-乘风直播间,被计划暂停,审核通过,通投,直播间直接支付ROI,笔记（直播组件）,6800cdb1000000001b024f05,5b751502afa6e000014f1d9e,视频笔记,通投-达人赛马1-母亲节礼盒45g-托管-达人-25.4.28-乘风直播间,114139665,2025-04-28 15:37:43,0.00,0,0,0.0%,0.0,0.0,0,0.00,0.0,0,0,0.0,0,0,0.0,0,0.0,0,0.0,0,0.0,0,0.0,0,0.0,0,0.0,0,0.0,0,0.0,0,0.0,0.00,0.0,0,0,0
1345577632,通投-娜娜学姐-母亲节礼盒45g-托管-达人-25.4.28-乘风直播间,被计划暂停,审核通过,通投,直播间直接支付ROI,笔记（直播组件）,6807652d000000000903a71d,601a903d0000000001005592,视频笔记,通投-达人赛马1-母亲节礼盒45g-托管-达人-25.4.28-乘风直播间,114139665,2025-04-28 15:37:43,0.00,0,0,0.0%,0.0,0.0,0,0.00,0.0,0,0,0.0,0,0,0.0,0,0.0,0,0.0,0,0.0,0,0.0,0,0.0,0,0.0,0,0.0,0,0.0,0,0.0,0.00,0.0,0,0,0
1345577631,通投-大布欧-母亲节礼盒45g-托管-达人-25.4.28-乘风直播间,被计划暂停,审核通过,通投,直播间直接支付ROI,笔记（直播组件）,6807676a000000000e00788d,65f69c5f000000000b00e222,视频笔记,通投-达人赛马1-母亲节礼盒45g-托管-达人-25.4.28-乘风直播间,114139665,2025-04-28 15:37:43,0.00,0,0,0.0%,0.0,0.0,0,0.00,0.0,0,0,0.0,0,0,0.0,0,0.0,0,0.0,0,0.0,0,0.0,0,0.0,0,0.0,0,0.0,0,0.0,0,0.0,0.00,0.0,0,0,0
1345577630,通投-Jane有办法-母亲节礼盒45g-托管-达人-25.4.28-乘风直播间,被计划暂停,审核通过,通投,直播间直接支付ROI,笔记（直播组件）,6807173f000000001d0216f9,53ce817eb4c4d63cddbe59ae,视频笔记,通投-达人赛马1-母亲节礼盒45g-托管-达人-25.4.28-乘风直播间,114139665,2025-04-28 15:37:43,0.00,0,0,0.0%,0.0,0.0,0,0.00,0.0,0,0,0.0,0,0,0.0,0,0.0,0,0.0,0,0.0,0,0.0,0,0.0,0,0.0,0,0.0,0,0.0,0,0.0,0.00,0.0,0,0,0
1345577629,通投-依依小姐-母亲节礼盒45g-托管-达人-25.4.28-乘风直播间,被计划暂停,审核通过,通投,直播间直接支付ROI,笔记（直播组件）,6805eb13000000001c0376ad,5f585217000000000100a71f,视频笔记,通投-达人赛马1-母亲节礼盒45g-托管-达人-25.4.28-乘风直播间,114139665,2025-04-28 15:37:43,0.00,0,0,0.0%,0.0,0.0,0,0.00,0.0,0,0,0.0,0,0,0.0,0,0.0,0,0.0,0,0.0,0,0.0,0,0.0,0,0.0,0,0.0,0,0.0,0,0.0,0.00,0.0,0,0,0
1345576639,通投-诺诺cc-母亲节礼盒45g-托管-达人-25.4.28-乘风直播间,暂停,审核通过,通投,直播间直接支付ROI,笔记（直播组件）,6805e36f0000000009039ae4,6492620e000000002a0362e4,视频笔记,通投-达人赛马-母亲节礼盒45g-托管-达人-25.4.28-乘风直播间,114139596,2025-04-28 15:36:20,0.00,0,0,0.0%,0.0,0.0,0,0.00,0.0,0,0,0.0,0,0,0.0,0,0.0,0,0.0,0,0.0,0,0.0,0,0.0,0,0.0,0,0.0,0,0.0,0,0.0,0.00,0.0,0,0,0
1345576638,通投-杨丢丢-母亲节礼盒45g-托管-达人-25.4.28-乘风直播间,被计划暂停,审核通过,通投,直播间直接支付ROI,笔记（直播组件）,6800bbcb000000001c02d18b,58f2227750c4b411268677e4,视频笔记,通投-达人赛马-母亲节礼盒45g-托管-达人-25.4.28-乘风直播间,114139596,2025-04-28 15:36:20,0.00,0,0,0.0%,0.0,0.0,0,0.00,0.0,0,0,0.0,0,0,0.0,0,0.0,0,0.0,0,0.0,0,0.0,0,0.0,0,0.0,0,0.0,0,0.0,0,0.0,0.00,0.0,0,0,0
1345576637,通投-熊二日记-母亲节礼盒45g-托管-达人-25.4.28-乘风直播间,被计划暂停,审核拒绝,通投,直播间直接支付ROI,笔记（直播组件）,6800c372000000001c02f790,57c3ad3a82ec3944c45b9e76,图文笔记,通投-达人赛马-母亲节礼盒45g-托管-达人-25.4.28-乘风直播间,114139596,2025-04-28 15:36:20,0.00,0,0,0.0%,0.0,0.0,0,0.00,0.0,0,0,0.0,0,0,0.0,0,0.0,0,0.0,0,0.0,0,0.0,0,0.0,0,0.0,0,0.0,0,0.0,0,0.0,0.00,0.0,0,0,0
1345576636,通投-子欲-母亲节礼盒45g-托管-达人-25.4.28-乘风直播间,被计划暂停,审核通过,通投,直播间直接支付ROI,笔记（直播组件）,6800c454000000000b01d345,5f0b0a83000000000101d908,图文笔记,通投-达人赛马-母亲节礼盒45g-托管-达人-25.4.28-乘风直播间,114139596,2025-04-28 15:36:20,0.00,0,0,0.0%,0.0,0.0,0,0.00,0.0,0,0,0.0,0,0,0.0,0,0.0,0,0.0,0,0.0,0,0.0,0,0.0,0,0.0,0,0.0,0,0.0,0,0.0,0.00,0.0,0,0,0
1345576635,通投-关关晴天-母亲节礼盒45g-托管-达人-25.4.28-乘风直播间,暂停,审核通过,通投,直播间直接支付ROI,笔记（直播组件）,6800c01e000000001d01a376,5657d906e4251d25d1a772c6,图文笔记,通投-达人赛马-母亲节礼盒45g-托管-达人-25.4.28-乘风直播间,114139596,2025-04-28 15:36:20,0.00,0,0,0.0%,0.0,0.0,0,0.00,0.0,0,0,0.0,0,0,0.0,0,0.0,0,0.0,0,0.0,0,0.0,0,0.0,0,0.0,0,0.0,0,0.0,0,0.0,0.00,0.0,0,0,0
1345399416,通投-一颗奶糖-母亲节礼盒40g-托管-达人-25.4.28-乘风直播间,被计划暂停,审核通过,通投,直播间直接支付ROI,笔记（直播组件）,6808d79c000000001d00955c,629c1d66000000001501fa22,图文笔记,通投-达人赛马-母亲节礼盒40g-托管-达人-25.4.28-乘风直播间,114127928,2025-04-28 15:34:39,0.00,0,0,0.0%,0.0,0.0,0,0.00,0.0,0,0,0.0,0,0,0.0,0,0.0,0,0.0,0,0.0,0,0.0,0,0.0,0,0.0,0,0.0,0,0.0,0,0.0,0.00,0.0,0,0,0
1345399415,通投-泡泡（好运ing）-母亲节礼盒40g-托管-达人-25.4.28-乘风直播间,被计划暂停,审核通过,通投,直播间直接支付ROI,笔记（直播组件）,68076772000000001202d544,63b1a057000000002702ac30,图文笔记,通投-达人赛马-母亲节礼盒40g-托管-达人-25.4.28-乘风直播间,114127928,2025-04-28 15:34:39,0.00,0,0,0.0%,0.0,0.0,0,0.00,0.0,0,0,0.0,0,0,0.0,0,0.0,0,0.0,0,0.0,0,0.0,0,0.0,0,0.0,0,0.0,0,0.0,0,0.0,0.00,0.0,0,0,0
1345399414,通投-付七月-母亲节礼盒40g-托管-达人-25.4.28-乘风直播间,被计划暂停,审核通过,通投,直播间直接支付ROI,笔记（直播组件）,6808e0c3000000000f03b829,6460fb66000000000f00410c,图文笔记,通投-达人赛马-母亲节礼盒40g-托管-达人-25.4.28-乘风直播间,114127928,2025-04-28 15:34:39,0.00,0,0,0.0%,0.0,0.0,0,0.00,0.0,0,0,0.0,0,0,0.0,0,0.0,0,0.0,0,0.0,0,0.0,0,0.0,0,0.0,0,0.0,0,0.0,0,0.0,0.00,0.0,0,0,0
1345399413,通投-咕噜的岛-母亲节礼盒40g-托管-达人-25.4.28-乘风直播间,被计划暂停,审核通过,通投,直播间直接支付ROI,笔记（直播组件）,68091840000000001200dc9c,63692e15000000001f01a420,图文笔记,通投-达人赛马-母亲节礼盒40g-托管-达人-25.4.28-乘风直播间,114127928,2025-04-28 15:34:39,0.00,0,0,0.0%,0.0,0.0,0,0.00,0.0,0,0,0.0,0,0,0.0,0,0.0,0,0.0,0,0.0,0,0.0,0,0.0,0,0.0,0,0.0,0,0.0,0,0.0,0.00,0.0,0,0,0
1325205177,通投-是绝杀-青春款-托管-广告素材-25.4.24-乘风直播间,暂停,审核通过,通投,直播间直接支付ROI,笔记（直播组件）,6801b680000000000e0074a1,583691373460942ae8fc16bb,图文笔记,通投-笔记赛马-青春款-托管-广告素材-25.4.24-乘风直播间,113364740,2025-04-24 16:42:28,0.00,0,0,0.0%,0.0,0.0,0,0.00,0.0,0,0,0.0,0,0,0.0,0,0.0,0,0.0,0,0.0,0,0.0,0,0.0,0,0.0,0,0.0,0,0.0,0,0.0,0.00,0.0,0,0,0
1325205176,通投-职场人-青春款-托管-广告素材-25.4.24-乘风直播间,暂停,审核通过,通投,直播间直接支付ROI,笔记（直播组件）,6800ce01000000000f03bebe,583691373460942ae8fc16bb,图文笔记,通投-笔记赛马-青春款-托管-广告素材-25.4.24-乘风直播间,113364740,2025-04-24 16:42:28,0.00,0,0,0.0%,0.0,0.0,0,0.00,0.0,0,0,0.0,0,0,0.0,0,0.0,0,0.0,0,0.0,0,0.0,0,0.0,0,0.0,0,0.0,0,0.0,0,0.0,0.00,0.0,0,0,0
1325205175,通投-疲态脸-青春款-托管-广告素材-25.4.24-乘风直播间,暂停,审核通过,通投,直播间直接支付ROI,笔记（直播组件）,6800d1d3000000000901558a,583691373460942ae8fc16bb,图文笔记,通投-笔记赛马-青春款-托管-广告素材-25.4.24-乘风直播间,113364740,2025-04-24 16:42:28,0.00,0,0,0.0%,0.0,0.0,0,0.00,0.0,0,0,0.0,0,0,0.0,0,0.0,0,0.0,0,0.0,0,0.0,0,0.0,0,0.0,0,0.0,0,0.0,0,0.0,0.00,0.0,0,0,0
1324898356,通投-这才是-青春款-托管-日弘-25.4.24-乘风直播间,被计划暂停,审核拒绝,通投,直播间直接支付ROI,笔记（直播组件）,6808b287000000001e004e1f,66f67e4c000000001d03127d,图文笔记,通投-笔记赛马-青春款-托管-日弘-25.4.24-乘风直播间,113370331,2025-04-24 16:36:15,0.00,0,0,0.0%,0.0,0.0,0,0.00,0.0,0,0,0.0,0,0,0.0,0,0.0,0,0.0,0,0.0,0,0.0,0,0.0,0,0.0,0,0.0,0,0.0,0,0.0,0.00,0.0,0,0,0
1324898355,通投-聪明孕-青春款-托管-日弘-25.4.24-乘风直播间,暂停,审核通过,通投,直播间直接支付ROI,笔记（直播组件）,66714c48000000001d0161ee,583691373460942ae8fc16bb,图文笔记,通投-笔记赛马-青春款-托管-日弘-25.4.24-乘风直播间,113370331,2025-04-24 16:36:15,0.00,0,0,0.0%,0.0,0.0,0,0.00,0.0,0,0,0.0,0,0,0.0,0,0.0,0,0.0,0,0.0,0,0.0,0,0.0,0,0.0,0,0.0,0,0.0,0,0.0,0.00,0.0,0,0,0
1314689036,通投-当我问-青春款-托管-日弘-25.4.22优化-乘风直播间,暂停,审核通过,通投,直播间直接支付ROI,笔记（直播组件）,67db7d76000000001b0240e9,66f67e4c000000001d03127d,图文笔记,通投-当我问-青春款-托管-日弘-25.4.22优化-乘风直播间,112967709,2025-04-22 17:46:58,0.00,0,0,0.0%,0.0,0.0,0,0.00,0.0,0,0,0.0,0,0,0.0,0,0.0,0,0.0,0,0.0,0,0.0,0,0.0,0,0.0,0,0.0,0,0.0,0,0.0,0.00,0.0,0,0,0
1314946751,通投-拒绝白-星光款-托管-填坑-25.4.22优化-乘风直播间,暂停,审核通过,通投,直播间直接支付ROI,笔记（直播组件）,6662a85f000000001500a855,583691373460942ae8fc16bb,图文笔记,通投-拒绝白-星光款-托管-填坑-25.4.22优化-乘风直播间,112973646,2025-04-22 17:46:30,0.00,0,0,0.0%,0.0,0.0,0,0.00,0.0,0,0,0.0,0,0,0.0,0,0.0,0,0.0,0,0.0,0,0.0,0,0.0,0,0.0,0,0.0,0,0.0,0,0.0,0.00,0.0,0,0,0
1314851189,通投-年度燕-合集款-托管-日弘-25.4.22优化-乘风直播间,暂停,审核通过,通投,直播间直接支付ROI,笔记（直播组件）,67652b99000000001301806b,66f67e4c000000001d03127d,图文笔记,通投-年度燕-合集款-托管-日弘-25.4.22优化-乘风直播间,112990730,2025-04-22 17:44:24,0.00,0,0,0.0%,0.0,0.0,0,0.00,0.0,0,0,0.0,0,0,0.0,0,0.0,0,0.0,0,0.0,0,0.0,0,0.0,0,0.0,0,0.0,0,0.0,0,0.0,0.00,0.0,0,0,0
1314944401,通投-燕窝吃-合集款-托管-日弘-25.4.22优化-乘风直播间,暂停,审核通过,通投,直播间直接支付ROI,笔记（直播组件）,67ce86860000000029029a4f,66f67e4c000000001d03127d,图文笔记,通投-燕窝吃-合集款-托管-日弘-25.4.22优化-乘风直播间,112962750,2025-04-22 17:43:31,0.00,0,0,0.0%,0.0,0.0,0,0.00,0.0,0,0,0.0,0,0,0.0,0,0.0,0,0.0,0,0.0,0,0.0,0,0.0,0,0.0,0,0.0,0,0.0,0,0.0,0.00,0.0,0,0,0
1314732361,通投-孕期状-星光款-托管-日弘-25.4.22优化-乘风直播间,暂停,审核通过,通投,直播间直接支付ROI,笔记（直播组件）,67caaf3a0000000029039d9a,66f67e4c000000001d03127d,图文笔记,通投-孕期状-星光款-托管-日弘-25.4.22优化-乘风直播间,112990637,2025-04-22 17:42:48,0.00,0,0,0.0%,0.0,0.0,0,0.00,0.0,0,0,0.0,0,0,0.0,0,0.0,0,0.0,0,0.0,0,0.0,0,0.0,0,0.0,0,0.0,0,0.0,0,0.0,0.00,0.0,0,0,0
1314730203,通投-小仙炖-合集款-托管-日弘-25.4.22-乘风直播间,被计划暂停,审核拒绝,通投,直播间直接支付ROI,笔记（直播组件）,6805e818000000001e0078cc,66f67e4c000000001d03127d,图文笔记,通投-小仙炖-合集款-托管-日弘-25.4.22-乘风直播间,112985069,2025-04-22 17:41:42,0.00,0,0,0.0%,0.0,0.0,0,0.00,0.0,0,0,0.0,0,0,0.0,0,0.0,0,0.0,0,0.0,0,0.0,0,0.0,0,0.0,0,0.0,0,0.0,0,0.0,0.00,0.0,0,0,0
1308825279,通投-阿顺麻麻-星光款-托管-达人-25.4.21-乘风直播间,被计划暂停,审核拒绝,通投,直播间直接支付ROI,笔记（直播组件）,67aaaef8000000002900c6fb,5f06d5d2000000000100288b,视频笔记,通投-阿顺麻麻-星光款-托管-达人-25.4.21-乘风直播间,112738167,2025-04-21 15:37:26,0.00,0,0,0.0%,0.0,0.0,0,0.00,0.0,0,0,0.0,0,0,0.0,0,0.0,0,0.0,0,0.0,0,0.0,0,0.0,0,0.0,0,0.0,0,0.0,0,0.0,0.00,0.0,0,0,0
1304659370,通投-疲态脸-青春款-托管-日弘-25.4.20-乘风直播间,被计划暂停,审核拒绝,通投,直播间直接支付ROI,笔记（直播组件）,67c11c9f00000000290125ca,66f67e4c000000001d03127d,图文笔记,通投-疲态脸-青春款-托管-日弘-25.4.20-乘风直播间,112577023,2025-04-20 20:44:14,0.00,0,0,0.0%,0.0,0.0,0,0.00,0.0,0,0,0.0,0,0,0.0,0,0.0,0,0.0,0,0.0,0,0.0,0,0.0,0,0.0,0,0.0,0,0.0,0,0.0,0.00,0.0,0,0,0
1304659051,通投-樱桃婉子-青春款-托管-达人-25.4.20-乘风直播间,被计划暂停,审核拒绝,通投,直播间直接支付ROI,笔记（直播组件）,6704c9e4000000002c02d9be,5eef61f800000000010030a1,图文笔记,通投-樱桃婉子-青春款-托管-达人-25.4.20-乘风直播间,112588756,2025-04-20 20:43:31,0.00,0,0,0.0%,0.0,0.0,0,0.00,0.0,0,0,0.0,0,0,0.0,0,0.0,0,0.0,0,0.0,0,0.0,0,0.0,0,0.0,0,0.0,0,0.0,0,0.0,0.00,0.0,0,0,0
1304610393,通投-甜九妹（月子中-青春款-托管-达人-25.4.20-乘风直播间,被计划暂停,审核拒绝,通投,直播间直接支付ROI,笔记（直播组件）,67bee73f000000001203ca9e,5a3dfc1111be103dabd553b3,视频笔记,通投-甜九妹（月子中-青春款-托管-达人-25.4.20-乘风直播间,112588729,2025-04-20 20:42:02,0.00,0,0,0.0%,0.0,0.0,0,0.00,0.0,0,0,0.0,0,0,0.0,0,0.0,0,0.0,0,0.0,0,0.0,0,0.0,0,0.0,0,0.0,0,0.0,0,0.0,0.00,0.0,0,0,0
1304657153,通投-Dora-青春款-托管-达人-25.4.20-乘风直播间,暂停,审核通过,通投,直播间直接支付ROI,笔记（直播组件）,670e5951000000001600edec,5ac8355fe8ac2b22abf5b765,图文笔记,通投-Dora-青春款-托管-达人-25.4.20-乘风直播间,112594131,2025-04-20 20:41:00,0.00,0,0,0.0%,0.0,0.0,0,0.00,0.0,0,0,0.0,0,0,0.0,0,0.0,0,0.0,0,0.0,0,0.0,0,0.0,0,0.0,0,0.0,0,0.0,0,0.0,0.00,0.0,0,0,0
1304831127,通投-小晴的plog日记-青春款-托管-达人-25.4.20-乘风直播间,暂停,审核通过,通投,直播间直接支付ROI,笔记（直播组件）,66fab279000000001902cc95,60ea1b7f0000000001009258,图文笔记,通投-小晴的plog日记-青春款-托管-达人-25.4.20-乘风直播间,112582830,2025-04-20 20:40:22,0.00,0,0,0.0%,0.0,0.0,0,0.00,0.0,0,0,0.0,0,0,0.0,0,0.0,0,0.0,0,0.0,0,0.0,0,0.0,0,0.0,0,0.0,0,0.0,0,0.0,0.00,0.0,0,0,0
1294074929,通投-服曝光-青春款-托管-广告素材-25.4.18-乘风直播间,暂停,审核通过,通投,直播间直接支付ROI,笔记（直播组件）,6801aea3000000000f0338b1,583691373460942ae8fc16bb,图文笔记,通投-服曝光-青春款-托管-广告素材-25.4.18-乘风直播间,112237401,2025-04-18 14:55:39,0.00,0,0,0.0%,0.0,0.0,0,0.00,0.0,0,0,0.0,0,0,0.0,0,0.0,0,0.0,0,0.0,0,0.0,0,0.0,0,0.0,0,0.0,0,0.0,0,0.0,0.00,0.0,0,0,0
1293854982,通投-货攻略-青春款-托管-广告素材-25.4.18-乘风直播间,被计划暂停,审核通过,通投,直播间直接支付ROI,笔记（直播组件）,6801aa95000000000d0140a5,583691373460942ae8fc16bb,图文笔记,通投-货攻略-青春款-托管-广告素材-25.4.18-乘风直播间,112236958,2025-04-18 14:47:08,0.00,0,0,0.0%,0.0,0.0,0,0.00,0.0,0,0,0.0,0,0,0.0,0,0.0,0,0.0,0,0.0,0,0.0,0,0.0,0,0.0,0,0.0,0,0.0,0,0.0,0.00,0.0,0,0,0
1294065656,通投-小白选-合集款-托管-广告素材-25.4.18-乘风直播间,暂停,审核通过,通投,直播间直接支付ROI,笔记（直播组件）,6800c0fe0000000007035cf4,583691373460942ae8fc16bb,图文笔记,通投-小白选-合集款-托管-广告素材-25.4.18-乘风直播间,112219321,2025-04-18 14:45:52,0.00,0,0,0.0%,0.0,0.0,0,0.00,0.0,0,0,0.0,0,0,0.0,0,0.0,0,0.0,0,0.0,0,0.0,0,0.0,0,0.0,0,0.0,0,0.0,0,0.0,0.00,0.0,0,0,0
1293801259,通投-广东夫-青春款-托管-日弘-25.4.18-乘风直播间,被计划暂停,审核拒绝,通投,直播间直接支付ROI,笔记（直播组件）,6801bff0000000001e0075f1,66f67e4c000000001d03127d,图文笔记,通投-广东夫-青春款-托管-日弘-25.4.18-乘风直播间,112225121,2025-04-18 14:43:50,0.00,0,0,0.0%,0.0,0.0,0,0.00,0.0,0,0,0.0,0,0,0.0,0,0.0,0,0.0,0,0.0,0,0.0,0,0.0,0,0.0,0,0.0,0,0.0,0,0.0,0.00,0.0,0,0,0
1293800376,通投-规律吃-星光款-填坑-日弘-25.4.18-乘风直播间,被计划暂停,审核拒绝,通投,直播间直接支付ROI,笔记（直播组件）,66f4cdac000000002a034f89,583691373460942ae8fc16bb,图文笔记,通投-填坑赛马-赛马-填坑-日弘-25.4.18-乘风直播间,112236768,2025-04-18 14:42:56,0.00,0,0,0.0%,0.0,0.0,0,0.00,0.0,0,0,0.0,0,0,0.0,0,0.0,0,0.0,0,0.0,0,0.0,0,0.0,0,0.0,0,0.0,0,0.0,0,0.0,0.00,0.0,0,0,0
1293800375,通投-鲜炖燕-青春款-托管-填坑-25.4.18-乘风直播间,暂停,不满足审核条件,通投,直播间直接支付ROI,笔记（直播组件）,66fa1517000000002c02dd22,583691373460942ae8fc16bb,图文笔记,通投-填坑赛马-赛马-填坑-日弘-25.4.18-乘风直播间,112236768,2025-04-18 14:42:56,0.00,0,0,0.0%,0.0,0.0,0,0.00,0.0,0,0,0.0,0,0,0.0,0,0.0,0,0.0,0,0.0,0,0.0,0,0.0,0,0.0,0,0.0,0,0.0,0,0.0,0.00,0.0,0,0,0
1293800374,通投-懂行的-合集款-托管-填坑-25.4.18-乘风直播间,被计划暂停,不满足审核条件,通投,直播间直接支付ROI,笔记（直播组件）,66d7c90e000000001f03eb73,583691373460942ae8fc16bb,图文笔记,通投-填坑赛马-赛马-填坑-日弘-25.4.18-乘风直播间,112236768,2025-04-18 14:42:56,0.00,0,0,0.0%,0.0,0.0,0,0.00,0.0,0,0,0.0,0,0,0.0,0,0.0,0,0.0,0,0.0,0,0.0,0,0.0,0,0.0,0,0.0,0,0.0,0,0.0,0.00,0.0,0,0,0
1293794879,通投-抓住春-合集款-托管-日弘-25.4.18优化-乘风直播间,暂停,审核通过,通投,直播间直接支付ROI,笔记（直播组件）,67dd1f02000000001e00986e,66f67e4c000000001d03127d,图文笔记,通投-抓住春-合集款-托管-日弘-25.4.18优化-乘风直播间,112224913,2025-04-18 14:40:04,0.00,0,0,0.0%,0.0,0.0,0,0.00,0.0,0,0,0.0,0,0,0.0,0,0.0,0,0.0,0,0.0,0,0.0,0,0.0,0,0.0,0,0.0,0,0.0,0,0.0,0.00,0.0,0,0,0
1292174476,通投-保卫战-星光款-托管-日弘-25.4.18-乘风直播间,暂停,审核通过,通投,直播间直接支付ROI,笔记（直播组件）,67adb1c30000000029030c1b,66f67e4c000000001d03127d,图文笔记,通投-保卫战-星光款-托管-日弘-25.4.18-乘风直播间,112163960,2025-04-18 09:16:26,0.00,0,0,0.0%,0.0,0.0,0,0.00,0.0,0,0,0.0,0,0,0.0,0,0.0,0,0.0,0,0.0,0,0.0,0,0.0,0,0.0,0,0.0,0,0.0,0,0.0,0.00,0.0,0,0,0
1290721003,通投-燕窝也-合集款-系统-日弘-25.4.17-乘风直播间,暂停,审核通过,通投,直播间直接支付ROI,笔记（直播组件）,672d88bf000000001d0385de,583691373460942ae8fc16bb,图文笔记,通投-燕窝也-合集款-系统-日弘-25.4.17-乘风直播间,112099783,2025-04-17 21:54:50,0.00,0,0,0.0%,0.0,0.0,0,0.00,0.0,0,0,0.0,0,0,0.0,0,0.0,0,0.0,0,0.0,0,0.0,0,0.0,0,0.0,0,0.0,0,0.0,0,0.0,0.00,0.0,0,0,0
1286626202,通投-燕窝也-合集款-高级定向-日弘-25.4.17-乘风直播间,暂停,审核通过,通投,直播间直接支付ROI,笔记（直播组件）,672d88bf000000001d0385de,583691373460942ae8fc16bb,图文笔记,通投-燕窝也-合集款-高级定向-日弘-25.4.17-乘风直播间,111949757,2025-04-17 09:01:44,0.00,0,0,0.0%,0.0,0.0,0,0.00,0.0,0,0,0.0,0,0,0.0,0,0.0,0,0.0,0,0.0,0,0.0,0,0.0,0,0.0,0,0.0,0,0.0,0,0.0,0.00,0.0,0,0,0
1267305407,通投-谁还交-青春款-托管-日弘-25.4.13优化-乘风直播间,暂停,不满足审核条件,通投,直播间直接支付ROI,笔记（直播组件）,6748473c000000000202af9e,583691373460942ae8fc16bb,视频笔记,通投-谁还交-青春款-托管-日弘-25.4.13优化-乘风直播间,111286542,2025-04-13 17:33:58,0.00,0,0,0.0%,0.0,0.0,0,0.00,0.0,0,0,0.0,0,0,0.0,0,0.0,0,0.0,0,0.0,0,0.0,0,0.0,0,0.0,0,0.0,0,0.0,0,0.0,0.00,0.0,0,0,0
1267305193,通投-燕窝新-合集款-托管-日弘-25.4.13优化-乘风直播间,暂停,审核通过,通投,直播间直接支付ROI,笔记（直播组件）,6735ba5f000000003c015663,583691373460942ae8fc16bb,图文笔记,通投-燕窝新-合集款-托管-日弘-25.4.13优化-乘风直播间,111297910,2025-04-13 17:33:18,0.00,0,0,0.0%,0.0,0.0,0,0.00,0.0,0,0,0.0,0,0,0.0,0,0.0,0,0.0,0,0.0,0,0.0,0,0.0,0,0.0,0,0.0,0,0.0,0,0.0,0.00,0.0,0,0,0
1267134277,通投-肌肤的-星光款-托管-日弘-25.4.13优化-乘风直播间,暂停,审核通过,通投,直播间直接支付ROI,笔记（直播组件）,669a357e000000000302610c,583691373460942ae8fc16bb,视频笔记,通投-优化赛马-星光款-托管-日弘-25.4.13优化-乘风直播间,111275171,2025-04-13 17:32:30,0.00,0,0,0.0%,0.0,0.0,0,0.00,0.0,0,0,0.0,0,0,0.0,0,0.0,0,0.0,0,0.0,0,0.0,0,0.0,0,0.0,0,0.0,0,0.0,0,0.0,0.00,0.0,0,0,0
1267134276,通投-真的太-星光款-托管-日弘-25.4.13优化-乘风直播间,暂停,审核通过,通投,直播间直接支付ROI,笔记（直播组件）,66ced14a000000001f03d407,583691373460942ae8fc16bb,图文笔记,通投-优化赛马-星光款-托管-日弘-25.4.13优化-乘风直播间,111275171,2025-04-13 17:32:30,0.00,0,0,0.0%,0.0,0.0,0,0.00,0.0,0,0,0.0,0,0,0.0,0,0.0,0,0.0,0,0.0,0,0.0,0,0.0,0,0.0,0,0.0,0,0.0,0,0.0,0.00,0.0,0,0,0
1267134275,通投-孕妈必-星光款-托管-日弘-25.4.13优化-乘风直播间,暂停,审核拒绝,通投,直播间直接支付ROI,笔记（直播组件）,66d95d22000000002603ddd6,583691373460942ae8fc16bb,视频笔记,通投-优化赛马-星光款-托管-日弘-25.4.13优化-乘风直播间,111275171,2025-04-13 17:32:30,0.00,0,0,0.0%,0.0,0.0,0,0.00,0.0,0,0,0.0,0,0,0.0,0,0.0,0,0.0,0,0.0,0,0.0,0,0.0,0,0.0,0,0.0,0,0.0,0,0.0,0.00,0.0,0,0,0
1267130639,通投-春夏养-青春款-托管-填坑-25.4.13-乘风直播间,被计划暂停,审核拒绝,通投,直播间直接支付ROI,笔记（直播组件）,664b13b0000000001303dbc3,583691373460942ae8fc16bb,图文笔记,通投-赛马合集-青春款-托管-日弘-25.4.13-乘风直播间,111280667,2025-04-13 17:29:10,0.00,0,0,0.0%,0.0,0.0,0,0.00,0.0,0,0,0.0,0,0,0.0,0,0.0,0,0.0,0,0.0,0,0.0,0,0.0,0,0.0,0,0.0,0,0.0,0,0.0,0.00,0.0,0,0,0
1267130638,通投-素颜底-青春款-托管-日弘-25.4.13-乘风直播间,暂停,审核通过,通投,直播间直接支付ROI,笔记（直播组件）,67f77a6f000000001c003356,66f67e4c000000001d03127d,图文笔记,通投-赛马合集-青春款-托管-日弘-25.4.13-乘风直播间,111280667,2025-04-13 17:29:10,0.00,0,0,0.0%,0.0,0.0,0,0.00,0.0,0,0,0.0,0,0,0.0,0,0.0,0,0.0,0,0.0,0,0.0,0,0.0,0,0.0,0,0.0,0,0.0,0,0.0,0.00,0.0,0,0,0
1236012213,通投-二胎后-星光款-托管-日弘-25.4.7优化-乘风直播间,暂停,审核通过,通投,直播间直接支付ROI,笔记（直播组件）,6780f0ed000000001a0114d8,66f67e4c000000001d03127d,图文笔记,通投-二胎后-星光款-托管-日弘-25.4.7优化-乘风直播间,110188638,2025-04-07 16:34:26,0.00,0,0,0.0%,0.0,0.0,0,0.00,0.0,0,0,0.0,0,0,0.0,0,0.0,0,0.0,0,0.0,0,0.0,0,0.0,0,0.0,0,0.0,0,0.0,0,0.0,0.00,0.0,0,0,0
1235955658,通投-年货节-合集款-托管-日弘-25.4.7优化-乘风直播间,暂停,审核通过,通投,直播间直接支付ROI,笔记（直播组件）,6777bad6000000001300eb13,66f67e4c000000001d03127d,图文笔记,通投-年货节-合集款-托管-日弘-25.4.7优化-乘风直播间,110204823,2025-04-07 16:33:47,0.00,0,0,0.0%,0.0,0.0,0,0.00,0.0,0,0,0.0,0,0,0.0,0,0.0,0,0.0,0,0.0,0,0.0,0,0.0,0,0.0,0,0.0,0,0.0,0,0.0,0.00,0.0,0,0,0
1235954286,通投-熬夜职-青春款-托管-日弘-25.4.7优化-乘风直播间,暂停,审核通过,通投,直播间直接支付ROI,笔记（直播组件）,67ae93070000000028037035,66f67e4c000000001d03127d,图文笔记,通投-优化赛马-青春款-托管-日弘-25.4.7优化-乘风直播间,110204761,2025-04-07 16:32:45,0.00,0,0,0.0%,0.0,0.0,0,0.00,0.0,0,0,0.0,0,0,0.0,0,0.0,0,0.0,0,0.0,0,0.0,0,0.0,0,0.0,0,0.0,0,0.0,0,0.0,0.00,0.0,0,0,0
1235954285,通投-人生燕-青春款-托管-日弘-25.4.7优化-乘风直播间,暂停,审核通过,通投,直播间直接支付ROI,笔记（直播组件）,67514f2900000000070302a7,66f67e4c000000001d03127d,视频笔记,通投-优化赛马-青春款-托管-日弘-25.4.7优化-乘风直播间,110204761,2025-04-07 16:32:45,0.00,0,0,0.0%,0.0,0.0,0,0.00,0.0,0,0,0.0,0,0,0.0,0,0.0,0,0.0,0,0.0,0,0.0,0,0.0,0,0.0,0,0.0,0,0.0,0,0.0,0.00,0.0,0,0,0
1236103667,通投-燕窝也-合集款-托管-日弘-25.4.7-乘风直播间,暂停,审核通过,通投,直播间直接支付ROI,笔记（直播组件）,672d88bf000000001d0385de,583691373460942ae8fc16bb,图文笔记,通投-燕窝也-合集款-托管-日弘-25.4.7-乘风直播间,110199238,2025-04-07 16:24:03,0.00,0,0,0.0%,0.0,0.0,0,0.00,0.0,0,0,0.0,0,0,0.0,0,0.0,0,0.0,0,0.0,0,0.0,0,0.0,0,0.0,0,0.0,0,0.0,0,0.0,0.00,0.0,0,0,0
1224537579,通投-孕期滋-合集款-托管-日弘-25.4.4-乘风直播间,暂停,审核通过,通投,直播间直接支付ROI,笔记（直播组件）,67ee4ec6000000001d020ac3,66f67e4c000000001d03127d,图文笔记,通投-孕期滋-合集款-托管-日弘-25.4.4-乘风直播间,109818901,2025-04-04 23:15:20,0.00,0,0,0.0%,0.0,0.0,0,0.00,0.0,0,0,0.0,0,0,0.0,0,0.0,0,0.0,0,0.0,0,0.0,0,0.0,0,0.0,0,0.0,0,0.0,0,0.0,0.00,0.0,0,0,0
1224537435,通投-中式滋-青春款-托管-填坑-25.4.4-乘风直播间,暂停,审核通过,通投,直播间直接支付ROI,笔记（直播组件）,6645ec79000000001e01ee7e,583691373460942ae8fc16bb,图文笔记,通投-中式滋-青春款-托管-填坑-25.4.4-乘风直播间,109824581,2025-04-04 23:13:52,0.00,0,0,0.0%,0.0,0.0,0,0.00,0.0,0,0,0.0,0,0,0.0,0,0.0,0,0.0,0,0.0,0,0.0,0,0.0,0,0.0,0,0.0,0,0.0,0,0.0,0.00,0.0,0,0,0
1224311489,通投-拒绝白-星光款-托管-填坑-25.4.4-乘风直播间,暂停,审核通过,通投,直播间直接支付ROI,笔记（直播组件）,6662a85f000000001500a855,583691373460942ae8fc16bb,图文笔记,通投-拒绝白-星光款-托管-填坑-25.4.4-乘风直播间,109807991,2025-04-04 23:12:50,0.00,0,0,0.0%,0.0,0.0,0,0.00,0.0,0,0,0.0,0,0,0.0,0,0.0,0,0.0,0,0.0,0,0.0,0,0.0,0,0.0,0,0.0,0,0.0,0,0.0,0.00,0.0,0,0,0
1224476939,通投-好气色-星光款-托管-日弘-25.4.4-乘风直播间,暂停,审核通过,通投,直播间直接支付ROI,笔记（直播组件）,67ee522e000000001d02c0b4,66f67e4c000000001d03127d,图文笔记,通投-好气色-星光款-托管-日弘-25.4.4-乘风直播间,109818862,2025-04-04 23:11:50,0.00,0,0,0.0%,0.0,0.0,0,0.00,0.0,0,0,0.0,0,0,0.0,0,0.0,0,0.0,0,0.0,0,0.0,0,0.0,0,0.0,0,0.0,0,0.0,0,0.0,0.00,0.0,0,0,0
1207137640,通投-孕妈必-星光款-托管-日弘-25.4.1-乘风直播间,暂停,审核拒绝,通投,直播间直接支付ROI,笔记（直播组件）,66d95d22000000002603ddd6,583691373460942ae8fc16bb,视频笔记,通投-孕妈必-星光款-托管-日弘-25.4.1-乘风直播间,109176774,2025-04-01 12:09:44,0.00,0,0,0.0%,0.0,0.0,0,0.00,0.0,0,0,0.0,0,0,0.0,0,0.0,0,0.0,0,0.0,0,0.0,0,0.0,0,0.0,0,0.0,0,0.0,0,0.0,0.00,0.0,0,0,0
1207080223,通投-小白选-合集款-托管-日弘-25.4.1-乘风直播间,被计划暂停,审核拒绝,通投,直播间直接支付ROI,笔记（直播组件）,67af0cf3000000002803797b,66f67e4c000000001d03127d,图文笔记,通投-小白选-合集款-托管-日弘-25.4.1-乘风直播间,109170945,2025-04-01 12:09:02,0.00,0,0,0.0%,0.0,0.0,0,0.00,0.0,0,0,0.0,0,0,0.0,0,0.0,0,0.0,0,0.0,0,0.0,0,0.0,0,0.0,0,0.0,0,0.0,0,0.0,0.00,0.0,0,0,0
1206995756,通投-4小时-青春款-托管-日弘-25.4.1-乘风直播间,暂停,审核通过,通投,直播间直接支付ROI,笔记（直播组件）,67c01c8c000000002901429b,66f67e4c000000001d03127d,图文笔记,通投-4小时-青春款-托管-日弘-25.4.1-乘风直播间,109164406,2025-04-01 11:54:37,0.00,0,0,0.0%,0.0,0.0,0,0.00,0.0,0,0,0.0,0,0,0.0,0,0.0,0,0.0,0,0.0,0,0.0,0,0.0,0,0.0,0,0.0,0,0.0,0,0.0,0.00,0.0,0,0,0
1199578261,通投-买燕窝-青春款-托管-日弘-25.3.30-乘风直播间,暂停,审核通过,通投,直播间直接支付ROI,笔记（直播组件）,67e62a7d000000001b039ee2,66f67e4c000000001d03127d,图文笔记,通投-买燕窝-青春款-托管-日弘-25.3.30-乘风直播间,108863380,2025-03-30 23:01:14,0.00,0,0,0.0%,0.0,0.0,0,0.00,0.0,0,0,0.0,0,0,0.0,0,0.0,0,0.0,0,0.0,0,0.0,0,0.0,0,0.0,0,0.0,0,0.0,0,0.0,0.00,0.0,0,0,0
1173063257,通投-养呵护-星光款-托管-日弘-25.3.25优化-乘风直播间,暂停,审核通过,通投,直播间直接支付ROI,笔记（直播组件）,67b6fd8500000000280345bb,66f67e4c000000001d03127d,图文笔记,通投-养呵护-星光款-托管-日弘-25.3.25优化-乘风直播间,107887377,2025-03-25 14:42:25,0.00,0,0,0.0%,0.0,0.0,0,0.00,0.0,0,0,0.0,0,0,0.0,0,0.0,0,0.0,0,0.0,0,0.0,0,0.0,0,0.0,0,0.0,0,0.0,0,0.0,0.00,0.0,0,0,0
1172887502,通投-货攻略-青春款-托管-日弘-25.3.25优化-乘风直播间,被计划暂停,审核拒绝,通投,直播间直接支付ROI,笔记（直播组件）,67b6f599000000002901783e,66f67e4c000000001d03127d,图文笔记,通投-货攻略-青春款-托管-日弘-25.3.25优化-乘风直播间,107904518,2025-03-25 14:38:58,0.00,0,0,0.0%,0.0,0.0,0,0.00,0.0,0,0,0.0,0,0,0.0,0,0.0,0,0.0,0,0.0,0,0.0,0,0.0,0,0.0,0,0.0,0,0.0,0,0.0,0.00,0.0,0,0,0
1173059341,通投-保卫战-星光款-托管-日弘-25.3.25优化-乘风直播间,暂停,审核通过,通投,直播间直接支付ROI,笔记（直播组件）,67adb1c30000000029030c1b,66f67e4c000000001d03127d,图文笔记,通投-保卫战-星光款-托管-日弘-25.3.25优化-乘风直播间,107887184,2025-03-25 14:38:01,0.00,0,0,0.0%,0.0,0.0,0,0.00,0.0,0,0,0.0,0,0,0.0,0,0.0,0,0.0,0,0.0,0,0.0,0,0.0,0,0.0,0,0.0,0,0.0,0,0.0,0.00,0.0,0,0,0
1172991948,通投-抓住春-合集款-托管-日弘-25.3.25-乘风直播间,暂停,审核通过,通投,直播间直接支付ROI,笔记（直播组件）,67dd1f02000000001e00986e,66f67e4c000000001d03127d,图文笔记,通投-抓住春-合集款-托管-日弘-25.3.25-乘风直播间,107915689,2025-03-25 14:31:59,0.00,0,0,0.0%,0.0,0.0,0,0.00,0.0,0,0,0.0,0,0,0.0,0,0.0,0,0.0,0,0.0,0,0.0,0,0.0,0,0.0,0,0.0,0,0.0,0,0.0,0.00,0.0,0,0,0
1168629911,通投-年美丽-星光款-托管-日弘-25.3.24-乘风直播间,暂停,审核通过,通投,直播间直接支付ROI,笔记（直播组件）,67c1234d000000002503e439,66f67e4c000000001d03127d,图文笔记,通投-年美丽-星光款-托管-日弘-25.3.24-乘风直播间,107753403,2025-03-24 17:07:26,0.00,0,0,0.0%,0.0,0.0,0,0.00,0.0,0,0,0.0,0,0,0.0,0,0.0,0,0.0,0,0.0,0,0.0,0,0.0,0,0.0,0,0.0,0,0.0,0,0.0,0.00,0.0,0,0,0
1162735980,通投-Annababy🖤-青春款-托管-达人-25.3.23-乘风直播间,暂停,审核通过,通投,直播间直接支付ROI,笔记（直播组件）,67b2fbbf000000002900dfe1,61b88cc70000000010006e74,图文笔记,通投-达人赛马-青春款-托管-达人-25.3.23-乘风直播间,107583114,2025-03-23 12:06:22,0.00,0,0,0.0%,0.0,0.0,0,0.00,0.0,0,0,0.0,0,0,0.0,0,0.0,0,0.0,0,0.0,0,0.0,0,0.0,0,0.0,0,0.0,0,0.0,0,0.0,0.00,0.0,0,0,0
1162735979,通投-小小王-青春款-托管-达人-25.3.23-乘风直播间,暂停,审核通过,通投,直播间直接支付ROI,笔记（直播组件）,67b84ac8000000002900f776,60a0c216000000000100aafe,视频笔记,通投-达人赛马-青春款-托管-达人-25.3.23-乘风直播间,107583114,2025-03-23 12:06:22,0.00,0,0,0.0%,0.0,0.0,0,0.00,0.0,0,0,0.0,0,0,0.0,0,0.0,0,0.0,0,0.0,0,0.0,0,0.0,0,0.0,0,0.0,0,0.0,0,0.0,0.00,0.0,0,0,0
1162735978,通投-陆婷LT-青春款-托管-达人-25.3.23-乘风直播间,暂停,审核拒绝,通投,直播间直接支付ROI,笔记（直播组件）,67b71bc3000000002803c2f0,601381bb000000000100bd27,视频笔记,通投-达人赛马-青春款-托管-达人-25.3.23-乘风直播间,107583114,2025-03-23 12:06:22,0.00,0,0,0.0%,0.0,0.0,0,0.00,0.0,0,0,0.0,0,0,0.0,0,0.0,0,0.0,0,0.0,0,0.0,0,0.0,0,0.0,0,0.0,0,0.0,0,0.0,0.00,0.0,0,0,0
1162735977,通投-甜九妹（月子中-青春款-托管-达人-25.3.23-乘风直播间,被计划暂停,审核拒绝,通投,直播间直接支付ROI,笔记（直播组件）,67bee73f000000001203ca9e,5a3dfc1111be103dabd553b3,视频笔记,通投-达人赛马-青春款-托管-达人-25.3.23-乘风直播间,107583114,2025-03-23 12:06:22,0.00,0,0,0.0%,0.0,0.0,0,0.00,0.0,0,0,0.0,0,0,0.0,0,0.0,0,0.0,0,0.0,0,0.0,0,0.0,0,0.0,0,0.0,0,0.0,0,0.0,0.00,0.0,0,0,0
1155752546,通投-莫一娜-青春款-托管-达人-25.3.21-乘风直播间,暂停,审核拒绝,通投,直播间直接支付ROI,笔记（直播组件）,67bc1753000000000b01603f,5f2bcb3c000000000100835f,图文笔记,通投-莫一娜-青春款-托管-达人-25.3.21-乘风直播间,107379763,2025-03-21 21:04:34,0.00,0,0,0.0%,0.0,0.0,0,0.00,0.0,0,0,0.0,0,0,0.0,0,0.0,0,0.0,0,0.0,0,0.0,0,0.0,0,0.0,0,0.0,0,0.0,0,0.0,0.00,0.0,0,0,0
1148959761,通投-当我问-青春款-托管-日弘-25.3.20-乘风直播间,暂停,审核通过,通投,直播间直接支付ROI,笔记（直播组件）,67db7d76000000001b0240e9,66f67e4c000000001d03127d,图文笔记,通投-当我问-青春款-托管-日弘-25.3.20-乘风直播间,107123102,2025-03-20 15:59:12,0.00,0,0,0.0%,0.0,0.0,0,0.00,0.0,0,0,0.0,0,0,0.0,0,0.0,0,0.0,0,0.0,0,0.0,0,0.0,0,0.0,0,0.0,0,0.0,0,0.0,0.00,0.0,0,0,0
1139278350,通投-情人节-青春款-托管-日弘-25.3.18优化-乘风直播间,暂停,审核通过,通投,直播间直接支付ROI,笔记（直播组件）,67a9954f000000002a003c35,66f67e4c000000001d03127d,图文笔记,通投-情人节-青春款-托管-日弘-25.3.18优化-乘风直播间,106793455,2025-03-18 17:26:07,0.00,0,0,0.0%,0.0,0.0,0,0.00,0.0,0,0,0.0,0,0,0.0,0,0.0,0,0.0,0,0.0,0,0.0,0,0.0,0,0.0,0,0.0,0,0.0,0,0.0,0.00,0.0,0,0,0
1139394297,通投-还是讲-合集款-托管-日弘-25.3.18-乘风直播间,暂停,审核通过,通投,直播间直接支付ROI,笔记（直播组件）,678884fc0000000018014c17,66f67e4c000000001d03127d,图文笔记,通投-还是讲-合集款-托管-日弘-25.3.18-乘风直播间,106804418,2025-03-18 17:25:21,0.00,0,0,0.0%,0.0,0.0,0,0.00,0.0,0,0,0.0,0,0,0.0,0,0.0,0,0.0,0,0.0,0,0.0,0,0.0,0,0.0,0,0.0,0,0.0,0,0.0,0.00,0.0,0,0,0
1139165272,通投-人生燕-青春款-托管-日弘-25.3.18优化-乘风直播间,暂停,审核通过,通投,直播间直接支付ROI,笔记（直播组件）,67514f2900000000070302a7,66f67e4c000000001d03127d,视频笔记,通投-人生燕-青春款-托管-日弘-25.3.18优化-乘风直播间,106804369,2025-03-18 17:24:23,0.00,0,0,0.0%,0.0,0.0,0,0.00,0.0,0,0,0.0,0,0,0.0,0,0.0,0,0.0,0,0.0,0,0.0,0,0.0,0,0.0,0,0.0,0,0.0,0,0.0,0.00,0.0,0,0,0
1120913463,通投-阿顺麻麻-星光款-托管-达人-25.3.14-乘风直播间,暂停,审核拒绝,通投,直播间直接支付ROI,笔记（直播组件）,67aaaef8000000002900c6fb,5f06d5d2000000000100288b,视频笔记,通投-赛马合集-星光款-托管-达人-25.3.14-乘风直播间,106205971,2025-03-14 16:23:04,0.00,0,0,0.0%,0.0,0.0,0,0.00,0.0,0,0,0.0,0,0,0.0,0,0.0,0,0.0,0,0.0,0,0.0,0,0.0,0,0.0,0,0.0,0,0.0,0,0.0,0.00,0.0,0,0,0
1121024486,通投-黑糕妹-星光款-托管-达人-25.3.14-乘风直播间,被计划暂停,审核拒绝,通投,直播间直接支付ROI,笔记（直播组件）,67bd75250000000009038a43,5745557a1c07df51a21f5e26,视频笔记,通投-赛马合集-星光款-托管-达人-25.3.14-乘风直播间,106205971,2025-03-14 16:18:11,0.00,0,0,0.0%,0.0,0.0,0,0.00,0.0,0,0,0.0,0,0,0.0,0,0.0,0,0.0,0,0.0,0,0.0,0,0.0,0,0.0,0,0.0,0,0.0,0,0.0,0.00,0.0,0,0,0
1121024485,通投-Tutu要长高🌵-星光款-托管-达人-25.3.14-乘风直播间,暂停,审核通过,通投,直播间直接支付ROI,笔记（直播组件）,67b84f8d0000000029024f25,650bee540000000017021674,图文笔记,通投-赛马合集-星光款-托管-达人-25.3.14-乘风直播间,106205971,2025-03-14 16:18:11,0.00,0,0,0.0%,0.0,0.0,0,0.00,0.0,0,0,0.0,0,0,0.0,0,0.0,0,0.0,0,0.0,0,0.0,0,0.0,0,0.0,0,0.0,0,0.0,0,0.0,0.00,0.0,0,0,0
1121024484,通投-漫漫爱生活-星光款-托管-达人-25.3.14-乘风直播间,暂停,审核拒绝,通投,直播间直接支付ROI,笔记（直播组件）,67b7ce3a000000002900a0ea,584d0ec950c4b431f8988817,图文笔记,通投-赛马合集-星光款-托管-达人-25.3.14-乘风直播间,106205971,2025-03-14 16:18:11,0.00,0,0,0.0%,0.0,0.0,0,0.00,0.0,0,0,0.0,0,0,0.0,0,0.0,0,0.0,0,0.0,0,0.0,0,0.0,0,0.0,0,0.0,0,0.0,0,0.0,0.00,0.0,0,0,0
1121024483,通投-皮宝的张妈咪👩-星光款-托管-达人-25.3.14-乘风直播间,暂停,审核拒绝,通投,直播间直接支付ROI,笔记（直播组件）,67be87e7000000000602b0b2,623a89f400000000100066e3,图文笔记,通投-赛马合集-星光款-托管-达人-25.3.14-乘风直播间,106205971,2025-03-14 16:18:11,0.00,0,0,0.0%,0.0,0.0,0,0.00,0.0,0,0,0.0,0,0,0.0,0,0.0,0,0.0,0,0.0,0,0.0,0,0.0,0,0.0,0,0.0,0,0.0,0,0.0,0.00,0.0,0,0,0
1121024482,通投-小语爱喝奶茶✨-星光款-托管-达人-25.3.14-乘风直播间,暂停,审核通过,通投,直播间直接支付ROI,笔记（直播组件）,67b5a9aa000000002a00d304,638ab0e1000000001f01aa5a,图文笔记,通投-赛马合集-星光款-托管-达人-25.3.14-乘风直播间,106205971,2025-03-14 16:18:11,0.00,0,0,0.0%,0.0,0.0,0,0.00,0.0,0,0,0.0,0,0,0.0,0,0.0,0,0.0,0,0.0,0,0.0,0,0.0,0,0.0,0,0.0,0,0.0,0,0.0,0.00,0.0,0,0,0
1120735262,通投-Kitty小美-钻石碗50g-托管-达人-25.3.14-乘风直播间,被计划暂停,审核通过,通投,直播间直接支付ROI,笔记（直播组件）,67b83e48000000002901ccde,5db9b233000000000100b0de,图文笔记,通投-赛马合集-钻石碗50g-托管-达人-25.3.14-乘风直播间,106205756,2025-03-14 16:13:19,0.00,0,0,0.0%,0.0,0.0,0,0.00,0.0,0,0,0.0,0,0,0.0,0,0.0,0,0.0,0,0.0,0,0.0,0,0.0,0,0.0,0,0.0,0,0.0,0,0.0,0.00,0.0,0,0,0
1120735261,通投-可爱小鱼鱼-钻石碗50g-托管-达人-25.3.14-乘风直播间,暂停,审核拒绝,通投,直播间直接支付ROI,笔记（直播组件）,67b6c4d3000000002503f16c,618fd05a000000001000ffb0,图文笔记,通投-赛马合集-钻石碗50g-托管-达人-25.3.14-乘风直播间,106205756,2025-03-14 16:13:19,0.00,0,0,0.0%,0.0,0.0,0,0.00,0.0,0,0,0.0,0,0,0.0,0,0.0,0,0.0,0,0.0,0,0.0,0,0.0,0,0.0,0,0.0,0,0.0,0,0.0,0.00,0.0,0,0,0
1120735260,通投-小羊羔手-钻石碗50g-托管-达人-25.3.14-乘风直播间,被计划暂停,审核通过,通投,直播间直接支付ROI,笔记（直播组件）,67b4204b000000002602fe1c,646dea05000000001100119e,图文笔记,通投-赛马合集-钻石碗50g-托管-达人-25.3.14-乘风直播间,106205756,2025-03-14 16:13:19,0.00,0,0,0.0%,0.0,0.0,0,0.00,0.0,0,0,0.0,0,0,0.0,0,0.0,0,0.0,0,0.0,0,0.0,0,0.0,0,0.0,0,0.0,0,0.0,0,0.0,0.00,0.0,0,0,0
1120735259,通投-是肉夹猫吖🐱-钻石碗50g-托管-达人-25.3.14-乘风直播间,被计划暂停,审核通过,通投,直播间直接支付ROI,笔记（直播组件）,67b4531c000000000d01550b,639c5ef50000000026005a84,图文笔记,通投-赛马合集-钻石碗50g-托管-达人-25.3.14-乘风直播间,106205756,2025-03-14 16:13:19,0.00,0,0,0.0%,0.0,0.0,0,0.00,0.0,0,0,0.0,0,0,0.0,0,0.0,0,0.0,0,0.0,0,0.0,0,0.0,0,0.0,0,0.0,0,0.0,0,0.0,0.00,0.0,0,0,0
1120735258,通投-叽叽喳喳的一天-钻石碗50g-托管-达人-25.3.14-乘风直播间,被计划暂停,审核拒绝,通投,直播间直接支付ROI,笔记（直播组件）,67b84345000000002902d5d8,5b41de41e8ac2b0f4e98ca7e,图文笔记,通投-赛马合集-钻石碗50g-托管-达人-25.3.14-乘风直播间,106205756,2025-03-14 16:13:19,0.00,0,0,0.0%,0.0,0.0,0,0.00,0.0,0,0,0.0,0,0,0.0,0,0.0,0,0.0,0,0.0,0,0.0,0,0.0,0,0.0,0,0.0,0,0.0,0,0.0,0.00,0.0,0,0,0
1120788727,通投-莫一娜-青春款-托管-达人-25.3.14-乘风直播间,暂停,审核拒绝,通投,直播间直接支付ROI,笔记（直播组件）,67bc1753000000000b01603f,5f2bcb3c000000000100835f,图文笔记,通投-达人赛马-青春款-托管-达人-25.3.14-乘风直播间,106217302,2025-03-14 16:11:15,0.00,0,0,0.0%,0.0,0.0,0,0.00,0.0,0,0,0.0,0,0,0.0,0,0.0,0,0.0,0,0.0,0,0.0,0,0.0,0,0.0,0,0.0,0,0.0,0,0.0,0.00,0.0,0,0,0
1120788726,通投-一只蛋_-青春款-托管-达人-25.3.14-乘风直播间,暂停,不满足审核条件,通投,直播间直接支付ROI,笔记（直播组件）,67c0051a000000000603a8c8,5faa0c92000000000101f82b,视频笔记,通投-达人赛马-青春款-托管-达人-25.3.14-乘风直播间,106217302,2025-03-14 16:11:15,0.00,0,0,0.0%,0.0,0.0,0,0.00,0.0,0,0,0.0,0,0,0.0,0,0.0,0,0.0,0,0.0,0,0.0,0,0.0,0,0.0,0,0.0,0,0.0,0,0.0,0.00,0.0,0,0,0
1120788725,通投-小糯米吖~👼-青春款-托管-达人-25.3.14-乘风直播间,暂停,不满足审核条件,通投,直播间直接支付ROI,笔记（直播组件）,67b42686000000002902d5fb,5b72491f70c995000172939b,图文笔记,通投-达人赛马-青春款-托管-达人-25.3.14-乘风直播间,106217302,2025-03-14 16:11:15,0.00,0,0,0.0%,0.0,0.0,0,0.00,0.0,0,0,0.0,0,0,0.0,0,0.0,0,0.0,0,0.0,0,0.0,0,0.0,0,0.0,0,0.0,0,0.0,0,0.0,0.00,0.0,0,0,0
1120693822,通投-熟龄肌-星光款-托管-日弘-25.3.14-乘风直播间,暂停,审核通过,通投,直播间直接支付ROI,笔记（直播组件）,67d293b5000000001c00d15a,66f67e4c000000001d03127d,图文笔记,通投-熟龄肌-星光款-托管-日弘-25.3.14-乘风直播间,106198834,2025-03-14 15:46:03,0.00,0,0,0.0%,0.0,0.0,0,0.00,0.0,0,0,0.0,0,0,0.0,0,0.0,0,0.0,0,0.0,0,0.0,0,0.0,0,0.0,0,0.0,0,0.0,0,0.0,0.00,0.0,0,0,0
1120461349,通投-备孕必-青春款-托管-日弘-25.3.14-乘风直播间,暂停,审核通过,通投,直播间直接支付ROI,笔记（直播组件）,67d3d5fb000000001d01a3ba,66f67e4c000000001d03127d,图文笔记,通投-备孕必-青春款-托管-日弘-25.3.14-乘风直播间,106210044,2025-03-14 15:41:04,0.00,0,0,0.0%,0.0,0.0,0,0.00,0.0,0,0,0.0,0,0,0.0,0,0.0,0,0.0,0,0.0,0,0.0,0,0.0,0,0.0,0,0.0,0,0.0,0,0.0,0.00,0.0,0,0,0
1115433542,通投-是绝杀-青春款-托管-日弘-25.3.13-乘风直播间,被计划暂停,审核拒绝,通投,直播间直接支付ROI,笔记（直播组件）,67d230e0000000001e007d1d,66f67e4c000000001d03127d,图文笔记,通投-是绝杀-青春款-托管-日弘-25.3.13-乘风直播间,106043137,2025-03-13 15:43:56,0.00,0,0,0.0%,0.0,0.0,0,0.00,0.0,0,0,0.0,0,0,0.0,0,0.0,0,0.0,0,0.0,0,0.0,0,0.0,0,0.0,0,0.0,0,0.0,0,0.0,0.00,0.0,0,0,0
1111120742,通投-小晴的plog日记-青春款-托管-达人-25.3.12-乘风直播间,暂停,审核通过,通投,直播间直接支付ROI,笔记（直播组件）,66fab279000000001902cc95,60ea1b7f0000000001009258,图文笔记,通投-小晴的plog日记-青春款-托管-达人-25.3.12-乘风直播间,105879607,2025-03-12 17:06:03,0.00,0,0,0.0%,0.0,0.0,0,0.00,0.0,0,0,0.0,0,0,0.0,0,0.0,0,0.0,0,0.0,0,0.0,0,0.0,0,0.0,0,0.0,0,0.0,0,0.0,0.00,0.0,0,0,0
1103210680,通投-燕窝吃-合集款-托管-日弘-25.3.11-乘风直播间,暂停,审核通过,通投,直播间直接支付ROI,笔记（直播组件）,67ce86860000000029029a4f,66f67e4c000000001d03127d,图文笔记,通投-燕窝吃-合集款-托管-日弘-25.3.11-乘风直播间,105582964,2025-03-11 09:10:24,0.00,0,0,0.0%,0.0,0.0,0,0.00,0.0,0,0,0.0,0,0,0.0,0,0.0,0,0.0,0,0.0,0,0.0,0,0.0,0,0.0,0,0.0,0,0.0,0,0.0,0.00,0.0,0,0,0
1087457297,通投-诗诗崽一枚-青春款-托管-达人-25.3.7-乘风直播间,暂停,审核通过,通投,直播间直接支付ROI,笔记（直播组件）,67b6994c000000000900ee18,58a8742250c4b40b097724da,图文笔记,通投-达人赛马-青春款-托管-达人-25.3.7-乘风直播间,105122501,2025-03-07 17:47:08,0.00,0,0,0.0%,0.0,0.0,0,0.00,0.0,0,0,0.0,0,0,0.0,0,0.0,0,0.0,0,0.0,0,0.0,0,0.0,0,0.0,0,0.0,0,0.0,0,0.0,0.00,0.0,0,0,0
1087457296,通投-卢卢is（孕中期）-青春款-托管-达人-25.3.7-乘风直播间,暂停,审核通过,通投,直播间直接支付ROI,笔记（直播组件）,67b42717000000001201c6a0,59f92fa082ec390722f9b583,图文笔记,通投-达人赛马-青春款-托管-达人-25.3.7-乘风直播间,105122501,2025-03-07 17:47:08,0.00,0,0,0.0%,0.0,0.0,0,0.00,0.0,0,0,0.0,0,0,0.0,0,0.0,0,0.0,0,0.0,0,0.0,0,0.0,0,0.0,0,0.0,0,0.0,0,0.0,0.00,0.0,0,0,0
1087457295,通投-王北北CANDY-青春款-托管-达人-25.3.7-乘风直播间,暂停,审核通过,通投,直播间直接支付ROI,笔记（直播组件）,67b5571c000000000602b21f,5843b0755e87e74b9ba9106c,图文笔记,通投-达人赛马-青春款-托管-达人-25.3.7-乘风直播间,105122501,2025-03-07 17:47:08,0.00,0,0,0.0%,0.0,0.0,0,0.00,0.0,0,0,0.0,0,0,0.0,0,0.0,0,0.0,0,0.0,0,0.0,0,0.0,0,0.0,0,0.0,0,0.0,0,0.0,0.00,0.0,0,0,0
1087457294,通投-江川奈奈子-青春款-托管-达人-25.3.7-乘风直播间,暂停,审核通过,通投,直播间直接支付ROI,笔记（直播组件）,67b54608000000002503d4ee,5aee38e2b1da1431d595d67d,图文笔记,通投-达人赛马-青春款-托管-达人-25.3.7-乘风直播间,105122501,2025-03-07 17:47:08,0.00,0,0,0.0%,0.0,0.0,0,0.00,0.0,0,0,0.0,0,0,0.0,0,0.0,0,0.0,0,0.0,0,0.0,0,0.0,0,0.0,0,0.0,0,0.0,0,0.0,0.00,0.0,0,0,0
1087457293,通投-木鱼姐姐-青春款-托管-达人-25.3.7-乘风直播间,暂停,审核通过,通投,直播间直接支付ROI,笔记（直播组件）,67b6db78000000002903cace,5a65488911be10245ddbd219,视频笔记,通投-达人赛马-青春款-托管-达人-25.3.7-乘风直播间,105122501,2025-03-07 17:47:08,0.00,0,0,0.0%,0.0,0.0,0,0.00,0.0,0,0,0.0,0,0,0.0,0,0.0,0,0.0,0,0.0,0,0.0,0,0.0,0,0.0,0,0.0,0,0.0,0,0.0,0.00,0.0,0,0,0
1087495599,通投-孕期状-星光款-托管-日弘-25.3.7-乘风直播间,暂停,审核通过,通投,直播间直接支付ROI,笔记（直播组件）,67caaf3a0000000029039d9a,66f67e4c000000001d03127d,图文笔记,通投-孕期状-星光款-托管-日弘-25.3.7-乘风直播间,105103673,2025-03-07 17:30:35,0.00,0,0,0.0%,0.0,0.0,0,0.00,0.0,0,0,0.0,0,0,0.0,0,0.0,0,0.0,0,0.0,0,0.0,0,0.0,0,0.0,0,0.0,0,0.0,0,0.0,0.00,0.0,0,0,0
1087435732,通投-职场人-青春款-托管-日弘-25.3.7-乘风直播间,被计划暂停,审核拒绝,通投,直播间直接支付ROI,笔记（直播组件）,67c9783d0000000028034efe,66f67e4c000000001d03127d,图文笔记,通投-职场人-青春款-托管-日弘-25.3.7-乘风直播间,105103573,2025-03-07 17:27:52,0.00,0,0,0.0%,0.0,0.0,0,0.00,0.0,0,0,0.0,0,0,0.0,0,0.0,0,0.0,0,0.0,0,0.0,0,0.0,0,0.0,0,0.0,0,0.0,0,0.0,0.00,0.0,0,0,0
1082024628,通投-素颜发-青春款-托管-日弘-25.3.3-乘风直播间,暂停,审核通过,通投,直播间直接支付ROI,笔记（直播组件）,67adaf6300000000290154e8,66f67e4c000000001d03127d,图文笔记,通投-素颜发-青春款-托管-日弘-25.3.3-乘风直播间,104869816,2025-03-06 16:06:08,0.00,0,0,0.0%,0.0,0.0,0,0.00,0.0,0,0,0.0,0,0,0.0,0,0.0,0,0.0,0,0.0,0,0.0,0,0.0,0,0.0,0,0.0,0,0.0,0,0.0,0.00,0.0,0,0,0
1082081604,通投-面若桃-青春款-托管-日弘-25.3.3-乘风直播间,暂停,审核通过,通投,直播间直接支付ROI,笔记（直播组件）,6780e840000000000b03052c,66f67e4c000000001d03127d,图文笔记,通投-面若桃-青春款-托管-日弘-25.3.3-乘风直播间,104875468,2025-03-06 16:05:33,0.00,0,0,0.0%,0.0,0.0,0,0.00,0.0,0,0,0.0,0,0,0.0,0,0.0,0,0.0,0,0.0,0,0.0,0,0.0,0,0.0,0,0.0,0,0.0,0,0.0,0.00,0.0,0,0,0
1071553209,搜索-年货节-合集款-托管-日弘-25.3.4-乘风直播间,暂停,审核通过,搜索,直播间直接支付ROI,笔记（直播组件）,6777bad6000000001300eb13,66f67e4c000000001d03127d,图文笔记,搜索-年货节-合集款-托管-日弘-25.3.4-乘风直播间,104564166,2025-03-04 16:29:18,0.00,0,0,0.0%,0.0,0.0,0,0.00,0.0,0,0,0.0,0,0,0.0,0,0.0,0,0.0,0,0.0,0,0.0,0,0.0,0,0.0,0,0.0,0,0.0,0,0.0,0.00,0.0,0,0,0
1071553208,搜索-封面-封面-托管-封面-25.3.4-乘风直播间,暂停,审核通过,搜索,直播间直接支付ROI,直播间,,-,无笔记,搜索-年货节-合集款-托管-日弘-25.3.4-乘风直播间,104564166,2025-03-04 16:29:18,0.00,0,0,0.0%,0.0,0.0,0,0.00,0.0,0,0,0.0,0,0,0.0,0,0.0,0,0.0,0,0.0,0,0.0,0,0.0,0,0.0,0,0.0,0,0.0,0,0.0,0.00,0.0,0,0,0
1071670849,搜索-WhosHanna-星光款-托管-达人-25.3.4-乘风直播间,暂停,审核通过,搜索,直播间直接支付ROI,笔记（直播组件）,67aabd74000000002503d1d8,595d0ec06a6a6971f71966cf,图文笔记,搜索-WhosHanna-星光款-托管-达人-25.3.4-乘风直播间,104546481,2025-03-04 16:27:58,0.00,0,0,0.0%,0.0,0.0,0,0.00,0.0,0,0,0.0,0,0,0.0,0,0.0,0,0.0,0,0.0,0,0.0,0,0.0,0,0.0,0,0.0,0,0.0,0,0.0,0.00,0.0,0,0,0
1071670848,搜索-封面-封面-托管-封面-25.3.4-乘风直播间,暂停,审核通过,搜索,直播间直接支付ROI,直播间,,-,无笔记,搜索-WhosHanna-星光款-托管-达人-25.3.4-乘风直播间,104546481,2025-03-04 16:27:58,0.00,0,0,0.0%,0.0,0.0,0,0.00,0.0,0,0,0.0,0,0,0.0,0,0.0,0,0.0,0,0.0,0,0.0,0,0.0,0,0.0,0,0.0,0,0.0,0,0.0,0.00,0.0,0,0,0
1071669764,搜索-燕窝也-合集款-关键词-日弘-25.3.4-乘风直播间,暂停,审核通过,搜索,直播间直接支付ROI,笔记（直播组件）,672d88bf000000001d0385de,583691373460942ae8fc16bb,图文笔记,搜索-燕窝也-合集款-关键词-日弘-25.3.4-乘风直播间,104546406,2025-03-04 16:25:44,0.00,0,0,0.0%,0.0,0.0,0,0.00,0.0,0,0,0.0,0,0,0.0,0,0.0,0,0.0,0,0.0,0,0.0,0,0.0,0,0.0,0,0.0,0,0.0,0,0.0,0.00,0.0,0,0,0
1071669763,搜索-封面-封面-关键词-封面-25.3.4-乘风直播间,暂停,审核通过,搜索,直播间直接支付ROI,直播间,,-,无笔记,搜索-燕窝也-合集款-关键词-日弘-25.3.4-乘风直播间,104546406,2025-03-04 16:25:44,0.00,0,0,0.0%,0.0,0.0,0,0.00,0.0,0,0,0.0,0,0,0.0,0,0.0,0,0.0,0,0.0,0,0.0,0,0.0,0,0.0,0,0.0,0,0.0,0,0.0,0.00,0.0,0,0,0
1069492397,通投-年美丽-星光款-托管-日弘-25.3.4-乘风直播间,被计划暂停,审核通过,通投,直播间直接支付ROI,笔记（直播组件）,67c1234d000000002503e439,66f67e4c000000001d03127d,图文笔记,通投-年美丽-星光款-托管-日弘-25.3.4-乘风直播间,104452332,2025-03-04 09:23:02,0.00,0,0,0.0%,0.0,0.0,0,0.00,0.0,0,0,0.0,0,0,0.0,0,0.0,0,0.0,0,0.0,0,0.0,0,0.0,0,0.0,0,0.0,0,0.0,0,0.0,0.00,0.0,0,0,0
1069492396,通投-封面-封面-托管-封面-25.3.4-乘风直播间,暂停,审核通过,通投,直播间直接支付ROI,直播间,,-,无笔记,通投-年美丽-星光款-托管-日弘-25.3.4-乘风直播间,104452332,2025-03-04 09:23:02,0.00,0,0,0.0%,0.0,0.0,0,0.00,0.0,0,0,0.0,0,0,0.0,0,0.0,0,0.0,0,0.0,0,0.0,0,0.0,0,0.0,0,0.0,0,0.0,0,0.0,0.00,0.0,0,0,0
1069168238,通投-悔1年-合集款-托管-日弘-25.3.4-乘风直播间,暂停,审核通过,通投,直播间直接支付ROI,笔记（直播组件）,67c57941000000002503c833,66f67e4c000000001d03127d,图文笔记,通投-悔1年-合集款-托管-日弘-25.3.4-乘风直播间,104463206,2025-03-04 08:41:05,0.00,0,0,0.0%,0.0,0.0,0,0.00,0.0,0,0,0.0,0,0,0.0,0,0.0,0,0.0,0,0.0,0,0.0,0,0.0,0,0.0,0,0.0,0,0.0,0,0.0,0.00,0.0,0,0,0
1069168237,通投-封面-封面-托管-封面-25.3.4-乘风直播间,暂停,审核通过,通投,直播间直接支付ROI,直播间,,-,无笔记,通投-悔1年-合集款-托管-日弘-25.3.4-乘风直播间,104463206,2025-03-04 08:41:05,0.00,0,0,0.0%,0.0,0.0,0,0.00,0.0,0,0,0.0,0,0,0.0,0,0.0,0,0.0,0,0.0,0,0.0,0,0.0,0,0.0,0,0.0,0,0.0,0,0.0,0.00,0.0,0,0,0
1053368950,通投-于发现-青春款-托管-日弘-25.2.28-乘风直播间,被计划暂停,审核拒绝,通投,直播间直接支付ROI,笔记（直播组件）,67bc28c8000000002902b715,66f67e4c000000001d03127d,图文笔记,通投-于发现-青春款-托管-日弘-25.2.28-乘风直播间,103939132,2025-02-28 15:39:42,0.00,0,0,0.0%,0.0,0.0,0,0.00,0.0,0,0,0.0,0,0,0.0,0,0.0,0,0.0,0,0.0,0,0.0,0,0.0,0,0.0,0,0.0,0,0.0,0,0.0,0.00,0.0,0,0,0
1053368949,通投-封面-封面-托管-封面-25.2.28-乘风直播间,暂停,审核通过,通投,直播间直接支付ROI,直播间,,-,无笔记,通投-于发现-青春款-托管-日弘-25.2.28-乘风直播间,103939132,2025-02-28 15:39:42,0.00,0,0,0.0%,0.0,0.0,0,0.00,0.0,0,0,0.0,0,0,0.0,0,0.0,0,0.0,0,0.0,0,0.0,0,0.0,0,0.0,0,0.0,0,0.0,0,0.0,0.00,0.0,0,0,0
1053270862,通投-少女肌-星光款-托管-日弘-25.2.28-乘风直播间,被计划暂停,审核通过,通投,直播间直接支付ROI,笔记（直播组件）,67c114d200000000280299a8,66f67e4c000000001d03127d,图文笔记,通投-少女肌-星光款-托管-日弘-25.2.28-乘风直播间,103932205,2025-02-28 15:09:17,0.00,0,0,0.0%,0.0,0.0,0,0.00,0.0,0,0,0.0,0,0,0.0,0,0.0,0,0.0,0,0.0,0,0.0,0,0.0,0,0.0,0,0.0,0,0.0,0,0.0,0.00,0.0,0,0,0
1053270861,通投-封面-封面-托管-封面-25.2.28-乘风直播间,暂停,审核通过,通投,直播间直接支付ROI,直播间,,-,无笔记,通投-少女肌-星光款-托管-日弘-25.2.28-乘风直播间,103932205,2025-02-28 15:09:17,0.00,0,0,0.0%,0.0,0.0,0,0.00,0.0,0,0,0.0,0,0,0.0,0,0.0,0,0.0,0,0.0,0,0.0,0,0.0,0,0.0,0,0.0,0,0.0,0,0.0,0.00,0.0,0,0,0
1053212366,通投-年美丽-星光款-托管-日弘-25.2.28-乘风直播间,被计划暂停,审核通过,通投,直播间直接支付ROI,笔记（直播组件）,67c1234d000000002503e439,66f67e4c000000001d03127d,图文笔记,通投-年美丽-星光款-托管-日弘-25.2.28-乘风直播间,103943912,2025-02-28 15:08:04,0.00,0,0,0.0%,0.0,0.0,0,0.00,0.0,0,0,0.0,0,0,0.0,0,0.0,0,0.0,0,0.0,0,0.0,0,0.0,0,0.0,0,0.0,0,0.0,0,0.0,0.00,0.0,0,0,0
1053212365,通投-封面-封面-托管-封面-25.2.28-乘风直播间,被计划暂停,审核通过,通投,直播间直接支付ROI,直播间,,-,无笔记,通投-年美丽-星光款-托管-日弘-25.2.28-乘风直播间,103943912,2025-02-28 15:08:04,0.00,0,0,0.0%,0.0,0.0,0,0.00,0.0,0,0,0.0,0,0,0.0,0,0.0,0,0.0,0,0.0,0,0.0,0,0.0,0,0.0,0,0.0,0,0.0,0,0.0,0.00,0.0,0,0,0
1053097872,通投-小晴的plog日记-青春款-托管-达人-25.2.28-乘风直播间,暂停,审核通过,通投,直播间直接支付ROI,笔记（直播组件）,66fab279000000001902cc95,60ea1b7f0000000001009258,图文笔记,通投-小晴的plog日记-青春款-托管-达人-25.2.28-乘风直播间,103932086,2025-02-28 15:05:32,0.00,0,0,0.0%,0.0,0.0,0,0.00,0.0,0,0,0.0,0,0,0.0,0,0.0,0,0.0,0,0.0,0,0.0,0,0.0,0,0.0,0,0.0,0,0.0,0,0.0,0.00,0.0,0,0,0
1053260131,通投-疲态脸-青春款-托管-日弘-25.2.28-乘风直播间,被计划暂停,审核拒绝,通投,直播间直接支付ROI,笔记（直播组件）,67c11c9f00000000290125ca,66f67e4c000000001d03127d,图文笔记,通投-疲态脸-青春款-托管-日弘-25.2.28-乘风直播间,103920044,2025-02-28 14:55:52,0.00,0,0,0.0%,0.0,0.0,0,0.00,0.0,0,0,0.0,0,0,0.0,0,0.0,0,0.0,0,0.0,0,0.0,0,0.0,0,0.0,0,0.0,0,0.0,0,0.0,0.00,0.0,0,0,0
1053260130,通投-封面-封面-托管-封面-25.2.28-乘风直播间,暂停,审核通过,通投,直播间直接支付ROI,直播间,,-,无笔记,通投-疲态脸-青春款-托管-日弘-25.2.28-乘风直播间,103920044,2025-02-28 14:55:52,0.00,0,0,0.0%,0.0,0.0,0,0.00,0.0,0,0,0.0,0,0,0.0,0,0.0,0,0.0,0,0.0,0,0.0,0,0.0,0,0.0,0,0.0,0,0.0,0,0.0,0.00,0.0,0,0,0
1048985636,通投-是赚到-合集款-托管-日弘-25.2.27-乘风直播间,暂停,审核通过,通投,直播间直接支付ROI,笔记（直播组件）,67bfc3e6000000002900e48c,66f67e4c000000001d03127d,图文笔记,通投-是赚到-合集款-托管-日弘-25.2.27-乘风直播间,103793767,2025-02-27 16:54:14,0.00,0,0,0.0%,0.0,0.0,0,0.00,0.0,0,0,0.0,0,0,0.0,0,0.0,0,0.0,0,0.0,0,0.0,0,0.0,0,0.0,0,0.0,0,0.0,0,0.0,0.00,0.0,0,0,0
1048985635,通投-封面-封面-托管-封面-25.2.27-乘风直播间,暂停,审核通过,通投,直播间直接支付ROI,直播间,,-,无笔记,通投-是赚到-合集款-托管-日弘-25.2.27-乘风直播间,103793767,2025-02-27 16:54:14,0.00,0,0,0.0%,0.0,0.0,0,0.00,0.0,0,0,0.0,0,0,0.0,0,0.0,0,0.0,0,0.0,0,0.0,0,0.0,0,0.0,0,0.0,0,0.0,0,0.0,0.00,0.0,0,0,0
1049160554,通投-4小时-青春款-托管-日弘-25.2.27-乘风直播间,暂停,审核通过,通投,直播间直接支付ROI,笔记（直播组件）,67c01c8c000000002901429b,66f67e4c000000001d03127d,图文笔记,通投-4小时-青春款-托管-日弘-25.2.27-乘风直播间,103787772,2025-02-27 16:52:17,0.00,0,0,0.0%,0.0,0.0,0,0.00,0.0,0,0,0.0,0,0,0.0,0,0.0,0,0.0,0,0.0,0,0.0,0,0.0,0,0.0,0,0.0,0,0.0,0,0.0,0.00,0.0,0,0,0
1049160553,通投-封面-封面-托管-封面-25.2.27-乘风直播间,暂停,审核通过,通投,直播间直接支付ROI,直播间,,-,无笔记,通投-4小时-青春款-托管-日弘-25.2.27-乘风直播间,103787772,2025-02-27 16:52:17,0.00,0,0,0.0%,0.0,0.0,0,0.00,0.0,0,0,0.0,0,0,0.0,0,0.0,0,0.0,0,0.0,0,0.0,0,0.0,0,0.0,0,0.0,0,0.0,0,0.0,0.00,0.0,0,0,0
1048754904,通投-小白选-合集款-托管-日弘-25.2.27优化-乘风直播间,暂停,审核拒绝,通投,直播间直接支付ROI,笔记（直播组件）,67af0cf3000000002803797b,66f67e4c000000001d03127d,图文笔记,通投-小白选-合集款-托管-日弘-25.2.27优化-乘风直播间,103797225,2025-02-27 16:02:25,0.00,0,0,0.0%,0.0,0.0,0,0.00,0.0,0,0,0.0,0,0,0.0,0,0.0,0,0.0,0,0.0,0,0.0,0,0.0,0,0.0,0,0.0,0,0.0,0,0.0,0.00,0.0,0,0,0
1048754903,通投-封面-封面-托管-封面-25.2.27优化-乘风直播间,暂停,审核通过,通投,直播间直接支付ROI,直播间,,-,无笔记,通投-小白选-合集款-托管-日弘-25.2.27优化-乘风直播间,103797225,2025-02-27 16:02:25,0.00,0,0,0.0%,0.0,0.0,0,0.00,0.0,0,0,0.0,0,0,0.0,0,0.0,0,0.0,0,0.0,0,0.0,0,0.0,0,0.0,0,0.0,0,0.0,0,0.0,0.00,0.0,0,0,0
1044123555,通投-二胎宝-星光款-托管-日弘-25.2.26-乘风直播间,暂停,审核通过,通投,直播间直接支付ROI,笔记（直播组件）,67be64a10000000029013765,66f67e4c000000001d03127d,图文笔记,通投-二胎宝-星光款-托管-日弘-25.2.26-乘风直播间,103634960,2025-02-26 17:18:11,0.00,0,0,0.0%,0.0,0.0,0,0.00,0.0,0,0,0.0,0,0,0.0,0,0.0,0,0.0,0,0.0,0,0.0,0,0.0,0,0.0,0,0.0,0,0.0,0,0.0,0.00,0.0,0,0,0
1043916479,通投-全家福-合集款-托管-日弘-25.2.26优化-乘风直播间,暂停,审核通过,通投,直播间直接支付ROI,笔记（直播组件）,6790c41c000000002602e5d8,66f67e4c000000001d03127d,图文笔记,通投-全家福-合集款-托管-日弘-25.2.26优化-乘风直播间,103611532,2025-02-26 17:15:12,0.00,0,0,0.0%,0.0,0.0,0,0.00,0.0,0,0,0.0,0,0,0.0,0,0.0,0,0.0,0,0.0,0,0.0,0,0.0,0,0.0,0,0.0,0,0.0,0,0.0,0.00,0.0,0,0,0
1043973213,通投-熬夜职-青春款-托管-日弘-25.2.26-乘风直播间,暂停,审核通过,通投,直播间直接支付ROI,笔记（直播组件）,67ae93070000000028037035,66f67e4c000000001d03127d,图文笔记,通投-熬夜职-青春款-托管-日弘-25.2.26-乘风直播间,103603237,2025-02-26 17:13:40,0.00,0,0,0.0%,0.0,0.0,0,0.00,0.0,0,0,0.0,0,0,0.0,0,0.0,0,0.0,0,0.0,0,0.0,0,0.0,0,0.0,0,0.0,0,0.0,0,0.0,0.00,0.0,0,0,0
1043972249,通投-一键解-星光款-托管-日弘-25.2.26-乘风直播间,暂停,审核通过,通投,直播间直接支付ROI,笔记（直播组件）,67a70fce000000002902ebbb,66f67e4c000000001d03127d,图文笔记,通投-一键解-星光款-托管-日弘-25.2.26-乘风直播间,103603179,2025-02-26 17:12:09,0.00,0,0,0.0%,0.0,0.0,0,0.00,0.0,0,0,0.0,0,0,0.0,0,0.0,0,0.0,0,0.0,0,0.0,0,0.0,0,0.0,0,0.0,0,0.0,0,0.0,0.00,0.0,0,0,0
1044118707,通投-面若桃-青春款-托管-日弘-25.2.26优化-乘风直播间,被计划暂停,审核通过,通投,直播间直接支付ROI,笔记（直播组件）,6780e840000000000b03052c,66f67e4c000000001d03127d,图文笔记,通投-面若桃-青春款-托管-日弘-25.2.26优化-乘风直播间,103634682,2025-02-26 17:10:59,0.00,0,0,0.0%,0.0,0.0,0,0.00,0.0,0,0,0.0,0,0,0.0,0,0.0,0,0.0,0,0.0,0,0.0,0,0.0,0,0.0,0,0.0,0,0.0,0,0.0,0.00,0.0,0,0,0
1034426724,通投-孕妈必-星光款-托管-日弘视频-25.2.24优化-乘风直播间,暂停,审核通过,通投,直播间直接支付ROI,笔记（直播组件）,66d95d22000000002603ddd6,583691373460942ae8fc16bb,视频笔记,通投-孕妈必-星光款-托管-日弘视频-25.2.24优化-乘风直播间,103205383,2025-02-24 16:48:58,0.00,0,0,0.0%,0.0,0.0,0,0.00,0.0,0,0,0.0,0,0,0.0,0,0.0,0,0.0,0,0.0,0,0.0,0,0.0,0,0.0,0,0.0,0,0.0,0,0.0,0.00,0.0,0,0,0
1034747331,通投-孕期滋-星光款-托管-日弘-25.2.24优化-乘风直播间,暂停,审核通过,通投,直播间直接支付ROI,笔记（直播组件）,6777ab65000000001300e759,66f67e4c000000001d03127d,图文笔记,通投-孕期滋-星光款-托管-日弘-25.2.24优化-乘风直播间,103217085,2025-02-24 16:48:15,0.00,0,0,0.0%,0.0,0.0,0,0.00,0.0,0,0,0.0,0,0,0.0,0,0.0,0,0.0,0,0.0,0,0.0,0,0.0,0,0.0,0,0.0,0,0.0,0,0.0,0.00,0.0,0,0,0
1034580368,通投-保卫战-星光款-托管-日弘-25.2.24优化-乘风直播间,暂停,审核通过,通投,直播间直接支付ROI,笔记（直播组件）,67adb1c30000000029030c1b,66f67e4c000000001d03127d,图文笔记,通投-保卫战-星光款-托管-日弘-25.2.24优化-乘风直播间,103199489,2025-02-24 16:47:23,0.00,0,0,0.0%,0.0,0.0,0,0.00,0.0,0,0,0.0,0,0,0.0,0,0.0,0,0.0,0,0.0,0,0.0,0,0.0,0,0.0,0,0.0,0,0.0,0,0.0,0.00,0.0,0,0,0
1034521507,通投-年货节-合集款-托管-日弘-25.2.24优化-乘风直播间,暂停,审核通过,通投,直播间直接支付ROI,笔记（直播组件）,6777bad6000000001300eb13,66f67e4c000000001d03127d,图文笔记,通投-年货节-合集款-托管-日弘-25.2.24优化-乘风直播间,103198359,2025-02-24 16:12:20,0.00,0,0,0.0%,0.0,0.0,0,0.00,0.0,0,0,0.0,0,0,0.0,0,0.0,0,0.0,0,0.0,0,0.0,0,0.0,0,0.0,0,0.0,0,0.0,0,0.0,0.00,0.0,0,0,0
1034122290,通投-面若桃-青春款-托管-日弘-25.2.24-乘风直播间,暂停,审核通过,通投,直播间直接支付ROI,笔记（直播组件）,6780e840000000000b03052c,66f67e4c000000001d03127d,图文笔记,通投-面若桃-青春款-托管-日弘-25.2.24-乘风直播间,103214462,2025-02-24 15:33:43,0.00,0,0,0.0%,0.0,0.0,0,0.00,0.0,0,0,0.0,0,0,0.0,0,0.0,0,0.0,0,0.0,0,0.0,0,0.0,0,0.0,0,0.0,0,0.0,0,0.0,0.00,0.0,0,0,0
1034091997,通投-不是燕-星光款-托管-日弘-25.2.24优化-乘风直播间,暂停,不满足审核条件,通投,直播间直接支付ROI,笔记（直播组件）,6747c34600000000020383fa,583691373460942ae8fc16bb,图文笔记,通投-不是燕-星光款-托管-日弘-25.2.24优化-乘风直播间,103153683,2025-02-24 14:52:16,0.00,0,0,0.0%,0.0,0.0,0,0.00,0.0,0,0,0.0,0,0,0.0,0,0.0,0,0.0,0,0.0,0,0.0,0,0.0,0,0.0,0,0.0,0,0.0,0,0.0,0.00,0.0,0,0,0
1033929478,通投-服曝光-青春款-托管-日弘-25.2.24-乘风直播间,被计划暂停,审核拒绝,通投,直播间直接支付ROI,笔记（直播组件）,67b5a62e000000002900803a,66f67e4c000000001d03127d,图文笔记,通投-服曝光-青春款-托管-日弘-25.2.24-乘风直播间,103170897,2025-02-24 14:47:56,0.00,0,0,0.0%,0.0,0.0,0,0.00,0.0,0,0,0.0,0,0,0.0,0,0.0,0,0.0,0,0.0,0,0.0,0,0.0,0,0.0,0,0.0,0,0.0,0,0.0,0.00,0.0,0,0,0
1022607196,通投-小羊羔手-钻石碗50g-托管-达人-25.2.21-乘风直播间,暂停,审核通过,通投,直播间直接支付ROI,笔记（直播组件）,67b4204b000000002602fe1c,646dea05000000001100119e,图文笔记,通投-赛马合集-钻石碗50g-托管-达人-25.2.21-乘风直播间,102788038,2025-02-21 17:55:00,0.00,0,0,0.0%,0.0,0.0,0,0.00,0.0,0,0,0.0,0,0,0.0,0,0.0,0,0.0,0,0.0,0,0.0,0,0.0,0,0.0,0,0.0,0,0.0,0,0.0,0.00,0.0,0,0,0
1022607195,通投-是肉夹猫吖🐱-钻石碗50g-托管-达人-25.2.21-乘风直播间,暂停,审核通过,通投,直播间直接支付ROI,笔记（直播组件）,67b4531c000000000d01550b,639c5ef50000000026005a84,图文笔记,通投-赛马合集-钻石碗50g-托管-达人-25.2.21-乘风直播间,102788038,2025-02-21 17:55:00,0.00,0,0,0.0%,0.0,0.0,0,0.00,0.0,0,0,0.0,0,0,0.0,0,0.0,0,0.0,0,0.0,0,0.0,0,0.0,0,0.0,0,0.0,0,0.0,0,0.0,0.00,0.0,0,0,0
1022607194,通投-妙妙妹妹🐰-钻石碗50g-托管-达人-25.2.21-乘风直播间,暂停,审核通过,通投,直播间直接支付ROI,笔记（直播组件）,67b41b8900000000090163ee,668358da0000000003030cf0,图文笔记,通投-赛马合集-钻石碗50g-托管-达人-25.2.21-乘风直播间,102788038,2025-02-21 17:55:00,0.00,0,0,0.0%,0.0,0.0,0,0.00,0.0,0,0,0.0,0,0,0.0,0,0.0,0,0.0,0,0.0,0,0.0,0,0.0,0,0.0,0,0.0,0,0.0,0,0.0,0.00,0.0,0,0,0
1022347830,通投-还是讲-合集款-托管-日弘-25.2.21优化-乘风直播间,暂停,审核通过,通投,直播间直接支付ROI,笔记（直播组件）,678884fc0000000018014c17,66f67e4c000000001d03127d,图文笔记,通投-还是讲-合集款-托管-日弘-25.2.21优化-乘风直播间,102759973,2025-02-21 16:36:11,0.00,0,0,0.0%,0.0,0.0,0,0.00,0.0,0,0,0.0,0,0,0.0,0,0.0,0,0.0,0,0.0,0,0.0,0,0.0,0,0.0,0,0.0,0,0.0,0,0.0,0.00,0.0,0,0,0
1021719752,通投-服曝光-青春款-托管-日弘-25.2.21-乘风直播间,被计划暂停,审核拒绝,通投,直播间直接支付ROI,笔记（直播组件）,67b5a62e000000002900803a,66f67e4c000000001d03127d,图文笔记,通投-服曝光-青春款-托管-日弘-25.2.21-乘风直播间,102734800,2025-02-21 15:16:58,0.00,0,0,0.0%,0.0,0.0,0,0.00,0.0,0,0,0.0,0,0,0.0,0,0.0,0,0.0,0,0.0,0,0.0,0,0.0,0,0.0,0,0.0,0,0.0,0,0.0,0.00,0.0,0,0,0
1021907665,通投-到底怎-合集款-托管-日弘-25.2.21优化-乘风直播间,暂停,审核拒绝,通投,直播间直接支付ROI,笔记（直播组件）,6780d614000000000b00c849,66f67e4c000000001d03127d,图文笔记,通投-到底怎-合集款-托管-日弘-25.2.21优化-乘风直播间,102714911,2025-02-21 14:48:31,0.00,0,0,0.0%,0.0,0.0,0,0.00,0.0,0,0,0.0,0,0,0.0,0,0.0,0,0.0,0,0.0,0,0.0,0,0.0,0,0.0,0,0.0,0,0.0,0,0.0,0.00,0.0,0,0,0
1018283423,通投-Lingling-钻石碗50g-托管-达人视频-25.2.20-乘风直播间,暂停,审核通过,通投,直播间直接支付ROI,笔记（直播组件）,67b401c500000000090174ed,5853b8e26a6a6927bf7788dc,视频笔记,通投-Lingling-钻石碗50g-托管-达人视频-25.2.20-乘风直播间,102593967,2025-02-20 18:18:48,0.00,0,0,0.0%,0.0,0.0,0,0.00,0.0,0,0,0.0,0,0,0.0,0,0.0,0,0.0,0,0.0,0,0.0,0,0.0,0,0.0,0,0.0,0,0.0,0,0.0,0.00,0.0,0,0,0
1018278167,通投-货攻略-青春款-托管-日弘-25.2.20-乘风直播间,暂停,审核拒绝,通投,直播间直接支付ROI,笔记（直播组件）,67b6f599000000002901783e,66f67e4c000000001d03127d,图文笔记,通投-货攻略-青春款-托管-日弘-25.2.20-乘风直播间,102596117,2025-02-20 18:10:02,0.00,0,0,0.0%,0.0,0.0,0,0.00,0.0,0,0,0.0,0,0,0.0,0,0.0,0,0.0,0,0.0,0,0.0,0,0.0,0,0.0,0,0.0,0,0.0,0,0.0,0.00,0.0,0,0,0
1018542549,通投-养呵护-星光款-托管-日弘-25.2.20-乘风直播间,暂停,审核通过,通投,直播间直接支付ROI,笔记（直播组件）,67b6fd8500000000280345bb,66f67e4c000000001d03127d,图文笔记,通投-养呵护-星光款-托管-日弘-25.2.20-乘风直播间,102571513,2025-02-20 18:08:56,0.00,0,0,0.0%,0.0,0.0,0,0.00,0.0,0,0,0.0,0,0,0.0,0,0.0,0,0.0,0,0.0,0,0.0,0,0.0,0,0.0,0,0.0,0,0.0,0,0.0,0.00,0.0,0,0,0
1013512079,通投-小白选-合集款-托管-日弘-25.2.19-乘风直播间,暂停,审核拒绝,通投,直播间直接支付ROI,笔记（直播组件）,67af0cf3000000002803797b,66f67e4c000000001d03127d,图文笔记,通投-小白选-合集款-托管-日弘-25.2.19-乘风直播间,102360931,2025-02-19 17:37:27,0.00,0,0,0.0%,0.0,0.0,0,0.00,0.0,0,0,0.0,0,0,0.0,0,0.0,0,0.0,0,0.0,0,0.0,0,0.0,0,0.0,0,0.0,0,0.0,0,0.0,0.00,0.0,0,0,0
1012486058,通投-开启大-星光款-托管-日弘-25.2.19优化-乘风直播间,暂停,审核通过,通投,直播间直接支付ROI,笔记（直播组件）,678a23900000000017001eba,66f67e4c000000001d03127d,图文笔记,通投-开启大-星光款-托管-日弘-25.2.19优化-乘风直播间,102321955,2025-02-19 13:58:07,0.00,0,0,0.0%,0.0,0.0,0,0.00,0.0,0,0,0.0,0,0,0.0,0,0.0,0,0.0,0,0.0,0,0.0,0,0.0,0,0.0,0,0.0,0,0.0,0,0.0,0.00,0.0,0,0,0
1011246074,通投-面若桃-青春款-托管-日弘-25.2.19-乘风直播间,被计划暂停,审核通过,通投,直播间直接支付ROI,笔记（直播组件）,6780e840000000000b03052c,66f67e4c000000001d03127d,图文笔记,通投-面若桃-青春款-托管-日弘-25.2.19-乘风直播间,102246603,2025-02-19 09:37:29,0.00,0,0,0.0%,0.0,0.0,0,0.00,0.0,0,0,0.0,0,0,0.0,0,0.0,0,0.0,0,0.0,0,0.0,0,0.0,0,0.0,0,0.0,0,0.0,0,0.0,0.00,0.0,0,0,0
1007524948,通投-Elaina-青春款-托管-达人-25.2.18-乘风直播间,暂停,审核通过,通投,直播间直接支付ROI,笔记（直播组件）,67b05b0b000000002903fcf4,5b4699eb4eacab7940d346ea,图文笔记,通投-达人合集-赛马-托管-达人-25.2.18-乘风直播间,102094187,2025-02-18 11:23:21,0.00,0,0,0.0%,0.0,0.0,0,0.00,0.0,0,0,0.0,0,0,0.0,0,0.0,0,0.0,0,0.0,0,0.0,0,0.0,0,0.0,0,0.0,0,0.0,0,0.0,0.00,0.0,0,0,0
1007524235,通投-你的雪呀-青春款-托管-达人视频-25.2.18-乘风直播间,暂停,审核拒绝,通投,直播间直接支付ROI,笔记（直播组件）,67aef1ae000000002803519e,594a6ae85e87e72f4306d164,视频笔记,通投-达人合集-赛马-托管-达人-25.2.18-乘风直播间,102094187,2025-02-18 11:22:00,0.00,0,0,0.0%,0.0,0.0,0,0.00,0.0,0,0,0.0,0,0,0.0,0,0.0,0,0.0,0,0.0,0,0.0,0,0.0,0,0.0,0,0.0,0,0.0,0,0.0,0.00,0.0,0,0,0
1007524234,通投-是郭欢喜吖-星光款-托管-达人-25.2.18-乘风直播间,被计划暂停,审核拒绝,通投,直播间直接支付ROI,笔记（直播组件）,67add56800000000180076b5,5f66e9fd00000000010023e5,图文笔记,通投-达人合集-赛马-托管-达人-25.2.18-乘风直播间,102094187,2025-02-18 11:22:00,0.00,0,0,0.0%,0.0,0.0,0,0.00,0.0,0,0,0.0,0,0,0.0,0,0.0,0,0.0,0,0.0,0,0.0,0,0.0,0,0.0,0,0.0,0,0.0,0,0.0,0.00,0.0,0,0,0
1007524233,通投-阿顺麻麻-星光款-托管-达人视频-25.2.18-乘风直播间,暂停,审核拒绝,通投,直播间直接支付ROI,笔记（直播组件）,67aaaef8000000002900c6fb,5f06d5d2000000000100288b,视频笔记,通投-达人合集-赛马-托管-达人-25.2.18-乘风直播间,102094187,2025-02-18 11:22:00,0.00,0,0,0.0%,0.0,0.0,0,0.00,0.0,0,0,0.0,0,0,0.0,0,0.0,0,0.0,0,0.0,0,0.0,0,0.0,0,0.0,0,0.0,0,0.0,0,0.0,0.00,0.0,0,0,0
1007524232,通投-WhosHanna-星光款-托管-达人-25.2.18-乘风直播间,暂停,审核通过,通投,直播间直接支付ROI,笔记（直播组件）,67aabd74000000002503d1d8,595d0ec06a6a6971f71966cf,图文笔记,通投-达人合集-赛马-托管-达人-25.2.18-乘风直播间,102094187,2025-02-18 11:22:00,0.00,0,0,0.0%,0.0,0.0,0,0.00,0.0,0,0,0.0,0,0,0.0,0,0.0,0,0.0,0,0.0,0,0.0,0,0.0,0,0.0,0,0.0,0,0.0,0,0.0,0.00,0.0,0,0,0
1007524231,通投-三月Mono-合集款-托管-达人-25.2.18-乘风直播间,暂停,审核通过,通投,直播间直接支付ROI,笔记（直播组件）,67adb518000000002803f8cd,5ea89de900000000010065e2,图文笔记,通投-达人合集-赛马-托管-达人-25.2.18-乘风直播间,102094187,2025-02-18 11:22:00,0.00,0,0,0.0%,0.0,0.0,0,0.00,0.0,0,0,0.0,0,0,0.0,0,0.0,0,0.0,0,0.0,0,0.0,0,0.0,0,0.0,0,0.0,0,0.0,0,0.0,0.00,0.0,0,0,0
1002559550,通投-如何安-合集款-高级定向-日弘-25.2.17-乘风直播间,暂停,审核通过,通投,直播间直接支付ROI,笔记（直播组件）,67a6fcde0000000029026b37,66f67e4c000000001d03127d,图文笔记,通投-优质笔记-合集款-高级定向-日弘-25.2.17-乘风直播间,101861302,2025-02-17 09:21:32,0.00,0,0,0.0%,0.0,0.0,0,0.00,0.0,0,0,0.0,0,0,0.0,0,0.0,0,0.0,0,0.0,0,0.0,0,0.0,0,0.0,0,0.0,0,0.0,0,0.0,0.00,0.0,0,0,0
1002559549,通投-全攻略-合集款-高级定向-日弘-25.2.17-乘风直播间,暂停,审核通过,通投,直播间直接支付ROI,笔记（直播组件）,67aef096000000002900f254,66f67e4c000000001d03127d,图文笔记,通投-优质笔记-合集款-高级定向-日弘-25.2.17-乘风直播间,101861302,2025-02-17 09:21:32,0.00,0,0,0.0%,0.0,0.0,0,0.00,0.0,0,0,0.0,0,0,0.0,0,0.0,0,0.0,0,0.0,0,0.0,0,0.0,0,0.0,0,0.0,0,0.0,0,0.0,0.00,0.0,0,0,0
993912966,通投-全攻略-合集款-托管-日弘-25.2.14-乘风直播间,暂停,审核通过,通投,直播间直接支付ROI,笔记（直播组件）,67aef096000000002900f254,66f67e4c000000001d03127d,图文笔记,通投-全攻略-合集款-托管-日弘-25.2.14-乘风直播间,101539457,2025-02-14 16:44:49,0.00,0,0,0.0%,0.0,0.0,0,0.00,0.0,0,0,0.0,0,0,0.0,0,0.0,0,0.0,0,0.0,0,0.0,0,0.0,0,0.0,0,0.0,0,0.0,0,0.0,0.00,0.0,0,0,0
994019772,通投-肌龄管-星光款-托管-日弘-25.2.14-乘风直播间,暂停,审核通过,通投,直播间直接支付ROI,笔记（直播组件）,67aedef3000000002a00c305,66f67e4c000000001d03127d,图文笔记,通投-肌龄管-星光款-托管-日弘-25.2.14-乘风直播间,101549041,2025-02-14 16:44:20,0.00,0,0,0.0%,0.0,0.0,0,0.00,0.0,0,0,0.0,0,0,0.0,0,0.0,0,0.0,0,0.0,0,0.0,0,0.0,0,0.0,0,0.0,0,0.0,0,0.0,0.00,0.0,0,0,0
991907239,通投-保卫战-星光款-高级定向-日弘-25.2.14-乘风直播间,暂停,审核通过,通投,直播间直接支付ROI,笔记（直播组件）,67adb1c30000000029030c1b,66f67e4c000000001d03127d,图文笔记,通投-保卫战-星光款-高级定向-日弘-25.2.14-乘风直播间,101448794,2025-02-14 09:00:42,0.00,0,0,0.0%,0.0,0.0,0,0.00,0.0,0,0,0.0,0,0,0.0,0,0.0,0,0.0,0,0.0,0,0.0,0,0.0,0,0.0,0,0.0,0,0.0,0,0.0,0.00,0.0,0,0,0
991717333,通投-熬夜职-青春款-托管-日弘-25.2.14-乘风直播间,被计划暂停,审核拒绝,通投,直播间直接支付ROI,笔记（直播组件）,67ae93070000000028037035,66f67e4c000000001d03127d,图文笔记,通投-熬夜职-青春款-托管-日弘-25.2.14-乘风直播间,101459186,2025-02-14 08:58:28,0.00,0,0,0.0%,0.0,0.0,0,0.00,0.0,0,0,0.0,0,0,0.0,0,0.0,0,0.0,0,0.0,0,0.0,0,0.0,0,0.0,0,0.0,0,0.0,0,0.0,0.00,0.0,0,0,0
990236950,通投-素颜发-青春款-托管-日弘-25.2.13-乘风直播间,被计划暂停,审核通过,通投,直播间直接支付ROI,笔记（直播组件）,67adaf6300000000290154e8,66f67e4c000000001d03127d,图文笔记,通投-素颜发-青春款-托管-日弘-25.2.13-乘风直播间,101405986,2025-02-13 17:49:05,0.00,0,0,0.0%,0.0,0.0,0,0.00,0.0,0,0,0.0,0,0,0.0,0,0.0,0,0.0,0,0.0,0,0.0,0,0.0,0,0.0,0,0.0,0,0.0,0,0.0,0.00,0.0,0,0,0
989626701,通投-孕期滋-星光款-高级定向-日弘-25.2.13优化-乘风直播间,被计划暂停,审核通过,通投,直播间直接支付ROI,笔记（直播组件）,6777ab65000000001300e759,66f67e4c000000001d03127d,图文笔记,通投-孕期滋-星光款-高级定向-日弘-25.2.13优化-乘风直播间,101380234,2025-02-13 15:02:29,0.00,0,0,0.0%,0.0,0.0,0,0.00,0.0,0,0,0.0,0,0,0.0,0,0.0,0,0.0,0,0.0,0,0.0,0,0.0,0,0.0,0,0.0,0,0.0,0,0.0,0.00,0.0,0,0,0
989450587,通投-到底怎-合集款-高级定向-日弘-25.2.13优化-乘风直播间,暂停,审核拒绝,通投,直播间直接支付ROI,笔记（直播组件）,6780d614000000000b00c849,66f67e4c000000001d03127d,图文笔记,通投-赛马合集-赛马-高级定向-日弘-25.2.12-乘风直播间,101130861,2025-02-13 14:51:20,0.00,0,0,0.0%,0.0,0.0,0,0.00,0.0,0,0,0.0,0,0,0.0,0,0.0,0,0.0,0,0.0,0,0.0,0,0.0,0,0.0,0,0.0,0,0.0,0,0.0,0.00,0.0,0,0,0
986160753,通投-诶瑞瑞Arion-青春款-高级定向-达人视频-25.2.12-乘风直播间,暂停,审核通过,通投,直播间直接支付ROI,笔记（直播组件）,670e1c4b000000001b02f757,5cf74c8f000000001802233e,视频笔记,通投-达人合集-青春款-高级定向-达人-25.2.12-乘风直播间,101248001,2025-02-12 17:28:11,0.00,0,0,0.0%,0.0,0.0,0,0.00,0.0,0,0,0.0,0,0,0.0,0,0.0,0,0.0,0,0.0,0,0.0,0,0.0,0,0.0,0,0.0,0,0.0,0,0.0,0.00,0.0,0,0,0
986160752,通投-Dora-青春款-高级定向-达人-25.2.12-乘风直播间,暂停,审核通过,通投,直播间直接支付ROI,笔记（直播组件）,670e5951000000001600edec,5ac8355fe8ac2b22abf5b765,图文笔记,通投-达人合集-青春款-高级定向-达人-25.2.12-乘风直播间,101248001,2025-02-12 17:28:11,0.00,0,0,0.0%,0.0,0.0,0,0.00,0.0,0,0,0.0,0,0,0.0,0,0.0,0,0.0,0,0.0,0,0.0,0,0.0,0,0.0,0,0.0,0,0.0,0,0.0,0.00,0.0,0,0,0
985844621,搜索-CAT小姐姐-蛇年礼盒40g-关键词-达人-25.2.12-乘风直播间,被计划暂停,审核通过,搜索,直播间直接支付ROI,笔记（直播组件）,676d0b8f000000000800fab7,569e4ca66a6a6922bd6a1e80,图文笔记,搜索-常规礼盒赛马-蛇年礼盒-关键词-日弘-25.2.12-乘风直播间,101213942,2025-02-12 15:42:46,0.00,0,0,0.0%,0.0,0.0,0,0.00,0.0,0,0,0.0,0,0,0.0,0,0.0,0,0.0,0,0.0,0,0.0,0,0.0,0,0.0,0,0.0,0,0.0,0,0.0,0.00,0.0,0,0,0
985844620,搜索-小鸡快跑-蛇年礼盒40g-关键词-达人-25.2.12-乘风直播间,暂停,审核通过,搜索,直播间直接支付ROI,笔记（直播组件）,676cef94000000000900dade,591c24c36a6a6933b1b52734,图文笔记,搜索-常规礼盒赛马-蛇年礼盒-关键词-日弘-25.2.12-乘风直播间,101213942,2025-02-12 15:42:46,0.00,0,0,0.0%,0.0,0.0,0,0.00,0.0,0,0,0.0,0,0,0.0,0,0.0,0,0.0,0,0.0,0,0.0,0,0.0,0,0.0,0,0.0,0,0.0,0,0.0,0.00,0.0,0,0,0
985844619,搜索-常规礼盒赛马-蛇年礼盒-关键词-日弘-25.2.12-乘风直播间,暂停,审核通过,搜索,直播间直接支付ROI,直播间,,-,无笔记,搜索-常规礼盒赛马-蛇年礼盒-关键词-日弘-25.2.12-乘风直播间,101213942,2025-02-12 15:42:46,0.00,0,0,0.0%,0.0,0.0,0,0.00,0.0,0,0,0.0,0,0,0.0,0,0.0,0,0.0,0,0.0,0,0.0,0,0.0,0,0.0,0,0.0,0,0.0,0,0.0,0.00,0.0,0,0,0
984731355,搜索-倒计时-七夕礼盒-关键词-日弘-25.2.12-乘风直播间,被计划暂停,审核通过,搜索,直播间直接支付ROI,笔记（直播组件）,66a20881000000000a02763d,583691373460942ae8fc16bb,图文笔记,搜索-七夕赛马-七夕礼盒-关键词-日弘-25.2.12-乘风直播间,101159891,2025-02-12 11:18:06,0.00,0,0,0.0%,0.0,0.0,0,0.00,0.0,0,0,0.0,0,0,0.0,0,0.0,0,0.0,0,0.0,0,0.0,0,0.0,0,0.0,0,0.0,0,0.0,0,0.0,0.00,0.0,0,0,0
984731354,搜索-结婚了-七夕礼盒-关键词-日弘-25.2.12-乘风直播间,被计划暂停,审核通过,搜索,直播间直接支付ROI,笔记（直播组件）,66a83779000000000d031de6,583691373460942ae8fc16bb,图文笔记,搜索-七夕赛马-七夕礼盒-关键词-日弘-25.2.12-乘风直播间,101159891,2025-02-12 11:18:06,0.00,0,0,0.0%,0.0,0.0,0,0.00,0.0,0,0,0.0,0,0,0.0,0,0.0,0,0.0,0,0.0,0,0.0,0,0.0,0,0.0,0,0.0,0,0.0,0,0.0,0.00,0.0,0,0,0
984731353,搜索-宝女友-七夕礼盒-关键词-日弘-25.2.12-乘风直播间,被计划暂停,审核通过,搜索,直播间直接支付ROI,笔记（直播组件）,66b335a700000000050312dd,583691373460942ae8fc16bb,图文笔记,搜索-七夕赛马-七夕礼盒-关键词-日弘-25.2.12-乘风直播间,101159891,2025-02-12 11:18:06,0.00,0,0,0.0%,0.0,0.0,0,0.00,0.0,0,0,0.0,0,0,0.0,0,0.0,0,0.0,0,0.0,0,0.0,0,0.0,0,0.0,0,0.0,0,0.0,0,0.0,0.00,0.0,0,0,0
984731352,搜索-七夕赛马-七夕礼盒-关键词-日弘-25.2.12-乘风直播间,被计划暂停,审核通过,搜索,直播间直接支付ROI,直播间,,-,无笔记,搜索-七夕赛马-七夕礼盒-关键词-日弘-25.2.12-乘风直播间,101159891,2025-02-12 11:18:06,0.00,0,0,0.0%,0.0,0.0,0,0.00,0.0,0,0,0.0,0,0,0.0,0,0.0,0,0.0,0,0.0,0,0.0,0,0.0,0,0.0,0,0.0,0,0.0,0,0.0,0.00,0.0,0,0,0
984318113,通投-全家福-合集款-高级定向-日弘-25.2.12优化-乘风直播间,暂停,审核通过,通投,直播间直接支付ROI,笔记（直播组件）,6790c41c000000002602e5d8,66f67e4c000000001d03127d,图文笔记,通投-赛马合集-赛马-高级定向-日弘-25.2.12-乘风直播间,101130861,2025-02-12 09:29:20,0.00,0,0,0.0%,0.0,0.0,0,0.00,0.0,0,0,0.0,0,0,0.0,0,0.0,0,0.0,0,0.0,0,0.0,0,0.0,0,0.0,0,0.0,0,0.0,0,0.0,0.00,0.0,0,0,0
984318112,通投-二胎后-星光款-高级定向-日弘-25.2.12优化-乘风直播间,暂停,审核通过,通投,直播间直接支付ROI,笔记（直播组件）,6780f0ed000000001a0114d8,66f67e4c000000001d03127d,图文笔记,通投-赛马合集-赛马-高级定向-日弘-25.2.12-乘风直播间,101130861,2025-02-12 09:29:20,0.00,0,0,0.0%,0.0,0.0,0,0.00,0.0,0,0,0.0,0,0,0.0,0,0.0,0,0.0,0,0.0,0,0.0,0,0.0,0,0.0,0,0.0,0,0.0,0,0.0,0.00,0.0,0,0,0
984094985,通投-解锁燕-青春款-高级定向-日弘-25.2.12-乘风直播间,暂停,审核通过,通投,直播间直接支付ROI,笔记（直播组件）,676519fd000000000902ec17,66f67e4c000000001d03127d,图文笔记,通投-赛马合集-赛马-高级定向-日弘-25.2.12-乘风直播间,101130861,2025-02-12 09:27:11,0.00,0,0,0.0%,0.0,0.0,0,0.00,0.0,0,0,0.0,0,0,0.0,0,0.0,0,0.0,0,0.0,0,0.0,0,0.0,0,0.0,0,0.0,0,0.0,0,0.0,0.00,0.0,0,0,0
980433278,通投-孕妈必-星光款-高级定向-日弘视频-25.2.11-乘风直播间,暂停,审核通过,通投,直播间直接支付ROI,笔记（直播组件）,66d95d22000000002603ddd6,583691373460942ae8fc16bb,视频笔记,通投-优质合集-赛马-高级定向-日弘-25.2.11-乘风直播间,100990543,2025-02-11 10:26:10,0.00,0,0,0.0%,0.0,0.0,0,0.00,0.0,0,0,0.0,0,0,0.0,0,0.0,0,0.0,0,0.0,0,0.0,0,0.0,0,0.0,0,0.0,0,0.0,0,0.0,0.00,0.0,0,0,0
980433277,通投-不是燕-星光款-高级定向-日弘-25.2.11-乘风直播间,暂停,审核通过,通投,直播间直接支付ROI,笔记（直播组件）,6747c34600000000020383fa,583691373460942ae8fc16bb,图文笔记,通投-优质合集-赛马-高级定向-日弘-25.2.11-乘风直播间,100990543,2025-02-11 10:26:10,0.00,0,0,0.0%,0.0,0.0,0,0.00,0.0,0,0,0.0,0,0,0.0,0,0.0,0,0.0,0,0.0,0,0.0,0,0.0,0,0.0,0,0.0,0,0.0,0,0.0,0.00,0.0,0,0,0
980433276,通投-面若桃-青春款-高级定向-日弘-25.2.11-乘风直播间,被计划暂停,审核通过,通投,直播间直接支付ROI,笔记（直播组件）,6780e840000000000b03052c,66f67e4c000000001d03127d,图文笔记,通投-优质合集-赛马-高级定向-日弘-25.2.11-乘风直播间,100990543,2025-02-11 10:26:10,0.00,0,0,0.0%,0.0,0.0,0,0.00,0.0,0,0,0.0,0,0,0.0,0,0.0,0,0.0,0,0.0,0,0.0,0,0.0,0,0.0,0,0.0,0,0.0,0,0.0,0.00,0.0,0,0,0
978074923,通投-情人节-青春款-托管-日弘-25.2.10-乘风直播间,被计划暂停,审核通过,通投,直播间直接支付ROI,笔记（直播组件）,67a9954f000000002a003c35,66f67e4c000000001d03127d,图文笔记,通投-情人节-青春款-托管-日弘-25.2.10-乘风直播间,100877328,2025-02-10 15:09:00,0.00,0,0,0.0%,0.0,0.0,0,0.00,0.0,0,0,0.0,0,0,0.0,0,0.0,0,0.0,0,0.0,0,0.0,0,0.0,0,0.0,0,0.0,0,0.0,0,0.0,0.00,0.0,0,0,0
976812697,通投-年度燕-合集款-高级定向-日弘-25.2.10优化-乘风直播间,暂停,不满足审核条件,通投,直播间直接支付ROI,笔记（直播组件）,67652b99000000001301806b,66f67e4c000000001d03127d,图文笔记,通投-赛马合集-赛马-高级定向-日弘-25.2.10-乘风直播间,100810940,2025-02-10 09:59:28,0.00,0,0,0.0%,0.0,0.0,0,0.00,0.0,0,0,0.0,0,0,0.0,0,0.0,0,0.0,0,0.0,0,0.0,0,0.0,0,0.0,0,0.0,0,0.0,0,0.0,0.00,0.0,0,0,0
976753111,通投-燕窝也-合集款-高级定向-日弘-25.2.10-乘风直播间,暂停,审核通过,通投,直播间直接支付ROI,笔记（直播组件）,672d88bf000000001d0385de,583691373460942ae8fc16bb,图文笔记,通投-赛马合集-赛马-高级定向-日弘-25.2.10-乘风直播间,100810940,2025-02-10 09:26:18,0.00,0,0,0.0%,0.0,0.0,0,0.00,0.0,0,0,0.0,0,0,0.0,0,0.0,0,0.0,0,0.0,0,0.0,0,0.0,0,0.0,0,0.0,0,0.0,0,0.0,0.00,0.0,0,0,0
976753110,通投-年货节-合集款-高级定向-日弘-25.2.10优化-乘风直播间,暂停,审核通过,通投,直播间直接支付ROI,笔记（直播组件）,6777bad6000000001300eb13,66f67e4c000000001d03127d,图文笔记,通投-赛马合集-赛马-高级定向-日弘-25.2.10-乘风直播间,100810940,2025-02-10 09:26:18,0.00,0,0,0.0%,0.0,0.0,0,0.00,0.0,0,0,0.0,0,0,0.0,0,0.0,0,0.0,0,0.0,0,0.0,0,0.0,0,0.0,0,0.0,0,0.0,0,0.0,0.00,0.0,0,0,0
976681507,通投-一键解-星光款-托管-日弘-25.2.10-乘风直播间,暂停,审核通过,通投,直播间直接支付ROI,笔记（直播组件）,67a70fce000000002902ebbb,66f67e4c000000001d03127d,图文笔记,通投-一键解-星光款-托管-日弘-25.2.10-乘风直播间,100810174,2025-02-10 08:51:21,0.00,0,0,0.0%,0.0,0.0,0,0.00,0.0,0,0,0.0,0,0,0.0,0,0.0,0,0.0,0,0.0,0,0.0,0,0.0,0,0.0,0,0.0,0,0.0,0,0.0,0.00,0.0,0,0,0
972174580,通投-宝女友-七夕礼盒-托管-日弘-25.2.8-乘风直播间,被计划暂停,审核通过,通投,直播间直接支付ROI,笔记（直播组件）,66b335a700000000050312dd,583691373460942ae8fc16bb,图文笔记,通投-七夕礼盒赛马-七夕礼盒-托管-达人-25.2.8-乘风直播间,100639421,2025-02-08 17:15:45,0.00,0,0,0.0%,0.0,0.0,0,0.00,0.0,0,0,0.0,0,0,0.0,0,0.0,0,0.0,0,0.0,0,0.0,0,0.0,0,0.0,0,0.0,0,0.0,0,0.0,0.00,0.0,0,0,0
972174579,通投-结婚了-七夕礼盒-托管-日弘-25.2.8-乘风直播间,被计划暂停,审核通过,通投,直播间直接支付ROI,笔记（直播组件）,66a83779000000000d031de6,583691373460942ae8fc16bb,图文笔记,通投-七夕礼盒赛马-七夕礼盒-托管-达人-25.2.8-乘风直播间,100639421,2025-02-08 17:15:45,0.00,0,0,0.0%,0.0,0.0,0,0.00,0.0,0,0,0.0,0,0,0.0,0,0.0,0,0.0,0,0.0,0,0.0,0,0.0,0,0.0,0,0.0,0,0.0,0,0.0,0.00,0.0,0,0,0
972174578,通投-倒计时-七夕礼盒-托管-日弘-25.2.8-乘风直播间,被计划暂停,审核通过,通投,直播间直接支付ROI,笔记（直播组件）,66a20881000000000a02763d,583691373460942ae8fc16bb,图文笔记,通投-七夕礼盒赛马-七夕礼盒-托管-达人-25.2.8-乘风直播间,100639421,2025-02-08 17:15:45,0.00,0,0,0.0%,0.0,0.0,0,0.00,0.0,0,0,0.0,0,0,0.0,0,0.0,0,0.0,0,0.0,0,0.0,0,0.0,0,0.0,0,0.0,0,0.0,0,0.0,0.00,0.0,0,0,0
972226675,通投-小鸡快跑-蛇年礼盒40g-托管-达人-25.2.8-乘风直播间,被计划暂停,审核通过,通投,直播间直接支付ROI,笔记（直播组件）,676cef94000000000900dade,591c24c36a6a6933b1b52734,图文笔记,通投-经典礼盒赛马-经典礼盒-托管-达人-25.2.8-乘风直播间,100647258,2025-02-08 17:09:51,0.00,0,0,0.0%,0.0,0.0,0,0.00,0.0,0,0,0.0,0,0,0.0,0,0.0,0,0.0,0,0.0,0,0.0,0,0.0,0,0.0,0,0.0,0,0.0,0,0.0,0.00,0.0,0,0,0
972226674,通投-CAT小姐姐-蛇年礼盒40g-托管-达人-25.2.8-乘风直播间,被计划暂停,审核通过,通投,直播间直接支付ROI,笔记（直播组件）,676d0b8f000000000800fab7,569e4ca66a6a6922bd6a1e80,图文笔记,通投-经典礼盒赛马-经典礼盒-托管-达人-25.2.8-乘风直播间,100647258,2025-02-08 17:09:51,0.00,0,0,0.0%,0.0,0.0,0,0.00,0.0,0,0,0.0,0,0,0.0,0,0.0,0,0.0,0,0.0,0,0.0,0,0.0,0,0.0,0,0.0,0,0.0,0,0.0,0.00,0.0,0,0,0
972226673,通投-胖胖是招柴-蛇年礼盒40g-托管-达人-25.2.8-乘风直播间,暂停,审核通过,通投,直播间直接支付ROI,笔记（直播组件）,676d2554000000000b0170a7,5c6b9855000000001100dffa,图文笔记,通投-经典礼盒赛马-经典礼盒-托管-达人-25.2.8-乘风直播间,100647258,2025-02-08 17:09:51,0.00,0,0,0.0%,0.0,0.0,0,0.00,0.0,0,0,0.0,0,0,0.0,0,0.0,0,0.0,0,0.0,0,0.0,0,0.0,0,0.0,0,0.0,0,0.0,0,0.0,0.00,0.0,0,0,0
971758742,通投-如何安-合集款-托管-日弘-25.2.8-乘风直播间,被计划暂停,审核通过,通投,直播间直接支付ROI,笔记（直播组件）,67a6fcde0000000029026b37,66f67e4c000000001d03127d,图文笔记,通投-如何安-合集款-托管-日弘-25.2.8-乘风直播间,100613788,2025-02-08 15:23:45,0.00,0,0,0.0%,0.0,0.0,0,0.00,0.0,0,0,0.0,0,0,0.0,0,0.0,0,0.0,0,0.0,0,0.0,0,0.0,0,0.0,0,0.0,0,0.0,0,0.0,0.00,0.0,0,0,0
971045572,通投-年货节-合集款-托管-日弘-25.2.8优化-乘风直播间,被计划暂停,审核通过,通投,直播间直接支付ROI,笔记（直播组件）,6777bad6000000001300eb13,66f67e4c000000001d03127d,图文笔记,通投-年货节-合集款-托管-日弘-25.2.8优化-乘风直播间,100595517,2025-02-08 11:42:12,0.00,0,0,0.0%,0.0,0.0,0,0.00,0.0,0,0,0.0,0,0,0.0,0,0.0,0,0.0,0,0.0,0,0.0,0,0.0,0,0.0,0,0.0,0,0.0,0,0.0,0.00,0.0,0,0,0
964133584,通投-2.6直播封面2-直播封面-托管-日弘-25.2.6-乘风直播间,被计划暂停,审核通过,通投,直播间直接支付ROI,直播间,,-,无笔记,通投-2.6直播封面2-直播封面-托管-日弘-25.2.6-乘风直播间,100269975,2025-02-06 10:25:44,0.00,0,0,0.0%,0.0,0.0,0,0.00,0.0,0,0,0.0,0,0,0.0,0,0.0,0,0.0,0,0.0,0,0.0,0,0.0,0,0.0,0,0.0,0,0.0,0,0.0,0.00,0.0,0,0,0
964028686,通投-2.6直播封面-直播封面-托管-日弘-25.2.6-乘风直播间,被计划暂停,审核通过,通投,直播间直接支付ROI,直播间,,-,无笔记,通投-2.6直播封面-直播封面-托管-日弘-25.2.6-乘风直播间,100264616,2025-02-06 10:24:28,0.00,0,0,0.0%,0.0,0.0,0,0.00,0.0,0,0,0.0,0,0,0.0,0,0.0,0,0.0,0,0.0,0,0.0,0,0.0,0,0.0,0,0.0,0,0.0,0,0.0,0.00,0.0,0,0,0
963676511,通投-燕窝养-青春款-托管-日弘-25.2.6-乘风直播间,暂停,审核通过,通投,直播间直接支付ROI,笔记（直播组件）,6791e8120000000028035984,66f67e4c000000001d03127d,图文笔记,通投-赛马合集-赛马-托管-日弘-25.2.6-乘风直播间,100242193,2025-02-06 08:53:42,0.00,0,0,0.0%,0.0,0.0,0,0.00,0.0,0,0,0.0,0,0,0.0,0,0.0,0,0.0,0,0.0,0,0.0,0,0.0,0,0.0,0,0.0,0,0.0,0,0.0,0.00,0.0,0,0,0
963676510,通投-新春全-合集款-托管-日弘-25.2.6-乘风直播间,暂停,审核通过,通投,直播间直接支付ROI,笔记（直播组件）,67904e2200000000290369e9,66f67e4c000000001d03127d,图文笔记,通投-赛马合集-赛马-托管-日弘-25.2.6-乘风直播间,100242193,2025-02-06 08:53:42,0.00,0,0,0.0%,0.0,0.0,0,0.00,0.0,0,0,0.0,0,0,0.0,0,0.0,0,0.0,0,0.0,0,0.0,0,0.0,0,0.0,0,0.0,0,0.0,0,0.0,0.00,0.0,0,0,0
963676509,通投-一人吃-星光款-托管-日弘-25.2.6-乘风直播间,暂停,审核通过,通投,直播间直接支付ROI,笔记（直播组件）,678f4b81000000002503ffbe,66f67e4c000000001d03127d,图文笔记,通投-赛马合集-赛马-托管-日弘-25.2.6-乘风直播间,100242193,2025-02-06 08:53:42,0.00,0,0,0.0%,0.0,0.0,0,0.00,0.0,0,0,0.0,0,0,0.0,0,0.0,0,0.0,0,0.0,0,0.0,0,0.0,0,0.0,0,0.0,0,0.0,0,0.0,0.00,0.0,0,0,0
963676508,通投-面若桃-青春款-托管-日弘-25.2.6-乘风直播间,被计划暂停,审核通过,通投,直播间直接支付ROI,笔记（直播组件）,6780e840000000000b03052c,66f67e4c000000001d03127d,图文笔记,通投-赛马合集-赛马-托管-日弘-25.2.6-乘风直播间,100242193,2025-02-06 08:53:42,0.00,0,0,0.0%,0.0,0.0,0,0.00,0.0,0,0,0.0,0,0,0.0,0,0.0,0,0.0,0,0.0,0,0.0,0,0.0,0,0.0,0,0.0,0,0.0,0,0.0,0.00,0.0,0,0,0
938779031,通投-孕妈必-星光款-托管-日弘视频-25.1.24优化-乘风直播间,被计划暂停,审核通过,通投,直播间直接支付ROI,笔记（直播组件）,66d95d22000000002603ddd6,583691373460942ae8fc16bb,视频笔记,通投-孕妈必-星光款-托管-日弘视频-25.1.24优化-乘风直播间,99286012,2025-01-24 16:57:43,0.00,0,0,0.0%,0.0,0.0,0,0.00,0.0,0,0,0.0,0,0,0.0,0,0.0,0,0.0,0,0.0,0,0.0,0,0.0,0,0.0,0,0.0,0,0.0,0,0.0,0.00,0.0,0,0,0
938778932,通投-燕窝新-合集款-托管-日弘-25.1.24优化-乘风直播间,被计划暂停,审核通过,通投,直播间直接支付ROI,笔记（直播组件）,6735ba5f000000003c015663,583691373460942ae8fc16bb,图文笔记,通投-燕窝新-合集款-托管-日弘-25.1.24优化-乘风直播间,99285992,2025-01-24 16:57:01,0.00,0,0,0.0%,0.0,0.0,0,0.00,0.0,0,0,0.0,0,0,0.0,0,0.0,0,0.0,0,0.0,0,0.0,0,0.0,0,0.0,0,0.0,0,0.0,0,0.0,0.00,0.0,0,0,0
936011208,通投-燕窝养-青春款-托管-日弘-25.1.23-乘风直播间,被计划暂停,审核通过,通投,直播间直接支付ROI,笔记（直播组件）,6791e8120000000028035984,66f67e4c000000001d03127d,图文笔记,通投-燕窝养-青春款-托管-日弘-25.1.23-乘风直播间,99136666,2025-01-23 15:46:29,0.00,0,0,0.0%,0.0,0.0,0,0.00,0.0,0,0,0.0,0,0,0.0,0,0.0,0,0.0,0,0.0,0,0.0,0,0.0,0,0.0,0,0.0,0,0.0,0,0.0,0.00,0.0,0,0,0
934985154,通投-全家福-合集款-托管-日弘-25.1.23-乘风直播间,被计划暂停,审核通过,通投,直播间直接支付ROI,笔记（直播组件）,6790c41c000000002602e5d8,66f67e4c000000001d03127d,图文笔记,通投-全家福-合集款-托管-日弘-25.1.23-乘风直播间,99078184,2025-01-23 08:42:30,0.00,0,0,0.0%,0.0,0.0,0,0.00,0.0,0,0,0.0,0,0,0.0,0,0.0,0,0.0,0,0.0,0,0.0,0,0.0,0,0.0,0,0.0,0,0.0,0,0.0,0.00,0.0,0,0,0
932153998,通投-新春全-合集款-托管-日弘-25.1.22-乘风直播间-储备,被计划暂停,审核通过,通投,直播间直接支付ROI,笔记（直播组件）,67904e2200000000290369e9,66f67e4c000000001d03127d,图文笔记,通投-新春全-合集款-托管-日弘-25.1.22-乘风直播间-储备,98954615,2025-01-22 10:17:07,0.00,0,0,0.0%,0.0,0.0,0,0.00,0.0,0,0,0.0,0,0,0.0,0,0.0,0,0.0,0,0.0,0,0.0,0,0.0,0,0.0,0,0.0,0,0.0,0,0.0,0.00,0.0,0,0,0
931875596,通投-年度燕-合集款-托管-日弘-25.1.22优化-乘风直播间,被计划暂停,审核通过,通投,直播间直接支付ROI,笔记（直播组件）,67652b99000000001301806b,66f67e4c000000001d03127d,图文笔记,通投-年度燕-合集款-托管-日弘-25.1.22优化-乘风直播间,98940014,2025-01-22 09:00:37,0.00,0,0,0.0%,0.0,0.0,0,0.00,0.0,0,0,0.0,0,0,0.0,0,0.0,0,0.0,0,0.0,0,0.0,0,0.0,0,0.0,0,0.0,0,0.0,0,0.0,0.00,0.0,0,0,0
932038715,通投-人生燕-青春款-托管-日弘-视觉营销视频-25.1.22优化-乘风直播间,被计划暂停,审核通过,通投,直播间直接支付ROI,笔记（直播组件）,67514f2900000000070302a7,66f67e4c000000001d03127d,视频笔记,通投-人生燕-青春款-托管-日弘-视觉营销视频-25.1.22优化-乘风直播间,98916649,2025-01-22 08:59:45,0.00,0,0,0.0%,0.0,0.0,0,0.00,0.0,0,0,0.0,0,0,0.0,0,0.0,0,0.0,0,0.0,0,0.0,0,0.0,0,0.0,0,0.0,0,0.0,0,0.0,0.00,0.0,0,0,0
932038105,通投-谁还交-青春款-托管-日弘-25.1.22优化-乘风直播间,被计划暂停,审核通过,通投,直播间直接支付ROI,笔记（直播组件）,6748473c000000000202af9e,583691373460942ae8fc16bb,视频笔记,通投-谁还交-青春款-托管-日弘-25.1.22优化-乘风直播间,98916618,2025-01-22 08:58:43,0.00,0,0,0.0%,0.0,0.0,0,0.00,0.0,0,0,0.0,0,0,0.0,0,0.0,0,0.0,0,0.0,0,0.0,0,0.0,0,0.0,0,0.0,0,0.0,0,0.0,0.00,0.0,0,0,0
930040912,通投-一人吃-星光款-托管-日弘-25.1.21-乘风直播间-储备,被计划暂停,不满足审核条件,通投,直播间直接支付ROI,笔记（直播组件）,678f4b81000000002503ffbe,66f67e4c000000001d03127d,图文笔记,通投-一人吃-星光款-托管-日弘-25.1.21-乘风直播间-储备,98870944,2025-01-21 15:32:42,0.00,0,0,0.0%,0.0,0.0,0,0.00,0.0,0,0,0.0,0,0,0.0,0,0.0,0,0.0,0,0.0,0,0.0,0,0.0,0,0.0,0,0.0,0,0.0,0,0.0,0.00,0.0,0,0,0
929947517,通投-诶瑞瑞Arion-青春款-高级定向-达人视频-25.1.21-乘风直播间,被计划暂停,审核通过,通投,直播间直接支付ROI,笔记（直播组件）,670e1c4b000000001b02f757,5cf74c8f000000001802233e,视频笔记,通投-诶瑞瑞Arion-青春款-高级定向-达人视频-25.1.21-乘风直播间,98864656,2025-01-21 15:08:09,0.00,0,0,0.0%,0.0,0.0,0,0.00,0.0,0,0,0.0,0,0,0.0,0,0.0,0,0.0,0,0.0,0,0.0,0,0.0,0,0.0,0,0.0,0,0.0,0,0.0,0.00,0.0,0,0,0
929702713,通投-孕期滋-星光款-托管-日弘-25.1.21-乘风直播间1.17优化,暂停,审核通过,通投,直播间直接支付ROI,笔记（直播组件）,6777ab65000000001300e759,66f67e4c000000001d03127d,图文笔记,通投-赛马合集-赛马-托管-日弘-25.1.21-乘风直播间,98815990,2025-01-21 14:28:02,0.00,0,0,0.0%,0.0,0.0,0,0.00,0.0,0,0,0.0,0,0,0.0,0,0.0,0,0.0,0,0.0,0,0.0,0,0.0,0,0.0,0,0.0,0,0.0,0,0.0,0.00,0.0,0,0,0
929702398,通投-开启大-星光款-托管-日弘-25.1.21-乘风直播间,暂停,不满足审核条件,通投,直播间直接支付ROI,笔记（直播组件）,678a23900000000017001eba,66f67e4c000000001d03127d,图文笔记,通投-赛马合集-赛马-托管-日弘-25.1.21-乘风直播间,98815990,2025-01-21 14:26:18,0.00,0,0,0.0%,0.0,0.0,0,0.00,0.0,0,0,0.0,0,0,0.0,0,0.0,0,0.0,0,0.0,0,0.0,0,0.0,0,0.0,0,0.0,0,0.0,0,0.0,0.00,0.0,0,0,0
929702397,通投-二胎后-星光款-托管-日弘-25.1.21-乘风直播间,被计划暂停,审核通过,通投,直播间直接支付ROI,笔记（直播组件）,6780f0ed000000001a0114d8,66f67e4c000000001d03127d,图文笔记,通投-赛马合集-赛马-托管-日弘-25.1.21-乘风直播间,98815990,2025-01-21 14:26:18,0.00,0,0,0.0%,0.0,0.0,0,0.00,0.0,0,0,0.0,0,0,0.0,0,0.0,0,0.0,0,0.0,0,0.0,0,0.0,0,0.0,0,0.0,0,0.0,0,0.0,0.00,0.0,0,0,0
929702396,通投-太好了-青春款-托管-日弘-25.1.21-乘风直播间,暂停,审核通过,通投,直播间直接支付ROI,笔记（直播组件）,678786f50000000018030963,66f67e4c000000001d03127d,图文笔记,通投-赛马合集-赛马-托管-日弘-25.1.21-乘风直播间,98815990,2025-01-21 14:26:18,0.00,0,0,0.0%,0.0,0.0,0,0.00,0.0,0,0,0.0,0,0,0.0,0,0.0,0,0.0,0,0.0,0,0.0,0,0.0,0,0.0,0,0.0,0,0.0,0,0.0,0.00,0.0,0,0,0
929702395,通投-还是讲-合集款-托管-日弘-25.1.21-乘风直播间,暂停,审核通过,通投,直播间直接支付ROI,笔记（直播组件）,678884fc0000000018014c17,66f67e4c000000001d03127d,图文笔记,通投-赛马合集-赛马-托管-日弘-25.1.21-乘风直播间,98815990,2025-01-21 14:26:18,0.00,0,0,0.0%,0.0,0.0,0,0.00,0.0,0,0,0.0,0,0,0.0,0,0.0,0,0.0,0,0.0,0,0.0,0,0.0,0,0.0,0,0.0,0,0.0,0,0.0,0.00,0.0,0,0,0
929702394,通投-到底怎-合集款-托管-日弘-25.1.21-乘风直播间,暂停,审核通过,通投,直播间直接支付ROI,笔记（直播组件）,6780d614000000000b00c849,66f67e4c000000001d03127d,图文笔记,通投-赛马合集-赛马-托管-日弘-25.1.21-乘风直播间,98815990,2025-01-21 14:26:18,0.00,0,0,0.0%,0.0,0.0,0,0.00,0.0,0,0,0.0,0,0,0.0,0,0.0,0,0.0,0,0.0,0,0.0,0,0.0,0,0.0,0,0.0,0,0.0,0,0.0,0.00,0.0,0,0,0
918064838,通投-开启大-星光款-托管-日弘-25.1.17-乘风直播间,被计划暂停,审核通过,通投,直播间直接支付ROI,笔记（直播组件）,678a23900000000017001eba,66f67e4c000000001d03127d,图文笔记,通投-开启大-星光款-托管-日弘-25.1.17-乘风直播间,98327839,2025-01-17 17:44:43,0.00,0,0,0.0%,0.0,0.0,0,0.00,0.0,0,0,0.0,0,0,0.0,0,0.0,0,0.0,0,0.0,0,0.0,0,0.0,0,0.0,0,0.0,0,0.0,0,0.0,0.00,0.0,0,0,0
917131144,搜索-花小钱-蛇年礼盒40g-关键词-达人-25.1.17-乘风直播间,暂停,审核通过,搜索,直播间直接支付ROI,笔记（直播组件）,676e720a0000000014021f8b,583691373460942ae8fc16bb,视频笔记,搜索-优质合集-蛇年礼盒40g-关键词-达人-25.1.15-乘风直播间,97915893,2025-01-17 14:49:46,0.00,0,0,0.0%,0.0,0.0,0,0.00,0.0,0,0,0.0,0,0,0.0,0,0.0,0,0.0,0,0.0,0,0.0,0,0.0,0,0.0,0,0.0,0,0.0,0,0.0,0.00,0.0,0,0,0
915931351,通投-送对礼-蛇年礼盒40g-托管-日弘-视觉营销视频-25.1.17优化-乘风直播间,暂停,审核通过,通投,直播间直接支付ROI,笔记（直播组件）,6753cf5c0000000007034468,66f67e4c000000001d03127d,视频笔记,通投-优化合集-赛马-托管-日弘-25.1.17-乘风直播间,98185398,2025-01-17 09:29:09,0.00,0,0,0.0%,0.0,0.0,0,0.00,0.0,0,0,0.0,0,0,0.0,0,0.0,0,0.0,0,0.0,0,0.0,0,0.0,0,0.0,0,0.0,0,0.0,0,0.0,0.00,0.0,0,0,0
915931350,通投-谁还交-青春款-托管-日弘-25.1.17优化-乘风直播间,暂停,审核通过,通投,直播间直接支付ROI,笔记（直播组件）,6748473c000000000202af9e,583691373460942ae8fc16bb,视频笔记,通投-优化合集-赛马-托管-日弘-25.1.17-乘风直播间,98185398,2025-01-17 09:29:09,0.00,0,0,0.0%,0.0,0.0,0,0.00,0.0,0,0,0.0,0,0,0.0,0,0.0,0,0.0,0,0.0,0,0.0,0,0.0,0,0.0,0,0.0,0,0.0,0,0.0,0.00,0.0,0,0,0
915931349,通投-不是燕-星光款-托管-日弘-25.1.17优化-乘风直播间,暂停,审核通过,通投,直播间直接支付ROI,笔记（直播组件）,6747c34600000000020383fa,583691373460942ae8fc16bb,图文笔记,通投-优化合集-赛马-托管-日弘-25.1.17-乘风直播间,98185398,2025-01-17 09:29:09,0.00,0,0,0.0%,0.0,0.0,0,0.00,0.0,0,0,0.0,0,0,0.0,0,0.0,0,0.0,0,0.0,0,0.0,0,0.0,0,0.0,0,0.0,0,0.0,0,0.0,0.00,0.0,0,0,0
915871176,通投-能劝一-星光款-托管-品牌-25.1.17-乘风直播间,暂停,审核拒绝,通投,直播间直接支付ROI,笔记（直播组件）,65e5b2b0000000000b00cf73,583691373460942ae8fc16bb,图文笔记,通投-近30天产出测试-星光款-托管-日弘-25.1.17-乘风直播间,98208677,2025-01-17 09:23:38,0.00,0,0,0.0%,0.0,0.0,0,0.00,0.0,0,0,0.0,0,0,0.0,0,0.0,0,0.0,0,0.0,0,0.0,0,0.0,0,0.0,0,0.0,0,0.0,0,0.0,0.00,0.0,0,0,0
915871175,通投-如何高-星光款-托管-品牌-25.1.17-乘风直播间,暂停,审核拒绝,通投,直播间直接支付ROI,笔记（直播组件）,674d29300000000008005634,583691373460942ae8fc16bb,图文笔记,通投-近30天产出测试-星光款-托管-日弘-25.1.17-乘风直播间,98208677,2025-01-17 09:23:38,0.00,0,0,0.0%,0.0,0.0,0,0.00,0.0,0,0,0.0,0,0,0.0,0,0.0,0,0.0,0,0.0,0,0.0,0,0.0,0,0.0,0,0.0,0,0.0,0,0.0,0.00,0.0,0,0,0
915871174,通投-孕妈必-星光款-托管-日弘视频-25.1.17-乘风直播间,暂停,审核通过,通投,直播间直接支付ROI,笔记（直播组件）,66d95d22000000002603ddd6,583691373460942ae8fc16bb,视频笔记,通投-近30天产出测试-星光款-托管-日弘-25.1.17-乘风直播间,98208677,2025-01-17 09:23:38,0.00,0,0,0.0%,0.0,0.0,0,0.00,0.0,0,0,0.0,0,0,0.0,0,0.0,0,0.0,0,0.0,0,0.0,0,0.0,0,0.0,0,0.0,0,0.0,0,0.0,0.00,0.0,0,0,0
915871173,通投-孕期滋-星光款-托管-日弘-25.1.17优化-乘风直播间,被计划暂停,审核通过,通投,直播间直接支付ROI,笔记（直播组件）,6777ab65000000001300e759,66f67e4c000000001d03127d,图文笔记,通投-近30天产出测试-星光款-托管-日弘-25.1.17-乘风直播间,98208677,2025-01-17 09:23:38,0.00,0,0,0.0%,0.0,0.0,0,0.00,0.0,0,0,0.0,0,0,0.0,0,0.0,0,0.0,0,0.0,0,0.0,0,0.0,0,0.0,0,0.0,0,0.0,0,0.0,0.00,0.0,0,0,0
912998661,通投-还是讲-合集款-托管-日弘-25.1.16-乘风直播间,被计划暂停,审核通过,通投,直播间直接支付ROI,笔记（直播组件）,678884fc0000000018014c17,66f67e4c000000001d03127d,图文笔记,通投-还是讲-合集款-托管-日弘-25.1.16-乘风直播间,98093122,2025-01-16 13:37:38,0.00,0,0,0.0%,0.0,0.0,0,0.00,0.0,0,0,0.0,0,0,0.0,0,0.0,0,0.0,0,0.0,0,0.0,0,0.0,0,0.0,0,0.0,0,0.0,0,0.0,0.00,0.0,0,0,0
912224714,通投-太好了-青春款-托管-日弘-25.1.16-乘风直播间,被计划暂停,审核通过,通投,直播间直接支付ROI,笔记（直播组件）,678786f50000000018030963,66f67e4c000000001d03127d,图文笔记,通投-太好了-青春款-托管-日弘-25.1.16-乘风直播间,98060126,2025-01-16 08:49:46,0.00,0,0,0.0%,0.0,0.0,0,0.00,0.0,0,0,0.0,0,0,0.0,0,0.0,0,0.0,0,0.0,0,0.0,0,0.0,0,0.0,0,0.0,0,0.0,0,0.0,0.00,0.0,0,0,0
909602692,搜索-CAT小姐姐-蛇年礼盒40g-关键词-达人-25.1.15-乘风直播间,被计划暂停,审核通过,搜索,直播间直接支付ROI,笔记（直播组件）,676d0b8f000000000800fab7,569e4ca66a6a6922bd6a1e80,图文笔记,搜索-优质合集-蛇年礼盒40g-关键词-达人-25.1.15-乘风直播间,97915893,2025-01-15 13:50:39,0.00,0,0,0.0%,0.0,0.0,0,0.00,0.0,0,0,0.0,0,0,0.0,0,0.0,0,0.0,0,0.0,0,0.0,0,0.0,0,0.0,0,0.0,0,0.0,0,0.0,0.00,0.0,0,0,0
909602691,搜索-mh.z-蛇年礼盒40g-关键词-达人-25.1.15-乘风直播间,暂停,不满足审核条件,搜索,直播间直接支付ROI,笔记（直播组件）,677cc14c00000000200210eb,59ba437751783a125b23320e,图文笔记,搜索-优质合集-蛇年礼盒40g-关键词-达人-25.1.15-乘风直播间,97915893,2025-01-15 13:50:39,0.00,0,0,0.0%,0.0,0.0,0,0.00,0.0,0,0,0.0,0,0,0.0,0,0.0,0,0.0,0,0.0,0,0.0,0,0.0,0,0.0,0,0.0,0,0.0,0,0.0,0.00,0.0,0,0,0
909602690,搜索-小鸡快跑-蛇年礼盒40g-关键词-达人-25.1.15-乘风直播间,被计划暂停,审核通过,搜索,直播间直接支付ROI,笔记（直播组件）,676cef94000000000900dade,591c24c36a6a6933b1b52734,图文笔记,搜索-优质合集-蛇年礼盒40g-关键词-达人-25.1.15-乘风直播间,97915893,2025-01-15 13:50:39,0.00,0,0,0.0%,0.0,0.0,0,0.00,0.0,0,0,0.0,0,0,0.0,0,0.0,0,0.0,0,0.0,0,0.0,0,0.0,0,0.0,0,0.0,0,0.0,0,0.0,0.00,0.0,0,0,0
909602689,搜索-优质合集-蛇年礼盒40g-关键词-达人-25.1.15-乘风直播间,暂停,审核通过,搜索,直播间直接支付ROI,直播间,,-,无笔记,搜索-优质合集-蛇年礼盒40g-关键词-达人-25.1.15-乘风直播间,97915893,2025-01-15 13:50:39,0.00,0,0,0.0%,0.0,0.0,0,0.00,0.0,0,0,0.0,0,0,0.0,0,0.0,0,0.0,0,0.0,0,0.0,0,0.0,0,0.0,0,0.0,0,0.0,0,0.0,0.00,0.0,0,0,0
909291022,通投-大白兔奶糖-青春款-高级定向-达人-25.1.15-乘风直播间,被计划暂停,审核通过,通投,直播间直接支付ROI,笔记（直播组件）,66f917a1000000002a036143,65e48b0c000000000b032948,图文笔记,通投-大白兔奶糖-青春款-高级定向-达人-25.1.15-乘风直播间,97918013,2025-01-15 11:30:45,0.00,0,0,0.0%,0.0,0.0,0,0.00,0.0,0,0,0.0,0,0,0.0,0,0.0,0,0.0,0,0.0,0,0.0,0,0.0,0,0.0,0,0.0,0,0.0,0,0.0,0.00,0.0,0,0,0
905717925,通投-年货节-合集款-托管-日弘-25.1.14优化-乘风直播间,被计划暂停,审核通过,通投,直播间直接支付ROI,笔记（直播组件）,6777bad6000000001300eb13,66f67e4c000000001d03127d,图文笔记,通投-年货节-合集款-托管-日弘-25.1.14优化-乘风直播间,97745065,2025-01-14 13:39:12,0.00,0,0,0.0%,0.0,0.0,0,0.00,0.0,0,0,0.0,0,0,0.0,0,0.0,0,0.0,0,0.0,0,0.0,0,0.0,0,0.0,0,0.0,0,0.0,0,0.0,0.00,0.0,0,0,0
905438479,通投-谁还交-青春款-托管-日弘-25.1.14优化-乘风直播间,被计划暂停,审核通过,通投,直播间直接支付ROI,笔记（直播组件）,6748473c000000000202af9e,583691373460942ae8fc16bb,视频笔记,通投-谁还交-青春款-托管-日弘-25.1.14优化-乘风直播间,97761279,2025-01-14 13:36:15,0.00,0,0,0.0%,0.0,0.0,0,0.00,0.0,0,0,0.0,0,0,0.0,0,0.0,0,0.0,0,0.0,0,0.0,0,0.0,0,0.0,0,0.0,0,0.0,0,0.0,0.00,0.0,0,0,0
904739395,通投-年底富-星光款-高级定向-日弘-25.1.14优化-乘风直播间,被计划暂停,不满足审核条件,通投,直播间直接支付ROI,笔记（直播组件）,676521180000000013008682,66f67e4c000000001d03127d,图文笔记,通投-年底富-星光款-高级定向-日弘-25.1.14优化-乘风直播间,97706369,2025-01-14 09:04:25,0.00,0,0,0.0%,0.0,0.0,0,0.00,0.0,0,0,0.0,0,0,0.0,0,0.0,0,0.0,0,0.0,0,0.0,0,0.0,0,0.0,0,0.0,0,0.0,0,0.0,0.00,0.0,0,0,0
902639331,通投-直播封面3-直播封面-托管-日弘-25.1.13-乘风直播间,被计划暂停,审核通过,通投,直播间直接支付ROI,直播间,,-,无笔记,通投-直播封面3-直播封面-托管-日弘-25.1.13-乘风直播间,97615004,2025-01-13 16:29:21,0.00,0,0,0.0%,0.0,0.0,0,0.00,0.0,0,0,0.0,0,0,0.0,0,0.0,0,0.0,0,0.0,0,0.0,0,0.0,0,0.0,0,0.0,0,0.0,0,0.0,0.00,0.0,0,0,0
902755143,通投-直播封面2-直播封面-托管-日弘-25.1.13-乘风直播间,被计划暂停,审核通过,通投,直播间直接支付ROI,直播间,,-,无笔记,通投-直播封面2-直播封面-托管-日弘-25.1.13-乘风直播间,97614980,2025-01-13 16:28:42,0.00,0,0,0.0%,0.0,0.0,0,0.00,0.0,0,0,0.0,0,0,0.0,0,0.0,0,0.0,0,0.0,0,0.0,0,0.0,0,0.0,0,0.0,0,0.0,0,0.0,0.00,0.0,0,0,0
902811226,通投-直播封面1-直播封面-托管-日弘-25.1.13-乘风直播间,被计划暂停,审核通过,通投,直播间直接支付ROI,直播间,,-,无笔记,通投-直播封面1-直播封面-托管-日弘-25.1.13-乘风直播间,97632059,2025-01-13 16:27:59,0.00,0,0,0.0%,0.0,0.0,0,0.00,0.0,0,0,0.0,0,0,0.0,0,0.0,0,0.0,0,0.0,0,0.0,0,0.0,0,0.0,0,0.0,0,0.0,0,0.0,0.00,0.0,0,0,0
902419896,通投-小晴的plog日记-青春款-高级定向-达人-25.1.13-乘风直播间1,被计划暂停,审核通过,通投,直播间直接支付ROI,笔记（直播组件）,66fab279000000001902cc95,60ea1b7f0000000001009258,图文笔记,通投-小晴的plog日记-青春款-高级定向-达人-25.1.13-乘风直播间1,97612998,2025-01-13 15:37:24,0.00,0,0,0.0%,0.0,0.0,0,0.00,0.0,0,0,0.0,0,0,0.0,0,0.0,0,0.0,0,0.0,0,0.0,0,0.0,0,0.0,0,0.0,0,0.0,0,0.0,0.00,0.0,0,0,0
902061649,通投-CAT小姐姐-蛇年礼盒40g-托管-达人-25.1.13-乘风直播间,暂停,审核通过,通投,直播间直接支付ROI,笔记（直播组件）,676d0b8f000000000800fab7,569e4ca66a6a6922bd6a1e80,图文笔记,通投-达人合集-蛇年礼盒40g-托管-达人-25.1.13-乘风直播间,97591487,2025-01-13 14:13:15,0.00,0,0,0.0%,0.0,0.0,0,0.00,0.0,0,0,0.0,0,0,0.0,0,0.0,0,0.0,0,0.0,0,0.0,0,0.0,0,0.0,0,0.0,0,0.0,0,0.0,0.00,0.0,0,0,0
902061648,通投-小鸡快跑-蛇年礼盒40g-托管-达人-25.1.13-乘风直播间,暂停,审核通过,通投,直播间直接支付ROI,笔记（直播组件）,676cef94000000000900dade,591c24c36a6a6933b1b52734,图文笔记,通投-达人合集-蛇年礼盒40g-托管-达人-25.1.13-乘风直播间,97591487,2025-01-13 14:13:15,0.00,0,0,0.0%,0.0,0.0,0,0.00,0.0,0,0,0.0,0,0,0.0,0,0.0,0,0.0,0,0.0,0,0.0,0,0.0,0,0.0,0,0.0,0,0.0,0,0.0,0.00,0.0,0,0,0
902061647,通投-胖胖是招柴-蛇年礼盒40g-托管-达人-25.1.13-乘风直播间,被计划暂停,审核通过,通投,直播间直接支付ROI,笔记（直播组件）,676d2554000000000b0170a7,5c6b9855000000001100dffa,图文笔记,通投-达人合集-蛇年礼盒40g-托管-达人-25.1.13-乘风直播间,97591487,2025-01-13 14:13:15,0.00,0,0,0.0%,0.0,0.0,0,0.00,0.0,0,0,0.0,0,0,0.0,0,0.0,0,0.0,0,0.0,0,0.0,0,0.0,0,0.0,0,0.0,0,0.0,0,0.0,0.00,0.0,0,0,0
902061646,通投-Tina刘莎娜-蛇年礼盒40g-托管-达人-25.1.13-乘风直播间,暂停,审核通过,通投,直播间直接支付ROI,笔记（直播组件）,677249b5000000000b0160ba,5ad7f959db2e600ee88f2b0a,图文笔记,通投-达人合集-蛇年礼盒40g-托管-达人-25.1.13-乘风直播间,97591487,2025-01-13 14:13:15,0.00,0,0,0.0%,0.0,0.0,0,0.00,0.0,0,0,0.0,0,0,0.0,0,0.0,0,0.0,0,0.0,0,0.0,0,0.0,0,0.0,0,0.0,0,0.0,0,0.0,0.00,0.0,0,0,0
902061645,通投-MLing-蛇年礼盒40g-托管-达人-25.1.13-乘风直播间,暂停,审核通过,通投,直播间直接支付ROI,笔记（直播组件）,677ced4e000000001703803f,5b17ce6311be100efe23d890,图文笔记,通投-达人合集-蛇年礼盒40g-托管-达人-25.1.13-乘风直播间,97591487,2025-01-13 14:13:15,0.00,0,0,0.0%,0.0,0.0,0,0.00,0.0,0,0,0.0,0,0,0.0,0,0.0,0,0.0,0,0.0,0,0.0,0,0.0,0,0.0,0,0.0,0,0.0,0,0.0,0.00,0.0,0,0,0
901749497,通投-孕期滋-星光款-高级定向-日弘-25.1.13优化-乘风直播间,被计划暂停,审核通过,通投,直播间直接支付ROI,笔记（直播组件）,6777ab65000000001300e759,66f67e4c000000001d03127d,图文笔记,通投-孕期滋-星光款-高级定向-日弘-25.1.13优化-乘风直播间,97566101,2025-01-13 11:51:56,0.00,0,0,0.0%,0.0,0.0,0,0.00,0.0,0,0,0.0,0,0,0.0,0,0.0,0,0.0,0,0.0,0,0.0,0,0.0,0,0.0,0,0.0,0,0.0,0,0.0,0.00,0.0,0,0,0
893262617,通投-面若桃-青春款-托管-日弘-25.1.10-乘风直播间,被计划暂停,审核通过,通投,直播间直接支付ROI,笔记（直播组件）,6780e840000000000b03052c,66f67e4c000000001d03127d,图文笔记,通投-面若桃-青春款-托管-日弘-25.1.10-乘风直播间,97275028,2025-01-10 18:18:26,0.00,0,0,0.0%,0.0,0.0,0,0.00,0.0,0,0,0.0,0,0,0.0,0,0.0,0,0.0,0,0.0,0,0.0,0,0.0,0,0.0,0,0.0,0,0.0,0,0.0,0.00,0.0,0,0,0
893214348,通投-二胎后-星光款-托管-日弘-25.1.10-乘风直播间,被计划暂停,审核通过,通投,直播间直接支付ROI,笔记（直播组件）,6780f0ed000000001a0114d8,66f67e4c000000001d03127d,图文笔记,通投-二胎后-星光款-托管-日弘-25.1.10-乘风直播间,97261140,2025-01-10 18:17:12,0.00,0,0,0.0%,0.0,0.0,0,0.00,0.0,0,0,0.0,0,0,0.0,0,0.0,0,0.0,0,0.0,0,0.0,0,0.0,0,0.0,0,0.0,0,0.0,0,0.0,0.00,0.0,0,0,0
892807643,通投-到底怎-合集款-托管-日弘-25.1.10-乘风直播间,被计划暂停,审核通过,通投,直播间直接支付ROI,笔记（直播组件）,6780d614000000000b00c849,66f67e4c000000001d03127d,图文笔记,通投-到底怎-合集款-托管-日弘-25.1.10-乘风直播间,97253109,2025-01-10 17:06:49,0.00,0,0,0.0%,0.0,0.0,0,0.00,0.0,0,0,0.0,0,0,0.0,0,0.0,0,0.0,0,0.0,0,0.0,0,0.0,0,0.0,0,0.0,0,0.0,0,0.0,0.00,0.0,0,0,0
892624858,通投-于是喜欢祢-蛇年礼盒40g-托管-达人-25.1.10-乘风直播间,被计划暂停,审核通过,通投,直播间直接支付ROI,笔记（直播组件）,67697953000000000b021913,5a7db48be8ac2b33195cd2c3,图文笔记,通投-于是喜欢祢-蛇年礼盒40g-托管-达人-25.1.10-乘风直播间,97237269,2025-01-10 16:00:58,0.00,0,0,0.0%,0.0,0.0,0,0.00,0.0,0,0,0.0,0,0,0.0,0,0.0,0,0.0,0,0.0,0,0.0,0,0.0,0,0.0,0,0.0,0,0.0,0,0.0,0.00,0.0,0,0,0
892380296,通投-封面合集-直播封面-托管-日弘-25.1.10-乘风直播间,被计划暂停,审核通过,通投,直播间直接支付ROI,直播间,,-,无笔记,通投-封面合集-直播封面-托管-日弘-25.1.10-乘风直播间,97207349,2025-01-10 14:35:42,0.00,0,0,0.0%,0.0,0.0,0,0.00,0.0,0,0,0.0,0,0,0.0,0,0.0,0,0.0,0,0.0,0,0.0,0,0.0,0,0.0,0,0.0,0,0.0,0,0.0,0.00,0.0,0,0,0
888822341,通投-mh.z-蛇年礼盒40g-托管-达人-25.1.9-乘风直播间,被计划暂停,审核通过,通投,直播间直接支付ROI,笔记（直播组件）,677cc14c00000000200210eb,59ba437751783a125b23320e,图文笔记,通投-mh.z-蛇年礼盒40g-托管-达人-25.1.9-乘风直播间,97074218,2025-01-09 15:44:21,0.00,0,0,0.0%,0.0,0.0,0,0.00,0.0,0,0,0.0,0,0,0.0,0,0.0,0,0.0,0,0.0,0,0.0,0,0.0,0,0.0,0,0.0,0,0.0,0,0.0,0.00,0.0,0,0,0
888796364,通投-孙大聪明-蛇年礼盒40g-托管-达人视频-25.1.9-乘风直播间,被计划暂停,审核通过,通投,直播间直接支付ROI,笔记（直播组件）,677b71e900000000010019e9,59ac16dd6a6a694ec22fa5a6,视频笔记,通投-孙大聪明-蛇年礼盒40g-托管-达人视频-25.1.9-乘风直播间,97091029,2025-01-09 15:43:11,0.00,0,0,0.0%,0.0,0.0,0,0.00,0.0,0,0,0.0,0,0,0.0,0,0.0,0,0.0,0,0.0,0,0.0,0,0.0,0,0.0,0,0.0,0,0.0,0,0.0,0.00,0.0,0,0,0
884016699,通投-燕窝也-合集款-托管-日弘-25.1.8优化-乘风直播间,暂停,审核通过,通投,直播间直接支付ROI,笔记（直播组件）,672d88bf000000001d0385de,583691373460942ae8fc16bb,图文笔记,通投-燕窝也-合集款-托管-日弘-25.1.8优化-乘风直播间,96896135,2025-01-08 11:43:35,0.00,0,0,0.0%,0.0,0.0,0,0.00,0.0,0,0,0.0,0,0,0.0,0,0.0,0,0.0,0,0.0,0,0.0,0,0.0,0,0.0,0,0.0,0,0.0,0,0.0,0.00,0.0,0,0,0
880779327,通投-送对礼-蛇年礼盒40g-托管-日弘-视觉营销视频-25.1.7优化-乘风直播间,被计划暂停,审核通过,通投,直播间直接支付ROI,笔记（直播组件）,6753cf5c0000000007034468,66f67e4c000000001d03127d,视频笔记,通投-送对礼-蛇年礼盒40g-托管-日弘-视觉营销视频-25.1.7优化-乘风直播间,96755059,2025-01-07 14:56:36,0.00,0,0,0.0%,0.0,0.0,0,0.00,0.0,0,0,0.0,0,0,0.0,0,0.0,0,0.0,0,0.0,0,0.0,0,0.0,0,0.0,0,0.0,0,0.0,0,0.0,0.00,0.0,0,0,0
880670870,通投-孕期滋-星光款-托管-日弘-25.1.7优化-乘风直播间,被计划暂停,审核通过,通投,直播间直接支付ROI,笔记（直播组件）,6777ab65000000001300e759,66f67e4c000000001d03127d,图文笔记,通投-孕期滋-星光款-托管-日弘-25.1.7优化-乘风直播间,96740741,2025-01-07 13:35:14,0.00,0,0,0.0%,0.0,0.0,0,0.00,0.0,0,0,0.0,0,0,0.0,0,0.0,0,0.0,0,0.0,0,0.0,0,0.0,0,0.0,0,0.0,0,0.0,0,0.0,0.00,0.0,0,0,0
880490237,通投-蛋包猪-合集款-托管-达人-25.1.7-乘风直播间,被计划暂停,审核通过,通投,直播间直接支付ROI,笔记（直播组件）,664ff05600000000150128a8,5f51ebee00000000010017d6,图文笔记,通投-达人合集-合集款-托管-达人-25.1.7-乘风直播间,96709009,2025-01-07 11:53:30,0.00,0,0,0.0%,0.0,0.0,0,0.00,0.0,0,0,0.0,0,0,0.0,0,0.0,0,0.0,0,0.0,0,0.0,0,0.0,0,0.0,0,0.0,0,0.0,0,0.0,0.00,0.0,0,0,0
880490236,通投-李不得-合集款-托管-达人-25.1.7-乘风直播间,暂停,审核拒绝,通投,直播间直接支付ROI,笔记（直播组件）,663c9928000000001e026d8c,5baa2cace19735000140103c,图文笔记,通投-达人合集-合集款-托管-达人-25.1.7-乘风直播间,96709009,2025-01-07 11:53:30,0.00,0,0,0.0%,0.0,0.0,0,0.00,0.0,0,0,0.0,0,0,0.0,0,0.0,0,0.0,0,0.0,0,0.0,0,0.0,0,0.0,0,0.0,0,0.0,0,0.0,0.00,0.0,0,0,0
880490235,通投-杨阿姨-合集款-托管-达人-25.1.7-乘风直播间,被计划暂停,审核通过,通投,直播间直接支付ROI,笔记（直播组件）,665ffbfe000000000d00d35e,5bb2e92504409c0001148da0,图文笔记,通投-达人合集-合集款-托管-达人-25.1.7-乘风直播间,96709009,2025-01-07 11:53:30,0.00,0,0,0.0%,0.0,0.0,0,0.00,0.0,0,0,0.0,0,0,0.0,0,0.0,0,0.0,0,0.0,0,0.0,0,0.0,0,0.0,0,0.0,0,0.0,0,0.0,0.00,0.0,0,0,0
880434216,通投-美芽成分说-青春款-托管-达人-25.1.7-乘风直播间,暂停,审核拒绝,通投,直播间直接支付ROI,笔记（直播组件）,670b9615000000001402f4eb,56fe74561c07df6b3f13ac38,图文笔记,通投-达人合集-青春款-托管-达人-25.1.7-乘风直播间,96734028,2025-01-07 11:49:30,0.00,0,0,0.0%,0.0,0.0,0,0.00,0.0,0,0,0.0,0,0,0.0,0,0.0,0,0.0,0,0.0,0,0.0,0,0.0,0,0.0,0,0.0,0,0.0,0,0.0,0.00,0.0,0,0,0
880434215,通投-大白兔奶糖-青春款-托管-达人-25.1.7-乘风直播间,暂停,审核通过,通投,直播间直接支付ROI,笔记（直播组件）,66f917a1000000002a036143,65e48b0c000000000b032948,图文笔记,通投-达人合集-青春款-托管-达人-25.1.7-乘风直播间,96734028,2025-01-07 11:49:30,0.00,0,0,0.0%,0.0,0.0,0,0.00,0.0,0,0,0.0,0,0,0.0,0,0.0,0,0.0,0,0.0,0,0.0,0,0.0,0,0.0,0,0.0,0,0.0,0,0.0,0.00,0.0,0,0,0
880434214,通投-小晴的plog日记-青春款-托管-达人-25.1.7-乘风直播间,暂停,审核通过,通投,直播间直接支付ROI,笔记（直播组件）,66fab279000000001902cc95,60ea1b7f0000000001009258,图文笔记,通投-达人合集-青春款-托管-达人-25.1.7-乘风直播间,96734028,2025-01-07 11:49:30,0.00,0,0,0.0%,0.0,0.0,0,0.00,0.0,0,0,0.0,0,0,0.0,0,0.0,0,0.0,0,0.0,0,0.0,0,0.0,0,0.0,0,0.0,0,0.0,0,0.0,0.00,0.0,0,0,0
880434213,通投-诶瑞瑞Arion-青春款-托管-达人视频-25.1.7-乘风直播间,暂停,审核通过,通投,直播间直接支付ROI,笔记（直播组件）,670e1c4b000000001b02f757,5cf74c8f000000001802233e,视频笔记,通投-达人合集-青春款-托管-达人-25.1.7-乘风直播间,96734028,2025-01-07 11:49:30,0.00,0,0,0.0%,0.0,0.0,0,0.00,0.0,0,0,0.0,0,0,0.0,0,0.0,0,0.0,0,0.0,0,0.0,0,0.0,0,0.0,0,0.0,0,0.0,0,0.0,0.00,0.0,0,0,0
880434212,通投-Dora-青春款-托管-达人-25.1.7-乘风直播间,暂停,审核通过,通投,直播间直接支付ROI,笔记（直播组件）,670e5951000000001600edec,5ac8355fe8ac2b22abf5b765,图文笔记,通投-达人合集-青春款-托管-达人-25.1.7-乘风直播间,96734028,2025-01-07 11:49:30,0.00,0,0,0.0%,0.0,0.0,0,0.00,0.0,0,0,0.0,0,0,0.0,0,0.0,0,0.0,0,0.0,0,0.0,0,0.0,0,0.0,0,0.0,0,0.0,0,0.0,0.00,0.0,0,0,0
880152222,通投-不是燕-星光款-托管-日弘-25.1.7-乘风直播间,被计划暂停,审核通过,通投,直播间直接支付ROI,笔记（直播组件）,6747c34600000000020383fa,583691373460942ae8fc16bb,图文笔记,通投-不是燕-星光款-托管-日弘-25.1.7-乘风直播间,96706946,2025-01-07 10:55:38,0.00,0,0,0.0%,0.0,0.0,0,0.00,0.0,0,0,0.0,0,0,0.0,0,0.0,0,0.0,0,0.0,0,0.0,0,0.0,0,0.0,0,0.0,0,0.0,0,0.0,0.00,0.0,0,0,0
876154750,通投-年底富-星光款-自定义放量-日弘-25.1.6-乘风直播间,被计划暂停,审核通过,通投,直播间直接支付ROI,笔记（直播组件）,676521180000000013008682,66f67e4c000000001d03127d,图文笔记,通投-年底富-星光款-自定义放量-日弘-25.1.6-乘风直播间,96567960,2025-01-06 11:30:49,0.00,0,0,0.0%,0.0,0.0,0,0.00,0.0,0,0,0.0,0,0,0.0,0,0.0,0,0.0,0,0.0,0,0.0,0,0.0,0,0.0,0,0.0,0,0.0,0,0.0,0.00,0.0,0,0,0
876095202,通投-最爱的-青春款-高级定向-达人-25.1.6-乘风直播间,被计划暂停,审核通过,通投,直播间直接支付ROI,笔记（直播组件）,66fa64a4000000001b023030,620929f6000000001000eddb,图文笔记,通投-最爱的-青春款-高级定向-达人-25.1.6-乘风直播间,96567917,2025-01-06 11:29:40,0.00,0,0,0.0%,0.0,0.0,0,0.00,0.0,0,0,0.0,0,0,0.0,0,0.0,0,0.0,0,0.0,0,0.0,0,0.0,0,0.0,0,0.0,0,0.0,0,0.0,0.00,0.0,0,0,0
876149732,通投-樱桃婉子-青春款-高级定向-达人-25.1.6-乘风直播间,被计划暂停,审核拒绝,通投,直播间直接支付ROI,笔记（直播组件）,6704c9e4000000002c02d9be,5eef61f800000000010030a1,图文笔记,通投-樱桃婉子-青春款-高级定向-达人-25.1.6-乘风直播间,96573670,2025-01-06 11:26:38,0.00,0,0,0.0%,0.0,0.0,0,0.00,0.0,0,0,0.0,0,0,0.0,0,0.0,0,0.0,0,0.0,0,0.0,0,0.0,0,0.0,0,0.0,0,0.0,0,0.0,0.00,0.0,0,0,0
875752050,通投-吃空几-星光款-高级定向-日弘-25.1.6优化3-乘风直播间,被计划暂停,审核通过,通投,直播间直接支付ROI,笔记（直播组件）,672c810d000000003c01eb5d,583691373460942ae8fc16bb,图文笔记,通投-吃空几-星光款-高级定向-日弘-25.1.6优化3-乘风直播间,96526393,2025-01-06 09:00:51,0.00,0,0,0.0%,0.0,0.0,0,0.00,0.0,0,0,0.0,0,0,0.0,0,0.0,0,0.0,0,0.0,0,0.0,0,0.0,0,0.0,0,0.0,0,0.0,0,0.0,0.00,0.0,0,0,0
875693745,通投-子怡保-钻石碗50g-高级定向-日弘-视觉营销视频-25.1.6优化3-乘风直播间,被计划暂停,审核通过,通投,直播间直接支付ROI,笔记（直播组件）,67501bc5000000000703a1ba,66f67e4c000000001d03127d,视频笔记,通投-子怡保-钻石碗50g-高级定向-日弘-视觉营销视频-25.1.6优化3-乘风直播间,96521984,2025-01-06 08:57:57,0.00,0,0,0.0%,0.0,0.0,0,0.00,0.0,0,0,0.0,0,0,0.0,0,0.0,0,0.0,0,0.0,0,0.0,0,0.0,0,0.0,0,0.0,0,0.0,0,0.0,0.00,0.0,0,0,0
875749283,通投-年货节-合集款-托管-日弘-25.1.6-乘风直播间,被计划暂停,审核通过,通投,直播间直接支付ROI,笔记（直播组件）,6777bad6000000001300eb13,66f67e4c000000001d03127d,图文笔记,通投-年货节-合集款-托管-日弘-25.1.6-乘风直播间,96526328,2025-01-06 08:55:31,0.00,0,0,0.0%,0.0,0.0,0,0.00,0.0,0,0,0.0,0,0,0.0,0,0.0,0,0.0,0,0.0,0,0.0,0,0.0,0,0.0,0,0.0,0,0.0,0,0.0,0.00,0.0,0,0,0
867364056,通投-今年的-青春款-托管-日弘-25.1.3-乘风直播间,被计划暂停,审核通过,通投,直播间直接支付ROI,笔记（直播组件）,6777aef9000000001301bcf9,66f67e4c000000001d03127d,图文笔记,通投-今年的-青春款-托管-日弘-25.1.3-乘风直播间,96269625,2025-01-03 17:38:22,0.00,0,0,0.0%,0.0,0.0,0,0.00,0.0,0,0,0.0,0,0,0.0,0,0.0,0,0.0,0,0.0,0,0.0,0,0.0,0,0.0,0,0.0,0,0.0,0,0.0,0.00,0.0,0,0,0
867536994,通投-孕期滋-星光款-托管-日弘-25.1.3-乘风直播间,被计划暂停,审核通过,通投,直播间直接支付ROI,笔记（直播组件）,6777ab65000000001300e759,66f67e4c000000001d03127d,图文笔记,通投-孕期滋-星光款-托管-日弘-25.1.3-乘风直播间,96273874,2025-01-03 17:37:34,0.00,0,0,0.0%,0.0,0.0,0,0.00,0.0,0,0,0.0,0,0,0.0,0,0.0,0,0.0,0,0.0,0,0.0,0,0.0,0,0.0,0,0.0,0,0.0,0,0.0,0.00,0.0,0,0,0
867059782,通投-美貌具-青春款-托管-日弘-25.1.3-乘风直播间,被计划暂停,审核拒绝,通投,直播间直接支付ROI,笔记（直播组件）,6777941e0000000009014de9,66f67e4c000000001d03127d,图文笔记,通投-美貌具-青春款-托管-日弘-25.1.3-乘风直播间,96258221,2025-01-03 16:11:39,0.00,0,0,0.0%,0.0,0.0,0,0.00,0.0,0,0,0.0,0,0,0.0,0,0.0,0,0.0,0,0.0,0,0.0,0,0.0,0,0.0,0,0.0,0,0.0,0,0.0,0.00,0.0,0,0,0
862263037,通投-燕窝新-合集款-高级定向-日弘-25.1.2-乘风直播间,被计划暂停,审核通过,通投,直播间直接支付ROI,笔记（直播组件）,6735ba5f000000003c015663,583691373460942ae8fc16bb,图文笔记,通投-燕窝新-合集款-高级定向-日弘-25.1.2-乘风直播间,96069617,2025-01-02 11:55:50,0.00,0,0,0.0%,0.0,0.0,0,0.00,0.0,0,0,0.0,0,0,0.0,0,0.0,0,0.0,0,0.0,0,0.0,0,0.0,0,0.0,0,0.0,0,0.0,0,0.0,0.00,0.0,0,0,0
861709076,通投-网球菜菜子-青春款-高级定向-达人-25.1.2-乘风直播间,被计划暂停,审核通过,通投,直播间直接支付ROI,笔记（直播组件）,66f90cbe000000002c016273,55d8134067bc650aca82733e,图文笔记,通投-网球菜菜子-青春款-高级定向-达人-25.1.2-乘风直播间,96045061,2025-01-02 08:58:03,0.00,0,0,0.0%,0.0,0.0,0,0.00,0.0,0,0,0.0,0,0,0.0,0,0.0,0,0.0,0,0.0,0,0.0,0,0.0,0,0.0,0,0.0,0,0.0,0,0.0,0.00,0.0,0,0,0
856415312,通投-好时节-青春款-托管-达人-24.12.31-乘风直播间,暂停,审核通过,通投,直播间直接支付ROI,笔记（直播组件）,66f3b1e3000000001902d6f0,60c01be90000000020029b11,图文笔记,通投-达人合集-青春款-托管-达人-24.12.31-乘风直播间,95843737,2024-12-31 15:20:44,0.00,0,0,0.0%,0.0,0.0,0,0.00,0.0,0,0,0.0,0,0,0.0,0,0.0,0,0.0,0,0.0,0,0.0,0,0.0,0,0.0,0,0.0,0,0.0,0,0.0,0.00,0.0,0,0,0
856415311,通投-最爱的-青春款-托管-达人-24.12.31-乘风直播间,暂停,审核通过,通投,直播间直接支付ROI,笔记（直播组件）,66fa64a4000000001b023030,620929f6000000001000eddb,图文笔记,通投-达人合集-青春款-托管-达人-24.12.31-乘风直播间,95843737,2024-12-31 15:20:44,0.00,0,0,0.0%,0.0,0.0,0,0.00,0.0,0,0,0.0,0,0,0.0,0,0.0,0,0.0,0,0.0,0,0.0,0,0.0,0,0.0,0,0.0,0,0.0,0,0.0,0.00,0.0,0,0,0
856600929,通投-春节美-蛇年礼盒45g-托管-达人-24.12.31-乘风直播间,被计划暂停,不满足审核条件,通投,直播间直接支付ROI,笔记（直播组件）,676a8a690000000014023be1,57fbaf5f6a6a690db2feb1e5,图文笔记,通投-达人合集-蛇年礼盒45g-托管-达人-24.12.31-乘风直播间,95841883,2024-12-31 14:33:33,0.00,0,0,0.0%,0.0,0.0,0,0.00,0.0,0,0,0.0,0,0,0.0,0,0.0,0,0.0,0,0.0,0,0.0,0,0.0,0,0.0,0,0.0,0,0.0,0,0.0,0.00,0.0,0,0,0
856600928,通投-第一次见家长-蛇年礼盒45g-托管-达人-24.12.31-乘风直播间,被计划暂停,不满足审核条件,通投,直播间直接支付ROI,笔记（直播组件）,676a56dc0000000013003e9c,57c4151abd0da5171f0b7712,视频笔记,通投-达人合集-蛇年礼盒45g-托管-达人-24.12.31-乘风直播间,95841883,2024-12-31 14:33:33,0.00,0,0,0.0%,0.0,0.0,0,0.00,0.0,0,0,0.0,0,0,0.0,0,0.0,0,0.0,0,0.0,0,0.0,0,0.0,0,0.0,0,0.0,0,0.0,0,0.0,0.00,0.0,0,0,0
856600927,通投-今年拜-蛇年礼盒45g-托管-达人-24.12.31-乘风直播间,被计划暂停,不满足审核条件,通投,直播间直接支付ROI,笔记（直播组件）,676a51a800000000130019b4,5dc6b86d00000000010003c1,图文笔记,通投-达人合集-蛇年礼盒45g-托管-达人-24.12.31-乘风直播间,95841883,2024-12-31 14:33:33,0.00,0,0,0.0%,0.0,0.0,0,0.00,0.0,0,0,0.0,0,0,0.0,0,0.0,0,0.0,0,0.0,0,0.0,0,0.0,0,0.0,0,0.0,0,0.0,0,0.0,0.00,0.0,0,0,0
856600926,通投-整个家-蛇年礼盒45g-托管-达人视频-24.12.31-乘风直播间,被计划暂停,不满足审核条件,通投,直播间直接支付ROI,笔记（直播组件）,676939140000000014021d88,566bcca2b8ce1a31ed7b27a6,视频笔记,通投-达人合集-蛇年礼盒45g-托管-达人-24.12.31-乘风直播间,95841883,2024-12-31 14:33:33,0.00,0,0,0.0%,0.0,0.0,0,0.00,0.0,0,0,0.0,0,0,0.0,0,0.0,0,0.0,0,0.0,0,0.0,0,0.0,0,0.0,0,0.0,0,0.0,0,0.0,0.00,0.0,0,0,0
856600925,通投-心意满-蛇年礼盒45g-托管-达人-24.12.31-乘风直播间,被计划暂停,不满足审核条件,通投,直播间直接支付ROI,笔记（直播组件）,67690d37000000000800fe9a,56c2d3d1e4251d58009f115e,图文笔记,通投-达人合集-蛇年礼盒45g-托管-达人-24.12.31-乘风直播间,95841883,2024-12-31 14:33:33,0.00,0,0,0.0%,0.0,0.0,0,0.00,0.0,0,0,0.0,0,0,0.0,0,0.0,0,0.0,0,0.0,0,0.0,0,0.0,0,0.0,0,0.0,0,0.0,0,0.0,0.00,0.0,0,0,0
856600924,通投-职场10-蛇年礼盒45g-托管-达人-24.12.31-乘风直播间,被计划暂停,不满足审核条件,通投,直播间直接支付ROI,笔记（直播组件）,676a56ee0000000013009aee,579b67d05e87e72874b14d9c,图文笔记,通投-达人合集-蛇年礼盒45g-托管-达人-24.12.31-乘风直播间,95841883,2024-12-31 14:33:33,0.00,0,0,0.0%,0.0,0.0,0,0.00,0.0,0,0,0.0,0,0,0.0,0,0.0,0,0.0,0,0.0,0,0.0,0,0.0,0,0.0,0,0.0,0,0.0,0,0.0,0.00,0.0,0,0,0
843648436,通投-女生燕-青春款-托管-日弘-24.12.27-乘风直播间,暂停,审核通过,通投,直播间直接支付ROI,笔记（直播组件）,676e73ec000000001402777a,66f67e4c000000001d03127d,图文笔记,通投-女生燕-青春款-托管-日弘-24.12.27-乘风直播间,95341573,2024-12-27 17:36:16,0.00,0,0,0.0%,0.0,0.0,0,0.00,0.0,0,0,0.0,0,0,0.0,0,0.0,0,0.0,0,0.0,0,0.0,0,0.0,0,0.0,0,0.0,0,0.0,0,0.0,0.00,0.0,0,0,0
842891711,搜索-千元礼-蛇年礼盒45g-关键词-日弘-视觉营销视频-24.12.27-乘风直播间,暂停,审核通过,搜索,直播间直接支付ROI,笔记（直播组件）,675bdcd1000000000700b5a5,66f67e4c000000001d03127d,视频笔记,搜索-笔记合集-直播封面-关键词-达人-24.12.27-乘风直播间,95330987,2024-12-27 15:33:27,0.00,0,0,0.0%,0.0,0.0,0,0.00,0.0,0,0,0.0,0,0,0.0,0,0.0,0,0.0,0,0.0,0,0.0,0,0.0,0,0.0,0,0.0,0,0.0,0,0.0,0.00,0.0,0,0,0
842891710,搜索-被夸爆-蛇年礼盒45g-关键词-日弘-24.12.27-乘风直播间,暂停,审核通过,搜索,直播间直接支付ROI,笔记（直播组件）,675801b9000000000603a3c3,66f67e4c000000001d03127d,视频笔记,搜索-笔记合集-直播封面-关键词-达人-24.12.27-乘风直播间,95330987,2024-12-27 15:33:27,0.00,0,0,0.0%,0.0,0.0,0,0.00,0.0,0,0,0.0,0,0,0.0,0,0.0,0,0.0,0,0.0,0,0.0,0,0.0,0,0.0,0,0.0,0,0.0,0,0.0,0.00,0.0,0,0,0
842891709,搜索-ss的备婚日记-蛇年礼盒40g-关键词-达人-24.12.27-乘风直播间,暂停,审核通过,搜索,直播间直接支付ROI,笔记（直播组件）,6763d4db0000000014026db0,58501c096a6a693192600f34,图文笔记,搜索-笔记合集-直播封面-关键词-达人-24.12.27-乘风直播间,95330987,2024-12-27 15:33:27,0.00,0,0,0.0%,0.0,0.0,0,0.00,0.0,0,0,0.0,0,0,0.0,0,0.0,0,0.0,0,0.0,0,0.0,0,0.0,0,0.0,0,0.0,0,0.0,0,0.0,0.00,0.0,0,0,0
842891708,搜索-小离谱的靠谱生活-蛇年礼盒45g-关键词-达人-24.12.27-乘风直播间,暂停,不满足审核条件,搜索,直播间直接支付ROI,笔记（直播组件）,6763e8500000000014023d0c,639d6fe2000000002702bcec,图文笔记,搜索-笔记合集-直播封面-关键词-达人-24.12.27-乘风直播间,95330987,2024-12-27 15:33:27,0.00,0,0,0.0%,0.0,0.0,0,0.00,0.0,0,0,0.0,0,0,0.0,0,0.0,0,0.0,0,0.0,0,0.0,0,0.0,0,0.0,0,0.0,0,0.0,0,0.0,0.00,0.0,0,0,0
842891707,搜索-直播封面-直播封面-关键词-直播间-24.12.27-乘风直播间,被计划暂停,审核通过,搜索,直播间直接支付ROI,直播间,,-,无笔记,搜索-笔记合集-直播封面-关键词-达人-24.12.27-乘风直播间,95330987,2024-12-27 15:33:27,0.00,0,0,0.0%,0.0,0.0,0,0.00,0.0,0,0,0.0,0,0,0.0,0,0.0,0,0.0,0,0.0,0,0.0,0,0.0,0,0.0,0,0.0,0,0.0,0,0.0,0.00,0.0,0,0,0
842932146,通投-燕窝也-合集款-高级定向-日弘-24.12.27优化3-乘风直播间,被计划暂停,审核通过,通投,直播间直接支付ROI,笔记（直播组件）,672d88bf000000001d0385de,583691373460942ae8fc16bb,图文笔记,通投-燕窝也-合集款-高级定向-日弘-24.12.27优化3-乘风直播间,95305541,2024-12-27 15:07:30,0.00,0,0,0.0%,0.0,0.0,0,0.00,0.0,0,0,0.0,0,0,0.0,0,0.0,0,0.0,0,0.0,0,0.0,0,0.0,0,0.0,0,0.0,0,0.0,0,0.0,0.00,0.0,0,0,0
841283575,通投-燕窝新-合集款-高级定向-日弘-24.11.27-乘风直播间,被计划暂停,审核通过,通投,直播间直接支付ROI,笔记（直播组件）,6735ba5f000000003c015663,583691373460942ae8fc16bb,图文笔记,通投-燕窝新-合集款-高级定向-日弘-24.11.27-乘风直播间,95251621,2024-12-27 09:30:06,0.00,0,0,0.0%,0.0,0.0,0,0.00,0.0,0,0,0.0,0,0,0.0,0,0.0,0,0.0,0,0.0,0,0.0,0,0.0,0,0.0,0,0.0,0,0.0,0,0.0,0.00,0.0,0,0,0
841282529,通投-气养人-青春款-自定义放量-日弘-24.12.27-乘风直播间,暂停,审核通过,通投,直播间直接支付ROI,笔记（直播组件）,676d20520000000009017fc6,66f67e4c000000001d03127d,图文笔记,通投-放量计划-青春款-自定义放量-达人-24.12.27-乘风直播间,95251575,2024-12-27 09:28:11,0.00,0,0,0.0%,0.0,0.0,0,0.00,0.0,0,0,0.0,0,0,0.0,0,0.0,0,0.0,0,0.0,0,0.0,0,0.0,0,0.0,0,0.0,0,0.0,0,0.0,0.00,0.0,0,0,0
841282528,通投-点点吃鸡翅-青春款-自定义放量-达人视频-24.12.27-乘风直播间,暂停,审核通过,通投,直播间直接支付ROI,笔记（直播组件）,670faa41000000002100ba6b,5bbf85630dc8990001869e8f,视频笔记,通投-放量计划-青春款-自定义放量-达人-24.12.27-乘风直播间,95251575,2024-12-27 09:28:11,0.00,0,0,0.0%,0.0,0.0,0,0.00,0.0,0,0,0.0,0,0,0.0,0,0.0,0,0.0,0,0.0,0,0.0,0,0.0,0,0.0,0,0.0,0,0.0,0,0.0,0.00,0.0,0,0,0
841282527,通投-樱桃婉子-青春款-自定义放量-达人-24.12.27-乘风直播间,被计划暂停,审核拒绝,通投,直播间直接支付ROI,笔记（直播组件）,6704c9e4000000002c02d9be,5eef61f800000000010030a1,图文笔记,通投-放量计划-青春款-自定义放量-达人-24.12.27-乘风直播间,95251575,2024-12-27 09:28:11,0.00,0,0,0.0%,0.0,0.0,0,0.00,0.0,0,0,0.0,0,0,0.0,0,0.0,0,0.0,0,0.0,0,0.0,0,0.0,0,0.0,0,0.0,0,0.0,0,0.0,0.00,0.0,0,0,0
841282526,通投-网球菜菜子-青春款-自定义放量-达人-24.12.27-乘风直播间,暂停,审核通过,通投,直播间直接支付ROI,笔记（直播组件）,66f90cbe000000002c016273,55d8134067bc650aca82733e,图文笔记,通投-放量计划-青春款-自定义放量-达人-24.12.27-乘风直播间,95251575,2024-12-27 09:28:11,0.00,0,0,0.0%,0.0,0.0,0,0.00,0.0,0,0,0.0,0,0,0.0,0,0.0,0,0.0,0,0.0,0,0.0,0,0.0,0,0.0,0,0.0,0,0.0,0,0.0,0.00,0.0,0,0,0
841282525,通投-鱼鱼-青春款-自定义放量-达人-24.12.27-乘风直播间,暂停,审核通过,通投,直播间直接支付ROI,笔记（直播组件）,670e07d9000000001b03d813,55b3b4fce4b1cf1122777f5f,图文笔记,通投-放量计划-青春款-自定义放量-达人-24.12.27-乘风直播间,95251575,2024-12-27 09:28:11,0.00,0,0,0.0%,0.0,0.0,0,0.00,0.0,0,0,0.0,0,0,0.0,0,0.0,0,0.0,0,0.0,0,0.0,0,0.0,0,0.0,0,0.0,0,0.0,0,0.0,0.00,0.0,0,0,0
841282524,通投-锦鲤小姐姐-青春款-自定义放量-达人-24.12.27-乘风直播间,暂停,审核通过,通投,直播间直接支付ROI,笔记（直播组件）,6711fe8c0000000021005d06,58e8fc235e87e70d6b34ab84,图文笔记,通投-放量计划-青春款-自定义放量-达人-24.12.27-乘风直播间,95251575,2024-12-27 09:28:11,0.00,0,0,0.0%,0.0,0.0,0,0.00,0.0,0,0,0.0,0,0,0.0,0,0.0,0,0.0,0,0.0,0,0.0,0,0.0,0,0.0,0,0.0,0,0.0,0,0.0,0.00,0.0,0,0,0
839189185,通投-气养人-青春款-托管-日弘-24.12.26-乘风直播间,被计划暂停,审核通过,通投,直播间直接支付ROI,笔记（直播组件）,676d20520000000009017fc6,66f67e4c000000001d03127d,图文笔记,通投-气养人-青春款-托管-日弘-24.12.26-乘风直播间,95159183,2024-12-26 17:36:38,0.00,0,0,0.0%,0.0,0.0,0,0.00,0.0,0,0,0.0,0,0,0.0,0,0.0,0,0.0,0,0.0,0,0.0,0,0.0,0,0.0,0,0.0,0,0.0,0,0.0,0.00,0.0,0,0,0
838156835,通投-点点吃鸡翅-青春款-托管-达人视频-24.12.26-乘风直播间,被计划暂停,审核通过,通投,直播间直接支付ROI,笔记（直播组件）,670faa41000000002100ba6b,5bbf85630dc8990001869e8f,视频笔记,通投-点点吃鸡翅-青春款-托管-达人视频-24.12.26-乘风直播间,95096886,2024-12-26 13:46:16,0.00,0,0,0.0%,0.0,0.0,0,0.00,0.0,0,0,0.0,0,0,0.0,0,0.0,0,0.0,0,0.0,0,0.0,0,0.0,0,0.0,0,0.0,0,0.0,0,0.0,0.00,0.0,0,0,0
838306708,通投-锦鲤小姐姐-青春款-托管-达人-24.12.26-乘风直播间,暂停,审核通过,通投,直播间直接支付ROI,笔记（直播组件）,6711fe8c0000000021005d06,58e8fc235e87e70d6b34ab84,图文笔记,通投-达人赛马-青春款-托管-达人-24.12.26-乘风直播间,95077756,2024-12-26 13:45:18,0.00,0,0,0.0%,0.0,0.0,0,0.00,0.0,0,0,0.0,0,0,0.0,0,0.0,0,0.0,0,0.0,0,0.0,0,0.0,0,0.0,0,0.0,0,0.0,0,0.0,0.00,0.0,0,0,0
838306707,通投-鱼鱼-青春款-托管-达人-24.12.26-乘风直播间,暂停,审核通过,通投,直播间直接支付ROI,笔记（直播组件）,670e07d9000000001b03d813,55b3b4fce4b1cf1122777f5f,图文笔记,通投-达人赛马-青春款-托管-达人-24.12.26-乘风直播间,95077756,2024-12-26 13:45:18,0.00,0,0,0.0%,0.0,0.0,0,0.00,0.0,0,0,0.0,0,0,0.0,0,0.0,0,0.0,0,0.0,0,0.0,0,0.0,0,0.0,0,0.0,0,0.0,0,0.0,0.00,0.0,0,0,0
838306706,通投-网球菜菜子-青春款-托管-达人-24.12.26-乘风直播间,被计划暂停,审核通过,通投,直播间直接支付ROI,笔记（直播组件）,66f90cbe000000002c016273,55d8134067bc650aca82733e,图文笔记,通投-达人赛马-青春款-托管-达人-24.12.26-乘风直播间,95077756,2024-12-26 13:45:18,0.00,0,0,0.0%,0.0,0.0,0,0.00,0.0,0,0,0.0,0,0,0.0,0,0.0,0,0.0,0,0.0,0,0.0,0,0.0,0,0.0,0,0.0,0,0.0,0,0.0,0.00,0.0,0,0,0
838306705,通投-樱桃婉子-青春款-托管-达人-24.12.26-乘风直播间,暂停,审核拒绝,通投,直播间直接支付ROI,笔记（直播组件）,6704c9e4000000002c02d9be,5eef61f800000000010030a1,图文笔记,通投-达人赛马-青春款-托管-达人-24.12.26-乘风直播间,95077756,2024-12-26 13:45:18,0.00,0,0,0.0%,0.0,0.0,0,0.00,0.0,0,0,0.0,0,0,0.0,0,0.0,0,0.0,0,0.0,0,0.0,0,0.0,0,0.0,0,0.0,0,0.0,0,0.0,0.00,0.0,0,0,0
838210912,通投-拒绝废-星光款-高级定向-日弘-24.12.26优化-乘风直播间,被计划暂停,审核通过,通投,直播间直接支付ROI,笔记（直播组件）,675b92d6000000000700f2f4,66f67e4c000000001d03127d,图文笔记,通投-拒绝废-星光款-高级定向-日弘-24.12.26优化-乘风直播间,95077526,2024-12-26 13:39:04,0.00,0,0,0.0%,0.0,0.0,0,0.00,0.0,0,0,0.0,0,0,0.0,0,0.0,0,0.0,0,0.0,0,0.0,0,0.0,0,0.0,0,0.0,0,0.0,0,0.0,0.00,0.0,0,0,0
837447794,通投-不是燕-星光款-托管-日弘-24.12.26优化3-乘风直播间,被计划暂停,审核通过,通投,直播间直接支付ROI,笔记（直播组件）,6747c34600000000020383fa,583691373460942ae8fc16bb,图文笔记,通投-不是燕-星光款-托管-日弘-24.12.26优化3-乘风直播间,95045342,2024-12-26 10:41:10,0.00,0,0,0.0%,0.0,0.0,0,0.00,0.0,0,0,0.0,0,0,0.0,0,0.0,0,0.0,0,0.0,0,0.0,0,0.0,0,0.0,0,0.0,0,0.0,0,0.0,0.00,0.0,0,0,0
837160969,通投-两人补-星光款-托管-日弘-视觉营销视频-24.12.26-乘风直播间,被计划暂停,审核通过,通投,直播间直接支付ROI,笔记（直播组件）,676bdfe8000000001300e01b,66f67e4c000000001d03127d,视频笔记,通投-两人补-星光款-托管-日弘-视觉营销视频-24.12.26-乘风直播间,95016122,2024-12-26 08:46:03,0.00,0,0,0.0%,0.0,0.0,0,0.00,0.0,0,0,0.0,0,0,0.0,0,0.0,0,0.0,0,0.0,0,0.0,0,0.0,0,0.0,0,0.0,0,0.0,0,0.0,0.00,0.0,0,0,0
831080155,通投-吃空几-星光款-托管放量-日弘-24.12.24-乘风直播间,被计划暂停,审核通过,通投,直播间直接支付ROI,笔记（直播组件）,672c810d000000003c01eb5d,583691373460942ae8fc16bb,图文笔记,通投-放量计划-星光款-托管放量-日弘-24.12.24-乘风直播间,94765951,2024-12-24 16:48:24,0.00,0,0,0.0%,0.0,0.0,0,0.00,0.0,0,0,0.0,0,0,0.0,0,0.0,0,0.0,0,0.0,0,0.0,0,0.0,0,0.0,0,0.0,0,0.0,0,0.0,0.00,0.0,0,0,0
831080154,通投-抄作业-合集款-托管放量-日弘-24.12.24-乘风直播间,暂停,审核通过,通投,直播间直接支付ROI,笔记（直播组件）,67286f8f000000003c01a136,583691373460942ae8fc16bb,图文笔记,通投-放量计划-星光款-托管放量-日弘-24.12.24-乘风直播间,94765951,2024-12-24 16:48:24,0.00,0,0,0.0%,0.0,0.0,0,0.00,0.0,0,0,0.0,0,0,0.0,0,0.0,0,0.0,0,0.0,0,0.0,0,0.0,0,0.0,0,0.0,0,0.0,0,0.0,0.00,0.0,0,0,0
831080153,通投-肌肤的-星光款-托管放量-日弘-24.12.24-乘风直播间,被计划暂停,审核通过,通投,直播间直接支付ROI,笔记（直播组件）,669a357e000000000302610c,583691373460942ae8fc16bb,视频笔记,通投-放量计划-星光款-托管放量-日弘-24.12.24-乘风直播间,94765951,2024-12-24 16:48:24,0.00,0,0,0.0%,0.0,0.0,0,0.00,0.0,0,0,0.0,0,0,0.0,0,0.0,0,0.0,0,0.0,0,0.0,0,0.0,0,0.0,0,0.0,0,0.0,0,0.0,0.00,0.0,0,0,0
831235365,通投-小离谱的靠谱生活-蛇年礼盒45g-托管-达人-24.12.24-乘风直播间,被计划暂停,审核通过,通投,直播间直接支付ROI,笔记（直播组件）,6763e8500000000014023d0c,639d6fe2000000002702bcec,图文笔记,通投-小离谱的靠谱生活-蛇年礼盒45g-托管-达人-24.12.24-乘风直播间,94777165,2024-12-24 16:35:19,0.00,0,0,0.0%,0.0,0.0,0,0.00,0.0,0,0,0.0,0,0,0.0,0,0.0,0,0.0,0,0.0,0,0.0,0,0.0,0,0.0,0,0.0,0,0.0,0,0.0,0.00,0.0,0,0,0
831234697,通投-ss的备婚日记-蛇年礼盒40g-托管-达人-24.12.24-乘风直播间,被计划暂停,审核通过,通投,直播间直接支付ROI,笔记（直播组件）,6763d4db0000000014026db0,58501c096a6a693192600f34,图文笔记,通投-ss的备婚日记-蛇年礼盒40g-托管-达人-24.12.24-乘风直播间,94765466,2024-12-24 16:33:19,0.00,0,0,0.0%,0.0,0.0,0,0.00,0.0,0,0,0.0,0,0,0.0,0,0.0,0,0.0,0,0.0,0,0.0,0,0.0,0,0.0,0,0.0,0,0.0,0,0.0,0.00,0.0,0,0,0
831025446,通投-涂一笑-蛇年礼盒40g-托管-达人视频-24.12.24-乘风直播间,被计划暂停,审核通过,通投,直播间直接支付ROI,笔记（直播组件）,676658710000000014021e6b,5929ce465e87e75abe746efb,视频笔记,通投-涂一笑-蛇年礼盒40g-托管-达人视频-24.12.24-乘风直播间,94796309,2024-12-24 16:31:21,0.00,0,0,0.0%,0.0,0.0,0,0.00,0.0,0,0,0.0,0,0,0.0,0,0.0,0,0.0,0,0.0,0,0.0,0,0.0,0,0.0,0,0.0,0,0.0,0,0.0,0.00,0.0,0,0,0
830922535,通投-产品经理Ada-钻石碗50g-高级定向-达人-24.12.24-乘风直播间,被计划暂停,不满足审核条件,通投,直播间直接支付ROI,笔记（直播组件）,672c91b8000000001901596e,5b0f61034eacab3c97eb88f2,图文笔记,通投-产品经理Ada-钻石碗50g-高级定向-达人-24.12.24-乘风直播间,94745868,2024-12-24 15:21:44,0.00,0,0,0.0%,0.0,0.0,0,0.00,0.0,0,0,0.0,0,0,0.0,0,0.0,0,0.0,0,0.0,0,0.0,0,0.0,0,0.0,0,0.0,0,0.0,0,0.0,0.00,0.0,0,0,0
830628237,通投-刷到这-钻石碗50g-托管-日弘二创视频-24.12.24优化-乘风直播间,被计划暂停,审核通过,通投,直播间直接支付ROI,笔记（直播组件）,672d8b0b000000003c01d479,583691373460942ae8fc16bb,视频笔记,通投-刷到这-钻石碗50g-托管-日弘二创视频-24.12.24优化-乘风直播间,94755534,2024-12-24 14:31:26,0.00,0,0,0.0%,0.0,0.0,0,0.00,0.0,0,0,0.0,0,0,0.0,0,0.0,0,0.0,0,0.0,0,0.0,0,0.0,0,0.0,0,0.0,0,0.0,0,0.0,0.00,0.0,0,0,0
830529986,通投-燕窝新-合集款-托管-日弘-24.11.24优化-乘风直播间,被计划暂停,审核通过,通投,直播间直接支付ROI,笔记（直播组件）,6735ba5f000000003c015663,583691373460942ae8fc16bb,图文笔记,通投-燕窝新-合集款-托管-日弘-24.11.24优化-乘风直播间,94749128,2024-12-24 14:18:53,0.00,0,0,0.0%,0.0,0.0,0,0.00,0.0,0,0,0.0,0,0,0.0,0,0.0,0,0.0,0,0.0,0,0.0,0,0.0,0,0.0,0,0.0,0,0.0,0,0.0,0.00,0.0,0,0,0
830318332,通投-被夸爆-蛇年礼盒45g-托管-日弘-视觉营销视频-24.12.24优化-乘风直播间,被计划暂停,审核通过,通投,直播间直接支付ROI,笔记（直播组件）,675801b9000000000603a3c3,66f67e4c000000001d03127d,视频笔记,通投-被夸爆-蛇年礼盒45g-托管-日弘-视觉营销视频-24.12.24优化-乘风直播间,94735958,2024-12-24 14:18:07,0.00,0,0,0.0%,0.0,0.0,0,0.00,0.0,0,0,0.0,0,0,0.0,0,0.0,0,0.0,0,0.0,0,0.0,0,0.0,0,0.0,0,0.0,0,0.0,0,0.0,0.00,0.0,0,0,0
830425421,通投-子怡保-钻石碗50g-托管-日弘-视觉营销视频-24.12.24优化-乘风直播间,被计划暂停,审核通过,通投,直播间直接支付ROI,笔记（直播组件）,67501bc5000000000703a1ba,66f67e4c000000001d03127d,视频笔记,通投-子怡保-钻石碗50g-托管-日弘-视觉营销视频-24.12.24优化-乘风直播间,94741602,2024-12-24 14:17:27,0.00,0,0,0.0%,0.0,0.0,0,0.00,0.0,0,0,0.0,0,0,0.0,0,0.0,0,0.0,0,0.0,0,0.0,0,0.0,0,0.0,0,0.0,0,0.0,0,0.0,0.00,0.0,0,0,0
830376544,通投-不愧是-钻石碗50g-托管-日弘-24.12.24优化-乘风直播间,被计划暂停,审核通过,通投,直播间直接支付ROI,笔记（直播组件）,671b7b45000000001602290d,583691373460942ae8fc16bb,图文笔记,通投-不愧是-钻石碗50g-托管-日弘-24.12.24优化-乘风直播间,94760128,2024-12-24 14:16:47,0.00,0,0,0.0%,0.0,0.0,0,0.00,0.0,0,0,0.0,0,0,0.0,0,0.0,0,0.0,0,0.0,0,0.0,0,0.0,0,0.0,0,0.0,0,0.0,0,0.0,0.00,0.0,0,0,0
829378572,通投-黄暄雅Hyuna-星光款-托管-达人-24.12.24-乘风直播间,被计划暂停,审核通过,通投,直播间直接支付ROI,笔记（直播组件）,6710ba7e0000000026034a55,59c35e1c82ec392ed2cd700d,图文笔记,通投-黄暄雅Hyuna-星光款-托管-达人-24.12.24-乘风直播间,94685358,2024-12-24 08:58:10,0.00,0,0,0.0%,0.0,0.0,0,0.00,0.0,0,0,0.0,0,0,0.0,0,0.0,0,0.0,0,0.0,0,0.0,0,0.0,0,0.0,0,0.0,0,0.0,0,0.0,0.00,0.0,0,0,0
827599416,通投-千元礼-蛇年礼盒45g-高级定向-日弘-视觉营销视频-24.12.23-乘风直播间,被计划暂停,审核通过,通投,直播间直接支付ROI,笔记（直播组件）,675bdcd1000000000700b5a5,66f67e4c000000001d03127d,视频笔记,通投-千元礼-蛇年礼盒45g-高级定向-日弘-视觉营销视频-24.12.23-乘风直播间,94627033,2024-12-23 17:37:16,0.00,0,0,0.0%,0.0,0.0,0,0.00,0.0,0,0,0.0,0,0,0.0,0,0.0,0,0.0,0,0.0,0,0.0,0,0.0,0,0.0,0,0.0,0,0.0,0,0.0,0.00,0.0,0,0,0
827641989,通投-Louise Life-星光款-托管-达人-24.12.23-乘风直播间,被计划暂停,审核拒绝,通投,直播间直接支付ROI,笔记（直播组件）,6712395b000000002100b20f,55595f34c2bdeb40a298dba3,图文笔记,通投-Louise Life-星光款-托管-达人-24.12.23-乘风直播间,94603993,2024-12-23 17:28:49,0.00,0,0,0.0%,0.0,0.0,0,0.00,0.0,0,0,0.0,0,0,0.0,0,0.0,0,0.0,0,0.0,0,0.0,0,0.0,0,0.0,0,0.0,0,0.0,0,0.0,0.00,0.0,0,0,0
827592854,通投-萱姐-星光款-托管-达人视频-24.12.23-乘风直播间,被计划暂停,审核拒绝,通投,直播间直接支付ROI,笔记（直播组件）,66bf22ea000000000d033600,5e36ded200000000010064a8,视频笔记,通投-萱姐-星光款-托管-达人视频-24.12.23-乘风直播间,94603932,2024-12-23 17:27:19,0.00,0,0,0.0%,0.0,0.0,0,0.00,0.0,0,0,0.0,0,0,0.0,0,0.0,0,0.0,0,0.0,0,0.0,0,0.0,0,0.0,0,0.0,0,0.0,0,0.0,0.00,0.0,0,0,0
826825137,通投-肌肤的-星光款-高级定向-日弘视频-24.12.23-乘风直播间,被计划暂停,审核通过,通投,直播间直接支付ROI,笔记（直播组件）,669a357e000000000302610c,583691373460942ae8fc16bb,视频笔记,通投-肌肤的-星光款-高级定向-日弘视频-24.12.23-乘风直播间,94573510,2024-12-23 15:01:55,0.00,0,0,0.0%,0.0,0.0,0,0.00,0.0,0,0,0.0,0,0,0.0,0,0.0,0,0.0,0,0.0,0,0.0,0,0.0,0,0.0,0,0.0,0,0.0,0,0.0,0.00,0.0,0,0,0
817235886,通投-年度燕-合集款-托管-日弘-24.12.20-乘风直播间,被计划暂停,审核通过,通投,直播间直接支付ROI,笔记（直播组件）,67652b99000000001301806b,66f67e4c000000001d03127d,图文笔记,通投-年度燕-合集款-托管-日弘-24.12.20-乘风直播间,94271193,2024-12-20 17:34:12,0.00,0,0,0.0%,0.0,0.0,0,0.00,0.0,0,0,0.0,0,0,0.0,0,0.0,0,0.0,0,0.0,0,0.0,0,0.0,0,0.0,0,0.0,0,0.0,0,0.0,0.00,0.0,0,0,0
816923571,通投-最后一-青春款-自定义放量-日弘-视觉营销视频-24.12.20优化3-乘风直播间,被计划暂停,审核通过,通投,直播间直接支付ROI,笔记（直播组件）,672c7401000000001d039a2f,583691373460942ae8fc16bb,视频笔记,通投-合集-青春款-自定义放量-日弘-24.12.20-乘风直播间,94251112,2024-12-20 16:24:56,0.00,0,0,0.0%,0.0,0.0,0,0.00,0.0,0,0,0.0,0,0,0.0,0,0.0,0,0.0,0,0.0,0,0.0,0,0.0,0,0.0,0,0.0,0,0.0,0,0.0,0.00,0.0,0,0,0
816923570,通投-怎么选-青春款-自定义放量-日弘二创-24.12.20-乘风直播间,被计划暂停,审核通过,通投,直播间直接支付ROI,笔记（直播组件）,670f65ce0000000016021fa8,583691373460942ae8fc16bb,图文笔记,通投-合集-青春款-自定义放量-日弘-24.12.20-乘风直播间,94251112,2024-12-20 16:24:56,0.00,0,0,0.0%,0.0,0.0,0,0.00,0.0,0,0,0.0,0,0,0.0,0,0.0,0,0.0,0,0.0,0,0.0,0,0.0,0,0.0,0,0.0,0,0.0,0,0.0,0.00,0.0,0,0,0
816923569,通投-不走弯-合集款-自定义放量-日弘-24.12.20-乘风直播间,暂停,不满足审核条件,通投,直播间直接支付ROI,笔记（直播组件）,67077879000000002a0345f7,583691373460942ae8fc16bb,图文笔记,通投-合集-青春款-自定义放量-日弘-24.12.20-乘风直播间,94251112,2024-12-20 16:24:56,0.00,0,0,0.0%,0.0,0.0,0,0.00,0.0,0,0,0.0,0,0,0.0,0,0.0,0,0.0,0,0.0,0,0.0,0,0.0,0,0.0,0,0.0,0,0.0,0,0.0,0.00,0.0,0,0,0
816796051,通投-年底富-星光款-托管-日弘-24.12.20-乘风直播间,被计划暂停,审核通过,通投,直播间直接支付ROI,笔记（直播组件）,676521180000000013008682,66f67e4c000000001d03127d,图文笔记,通投-年底富-星光款-托管-日弘-24.12.20-乘风直播间12.31复投,94244612,2024-12-20 15:58:25,0.00,0,0,0.0%,0.0,0.0,0,0.00,0.0,0,0,0.0,0,0,0.0,0,0.0,0,0.0,0,0.0,0,0.0,0,0.0,0,0.0,0,0.0,0,0.0,0,0.0,0.00,0.0,0,0,0
816577932,通投-解锁燕-青春款-托管-日弘-24.12.20-乘风直播间,被计划暂停,审核通过,通投,直播间直接支付ROI,笔记（直播组件）,676519fd000000000902ec17,66f67e4c000000001d03127d,图文笔记,通投-解锁燕-青春款-托管-日弘-24.12.20-乘风直播间,94219205,2024-12-20 15:36:47,0.00,0,0,0.0%,0.0,0.0,0,0.00,0.0,0,0,0.0,0,0,0.0,0,0.0,0,0.0,0,0.0,0,0.0,0,0.0,0,0.0,0,0.0,0,0.0,0,0.0,0.00,0.0,0,0,0
816726128,通投-年度富-星光款-托管-日弘-24.12.20-乘风直播间,被计划暂停,审核拒绝,通投,直播间直接支付ROI,笔记（直播组件）,67650e01000000000900c6cf,583691373460942ae8fc16bb,图文笔记,通投-年度富-星光款-托管-日弘-24.12.20-乘风直播间,94236383,2024-12-20 15:36:13,0.00,0,0,0.0%,0.0,0.0,0,0.00,0.0,0,0,0.0,0,0,0.0,0,0.0,0,0.0,0,0.0,0,0.0,0,0.0,0,0.0,0,0.0,0,0.0,0,0.0,0.00,0.0,0,0,0
816779706,通投-最后一-青春款-托管-日弘-视觉营销视频-24.12.20优化3-乘风直播间,被计划暂停,审核通过,通投,直播间直接支付ROI,笔记（直播组件）,672c7401000000001d039a2f,583691373460942ae8fc16bb,视频笔记,通投-最后一-青春款-托管-日弘-视觉营销视频-24.12.20优化3-乘风直播间,94207877,2024-12-20 15:34:40,0.00,0,0,0.0%,0.0,0.0,0,0.00,0.0,0,0,0.0,0,0,0.0,0,0.0,0,0.0,0,0.0,0,0.0,0,0.0,0,0.0,0,0.0,0,0.0,0,0.0,0.00,0.0,0,0,0
811919715,通投-吃到中-星光款-托管-日弘-视觉营销视频-24.12.19优化-乘风直播间,暂停,审核通过,通投,直播间直接支付ROI,笔记（直播组件）,6731d9b1000000003c015062,583691373460942ae8fc16bb,视频笔记,通投-吃到中-星光款-托管-日弘-视觉营销视频-24.12.19优化-乘风直播间12.24优化,94036142,2024-12-19 13:55:55,0.00,0,0,0.0%,0.0,0.0,0,0.00,0.0,0,0,0.0,0,0,0.0,0,0.0,0,0.0,0,0.0,0,0.0,0,0.0,0,0.0,0,0.0,0,0.0,0,0.0,0.00,0.0,0,0,0
812022121,通投-怎么选-青春款-托管-日弘二创-24.12.19优化-乘风直播间,被计划暂停,审核通过,通投,直播间直接支付ROI,笔记（直播组件）,670f65ce0000000016021fa8,583691373460942ae8fc16bb,图文笔记,通投-怎么选-青春款-托管-日弘二创-24.12.19优化-乘风直播间,94013408,2024-12-19 13:54:51,0.00,0,0,0.0%,0.0,0.0,0,0.00,0.0,0,0,0.0,0,0,0.0,0,0.0,0,0.0,0,0.0,0,0.0,0,0.0,0,0.0,0,0.0,0,0.0,0,0.0,0.00,0.0,0,0,0
811869327,通投-肌肤的-星光款-托管-日弘视频-24.12.19优化3-乘风直播间,被计划暂停,审核通过,通投,直播间直接支付ROI,笔记（直播组件）,669a357e000000000302610c,583691373460942ae8fc16bb,视频笔记,通投-肌肤的-星光款-托管-日弘视频-24.12.19优化3-乘风直播间,94030253,2024-12-19 13:53:28,0.00,0,0,0.0%,0.0,0.0,0,0.00,0.0,0,0,0.0,0,0,0.0,0,0.0,0,0.0,0,0.0,0,0.0,0,0.0,0,0.0,0,0.0,0,0.0,0,0.0,0.00,0.0,0,0,0
810696988,通投-被夸爆-蛇年礼盒45g-高级定向-日弘-视觉营销视频-24.12.19-乘风直播间,被计划暂停,审核通过,通投,直播间直接支付ROI,笔记（直播组件）,675801b9000000000603a3c3,66f67e4c000000001d03127d,视频笔记,通投-被夸爆-蛇年礼盒45g-高级定向-日弘-视觉营销视频-24.12.19-乘风直播间12.20优,93993771,2024-12-19 10:31:43,0.00,0,0,0.0%,0.0,0.0,0,0.00,0.0,0,0,0.0,0,0,0.0,0,0.0,0,0.0,0,0.0,0,0.0,0,0.0,0,0.0,0,0.0,0,0.0,0,0.0,0.00,0.0,0,0,0
810723639,通投-谁还交-青春款-高级定向-日弘-24.12.19-乘风直播间,被计划暂停,审核通过,通投,直播间直接支付ROI,笔记（直播组件）,6748473c000000000202af9e,583691373460942ae8fc16bb,视频笔记,通投-谁还交-青春款-高级定向-日弘-24.12.19-乘风直播间,93986384,2024-12-19 09:53:51,0.00,0,0,0.0%,0.0,0.0,0,0.00,0.0,0,0,0.0,0,0,0.0,0,0.0,0,0.0,0,0.0,0,0.0,0,0.0,0,0.0,0,0.0,0,0.0,0,0.0,0.00,0.0,0,0,0
810498072,通投-新年送-蛇年礼盒45g-托管-日弘-视觉营销视频-24.12.19-乘风直播间,被计划暂停,审核通过,通投,直播间直接支付ROI,笔记（直播组件）,676292490000000014024f22,66f67e4c000000001d03127d,视频笔记,通投-新年送-蛇年礼盒45g-托管-日弘-视觉营销视频-24.12.19-乘风直播间,93949470,2024-12-19 08:55:24,0.00,0,0,0.0%,0.0,0.0,0,0.00,0.0,0,0,0.0,0,0,0.0,0,0.0,0,0.0,0,0.0,0,0.0,0,0.0,0,0.0,0,0.0,0,0.0,0,0.0,0.00,0.0,0,0,0
807583070,通投-谢木子-蛇年礼盒45g-托管-达人视频-24.12.18-乘风直播间,被计划暂停,审核通过,通投,直播间直接支付ROI,笔记（直播组件）,675a6bbf00000000070082e9,649bfd91000000000b0167af,视频笔记,通投-谢木子-蛇年礼盒45g-托管-达人视频-24.12.18-乘风直播间,93851687,2024-12-18 13:43:50,0.00,0,0,0.0%,0.0,0.0,0,0.00,0.0,0,0,0.0,0,0,0.0,0,0.0,0,0.0,0,0.0,0,0.0,0,0.0,0,0.0,0,0.0,0,0.0,0,0.0,0.00,0.0,0,0,0
806409948,通投-抄作业-合集款-高级定向-日弘转载-24.12.18优化-乘风直播间,被计划暂停,审核通过,通投,直播间直接支付ROI,笔记（直播组件）,67286f8f000000003c01a136,583691373460942ae8fc16bb,图文笔记,通投-抄作业-合集款-高级定向-日弘转载-24.12.18优化-乘风直播间,93814179,2024-12-18 09:40:16,0.00,0,0,0.0%,0.0,0.0,0,0.00,0.0,0,0,0.0,0,0,0.0,0,0.0,0,0.0,0,0.0,0,0.0,0,0.0,0,0.0,0,0.0,0,0.0,0,0.0,0.00,0.0,0,0,0
806513886,通投-吃空几-星光款-高级定向-日弘-24.12.18优化2-乘风直播间,被计划暂停,审核通过,通投,直播间直接支付ROI,笔记（直播组件）,672c810d000000003c01eb5d,583691373460942ae8fc16bb,图文笔记,通投-吃空几-星光款-高级定向-日弘-24.12.18优化2-乘风直播间,93807988,2024-12-18 09:34:38,0.00,0,0,0.0%,0.0,0.0,0,0.00,0.0,0,0,0.0,0,0,0.0,0,0.0,0,0.0,0,0.0,0,0.0,0,0.0,0,0.0,0,0.0,0,0.0,0,0.0,0.00,0.0,0,0,0
803900878,通投-季滋补-星光款-托管-品牌-24.12.17-乘风直播间,被计划暂停,审核拒绝,通投,直播间直接支付ROI,笔记（直播组件）,67568b8d000000000603d190,583691373460942ae8fc16bb,视频笔记,通投-季滋补-星光款-托管-品牌-24.12.17-乘风直播间,93699957,2024-12-17 16:24:43,0.00,0,0,0.0%,0.0,0.0,0,0.00,0.0,0,0,0.0,0,0,0.0,0,0.0,0,0.0,0,0.0,0,0.0,0,0.0,0,0.0,0,0.0,0,0.0,0,0.0,0.00,0.0,0,0,0
803115562,通投-燕窝也-合集款-高级定向-日弘-24.12.17优化2-乘风直播间,被计划暂停,审核通过,通投,直播间直接支付ROI,笔记（直播组件）,672d88bf000000001d0385de,583691373460942ae8fc16bb,图文笔记,通投-燕窝也-合集款-高级定向-日弘-24.12.17优化2-乘风直播间,93680134,2024-12-17 13:40:12,0.00,0,0,0.0%,0.0,0.0,0,0.00,0.0,0,0,0.0,0,0,0.0,0,0.0,0,0.0,0,0.0,0,0.0,0,0.0,0,0.0,0,0.0,0,0.0,0,0.0,0.00,0.0,0,0,0
802018240,通投-吃空几-星光款-托管-日弘-24.12.17优化2-乘风直播间,被计划暂停,审核通过,通投,直播间直接支付ROI,笔记（直播组件）,672c810d000000003c01eb5d,583691373460942ae8fc16bb,图文笔记,通投-吃空几-星光款-托管-日弘-24.12.17优化2-乘风直播间,93617409,2024-12-17 09:00:49,0.00,0,0,0.0%,0.0,0.0,0,0.00,0.0,0,0,0.0,0,0,0.0,0,0.0,0,0.0,0,0.0,0,0.0,0,0.0,0,0.0,0,0.0,0,0.0,0,0.0,0.00,0.0,0,0,0
802127110,通投-不是燕-星光款-托管-日弘-24.12.17优化-乘风直播间,被计划暂停,审核通过,通投,直播间直接支付ROI,笔记（直播组件）,6747c34600000000020383fa,583691373460942ae8fc16bb,图文笔记,通投-不是燕-星光款-托管-日弘-24.12.17优化-乘风直播间,93611539,2024-12-17 08:59:15,0.00,0,0,0.0%,0.0,0.0,0,0.00,0.0,0,0,0.0,0,0,0.0,0,0.0,0,0.0,0,0.0,0,0.0,0,0.0,0,0.0,0,0.0,0,0.0,0,0.0,0.00,0.0,0,0,0
802071092,通投-终于有-星光款-托管-日弘-24.12.17优化-乘风直播间,被计划暂停,审核通过,通投,直播间直接支付ROI,笔记（直播组件）,671f56df000000001402ebd5,583691373460942ae8fc16bb,图文笔记,通投-终于有-星光款-托管-日弘-24.12.17优化-乘风直播间,93622814,2024-12-17 08:58:21,0.00,0,0,0.0%,0.0,0.0,0,0.00,0.0,0,0,0.0,0,0,0.0,0,0.0,0,0.0,0,0.0,0,0.0,0,0.0,0,0.0,0,0.0,0,0.0,0,0.0,0.00,0.0,0,0,0
799054977,通投-千元礼-蛇年礼盒45g-托管-日弘-视觉营销视频-24.12.16-乘风直播间,被计划暂停,审核通过,通投,直播间直接支付ROI,笔记（直播组件）,675bdcd1000000000700b5a5,66f67e4c000000001d03127d,视频笔记,通投-千元礼-蛇年礼盒45g-托管-日弘-视觉营销视频-24.12.16-乘风直播间,93486398,2024-12-16 14:28:09,0.00,0,0,0.0%,0.0,0.0,0,0.00,0.0,0,0,0.0,0,0,0.0,0,0.0,0,0.0,0,0.0,0,0.0,0,0.0,0,0.0,0,0.0,0,0.0,0,0.0,0.00,0.0,0,0,0
799134738,通投-拒绝废-星光款-托管-日弘-24.12.16-乘风直播间,被计划暂停,审核通过,通投,直播间直接支付ROI,笔记（直播组件）,675b92d6000000000700f2f4,66f67e4c000000001d03127d,图文笔记,通投-拒绝废-星光款-托管-日弘-24.12.16-乘风直播间,93507580,2024-12-16 13:36:48,0.00,0,0,0.0%,0.0,0.0,0,0.00,0.0,0,0,0.0,0,0,0.0,0,0.0,0,0.0,0,0.0,0,0.0,0,0.0,0,0.0,0,0.0,0,0.0,0,0.0,0.00,0.0,0,0,0
798218456,通投-乔妹是姐姐-蛇年礼盒40g-高级定向-达人视频-24.12.16-乘风直播间,被计划暂停,审核通过,通投,直播间直接支付ROI,笔记（直播组件）,6759000d000000000102a30f,5b5076cef7e8b96e1be6b40e,视频笔记,通投-乔妹是姐姐-蛇年礼盒40g-高级定向-达人视频-24.12.16-乘风直播间,93464555,2024-12-16 09:57:15,0.00,0,0,0.0%,0.0,0.0,0,0.00,0.0,0,0,0.0,0,0,0.0,0,0.0,0,0.0,0,0.0,0,0.0,0,0.0,0,0.0,0,0.0,0,0.0,0,0.0,0.00,0.0,0,0,0
789259934,搜索-送对礼-蛇年礼盒40g-关键词-日弘-视觉营销视频-24.12.13-乘风直播间,暂停,审核通过,搜索,直播间直接支付ROI,笔记（直播组件）,6753cf5c0000000007034468,66f67e4c000000001d03127d,视频笔记,搜索-送礼合集-蛇年礼盒-关键词-日弘-24.12.13-乘风直播间,93144917,2024-12-13 15:26:02,0.00,0,0,0.0%,0.0,0.0,0,0.00,0.0,0,0,0.0,0,0,0.0,0,0.0,0,0.0,0,0.0,0,0.0,0,0.0,0,0.0,0,0.0,0,0.0,0,0.0,0.00,0.0,0,0,0
789259933,搜索-被夸爆-蛇年礼盒45g-关键词-日弘-视觉营销视频-24.12.13-乘风直播间,被计划暂停,审核通过,搜索,直播间直接支付ROI,笔记（直播组件）,675801b9000000000603a3c3,66f67e4c000000001d03127d,视频笔记,搜索-送礼合集-蛇年礼盒-关键词-日弘-24.12.13-乘风直播间,93144917,2024-12-13 15:26:02,0.00,0,0,0.0%,0.0,0.0,0,0.00,0.0,0,0,0.0,0,0,0.0,0,0.0,0,0.0,0,0.0,0,0.0,0,0.0,0,0.0,0,0.0,0,0.0,0,0.0,0.00,0.0,0,0,0
789259932,搜索-糖糖-蛇年礼盒45g-关键词-达人-24.12.13-乘风直播间,暂停,审核拒绝,搜索,直播间直接支付ROI,笔记（直播组件）,675961fa000000000603fc17,6492bc2e0000000012036be4,图文笔记,搜索-送礼合集-蛇年礼盒-关键词-日弘-24.12.13-乘风直播间,93144917,2024-12-13 15:26:02,0.00,0,0,0.0%,0.0,0.0,0,0.00,0.0,0,0,0.0,0,0,0.0,0,0.0,0,0.0,0,0.0,0,0.0,0,0.0,0,0.0,0,0.0,0,0.0,0,0.0,0.00,0.0,0,0,0
789259931,搜索-乔妹是姐姐-蛇年礼盒40g-关键词-达人视频-24.12.13-乘风直播间,暂停,审核通过,搜索,直播间直接支付ROI,笔记（直播组件）,6759000d000000000102a30f,5b5076cef7e8b96e1be6b40e,视频笔记,搜索-送礼合集-蛇年礼盒-关键词-日弘-24.12.13-乘风直播间,93144917,2024-12-13 15:26:02,0.00,0,0,0.0%,0.0,0.0,0,0.00,0.0,0,0,0.0,0,0,0.0,0,0.0,0,0.0,0,0.0,0,0.0,0,0.0,0,0.0,0,0.0,0,0.0,0,0.0,0.00,0.0,0,0,0
789259930,搜索-贝贝鱼儿-蛇年礼盒45g-关键词-达人-24.12.13-乘风直播间,暂停,审核通过,搜索,直播间直接支付ROI,笔记（直播组件）,6757fc37000000000103ed72,5d876b0000000000010033a6,图文笔记,搜索-送礼合集-蛇年礼盒-关键词-日弘-24.12.13-乘风直播间,93144917,2024-12-13 15:26:02,0.00,0,0,0.0%,0.0,0.0,0,0.00,0.0,0,0,0.0,0,0,0.0,0,0.0,0,0.0,0,0.0,0,0.0,0,0.0,0,0.0,0,0.0,0,0.0,0,0.0,0.00,0.0,0,0,0
789259929,搜索-送礼合集-蛇年礼盒-关键词-日弘-24.12.13-乘风直播间,暂停,审核通过,搜索,直播间直接支付ROI,直播间,,-,无笔记,搜索-送礼合集-蛇年礼盒-关键词-日弘-24.12.13-乘风直播间,93144917,2024-12-13 15:26:02,0.00,0,0,0.0%,0.0,0.0,0,0.00,0.0,0,0,0.0,0,0,0.0,0,0.0,0,0.0,0,0.0,0,0.0,0,0.0,0,0.0,0,0.0,0,0.0,0,0.0,0.00,0.0,0,0,0
788020787,通投-孕期营-星光款-托管-日弘-24.12.13优化-乘风直播间,被计划暂停,审核通过,通投,直播间直接支付ROI,笔记（直播组件）,6721ff08000000003c015a5c,583691373460942ae8fc16bb,图文笔记,通投-孕期营-星光款-托管-日弘-24.12.13优化-乘风直播间,93072557,2024-12-13 08:44:19,0.00,0,0,0.0%,0.0,0.0,0,0.00,0.0,0,0,0.0,0,0,0.0,0,0.0,0,0.0,0,0.0,0,0.0,0,0.0,0,0.0,0,0.0,0,0.0,0,0.0,0.00,0.0,0,0,0
786136808,通投-最后一-青春款-托管-日弘-视觉营销视频-24.12.12优化-乘风直播间,被计划暂停,审核通过,通投,直播间直接支付ROI,笔记（直播组件）,672c7401000000001d039a2f,583691373460942ae8fc16bb,视频笔记,通投-最后一-青春款-托管-日弘-视觉营销视频-24.12.12优化-乘风直播间,93029013,2024-12-12 18:06:16,0.00,0,0,0.0%,0.0,0.0,0,0.00,0.0,0,0,0.0,0,0,0.0,0,0.0,0,0.0,0,0.0,0,0.0,0,0.0,0,0.0,0,0.0,0,0.0,0,0.0,0.00,0.0,0,0,0
785973155,通投-老少皆-钻石碗50g-托管-日弘-24.12.12-乘风直播间,被计划暂停,审核通过,通投,直播间直接支付ROI,笔记（直播组件）,675a4121000000000700a453,66f67e4c000000001d03127d,图文笔记,通投-老少皆-钻石碗50g-托管-日弘-24.12.12-乘风直播间,93039893,2024-12-12 17:47:39,0.00,0,0,0.0%,0.0,0.0,0,0.00,0.0,0,0,0.0,0,0,0.0,0,0.0,0,0.0,0,0.0,0,0.0,0,0.0,0,0.0,0,0.0,0,0.0,0,0.0,0.00,0.0,0,0,0
785798811,通投-糖糖-蛇年礼盒45g-托管-达人-24.12.12-乘风直播间,被计划暂停,审核拒绝,通投,直播间直接支付ROI,笔记（直播组件）,675961fa000000000603fc17,6492bc2e0000000012036be4,图文笔记,通投-糖糖-蛇年礼盒45g-托管-达人-24.12.12-乘风直播间,93027371,2024-12-12 17:24:11,0.00,0,0,0.0%,0.0,0.0,0,0.00,0.0,0,0,0.0,0,0,0.0,0,0.0,0,0.0,0,0.0,0,0.0,0,0.0,0,0.0,0,0.0,0,0.0,0,0.0,0.00,0.0,0,0,0
785731334,通投-乔妹是姐姐-蛇年礼盒40g-托管-达人视频-24.12.12-乘风直播间,被计划暂停,审核通过,通投,直播间直接支付ROI,笔记（直播组件）,6759000d000000000102a30f,5b5076cef7e8b96e1be6b40e,视频笔记,通投-乔妹是姐姐-蛇年礼盒40g-托管-达人视频-24.12.12-乘风直播间,93013511,2024-12-12 17:07:44,0.00,0,0,0.0%,0.0,0.0,0,0.00,0.0,0,0,0.0,0,0,0.0,0,0.0,0,0.0,0,0.0,0,0.0,0,0.0,0,0.0,0,0.0,0,0.0,0,0.0,0.00,0.0,0,0,0
785876019,通投-刷到这-钻石碗50g-托管-日弘二创视频-24.12.12优化-乘风直播间,被计划暂停,审核通过,通投,直播间直接支付ROI,笔记（直播组件）,672d8b0b000000003c01d479,583691373460942ae8fc16bb,视频笔记,通投-刷到这-钻石碗50g-托管-日弘二创视频-24.12.12优化-乘风直播间,93001148,2024-12-12 16:38:36,0.00,0,0,0.0%,0.0,0.0,0,0.00,0.0,0,0,0.0,0,0,0.0,0,0.0,0,0.0,0,0.0,0,0.0,0,0.0,0,0.0,0,0.0,0,0.0,0,0.0,0.00,0.0,0,0,0
785038073,通投-吃到中-星光款-托管-日弘-视觉营销视频-24.12.12-乘风直播间,被计划暂停,审核通过,通投,直播间直接支付ROI,笔记（直播组件）,6731d9b1000000003c015062,583691373460942ae8fc16bb,视频笔记,通投-吃到中-星光款-托管-日弘-视觉营销视频-24.12.12-乘风直播间,92970368,2024-12-12 14:17:38,0.00,0,0,0.0%,0.0,0.0,0,0.00,0.0,0,0,0.0,0,0,0.0,0,0.0,0,0.0,0,0.0,0,0.0,0,0.0,0,0.0,0,0.0,0,0.0,0,0.0,0.00,0.0,0,0,0
783975856,通投-产品经理Ada-钻石碗50g-托管-达人-24.12.12-乘风直播间,被计划暂停,审核通过,通投,直播间直接支付ROI,笔记（直播组件）,672c91b8000000001901596e,5b0f61034eacab3c97eb88f2,图文笔记,通投-产品经理Ada-钻石碗50g-托管-达人-24.12.12-乘风直播间,92931546,2024-12-12 10:05:23,0.00,0,0,0.0%,0.0,0.0,0,0.00,0.0,0,0,0.0,0,0,0.0,0,0.0,0,0.0,0,0.0,0,0.0,0,0.0,0,0.0,0,0.0,0,0.0,0,0.0,0.00,0.0,0,0,0
784091632,通投-不走弯-合集款-高级定向-日弘-24.12.12-乘风直播间,被计划暂停,不满足审核条件,通投,直播间直接支付ROI,笔记（直播组件）,67077879000000002a0345f7,583691373460942ae8fc16bb,图文笔记,通投-不走弯-合集款-高级定向-日弘-24.12.12-乘风直播间,92931430,2024-12-12 10:02:03,0.00,0,0,0.0%,0.0,0.0,0,0.00,0.0,0,0,0.0,0,0,0.0,0,0.0,0,0.0,0,0.0,0,0.0,0,0.0,0,0.0,0,0.0,0,0.0,0,0.0,0.00,0.0,0,0,0
783967977,通投-谁还交-青春款-高级定向-日弘-24.12.12-乘风直播间,被计划暂停,审核通过,通投,直播间直接支付ROI,笔记（直播组件）,6748473c000000000202af9e,583691373460942ae8fc16bb,视频笔记,通投-谁还交-青春款-高级定向-日弘-24.12.12-乘风直播间,92908259,2024-12-12 09:55:05,0.00,0,0,0.0%,0.0,0.0,0,0.00,0.0,0,0,0.0,0,0,0.0,0,0.0,0,0.0,0,0.0,0,0.0,0,0.0,0,0.0,0,0.0,0,0.0,0,0.0,0.00,0.0,0,0,0
780973275,通投-贝贝鱼儿-蛇年礼盒45g-托管-达人-24.12.11-乘风直播间,被计划暂停,审核通过,通投,直播间直接支付ROI,笔记（直播组件）,6757fc37000000000103ed72,5d876b0000000000010033a6,图文笔记,通投-贝贝鱼儿-蛇年礼盒45g-托管-达人-24.12.11-乘风直播间,92822095,2024-12-11 14:33:04,0.00,0,0,0.0%,0.0,0.0,0,0.00,0.0,0,0,0.0,0,0,0.0,0,0.0,0,0.0,0,0.0,0,0.0,0,0.0,0,0.0,0,0.0,0,0.0,0,0.0,0.00,0.0,0,0,0
781077160,通投-米粒mlly-蛇年礼盒40g-托管-达人视频-24.12.11-乘风直播间,被计划暂停,审核通过,通投,直播间直接支付ROI,笔记（直播组件）,6757ff44000000000603dd8f,5ae51b5ee8ac2b70ddf1eb39,视频笔记,通投-米粒mlly-蛇年礼盒40g-托管-达人视频-24.12.11-乘风直播间,92810909,2024-12-11 14:31:18,0.00,0,0,0.0%,0.0,0.0,0,0.00,0.0,0,0,0.0,0,0,0.0,0,0.0,0,0.0,0,0.0,0,0.0,0,0.0,0,0.0,0,0.0,0,0.0,0,0.0,0.00,0.0,0,0,0
778207849,通投-被夸爆-蛇年礼盒45g-托管-日弘-视觉营销视频-24.12.10-乘风直播间,被计划暂停,审核通过,通投,直播间直接支付ROI,笔记（直播组件）,675801b9000000000603a3c3,66f67e4c000000001d03127d,视频笔记,通投-被夸爆-蛇年礼盒45g-托管-日弘-视觉营销视频-24.12.10-乘风直播间,92670758,2024-12-10 17:47:38,0.00,0,0,0.0%,0.0,0.0,0,0.00,0.0,0,0,0.0,0,0,0.0,0,0.0,0,0.0,0,0.0,0,0.0,0,0.0,0,0.0,0,0.0,0,0.0,0,0.0,0.00,0.0,0,0,0
777043278,通投-子怡保-钻石碗50g-高级定向-日弘-视觉营销视频-24.12.10优化-乘风直播间,被计划暂停,审核通过,通投,直播间直接支付ROI,笔记（直播组件）,67501bc5000000000703a1ba,66f67e4c000000001d03127d,视频笔记,通投-子怡保-钻石碗50g-高级定向-日弘-视觉营销视频-24.12.10优化-乘风直播间,92624246,2024-12-10 13:35:59,0.00,0,0,0.0%,0.0,0.0,0,0.00,0.0,0,0,0.0,0,0,0.0,0,0.0,0,0.0,0,0.0,0,0.0,0,0.0,0,0.0,0,0.0,0,0.0,0,0.0,0.00,0.0,0,0,0
776933815,通投-吃空几-星光款-托管-日弘-24.12.10优化-乘风直播间,被计划暂停,审核通过,通投,直播间直接支付ROI,笔记（直播组件）,672c810d000000003c01eb5d,583691373460942ae8fc16bb,图文笔记,通投-吃空几-星光款-托管-日弘-24.12.10优化-乘风直播间,92612288,2024-12-10 13:34:13,0.00,0,0,0.0%,0.0,0.0,0,0.00,0.0,0,0,0.0,0,0,0.0,0,0.0,0,0.0,0,0.0,0,0.0,0,0.0,0,0.0,0,0.0,0,0.0,0,0.0,0.00,0.0,0,0,0
776243141,通投-都20-钻石碗50g-托管-日弘-24.12.10优化-乘风直播间,被计划暂停,审核通过,通投,直播间直接支付ROI,笔记（直播组件）,674811cb000000000203b0f3,583691373460942ae8fc16bb,视频笔记,通投-都20-钻石碗50g-托管-日弘-24.12.10优化-乘风直播间,92590445,2024-12-10 11:17:42,0.00,0,0,0.0%,0.0,0.0,0,0.00,0.0,0,0,0.0,0,0,0.0,0,0.0,0,0.0,0,0.0,0,0.0,0,0.0,0,0.0,0,0.0,0,0.0,0,0.0,0.00,0.0,0,0,0
776051819,通投-燕窝也-合集款-托管-日弘-24.12.10优化-乘风直播间,被计划暂停,审核通过,通投,直播间直接支付ROI,笔记（直播组件）,672d88bf000000001d0385de,583691373460942ae8fc16bb,图文笔记,通投-燕窝也-合集款-托管-日弘-24.12.10优化-乘风直播间,92568254,2024-12-10 09:59:01,0.00,0,0,0.0%,0.0,0.0,0,0.00,0.0,0,0,0.0,0,0,0.0,0,0.0,0,0.0,0,0.0,0,0.0,0,0.0,0,0.0,0,0.0,0,0.0,0,0.0,0.00,0.0,0,0,0
776160662,通投-鲤鱼宁-钻石碗50g-高级定向-达人-24.12.10优化-乘风直播间-均篇300,被计划暂停,审核通过,通投,直播间直接支付ROI,笔记（直播组件）,673ad7b900000000070338a6,5693545a6a6a6901584fd00a,图文笔记,通投-赛马-星光款-高级定向-日弘-24.12.10优化-乘风直播间-均篇300,92573480,2024-12-10 09:43:48,0.00,0,0,0.0%,0.0,0.0,0,0.00,0.0,0,0,0.0,0,0,0.0,0,0.0,0,0.0,0,0.0,0,0.0,0,0.0,0,0.0,0,0.0,0,0.0,0,0.0,0.00,0.0,0,0,0
776160661,通投-不玩虚-钻石碗50g-高级定向-日弘-视觉营销视频-24.12.10-乘风直播间-均篇300,暂停,审核通过,通投,直播间直接支付ROI,笔记（直播组件）,6722e103000000001d038c1a,583691373460942ae8fc16bb,视频笔记,通投-赛马-星光款-高级定向-日弘-24.12.10优化-乘风直播间-均篇300,92573480,2024-12-10 09:43:48,0.00,0,0,0.0%,0.0,0.0,0,0.00,0.0,0,0,0.0,0,0,0.0,0,0.0,0,0.0,0,0.0,0,0.0,0,0.0,0,0.0,0,0.0,0,0.0,0,0.0,0.00,0.0,0,0,0
776160660,通投-气色差-星光款-高级定向-日弘-24.12.10优化-乘风直播间-均篇300,被计划暂停,审核通过,通投,直播间直接支付ROI,笔记（直播组件）,672335bd000000003c016ce3,583691373460942ae8fc16bb,图文笔记,通投-赛马-星光款-高级定向-日弘-24.12.10优化-乘风直播间-均篇300,92573480,2024-12-10 09:43:48,0.00,0,0,0.0%,0.0,0.0,0,0.00,0.0,0,0,0.0,0,0,0.0,0,0.0,0,0.0,0,0.0,0,0.0,0,0.0,0,0.0,0,0.0,0,0.0,0,0.0,0.00,0.0,0,0,0
776160659,通投-补囤货-星光款-高级定向-日弘-24.12.10优化-乘风直播间-均篇300,暂停,审核通过,通投,直播间直接支付ROI,笔记（直播组件）,6710758f00000000160218df,583691373460942ae8fc16bb,图文笔记,通投-赛马-星光款-高级定向-日弘-24.12.10优化-乘风直播间-均篇300,92573480,2024-12-10 09:43:48,0.00,0,0,0.0%,0.0,0.0,0,0.00,0.0,0,0,0.0,0,0,0.0,0,0.0,0,0.0,0,0.0,0,0.0,0,0.0,0,0.0,0,0.0,0,0.0,0,0.0,0.00,0.0,0,0,0
776160658,通投-人生燕-青春款-高级定向-日弘-视觉营销视频-24.12.10优化-乘风直播间-均篇300,被计划暂停,审核通过,通投,直播间直接支付ROI,笔记（直播组件）,67514f2900000000070302a7,66f67e4c000000001d03127d,视频笔记,通投-赛马-星光款-高级定向-日弘-24.12.10优化-乘风直播间-均篇300,92573480,2024-12-10 09:43:48,0.00,0,0,0.0%,0.0,0.0,0,0.00,0.0,0,0,0.0,0,0,0.0,0,0.0,0,0.0,0,0.0,0,0.0,0,0.0,0,0.0,0,0.0,0,0.0,0,0.0,0.00,0.0,0,0,0
775836728,通投-跟着女-星光款-托管-日弘-二创视频-24.12.10优化2-乘风直播间,被计划暂停,审核通过,通投,直播间直接支付ROI,笔记（直播组件）,6708f65e000000002c02824f,583691373460942ae8fc16bb,视频笔记,通投-跟着女-星光款-托管-日弘-二创视频-24.12.10优化2-乘风直播间,92572207,2024-12-10 08:40:37,0.00,0,0,0.0%,0.0,0.0,0,0.00,0.0,0,0,0.0,0,0,0.0,0,0.0,0,0.0,0,0.0,0,0.0,0,0.0,0,0.0,0,0.0,0,0.0,0,0.0,0.00,0.0,0,0,0
771924474,通投-一颗茜茜呀-合集款-托管-日弘-24.12.9-乘风直播间,被计划暂停,不满足审核条件,通投,直播间直接支付ROI,笔记（直播组件）,66f4ce63000000002a0339e9,5913479a50c4b402746fc636,图文笔记,通投-一颗茜茜呀-合集款-托管-日弘-24.12.9-乘风直播间,92394141,2024-12-09 08:52:56,0.00,0,0,0.0%,0.0,0.0,0,0.00,0.0,0,0,0.0,0,0,0.0,0,0.0,0,0.0,0,0.0,0,0.0,0,0.0,0,0.0,0,0.0,0,0.0,0,0.0,0.00,0.0,0,0,0
772139336,通投-送对礼-蛇年礼盒40g-托管-日弘-视觉营销视频-24.12.9-乘风直播间,被计划暂停,审核通过,通投,直播间直接支付ROI,笔记（直播组件）,6753cf5c0000000007034468,66f67e4c000000001d03127d,视频笔记,通投-送对礼-蛇年礼盒40g-托管-日弘-视觉营销视频-24.12.9-乘风直播间,92365212,2024-12-09 08:47:13,0.00,0,0,0.0%,0.0,0.0,0,0.00,0.0,0,0,0.0,0,0,0.0,0,0.0,0,0.0,0,0.0,0,0.0,0,0.0,0,0.0,0,0.0,0,0.0,0,0.0,0.00,0.0,0,0,0
764400881,通投-不是燕-星光款-托管-日弘-24.12.6优化-乘风直播间,暂停,审核通过,通投,直播间直接支付ROI,笔记（直播组件）,6747c34600000000020383fa,583691373460942ae8fc16bb,图文笔记,通投-赛马合集-星光款-托管-日弘-24.12.6优化-乘风直播间,92052713,2024-12-06 14:49:45,0.00,0,0,0.0%,0.0,0.0,0,0.00,0.0,0,0,0.0,0,0,0.0,0,0.0,0,0.0,0,0.0,0,0.0,0,0.0,0,0.0,0,0.0,0,0.0,0,0.0,0.00,0.0,0,0,0
764400880,通投-内调变-星光款-托管-日弘-视觉营销视频-24.12.6优化-乘风直播间,暂停,审核拒绝,通投,直播间直接支付ROI,笔记（直播组件）,671239d90000000016021723,583691373460942ae8fc16bb,视频笔记,通投-赛马合集-星光款-托管-日弘-24.12.6优化-乘风直播间,92052713,2024-12-06 14:49:45,0.00,0,0,0.0%,0.0,0.0,0,0.00,0.0,0,0,0.0,0,0,0.0,0,0.0,0,0.0,0,0.0,0,0.0,0,0.0,0,0.0,0,0.0,0,0.0,0,0.0,0.00,0.0,0,0,0
761283319,通投-气色差-星光款-托管-日弘-24.12.5优化-乘风直播间,被计划暂停,审核通过,通投,直播间直接支付ROI,笔记（直播组件）,672335bd000000003c016ce3,583691373460942ae8fc16bb,图文笔记,通投-气色差-星光款-托管-日弘-24.12.5优化-乘风直播间,91946732,2024-12-05 17:44:49,0.00,0,0,0.0%,0.0,0.0,0,0.00,0.0,0,0,0.0,0,0,0.0,0,0.0,0,0.0,0,0.0,0,0.0,0,0.0,0,0.0,0,0.0,0,0.0,0,0.0,0.00,0.0,0,0,0
760822388,通投-产品经理Ada-钻石碗50g-托管放量-日弘-24.12.5-乘风直播间,被计划暂停,不满足审核条件,通投,直播间直接支付ROI,笔记（直播组件）,672c91b8000000001901596e,5b0f61034eacab3c97eb88f2,图文笔记,通投-放量计划-星光款-托管放量-日弘-24.12.5-乘风直播间,91898058,2024-12-05 16:54:28,0.00,0,0,0.0%,0.0,0.0,0,0.00,0.0,0,0,0.0,0,0,0.0,0,0.0,0,0.0,0,0.0,0,0.0,0,0.0,0,0.0,0,0.0,0,0.0,0,0.0,0.00,0.0,0,0,0
760822387,通投-燕窝新-合集款-托管放量-日弘-24.12.5-乘风直播间,被计划暂停,审核通过,通投,直播间直接支付ROI,笔记（直播组件）,6735ba5f000000003c015663,583691373460942ae8fc16bb,图文笔记,通投-放量计划-星光款-托管放量-日弘-24.12.5-乘风直播间,91898058,2024-12-05 16:54:28,0.00,0,0,0.0%,0.0,0.0,0,0.00,0.0,0,0,0.0,0,0,0.0,0,0.0,0,0.0,0,0.0,0,0.0,0,0.0,0,0.0,0,0.0,0,0.0,0,0.0,0.00,0.0,0,0,0
760822386,通投-囤内服-星光款-托管放量-日弘-24.12.5-乘风直播间,暂停,不满足审核条件,通投,直播间直接支付ROI,笔记（直播组件）,672c10c2000000001d039444,583691373460942ae8fc16bb,图文笔记,通投-放量计划-星光款-托管放量-日弘-24.12.5-乘风直播间,91898058,2024-12-05 16:54:28,0.00,0,0,0.0%,0.0,0.0,0,0.00,0.0,0,0,0.0,0,0,0.0,0,0.0,0,0.0,0,0.0,0,0.0,0,0.0,0,0.0,0,0.0,0,0.0,0,0.0,0.00,0.0,0,0,0
760822385,通投-终于有-星光款-托管放量-日弘转载-24.12.5-乘风直播间,被计划暂停,不满足审核条件,通投,直播间直接支付ROI,笔记（直播组件）,671f56df000000001402ebd5,583691373460942ae8fc16bb,图文笔记,通投-放量计划-星光款-托管放量-日弘-24.12.5-乘风直播间,91898058,2024-12-05 16:54:28,0.00,0,0,0.0%,0.0,0.0,0,0.00,0.0,0,0,0.0,0,0,0.0,0,0.0,0,0.0,0,0.0,0,0.0,0,0.0,0,0.0,0,0.0,0,0.0,0,0.0,0.00,0.0,0,0,0
760822384,通投-吃到中-星光款-托管放量-日弘-视觉营销视频-24.12.5-乘风直播间,被计划暂停,审核通过,通投,直播间直接支付ROI,笔记（直播组件）,6731d9b1000000003c015062,583691373460942ae8fc16bb,视频笔记,通投-放量计划-星光款-托管放量-日弘-24.12.5-乘风直播间,91898058,2024-12-05 16:54:28,0.00,0,0,0.0%,0.0,0.0,0,0.00,0.0,0,0,0.0,0,0,0.0,0,0.0,0,0.0,0,0.0,0,0.0,0,0.0,0,0.0,0,0.0,0,0.0,0,0.0,0.00,0.0,0,0,0
760822383,通投-不走弯-合集款-托管放量-日弘转载-24.12.5-乘风直播间,暂停,不满足审核条件,通投,直播间直接支付ROI,笔记（直播组件）,67077879000000002a0345f7,583691373460942ae8fc16bb,图文笔记,通投-放量计划-星光款-托管放量-日弘-24.12.5-乘风直播间,91898058,2024-12-05 16:54:28,0.00,0,0,0.0%,0.0,0.0,0,0.00,0.0,0,0,0.0,0,0,0.0,0,0.0,0,0.0,0,0.0,0,0.0,0,0.0,0,0.0,0,0.0,0,0.0,0,0.0,0.00,0.0,0,0,0
760822382,通投-刷到这-钻石碗50g-托管放量-日弘二创视频-24.12.5-乘风直播间,被计划暂停,审核通过,通投,直播间直接支付ROI,笔记（直播组件）,672d8b0b000000003c01d479,583691373460942ae8fc16bb,视频笔记,通投-放量计划-星光款-托管放量-日弘-24.12.5-乘风直播间,91898058,2024-12-05 16:54:28,0.00,0,0,0.0%,0.0,0.0,0,0.00,0.0,0,0,0.0,0,0,0.0,0,0.0,0,0.0,0,0.0,0,0.0,0,0.0,0,0.0,0,0.0,0,0.0,0,0.0,0.00,0.0,0,0,0
760391004,通投-人生燕-青春款-托管-日弘-视觉营销视频-24.12.5-乘风直播间,被计划暂停,审核通过,通投,直播间直接支付ROI,笔记（直播组件）,67514f2900000000070302a7,66f67e4c000000001d03127d,视频笔记,通投-人生燕-青春款-托管-日弘-视觉营销视频-24.12.5-乘风直播间,91869585,2024-12-05 15:04:54,0.00,0,0,0.0%,0.0,0.0,0,0.00,0.0,0,0,0.0,0,0,0.0,0,0.0,0,0.0,0,0.0,0,0.0,0,0.0,0,0.0,0,0.0,0,0.0,0,0.0,0.00,0.0,0,0,0
760557665,通投-不玩虚-钻石碗50g-托管-日弘-视觉营销视频-24.12.5优化-乘风直播间,被计划暂停,审核通过,通投,直播间直接支付ROI,笔记（直播组件）,6722e103000000001d038c1a,583691373460942ae8fc16bb,视频笔记,通投-不玩虚-钻石碗50g-托管-日弘-视觉营销视频-24.12.5优化-乘风直播间,91863480,2024-12-05 14:57:17,0.00,0,0,0.0%,0.0,0.0,0,0.00,0.0,0,0,0.0,0,0,0.0,0,0.0,0,0.0,0,0.0,0,0.0,0,0.0,0,0.0,0,0.0,0,0.0,0,0.0,0.00,0.0,0,0,0
760440895,通投-跟着女-星光款-托管-日弘-二创视频-24.12.5优化-乘风直播间,被计划暂停,审核通过,通投,直播间直接支付ROI,笔记（直播组件）,6708f65e000000002c02824f,583691373460942ae8fc16bb,视频笔记,通投-跟着女-星光款-托管-日弘-二创视频-24.12.5优化-乘风直播间,91869261,2024-12-05 14:56:31,0.00,0,0,0.0%,0.0,0.0,0,0.00,0.0,0,0,0.0,0,0,0.0,0,0.0,0,0.0,0,0.0,0,0.0,0,0.0,0,0.0,0,0.0,0,0.0,0,0.0,0.00,0.0,0,0,0
760499560,通投-补囤货-星光款-托管-日弘-24.12.5优化-乘风直播间,被计划暂停,审核通过,通投,直播间直接支付ROI,笔记（直播组件）,6710758f00000000160218df,583691373460942ae8fc16bb,图文笔记,通投-补囤货-星光款-托管-日弘-24.12.5优化-乘风直播间,91851665,2024-12-05 14:55:37,0.00,0,0,0.0%,0.0,0.0,0,0.00,0.0,0,0,0.0,0,0,0.0,0,0.0,0,0.0,0,0.0,0,0.0,0,0.0,0,0.0,0,0.0,0,0.0,0,0.0,0.00,0.0,0,0,0
757670964,通投-子怡保-钻石碗50g-托管-日弘-视觉营销视频-24.12.4-乘风直播间,被计划暂停,审核通过,通投,直播间直接支付ROI,笔记（直播组件）,67501bc5000000000703a1ba,66f67e4c000000001d03127d,视频笔记,通投-子怡保-钻石碗50g-托管-日弘-视觉营销视频-24.12.4-乘风直播间,91726862,2024-12-04 17:14:42,0.00,0,0,0.0%,0.0,0.0,0,0.00,0.0,0,0,0.0,0,0,0.0,0,0.0,0,0.0,0,0.0,0,0.0,0,0.0,0,0.0,0,0.0,0,0.0,0,0.0,0.00,0.0,0,0,0
755709451,通投-不走弯-合集款-高级定向-日弘转载-24.12.4-乘风直播间,被计划暂停,审核通过,通投,直播间直接支付ROI,笔记（直播组件）,67077879000000002a0345f7,583691373460942ae8fc16bb,图文笔记,通投-合集-星光款-高级定向-日弘-24.12.4-乘风直播间,91621272,2024-12-04 09:48:00,0.00,0,0,0.0%,0.0,0.0,0,0.00,0.0,0,0,0.0,0,0,0.0,0,0.0,0,0.0,0,0.0,0,0.0,0,0.0,0,0.0,0,0.0,0,0.0,0,0.0,0.00,0.0,0,0,0
755709450,通投-终于有-星光款-高级定向-日弘转载-24.12.4-乘风直播间,被计划暂停,审核通过,通投,直播间直接支付ROI,笔记（直播组件）,671f56df000000001402ebd5,583691373460942ae8fc16bb,图文笔记,通投-合集-星光款-高级定向-日弘-24.12.4-乘风直播间,91621272,2024-12-04 09:48:00,0.00,0,0,0.0%,0.0,0.0,0,0.00,0.0,0,0,0.0,0,0,0.0,0,0.0,0,0.0,0,0.0,0,0.0,0,0.0,0,0.0,0,0.0,0,0.0,0,0.0,0.00,0.0,0,0,0
755709449,通投-吃到中-星光款-高级定向-日弘-视觉营销视频-24.12.4-乘风直播间,被计划暂停,审核通过,通投,直播间直接支付ROI,笔记（直播组件）,6731d9b1000000003c015062,583691373460942ae8fc16bb,视频笔记,通投-合集-星光款-高级定向-日弘-24.12.4-乘风直播间,91621272,2024-12-04 09:48:00,0.00,0,0,0.0%,0.0,0.0,0,0.00,0.0,0,0,0.0,0,0,0.0,0,0.0,0,0.0,0,0.0,0,0.0,0,0.0,0,0.0,0,0.0,0,0.0,0,0.0,0.00,0.0,0,0,0
753134015,搜索-真的太-星光款-托管-日弘-24.12.3-乘风直播间,暂停,审核通过,搜索,直播间直接支付ROI,笔记（直播组件）,66ced14a000000001f03d407,583691373460942ae8fc16bb,图文笔记,搜索-合集-钻石碗-托管-日弘-24.12.3-乘风直播间,91485238,2024-12-03 11:50:27,0.00,0,0,0.0%,0.0,0.0,0,0.00,0.0,0,0,0.0,0,0,0.0,0,0.0,0,0.0,0,0.0,0,0.0,0,0.0,0,0.0,0,0.0,0,0.0,0,0.0,0.00,0.0,0,0,0
753134014,搜索-刷到这-钻石碗50g-托管-日弘-24.12.3-乘风直播间,暂停,审核通过,搜索,直播间直接支付ROI,笔记（直播组件）,672d8b0b000000003c01d479,583691373460942ae8fc16bb,视频笔记,搜索-合集-钻石碗-托管-日弘-24.12.3-乘风直播间,91485238,2024-12-03 11:50:27,0.00,0,0,0.0%,0.0,0.0,0,0.00,0.0,0,0,0.0,0,0,0.0,0,0.0,0,0.0,0,0.0,0,0.0,0,0.0,0,0.0,0,0.0,0,0.0,0,0.0,0.00,0.0,0,0,0
753134013,搜索-最后一-青春款-托管-日弘-24.12.3-乘风直播间,暂停,审核通过,搜索,直播间直接支付ROI,笔记（直播组件）,672c7401000000001d039a2f,583691373460942ae8fc16bb,视频笔记,搜索-合集-钻石碗-托管-日弘-24.12.3-乘风直播间,91485238,2024-12-03 11:50:27,0.00,0,0,0.0%,0.0,0.0,0,0.00,0.0,0,0,0.0,0,0,0.0,0,0.0,0,0.0,0,0.0,0,0.0,0,0.0,0,0.0,0,0.0,0,0.0,0,0.0,0.00,0.0,0,0,0
753134012,搜索-不走弯-合集款-托管-日弘-24.12.3-乘风直播间,被计划暂停,不满足审核条件,搜索,直播间直接支付ROI,笔记（直播组件）,67077879000000002a0345f7,583691373460942ae8fc16bb,图文笔记,搜索-合集-钻石碗-托管-日弘-24.12.3-乘风直播间,91485238,2024-12-03 11:50:27,0.00,0,0,0.0%,0.0,0.0,0,0.00,0.0,0,0,0.0,0,0,0.0,0,0.0,0,0.0,0,0.0,0,0.0,0,0.0,0,0.0,0,0.0,0,0.0,0,0.0,0.00,0.0,0,0,0
753134011,搜索-终于有-星光款-托管-日弘-24.12.3-乘风直播间,暂停,审核通过,搜索,直播间直接支付ROI,笔记（直播组件）,671f56df000000001402ebd5,583691373460942ae8fc16bb,图文笔记,搜索-合集-钻石碗-托管-日弘-24.12.3-乘风直播间,91485238,2024-12-03 11:50:27,0.00,0,0,0.0%,0.0,0.0,0,0.00,0.0,0,0,0.0,0,0,0.0,0,0.0,0,0.0,0,0.0,0,0.0,0,0.0,0,0.0,0,0.0,0,0.0,0,0.0,0.00,0.0,0,0,0
753134010,搜索-囤内服-星光款-托管-日弘-24.12.3-乘风直播间,暂停,不满足审核条件,搜索,直播间直接支付ROI,笔记（直播组件）,672c10c2000000001d039444,583691373460942ae8fc16bb,图文笔记,搜索-合集-钻石碗-托管-日弘-24.12.3-乘风直播间,91485238,2024-12-03 11:50:27,0.00,0,0,0.0%,0.0,0.0,0,0.00,0.0,0,0,0.0,0,0,0.0,0,0.0,0,0.0,0,0.0,0,0.0,0,0.0,0,0.0,0,0.0,0,0.0,0,0.0,0.00,0.0,0,0,0
753134009,搜索-燕窝新-合集款-托管-日弘-24.12.3-乘风直播间,暂停,审核通过,搜索,直播间直接支付ROI,笔记（直播组件）,6735ba5f000000003c015663,583691373460942ae8fc16bb,图文笔记,搜索-合集-钻石碗-托管-日弘-24.12.3-乘风直播间,91485238,2024-12-03 11:50:27,0.00,0,0,0.0%,0.0,0.0,0,0.00,0.0,0,0,0.0,0,0,0.0,0,0.0,0,0.0,0,0.0,0,0.0,0,0.0,0,0.0,0,0.0,0,0.0,0,0.0,0.00,0.0,0,0,0
753134008,搜索-合集-钻石碗-托管-日弘-24.12.3-乘风直播间,暂停,审核通过,搜索,直播间直接支付ROI,直播间,,-,无笔记,搜索-合集-钻石碗-托管-日弘-24.12.3-乘风直播间,91485238,2024-12-03 11:50:27,0.00,0,0,0.0%,0.0,0.0,0,0.00,0.0,0,0,0.0,0,0,0.0,0,0.0,0,0.0,0,0.0,0,0.0,0,0.0,0,0.0,0,0.0,0,0.0,0,0.0,0.00,0.0,0,0,0
752363997,通投-抄作业-合集款-托管-日弘转载-24.12.3-乘风直播间,被计划暂停,审核通过,通投,直播间直接支付ROI,笔记（直播组件）,67286f8f000000003c01a136,583691373460942ae8fc16bb,图文笔记,通投-抄作业-合集款-托管-日弘转载-24.12.3-乘风直播间12.18优化,91472248,2024-12-03 09:11:12,0.00,0,0,0.0%,0.0,0.0,0,0.00,0.0,0,0,0.0,0,0,0.0,0,0.0,0,0.0,0,0.0,0,0.0,0,0.0,0,0.0,0,0.0,0,0.0,0,0.0,0.00,0.0,0,0,0
752180451,通投-鲤鱼宁-钻石碗50g-托管-达人-24.12.3-乘风直播间,被计划暂停,审核通过,通投,直播间直接支付ROI,笔记（直播组件）,673ad7b900000000070338a6,5693545a6a6a6901584fd00a,图文笔记,通投-鲤鱼宁-钻石碗50g-托管-达人-24.12.3-乘风直播间,91454516,2024-12-03 08:49:32,0.00,0,0,0.0%,0.0,0.0,0,0.00,0.0,0,0,0.0,0,0,0.0,0,0.0,0,0.0,0,0.0,0,0.0,0,0.0,0,0.0,0,0.0,0,0.0,0,0.0,0.00,0.0,0,0,0
752297313,通投-张嘻嘻-星光款-托管-达人-24.12.3-乘风直播间,被计划暂停,审核通过,通投,直播间直接支付ROI,笔记（直播组件）,673e807d00000000020187e1,5a6a707711be103a5937b9a5,图文笔记,通投-张嘻嘻-星光款-托管-达人-24.12.3-乘风直播间,91466331,2024-12-03 08:47:51,0.00,0,0,0.0%,0.0,0.0,0,0.00,0.0,0,0,0.0,0,0,0.0,0,0.0,0,0.0,0,0.0,0,0.0,0,0.0,0,0.0,0,0.0,0,0.0,0,0.0,0.00,0.0,0,0,0
751129713,通投-谁还交-青春款-托管-日弘-24.12.2-乘风直播间,被计划暂停,审核通过,通投,直播间直接支付ROI,笔记（直播组件）,6748473c000000000202af9e,583691373460942ae8fc16bb,视频笔记,通投-谁还交-青春款-托管-日弘-24.12.2-乘风直播间,91390885,2024-12-02 17:45:46,0.00,0,0,0.0%,0.0,0.0,0,0.00,0.0,0,0,0.0,0,0,0.0,0,0.0,0,0.0,0,0.0,0,0.0,0,0.0,0,0.0,0,0.0,0,0.0,0,0.0,0.00,0.0,0,0,0
739830298,通投-跟风买-钻石碗50g-托管-日弘-24.11.28优化-乘风直播间,被计划暂停,审核通过,通投,直播间直接支付ROI,笔记（直播组件）,6732ecdf000000003c01e167,583691373460942ae8fc16bb,图文笔记,通投-跟风买-钻石碗50g-托管-日弘-24.11.28优化-乘风直播间,90842817,2024-11-28 16:02:27,0.00,0,0,0.0%,0.0,0.0,0,0.00,0.0,0,0,0.0,0,0,0.0,0,0.0,0,0.0,0,0.0,0,0.0,0,0.0,0,0.0,0,0.0,0,0.0,0,0.0,0.00,0.0,0,0,0
739930824,通投-都20-钻石碗50g-托管-日弘-24.11.28-乘风直播间,被计划暂停,审核通过,通投,直播间直接支付ROI,笔记（直播组件）,674811cb000000000203b0f3,583691373460942ae8fc16bb,视频笔记,通投-都20-钻石碗50g-托管-日弘-24.11.28-乘风直播间,90799774,2024-11-28 15:32:16,0.00,0,0,0.0%,0.0,0.0,0,0.00,0.0,0,0,0.0,0,0,0.0,0,0.0,0,0.0,0,0.0,0,0.0,0,0.0,0,0.0,0,0.0,0,0.0,0,0.0,0.00,0.0,0,0,0
739856269,通投-燕窝顶-钻石碗50g-托管-日弘-24.11.28优化-乘风直播间,被计划暂停,审核通过,通投,直播间直接支付ROI,笔记（直播组件）,672c7f23000000003c0182d1,583691373460942ae8fc16bb,图文笔记,通投-燕窝顶-钻石碗50g-托管-日弘-24.11.28优化-乘风直播间,90816607,2024-11-28 15:10:22,0.00,0,0,0.0%,0.0,0.0,0,0.00,0.0,0,0,0.0,0,0,0.0,0,0.0,0,0.0,0,0.0,0,0.0,0,0.0,0,0.0,0,0.0,0,0.0,0,0.0,0.00,0.0,0,0,0
739903823,通投-毛哥毛小毛-钻石碗50g-托管-达人视频-24.11.28-乘风直播间,被计划暂停,审核通过,通投,直播间直接支付ROI,笔记（直播组件）,67400035000000000601506d,5e2a9124000000000100ae6e,视频笔记,通投-毛哥毛小毛-钻石碗50g-托管-达人视频-24.11.28-乘风直播间,90798310,2024-11-28 14:54:31,0.00,0,0,0.0%,0.0,0.0,0,0.00,0.0,0,0,0.0,0,0,0.0,0,0.0,0,0.0,0,0.0,0,0.0,0,0.0,0,0.0,0,0.0,0,0.0,0,0.0,0.00,0.0,0,0,0
739332548,通投-不是燕-星光款-托管-日弘-24.11.28-乘风直播间,被计划暂停,审核通过,通投,直播间直接支付ROI,笔记（直播组件）,6747c34600000000020383fa,583691373460942ae8fc16bb,图文笔记,通投-不是燕-星光款-托管-日弘-24.11.28-乘风直播间,90757712,2024-11-28 11:44:42,0.00,0,0,0.0%,0.0,0.0,0,0.00,0.0,0,0,0.0,0,0,0.0,0,0.0,0,0.0,0,0.0,0,0.0,0,0.0,0,0.0,0,0.0,0,0.0,0,0.0,0.00,0.0,0,0,0
738899601,通投-燕窝新-合集款-高级定向-日弘-24.11.28-乘风直播间,被计划暂停,审核通过,通投,直播间直接支付ROI,笔记（直播组件）,6735ba5f000000003c015663,583691373460942ae8fc16bb,图文笔记,通投-合集-钻石碗50g-高级定向-日弘-24.11.28-乘风直播间,90770976,2024-11-28 09:50:37,0.00,0,0,0.0%,0.0,0.0,0,0.00,0.0,0,0,0.0,0,0,0.0,0,0.0,0,0.0,0,0.0,0,0.0,0,0.0,0,0.0,0,0.0,0,0.0,0,0.0,0.00,0.0,0,0,0
738899600,通投-刷到这-钻石碗50g-高级定向-日弘二创视频-24.11.28-乘风直播间,暂停,审核通过,通投,直播间直接支付ROI,笔记（直播组件）,672d8b0b000000003c01d479,583691373460942ae8fc16bb,视频笔记,通投-合集-钻石碗50g-高级定向-日弘-24.11.28-乘风直播间,90770976,2024-11-28 09:50:37,0.00,0,0,0.0%,0.0,0.0,0,0.00,0.0,0,0,0.0,0,0,0.0,0,0.0,0,0.0,0,0.0,0,0.0,0,0.0,0,0.0,0,0.0,0,0.0,0,0.0,0.00,0.0,0,0,0
736441075,通投-不走弯-合集款-托管-日弘转载-24.11.27优化-乘风直播间,被计划暂停,不满足审核条件,通投,直播间直接支付ROI,笔记（直播组件）,67077879000000002a0345f7,583691373460942ae8fc16bb,图文笔记,通投-不走弯-合集款-托管-日弘转载-24.11.27优化-乘风直播间,90623623,2024-11-27 11:36:08,0.00,0,0,0.0%,0.0,0.0,0,0.00,0.0,0,0,0.0,0,0,0.0,0,0.0,0,0.0,0,0.0,0,0.0,0,0.0,0,0.0,0,0.0,0,0.0,0,0.0,0.00,0.0,0,0,0
733127886,通投-孕期营-星光款-高级定向-日弘-24.11.26-乘风直播间,被计划暂停,审核通过,通投,直播间直接支付ROI,笔记（直播组件）,6721ff08000000003c015a5c,583691373460942ae8fc16bb,图文笔记,通投-孕期营-星光款-高级定向-日弘-24.11.26-乘风直播间,90431634,2024-11-26 10:47:27,0.00,0,0,0.0%,0.0,0.0,0,0.00,0.0,0,0,0.0,0,0,0.0,0,0.0,0,0.0,0,0.0,0,0.0,0,0.0,0,0.0,0,0.0,0,0.0,0,0.0,0.00,0.0,0,0,0
733120383,通投-不囤它-钻石碗50g-托管-日弘-24.11.16-乘风直播间,被计划暂停,审核通过,通投,直播间直接支付ROI,笔记（直播组件）,672b4caf000000003c01b514,583691373460942ae8fc16bb,图文笔记,通投-不囤它-钻石碗50g-托管-日弘-24.11.16-乘风直播间,90452152,2024-11-26 10:34:25,0.00,0,0,0.0%,0.0,0.0,0,0.00,0.0,0,0,0.0,0,0,0.0,0,0.0,0,0.0,0,0.0,0,0.0,0,0.0,0,0.0,0,0.0,0,0.0,0,0.0,0.00,0.0,0,0,0
731366225,通投-吃土阿姨-钻石碗50g-托管-达人-24.11.25-乘风直播间,被计划暂停,审核通过,通投,直播间直接支付ROI,笔记（直播组件）,673b1bbd000000000800489c,5aa934944eacab4c1a436c32,图文笔记,通投-吃土阿姨-钻石碗50g-托管-达人-24.11.25-乘风直播间,90357788,2024-11-25 17:04:44,0.00,0,0,0.0%,0.0,0.0,0,0.00,0.0,0,0,0.0,0,0,0.0,0,0.0,0,0.0,0,0.0,0,0.0,0,0.0,0,0.0,0,0.0,0,0.0,0,0.0,0.00,0.0,0,0,0
730320165,通投-秋冬变-小鲜瓶43g-高级定向-日弘-视觉营销视频-24.11.25-乘风直播间,被计划暂停,审核通过,通投,直播间直接支付ROI,笔记（直播组件）,673ab04b00000000020194bb,583691373460942ae8fc16bb,视频笔记,通投-秋冬变-小鲜瓶43g-高级定向-日弘-视觉营销视频-24.11.25-乘风直播间,90292909,2024-11-25 11:28:05,0.00,0,0,0.0%,0.0,0.0,0,0.00,0.0,0,0,0.0,0,0,0.0,0,0.0,0,0.0,0,0.0,0,0.0,0,0.0,0,0.0,0,0.0,0,0.0,0,0.0,0.00,0.0,0,0,0
729824795,通投-真的太-星光款-托管-日弘-24.11.25-乘风直播间,被计划暂停,审核通过,通投,直播间直接支付ROI,笔记（直播组件）,66ced14a000000001f03d407,583691373460942ae8fc16bb,图文笔记,通投-合集-星光款-托管-日弘-24.11.25-乘风直播间,90246980,2024-11-25 08:58:56,0.00,0,0,0.0%,0.0,0.0,0,0.00,0.0,0,0,0.0,0,0,0.0,0,0.0,0,0.0,0,0.0,0,0.0,0,0.0,0,0.0,0,0.0,0,0.0,0,0.0,0.00,0.0,0,0,0
729824794,通投-抄作业-合集款-托管-日弘转载-24.11.25-乘风直播间,暂停,审核通过,通投,直播间直接支付ROI,笔记（直播组件）,67286f8f000000003c01a136,583691373460942ae8fc16bb,图文笔记,通投-合集-星光款-托管-日弘-24.11.25-乘风直播间,90246980,2024-11-25 08:58:56,0.00,0,0,0.0%,0.0,0.0,0,0.00,0.0,0,0,0.0,0,0,0.0,0,0.0,0,0.0,0,0.0,0,0.0,0,0.0,0,0.0,0,0.0,0,0.0,0,0.0,0.00,0.0,0,0,0
722409541,通投-终于有-星光款-托管-日弘转载-24.11.22-乘风直播间,被计划暂停,审核通过,通投,直播间直接支付ROI,笔记（直播组件）,671f56df000000001402ebd5,583691373460942ae8fc16bb,图文笔记,通投-终于有-星光款-托管-日弘转载-24.11.22-乘风直播间,89902681,2024-11-22 09:45:35,0.00,0,0,0.0%,0.0,0.0,0,0.00,0.0,0,0,0.0,0,0,0.0,0,0.0,0,0.0,0,0.0,0,0.0,0,0.0,0,0.0,0,0.0,0,0.0,0,0.0,0.00,0.0,0,0,0
720598636,通投-一颗茜茜呀-合集款-高级定向-日弘-24.11.21-乘风直播间,被计划暂停,审核通过,通投,直播间直接支付ROI,笔记（直播组件）,66f4ce63000000002a0339e9,5913479a50c4b402746fc636,图文笔记,通投-一颗茜茜呀-合集款-高级定向-日弘-24.11.21-乘风直播间,89779458,2024-11-21 15:25:16,0.00,0,0,0.0%,0.0,0.0,0,0.00,0.0,0,0,0.0,0,0,0.0,0,0.0,0,0.0,0,0.0,0,0.0,0,0.0,0,0.0,0,0.0,0,0.0,0,0.0,0.00,0.0,0,0,0
719222926,通投-燕窝避-钻石碗50g-托管-日弘-24.11.21-乘风直播间,被计划暂停,不满足审核条件,通投,直播间直接支付ROI,笔记（直播组件）,673da51e000000000202bdc0,583691373460942ae8fc16bb,图文笔记,通投-燕窝避-钻石碗50g-托管-日弘-24.11.21-乘风直播间,89718626,2024-11-21 08:50:16,0.00,0,0,0.0%,0.0,0.0,0,0.00,0.0,0,0,0.0,0,0,0.0,0,0.0,0,0.0,0,0.0,0,0.0,0,0.0,0,0.0,0,0.0,0,0.0,0,0.0,0.00,0.0,0,0,0
717496428,通投-产品经理Ada-钻石碗50g-高级定向-达人-24.11.19-乘风直播间,被计划暂停,不满足审核条件,通投,直播间直接支付ROI,笔记（直播组件）,672c91b8000000001901596e,5b0f61034eacab3c97eb88f2,图文笔记,通投-产品经理Ada-钻石碗50g-高级定向-达人-24.11.19-乘风直播间,89395148,2024-11-20 16:19:10,0.00,0,0,0.0%,0.0,0.0,0,0.00,0.0,0,0,0.0,0,0,0.0,0,0.0,0,0.0,0,0.0,0,0.0,0,0.0,0,0.0,0,0.0,0,0.0,0,0.0,0.00,0.0,0,0,0
717391573,通投-Demi懂成分-钻石碗50g-托管-达人-24.11.20-乘风直播间,被计划暂停,不满足审核条件,通投,直播间直接支付ROI,笔记（直播组件）,67346048000000003c0147ff,615936f7000000000201ddb6,图文笔记,通投-Demi懂成分-钻石碗50g-托管-达人-24.11.20-乘风直播间,89643364,2024-11-20 16:03:56,0.00,0,0,0.0%,0.0,0.0,0,0.00,0.0,0,0,0.0,0,0,0.0,0,0.0,0,0.0,0,0.0,0,0.0,0,0.0,0,0.0,0,0.0,0,0.0,0,0.0,0.00,0.0,0,0,0
713294030,通投-孕期营-星光款-托管-日弘-24.11.19-乘风直播间,暂停,审核通过,通投,直播间直接支付ROI,笔记（直播组件）,6721ff08000000003c015a5c,583691373460942ae8fc16bb,图文笔记,通投-赛马-合集-托管-日弘-24.11.19-乘风直播间,89383831,2024-11-19 09:46:37,0.00,0,0,0.0%,0.0,0.0,0,0.00,0.0,0,0,0.0,0,0,0.0,0,0.0,0,0.0,0,0.0,0,0.0,0,0.0,0,0.0,0,0.0,0,0.0,0,0.0,0.00,0.0,0,0,0
713188393,通投-最后一-青春款-托管-日弘-视觉营销视频-24.11.19-乘风直播间,暂停,审核通过,通投,直播间直接支付ROI,笔记（直播组件）,672c7401000000001d039a2f,583691373460942ae8fc16bb,视频笔记,通投-赛马-合集-托管-日弘-24.11.19-乘风直播间,89383831,2024-11-19 09:43:51,0.00,0,0,0.0%,0.0,0.0,0,0.00,0.0,0,0,0.0,0,0,0.0,0,0.0,0,0.0,0,0.0,0,0.0,0,0.0,0,0.0,0,0.0,0,0.0,0,0.0,0.00,0.0,0,0,0
713188392,通投-燕窝顶-钻石碗50g-托管-日弘-24.11.19-乘风直播间,暂停,审核通过,通投,直播间直接支付ROI,笔记（直播组件）,672c7f23000000003c0182d1,583691373460942ae8fc16bb,图文笔记,通投-赛马-合集-托管-日弘-24.11.19-乘风直播间,89383831,2024-11-19 09:43:51,0.00,0,0,0.0%,0.0,0.0,0,0.00,0.0,0,0,0.0,0,0,0.0,0,0.0,0,0.0,0,0.0,0,0.0,0,0.0,0,0.0,0,0.0,0,0.0,0,0.0,0.00,0.0,0,0,0
713188391,通投-囤内服-星光款-托管-日弘-24.11.19-乘风直播间,暂停,审核通过,通投,直播间直接支付ROI,笔记（直播组件）,672c10c2000000001d039444,583691373460942ae8fc16bb,图文笔记,通投-赛马-合集-托管-日弘-24.11.19-乘风直播间,89383831,2024-11-19 09:43:51,0.00,0,0,0.0%,0.0,0.0,0,0.00,0.0,0,0,0.0,0,0,0.0,0,0.0,0,0.0,0,0.0,0,0.0,0,0.0,0,0.0,0,0.0,0,0.0,0,0.0,0.00,0.0,0,0,0
711758758,通投-从章子-星光款-托管-日弘-视觉营销视频-11.18-乘风直播间,被计划暂停,审核通过,通投,直播间直接支付ROI,笔记（直播组件）,673aff61000000000202ee04,583691373460942ae8fc16bb,视频笔记,通投-从章子-星光款-托管-日弘-视觉营销视频-11.18-乘风直播间,89344121,2024-11-18 17:58:00,0.00,0,0,0.0%,0.0,0.0,0,0.00,0.0,0,0,0.0,0,0,0.0,0,0.0,0,0.0,0,0.0,0,0.0,0,0.0,0,0.0,0,0.0,0,0.0,0,0.0,0.00,0.0,0,0,0
711206049,通投-秋冬变-小鲜瓶43g-托管-日弘-视觉营销视频-24.11.18-乘风直播间,被计划暂停,审核通过,通投,直播间直接支付ROI,笔记（直播组件）,673ab04b00000000020194bb,583691373460942ae8fc16bb,视频笔记,通投-秋冬变-小鲜瓶43g-托管-日弘-视觉营销视频-24.11.18-乘风直播间,89319336,2024-11-18 15:25:04,0.00,0,0,0.0%,0.0,0.0,0,0.00,0.0,0,0,0.0,0,0,0.0,0,0.0,0,0.0,0,0.0,0,0.0,0,0.0,0,0.0,0,0.0,0,0.0,0,0.0,0.00,0.0,0,0,0
710156762,通投-管阿姨-钻石碗50g-托管-达人-24.11.18-乘风直播间,被计划暂停,审核通过,通投,直播间直接支付ROI,笔记（直播组件）,672d9f22000000001d0398ef,57257a6482ec39548ede3798,图文笔记,通投-管阿姨-钻石碗50g-托管-达人-24.11.18-乘风直播间,89235595,2024-11-18 09:02:55,0.00,0,0,0.0%,0.0,0.0,0,0.00,0.0,0,0,0.0,0,0,0.0,0,0.0,0,0.0,0,0.0,0,0.0,0,0.0,0,0.0,0,0.0,0,0.0,0,0.0,0.00,0.0,0,0,0
703776660,通投-滋补仙-星光款-托管-日弘-24.11.15优化-乘风直播间,被计划暂停,审核通过,通投,直播间直接支付ROI,笔记（直播组件）,672190cd000000003c018359,583691373460942ae8fc16bb,图文笔记,通投-笔记合集-星光款-托管-日弘-24.11.15优化-乘风直播间,88945839,2024-11-15 17:36:30,0.00,0,0,0.0%,0.0,0.0,0,0.00,0.0,0,0,0.0,0,0,0.0,0,0.0,0,0.0,0,0.0,0,0.0,0,0.0,0,0.0,0,0.0,0,0.0,0,0.0,0.00,0.0,0,0,0
703776659,通投-不玩虚-钻石碗50g-托管-日弘-视觉营销视频-24.11.15优化-乘风直播间,暂停,审核通过,通投,直播间直接支付ROI,笔记（直播组件）,6722e103000000001d038c1a,583691373460942ae8fc16bb,视频笔记,通投-笔记合集-星光款-托管-日弘-24.11.15优化-乘风直播间,88945839,2024-11-15 17:36:30,0.00,0,0,0.0%,0.0,0.0,0,0.00,0.0,0,0,0.0,0,0,0.0,0,0.0,0,0.0,0,0.0,0,0.0,0,0.0,0,0.0,0,0.0,0,0.0,0,0.0,0.00,0.0,0,0,0
703776658,通投-状态回-钻石碗50g-托管-日弘-视觉营销视频-24.11.15优化-乘风直播间,暂停,审核通过,通投,直播间直接支付ROI,笔记（直播组件）,6722e07e000000003c01a426,583691373460942ae8fc16bb,视频笔记,通投-笔记合集-星光款-托管-日弘-24.11.15优化-乘风直播间,88945839,2024-11-15 17:36:30,0.00,0,0,0.0%,0.0,0.0,0,0.00,0.0,0,0,0.0,0,0,0.0,0,0.0,0,0.0,0,0.0,0,0.0,0,0.0,0,0.0,0,0.0,0,0.0,0,0.0,0.00,0.0,0,0,0
701146178,通投-燕窝新-合集款-托管-日弘-24.11.14-乘风直播间,被计划暂停,审核通过,通投,直播间直接支付ROI,笔记（直播组件）,6735ba5f000000003c015663,583691373460942ae8fc16bb,图文笔记,通投-燕窝新-合集款-托管-日弘-24.11.14-乘风直播间,88805305,2024-11-14 17:05:50,0.00,0,0,0.0%,0.0,0.0,0,0.00,0.0,0,0,0.0,0,0,0.0,0,0.0,0,0.0,0,0.0,0,0.0,0,0.0,0,0.0,0,0.0,0,0.0,0,0.0,0.00,0.0,0,0,0
696476963,通投-怎么选-青春款-托管-日弘二创-24.11.13优化-乘风直播间,被计划暂停,审核通过,通投,直播间直接支付ROI,笔记（直播组件）,670f65ce0000000016021fa8,583691373460942ae8fc16bb,图文笔记,通投-怎么选-青春款-托管-日弘二创-24.11.13优化-乘风直播间,88543225,2024-11-13 08:59:45,0.00,0,0,0.0%,0.0,0.0,0,0.00,0.0,0,0,0.0,0,0,0.0,0,0.0,0,0.0,0,0.0,0,0.0,0,0.0,0,0.0,0,0.0,0,0.0,0,0.0,0.00,0.0,0,0,0
696437078,通投-燕窝就-星光款-托管-日弘-24.11.13-乘风直播间,被计划暂停,审核通过,通投,直播间直接支付ROI,笔记（直播组件）,6733265a000000003c01b650,583691373460942ae8fc16bb,图文笔记,通投-燕窝就-星光款-托管-日弘-24.11.13-乘风直播间,88570652,2024-11-13 08:58:05,0.00,0,0,0.0%,0.0,0.0,0,0.00,0.0,0,0,0.0,0,0,0.0,0,0.0,0,0.0,0,0.0,0,0.0,0,0.0,0,0.0,0,0.0,0,0.0,0,0.0,0.00,0.0,0,0,0
695144842,通投-刘兆婷-小鲜瓶43g-托管-达人视频-24.11.12-乘风直播间,暂停,审核拒绝,通投,直播间直接支付ROI,笔记（直播组件）,6721c678000000001d03a963,56921eabb8ce1a1e5a165c01,视频笔记,通投-达人笔记-小鲜瓶43g-托管-达人视频-24.11.12-乘风直播间,88483622,2024-11-12 16:37:20,0.00,0,0,0.0%,0.0,0.0,0,0.00,0.0,0,0,0.0,0,0,0.0,0,0.0,0,0.0,0,0.0,0,0.0,0,0.0,0,0.0,0,0.0,0,0.0,0,0.0,0.00,0.0,0,0,0
695144841,通投-Nana不太辣-小鲜瓶43g-托管-达人视频-24.11.12-乘风直播间,被计划暂停,审核通过,通投,直播间直接支付ROI,笔记（直播组件）,6720a37d000000001b0133f8,58eaf7d95e87e73ce834aa87,视频笔记,通投-达人笔记-小鲜瓶43g-托管-达人视频-24.11.12-乘风直播间,88483622,2024-11-12 16:37:20,0.00,0,0,0.0%,0.0,0.0,0,0.00,0.0,0,0,0.0,0,0,0.0,0,0.0,0,0.0,0,0.0,0,0.0,0,0.0,0,0.0,0,0.0,0,0.0,0,0.0,0.00,0.0,0,0,0
694658881,通投-桃花肌-星光款-托管-日弘-二创视频-24.11.12优化3-乘风直播间,被计划暂停,审核通过,通投,直播间直接支付ROI,笔记（直播组件）,66f9267c000000002a034b92,583691373460942ae8fc16bb,视频笔记,通投-桃花肌-星光款-托管-日弘-二创视频-24.11.12优化3-乘风直播间,88475160,2024-11-12 15:39:43,0.00,0,0,0.0%,0.0,0.0,0,0.00,0.0,0,0,0.0,0,0,0.0,0,0.0,0,0.0,0,0.0,0,0.0,0,0.0,0,0.0,0,0.0,0,0.0,0,0.0,0.00,0.0,0,0,0
694294477,通投-跟风买-钻石碗50g-托管-日弘-24.11.12-乘风直播间,被计划暂停,审核通过,通投,直播间直接支付ROI,笔记（直播组件）,6732ecdf000000003c01e167,583691373460942ae8fc16bb,图文笔记,通投-跟风买-钻石碗50g-托管-日弘-24.11.12-乘风直播间,88457256,2024-11-12 13:59:21,0.00,0,0,0.0%,0.0,0.0,0,0.00,0.0,0,0,0.0,0,0,0.0,0,0.0,0,0.0,0,0.0,0,0.0,0,0.0,0,0.0,0,0.0,0,0.0,0,0.0,0.00,0.0,0,0,0
693581971,通投-吃到中-星光款-托管-日弘-视觉营销视频-24.11.12-乘风直播间,被计划暂停,审核通过,通投,直播间直接支付ROI,笔记（直播组件）,6731d9b1000000003c015062,583691373460942ae8fc16bb,视频笔记,通投-吃到中-星光款-托管-日弘-视觉营销视频-24.11.12-乘风直播间,88412205,2024-11-12 08:53:11,0.00,0,0,0.0%,0.0,0.0,0,0.00,0.0,0,0,0.0,0,0,0.0,0,0.0,0,0.0,0,0.0,0,0.0,0,0.0,0,0.0,0,0.0,0,0.0,0,0.0,0.00,0.0,0,0,0
692021941,通投-产品经理Ada-钻石碗50g-托管-达人-24.11.11-乘风直播间,被计划暂停,审核通过,通投,直播间直接支付ROI,笔记（直播组件）,672c91b8000000001901596e,5b0f61034eacab3c97eb88f2,图文笔记,通投-产品经理Ada-钻石碗50g-托管-达人-24.11.11-乘风直播间,88321165,2024-11-11 15:58:07,0.00,0,0,0.0%,0.0,0.0,0,0.00,0.0,0,0,0.0,0,0,0.0,0,0.0,0,0.0,0,0.0,0,0.0,0,0.0,0,0.0,0,0.0,0,0.0,0,0.0,0.00,0.0,0,0,0
691907489,搜索-吃空几-星光款-托管-日弘-24.11.11-乘风直播间,被计划暂停,审核通过,搜索,直播间直接支付ROI,笔记（直播组件）,672c810d000000003c01eb5d,583691373460942ae8fc16bb,图文笔记,搜索-优质合集-星光款-托管-日弘-24.11.11-乘风直播间,88314221,2024-11-11 15:20:59,0.00,0,0,0.0%,0.0,0.0,0,0.00,0.0,0,0,0.0,0,0,0.0,0,0.0,0,0.0,0,0.0,0,0.0,0,0.0,0,0.0,0,0.0,0,0.0,0,0.0,0.00,0.0,0,0,0
691907488,搜索-不走弯-合集款-托管-日弘-24.11.11-乘风直播间,暂停,不满足审核条件,搜索,直播间直接支付ROI,笔记（直播组件）,67077879000000002a0345f7,583691373460942ae8fc16bb,图文笔记,搜索-优质合集-星光款-托管-日弘-24.11.11-乘风直播间,88314221,2024-11-11 15:20:59,0.00,0,0,0.0%,0.0,0.0,0,0.00,0.0,0,0,0.0,0,0,0.0,0,0.0,0,0.0,0,0.0,0,0.0,0,0.0,0,0.0,0,0.0,0,0.0,0,0.0,0.00,0.0,0,0,0
691907487,搜索-跟着女-星光款-托管-日弘-24.11.11-乘风直播间,被计划暂停,审核通过,搜索,直播间直接支付ROI,笔记（直播组件）,6708f65e000000002c02824f,583691373460942ae8fc16bb,视频笔记,搜索-优质合集-星光款-托管-日弘-24.11.11-乘风直播间,88314221,2024-11-11 15:20:59,0.00,0,0,0.0%,0.0,0.0,0,0.00,0.0,0,0,0.0,0,0,0.0,0,0.0,0,0.0,0,0.0,0,0.0,0,0.0,0,0.0,0,0.0,0,0.0,0,0.0,0.00,0.0,0,0,0
691907486,搜索-不愧是-钻石碗50g-托管-日弘-24.11.11-乘风直播间,被计划暂停,审核通过,搜索,直播间直接支付ROI,笔记（直播组件）,671b7b45000000001602290d,583691373460942ae8fc16bb,图文笔记,搜索-优质合集-星光款-托管-日弘-24.11.11-乘风直播间,88314221,2024-11-11 15:20:59,0.00,0,0,0.0%,0.0,0.0,0,0.00,0.0,0,0,0.0,0,0,0.0,0,0.0,0,0.0,0,0.0,0,0.0,0,0.0,0,0.0,0,0.0,0,0.0,0,0.0,0.00,0.0,0,0,0
691907485,搜索-一颗茜茜-星光款-托管-日弘-24.11.11-乘风直播间,被计划暂停,不满足审核条件,搜索,直播间直接支付ROI,笔记（直播组件）,66f4ce63000000002a0339e9,5913479a50c4b402746fc636,图文笔记,搜索-优质合集-星光款-托管-日弘-24.11.11-乘风直播间,88314221,2024-11-11 15:20:59,0.00,0,0,0.0%,0.0,0.0,0,0.00,0.0,0,0,0.0,0,0,0.0,0,0.0,0,0.0,0,0.0,0,0.0,0,0.0,0,0.0,0,0.0,0,0.0,0,0.0,0.00,0.0,0,0,0
691907484,搜索-真的太-星光款-托管-日弘-24.11.11-乘风直播间,被计划暂停,审核通过,搜索,直播间直接支付ROI,笔记（直播组件）,66ced14a000000001f03d407,583691373460942ae8fc16bb,图文笔记,搜索-优质合集-星光款-托管-日弘-24.11.11-乘风直播间,88314221,2024-11-11 15:20:59,0.00,0,0,0.0%,0.0,0.0,0,0.00,0.0,0,0,0.0,0,0,0.0,0,0.0,0,0.0,0,0.0,0,0.0,0,0.0,0,0.0,0,0.0,0,0.0,0,0.0,0.00,0.0,0,0,0
691907483,搜索-孕期营-星光款-托管-日弘-24.11.11-乘风直播间,被计划暂停,不满足审核条件,搜索,直播间直接支付ROI,笔记（直播组件）,6721ff08000000003c015a5c,583691373460942ae8fc16bb,图文笔记,搜索-优质合集-星光款-托管-日弘-24.11.11-乘风直播间,88314221,2024-11-11 15:20:59,0.00,0,0,0.0%,0.0,0.0,0,0.00,0.0,0,0,0.0,0,0,0.0,0,0.0,0,0.0,0,0.0,0,0.0,0,0.0,0,0.0,0,0.0,0,0.0,0,0.0,0.00,0.0,0,0,0
691907482,搜索-抄作业-合集款-托管-日弘-24.11.11-乘风直播间,被计划暂停,审核通过,搜索,直播间直接支付ROI,笔记（直播组件）,67286f8f000000003c01a136,583691373460942ae8fc16bb,图文笔记,搜索-优质合集-星光款-托管-日弘-24.11.11-乘风直播间,88314221,2024-11-11 15:20:59,0.00,0,0,0.0%,0.0,0.0,0,0.00,0.0,0,0,0.0,0,0,0.0,0,0.0,0,0.0,0,0.0,0,0.0,0,0.0,0,0.0,0,0.0,0,0.0,0,0.0,0.00,0.0,0,0,0
691907481,搜索-不囤它-钻石碗50g-托管-日弘-24.11.11-乘风直播间,被计划暂停,审核通过,搜索,直播间直接支付ROI,笔记（直播组件）,672b4caf000000003c01b514,583691373460942ae8fc16bb,图文笔记,搜索-优质合集-星光款-托管-日弘-24.11.11-乘风直播间,88314221,2024-11-11 15:20:59,0.00,0,0,0.0%,0.0,0.0,0,0.00,0.0,0,0,0.0,0,0,0.0,0,0.0,0,0.0,0,0.0,0,0.0,0,0.0,0,0.0,0,0.0,0,0.0,0,0.0,0.00,0.0,0,0,0
691907480,搜索-优质合集-星光款-托管-日弘-24.11.11-乘风直播间,暂停,审核通过,搜索,直播间直接支付ROI,直播间,,-,无笔记,搜索-优质合集-星光款-托管-日弘-24.11.11-乘风直播间,88314221,2024-11-11 15:20:59,0.00,0,0,0.0%,0.0,0.0,0,0.00,0.0,0,0,0.0,0,0,0.0,0,0.0,0,0.0,0,0.0,0,0.0,0,0.0,0,0.0,0,0.0,0,0.0,0,0.0,0.00,0.0,0,0,0
689456069,通投-小脸真-钻石碗50g-托管-日弘-24.11.10优化-乘风直播间,被计划暂停,审核通过,通投,直播间直接支付ROI,笔记（直播组件）,671b448a000000001600c702,583691373460942ae8fc16bb,图文笔记,通投-小脸真-钻石碗50g-托管-日弘-24.11.10优化-乘风直播间,88189045,2024-11-10 17:34:46,0.00,0,0,0.0%,0.0,0.0,0,0.00,0.0,0,0,0.0,0,0,0.0,0,0.0,0,0.0,0,0.0,0,0.0,0,0.0,0,0.0,0,0.0,0,0.0,0,0.0,0.00,0.0,0,0,0
684600464,通投-刷到这-钻石碗50g-托管-日弘二创视频-24.11.8-乘风直播间,被计划暂停,审核通过,通投,直播间直接支付ROI,笔记（直播组件）,672d8b0b000000003c01d479,583691373460942ae8fc16bb,视频笔记,通投-刷到这-钻石碗50g-托管-日弘二创视频-24.11.8-乘风直播间,87969929,2024-11-08 17:44:30,0.00,0,0,0.0%,0.0,0.0,0,0.00,0.0,0,0,0.0,0,0,0.0,0,0.0,0,0.0,0,0.0,0,0.0,0,0.0,0,0.0,0,0.0,0,0.0,0,0.0,0.00,0.0,0,0,0
683506227,通投-这一口-星光款-托管-日弘-视觉营销视频-24.11.8优化-乘风直播间,被计划暂停,审核通过,通投,直播间直接支付ROI,笔记（直播组件）,671b387c0000000016023d49,583691373460942ae8fc16bb,视频笔记, 通投-这一口-星光款-托管-日弘-视觉营销视频-24.11.8优化-乘风直播间,87883461,2024-11-08 14:01:15,0.00,0,0,0.0%,0.0,0.0,0,0.00,0.0,0,0,0.0,0,0,0.0,0,0.0,0,0.0,0,0.0,0,0.0,0,0.0,0,0.0,0,0.0,0,0.0,0,0.0,0.00,0.0,0,0,0
683319538,通投-给熬夜-青春款-托管-日弘-视觉营销视频-24.11.8优化-乘风直播间,被计划暂停,审核通过,通投,直播间直接支付ROI,笔记（直播组件）,670a5eea0000000016021f85,583691373460942ae8fc16bb,视频笔记,通投-给熬夜-青春款-托管-日弘-视觉营销视频-24.11.8优化-乘风直播间,87865809,2024-11-08 14:00:44,0.00,0,0,0.0%,0.0,0.0,0,0.00,0.0,0,0,0.0,0,0,0.0,0,0.0,0,0.0,0,0.0,0,0.0,0,0.0,0,0.0,0,0.0,0,0.0,0,0.0,0.00,0.0,0,0,0
683139906,通投-燕窝也-合集款-托管-日弘-24.11.8-乘风直播间,被计划暂停,审核通过,通投,直播间直接支付ROI,笔记（直播组件）,672d88bf000000001d0385de,583691373460942ae8fc16bb,图文笔记,通投-燕窝也-合集款-托管-日弘-24.11.8-乘风直播,87859885,2024-11-08 13:59:29,0.00,0,0,0.0%,0.0,0.0,0,0.00,0.0,0,0,0.0,0,0,0.0,0,0.0,0,0.0,0,0.0,0,0.0,0,0.0,0,0.0,0,0.0,0,0.0,0,0.0,0.00,0.0,0,0,0
681012473,通投-怼脸拍-星光款-高级定向-日弘-二创视频-24.11.7优化3-乘风直播间,被计划暂停,审核通过,通投,直播间直接支付ROI,笔记（直播组件）,67079e83000000002c0156b7,583691373460942ae8fc16bb,视频笔记,通投-怼脸拍-星光款-高级定向-日弘-二创视频-24.11.7优化3-乘风直播间,87762315,2024-11-07 17:32:14,0.00,0,0,0.0%,0.0,0.0,0,0.00,0.0,0,0,0.0,0,0,0.0,0,0.0,0,0.0,0,0.0,0,0.0,0,0.0,0,0.0,0,0.0,0,0.0,0,0.0,0.00,0.0,0,0,0
680893496,通投-蓝盈莹-星光款-高级定向-日弘视频二创-24.11.7优化3-乘风直播间,被计划暂停,审核通过,通投,直播间直接支付ROI,笔记（直播组件）,67065808000000002c029f3a,583691373460942ae8fc16bb,视频笔记,通投-蓝盈莹-星光款-高级定向-日弘视频二创-24.11.7优化3-乘风直播间,87756710,2024-11-07 17:30:26,0.00,0,0,0.0%,0.0,0.0,0,0.00,0.0,0,0,0.0,0,0,0.0,0,0.0,0,0.0,0,0.0,0,0.0,0,0.0,0,0.0,0,0.0,0,0.0,0,0.0,0.00,0.0,0,0,0
680883767,通投-吃空几-星光款-托管-日弘-24.11.7-乘风直播间,被计划暂停,审核通过,通投,直播间直接支付ROI,笔记（直播组件）,672c810d000000003c01eb5d,583691373460942ae8fc16bb,图文笔记,通投-吃空几-星光款-托管-日弘-24.11.7-乘风直播间,87750211,2024-11-07 17:14:53,0.00,0,0,0.0%,0.0,0.0,0,0.00,0.0,0,0,0.0,0,0,0.0,0,0.0,0,0.0,0,0.0,0,0.0,0,0.0,0,0.0,0,0.0,0,0.0,0,0.0,0.00,0.0,0,0,0
680883532,通投-燕窝顶-钻石碗50g-托管-日弘-24.11.7-乘风直播间,被计划暂停,审核通过,通投,直播间直接支付ROI,笔记（直播组件）,672c7f23000000003c0182d1,583691373460942ae8fc16bb,图文笔记,通投-燕窝顶-钻石碗50g-托管-日弘-24.11.7-乘风直播间,87750188,2024-11-07 17:14:19,0.00,0,0,0.0%,0.0,0.0,0,0.00,0.0,0,0,0.0,0,0,0.0,0,0.0,0,0.0,0,0.0,0,0.0,0,0.0,0,0.0,0,0.0,0,0.0,0,0.0,0.00,0.0,0,0,0
680491531,通投-最后一-青春款-托管-日弘-视觉营销视频-24.11-7-乘风直播间,被计划暂停,审核通过,通投,直播间直接支付ROI,笔记（直播组件）,672c7401000000001d039a2f,583691373460942ae8fc16bb,视频笔记,通投-最后一-青春款-托管-日弘-视觉营销视频-24.11-7-乘风直播间,87731268,2024-11-07 16:50:13,0.00,0,0,0.0%,0.0,0.0,0,0.00,0.0,0,0,0.0,0,0,0.0,0,0.0,0,0.0,0,0.0,0,0.0,0,0.0,0,0.0,0,0.0,0,0.0,0,0.0,0.00,0.0,0,0,0
679948688,通投-不囤它-钻石碗50g-托管-日弘-24.11.7-乘风直播间,被计划暂停,审核通过,通投,直播间直接支付ROI,笔记（直播组件）,672b4caf000000003c01b514,583691373460942ae8fc16bb,图文笔记,通投-不囤它-钻石碗50g-托管-日弘-24.11.7-乘风直播间12.6优化,87700256,2024-11-07 13:34:28,0.00,0,0,0.0%,0.0,0.0,0,0.00,0.0,0,0,0.0,0,0,0.0,0,0.0,0,0.0,0,0.0,0,0.0,0,0.0,0,0.0,0,0.0,0,0.0,0,0.0,0.00,0.0,0,0,0
680007694,通投-囤内服-星光款-托管-日弘-24.11.7-乘风直播间,被计划暂停,审核通过,通投,直播间直接支付ROI,笔记（直播组件）,672c10c2000000001d039444,583691373460942ae8fc16bb,图文笔记,通投-囤内服-星光款-托管-日弘-24.11.7-乘风直播间,87712201,2024-11-07 13:34:00,0.00,0,0,0.0%,0.0,0.0,0,0.00,0.0,0,0,0.0,0,0,0.0,0,0.0,0,0.0,0,0.0,0,0.0,0,0.0,0,0.0,0,0.0,0,0.0,0,0.0,0.00,0.0,0,0,0
679278073,通投-跟着女-星光款-高级定向-日弘-二创视频-24.11.7优化-乘风直播间,被计划暂停,审核通过,通投,直播间直接支付ROI,笔记（直播组件）,6708f65e000000002c02824f,583691373460942ae8fc16bb,视频笔记,通投-跟着女-星光款-高级定向-日弘-二创视频-24.11.7优化-乘风直播间,87686561,2024-11-07 09:43:11,0.00,0,0,0.0%,0.0,0.0,0,0.00,0.0,0,0,0.0,0,0,0.0,0,0.0,0,0.0,0,0.0,0,0.0,0,0.0,0,0.0,0,0.0,0,0.0,0,0.0,0.00,0.0,0,0,0
679036815,通投-不走弯-合集款-高级定向-日弘转载-24.11.7-乘风直播间,被计划暂停,不满足审核条件,通投,直播间直接支付ROI,笔记（直播组件）,67077879000000002a0345f7,583691373460942ae8fc16bb,图文笔记,通投-不走弯-合集款-高级定向-日弘转载-24.11.7-乘风直播间,87656961,2024-11-07 09:36:29,0.00,0,0,0.0%,0.0,0.0,0,0.00,0.0,0,0,0.0,0,0,0.0,0,0.0,0,0.0,0,0.0,0,0.0,0,0.0,0,0.0,0,0.0,0,0.0,0,0.0,0.00,0.0,0,0,0
679075404,通投-不断档-小鲜瓶43g-托管-日弘-视觉营销视频-24.11.7-乘风直播间,被计划暂停,审核通过,通投,直播间直接支付ROI,笔记（直播组件）,672b41d9000000001a035c37,583691373460942ae8fc16bb,视频笔记,通投-不断档-小鲜瓶43g-托管-日弘-视觉营销视频-24.11.7-乘风直播间,87649525,2024-11-07 08:45:46,0.00,0,0,0.0%,0.0,0.0,0,0.00,0.0,0,0,0.0,0,0,0.0,0,0.0,0,0.0,0,0.0,0,0.0,0,0.0,0,0.0,0,0.0,0,0.0,0,0.0,0.00,0.0,0,0,0
679015926,通投-到宝了-星光款-托管-日弘-视觉营销视频-24.11.7-乘风直播间,被计划暂停,审核通过,通投,直播间直接支付ROI,笔记（直播组件）,672b410d000000003c01c6c8,583691373460942ae8fc16bb,视频笔记,通投-到宝了-星光款-托管-日弘-视觉营销视频-24.11.7-乘风直播间,87649519,2024-11-07 08:45:04,0.00,0,0,0.0%,0.0,0.0,0,0.00,0.0,0,0,0.0,0,0,0.0,0,0.0,0,0.0,0,0.0,0,0.0,0,0.0,0,0.0,0,0.0,0,0.0,0,0.0,0.00,0.0,0,0,0
677617696,通投-这一口-星光款-30S观播-日弘-视觉营销视频-24.11.6-乘风直播间,暂停,审核通过,通投,直播间30s观看量,笔记（直播组件）,671b387c0000000016023d49,583691373460942ae8fc16bb,视频笔记,通投-优质合集-钻石/小鲜-30S观播-日弘-24.11.6-乘风直播间,87615743,2024-11-06 17:37:47,0.00,0,0,0.0%,0.0,0.0,0,0.00,0.0,0,0,0.0,0,0,0.0,0,0.0,0,0.0,0,0.0,0,0.0,0,0.0,0,0.0,0,0.0,0,0.0,0,0.0,0.00,0.0,0,0,0
677617695,通投-不玩虚-钻石碗50g-30S观播-日弘-视觉营销视频-24.11.6-乘风直播间,被计划暂停,审核通过,通投,直播间30s观看量,笔记（直播组件）,6722e103000000001d038c1a,583691373460942ae8fc16bb,视频笔记,通投-优质合集-钻石/小鲜-30S观播-日弘-24.11.6-乘风直播间,87615743,2024-11-06 17:37:47,0.00,0,0,0.0%,0.0,0.0,0,0.00,0.0,0,0,0.0,0,0,0.0,0,0.0,0,0.0,0,0.0,0,0.0,0,0.0,0,0.0,0,0.0,0,0.0,0,0.0,0.00,0.0,0,0,0
677617694,通投-孕妈必-星光款-30S观播-日弘视频-24.11.6-乘风直播间,被计划暂停,审核通过,通投,直播间30s观看量,笔记（直播组件）,66d95d22000000002603ddd6,583691373460942ae8fc16bb,视频笔记,通投-优质合集-钻石/小鲜-30S观播-日弘-24.11.6-乘风直播间,87615743,2024-11-06 17:37:47,0.00,0,0,0.0%,0.0,0.0,0,0.00,0.0,0,0,0.0,0,0,0.0,0,0.0,0,0.0,0,0.0,0,0.0,0,0.0,0,0.0,0,0.0,0,0.0,0,0.0,0.00,0.0,0,0,0
677617693,通投-怎么选-青春款-30S观播-日弘-24.11.6-乘风直播间,被计划暂停,审核通过,通投,直播间30s观看量,笔记（直播组件）,670f65ce0000000016021fa8,583691373460942ae8fc16bb,图文笔记,通投-优质合集-钻石/小鲜-30S观播-日弘-24.11.6-乘风直播间,87615743,2024-11-06 17:37:47,0.00,0,0,0.0%,0.0,0.0,0,0.00,0.0,0,0,0.0,0,0,0.0,0,0.0,0,0.0,0,0.0,0,0.0,0,0.0,0,0.0,0,0.0,0,0.0,0,0.0,0.00,0.0,0,0,0
677044810,通投-一颗茜茜呀-合集款-托管-日弘-24.11.6-乘风直播间,被计划暂停,审核通过,通投,直播间直接支付ROI,笔记（直播组件）,66f4ce63000000002a0339e9,5913479a50c4b402746fc636,图文笔记,通投-一颗茜茜呀-合集款-托管-日弘-24.11.6-乘风直播间,87572143,2024-11-06 14:37:45,0.00,0,0,0.0%,0.0,0.0,0,0.00,0.0,0,0,0.0,0,0,0.0,0,0.0,0,0.0,0,0.0,0,0.0,0,0.0,0,0.0,0,0.0,0,0.0,0,0.0,0.00,0.0,0,0,0
677103895,通投-别错过-星光款-托管-7R-24.11.6-乘风直播间,被计划暂停,审核通过,通投,直播间直接支付ROI,笔记（直播组件）,66878c910000000003026911,583691373460942ae8fc16bb,图文笔记,通投-别错过-星光款-托管-7R-24.11.6-乘风直播间,87560476,2024-11-06 14:36:54,0.00,0,0,0.0%,0.0,0.0,0,0.00,0.0,0,0,0.0,0,0,0.0,0,0.0,0,0.0,0,0.0,0,0.0,0,0.0,0,0.0,0,0.0,0,0.0,0,0.0,0.00,0.0,0,0,0
676720231,通投-巨峰-小鲜瓶43g-托管-达人-24.11.6-乘风直播间,被计划暂停,审核拒绝,通投,直播间直接支付ROI,笔记（直播组件）,670e048f000000001b02cba3,60a9fbcf0000000001008e7e,图文笔记,通投-巨峰-小鲜瓶43g-托管-达人-24.11.6-乘风直播间,87537499,2024-11-06 11:55:28,0.00,0,0,0.0%,0.0,0.0,0,0.00,0.0,0,0,0.0,0,0,0.0,0,0.0,0,0.0,0,0.0,0,0.0,0,0.0,0,0.0,0,0.0,0,0.0,0,0.0,0.00,0.0,0,0,0
676482872,通投-草莓仔-小鲜瓶43g-托管-达人-24.11.6-乘风直播间,被计划暂停,审核通过,通投,直播间直接支付ROI,笔记（直播组件）,671082ba00000000160222fd,5a7d193811be105c8d32e074,图文笔记,通投-草莓仔-小鲜瓶43g-托管-达人-24.11.6-乘风直播间,87537473,2024-11-06 11:54:34,0.00,0,0,0.0%,0.0,0.0,0,0.00,0.0,0,0,0.0,0,0,0.0,0,0.0,0,0.0,0,0.0,0,0.0,0,0.0,0,0.0,0,0.0,0,0.0,0,0.0,0.00,0.0,0,0,0
676359639,通投-双木荞-小鲜瓶43g-托管-达人视频-24.11.6-乘风直播间,被计划暂停,审核通过,通投,直播间直接支付ROI,笔记（直播组件）,672084e0000000003c01bba7,5c8be713000000001003c5cf,视频笔记,通投-双木荞-小鲜瓶43g-托管-达人视频-24.11.6-乘风直播间,87537441,2024-11-06 11:53:38,0.00,0,0,0.0%,0.0,0.0,0,0.00,0.0,0,0,0.0,0,0,0.0,0,0.0,0,0.0,0,0.0,0,0.0,0,0.0,0,0.0,0,0.0,0,0.0,0,0.0,0.00,0.0,0,0,0
676541862,通投-首播福-活动笔记-托管-日弘-24.11.6-乘风直播间,被计划暂停,审核通过,通投,直播间直接支付ROI,笔记（直播组件）,671766ae0000000021001cfd,66f67e4c000000001d03127d,图文笔记,通投-首播福-活动笔记-托管-日弘-24.11.6-乘风直播间,87513712,2024-11-06 11:51:42,0.00,0,0,0.0%,0.0,0.0,0,0.00,0.0,0,0,0.0,0,0,0.0,0,0.0,0,0.0,0,0.0,0,0.0,0,0.0,0,0.0,0,0.0,0,0.0,0,0.0,0.00,0.0,0,0,0
675719348,通投-默默是小肥肥-星光款-托管-达人-24.11.6-乘风直播间,被计划暂停,审核拒绝,通投,直播间直接支付ROI,笔记（直播组件）,671f6083000000001600cc67,662655c70000000003032579,图文笔记,通投-默默是小肥肥-星光款-托管-达人-24.11.6-乘风直播间,87494911,2024-11-06 09:00:24,0.00,0,0,0.0%,0.0,0.0,0,0.00,0.0,0,0,0.0,0,0,0.0,0,0.0,0,0.0,0,0.0,0,0.0,0,0.0,0,0.0,0,0.0,0,0.0,0,0.0,0.00,0.0,0,0,0
675895226,通投-春水煎茶-钻石碗50g-托管-达人-24.11.6-乘风直播间,被计划暂停,审核拒绝,通投,直播间直接支付ROI,笔记（直播组件）,6724e698000000001901930b,62af457d0000000019029459,图文笔记,通投-春水煎茶-钻石碗50g-托管-达人-24.11.6-乘风直播间,87483198,2024-11-06 08:59:09,0.00,0,0,0.0%,0.0,0.0,0,0.00,0.0,0,0,0.0,0,0,0.0,0,0.0,0,0.0,0,0.0,0,0.0,0,0.0,0,0.0,0,0.0,0,0.0,0,0.0,0.00,0.0,0,0,0
675718524,通投-Happy 媛-星光款-托管-达人-24.11.6-乘风直播间,被计划暂停,审核通过,通投,直播间直接支付ROI,笔记（直播组件）,6721c89d000000001b029fd9,5bc7ee8544363b2134baad4f,图文笔记,通投-Happy 媛-星光款-托管-达人-24.11.6-乘风直播间,87506592,2024-11-06 08:57:28,0.00,0,0,0.0%,0.0,0.0,0,0.00,0.0,0,0,0.0,0,0,0.0,0,0.0,0,0.0,0,0.0,0,0.0,0,0.0,0,0.0,0,0.0,0,0.0,0,0.0,0.00,0.0,0,0,0
675953210,通投-甜味囡囡_-钻石碗50g-托管-达人-24.11.6-乘风直播间,被计划暂停,审核拒绝,通投,直播间直接支付ROI,笔记（直播组件）,6721ffee000000001b02cc06,58249bd250c4b4587e8bfcd7,图文笔记,通投-甜味囡囡_-钻石碗50g-托管-达人-24.11.6-乘风直播间,87477209,2024-11-06 08:56:06,0.00,0,0,0.0%,0.0,0.0,0,0.00,0.0,0,0,0.0,0,0,0.0,0,0.0,0,0.0,0,0.0,0,0.0,0,0.0,0,0.0,0,0.0,0,0.0,0,0.0,0.00,0.0,0,0,0
674837979,通投-后悔没-星光款-托管-日弘-24.11.5优化-乘风直播间,被计划暂停,审核通过,通投,直播间直接支付ROI,笔记（直播组件）,6711c879000000001b02f8b3,583691373460942ae8fc16bb,图文笔记,通投-后悔没-星光款-托管-日弘-24.11.5优化-乘风直播间,87432814,2024-11-05 18:14:24,0.00,0,0,0.0%,0.0,0.0,0,0.00,0.0,0,0,0.0,0,0,0.0,0,0.0,0,0.0,0,0.0,0,0.0,0,0.0,0,0.0,0,0.0,0,0.0,0,0.0,0.00,0.0,0,0,0
674837688,通投-真的太-星光款-托管-日弘-24.11.5优化3-乘风直播间,被计划暂停,审核通过,通投,直播间直接支付ROI,笔记（直播组件）,66ced14a000000001f03d407,583691373460942ae8fc16bb,图文笔记,通投-真的太-星光款-托管-日弘-24.11.5优化3-乘风直播间,87415299,2024-11-05 18:13:26,0.00,0,0,0.0%,0.0,0.0,0,0.00,0.0,0,0,0.0,0,0,0.0,0,0.0,0,0.0,0,0.0,0,0.0,0,0.0,0,0.0,0,0.0,0,0.0,0,0.0,0.00,0.0,0,0,0
674338672,通投-怎么选-青春款-托管-日弘二创-24.11.5优化-乘风直播间,被计划暂停,审核通过,通投,直播间直接支付ROI,笔记（直播组件）,670f65ce0000000016021fa8,583691373460942ae8fc16bb,图文笔记,通投-怎么选-青春款-托管-日弘二创-24.11.5优化-乘风直播间,87417123,2024-11-05 16:21:27,0.00,0,0,0.0%,0.0,0.0,0,0.00,0.0,0,0,0.0,0,0,0.0,0,0.0,0,0.0,0,0.0,0,0.0,0,0.0,0,0.0,0,0.0,0,0.0,0,0.0,0.00,0.0,0,0,0
673478339,通投-终于悟-星光款-托管-日弘-二创视频-24.11.5优化-乘风直播间,被计划暂停,审核通过,通投,直播间直接支付ROI,笔记（直播组件）,671a0450000000001b02cc9a,583691373460942ae8fc16bb,视频笔记,通投-终于悟-星光款-托管-日弘-二创视频-24.11.5优化-乘风直播间,87349218,2024-11-05 11:52:19,0.00,0,0,0.0%,0.0,0.0,0,0.00,0.0,0,0,0.0,0,0,0.0,0,0.0,0,0.0,0,0.0,0,0.0,0,0.0,0,0.0,0,0.0,0,0.0,0,0.0,0.00,0.0,0,0,0
673238216,通投-贵妇圈-星光款-高级定向-日弘-24.11.5-乘风直播间,被计划暂停,审核通过,通投,直播间直接支付ROI,笔记（直播组件）,66f4cdac000000002a034f89,583691373460942ae8fc16bb,图文笔记,通投-贵妇圈-星光款-高级定向-日弘-24.11.5-乘风直播间,87366604,2024-11-05 11:44:06,0.00,0,0,0.0%,0.0,0.0,0,0.00,0.0,0,0,0.0,0,0,0.0,0,0.0,0,0.0,0,0.0,0,0.0,0,0.0,0,0.0,0,0.0,0,0.0,0,0.0,0.00,0.0,0,0,0
671875221,通投-保养新-青春款-托管-日弘-二创视频-24.11.4优化-乘风直播间,被计划暂停,审核通过,通投,直播间直接支付ROI,笔记（直播组件）,6708f586000000002a031012,583691373460942ae8fc16bb,视频笔记,通投-保养新-青春款-托管-日弘-二创视频-24.11.4优化-乘风直播间,87268160,2024-11-04 18:06:15,0.00,0,0,0.0%,0.0,0.0,0,0.00,0.0,0,0,0.0,0,0,0.0,0,0.0,0,0.0,0,0.0,0,0.0,0,0.0,0,0.0,0,0.0,0,0.0,0,0.0,0.00,0.0,0,0,0
671874633,通投-跟着女-星光款-托管-日弘-二创视频-24.11.4优化-乘风直播间,被计划暂停,审核通过,通投,直播间直接支付ROI,笔记（直播组件）,6708f65e000000002c02824f,583691373460942ae8fc16bb,视频笔记,通投-跟着女-星光款-托管-日弘-二创视频-24.11.4优化-乘风直播间,87262057,2024-11-04 18:05:07,0.00,0,0,0.0%,0.0,0.0,0,0.00,0.0,0,0,0.0,0,0,0.0,0,0.0,0,0.0,0,0.0,0,0.0,0,0.0,0,0.0,0,0.0,0,0.0,0,0.0,0.00,0.0,0,0,0
671923540,通投-难怪蓝-青春款-托管-日弘-24.11.4-乘风直播间,被计划暂停,不满足审核条件,通投,直播间直接支付ROI,笔记（直播组件）,670889eb000000002a036a24,583691373460942ae8fc16bb,图文笔记,通投-难怪蓝-青春款-托管-日弘-24.11.4-乘风直播间,87261462,2024-11-04 17:51:48,0.00,0,0,0.0%,0.0,0.0,0,0.00,0.0,0,0,0.0,0,0,0.0,0,0.0,0,0.0,0,0.0,0,0.0,0,0.0,0,0.0,0,0.0,0,0.0,0,0.0,0.00,0.0,0,0,0
671558264,通投-气色滋-青春款-托管-日弘-24.11.4-乘风直播间,被计划暂停,不满足审核条件,通投,直播间直接支付ROI,笔记（直播组件）,66f0d3250000000026033477,583691373460942ae8fc16bb,图文笔记,通投-气色滋-青春款-托管-日弘-24.11.4-乘风直播间,87267245,2024-11-04 17:44:48,0.00,0,0,0.0%,0.0,0.0,0,0.00,0.0,0,0,0.0,0,0,0.0,0,0.0,0,0.0,0,0.0,0,0.0,0,0.0,0,0.0,0,0.0,0,0.0,0,0.0,0.00,0.0,0,0,0
671557999,通投-抓住秋-星光款-托管-日弘-24.11.4优化-乘风直播间,被计划暂停,审核通过,通投,直播间直接支付ROI,笔记（直播组件）,66f60100000000002c0151dc,583691373460942ae8fc16bb,图文笔记,通投-抓住秋-星光款-托管-日弘-24.11.4优化-乘风直播间,87273206,2024-11-04 17:44:00,0.00,0,0,0.0%,0.0,0.0,0,0.00,0.0,0,0,0.0,0,0,0.0,0,0.0,0,0.0,0,0.0,0,0.0,0,0.0,0,0.0,0,0.0,0,0.0,0,0.0,0.00,0.0,0,0,0
671250340,通投-抄作业-合集款-托管-日弘转载-24.11.4-乘风直播间,被计划暂停,审核通过,通投,直播间直接支付ROI,笔记（直播组件）,67286f8f000000003c01a136,583691373460942ae8fc16bb,图文笔记,通投-抄作业-合集款-托管-日弘转载-24.11.4-乘风直播间,87245229,2024-11-04 16:05:38,0.00,0,0,0.0%,0.0,0.0,0,0.00,0.0,0,0,0.0,0,0,0.0,0,0.0,0,0.0,0,0.0,0,0.0,0,0.0,0,0.0,0,0.0,0,0.0,0,0.0,0.00,0.0,0,0,0
670786755,通投-谢不肉-钻石碗50g-托管-达人-24.11.4-乘风直播间,被计划暂停,审核通过,通投,直播间直接支付ROI,笔记（直播组件）,6710ce130000000021009827,629db5190000000019029267,图文笔记,通投-谢不肉-钻石碗50g-托管-达人-24.11.4-乘风直播间,87185402,2024-11-04 13:42:45,0.00,0,0,0.0%,0.0,0.0,0,0.00,0.0,0,0,0.0,0,0,0.0,0,0.0,0,0.0,0,0.0,0,0.0,0,0.0,0,0.0,0,0.0,0,0.0,0,0.0,0.00,0.0,0,0,0
663885419,通投-拒绝变-星光款-托管-日弘视频-24.10.21-乘风直播间,被计划暂停,审核通过,通投,直播间直接支付ROI,笔记（直播组件）,66f52987000000002c02da51,583691373460942ae8fc16bb,视频笔记,通投-拒绝变-星光款-托管-日弘视频-24.10.21-乘风直播间,85067503,2024-11-01 14:58:21,0.00,0,0,0.0%,0.0,0.0,0,0.00,0.0,0,0,0.0,0,0,0.0,0,0.0,0,0.0,0,0.0,0,0.0,0,0.0,0,0.0,0,0.0,0,0.0,0,0.0,0.00,0.0,0,0,0
664001885,通投-吃对燕-钻石碗50g-托管-日弘-视觉营销视频-24.11.1-乘风直播间,被计划暂停,审核通过,通投,直播间直接支付ROI,笔记（直播组件）,672475c4000000003c01b0f0,583691373460942ae8fc16bb,视频笔记,通投-吃对燕-钻石碗50g-托管-日弘-视觉营销视频-24.11.1-乘风直播间,86844407,2024-11-01 14:57:16,0.00,0,0,0.0%,0.0,0.0,0,0.00,0.0,0,0,0.0,0,0,0.0,0,0.0,0,0.0,0,0.0,0,0.0,0,0.0,0,0.0,0,0.0,0,0.0,0,0.0,0.00,0.0,0,0,0
663392811,通投- 甜味囡囡_-钻石碗50g-托管-达人-24.11.1-乘风直播间,被计划暂停,审核拒绝,通投,直播间直接支付ROI,笔记（直播组件）,6721ffee000000001b02cc06,58249bd250c4b4587e8bfcd7,图文笔记,通投- 甜味囡囡_-钻石碗50g-托管-达人-24.11.1-乘风直播间,86815112,2024-11-01 14:25:30,0.00,0,0,0.0%,0.0,0.0,0,0.00,0.0,0,0,0.0,0,0,0.0,0,0.0,0,0.0,0,0.0,0,0.0,0,0.0,0,0.0,0,0.0,0,0.0,0,0.0,0.00,0.0,0,0,0
663428879,通投-小脸真-钻石碗50g-高级定向-日弘-24.11.1-乘风直播间,被计划暂停,审核通过,通投,直播间直接支付ROI,笔记（直播组件）,671b448a000000001600c702,583691373460942ae8fc16bb,图文笔记,通投-小脸真-钻石碗50g-高级定向-日弘-24.11.1-乘风直播间,86836534,2024-11-01 13:40:27,0.00,0,0,0.0%,0.0,0.0,0,0.00,0.0,0,0,0.0,0,0,0.0,0,0.0,0,0.0,0,0.0,0,0.0,0,0.0,0,0.0,0,0.0,0,0.0,0,0.0,0.00,0.0,0,0,0
662758321,通投-孕期营-星光款-托管-日弘-24.11.1-乘风直播间,被计划暂停,审核通过,通投,直播间直接支付ROI,笔记（直播组件）,6721ff08000000003c015a5c,583691373460942ae8fc16bb,图文笔记,通投-孕期营-星光款-托管-日弘-24.11.1-乘风直播间,86787255,2024-11-01 08:55:11,0.00,0,0,0.0%,0.0,0.0,0,0.00,0.0,0,0,0.0,0,0,0.0,0,0.0,0,0.0,0,0.0,0,0.0,0,0.0,0,0.0,0,0.0,0,0.0,0,0.0,0.00,0.0,0,0,0
662636438,通投-从女明-星光款-托管-日弘视频-24.11.1优化-乘风直播间,被计划暂停,审核通过,通投,直播间直接支付ROI,笔记（直播组件）,66f531c5000000002c016848,583691373460942ae8fc16bb,视频笔记,通投-从女明-星光款-托管-日弘视频-24.11.1优化-乘风直播间,86792655,2024-11-01 08:38:10,0.00,0,0,0.0%,0.0,0.0,0,0.00,0.0,0,0,0.0,0,0,0.0,0,0.0,0,0.0,0,0.0,0,0.0,0,0.0,0,0.0,0,0.0,0,0.0,0,0.0,0.00,0.0,0,0,0
661677167,通投-气色差-星光款-托管-日弘-24.10.31-乘风直播间,被计划暂停,审核通过,通投,直播间直接支付ROI,笔记（直播组件）,672335bd000000003c016ce3,583691373460942ae8fc16bb,图文笔记,通投-气色差-星光款-托管-日弘-24.10.31-乘风直播间,86711679,2024-10-31 17:22:03,0.00,0,0,0.0%,0.0,0.0,0,0.00,0.0,0,0,0.0,0,0,0.0,0,0.0,0,0.0,0,0.0,0,0.0,0,0.0,0,0.0,0,0.0,0,0.0,0,0.0,0.00,0.0,0,0,0
661550012,通投-状态回-钻石碗50g-托管-日弘-视觉营销视频-24.10.31-乘风直播间,被计划暂停,审核通过,通投,直播间直接支付ROI,笔记（直播组件）,6722e07e000000003c01a426,583691373460942ae8fc16bb,视频笔记,通投-状态回-钻石碗50g-托管-日弘-视觉营销视频-24.10.31-乘风直播间,86733022,2024-10-31 17:08:05,0.00,0,0,0.0%,0.0,0.0,0,0.00,0.0,0,0,0.0,0,0,0.0,0,0.0,0,0.0,0,0.0,0,0.0,0,0.0,0,0.0,0,0.0,0,0.0,0,0.0,0.00,0.0,0,0,0
661841335,通投-不玩虚-钻石碗50g-托管-日弘-视觉营销视频-24.10.31-乘风直播间,被计划暂停,审核通过,通投,直播间直接支付ROI,笔记（直播组件）,6722e103000000001d038c1a,583691373460942ae8fc16bb,视频笔记,通投-不玩虚-钻石碗50g-托管-日弘-视觉营销视频-24.10.31-乘风直播间,86710853,2024-10-31 17:07:41,0.00,0,0,0.0%,0.0,0.0,0,0.00,0.0,0,0,0.0,0,0,0.0,0,0.0,0,0.0,0,0.0,0,0.0,0,0.0,0,0.0,0,0.0,0,0.0,0,0.0,0.00,0.0,0,0,0
660183172,通投-子怡姐-星光款-托管-日弘-24.10.31优化-乘风直播间,被计划暂停,审核通过,通投,直播间直接支付ROI,笔记（直播组件）,6656a0ea000000001303e42a,583691373460942ae8fc16bb,图文笔记,通投-子怡姐-星光款-托管-日弘-24.10.31优化-乘风直播间,86631336,2024-10-31 10:29:44,0.00,0,0,0.0%,0.0,0.0,0,0.00,0.0,0,0,0.0,0,0,0.0,0,0.0,0,0.0,0,0.0,0,0.0,0,0.0,0,0.0,0,0.0,0,0.0,0,0.0,0.00,0.0,0,0,0
660236203,通投-补囤货-星光款-托管-日弘-24.10.31优化-乘风直播间,被计划暂停,审核通过,通投,直播间直接支付ROI,笔记（直播组件）,6710758f00000000160218df,583691373460942ae8fc16bb,图文笔记,通投-补囤货-星光款-托管-日弘-24.10.31优化-乘风直播间,86642251,2024-10-31 10:16:20,0.00,0,0,0.0%,0.0,0.0,0,0.00,0.0,0,0,0.0,0,0,0.0,0,0.0,0,0.0,0,0.0,0,0.0,0,0.0,0,0.0,0,0.0,0,0.0,0,0.0,0.00,0.0,0,0,0
660120604,通投-补大法-星光款-托管-日弘-24.10.31优化-乘风直播间,被计划暂停,审核通过,通投,直播间直接支付ROI,笔记（直播组件）,66bdd40000000000050399e2,583691373460942ae8fc16bb,图文笔记,通投-补大法-星光款-托管-日弘-24.10.31优化-乘风直播间,86636610,2024-10-31 10:15:47,0.00,0,0,0.0%,0.0,0.0,0,0.00,0.0,0,0,0.0,0,0,0.0,0,0.0,0,0.0,0,0.0,0,0.0,0,0.0,0,0.0,0,0.0,0,0.0,0,0.0,0.00,0.0,0,0,0
659213482,通投-恩崽妈咪-星光款-托管-达人视频-24.10.30-乘风直播间,被计划暂停,审核通过,通投,直播间直接支付ROI,笔记（直播组件）,67209609000000001b02ce52,63353dec000000001802f0f6,视频笔记,通投-恩崽妈咪-星光款-托管-达人视频-24.10.30-乘风直播间,86577621,2024-10-30 18:31:39,0.00,0,0,0.0%,0.0,0.0,0,0.00,0.0,0,0,0.0,0,0,0.0,0,0.0,0,0.0,0,0.0,0,0.0,0,0.0,0,0.0,0,0.0,0,0.0,0,0.0,0.00,0.0,0,0,0
659150568,通投-十七个酸橘子-钻石碗50g-托管-达人-24.10.30-乘风直播间,被计划暂停,审核通过,通投,直播间直接支付ROI,笔记（直播组件）,67204ffc000000003c01e727,5f107042000000000100069a,图文笔记,通投-十七个酸橘子-钻石碗50g-托管-达人-24.10.30-乘风直播间,86582880,2024-10-30 18:29:26,0.00,0,0,0.0%,0.0,0.0,0,0.00,0.0,0,0,0.0,0,0,0.0,0,0.0,0,0.0,0,0.0,0,0.0,0,0.0,0,0.0,0,0.0,0,0.0,0,0.0,0.00,0.0,0,0,0
659150094,通投-心语呀-钻石碗50g-托管-达人视频-24.10.30-乘风直播间,被计划暂停,审核通过,通投,直播间直接支付ROI,笔记（直播组件）,671a20a0000000001b03c67c,604ae027000000000101d84d,视频笔记,通投-心语呀-钻石碗50g-托管-达人视频-24.10.30-乘风直播间,86565976,2024-10-30 18:26:25,0.00,0,0,0.0%,0.0,0.0,0,0.00,0.0,0,0,0.0,0,0,0.0,0,0.0,0,0.0,0,0.0,0,0.0,0,0.0,0,0.0,0,0.0,0,0.0,0,0.0,0.00,0.0,0,0,0
659090188,通投-星星的半汁桃-星光款-托管-达人-24.10.30-乘风直播间,被计划暂停,审核通过,通投,直播间直接支付ROI,笔记（直播组件）,671b6ae0000000001b03f13c,61b33713000000001000a98e,图文笔记,通投-星星的半汁桃-星光款-托管-达人-24.10.30-乘风直播间,86582744,2024-10-30 18:24:34,0.00,0,0,0.0%,0.0,0.0,0,0.00,0.0,0,0,0.0,0,0,0.0,0,0.0,0,0.0,0,0.0,0,0.0,0,0.0,0,0.0,0,0.0,0,0.0,0,0.0,0.00,0.0,0,0,0
659208849,通投-可可要努力99-钻石碗50g-托管-达人-24.10.30-乘风直播间,被计划暂停,审核通过,通投,直播间直接支付ROI,笔记（直播组件）,671753cc000000001b02ca77,5c049ccc0000000007016b4e,图文笔记,通投-可可要努力99-钻石碗50g-托管-达人-24.10.30-乘风直播间,86559919,2024-10-30 18:22:35,0.00,0,0,0.0%,0.0,0.0,0,0.00,0.0,0,0,0.0,0,0,0.0,0,0.0,0,0.0,0,0.0,0,0.0,0,0.0,0,0.0,0,0.0,0,0.0,0,0.0,0.00,0.0,0,0,0
659326829,通投-卤鹅干锅鹅-钻石碗50g-托管-达人-24.10.30-乘风直播间,被计划暂停,审核通过,通投,直播间直接支付ROI,笔记（直播组件）,671a0f71000000001b012725,5afe1fbf6b58b76a0d63b50a,图文笔记,通投-卤鹅干锅鹅-钻石碗50g-托管-达人-24.10.30-乘风直播间,86559875,2024-10-30 18:21:24,0.00,0,0,0.0%,0.0,0.0,0,0.00,0.0,0,0,0.0,0,0,0.0,0,0.0,0,0.0,0,0.0,0,0.0,0,0.0,0,0.0,0,0.0,0,0.0,0,0.0,0.00,0.0,0,0,0
655378236,通投-看着一-星光款-托管-日弘转载-24.10.29-乘风直播间,被计划暂停,审核通过,通投,直播间直接支付ROI,笔记（直播组件）,672034c3000000003c018c4a,583691373460942ae8fc16bb,图文笔记,通投-看着一-星光款-托管-日弘转载-24.10.29-乘风直播间,86327185,2024-10-29 11:54:12,0.00,0,0,0.0%,0.0,0.0,0,0.00,0.0,0,0,0.0,0,0,0.0,0,0.0,0,0.0,0,0.0,0,0.0,0,0.0,0,0.0,0,0.0,0,0.0,0,0.0,0.00,0.0,0,0,0
654767553,通投-终于悟-星光款-高级定向-日弘-二创视频-24.10.29-乘风直播间,被计划暂停,审核通过,通投,直播间直接支付ROI,笔记（直播组件）,671a0450000000001b02cc9a,583691373460942ae8fc16bb,视频笔记,通投-终于悟-星光款-高级定向-日弘-二创视频-24.10.29-乘风直播间,86292411,2024-10-29 09:48:23,0.00,0,0,0.0%,0.0,0.0,0,0.00,0.0,0,0,0.0,0,0,0.0,0,0.0,0,0.0,0,0.0,0,0.0,0,0.0,0,0.0,0,0.0,0,0.0,0,0.0,0.00,0.0,0,0,0
654502310,通投-拒绝变-星光款-托管-日弘-24.10.29优化-乘风直播间,被计划暂停,不满足审核条件,通投,直播间直接支付ROI,笔记（直播组件）,66f52987000000002c02da51,583691373460942ae8fc16bb,视频笔记,通投-拒绝变-星光款-托管-日弘-24.10.29优化-乘风直播间,86273475,2024-10-29 08:42:25,0.00,0,0,0.0%,0.0,0.0,0,0.00,0.0,0,0,0.0,0,0,0.0,0,0.0,0,0.0,0,0.0,0,0.0,0,0.0,0,0.0,0,0.0,0,0.0,0,0.0,0.00,0.0,0,0,0
654678673,通投-怼脸拍-星光款-托管-日弘-二创视频-24.10.29优化-乘风直播间,被计划暂停,审核通过,通投,直播间直接支付ROI,笔记（直播组件）,67079e83000000002c0156b7,583691373460942ae8fc16bb,视频笔记,通投-怼脸拍-星光款-托管-日弘-二创视频-24.10.29优化-乘风直播间,86290757,2024-10-29 08:41:37,0.00,0,0,0.0%,0.0,0.0,0,0.00,0.0,0,0,0.0,0,0,0.0,0,0.0,0,0.0,0,0.0,0,0.0,0,0.0,0,0.0,0,0.0,0,0.0,0,0.0,0.00,0.0,0,0,0
654678285,通投-蓝盈莹-星光款-托管-日弘视频二创-24.10.29优化-乘风直播间,被计划暂停,审核通过,通投,直播间直接支付ROI,笔记（直播组件）,67065808000000002c029f3a,583691373460942ae8fc16bb,视频笔记,通投-蓝盈莹-星光款-托管-日弘视频二创-24.10.29优化-乘风直播间,86284827,2024-10-29 08:40:35,0.00,0,0,0.0%,0.0,0.0,0,0.00,0.0,0,0,0.0,0,0,0.0,0,0.0,0,0.0,0,0.0,0,0.0,0,0.0,0,0.0,0,0.0,0,0.0,0,0.0,0.00,0.0,0,0,0
652580683,通投-不愧是-钻石碗50g-高级定向-日弘-24.10.28-乘风直播间,被计划暂停,审核通过,通投,直播间直接支付ROI,笔记（直播组件）,671b7b45000000001602290d,583691373460942ae8fc16bb,图文笔记, 通投-不愧是-钻石碗50g-高级定向-日弘-24.10.28-乘风直播间,86165431,2024-10-28 13:52:02,0.00,0,0,0.0%,0.0,0.0,0,0.00,0.0,0,0,0.0,0,0,0.0,0,0.0,0,0.0,0,0.0,0,0.0,0,0.0,0,0.0,0,0.0,0,0.0,0,0.0,0.00,0.0,0,0,0
652814688,通投-米妮Mini-星光款-高级定向-达人-24.10.28-乘风直播间,被计划暂停,审核通过,通投,直播间直接支付ROI,笔记（直播组件）,67108f64000000001b0106fb,5fb9493e000000000100930f,图文笔记,通投-米妮Mini-星光款-高级定向-达人-24.10.28-乘风直播间,86170946,2024-10-28 13:49:33,0.00,0,0,0.0%,0.0,0.0,0,0.00,0.0,0,0,0.0,0,0,0.0,0,0.0,0,0.0,0,0.0,0,0.0,0,0.0,0,0.0,0,0.0,0,0.0,0,0.0,0.00,0.0,0,0,0
652577567,通投-多加珍珠少放冰-星光款-高级定向-达人-24.10.28-乘风直播间,被计划暂停,审核拒绝,通投,直播间直接支付ROI,笔记（直播组件）,6710cb8800000000210054b0,5b1d4fc811be10189e52ca1f,图文笔记,通投-多加珍珠少放冰-星光款-高级定向-达人-24.10.28-乘风直播间,86181991,2024-10-28 13:46:57,0.00,0,0,0.0%,0.0,0.0,0,0.00,0.0,0,0,0.0,0,0,0.0,0,0.0,0,0.0,0,0.0,0,0.0,0,0.0,0,0.0,0,0.0,0,0.0,0,0.0,0.00,0.0,0,0,0
652753991,通投-燕窝好-青春款-高级定向-日弘-视觉营销视频-24.10.28-乘风直播间,被计划暂停,审核通过,通投,直播间直接支付ROI,笔记（直播组件）,671609590000000016021a2e,583691373460942ae8fc16bb,视频笔记,通投-燕窝好-青春款-高级定向-日弘-视觉营销视频-24.10.28-乘风直播间,86165178,2024-10-28 13:43:56,0.00,0,0,0.0%,0.0,0.0,0,0.00,0.0,0,0,0.0,0,0,0.0,0,0.0,0,0.0,0,0.0,0,0.0,0,0.0,0,0.0,0,0.0,0,0.0,0,0.0,0.00,0.0,0,0,0
648039355,通投-不愧是-钻石碗50g-托管-日弘-24.10.26-乘风直播间,被计划暂停,审核通过,通投,直播间直接支付ROI,笔记（直播组件）,671b7b45000000001602290d,583691373460942ae8fc16bb,图文笔记,通投-不愧是-钻石碗50g-托管-日弘-24.10.26-乘风直播间,85913699,2024-10-26 11:04:45,0.00,0,0,0.0%,0.0,0.0,0,0.00,0.0,0,0,0.0,0,0,0.0,0,0.0,0,0.0,0,0.0,0,0.0,0,0.0,0,0.0,0,0.0,0,0.0,0,0.0,0.00,0.0,0,0,0
646529309,通投-小脸真-钻石碗50g-托管-日弘-24.10.25-乘风直播间,被计划暂停,审核通过,通投,直播间直接支付ROI,笔记（直播组件）,671b448a000000001600c702,583691373460942ae8fc16bb,图文笔记,通投-小脸真-钻石碗50g-托管-日弘-24.10.25-乘风直播间,85833797,2024-10-25 17:21:42,0.00,0,0,0.0%,0.0,0.0,0,0.00,0.0,0,0,0.0,0,0,0.0,0,0.0,0,0.0,0,0.0,0,0.0,0,0.0,0,0.0,0,0.0,0,0.0,0,0.0,0.00,0.0,0,0,0
646078440,通投-七月诗诗-星光款-托管-达人-24.10.25-乘风直播间,被计划暂停,审核通过,通投,直播间直接支付ROI,笔记（直播组件）,67172c9d000000002100874d,5652b7cb484fb655d9788448,图文笔记,通投-七月诗诗-星光款-托管-达人-24.10.25-乘风直播间,85808891,2024-10-25 14:56:15,0.00,0,0,0.0%,0.0,0.0,0,0.00,0.0,0,0,0.0,0,0,0.0,0,0.0,0,0.0,0,0.0,0,0.0,0,0.0,0,0.0,0,0.0,0,0.0,0,0.0,0.00,0.0,0,0,0
646018217,通投-难怪蓝-青春款-高级定向-日弘-24.10.25-乘风直播间,被计划暂停,审核通过,通投,直播间直接支付ROI,笔记（直播组件）,670889eb000000002a036a24,583691373460942ae8fc16bb,图文笔记,通投-难怪蓝-青春款-高级定向-日弘-24.10.25-乘风直播间,85803241,2024-10-25 14:51:21,0.00,0,0,0.0%,0.0,0.0,0,0.00,0.0,0,0,0.0,0,0,0.0,0,0.0,0,0.0,0,0.0,0,0.0,0,0.0,0,0.0,0,0.0,0,0.0,0,0.0,0.00,0.0,0,0,0
646124192,通投-这一口-星光款-托管-日弘-视觉营销视频-24.10.25-乘风直播间,被计划暂停,审核通过,通投,直播间直接支付ROI,笔记（直播组件）,671b387c0000000016023d49,583691373460942ae8fc16bb,视频笔记,通投-这一口-星光款-托管-日弘-视觉营销视频-24.10.25-乘风直播间,85783983,2024-10-25 14:36:04,0.00,0,0,0.0%,0.0,0.0,0,0.00,0.0,0,0,0.0,0,0,0.0,0,0.0,0,0.0,0,0.0,0,0.0,0,0.0,0,0.0,0,0.0,0,0.0,0,0.0,0.00,0.0,0,0,0
645948582,通投-的秘密-钻石碗50g-托管-日弘-视觉营销视频-24.10.25-乘风直播间,被计划暂停,审核通过,通投,直播间直接支付ROI,笔记（直播组件）,671b191f000000001b013d10,583691373460942ae8fc16bb,视频笔记,通投-的秘密-钻石碗50g-托管-日弘-视觉营销视频-24.10.25-乘风直播间,85802571,2024-10-25 14:35:30,0.00,0,0,0.0%,0.0,0.0,0,0.00,0.0,0,0,0.0,0,0,0.0,0,0.0,0,0.0,0,0.0,0,0.0,0,0.0,0,0.0,0,0.0,0,0.0,0,0.0,0.00,0.0,0,0,0
645939925,通投-孕期营-星光款-托管-日弘-24.10.25-乘风直播间,被计划暂停,审核通过(私密),通投,直播间直接支付ROI,笔记（直播组件）,671b32cb00000000160205ae,583691373460942ae8fc16bb,图文笔记,通投-孕期营-星光款-托管-日弘-24.10.25-乘风直播间,85783942,2024-10-25 14:34:56,0.00,0,0,0.0%,0.0,0.0,0,0.00,0.0,0,0,0.0,0,0,0.0,0,0.0,0,0.0,0,0.0,0,0.0,0,0.0,0,0.0,0,0.0,0,0.0,0,0.0,0.00,0.0,0,0,0
644865189,通投-在线的-星光款-高级定向-24.10.25优化3-乘风直播间,被计划暂停,审核通过,通投,直播间直接支付ROI,笔记（直播组件）,66d02f70000000001f03b663,583691373460942ae8fc16bb,视频笔记,通投-在线的-星光款-高级定向-24.10.25优化3-乘风直播间,85737630,2024-10-25 08:45:39,0.00,0,0,0.0%,0.0,0.0,0,0.00,0.0,0,0,0.0,0,0,0.0,0,0.0,0,0.0,0,0.0,0,0.0,0,0.0,0,0.0,0,0.0,0,0.0,0,0.0,0.00,0.0,0,0,0
644864882,通投-陈乔恩二创-青春款-托管-日弘视频-24.10.25优化2-乘风直播间,被计划暂停,审核通过,通投,直播间直接支付ROI,笔记（直播组件）,66e4e318000000002603cf59,583691373460942ae8fc16bb,视频笔记,通投-陈乔恩二创-青春款-托管-日弘视频-24.10.25优化2-乘风直播间,85732045,2024-10-25 08:43:45,0.00,0,0,0.0%,0.0,0.0,0,0.00,0.0,0,0,0.0,0,0,0.0,0,0.0,0,0.0,0,0.0,0,0.0,0,0.0,0,0.0,0,0.0,0,0.0,0,0.0,0.00,0.0,0,0,0
644921655,通投-抓住秋-星光款-托管-日弘-24.10.25优化3-乘风直播间,被计划暂停,审核通过,通投,直播间直接支付ROI,笔记（直播组件）,66f60100000000002c0151dc,583691373460942ae8fc16bb,图文笔记,通投-抓住秋-星光款-托管-日弘-24.10.25优化3-乘风直播间,85726583,2024-10-25 08:42:47,0.00,0,0,0.0%,0.0,0.0,0,0.00,0.0,0,0,0.0,0,0,0.0,0,0.0,0,0.0,0,0.0,0,0.0,0,0.0,0,0.0,0,0.0,0,0.0,0,0.0,0.00,0.0,0,0,0
643845065,通投-终于悟-星光款-托管-日弘-二创视频-24.10.24-乘风直播间,被计划暂停,审核通过,通投,直播间直接支付ROI,笔记（直播组件）,671a0450000000001b02cc9a,583691373460942ae8fc16bb,视频笔记,通投-终于悟-星光款-托管-日弘-二创视频-24.10.24-乘风直播间,85657759,2024-10-24 18:03:07,0.00,0,0,0.0%,0.0,0.0,0,0.00,0.0,0,0,0.0,0,0,0.0,0,0.0,0,0.0,0,0.0,0,0.0,0,0.0,0,0.0,0,0.0,0,0.0,0,0.0,0.00,0.0,0,0,0
644021478,通投-明星吃-钻石碗50g-托管-日弘-24.10.24-乘风直播间,被计划暂停,审核通过,通投,直播间直接支付ROI,笔记（直播组件）,6719a24a000000001600d7e1,583691373460942ae8fc16bb,图文笔记,通投-明星吃-钻石碗50g-托管-日弘-24.10.24-乘风直播间,85651914,2024-10-24 18:02:39,0.00,0,0,0.0%,0.0,0.0,0,0.00,0.0,0,0,0.0,0,0,0.0,0,0.0,0,0.0,0,0.0,0,0.0,0,0.0,0,0.0,0,0.0,0,0.0,0,0.0,0.00,0.0,0,0,0
643251107,通投-璐璐lemon-钻石碗50g-托管-达人视频-24.10.24-乘风直播间,被计划暂停,审核通过,通投,直播间直接支付ROI,笔记（直播组件）,6717229d000000001b02c06a,5e91845b0000000001008f1f,视频笔记,通投-璐璐lemon-钻石碗50g-托管-达人视频-24.10.24-乘风直播间,85637058,2024-10-24 15:03:00,0.00,0,0,0.0%,0.0,0.0,0,0.00,0.0,0,0,0.0,0,0,0.0,0,0.0,0,0.0,0,0.0,0,0.0,0,0.0,0,0.0,0,0.0,0,0.0,0,0.0,0.00,0.0,0,0,0
643309419,通投-安早姐姐-星光款-托管-达人视频-24.10.24-乘风直播间,被计划暂停,审核通过,通投,直播间直接支付ROI,笔记（直播组件）,67173325000000001b03fb8c,5a5203a24eacab18c418df8a,视频笔记,通投-安早姐姐-星光款-托管-达人视频-24.10.24-乘风直播间,85625488,2024-10-24 15:00:56,0.00,0,0,0.0%,0.0,0.0,0,0.00,0.0,0,0,0.0,0,0,0.0,0,0.0,0,0.0,0,0.0,0,0.0,0,0.0,0,0.0,0,0.0,0,0.0,0,0.0,0.00,0.0,0,0,0
642927422,通投-晕头小学生-钻石碗50g-高级定向-达人-24.10.24-乘风直播间,暂停,审核通过,通投,直播间直接支付ROI,笔记（直播组件）,6710b1f0000000002401a266,661ca9c00000000007007a9c,图文笔记,通投-达人赛马-钻石碗50g-高级定向-达人-24.10.24-乘风直播间,85624014,2024-10-24 14:23:44,0.00,0,0,0.0%,0.0,0.0,0,0.00,0.0,0,0,0.0,0,0,0.0,0,0.0,0,0.0,0,0.0,0,0.0,0,0.0,0,0.0,0,0.0,0,0.0,0,0.0,0.00,0.0,0,0,0
642927421,通投-谢不肉-钻石碗50g-高级定向-达人-24.10.24-乘风直播间,被计划暂停,审核通过,通投,直播间直接支付ROI,笔记（直播组件）,6710ce130000000021009827,629db5190000000019029267,图文笔记,通投-达人赛马-钻石碗50g-高级定向-达人-24.10.24-乘风直播间,85624014,2024-10-24 14:23:44,0.00,0,0,0.0%,0.0,0.0,0,0.00,0.0,0,0,0.0,0,0,0.0,0,0.0,0,0.0,0,0.0,0,0.0,0,0.0,0,0.0,0,0.0,0,0.0,0,0.0,0.00,0.0,0,0,0
642927420,通投-Domi-钻石碗50g-高级定向-达人-24.10.24-乘风直播间,被计划暂停,审核拒绝,通投,直播间直接支付ROI,笔记（直播组件）,671098b10000000024019184,5c2f1e5a000000000501ebbd,图文笔记,通投-达人赛马-钻石碗50g-高级定向-达人-24.10.24-乘风直播间,85624014,2024-10-24 14:23:44,0.00,0,0,0.0%,0.0,0.0,0,0.00,0.0,0,0,0.0,0,0,0.0,0,0.0,0,0.0,0,0.0,0,0.0,0,0.0,0,0.0,0,0.0,0,0.0,0,0.0,0.00,0.0,0,0,0
642927419,通投-团子爱吃吃吃-钻石碗50g-高级定向-达人-24.10.24-乘风直播间,暂停,审核通过,通投,直播间直接支付ROI,笔记（直播组件）,6710b2ee000000001402d760,6649971a0000000003031029,图文笔记,通投-达人赛马-钻石碗50g-高级定向-达人-24.10.24-乘风直播间,85624014,2024-10-24 14:23:44,0.00,0,0,0.0%,0.0,0.0,0,0.00,0.0,0,0,0.0,0,0,0.0,0,0.0,0,0.0,0,0.0,0,0.0,0,0.0,0,0.0,0,0.0,0,0.0,0,0.0,0.00,0.0,0,0,0
642927418,通投-樱桃小圆子-钻石碗50g-高级定向-达人-24.10.24-乘风直播间,被计划暂停,审核通过,通投,直播间直接支付ROI,笔记（直播组件）,6711f803000000001b03c5c6,6610df180000000007006504,图文笔记,通投-达人赛马-钻石碗50g-高级定向-达人-24.10.24-乘风直播间,85624014,2024-10-24 14:23:44,0.00,0,0,0.0%,0.0,0.0,0,0.00,0.0,0,0,0.0,0,0,0.0,0,0.0,0,0.0,0,0.0,0,0.0,0,0.0,0,0.0,0,0.0,0,0.0,0,0.0,0.00,0.0,0,0,0
642927417,通投-Liuuuu-钻石碗50g-高级定向-达人-24.10.24-乘风直播间,被计划暂停,审核通过,通投,直播间直接支付ROI,笔记（直播组件）,67121eac00000000210081d1,5b718468f7e8b94f71413472,图文笔记,通投-达人赛马-钻石碗50g-高级定向-达人-24.10.24-乘风直播间,85624014,2024-10-24 14:23:44,0.00,0,0,0.0%,0.0,0.0,0,0.00,0.0,0,0,0.0,0,0,0.0,0,0.0,0,0.0,0,0.0,0,0.0,0,0.0,0,0.0,0,0.0,0,0.0,0,0.0,0.00,0.0,0,0,0
642923848,通投-一璇evie-钻石碗50g-高级定向-达人视频-24.10.24-乘风直播间,暂停,审核通过,通投,直播间直接支付ROI,笔记（直播组件）,6710bc6c0000000026035d1a,60cc69c8000000000101fe19,视频笔记,通投-达人赛马-钻石碗50g-高级定向-达人视频-24.10.24-乘风直播间,85629542,2024-10-24 14:19:12,0.00,0,0,0.0%,0.0,0.0,0,0.00,0.0,0,0,0.0,0,0,0.0,0,0.0,0,0.0,0,0.0,0,0.0,0,0.0,0,0.0,0,0.0,0,0.0,0,0.0,0.00,0.0,0,0,0
642923847,通投-易克拉cara-钻石碗50g-高级定向-达人视频-24.10.24-乘风直播间,被计划暂停,审核通过,通投,直播间直接支付ROI,笔记（直播组件）,671227830000000021007fa6,6209fa460000000010006d19,视频笔记,通投-达人赛马-钻石碗50g-高级定向-达人视频-24.10.24-乘风直播间,85629542,2024-10-24 14:19:12,0.00,0,0,0.0%,0.0,0.0,0,0.00,0.0,0,0,0.0,0,0,0.0,0,0.0,0,0.0,0,0.0,0,0.0,0,0.0,0,0.0,0,0.0,0,0.0,0,0.0,0.00,0.0,0,0,0
642923846,通投-李五花-钻石碗50g-高级定向-达人视频-24.10.24-乘风直播间,暂停,审核通过,通投,直播间直接支付ROI,笔记（直播组件）,6710f39e000000001b0122fe,598a93e050c4b47df2222039,视频笔记,通投-达人赛马-钻石碗50g-高级定向-达人视频-24.10.24-乘风直播间,85629542,2024-10-24 14:19:12,0.00,0,0,0.0%,0.0,0.0,0,0.00,0.0,0,0,0.0,0,0,0.0,0,0.0,0,0.0,0,0.0,0,0.0,0,0.0,0,0.0,0,0.0,0,0.0,0,0.0,0.00,0.0,0,0,0
642923845,通投-梅少女战士-钻石碗50g-高级定向-达人视频-24.10.24-乘风直播间,暂停,审核通过,通投,直播间直接支付ROI,笔记（直播组件）,6711047a000000001b02cda1,5ae08b8e11be104d335b8a85,视频笔记,通投-达人赛马-钻石碗50g-高级定向-达人视频-24.10.24-乘风直播间,85629542,2024-10-24 14:19:12,0.00,0,0,0.0%,0.0,0.0,0,0.00,0.0,0,0,0.0,0,0,0.0,0,0.0,0,0.0,0,0.0,0,0.0,0,0.0,0,0.0,0,0.0,0,0.0,0,0.0,0.00,0.0,0,0,0
642797826,通投-内调变-星光款-高级定向-日弘-视觉营销视频-24.10.24-乘风直播间,被计划暂停,审核拒绝,通投,直播间直接支付ROI,笔记（直播组件）,671239d90000000016021723,583691373460942ae8fc16bb,视频笔记,通投-内调变-星光款-高级定向-日弘-视觉营销视频-24.10.24-乘风直播间,85628855,2024-10-24 14:01:00,0.00,0,0,0.0%,0.0,0.0,0,0.00,0.0,0,0,0.0,0,0,0.0,0,0.0,0,0.0,0,0.0,0,0.0,0,0.0,0,0.0,0,0.0,0,0.0,0,0.0,0.00,0.0,0,0,0
642208638,通投-解锁明-星光款-托管-日弘-视觉营销视频-24.10.24-乘风直播间,被计划暂停,审核拒绝,通投,直播间直接支付ROI,笔记（直播组件）,6715ec9b000000001402ecba,583691373460942ae8fc16bb,视频笔记,通投-解锁明-星光款-托管-日弘-视觉营销视频-24.10.24-乘风直播间,85572125,2024-10-24 10:14:14,0.00,0,0,0.0%,0.0,0.0,0,0.00,0.0,0,0,0.0,0,0,0.0,0,0.0,0,0.0,0,0.0,0,0.0,0,0.0,0,0.0,0,0.0,0,0.0,0,0.0,0.00,0.0,0,0,0
642125297,通投-太夸张-星光款-托管-日弘-24.10.24优化-乘风直播间,被计划暂停,审核拒绝,通投,直播间直接支付ROI,笔记（直播组件）,66e2c31c0000000026032cab,583691373460942ae8fc16bb,图文笔记,通投-太夸张-星光款-托管-日弘-24.10.24优化-乘风直播间,85548871,2024-10-24 09:23:57,0.00,0,0,0.0%,0.0,0.0,0,0.00,0.0,0,0,0.0,0,0,0.0,0,0.0,0,0.0,0,0.0,0,0.0,0,0.0,0,0.0,0,0.0,0,0.0,0,0.0,0.00,0.0,0,0,0
642234238,通投-Kefira-星光款-托管-达人视频-24.10.24-乘风直播间,被计划暂停,审核通过,通投,直播间直接支付ROI,笔记（直播组件）,6711c8e00000000016022ab0,5a83dacee8ac2b0b1a9d2f63,视频笔记,通投-Kefira-星光款-托管-达人视频-24.10.24-乘风直播间,85553696,2024-10-24 09:04:18,0.00,0,0,0.0%,0.0,0.0,0,0.00,0.0,0,0,0.0,0,0,0.0,0,0.0,0,0.0,0,0.0,0,0.0,0,0.0,0,0.0,0,0.0,0,0.0,0,0.0,0.00,0.0,0,0,0
641151784,搜索-亿颗葡萄籽-星光款-达人-日弘-24.10.23-乘风直播间,暂停,审核通过,搜索,直播间直接支付ROI,笔记（直播组件）,6710ca8400000000160224a7,6486d95b000000001f00717c,图文笔记,搜索-笔记合集-星光款-托管-日弘-24.10.23-乘风直播间,85508470,2024-10-23 17:40:31,0.00,0,0,0.0%,0.0,0.0,0,0.00,0.0,0,0,0.0,0,0,0.0,0,0.0,0,0.0,0,0.0,0,0.0,0,0.0,0,0.0,0,0.0,0,0.0,0,0.0,0.00,0.0,0,0,0
641151783,搜索-孕妈必-星光款-托管-日弘-24.10.23-乘风直播间,被计划暂停,审核通过,搜索,直播间直接支付ROI,笔记（直播组件）,66d95d22000000002603ddd6,583691373460942ae8fc16bb,视频笔记,搜索-笔记合集-星光款-托管-日弘-24.10.23-乘风直播间,85508470,2024-10-23 17:40:31,0.00,0,0,0.0%,0.0,0.0,0,0.00,0.0,0,0,0.0,0,0,0.0,0,0.0,0,0.0,0,0.0,0,0.0,0,0.0,0,0.0,0,0.0,0,0.0,0,0.0,0.00,0.0,0,0,0
641151782,搜索-笔记合集-星光款-托管-日弘-24.10.23-乘风直播间,暂停,审核通过,搜索,直播间直接支付ROI,直播间,,-,无笔记,搜索-笔记合集-星光款-托管-日弘-24.10.23-乘风直播间,85508470,2024-10-23 17:40:31,0.00,0,0,0.0%,0.0,0.0,0,0.00,0.0,0,0,0.0,0,0,0.0,0,0.0,0,0.0,0,0.0,0,0.0,0,0.0,0,0.0,0,0.0,0,0.0,0,0.0,0.00,0.0,0,0,0
641091387,搜索-王艳二创-青春款-托管-日弘视频-24.10.23-乘风直播间,暂停,审核通过,搜索,直播间直接支付ROI,笔记（直播组件）,66e53fa10000000027007212,583691373460942ae8fc16bb,视频笔记,搜索-笔记合集-青春款-托管-日弘-24.10.23-乘风直播间,85508358,2024-10-23 17:37:03,0.00,0,0,0.0%,0.0,0.0,0,0.00,0.0,0,0,0.0,0,0,0.0,0,0.0,0,0.0,0,0.0,0,0.0,0,0.0,0,0.0,0,0.0,0,0.0,0,0.0,0.00,0.0,0,0,0
641091386,搜索-怎么选-青春款-托管-日弘-24.10.23-乘风直播间,被计划暂停,审核通过,搜索,直播间直接支付ROI,笔记（直播组件）,670f65ce0000000016021fa8,583691373460942ae8fc16bb,图文笔记,搜索-笔记合集-青春款-托管-日弘-24.10.23-乘风直播间,85508358,2024-10-23 17:37:03,0.00,0,0,0.0%,0.0,0.0,0,0.00,0.0,0,0,0.0,0,0,0.0,0,0.0,0,0.0,0,0.0,0,0.0,0,0.0,0,0.0,0,0.0,0,0.0,0,0.0,0.00,0.0,0,0,0
641091385,搜索-笔记合集-青春款-托管-日弘-24.10.23-乘风直播间,暂停,审核通过,搜索,直播间直接支付ROI,直播间,,-,无笔记,搜索-笔记合集-青春款-托管-日弘-24.10.23-乘风直播间,85508358,2024-10-23 17:37:03,0.00,0,0,0.0%,0.0,0.0,0,0.00,0.0,0,0,0.0,0,0,0.0,0,0.0,0,0.0,0,0.0,0,0.0,0,0.0,0,0.0,0,0.0,0,0.0,0,0.0,0.00,0.0,0,0,0
640379303,通投-孕妈必-星光款-托管-日弘视频-24.10.23-乘风直播间,被计划暂停,审核通过,通投,直播间直接支付ROI,笔记（直播组件）,66d95d22000000002603ddd6,583691373460942ae8fc16bb,视频笔记,通投-孕妈必-星光款-托管-日弘视频-24.10.23-乘风直播间,85461463,2024-10-23 14:13:50,0.00,0,0,0.0%,0.0,0.0,0,0.00,0.0,0,0,0.0,0,0,0.0,0,0.0,0,0.0,0,0.0,0,0.0,0,0.0,0,0.0,0,0.0,0,0.0,0,0.0,0.00,0.0,0,0,0
640317164,通投-怎么选-青春款-托管-日弘二创-24.10.23-乘风直播间,被计划暂停,审核通过,通投,直播间直接支付ROI,笔记（直播组件）,670f65ce0000000016021fa8,583691373460942ae8fc16bb,图文笔记,通投-怎么选-青春款-托管-日弘二创-24.10.23-乘风直播间,85457130,2024-10-23 14:09:14,0.00,0,0,0.0%,0.0,0.0,0,0.00,0.0,0,0,0.0,0,0,0.0,0,0.0,0,0.0,0,0.0,0,0.0,0,0.0,0,0.0,0,0.0,0,0.0,0,0.0,0.00,0.0,0,0,0
640193422,通投-贵妇圈-星光款-托管-日弘-24.10.23优化-乘风直播间,被计划暂停,审核通过,通投,直播间直接支付ROI,笔记（直播组件）,66f4cdac000000002a034f89,583691373460942ae8fc16bb,图文笔记,通投-贵妇圈-星光款-托管-日弘-24.10.23优化-乘风直播间,85444643,2024-10-23 13:50:24,0.00,0,0,0.0%,0.0,0.0,0,0.00,0.0,0,0,0.0,0,0,0.0,0,0.0,0,0.0,0,0.0,0,0.0,0,0.0,0,0.0,0,0.0,0,0.0,0,0.0,0.00,0.0,0,0,0
640426037,通投-真的太-星光款-托管-24.10.23优化3-乘风直播间,被计划暂停,审核通过,通投,直播间直接支付ROI,笔记（直播组件）,66ced14a000000001f03d407,583691373460942ae8fc16bb,图文笔记,通投-真的太-星光款-托管-24.10.23优化3-乘风直播间,85444593,2024-10-23 13:48:38,0.00,0,0,0.0%,0.0,0.0,0,0.00,0.0,0,0,0.0,0,0,0.0,0,0.0,0,0.0,0,0.0,0,0.0,0,0.0,0,0.0,0,0.0,0,0.0,0,0.0,0.00,0.0,0,0,0
639322974,通投-Louise Life-星光款-高级定向-达人-24.10.23-乘风直播间,被计划暂停,审核拒绝,通投,直播间直接支付ROI,笔记（直播组件）,6712395b000000002100b20f,55595f34c2bdeb40a298dba3,图文笔记,通投-Louise Life-星光款-高级定向-达人-24.10.23-乘风直播间,85381558,2024-10-23 08:54:10,0.00,0,0,0.0%,0.0,0.0,0,0.00,0.0,0,0,0.0,0,0,0.0,0,0.0,0,0.0,0,0.0,0,0.0,0,0.0,0,0.0,0,0.0,0,0.0,0,0.0,0.00,0.0,0,0,0
639440596,通投-亿颗葡萄籽-星光款-高级定向-达人-24.10.23-乘风直播间,被计划暂停,审核通过,通投,直播间直接支付ROI,笔记（直播组件）,6710ca8400000000160224a7,6486d95b000000001f00717c,图文笔记,通投-亿颗葡萄籽-星光款-高级定向-达人-24.10.23-乘风直播间,85387372,2024-10-23 08:52:27,0.00,0,0,0.0%,0.0,0.0,0,0.00,0.0,0,0,0.0,0,0,0.0,0,0.0,0,0.0,0,0.0,0,0.0,0,0.0,0,0.0,0,0.0,0,0.0,0,0.0,0.00,0.0,0,0,0
639144354,通投-别错过-星光款-高级定向-7R-24.10.17-乘风直播间,被计划暂停,审核通过,通投,直播间直接支付ROI,笔记（直播组件）,66878c910000000003026911,583691373460942ae8fc16bb,图文笔记,通投-别错过-星光款-高级定向-7R-24.10.17-乘风直播间,84552746,2024-10-23 08:38:23,0.00,0,0,0.0%,0.0,0.0,0,0.00,0.0,0,0,0.0,0,0,0.0,0,0.0,0,0.0,0,0.0,0,0.0,0,0.0,0,0.0,0,0.0,0,0.0,0,0.0,0.00,0.0,0,0,0
638371514,通投-哺乳期-星光款-托管-日弘-24.10.15优化-乘风直播间,被计划暂停,审核通过,通投,直播间直接支付ROI,笔记（直播组件）,66e5616e0000000027001def,583691373460942ae8fc16bb,图文笔记,通投-哺乳期-星光款-托管-日弘-24.10.15优化-乘风直播间,84193200,2024-10-22 18:21:07,0.00,0,0,0.0%,0.0,0.0,0,0.00,0.0,0,0,0.0,0,0,0.0,0,0.0,0,0.0,0,0.0,0,0.0,0,0.0,0,0.0,0,0.0,0,0.0,0,0.0,0.00,0.0,0,0,0
637521263,通投-燕窝好-青春款-托管-日弘-视觉营销视频-24.10.22-乘风直播间,被计划暂停,审核通过,通投,直播间直接支付ROI,笔记（直播组件）,671609590000000016021a2e,583691373460942ae8fc16bb,视频笔记,通投-燕窝好-青春款-托管-日弘-视觉营销视频-24.10.22-乘风直播间,85273331,2024-10-22 14:28:14,0.00,0,0,0.0%,0.0,0.0,0,0.00,0.0,0,0,0.0,0,0,0.0,0,0.0,0,0.0,0,0.0,0,0.0,0,0.0,0,0.0,0,0.0,0,0.0,0,0.0,0.00,0.0,0,0,0
637345405,通投-黄暄雅Hyuna-星光款-托管-达人-24.10.22-乘风直播间,被计划暂停,审核通过,通投,直播间直接支付ROI,笔记（直播组件）,6710ba7e0000000026034a55,59c35e1c82ec392ed2cd700d,图文笔记,通投-黄暄雅Hyuna-星光款-托管-达人-24.10.22-乘风直播间,85286501,2024-10-22 14:24:35,0.00,0,0,0.0%,0.0,0.0,0,0.00,0.0,0,0,0.0,0,0,0.0,0,0.0,0,0.0,0,0.0,0,0.0,0,0.0,0,0.0,0,0.0,0,0.0,0,0.0,0.00,0.0,0,0,0
637560767,通投-亿颗葡萄籽-星光款-托管-达人-24.10.22-乘风直播间,被计划暂停,审核通过,通投,直播间直接支付ROI,笔记（直播组件）,6710ca8400000000160224a7,6486d95b000000001f00717c,图文笔记,通投-亿颗葡萄籽-星光款-托管-达人-24.10.22-乘风直播间,85271985,2024-10-22 13:50:38,0.00,0,0,0.0%,0.0,0.0,0,0.00,0.0,0,0,0.0,0,0,0.0,0,0.0,0,0.0,0,0.0,0,0.0,0,0.0,0,0.0,0,0.0,0,0.0,0,0.0,0.00,0.0,0,0,0
637325413,通投-崽崽超会买-星光款-托管-达人-24.10.22-乘风直播间,被计划暂停,审核拒绝,通投,直播间直接支付ROI,笔记（直播组件）,6710a8b7000000002100490a,6658456f000000000d026d6b,图文笔记,通投-崽崽超会买-星光款-托管-达人-24.10.22-乘风直播间,85277657,2024-10-22 13:45:22,0.00,0,0,0.0%,0.0,0.0,0,0.00,0.0,0,0,0.0,0,0,0.0,0,0.0,0,0.0,0,0.0,0,0.0,0,0.0,0,0.0,0,0.0,0,0.0,0,0.0,0.00,0.0,0,0,0
637382235,通投-在下奶芙芙-星光款-托管-达人-24.10.22-乘风直播间,被计划暂停,审核通过,通投,直播间直接支付ROI,笔记（直播组件）,670f79d10000000021006881,645f8ac000000000120372d5,图文笔记,通投-在下奶芙芙-星光款-托管-达人-24.10.22-乘风直播间,85255044,2024-10-22 13:43:49,0.00,0,0,0.0%,0.0,0.0,0,0.00,0.0,0,0,0.0,0,0,0.0,0,0.0,0,0.0,0,0.0,0,0.0,0,0.0,0,0.0,0,0.0,0,0.0,0,0.0,0.00,0.0,0,0,0
635391689,通投-多加珍珠少放冰-星光款-托管-达人-24.10.21-乘风直播间,暂停,审核拒绝,通投,直播间直接支付ROI,笔记（直播组件）,6710cb8800000000210054b0,5b1d4fc811be10189e52ca1f,图文笔记,通投-达人笔记合集-星光款-托管-达人-24.10.21-乘风直播间,85154801,2024-10-21 16:54:09,0.00,0,0,0.0%,0.0,0.0,0,0.00,0.0,0,0,0.0,0,0,0.0,0,0.0,0,0.0,0,0.0,0,0.0,0,0.0,0,0.0,0,0.0,0,0.0,0,0.0,0.00,0.0,0,0,0
635391688,通投-田小田田田-星光款-托管-达人-24.10.21-乘风直播间,被计划暂停,审核拒绝,通投,直播间直接支付ROI,笔记（直播组件）,67122a5200000000260342a0,65583923000000001000b6d3,图文笔记,通投-达人笔记合集-星光款-托管-达人-24.10.21-乘风直播间,85154801,2024-10-21 16:54:09,0.00,0,0,0.0%,0.0,0.0,0,0.00,0.0,0,0,0.0,0,0,0.0,0,0.0,0,0.0,0,0.0,0,0.0,0,0.0,0,0.0,0,0.0,0,0.0,0,0.0,0.00,0.0,0,0,0
635391687,通投-米妮Mini-星光款-托管-达人-24.10.21-乘风直播间,被计划暂停,审核通过,通投,直播间直接支付ROI,笔记（直播组件）,67108f64000000001b0106fb,5fb9493e000000000100930f,图文笔记,通投-达人笔记合集-星光款-托管-达人-24.10.21-乘风直播间,85154801,2024-10-21 16:54:09,0.00,0,0,0.0%,0.0,0.0,0,0.00,0.0,0,0,0.0,0,0,0.0,0,0.0,0,0.0,0,0.0,0,0.0,0,0.0,0,0.0,0,0.0,0,0.0,0,0.0,0.00,0.0,0,0,0
635391686,通投-Louise Life-星光款-托管-达人-24.10.21-乘风直播间,被计划暂停,审核拒绝,通投,直播间直接支付ROI,笔记（直播组件）,6712395b000000002100b20f,55595f34c2bdeb40a298dba3,图文笔记,通投-达人笔记合集-星光款-托管-达人-24.10.21-乘风直播间,85154801,2024-10-21 16:54:09,0.00,0,0,0.0%,0.0,0.0,0,0.00,0.0,0,0,0.0,0,0,0.0,0,0.0,0,0.0,0,0.0,0,0.0,0,0.0,0,0.0,0,0.0,0,0.0,0,0.0,0.00,0.0,0,0,0
634523133,通投-解锁明-星光款-托管-日弘-视觉营销视频-24.10.21-乘风直播间,被计划暂停,不满足审核条件,通投,直播间直接支付ROI,笔记（直播组件）,6715ec9b000000001402ecba,583691373460942ae8fc16bb,视频笔记,通投-解锁明-星光款-托管-日弘-视觉营销视频-24.10.21-乘风直播间,85113344,2024-10-21 14:05:36,0.00,0,0,0.0%,0.0,0.0,0,0.00,0.0,0,0,0.0,0,0,0.0,0,0.0,0,0.0,0,0.0,0,0.0,0,0.0,0,0.0,0,0.0,0,0.0,0,0.0,0.00,0.0,0,0,0
634757342,通投-桃花肌-星光款-托管-日弘-二创视频-24.10.21优化-乘风直播间,被计划暂停,审核通过,通投,直播间直接支付ROI,笔记（直播组件）,66f9267c000000002a034b92,583691373460942ae8fc16bb,视频笔记,通投-桃花肌-星光款-托管-日弘-二创视频-24.10.21优化-乘风直播间,85093941,2024-10-21 13:59:58,0.00,0,0,0.0%,0.0,0.0,0,0.00,0.0,0,0,0.0,0,0,0.0,0,0.0,0,0.0,0,0.0,0,0.0,0,0.0,0,0.0,0,0.0,0,0.0,0,0.0,0.00,0.0,0,0,0
634240493,通投-一颗茜茜呀-合集款-高级定向-日弘-24.10.21-乘风直播间,被计划暂停,不满足审核条件,通投,直播间直接支付ROI,笔记（直播组件）,66f4ce63000000002a0339e9,5913479a50c4b402746fc636,图文笔记,通投-一颗茜茜呀-合集款-高级定向-日弘-24.10.21-乘风直播间,85062839,2024-10-21 10:14:18,0.00,0,0,0.0%,0.0,0.0,0,0.00,0.0,0,0,0.0,0,0,0.0,0,0.0,0,0.0,0,0.0,0,0.0,0,0.0,0,0.0,0,0.0,0,0.0,0,0.0,0.00,0.0,0,0,0
634060793,通投-内调就-星光款-高级定向-日弘-视觉营销视频-24.10.21-乘风直播间,被计划暂停,审核拒绝,通投,直播间直接支付ROI,笔记（直播组件）,670e3661000000001b02dafb,583691373460942ae8fc16bb,视频笔记,通投-内调就-星光款-高级定向-日弘-视觉营销视频-24.10.21-乘风直播间,85076116,2024-10-21 10:09:59,0.00,0,0,0.0%,0.0,0.0,0,0.00,0.0,0,0,0.0,0,0,0.0,0,0.0,0,0.0,0,0.0,0,0.0,0,0.0,0,0.0,0,0.0,0,0.0,0,0.0,0.00,0.0,0,0,0
634054224,通投-王艳二创2-青春款-高级定向-日弘视频-24.10.21-乘风直播间,被计划暂停,审核通过,通投,直播间直接支付ROI,笔记（直播组件）,66e53fa10000000027007212,583691373460942ae8fc16bb,视频笔记,通投-王艳二创2-青春款-高级定向-日弘视频-24.10.21-乘风直播间,85067439,2024-10-21 10:05:31,0.00,0,0,0.0%,0.0,0.0,0,0.00,0.0,0,0,0.0,0,0,0.0,0,0.0,0,0.0,0,0.0,0,0.0,0,0.0,0,0.0,0,0.0,0,0.0,0,0.0,0.00,0.0,0,0,0
629431687,通投-太夸张-星光款-托管-日弘-24.10.19优化-乘风直播间,被计划暂停,审核拒绝,通投,直播间直接支付ROI,笔记（直播组件）,66e2c31c0000000026032cab,583691373460942ae8fc16bb,图文笔记,通投-太夸张-星光款-托管-日弘-24.10.19优化-乘风直播间,84837826,2024-10-19 10:40:45,0.00,0,0,0.0%,0.0,0.0,0,0.00,0.0,0,0,0.0,0,0,0.0,0,0.0,0,0.0,0,0.0,0,0.0,0,0.0,0,0.0,0,0.0,0,0.0,0,0.0,0.00,0.0,0,0,0
629666739,通投-蓝盈莹-星光款-托管-日弘视频二创-24.10.19优化-乘风直播间,被计划暂停,审核通过,通投,直播间直接支付ROI,笔记（直播组件）,67065808000000002c029f3a,583691373460942ae8fc16bb,视频笔记,通投-蓝盈莹-星光款-托管-日弘视频二创-24.10.19优化-乘风直播间,84826735,2024-10-19 10:39:50,0.00,0,0,0.0%,0.0,0.0,0,0.00,0.0,0,0,0.0,0,0,0.0,0,0.0,0,0.0,0,0.0,0,0.0,0,0.0,0,0.0,0,0.0,0,0.0,0,0.0,0.00,0.0,0,0,0
629431107,通投-二胎宝-星光款-视频-托管-24.10.19优化-乘风直播间,暂停,审核通过,通投,直播间直接支付ROI,笔记（直播组件）,66a1e7b1000000000a026f8f,583691373460942ae8fc16bb,视频笔记,通投-二胎宝-星光款-视频-托管-24.10.19优化-乘风直播间,84837784,2024-10-19 10:39:05,0.00,0,0,0.0%,0.0,0.0,0,0.00,0.0,0,0,0.0,0,0,0.0,0,0.0,0,0.0,0,0.0,0,0.0,0,0.0,0,0.0,0,0.0,0,0.0,0,0.0,0.00,0.0,0,0,0
629666256,通投-内调变-星光款-托管-日弘-视觉营销视频-24.10.19-乘风直播间,被计划暂停,审核拒绝,通投,直播间直接支付ROI,笔记（直播组件）,671239d90000000016021723,583691373460942ae8fc16bb,视频笔记,通投-内调变-星光款-托管-日弘-视觉营销视频-24.10.19-乘风直播间,84848699,2024-10-19 10:37:06,0.00,0,0,0.0%,0.0,0.0,0,0.00,0.0,0,0,0.0,0,0,0.0,0,0.0,0,0.0,0,0.0,0,0.0,0,0.0,0,0.0,0,0.0,0,0.0,0,0.0,0.00,0.0,0,0,0
627883044,通投-从女明-星光款-托管-日弘视频-24.10.18-乘风直播间,被计划暂停,审核通过,通投,直播间直接支付ROI,笔记（直播组件）,66f531c5000000002c016848,583691373460942ae8fc16bb,视频笔记,通投-从女明-星光款-托管-日弘视频-24.10.18-乘风直播间,84690395,2024-10-18 14:06:35,0.00,0,0,0.0%,0.0,0.0,0,0.00,0.0,0,0,0.0,0,0,0.0,0,0.0,0,0.0,0,0.0,0,0.0,0,0.0,0,0.0,0,0.0,0,0.0,0,0.0,0.00,0.0,0,0,0
627571810,通投-中式变-青春款-高级定向-日弘-二创视频-24.10.18优化3-乘风直播间,被计划暂停,不满足审核条件,通投,直播间直接支付ROI,笔记（直播组件）,66f9214c000000002a03297f,583691373460942ae8fc16bb,视频笔记,通投-中式变-青春款-高级定向-日弘-二创视频-24.10.18优化3-乘风直播间,84701174,2024-10-18 13:40:44,0.00,0,0,0.0%,0.0,0.0,0,0.00,0.0,0,0,0.0,0,0,0.0,0,0.0,0,0.0,0,0.0,0,0.0,0,0.0,0,0.0,0,0.0,0,0.0,0,0.0,0.00,0.0,0,0,0
627453369,通投-后悔没-星光款-托管-日弘-24.10.18-乘风直播间,被计划暂停,审核通过,通投,直播间直接支付ROI,笔记（直播组件）,6711c879000000001b02f8b3,583691373460942ae8fc16bb,图文笔记,通投-后悔没-星光款-托管-日弘-24.10.18-乘风直播间,84689472,2024-10-18 13:39:01,0.00,0,0,0.0%,0.0,0.0,0,0.00,0.0,0,0,0.0,0,0,0.0,0,0.0,0,0.0,0,0.0,0,0.0,0,0.0,0,0.0,0,0.0,0,0.0,0,0.0,0.00,0.0,0,0,0
626329307,通投-保姆级-活动笔记-30S观播-日弘直播间-24.10.17-乘风直播间,被计划暂停,审核通过,通投,直播间30s观看量,笔记（直播组件）,670e4560000000001602018e,583691373460942ae8fc16bb,图文笔记,通投-保姆级-活动笔记-30S观播-日弘直播间-24.10.17-乘风直播间,84604708,2024-10-17 20:18:26,0.00,0,0,0.0%,0.0,0.0,0,0.00,0.0,0,0,0.0,0,0,0.0,0,0.0,0,0.0,0,0.0,0,0.0,0,0.0,0,0.0,0,0.0,0,0.0,0,0.0,0.00,0.0,0,0,0
625713636,通投-补囤货-星光款-托管-日弘-24.10.17-乘风直播间,被计划暂停,审核通过,通投,直播间直接支付ROI,笔记（直播组件）,6710758f00000000160218df,583691373460942ae8fc16bb,图文笔记,通投-补囤货-星光款-托管-日弘-24.10.17-乘风直播间,84569631,2024-10-17 17:29:06,0.00,0,0,0.0%,0.0,0.0,0,0.00,0.0,0,0,0.0,0,0,0.0,0,0.0,0,0.0,0,0.0,0,0.0,0,0.0,0,0.0,0,0.0,0,0.0,0,0.0,0.00,0.0,0,0,0
625251170,通投-巧乐孜Yiz-青春款-托管-达人-24.10.17-乘风直播间,被计划暂停,审核通过,通投,直播间直接支付ROI,笔记（直播组件）,670b9f13000000002401973d,5a6f51f211be106f03882ce9,视频笔记,通投-巧乐孜Yiz-青春款-托管-达人-24.10.17-乘风直播间,84531185,2024-10-17 14:26:03,0.00,0,0,0.0%,0.0,0.0,0,0.00,0.0,0,0,0.0,0,0,0.0,0,0.0,0,0.0,0,0.0,0,0.0,0,0.0,0,0.0,0,0.0,0,0.0,0,0.0,0.00,0.0,0,0,0
625307611,通投-七月的小乖-星光款-托管-达人-24.10.17-乘风直播间,被计划暂停,审核通过,通投,直播间直接支付ROI,笔记（直播组件）,670c91d700000000260362cd,5bf6afa2349073000133bad1,图文笔记,通投-七月的小乖-星光款-托管-达人-24.10.17-乘风直播间,84528084,2024-10-17 14:24:39,0.00,0,0,0.0%,0.0,0.0,0,0.00,0.0,0,0,0.0,0,0,0.0,0,0.0,0,0.0,0,0.0,0,0.0,0,0.0,0,0.0,0,0.0,0,0.0,0,0.0,0.00,0.0,0,0,0
625244952,通投-Roro-星光款-托管-达人-24.10.17-乘风直播间,被计划暂停,不满足审核条件,通投,直播间直接支付ROI,笔记（直播组件）,670a063e000000002401b7a9,59f7fb974eacab72c65881c1,图文笔记,通投-Roro-星光款-托管-达人-24.10.17-乘风直播间,84505975,2024-10-17 14:19:58,0.00,0,0,0.0%,0.0,0.0,0,0.00,0.0,0,0,0.0,0,0,0.0,0,0.0,0,0.0,0,0.0,0,0.0,0,0.0,0,0.0,0,0.0,0,0.0,0,0.0,0.00,0.0,0,0,0
625122947,通投-孕妈必-星光款-母婴人群-日弘视频-24.10.17-乘风直播间,被计划暂停,审核通过,通投,直播间直接支付ROI,笔记（直播组件）,66d95d22000000002603ddd6,583691373460942ae8fc16bb,视频笔记,通投-孕妈必-星光款-母婴人群-日弘视频-24.10.17-乘风直播间,84527638,2024-10-17 14:13:33,0.00,0,0,0.0%,0.0,0.0,0,0.00,0.0,0,0,0.0,0,0,0.0,0,0.0,0,0.0,0,0.0,0,0.0,0,0.0,0,0.0,0,0.0,0,0.0,0,0.0,0.00,0.0,0,0,0
624998293,通投-从女明-星光款-高级定向-日弘视频-24.10.17-乘风直播间,被计划暂停,审核通过,通投,直播间直接支付ROI,笔记（直播组件）,66f531c5000000002c016848,583691373460942ae8fc16bb,视频笔记,通投-从女明-星光款-高级定向-日弘视频-24.10.17-乘风直播间,84516754,2024-10-17 14:11:40,0.00,0,0,0.0%,0.0,0.0,0,0.00,0.0,0,0,0.0,0,0,0.0,0,0.0,0,0.0,0,0.0,0,0.0,0,0.0,0,0.0,0,0.0,0,0.0,0,0.0,0.00,0.0,0,0,0
624032645,通投-不走弯-合集款-高级定向-日弘转载-24.10.17-乘风直播间,被计划暂停,不满足审核条件,通投,直播间直接支付ROI,笔记（直播组件）,67077879000000002a0345f7,583691373460942ae8fc16bb,图文笔记,通投-不走弯-合集款-高级定向-日弘转载-24.10.17-乘风直播间,84460580,2024-10-17 09:09:55,0.00,0,0,0.0%,0.0,0.0,0,0.00,0.0,0,0,0.0,0,0,0.0,0,0.0,0,0.0,0,0.0,0,0.0,0,0.0,0,0.0,0,0.0,0,0.0,0,0.0,0.00,0.0,0,0,0
624264714,通投-怎么选-青春款-高级定向-日弘二创-24.10.17-乘风直播间,被计划暂停,审核通过,通投,直播间直接支付ROI,笔记（直播组件）,670f65ce0000000016021fa8,583691373460942ae8fc16bb,图文笔记,通投-怎么选-青春款-高级定向-日弘二创-24.10.17-乘风直播间,84482854,2024-10-17 09:07:42,0.00,0,0,0.0%,0.0,0.0,0,0.00,0.0,0,0,0.0,0,0,0.0,0,0.0,0,0.0,0,0.0,0,0.0,0,0.0,0,0.0,0,0.0,0,0.0,0,0.0,0.00,0.0,0,0,0
624145575,通投-杏仁-青春款-高级定向-达人-24.10.17-乘风直播间,被计划暂停,审核通过,通投,直播间直接支付ROI,笔记（直播组件）,67095ee5000000001902e6c6,5e70472c0000000001006085,视频笔记,通投-杏仁-青春款-高级定向-达人-24.10.17-乘风直播间,84476582,2024-10-17 08:52:03,0.00,0,0,0.0%,0.0,0.0,0,0.00,0.0,0,0,0.0,0,0,0.0,0,0.0,0,0.0,0,0.0,0,0.0,0,0.0,0,0.0,0,0.0,0,0.0,0,0.0,0.00,0.0,0,0,0
623567022,通投-肌肤的-星光款-托管-24.10.16优化2-乘风直播间,被计划暂停,审核通过,通投,直播间直接支付ROI,笔记（直播组件）,669a357e000000000302610c,583691373460942ae8fc16bb,视频笔记,通投-肌肤的-星光款-托管-24.10.16优化2-乘风直播间,84391184,2024-10-16 18:35:49,0.00,0,0,0.0%,0.0,0.0,0,0.00,0.0,0,0,0.0,0,0,0.0,0,0.0,0,0.0,0,0.0,0,0.0,0,0.0,0,0.0,0,0.0,0,0.0,0,0.0,0.00,0.0,0,0,0
622694896,通投-怎么选-青春款-托管-日弘二创-24.10.15-乘风直播间,被计划暂停,审核通过,通投,直播间直接支付ROI,笔记（直播组件）,670f65ce0000000016021fa8,583691373460942ae8fc16bb,图文笔记,通投-怎么选-青春款-托管-日弘二创-24.10.15-乘风直播间,84381869,2024-10-16 15:57:45,0.00,0,0,0.0%,0.0,0.0,0,0.00,0.0,0,0,0.0,0,0,0.0,0,0.0,0,0.0,0,0.0,0,0.0,0,0.0,0,0.0,0,0.0,0,0.0,0,0.0,0.00,0.0,0,0,0
622087392,通投-免费送-活动笔记-托管-日弘直播间-24.10.15-乘风直播间,被计划暂停,审核通过,通投,直播间直接支付ROI,笔记（直播组件）,670f2983000000001b02e0a5,583691373460942ae8fc16bb,图文笔记,通投-免费送-活动笔记-托管-日弘直播间-24.10.15-乘风直播间,84311830,2024-10-16 11:43:58,0.00,0,0,0.0%,0.0,0.0,0,0.00,0.0,0,0,0.0,0,0,0.0,0,0.0,0,0.0,0,0.0,0,0.0,0,0.0,0,0.0,0,0.0,0,0.0,0,0.0,0.00,0.0,0,0,0
620865988,通投-是Lucy欧尼-星光款-托管-达人笔记-24.10.15-乘风直播间,暂停,审核拒绝,通投,直播间直接支付ROI,笔记（直播组件）,67065841000000001902feae,5f6327e20000000001003a64,图文笔记,通投-笔记合集-星光/青春-托管-达人笔记-24.10.15-乘风直播间,84237512,2024-10-15 20:19:56,0.00,0,0,0.0%,0.0,0.0,0,0.00,0.0,0,0,0.0,0,0,0.0,0,0.0,0,0.0,0,0.0,0,0.0,0,0.0,0,0.0,0,0.0,0,0.0,0,0.0,0.00,0.0,0,0,0
620865987,通投-桃桃奶芙-星光款-托管-达人笔记-24.10.15-乘风直播间,被计划暂停,审核通过,通投,直播间直接支付ROI,笔记（直播组件）,67064093000000002c029062,5ed889bf000000000101c5d1,图文笔记,通投-笔记合集-星光/青春-托管-达人笔记-24.10.15-乘风直播间,84237512,2024-10-15 20:19:56,0.00,0,0,0.0%,0.0,0.0,0,0.00,0.0,0,0,0.0,0,0,0.0,0,0.0,0,0.0,0,0.0,0,0.0,0,0.0,0,0.0,0,0.0,0,0.0,0,0.0,0.00,0.0,0,0,0
620865986,通投-小羊当当MAMA-星光款-托管-达人笔记-24.10.15-乘风直播间,暂停,审核拒绝,通投,直播间直接支付ROI,笔记（直播组件）,670a2d0c000000001b02ecec,5bc7fce83caec20001a2a300,图文笔记,通投-笔记合集-星光/青春-托管-达人笔记-24.10.15-乘风直播间,84237512,2024-10-15 20:19:56,0.00,0,0,0.0%,0.0,0.0,0,0.00,0.0,0,0,0.0,0,0,0.0,0,0.0,0,0.0,0,0.0,0,0.0,0,0.0,0,0.0,0,0.0,0,0.0,0,0.0,0.00,0.0,0,0,0
620865985,通投-信dede-青春款-托管-达人笔记-24.10.15-乘风直播,暂停,审核通过,通投,直播间直接支付ROI,笔记（直播组件）,670899a9000000002c02cabf,5730a0f15e87e77f9199699e,图文笔记,通投-笔记合集-星光/青春-托管-达人笔记-24.10.15-乘风直播间,84237512,2024-10-15 20:19:56,0.00,0,0,0.0%,0.0,0.0,0,0.00,0.0,0,0,0.0,0,0,0.0,0,0.0,0,0.0,0,0.0,0,0.0,0,0.0,0,0.0,0,0.0,0,0.0,0,0.0,0.00,0.0,0,0,0
620865984,通投-Mila育儿分享-星光款-托管-达人笔记-24.10.15-乘风直播间,被计划暂停,审核通过,通投,直播间直接支付ROI,笔记（直播组件）,6705dd0d000000002a032b8e,5b267476e8ac2b43447782e9,图文笔记,通投-笔记合集-星光/青春-托管-达人笔记-24.10.15-乘风直播间,84237512,2024-10-15 20:19:56,0.00,0,0,0.0%,0.0,0.0,0,0.00,0.0,0,0,0.0,0,0,0.0,0,0.0,0,0.0,0,0.0,0,0.0,0,0.0,0,0.0,0,0.0,0,0.0,0,0.0,0.00,0.0,0,0,0
620865983,通投-Annyyyyxx-青春款-托管-达人笔记-24.10.15-乘风直播间,暂停,不满足审核条件,通投,直播间直接支付ROI,笔记（直播组件）,670a3eca0000000016023030,59ade30a5e87e75feb09910c,图文笔记,通投-笔记合集-星光/青春-托管-达人笔记-24.10.15-乘风直播间,84237512,2024-10-15 20:19:56,0.00,0,0,0.0%,0.0,0.0,0,0.00,0.0,0,0,0.0,0,0,0.0,0,0.0,0,0.0,0,0.0,0,0.0,0,0.0,0,0.0,0,0.0,0,0.0,0,0.0,0.00,0.0,0,0,0
620922402,通投-灰灰eidolonnn-青春款-托管-达人视频-24.10.15-乘风直播间,被计划暂停,审核通过,通投,直播间直接支付ROI,笔记（直播组件）,6708f27a000000002c02d904,5a8aad6311be1037c6722bb8,视频笔记,通投-灰灰eidolonnn-青春款-托管-达人视频-24.10.15-乘风直播间,84220639,2024-10-15 20:09:52,0.00,0,0,0.0%,0.0,0.0,0,0.00,0.0,0,0,0.0,0,0,0.0,0,0.0,0,0.0,0,0.0,0,0.0,0,0.0,0,0.0,0,0.0,0,0.0,0,0.0,0.00,0.0,0,0,0
620589315,通投-保姆级-活动笔记-托管-日弘直播间-24.10.15-乘风直播间,被计划暂停,审核通过,通投,直播间直接支付ROI,笔记（直播组件）,670e4560000000001602018e,583691373460942ae8fc16bb,图文笔记,通投-保姆级-活动笔记-托管-日弘直播间-24.10.15-乘风直播间,84224229,2024-10-15 18:44:03,0.00,0,0,0.0%,0.0,0.0,0,0.00,0.0,0,0,0.0,0,0,0.0,0,0.0,0,0.0,0,0.0,0,0.0,0,0.0,0,0.0,0,0.0,0,0.0,0,0.0,0.00,0.0,0,0,0
620630331,通投-跟着女-星光款-托管-日弘-二创视频-24.10.15优化-乘风直播间,被计划暂停,审核通过,通投,直播间直接支付ROI,笔记（直播组件）,6708f65e000000002c02824f,583691373460942ae8fc16bb,视频笔记,通投-跟着女-星光款-托管-日弘-二创视频-24.10.15优化-乘风直播间,84206812,2024-10-15 18:15:22,0.00,0,0,0.0%,0.0,0.0,0,0.00,0.0,0,0,0.0,0,0,0.0,0,0.0,0,0.0,0,0.0,0,0.0,0,0.0,0,0.0,0,0.0,0,0.0,0,0.0,0.00,0.0,0,0,0
620687455,通投-内调就-星光款-托管-日弘-视觉营销视频-24.10.15-乘风直播间,被计划暂停,审核拒绝,通投,直播间直接支付ROI,笔记（直播组件）,670e3661000000001b02dafb,583691373460942ae8fc16bb,视频笔记,通投-内调就-星光款-托管-日弘-视觉营销视频-24.10.15-乘风直播间,84212133,2024-10-15 18:13:33,0.00,0,0,0.0%,0.0,0.0,0,0.00,0.0,0,0,0.0,0,0,0.0,0,0.0,0,0.0,0,0.0,0,0.0,0,0.0,0,0.0,0,0.0,0,0.0,0,0.0,0.00,0.0,0,0,0
619915093,通投-杏仁-青春款-托管-达人-24.10.15-乘风直播间,被计划暂停,审核通过,通投,直播间直接支付ROI,笔记（直播组件）,67095ee5000000001902e6c6,5e70472c0000000001006085,视频笔记,通投-杏仁-青春款-托管-达人-24.10.15-乘风直播间,84148723,2024-10-15 14:50:15,0.00,0,0,0.0%,0.0,0.0,0,0.00,0.0,0,0,0.0,0,0,0.0,0,0.0,0,0.0,0,0.0,0,0.0,0,0.0,0,0.0,0,0.0,0,0.0,0,0.0,0.00,0.0,0,0,0
619541681,通投-宝藏兔姐-青春款-托管-品牌达人视频-24.10.15-乘风直播间,被计划暂停,审核通过,通投,直播间直接支付ROI,笔记（直播组件）,6707713e000000001902eb2f,5bee55e70009f000010c6aea,视频笔记,通投-宝藏兔姐-青春款-托管-品牌达人视频-24.10.15-乘风直播间,84112341,2024-10-15 11:59:56,0.00,0,0,0.0%,0.0,0.0,0,0.00,0.0,0,0,0.0,0,0,0.0,0,0.0,0,0.0,0,0.0,0,0.0,0,0.0,0,0.0,0,0.0,0,0.0,0,0.0,0.00,0.0,0,0,0
619309267,通投-Elissa妈咪阿卜-青春款-托管-品牌达人视频-24.10.15-乘风直播间,被计划暂停,审核通过,通投,直播间直接支付ROI,笔记（直播组件）,66fa131d000000002a0319e4,5ffe5c25000000000101d517,视频笔记,通投-Elissa妈咪阿卜-青春款-托管-品牌达人视频-24.10.15-乘风直播间,84106954,2024-10-15 11:58:57,0.00,0,0,0.0%,0.0,0.0,0,0.00,0.0,0,0,0.0,0,0,0.0,0,0.0,0,0.0,0,0.0,0,0.0,0,0.0,0,0.0,0,0.0,0,0.0,0,0.0,0.00,0.0,0,0,0
618631604,通投-不走弯-合集款-托管-日弘转载-24.10.15-乘风直播间,被计划暂停,不满足审核条件,通投,直播间直接支付ROI,笔记（直播组件）,67077879000000002a0345f7,583691373460942ae8fc16bb,图文笔记,通投-不走弯-合集款-托管-日弘转载-24.10.15-乘风直播间,84076022,2024-10-15 10:00:23,0.00,0,0,0.0%,0.0,0.0,0,0.00,0.0,0,0,0.0,0,0,0.0,0,0.0,0,0.0,0,0.0,0,0.0,0,0.0,0,0.0,0,0.0,0,0.0,0,0.0,0.00,0.0,0,0,0
618647180,通投-太夸张-星光款-托管-日弘-24.10.15优化-乘风直播间,被计划暂停,审核拒绝,通投,直播间直接支付ROI,笔记（直播组件）,66e2c31c0000000026032cab,583691373460942ae8fc16bb,图文笔记,通投-太夸张-星光款-托管-日弘-24.10.15优化-乘风直播间,84054993,2024-10-15 08:40:53,0.00,0,0,0.0%,0.0,0.0,0,0.00,0.0,0,0,0.0,0,0,0.0,0,0.0,0,0.0,0,0.0,0,0.0,0,0.0,0,0.0,0,0.0,0,0.0,0,0.0,0.00,0.0,0,0,0
618591689,通投-抓住秋-星光款-托管-日弘-24.10.15优化2-乘风直播间,被计划暂停,审核通过,通投,直播间直接支付ROI,笔记（直播组件）,66f60100000000002c0151dc,583691373460942ae8fc16bb,图文笔记,通投-抓住秋-星光款-托管-日弘-24.10.15优化2-乘风直播间,84059993,2024-10-15 08:40:23,0.00,0,0,0.0%,0.0,0.0,0,0.00,0.0,0,0,0.0,0,0,0.0,0,0.0,0,0.0,0,0.0,0,0.0,0,0.0,0,0.0,0,0.0,0,0.0,0,0.0,0.00,0.0,0,0,0
614745699,通投-给熬夜-青春款-托管-日弘-视觉营销视频-24.10.13-乘风直播间,被计划暂停,审核通过,通投,直播间直接支付ROI,笔记（直播组件）,670a5eea0000000016021f85,583691373460942ae8fc16bb,视频笔记,通投-给熬夜-青春款-托管-日弘-视觉营销视频-24.10.13-乘风直播间,83777872,2024-10-13 14:25:22,0.00,0,0,0.0%,0.0,0.0,0,0.00,0.0,0,0,0.0,0,0,0.0,0,0.0,0,0.0,0,0.0,0,0.0,0,0.0,0,0.0,0,0.0,0,0.0,0,0.0,0.00,0.0,0,0,0
612623890,通投-王艳二创2-青春款-托管-日弘视频-24.10.12优化-乘风直播间,被计划暂停,审核通过,通投,直播间直接支付ROI,笔记（直播组件）,66e53fa10000000027007212,583691373460942ae8fc16bb,视频笔记,通投-王艳二创2-青春款-托管-日弘视频-24.10.12优化-乘风直播间,83666407,2024-10-12 16:09:45,0.00,0,0,0.0%,0.0,0.0,0,0.00,0.0,0,0,0.0,0,0,0.0,0,0.0,0,0.0,0,0.0,0,0.0,0,0.0,0,0.0,0,0.0,0,0.0,0,0.0,0.00,0.0,0,0,0
612703768,通投-跟着女-星光款-托管-日弘-二创视频-24.10.12-乘风直播间,被计划暂停,审核通过,通投,直播间直接支付ROI,笔记（直播组件）,6708f65e000000002c02824f,583691373460942ae8fc16bb,视频笔记,通投-跟着女-星光款-托管-日弘-二创视频-24.10.12-乘风直播间,83639132,2024-10-12 15:00:14,0.00,0,0,0.0%,0.0,0.0,0,0.00,0.0,0,0,0.0,0,0,0.0,0,0.0,0,0.0,0,0.0,0,0.0,0,0.0,0,0.0,0,0.0,0,0.0,0,0.0,0.00,0.0,0,0,0
612588106,通投-保养新-青春款-托管-日弘-二创视频-24.10.12-乘风直播间,被计划暂停,审核通过,通投,直播间直接支付ROI,笔记（直播组件）,6708f586000000002a031012,583691373460942ae8fc16bb,视频笔记,通投-保养新-青春款-托管-日弘-二创视频-24.10.12-乘风直播间,83660871,2024-10-12 14:59:32,0.00,0,0,0.0%,0.0,0.0,0,0.00,0.0,0,0,0.0,0,0,0.0,0,0.0,0,0.0,0,0.0,0,0.0,0,0.0,0,0.0,0,0.0,0,0.0,0,0.0,0.00,0.0,0,0,0
612473978,通投-时代孕-星光款-托管-日弘-24.10.12-乘风直播间,被计划暂停,审核通过,通投,直播间直接支付ROI,笔记（直播组件）,67090285000000002c0148d4,583691373460942ae8fc16bb,图文笔记,通投-时代孕-星光款-托管-日弘-24.10.12-乘风直播间,83633717,2024-10-12 14:58:45,0.00,0,0,0.0%,0.0,0.0,0,0.00,0.0,0,0,0.0,0,0,0.0,0,0.0,0,0.0,0,0.0,0,0.0,0,0.0,0,0.0,0,0.0,0,0.0,0,0.0,0.00,0.0,0,0,0
612376823,通投-难怪蓝-青春款-托管-日弘-24.10.12-乘风直播间,被计划暂停,审核通过,通投,直播间直接支付ROI,笔记（直播组件）,670889eb000000002a036a24,583691373460942ae8fc16bb,图文笔记,通投-难怪蓝-青春款-托管-日弘-24.10.12-乘风直播间,83642228,2024-10-12 14:00:56,0.00,0,0,0.0%,0.0,0.0,0,0.00,0.0,0,0,0.0,0,0,0.0,0,0.0,0,0.0,0,0.0,0,0.0,0,0.0,0,0.0,0,0.0,0,0.0,0,0.0,0.00,0.0,0,0,0
611532580,通投-智商税-青春款-托管-日弘视频-24.10.12-乘风直播间,被计划暂停,审核通过,通投,直播间直接支付ROI,笔记（直播组件）,66f52806000000002c02c797,583691373460942ae8fc16bb,视频笔记,通投-智商税-青春款-托管-日弘视频-24.10.12-乘风直播间,83583768,2024-10-12 09:37:12,0.00,0,0,0.0%,0.0,0.0,0,0.00,0.0,0,0,0.0,0,0,0.0,0,0.0,0,0.0,0,0.0,0,0.0,0,0.0,0,0.0,0,0.0,0,0.0,0,0.0,0.00,0.0,0,0,0
611473145,通投-陈乔恩二创-青春款-高级定向-日弘视频-24.10.12-乘风直播间,被计划暂停,审核通过,通投,直播间直接支付ROI,笔记（直播组件）,66e4e318000000002603cf59,583691373460942ae8fc16bb,视频笔记,通投-陈乔恩二创-青春款-高级定向-日弘视频-24.10.12-乘风直播间,83572349,2024-10-12 09:36:08,0.00,0,0,0.0%,0.0,0.0,0,0.00,0.0,0,0,0.0,0,0,0.0,0,0.0,0,0.0,0,0.0,0,0.0,0,0.0,0,0.0,0,0.0,0,0.0,0,0.0,0.00,0.0,0,0,0
609989763,通投-真的太-星光款-托管-24.10.11优化2-乘风直播间,被计划暂停,审核通过,通投,直播间直接支付ROI,笔记（直播组件）,66ced14a000000001f03d407,583691373460942ae8fc16bb,图文笔记,通投-真的太-星光款-托管-24.10.11优化2-乘风直播间,83473377,2024-10-11 16:34:35,0.00,0,0,0.0%,0.0,0.0,0,0.00,0.0,0,0,0.0,0,0,0.0,0,0.0,0,0.0,0,0.0,0,0.0,0,0.0,0,0.0,0,0.0,0,0.0,0,0.0,0.00,0.0,0,0,0
609593885,通投-怼脸拍-星光款-托管-日弘-二创视频-24.10.11-乘风直播间,被计划暂停,审核通过,通投,直播间直接支付ROI,笔记（直播组件）,67079e83000000002c0156b7,583691373460942ae8fc16bb,视频笔记,通投-怼脸拍-星光款-托管-日弘-二创视频-24.10.11-乘风直播间,83435512,2024-10-11 13:37:02,0.00,0,0,0.0%,0.0,0.0,0,0.00,0.0,0,0,0.0,0,0,0.0,0,0.0,0,0.0,0,0.0,0,0.0,0,0.0,0,0.0,0,0.0,0,0.0,0,0.0,0.00,0.0,0,0,0
608839279,通投-我是夏天-星光款-托管-达人视频-24.10.11-乘风直播间,被计划暂停,审核通过,通投,直播间直接支付ROI,笔记（直播组件）,66ff9a5d000000002c015f88,5e59fbc800000000010054f0,视频笔记,通投-我是夏天-星光款-托管-达人视频-24.10.11-乘风直播间,83384703,2024-10-11 08:43:26,0.00,0,0,0.0%,0.0,0.0,0,0.00,0.0,0,0,0.0,0,0,0.0,0,0.0,0,0.0,0,0.0,0,0.0,0,0.0,0,0.0,0,0.0,0,0.0,0,0.0,0.00,0.0,0,0,0
608839192,通投-卉卉不吃辣-星光款-托管-达人视频-24.10.11-乘风直播间,被计划暂停,审核通过,通投,直播间直接支付ROI,笔记（直播组件）,66f8ba23000000002c029022,5fca3f5300000000010060b5,视频笔记,通投-卉卉不吃辣-星光款-托管-达人视频-24.10.11-乘风直播间,83384695,2024-10-11 08:42:39,0.00,0,0,0.0%,0.0,0.0,0,0.00,0.0,0,0,0.0,0,0,0.0,0,0.0,0,0.0,0,0.0,0,0.0,0,0.0,0,0.0,0,0.0,0,0.0,0,0.0,0.00,0.0,0,0,0
608723241,通投-我是爱玲酱-星光款-托管-达人视频-24.10.11-乘风直播间,被计划暂停,审核通过,通投,直播间直接支付ROI,笔记（直播组件）,66f8d0a7000000001902cb39,5b27712adb2e603d9d317d86,视频笔记,通投-我是爱玲酱-星光款-托管-达人视频-24.10.11-乘风直播间,83376674,2024-10-11 08:41:55,0.00,0,0,0.0%,0.0,0.0,0,0.00,0.0,0,0,0.0,0,0,0.0,0,0.0,0,0.0,0,0.0,0,0.0,0,0.0,0,0.0,0,0.0,0,0.0,0,0.0,0.00,0.0,0,0,0
608605854,通投-一颗茜茜呀-合集款-高级定向-日弘-24.10.11-乘风直播间,被计划暂停,审核通过,通投,直播间直接支付ROI,笔记（直播组件）,66f4ce63000000002a0339e9,5913479a50c4b402746fc636,图文笔记,通投-一颗茜茜呀-合集款-高级定向-日弘-24.10.11-乘风直播间,83384676,2024-10-11 08:40:16,0.00,0,0,0.0%,0.0,0.0,0,0.00,0.0,0,0,0.0,0,0,0.0,0,0.0,0,0.0,0,0.0,0,0.0,0,0.0,0,0.0,0,0.0,0,0.0,0,0.0,0.00,0.0,0,0,0
607852655,通投-懂行的-合集款-托管-24.10.10优化2-乘风直播间,被计划暂停,审核通过,通投,直播间直接支付ROI,笔记（直播组件）,66d7c90e000000001f03eb73,583691373460942ae8fc16bb,图文笔记,通投-懂行的-星光款-托管-24.10.10优化2-乘风直播间,83315722,2024-10-10 18:09:34,0.00,0,0,0.0%,0.0,0.0,0,0.00,0.0,0,0,0.0,0,0,0.0,0,0.0,0,0.0,0,0.0,0,0.0,0,0.0,0,0.0,0,0.0,0,0.0,0,0.0,0.00,0.0,0,0,0
608083412,通投-别错过-星光款-托管-7R-24.10.10优化4-乘风直播间,被计划暂停,审核通过,通投,直播间直接支付ROI,笔记（直播组件）,66878c910000000003026911,583691373460942ae8fc16bb,图文笔记,通投-别错过-星光款-托管-7R-24.10.10优化4-乘风直播间,83321315,2024-10-10 18:08:31,0.00,0,0,0.0%,0.0,0.0,0,0.00,0.0,0,0,0.0,0,0,0.0,0,0.0,0,0.0,0,0.0,0,0.0,0,0.0,0,0.0,0,0.0,0,0.0,0,0.0,0.00,0.0,0,0,0
607579178,通投-鲜炖燕-青春款-托管-日弘-24.10.10优化-乘风直播间,被计划暂停,不满足审核条件,通投,直播间直接支付ROI,笔记（直播组件）,66fa1517000000002c02dd22,583691373460942ae8fc16bb,图文笔记,通投-鲜炖燕-青春款-托管-日弘-24.10.10优化-乘风直播间,83331864,2024-10-10 17:53:37,0.00,0,0,0.0%,0.0,0.0,0,0.00,0.0,0,0,0.0,0,0,0.0,0,0.0,0,0.0,0,0.0,0,0.0,0,0.0,0,0.0,0,0.0,0,0.0,0,0.0,0.00,0.0,0,0,0
607637774,通投-在线的-星光款-托管-24.10.10优化2-乘风直播间,被计划暂停,审核通过,通投,直播间直接支付ROI,笔记（直播组件）,66d02f70000000001f03b663,583691373460942ae8fc16bb,视频笔记,通投-在线的-星光款-托管-24.10.10优化2-乘风直播间,83337041,2024-10-10 17:52:50,0.00,0,0,0.0%,0.0,0.0,0,0.00,0.0,0,0,0.0,0,0,0.0,0,0.0,0,0.0,0,0.0,0,0.0,0,0.0,0,0.0,0,0.0,0,0.0,0,0.0,0.00,0.0,0,0,0
606975213,通投-李梦二创-青春款-高级定向-日弘-二创视频-24.10.10-乘风直播间,被计划暂停,审核通过,通投,直播间直接支付ROI,笔记（直播组件）,66e2b8570000000026032ed2,583691373460942ae8fc16bb,视频笔记,通投-李梦二创-青春款-高级定向-日弘-二创视频-24.10.10-乘风直播间,83284259,2024-10-10 15:15:54,0.00,0,0,0.0%,0.0,0.0,0,0.00,0.0,0,0,0.0,0,0,0.0,0,0.0,0,0.0,0,0.0,0,0.0,0,0.0,0,0.0,0,0.0,0,0.0,0,0.0,0.00,0.0,0,0,0
606744890,通投-智商税-青春款-高级定向-日弘视频-24.10.10-乘风直播间,被计划暂停,审核通过,通投,直播间直接支付ROI,笔记（直播组件）,66f52806000000002c02c797,583691373460942ae8fc16bb,视频笔记,通投-智商税-青春款-高级定向-日弘视频-24.10.10-乘风直播间,83300288,2024-10-10 15:12:00,0.00,0,0,0.0%,0.0,0.0,0,0.00,0.0,0,0,0.0,0,0,0.0,0,0.0,0,0.0,0,0.0,0,0.0,0,0.0,0,0.0,0,0.0,0,0.0,0,0.0,0.00,0.0,0,0,0
605995067,通投-选对燕-星光款-高级定向-日弘-10.10-乘风直播间,被计划暂停,审核通过,通投,直播间直接支付ROI,笔记（直播组件）,66fa6a9e000000002a0357da,583691373460942ae8fc16bb,图文笔记,通投-选对燕-星光款-高级定向-日弘-10.10-乘风直播间,83218155,2024-10-10 09:53:49,0.00,0,0,0.0%,0.0,0.0,0,0.00,0.0,0,0,0.0,0,0,0.0,0,0.0,0,0.0,0,0.0,0,0.0,0,0.0,0,0.0,0,0.0,0,0.0,0,0.0,0.00,0.0,0,0,0
605955743,通投-麻薯团子s-青春款-托管-达人-24.10.10-乘风直播间,被计划暂停,审核通过,通投,直播间直接支付ROI,笔记（直播组件）,66f8ecb3000000001a023307,5ec4e02b0000000001002740,图文笔记,通投-麻薯团子s-青春款-托管-达人-24.10.10-乘风直播间,83204931,2024-10-10 08:42:24,0.00,0,0,0.0%,0.0,0.0,0,0.00,0.0,0,0,0.0,0,0,0.0,0,0.0,0,0.0,0,0.0,0,0.0,0,0.0,0,0.0,0,0.0,0,0.0,0,0.0,0.00,0.0,0,0,0
605896427,通投-土豆小方块-青春款-托管-达人-24.10.10-乘风直播间,被计划暂停,审核通过,通投,直播间直接支付ROI,笔记（直播组件）,66f903b9000000002a0350c3,6690e7d5000000000d027896,图文笔记,通投-土豆小方块-青春款-托管-达人-24.10.10-乘风直播间,83191624,2024-10-10 08:41:37,0.00,0,0,0.0%,0.0,0.0,0,0.00,0.0,0,0,0.0,0,0,0.0,0,0.0,0,0.0,0,0.0,0,0.0,0,0.0,0,0.0,0,0.0,0,0.0,0,0.0,0.00,0.0,0,0,0
605722169,通投-红树莓冰萃-青春款-托管-达人-24.10.10-乘风直播间,被计划暂停,审核通过,通投,直播间直接支付ROI,笔记（直播组件）,66f8fc77000000001a020019,5fa51634000000000100067b,图文笔记,通投-红树莓冰萃-青春款-托管-达人-24.10.10-乘风直播间,83216273,2024-10-10 08:40:29,0.00,0,0,0.0%,0.0,0.0,0,0.00,0.0,0,0,0.0,0,0,0.0,0,0.0,0,0.0,0,0.0,0,0.0,0,0.0,0,0.0,0,0.0,0,0.0,0,0.0,0.00,0.0,0,0,0
605839913,通投-蓝盈莹-星光款-托管-日弘视频二创-24.10.10-乘风直播间,被计划暂停,审核通过,通投,直播间直接支付ROI,笔记（直播组件）,67065808000000002c029f3a,583691373460942ae8fc16bb,视频笔记,通投-蓝盈莹-星光款-托管-日弘视频二创-24.10.10-乘风直播间,83204902,2024-10-10 08:39:22,0.00,0,0,0.0%,0.0,0.0,0,0.00,0.0,0,0,0.0,0,0,0.0,0,0.0,0,0.0,0,0.0,0,0.0,0,0.0,0,0.0,0,0.0,0,0.0,0,0.0,0.00,0.0,0,0,0
604684674,通投-气色滋-青春款-托管-日弘-24.10.9优化-乘风直播间,被计划暂停,审核拒绝,通投,直播间直接支付ROI,笔记（直播组件）,66f0d3250000000026033477,583691373460942ae8fc16bb,图文笔记,通投-气色滋-青春款-托管-日弘-24.10.9优化-乘风直播间,83101159,2024-10-09 15:50:56,0.00,0,0,0.0%,0.0,0.0,0,0.00,0.0,0,0,0.0,0,0,0.0,0,0.0,0,0.0,0,0.0,0,0.0,0,0.0,0,0.0,0,0.0,0,0.0,0,0.0,0.00,0.0,0,0,0
604683841,通投-抓住秋-星光款-托管-日弘-24.10.9优化-乘风直播间,被计划暂停,审核通过,通投,直播间直接支付ROI,笔记（直播组件）,66f60100000000002c0151dc,583691373460942ae8fc16bb,图文笔记,通投-抓住秋-星光款-托管-日弘-24.10.9优化-乘风直播间,83122704,2024-10-09 15:50:01,0.00,0,0,0.0%,0.0,0.0,0,0.00,0.0,0,0,0.0,0,0,0.0,0,0.0,0,0.0,0,0.0,0,0.0,0,0.0,0,0.0,0,0.0,0,0.0,0,0.0,0.00,0.0,0,0,0
604856705,通投-中式变-青春款-托管-日弘-二创视频-24.10.9优化-乘风直播间,被计划暂停,审核通过,通投,直播间直接支付ROI,笔记（直播组件）,66f9214c000000002a03297f,583691373460942ae8fc16bb,视频笔记,通投-中式变-青春款-托管-日弘-二创视频-24.10.9优化-乘风直播间,83117685,2024-10-09 15:48:58,0.00,0,0,0.0%,0.0,0.0,0,0.00,0.0,0,0,0.0,0,0,0.0,0,0.0,0,0.0,0,0.0,0,0.0,0,0.0,0,0.0,0,0.0,0,0.0,0,0.0,0.00,0.0,0,0,0
604855710,通投-从女明-星光款-托管-日弘-24.10.9优化-乘风直播间,被计划暂停,审核通过,通投,直播间直接支付ROI,笔记（直播组件）,66f531c5000000002c016848,583691373460942ae8fc16bb,视频笔记,通投-从女明-星光款-托管-日弘-24.10.9优化-乘风直播间,83094736,2024-10-09 15:47:34,0.00,0,0,0.0%,0.0,0.0,0,0.00,0.0,0,0,0.0,0,0,0.0,0,0.0,0,0.0,0,0.0,0,0.0,0,0.0,0,0.0,0,0.0,0,0.0,0,0.0,0.00,0.0,0,0,0
603603126,通投-肌肤的-星光款-高级定向-24.10.9-乘风直播间,被计划暂停,审核通过,通投,直播间直接支付ROI,笔记（直播组件）,669a357e000000000302610c,583691373460942ae8fc16bb,视频笔记,通投-肌肤的-星光款-高级定向-24.10.9-乘风直播间,83020867,2024-10-09 09:39:42,0.00,0,0,0.0%,0.0,0.0,0,0.00,0.0,0,0,0.0,0,0,0.0,0,0.0,0,0.0,0,0.0,0,0.0,0,0.0,0,0.0,0,0.0,0,0.0,0,0.0,0.00,0.0,0,0,0
601949019,通投-拒绝变-星光款-高级定向-日弘视频-24.10.8-乘风直播间,被计划暂停,审核通过,通投,直播间直接支付ROI,笔记（直播组件）,66f52987000000002c02da51,583691373460942ae8fc16bb,视频笔记,通投-拒绝变-星光款-高级定向-日弘视频-24.10.8-乘风直播间,82911285,2024-10-08 14:16:04,0.00,0,0,0.0%,0.0,0.0,0,0.00,0.0,0,0,0.0,0,0,0.0,0,0.0,0,0.0,0,0.0,0,0.0,0,0.0,0,0.0,0,0.0,0,0.0,0,0.0,0.00,0.0,0,0,0
595858475,通投-抓住秋-星光款-高级定向-日弘-24.10.4-乘风直播间_20241004_203312,被计划暂停,审核通过,通投,直播间直接支付ROI,笔记（直播组件）,66f60100000000002c0151dc,583691373460942ae8fc16bb,图文笔记,通投-抓住秋-星光款-高级定向-日弘-24.10.4-乘风直播间,82500020,2024-10-04 20:33:17,0.00,0,0,0.0%,0.0,0.0,0,0.00,0.0,0,0,0.0,0,0,0.0,0,0.0,0,0.0,0,0.0,0,0.0,0,0.0,0,0.0,0,0.0,0,0.0,0,0.0,0.00,0.0,0,0,0
593773133,通投-陈乔恩-直播封面-托管-日弘-24.10.3-乘风直播间,被计划暂停,审核通过,通投,直播间直接支付ROI,直播间,,-,无笔记,通投-陈乔恩-直播封面-托管-日弘-24.10.3-乘风直播间,82374217,2024-10-03 18:25:44,0.00,0,0,0.0%,0.0,0.0,0,0.00,0.0,0,0,0.0,0,0,0.0,0,0.0,0,0.0,0,0.0,0,0.0,0,0.0,0,0.0,0,0.0,0,0.0,0,0.0,0.00,0.0,0,0,0
592352161,通投-吴尊-直播封面-托管-日弘-24.10.2-乘风直播间,被计划暂停,审核通过,通投,直播间直接支付ROI,直播间,,-,无笔记,通投-吴尊-直播封面-托管-日弘-24.10.2-乘风直播间,82310755,2024-10-02 20:56:13,0.00,0,0,0.0%,0.0,0.0,0,0.00,0.0,0,0,0.0,0,0,0.0,0,0.0,0,0.0,0,0.0,0,0.0,0,0.0,0,0.0,0,0.0,0,0.0,0,0.0,0.00,0.0,0,0,0
590500964,通投-选对燕-星光款-托管-日弘-10.1-乘风直播间,被计划暂停,审核通过,通投,直播间直接支付ROI,笔记（直播组件）,66fa6a9e000000002a0357da,583691373460942ae8fc16bb,图文笔记,通投-选对燕-星光款-托管-日弘-10.1-乘风直播,82173124,2024-10-01 14:52:18,0.00,0,0,0.0%,0.0,0.0,0,0.00,0.0,0,0,0.0,0,0,0.0,0,0.0,0,0.0,0,0.0,0,0.0,0,0.0,0,0.0,0,0.0,0,0.0,0,0.0,0.00,0.0,0,0,0
589253326,通投-好气色-星光款-托管-日弘-24.9.30-乘风直播间,被计划暂停,审核通过,通投,直播间直接支付ROI,笔记（直播组件）,66fa71cf000000002a036b5d,583691373460942ae8fc16bb,图文笔记,通投-好气色-星光款-托管-日弘-24.9.30-乘风直播间,82062377,2024-09-30 17:58:17,0.00,0,0,0.0%,0.0,0.0,0,0.00,0.0,0,0,0.0,0,0,0.0,0,0.0,0,0.0,0,0.0,0,0.0,0,0.0,0,0.0,0,0.0,0,0.0,0,0.0,0.00,0.0,0,0,0
588696680,通投-国庆假-活动笔记-托管-日弘-24.9.30-乘风直播间,被计划暂停,审核通过,通投,直播间直接支付ROI,笔记（直播组件）,66fa4c5c000000002c015028,583691373460942ae8fc16bb,图文笔记,通投-国庆假-活动笔记-托管-日弘-24.9.30-乘风直播间,82020353,2024-09-30 15:35:49,0.00,0,0,0.0%,0.0,0.0,0,0.00,0.0,0,0,0.0,0,0,0.0,0,0.0,0,0.0,0,0.0,0,0.0,0,0.0,0,0.0,0,0.0,0,0.0,0,0.0,0.00,0.0,0,0,0
588565706,通投-桃花肌-星光款-托管-日弘-二创视频-24.10.1-乘风直播间,被计划暂停,审核通过,通投,直播间直接支付ROI,笔记（直播组件）,66f9267c000000002a034b92,583691373460942ae8fc16bb,视频笔记,通投-桃花肌-星光款-托管-日弘-二创视频-24.10.1-乘风直播间,82001463,2024-09-30 15:04:19,0.00,0,0,0.0%,0.0,0.0,0,0.00,0.0,0,0,0.0,0,0,0.0,0,0.0,0,0.0,0,0.0,0,0.0,0,0.0,0,0.0,0,0.0,0,0.0,0,0.0,0.00,0.0,0,0,0
588393642,通投-鲜炖燕-青春款-托管-日弘-24.9.30-乘风直播间10.19优化,被计划暂停,审核通过,通投,直播间直接支付ROI,笔记（直播组件）,66fa1517000000002c02dd22,583691373460942ae8fc16bb,图文笔记,通投-鲜炖燕-青春款-托管-日弘-24.9.30-乘风直播间10.19优化,82001377,2024-09-30 15:02:18,0.00,0,0,0.0%,0.0,0.0,0,0.00,0.0,0,0,0.0,0,0,0.0,0,0.0,0,0.0,0,0.0,0,0.0,0,0.0,0,0.0,0,0.0,0,0.0,0,0.0,0.00,0.0,0,0,0
587714421,通投-中式变-青春款-托管-日弘-二创视频-24.9.30-乘风直播间,被计划暂停,审核通过,通投,直播间直接支付ROI,笔记（直播组件）,66f9214c000000002a03297f,583691373460942ae8fc16bb,视频笔记,通投-中式变-青春款-托管-日弘-二创视频-24.9.30-乘风直播间,81954186,2024-09-30 08:37:04,0.00,0,0,0.0%,0.0,0.0,0,0.00,0.0,0,0,0.0,0,0,0.0,0,0.0,0,0.0,0,0.0,0,0.0,0,0.0,0,0.0,0,0.0,0,0.0,0,0.0,0.00,0.0,0,0,0
587020596,通投-小羊咩咩（辣妈版）-青春款-托管-达人-24.9.29-乘风直播间,被计划暂停,审核通过,通投,直播间直接支付ROI,笔记（直播组件）,66f61202000000001902e39b,5abc920411be10153c570bd7,视频笔记,通投-小羊咩咩（辣妈版）-青春款-托管-达人-24.9.29-乘风直播间,81889382,2024-09-29 17:03:29,0.00,0,0,0.0%,0.0,0.0,0,0.00,0.0,0,0,0.0,0,0,0.0,0,0.0,0,0.0,0,0.0,0,0.0,0,0.0,0,0.0,0,0.0,0,0.0,0,0.0,0.00,0.0,0,0,0
586781997,通投-别错过-星光款-高级定向-7R-24.9.29-乘风直播间,被计划暂停,审核通过,通投,直播间直接支付ROI,笔记（直播组件）,66878c910000000003026911,583691373460942ae8fc16bb,图文笔记,通投-别错过-星光款-高级定向-7R-24.9.29-乘风直播间,81879916,2024-09-29 14:49:30,0.00,0,0,0.0%,0.0,0.0,0,0.00,0.0,0,0,0.0,0,0,0.0,0,0.0,0,0.0,0,0.0,0,0.0,0,0.0,0,0.0,0,0.0,0,0.0,0,0.0,0.00,0.0,0,0,0
586725546,通投-星严选-青春款-高级定向-日弘视频-24.9.29-乘风直播间,被计划暂停,审核通过,通投,直播间直接支付ROI,笔记（直播组件）,66f2999e000000002a03013e,583691373460942ae8fc16bb,视频笔记,通投-星严选-青春款-高级定向-日弘视频-24.9.29-乘风直播间,81856363,2024-09-29 14:45:45,0.00,0,0,0.0%,0.0,0.0,0,0.00,0.0,0,0,0.0,0,0,0.0,0,0.0,0,0.0,0,0.0,0,0.0,0,0.0,0,0.0,0,0.0,0,0.0,0,0.0,0.00,0.0,0,0,0
586474239,通投-在线的-星光款-托管-24.9.29优化-乘风直播间,被计划暂停,审核通过,通投,直播间直接支付ROI,笔记（直播组件）,66d02f70000000001f03b663,583691373460942ae8fc16bb,视频笔记,通投-在线的-星光款-托管-24.9.29优化-乘风直播间,81867739,2024-09-29 14:26:25,0.00,0,0,0.0%,0.0,0.0,0,0.00,0.0,0,0,0.0,0,0,0.0,0,0.0,0,0.0,0,0.0,0,0.0,0,0.0,0,0.0,0,0.0,0,0.0,0,0.0,0.00,0.0,0,0,0
586110184,通投-一颗茜茜呀-合集款-托管-日弘-24.9.29-乘风直播间,被计划暂停,审核通过,通投,直播间直接支付ROI,笔记（直播组件）,66f4ce63000000002a0339e9,5913479a50c4b402746fc636,图文笔记,通投-一颗茜茜呀-合集款-托管-日弘-24.9.29-乘风直播间,81826254,2024-09-29 11:03:25,0.00,0,0,0.0%,0.0,0.0,0,0.00,0.0,0,0,0.0,0,0,0.0,0,0.0,0,0.0,0,0.0,0,0.0,0,0.0,0,0.0,0,0.0,0,0.0,0,0.0,0.00,0.0,0,0,0
586019037,通投-孕妈必-星光款-托管-日弘视频-24.9.29-乘风直播间,被计划暂停,审核通过,通投,直播间直接支付ROI,笔记（直播组件）,66d95d22000000002603ddd6,583691373460942ae8fc16bb,视频笔记,通投-孕妈必-星光款-托管-日弘视频-24.9.29-乘风直播间,81805409,2024-09-29 09:42:06,0.00,0,0,0.0%,0.0,0.0,0,0.00,0.0,0,0,0.0,0,0,0.0,0,0.0,0,0.0,0,0.0,0,0.0,0,0.0,0,0.0,0,0.0,0,0.0,0,0.0,0.00,0.0,0,0,0
586017892,通投-哺乳期-星光款-高级定向-日弘-24.9.29-乘风直播间,被计划暂停,审核通过,通投,直播间直接支付ROI,笔记（直播组件）,66e5616e0000000027001def,583691373460942ae8fc16bb,图文笔记,通投-哺乳期-星光款-高级定向-日弘-24.9.29-乘风直播间,81787660,2024-09-29 09:39:20,0.00,0,0,0.0%,0.0,0.0,0,0.00,0.0,0,0,0.0,0,0,0.0,0,0.0,0,0.0,0,0.0,0,0.0,0,0.0,0,0.0,0,0.0,0,0.0,0,0.0,0.00,0.0,0,0,0
586007352,通投-智商税-青春款-托管-日弘视频-24.9.29-乘风直播间,被计划暂停,审核通过,通投,直播间直接支付ROI,笔记（直播组件）,66f52806000000002c02c797,583691373460942ae8fc16bb,视频笔记,通投-智商税-青春款-托管-日弘视频-24.9.29-乘风直播间,81810196,2024-09-29 08:43:11,0.00,0,0,0.0%,0.0,0.0,0,0.00,0.0,0,0,0.0,0,0,0.0,0,0.0,0,0.0,0,0.0,0,0.0,0,0.0,0,0.0,0,0.0,0,0.0,0,0.0,0.00,0.0,0,0,0
586062632,通投-从女明-星光款-托管-日弘-24.9.29-乘风直播间,被计划暂停,审核通过,通投,直播间直接支付ROI,笔记（直播组件）,66f531c5000000002c016848,583691373460942ae8fc16bb,视频笔记,通投-从女明-星光款-托管-日弘-24.9.29-乘风直播间,81786622,2024-09-29 08:42:16,0.00,0,0,0.0%,0.0,0.0,0,0.00,0.0,0,0,0.0,0,0,0.0,0,0.0,0,0.0,0,0.0,0,0.0,0,0.0,0,0.0,0,0.0,0,0.0,0,0.0,0.00,0.0,0,0,0
585949143,通投-抓住秋-星光款-托管-日弘-24.9.29-乘风直播间,被计划暂停,审核通过,通投,直播间直接支付ROI,笔记（直播组件）,66f60100000000002c0151dc,583691373460942ae8fc16bb,图文笔记,通投-抓住秋-星光款-托管-日弘-24.9.29-乘风直播间,81786608,2024-09-29 08:41:26,0.00,0,0,0.0%,0.0,0.0,0,0.00,0.0,0,0,0.0,0,0,0.0,0,0.0,0,0.0,0,0.0,0,0.0,0,0.0,0,0.0,0,0.0,0,0.0,0,0.0,0.00,0.0,0,0,0
582522426,通投-太夸张-星光款-高级定向-日弘-24.9.27-乘风直播间,被计划暂停,审核拒绝,通投,直播间直接支付ROI,笔记（直播组件）,66e2c31c0000000026032cab,583691373460942ae8fc16bb,图文笔记,通投-太夸张-星光款-高级定向-日弘-24.9.27-乘风直播间,81563306,2024-09-27 09:44:23,0.00,0,0,0.0%,0.0,0.0,0,0.00,0.0,0,0,0.0,0,0,0.0,0,0.0,0,0.0,0,0.0,0,0.0,0,0.0,0,0.0,0,0.0,0,0.0,0,0.0,0.00,0.0,0,0,0
582347366,通投-气色滋-青春款-高级定向-日弘-24.9.27-乘风直播间,被计划暂停,审核拒绝,通投,直播间直接支付ROI,笔记（直播组件）,66f0d3250000000026033477,583691373460942ae8fc16bb,图文笔记,通投-笔记合集-青春款-高级定向-日弘-24.9.27-乘风直播间,81540322,2024-09-27 09:40:11,0.00,0,0,0.0%,0.0,0.0,0,0.00,0.0,0,0,0.0,0,0,0.0,0,0.0,0,0.0,0,0.0,0,0.0,0,0.0,0,0.0,0,0.0,0,0.0,0,0.0,0.00,0.0,0,0,0
582347365,通投-星严选-青春款-高级定向-日弘视频-24.9.27-乘风直播间,被计划暂停,审核通过,通投,直播间直接支付ROI,笔记（直播组件）,66f2999e000000002a03013e,583691373460942ae8fc16bb,视频笔记,通投-笔记合集-青春款-高级定向-日弘-24.9.27-乘风直播间,81540322,2024-09-27 09:40:11,0.00,0,0,0.0%,0.0,0.0,0,0.00,0.0,0,0,0.0,0,0,0.0,0,0.0,0,0.0,0,0.0,0,0.0,0,0.0,0,0.0,0,0.0,0,0.0,0,0.0,0.00,0.0,0,0,0
581418520,通投-拒绝变-星光款-托管-日弘-24.9.26-乘风直播间,被计划暂停,审核通过,通投,直播间直接支付ROI,笔记（直播组件）,66f52987000000002c02da51,583691373460942ae8fc16bb,视频笔记,通投-拒绝变-星光款-托管-日弘-24.9.26-乘风直播间,81518311,2024-09-26 18:25:16,0.00,0,0,0.0%,0.0,0.0,0,0.00,0.0,0,0,0.0,0,0,0.0,0,0.0,0,0.0,0,0.0,0,0.0,0,0.0,0,0.0,0,0.0,0,0.0,0,0.0,0.00,0.0,0,0,0
581303789,通投-跟着陈-青春款-托管-日弘-24.9.26-乘风直播间,被计划暂停,审核通过,通投,直播间直接支付ROI,笔记（直播组件）,66f52b02000000002a035b57,583691373460942ae8fc16bb,图文笔记,通投-跟着陈-青春款-托管-日弘-24.9.26-乘风直播间,81500677,2024-09-26 18:24:51,0.00,0,0,0.0%,0.0,0.0,0,0.00,0.0,0,0,0.0,0,0,0.0,0,0.0,0,0.0,0,0.0,0,0.0,0,0.0,0,0.0,0,0.0,0,0.0,0,0.0,0.00,0.0,0,0,0
581477728,通投-贵妇圈-星光款-托管-日弘-24.9.26-乘风直播间,被计划暂停,审核通过,通投,直播间直接支付ROI,笔记（直播组件）,66f4cdac000000002a034f89,583691373460942ae8fc16bb,图文笔记,通投-贵妇圈-星光款-托管-日弘-24.9.26-乘风直播间,81506504,2024-09-26 18:24:27,0.00,0,0,0.0%,0.0,0.0,0,0.00,0.0,0,0,0.0,0,0,0.0,0,0.0,0,0.0,0,0.0,0,0.0,0,0.0,0,0.0,0,0.0,0,0.0,0,0.0,0.00,0.0,0,0,0
579893412,通投-王艳二创2-青春款-托管-日弘视频-24.9.26优化-乘风直播间,被计划暂停,审核通过,通投,直播间直接支付ROI,笔记（直播组件）,66e53fa10000000027007212,583691373460942ae8fc16bb,视频笔记,通投-王艳二创2-青春款-托管-日弘视频-24.9.26优化-乘风直播间,81373823,2024-09-26 08:51:25,0.00,0,0,0.0%,0.0,0.0,0,0.00,0.0,0,0,0.0,0,0,0.0,0,0.0,0,0.0,0,0.0,0,0.0,0,0.0,0,0.0,0,0.0,0,0.0,0,0.0,0.00,0.0,0,0,0
579948771,通投-广东夫妇2-青春款-托管-日弘视频-24.9.26优化2-乘风直播间,被计划暂停,审核通过,通投,直播间直接支付ROI,笔记（直播组件）,669a231b000000000d00ce52,583691373460942ae8fc16bb,视频笔记,通投-广东夫妇2-青春款-托管-日弘视频-24.9.26优化2-乘风直播间,81392192,2024-09-26 08:50:35,0.00,0,0,0.0%,0.0,0.0,0,0.00,0.0,0,0,0.0,0,0,0.0,0,0.0,0,0.0,0,0.0,0,0.0,0,0.0,0,0.0,0,0.0,0,0.0,0,0.0,0.00,0.0,0,0,0
579948510,通投-陈乔恩二创-青春款-托管-日弘视频-24.9.26优化-乘风直播间,被计划暂停,审核通过,通投,直播间直接支付ROI,笔记（直播组件）,66e4e318000000002603cf59,583691373460942ae8fc16bb,视频笔记,通投-陈乔恩二创-青春款-托管-日弘视频-24.9.26优化-乘风直播间,81367998,2024-09-26 08:49:43,0.00,0,0,0.0%,0.0,0.0,0,0.00,0.0,0,0,0.0,0,0,0.0,0,0.0,0,0.0,0,0.0,0,0.0,0,0.0,0,0.0,0,0.0,0,0.0,0,0.0,0.00,0.0,0,0,0
578624762,通投-叁叁子-青春款-托管-达人-24.9.25-乘风直播间,被计划暂停,审核通过,通投,直播间直接支付ROI,笔记（直播组件）,66f2980a000000002a034ef8,5eb0e8320000000001007389,图文笔记,通投-叁叁子-青春款-托管-达人-24.9.25-乘风直播间,81293857,2024-09-25 16:17:22,0.00,0,0,0.0%,0.0,0.0,0,0.00,0.0,0,0,0.0,0,0,0.0,0,0.0,0,0.0,0,0.0,0,0.0,0,0.0,0,0.0,0,0.0,0,0.0,0,0.0,0.00,0.0,0,0,0
578439214,通投-妮妮爱养生-星光款-托管-达人-24.9.25-乘风直播间,被计划暂停,审核通过,通投,直播间直接支付ROI,笔记（直播组件）,66f12e26000000002c02e8b2,6018265d000000000100618f,视频笔记,通投-妮妮爱养生-星光款-托管-达人-24.9.25-乘风直播间,81282197,2024-09-25 16:15:01,0.00,0,0,0.0%,0.0,0.0,0,0.00,0.0,0,0,0.0,0,0,0.0,0,0.0,0,0.0,0,0.0,0,0.0,0,0.0,0,0.0,0,0.0,0,0.0,0,0.0,0.00,0.0,0,0,0
578623250,通投-酒酿甜一-青春款-托管-达人-24.9.25-乘风直播间,被计划暂停,审核通过,通投,直播间直接支付ROI,笔记（直播组件）,66ed219c000000000c01ba81,5a4eec94e8ac2b4cb41b1785,图文笔记,通投-酒酿甜一-青春款-托管-达人-24.9.25-乘风直播间,81293686,2024-09-25 16:12:47,0.00,0,0,0.0%,0.0,0.0,0,0.00,0.0,0,0,0.0,0,0,0.0,0,0.0,0,0.0,0,0.0,0,0.0,0,0.0,0,0.0,0,0.0,0,0.0,0,0.0,0.00,0.0,0,0,0
578610427,通投-小舒蔡蔡-星光款-托管-达人-24.9.25-乘风直播间,被计划暂停,审核通过,通投,直播间直接支付ROI,笔记（直播组件）,66ea61ac000000001e019c8b,58d2b8086a6a691171372de5,图文笔记,通投-小舒蔡蔡-星光款-托管-达人-24.9.25-乘风直播间,81293598,2024-09-25 16:10:17,0.00,0,0,0.0%,0.0,0.0,0,0.00,0.0,0,0,0.0,0,0,0.0,0,0.0,0,0.0,0,0.0,0,0.0,0,0.0,0,0.0,0,0.0,0,0.0,0,0.0,0.00,0.0,0,0,0
577549019,通投-星严选-青春款-托管-日弘视频-24.9.25-乘风直播间,被计划暂停,审核通过,通投,直播间直接支付ROI,笔记（直播组件）,66f2999e000000002a03013e,583691373460942ae8fc16bb,视频笔记,通投-星严选-青春款-托管-日弘视频-24.9.25-乘风直播间,81208721,2024-09-25 08:53:55,0.00,0,0,0.0%,0.0,0.0,0,0.00,0.0,0,0,0.0,0,0,0.0,0,0.0,0,0.0,0,0.0,0,0.0,0,0.0,0,0.0,0,0.0,0,0.0,0,0.0,0.00,0.0,0,0,0
576836320,通投-漂亮女-星光款-托管-日弘视频-24.9.24-乘风直播间,被计划暂停,审核通过,通投,直播间直接支付ROI,笔记（直播组件）,66f291d9000000002a0349d4,583691373460942ae8fc16bb,视频笔记,通投-漂亮女-星光款-托管-日弘视频-24.9.24-乘风直播间,81195031,2024-09-24 18:25:51,0.00,0,0,0.0%,0.0,0.0,0,0.00,0.0,0,0,0.0,0,0,0.0,0,0.0,0,0.0,0,0.0,0,0.0,0,0.0,0,0.0,0,0.0,0,0.0,0,0.0,0.00,0.0,0,0,0
576446146,通投-气色滋-青春款-托管-日弘-24.9.24-乘风直播间,被计划暂停,审核拒绝,通投,直播间直接支付ROI,笔记（直播组件）,66f0d3250000000026033477,583691373460942ae8fc16bb,图文笔记,通投-气色滋-青春款-托管-日弘-24.9.24-乘风直播间,81135579,2024-09-24 15:32:59,0.00,0,0,0.0%,0.0,0.0,0,0.00,0.0,0,0,0.0,0,0,0.0,0,0.0,0,0.0,0,0.0,0,0.0,0,0.0,0,0.0,0,0.0,0,0.0,0,0.0,0.00,0.0,0,0,0
575587963,通投-肌肤的-星光款-高级定向-24.9.24-乘风直播间,被计划暂停,审核通过,通投,直播间直接支付ROI,笔记（直播组件）,669a357e000000000302610c,583691373460942ae8fc16bb,视频笔记,通投-肌肤的-星光款-高级定向-24.9.24-乘风直播间,81093331,2024-09-24 09:38:38,0.00,0,0,0.0%,0.0,0.0,0,0.00,0.0,0,0,0.0,0,0,0.0,0,0.0,0,0.0,0,0.0,0,0.0,0,0.0,0,0.0,0,0.0,0,0.0,0,0.0,0.00,0.0,0,0,0
573874661,通投-李梦二创-青春款-高级定向-日弘-二创视频-24.9.23优化-乘风直播间,被计划暂停,审核通过,通投,直播间直接支付ROI,笔记（直播组件）,66e2b8570000000026032ed2,583691373460942ae8fc16bb,视频笔记,通投-李梦二创-青春款-高级定向-日弘-二创视频-24.9.23优化-乘风直播间,80967274,2024-09-23 13:45:35,0.00,0,0,0.0%,0.0,0.0,0,0.00,0.0,0,0,0.0,0,0,0.0,0,0.0,0,0.0,0,0.0,0,0.0,0,0.0,0,0.0,0,0.0,0,0.0,0,0.0,0.00,0.0,0,0,0
573615122,通投-在线的-星光款-托管-24.9.23-乘风直播间,被计划暂停,审核通过,通投,直播间直接支付ROI,笔记（直播组件）,66d02f70000000001f03b663,583691373460942ae8fc16bb,视频笔记,通投-在线的-星光款-托管-24.9.23-乘风直播间,80934590,2024-09-23 11:42:08,0.00,0,0,0.0%,0.0,0.0,0,0.00,0.0,0,0,0.0,0,0,0.0,0,0.0,0,0.0,0,0.0,0,0.0,0,0.0,0,0.0,0,0.0,0,0.0,0,0.0,0.00,0.0,0,0,0
573268475,通投-创始人-活动笔记-高级定向-日弘视频-24.9.23优化-乘风直播间,被计划暂停,审核通过,通投,直播间直接支付ROI,笔记（直播组件）,66ed3ec900000000250320de,583691373460942ae8fc16bb,视频笔记,通投-创始人-活动笔记-高级定向-日弘视频-24.9.23优化-乘风直播间,80925658,2024-09-23 10:08:36,0.00,0,0,0.0%,0.0,0.0,0,0.00,0.0,0,0,0.0,0,0,0.0,0,0.0,0,0.0,0,0.0,0,0.0,0,0.0,0,0.0,0,0.0,0,0.0,0,0.0,0.00,0.0,0,0,0
571702044,通投-一方野-星光款-托管-24.9.21-乘风直播间,被计划暂停,审核通过,通投,直播间直接支付ROI,笔记（直播组件）,66dedfd6000000001e019b34,625c4e9a0000000021023751,图文笔记,通投-一方野-星光款-托管-24.9.21-乘风直播间,80797268,2024-09-21 23:12:15,0.00,0,0,0.0%,0.0,0.0,0,0.00,0.0,0,0,0.0,0,0,0.0,0,0.0,0,0.0,0,0.0,0,0.0,0,0.0,0,0.0,0,0.0,0,0.0,0,0.0,0.00,0.0,0,0,0
571528120,通投-真的太-星光款-高级定向-24.9.21-乘风直播间,被计划暂停,审核通过,通投,直播间直接支付ROI,笔记（直播组件）,66ced14a000000001f03d407,583691373460942ae8fc16bb,图文笔记,通投-真的太-星光款-高级定向-24.9.21-乘风直播间,80791352,2024-09-21 23:10:44,0.00,0,0,0.0%,0.0,0.0,0,0.00,0.0,0,0,0.0,0,0,0.0,0,0.0,0,0.0,0,0.0,0,0.0,0,0.0,0,0.0,0,0.0,0,0.0,0,0.0,0.00,0.0,0,0,0
571586036,通投-孕期必-活动笔记-托管-日弘视频-24.9.21-乘风直播间,被计划暂停,审核通过,通投,直播间直接支付ROI,笔记（直播组件）,66ed49d70000000027003b17,583691373460942ae8fc16bb,视频笔记,通投-孕期必-活动笔记-托管-日弘视频-24.9.21-乘风直播间,80808914,2024-09-21 23:06:30,0.00,0,0,0.0%,0.0,0.0,0,0.00,0.0,0,0,0.0,0,0,0.0,0,0.0,0,0.0,0,0.0,0,0.0,0,0.0,0,0.0,0,0.0,0,0.0,0,0.0,0.00,0.0,0,0,0
569630613,通投-创始人-活动笔记-托管-日弘视频-24.9.20-乘风直播间,被计划暂停,审核通过,通投,直播间直接支付ROI,笔记（直播组件）,66ed3ec900000000250320de,583691373460942ae8fc16bb,视频笔记,通投-创始人-活动笔记-托管-日弘视频-24.9.20-乘风直播间,80658025,2024-09-20 17:46:38,0.00,0,0,0.0%,0.0,0.0,0,0.00,0.0,0,0,0.0,0,0,0.0,0,0.0,0,0.0,0,0.0,0,0.0,0,0.0,0,0.0,0,0.0,0,0.0,0,0.0,0.00,0.0,0,0,0
253865038,通投-陈乔恩二创-青春款-托管-日弘视频-24.9.19-乘风直播间,被计划暂停,审核通过,通投,直播间直接支付ROI,笔记（直播组件）,66e4e318000000002603cf59,583691373460942ae8fc16bb,视频笔记,通投-陈乔恩二创-青春款-托管-日弘视频-24.9.19-乘风直播间,49876398,2024-09-19 09:18:08,0.00,0,0,0.0%,0.0,0.0,0,0.00,0.0,0,0,0.0,0,0,0.0,0,0.0,0,0.0,0,0.0,0,0.0,0,0.0,0,0.0,0,0.0,0,0.0,0,0.0,0.00,0.0,0,0,0
253861096,通投-把自己-青春款-高级定向-24.9.19-乘风直播间,被计划暂停,审核通过,通投,直播间直接支付ROI,笔记（直播组件）,66c5c536000000001f0145b7,583691373460942ae8fc16bb,图文笔记,通投-把自己-青春款-高级定向-24.9.19改9.29优化-乘风直播间,49874939,2024-09-19 08:36:37,0.00,0,0,0.0%,0.0,0.0,0,0.00,0.0,0,0,0.0,0,0,0.0,0,0.0,0,0.0,0,0.0,0,0.0,0,0.0,0,0.0,0,0.0,0,0.0,0,0.0,0.00,0.0,0,0,0
253752683,通投-吃出来-青春款-托管-日弘-24.9.18-乘风直播间,被计划暂停,审核通过,通投,直播间直接支付ROI,笔记（直播组件）,66bc5676000000000503bba8,583691373460942ae8fc16bb,图文笔记,通投-吃出来-青春款-托管-日弘-24.9.18-乘风直播间,49838954,2024-09-18 14:55:05,0.00,0,0,0.0%,0.0,0.0,0,0.00,0.0,0,0,0.0,0,0,0.0,0,0.0,0,0.0,0,0.0,0,0.0,0,0.0,0,0.0,0,0.0,0,0.0,0,0.0,0.00,0.0,0,0,0
253737777,通投-太夸张-星光款-托管-日弘-24.9.18-乘风直播间,被计划暂停,审核拒绝,通投,直播间直接支付ROI,笔记（直播组件）,66e2c31c0000000026032cab,583691373460942ae8fc16bb,图文笔记,通投-太夸张-星光款-托管-日弘-24.9.18-乘风直播间,49834838,2024-09-18 13:58:35,0.00,0,0,0.0%,0.0,0.0,0,0.00,0.0,0,0,0.0,0,0,0.0,0,0.0,0,0.0,0,0.0,0,0.0,0,0.0,0,0.0,0,0.0,0,0.0,0,0.0,0.00,0.0,0,0,0
253675979,通投-肌肤的-星光款-托管-24.9.18-乘风直播间,被计划暂停,审核通过,通投,直播间直接支付ROI,笔记（直播组件）,669a357e000000000302610c,583691373460942ae8fc16bb,视频笔记,通投-肌肤的-星光款-托管-24.9.18-乘风直播间,49815707,2024-09-18 08:50:34,0.00,0,0,0.0%,0.0,0.0,0,0.00,0.0,0,0,0.0,0,0,0.0,0,0.0,0,0.0,0,0.0,0,0.0,0,0.0,0,0.0,0,0.0,0,0.0,0,0.0,0.00,0.0,0,0,0
253675912,通投-女明星-星光款-托管-7R-24.9.18-乘风直播间,被计划暂停,审核通过,通投,直播间直接支付ROI,笔记（直播组件）,6673f083000000001d01b2e6,583691373460942ae8fc16bb,图文笔记,通投-女明星-星光款-托管-7R-24.9.18-乘风直播间,49815676,2024-09-18 08:49:06,0.00,0,0,0.0%,0.0,0.0,0,0.00,0.0,0,0,0.0,0,0,0.0,0,0.0,0,0.0,0,0.0,0,0.0,0,0.0,0,0.0,0,0.0,0,0.0,0,0.0,0.00,0.0,0,0,0
253285604,通投-不要多-青春款-托管-日弘-24.9.14-乘风直播间,被计划暂停,审核通过,通投,直播间直接支付ROI,笔记（直播组件）,66e54b8d0000000027006e71,583691373460942ae8fc16bb,图文笔记,通投-不要多-青春款-托管-日弘-24.9.14-乘风直播间,49662738,2024-09-14 21:31:55,0.00,0,0,0.0%,0.0,0.0,0,0.00,0.0,0,0,0.0,0,0,0.0,0,0.0,0,0.0,0,0.0,0,0.0,0,0.0,0,0.0,0,0.0,0,0.0,0,0.0,0.00,0.0,0,0,0
253285515,通投-王艳二创2-青春款-托管-日弘视频-24.9.14-乘风直播间,被计划暂停,审核通过,通投,直播间直接支付ROI,笔记（直播组件）,66e53fa10000000027007212,583691373460942ae8fc16bb,视频笔记,通投-王艳二创2-青春款-托管-日弘视频-24.9.14-乘风直播间,49662679,2024-09-14 21:30:40,0.00,0,0,0.0%,0.0,0.0,0,0.00,0.0,0,0,0.0,0,0,0.0,0,0.0,0,0.0,0,0.0,0,0.0,0,0.0,0,0.0,0,0.0,0,0.0,0,0.0,0.00,0.0,0,0,0
253254610,通投-哺乳期-星光款-托管-日弘-24.9.14-乘风直播间,被计划暂停,审核通过,通投,直播间直接支付ROI,笔记（直播组件）,66e5616e0000000027001def,583691373460942ae8fc16bb,图文笔记,通投-哺乳期-星光款-托管-日弘-24.9.14-乘风直播间,49651298,2024-09-14 18:16:33,0.00,0,0,0.0%,0.0,0.0,0,0.00,0.0,0,0,0.0,0,0,0.0,0,0.0,0,0.0,0,0.0,0,0.0,0,0.0,0,0.0,0,0.0,0,0.0,0,0.0,0.00,0.0,0,0,0
253181886,通投-中秋送-中秋礼盒-托管-7R-24.9.10优化-乘风直播间,被计划暂停,审核通过,通投,直播间直接支付ROI,笔记（直播组件）,66c2b45500000000050206f0,583691373460942ae8fc16bb,图文笔记,通投-中秋送-中秋礼盒-托管-7R-24.9.10优化-乘风直播间,49173272,2024-09-14 14:15:58,0.00,0,0,0.0%,0.0,0.0,0,0.00,0.0,0,0,0.0,0,0,0.0,0,0.0,0,0.0,0,0.0,0,0.0,0,0.0,0,0.0,0,0.0,0,0.0,0,0.0,0.00,0.0,0,0,0
253113730,通投-挖到了-中秋礼盒-托管-日弘-24.9.14-乘风直播间,被计划暂停,审核拒绝,通投,直播间直接支付ROI,笔记（直播组件）,66e2c4e50000000027002c54,583691373460942ae8fc16bb,图文笔记,通投-挖到了-中秋礼盒-托管-日弘-24.9.14-乘风直播间,49610083,2024-09-14 08:50:37,0.00,0,0,0.0%,0.0,0.0,0,0.00,0.0,0,0,0.0,0,0,0.0,0,0.0,0,0.0,0,0.0,0,0.0,0,0.0,0,0.0,0,0.0,0,0.0,0,0.0,0.00,0.0,0,0,0
253113680,通投-太夸张-星光款-托管-日弘-24.9.14-乘风直播间,被计划暂停,审核拒绝,通投,直播间直接支付ROI,笔记（直播组件）,66e2c31c0000000026032cab,583691373460942ae8fc16bb,图文笔记,通投-太夸张-星光款-托管-日弘-24.9.14-乘风直播间,49610056,2024-09-14 08:49:50,0.00,0,0,0.0%,0.0,0.0,0,0.00,0.0,0,0,0.0,0,0,0.0,0,0.0,0,0.0,0,0.0,0,0.0,0,0.0,0,0.0,0,0.0,0,0.0,0,0.0,0.00,0.0,0,0,0
253113485,通投-孕妈必-星光款-托管-视频-24.9.14-乘风直播间,被计划暂停,审核通过,通投,直播间直接支付ROI,笔记（直播组件）,66d95d22000000002603ddd6,583691373460942ae8fc16bb,视频笔记,通投-孕妈必-星光款-托管-视频-24.9.14-乘风直播间,49609993,2024-09-14 08:47:57,0.00,0,0,0.0%,0.0,0.0,0,0.00,0.0,0,0,0.0,0,0,0.0,0,0.0,0,0.0,0,0.0,0,0.0,0,0.0,0,0.0,0,0.0,0,0.0,0,0.0,0.00,0.0,0,0,0
253113342,通投-别错过-星光款-母婴人群-7R-24.9.14-乘风直播间,被计划暂停,审核通过,通投,直播间直接支付ROI,笔记（直播组件）,66878c910000000003026911,583691373460942ae8fc16bb,图文笔记,通投-别错过-星光款-母婴人群-7R-24.9.14-乘风直播间,49609911,2024-09-14 08:45:51,0.00,0,0,0.0%,0.0,0.0,0,0.00,0.0,0,0,0.0,0,0,0.0,0,0.0,0,0.0,0,0.0,0,0.0,0,0.0,0,0.0,0,0.0,0,0.0,0,0.0,0.00,0.0,0,0,0
253113053,通投-二胎宝-星光款-视频-高级定向-24.9.14优化20号-乘风直播间,被计划暂停,审核通过,通投,直播间直接支付ROI,笔记（直播组件）,66a1e7b1000000000a026f8f,583691373460942ae8fc16bb,视频笔记,通投-二胎宝-星光款-视频-高级定向-24.9.14优化20号-乘风直播间,49609830,2024-09-14 08:43:17,0.00,0,0,0.0%,0.0,0.0,0,0.00,0.0,0,0,0.0,0,0,0.0,0,0.0,0,0.0,0,0.0,0,0.0,0,0.0,0,0.0,0,0.0,0,0.0,0,0.0,0.00,0.0,0,0,0
252996443,通投-李梦二创-青春款-托管-日弘-二创视频-24.9.13-乘风直播间,被计划暂停,审核通过,通投,直播间直接支付ROI,笔记（直播组件）,66e2b8570000000026032ed2,583691373460942ae8fc16bb,视频笔记,通投-李梦二创-青春款-托管-日弘-二创视频-24.9.13-乘风直播间,49566723,2024-09-13 14:51:45,0.00,0,0,0.0%,0.0,0.0,0,0.00,0.0,0,0,0.0,0,0,0.0,0,0.0,0,0.0,0,0.0,0,0.0,0,0.0,0,0.0,0,0.0,0,0.0,0,0.0,0.00,0.0,0,0,0
252841210,通投-水灵灵-中秋礼盒-托管-日弘-24.9.12-乘风直播间,被计划暂停,审核通过,通投,直播间直接支付ROI,笔记（直播组件）,66e284b900000000270034f1,583691373460942ae8fc16bb,图文笔记,通投-水灵灵-中秋礼盒-托管-日弘-24.9.12-乘风直播间,49507000,2024-09-12 17:54:31,0.00,0,0,0.0%,0.0,0.0,0,0.00,0.0,0,0,0.0,0,0,0.0,0,0.0,0,0.0,0,0.0,0,0.0,0,0.0,0,0.0,0,0.0,0,0.0,0,0.0,0.00,0.0,0,0,0
252840909,通投-相见恨-中秋礼盒-托管-日弘视频-24.9.12-乘风直播间,被计划暂停,审核通过,通投,直播间直接支付ROI,笔记（直播组件）,66e16a4c00000000250306ff,583691373460942ae8fc16bb,视频笔记,通投-相见恨-中秋礼盒-托管-日弘视频-24.9.12-乘风直播间,49506909,2024-09-12 17:53:55,0.00,0,0,0.0%,0.0,0.0,0,0.00,0.0,0,0,0.0,0,0,0.0,0,0.0,0,0.0,0,0.0,0,0.0,0,0.0,0,0.0,0,0.0,0,0.0,0,0.0,0.00,0.0,0,0,0
252465977,通投-一方野-星光款-母婴人群-24.9.11-乘风直播间,被计划暂停,审核通过,通投,直播间直接支付ROI,笔记（直播组件）,66dedfd6000000001e019b34,625c4e9a0000000021023751,图文笔记,通投-一方野-星光款-母婴人群-24.9.11-乘风直播间,49301164,2024-09-11 08:39:40,0.00,0,0,0.0%,0.0,0.0,0,0.00,0.0,0,0,0.0,0,0,0.0,0,0.0,0,0.0,0,0.0,0,0.0,0,0.0,0,0.0,0,0.0,0,0.0,0,0.0,0.00,0.0,0,0,0
252235469,通投-送长辈-中秋礼盒-托管-24.9.9优化1-乘风直播间,被计划暂停,审核通过,通投,直播间直接支付ROI,笔记（直播组件）,66d81f66000000001f015331,583691373460942ae8fc16bb,图文笔记,通投-送长辈-中秋礼盒-托管-24.9.9优化1-乘风直播间,49093889,2024-09-09 17:15:40,0.00,0,0,0.0%,0.0,0.0,0,0.00,0.0,0,0,0.0,0,0,0.0,0,0.0,0,0.0,0,0.0,0,0.0,0,0.0,0,0.0,0,0.0,0,0.0,0,0.0,0.00,0.0,0,0,0
252219282,通投-直击心-中秋礼盒-托管-24.9.9-乘风直播间,被计划暂停,审核通过,通投,直播间直接支付ROI,笔记（直播组件）,66da9819000000002603eb02,583691373460942ae8fc16bb,图文笔记,通投-直击心-中秋礼盒-托管-24.9.9-乘风直播间,49077669,2024-09-09 15:56:05,0.00,0,0,0.0%,0.0,0.0,0,0.00,0.0,0,0,0.0,0,0,0.0,0,0.0,0,0.0,0,0.0,0,0.0,0,0.0,0,0.0,0,0.0,0,0.0,0,0.0,0.00,0.0,0,0,0
252158416,通投-懂行的-合集款-母婴人群-24.9.9-乘风直播间,被计划暂停,审核通过,通投,直播间直接支付ROI,笔记（直播组件）,66d7c90e000000001f03eb73,583691373460942ae8fc16bb,图文笔记,通投-懂行的-星光款-母婴人群-24.9.9-乘风直播间,49005029,2024-09-09 09:00:11,0.00,0,0,0.0%,0.0,0.0,0,0.00,0.0,0,0,0.0,0,0,0.0,0,0.0,0,0.0,0,0.0,0,0.0,0,0.0,0,0.0,0,0.0,0,0.0,0,0.0,0.00,0.0,0,0,0
252092539,通投-二胎宝-星光款-视频-托管-24.9.8-乘风直播间,被计划暂停,审核通过,通投,直播间直接支付ROI,笔记（直播组件）,66a1e7b1000000000a026f8f,583691373460942ae8fc16bb,视频笔记,通投-二胎宝-星光款-视频-托管-24.9.8-乘风直播间,48921097,2024-09-08 10:31:55,0.00,0,0,0.0%,0.0,0.0,0,0.00,0.0,0,0,0.0,0,0,0.0,0,0.0,0,0.0,0,0.0,0,0.0,0,0.0,0,0.0,0,0.0,0,0.0,0,0.0,0.00,0.0,0,0,0
251924319,通投-子怡姐-星光款-高级定向-7R-24.9.6-乘风直播间,被计划暂停,审核通过,通投,直播间直接支付ROI,笔记（直播组件）,6656a0ea000000001303e42a,583691373460942ae8fc16bb,图文笔记,通投-子怡姐-星光款-高级定向-7R-24.9.6-乘风直播间,48743083,2024-09-06 17:23:17,0.00,0,0,0.0%,0.0,0.0,0,0.00,0.0,0,0,0.0,0,0,0.0,0,0.0,0,0.0,0,0.0,0,0.0,0,0.0,0,0.0,0,0.0,0,0.0,0,0.0,0.00,0.0,0,0,0
251924017,通投-有里有-中秋礼盒-高级定向-视频-24.9.5-乘风直播间,被计划暂停,审核通过,通投,直播间直接支付ROI,笔记（直播组件）,66d81c1e000000001f03e4dc,583691373460942ae8fc16bb,视频笔记,通投-有里有-中秋礼盒-高级定向-视频-24.9.5-乘风直播间,48742652,2024-09-06 17:21:20,0.00,0,0,0.0%,0.0,0.0,0,0.00,0.0,0,0,0.0,0,0,0.0,0,0.0,0,0.0,0,0.0,0,0.0,0,0.0,0,0.0,0,0.0,0,0.0,0,0.0,0.00,0.0,0,0,0
251923128,通投-别错过-星光款-母婴人群-7R-24.9.6-乘风直播间,被计划暂停,审核通过,通投,直播间直接支付ROI,笔记（直播组件）,66878c910000000003026911,583691373460942ae8fc16bb,图文笔记,通投-别错过-星光款-母婴人群-7R-24.9.6-乘风直播间,48741820,2024-09-06 17:17:34,0.00,0,0,0.0%,0.0,0.0,0,0.00,0.0,0,0,0.0,0,0,0.0,0,0.0,0,0.0,0,0.0,0,0.0,0,0.0,0,0.0,0,0.0,0,0.0,0,0.0,0.00,0.0,0,0,0
251816529,通投-肌肤的-星光款-托管-24.9.5-乘风直播间,被计划暂停,审核通过,通投,直播间直接支付ROI,笔记（直播组件）,669a357e000000000302610c,583691373460942ae8fc16bb,视频笔记,通投-肌肤的-星光款-托管-24.9.5-乘风直播间,48620398,2024-09-05 20:33:36,0.00,0,0,0.0%,0.0,0.0,0,0.00,0.0,0,0,0.0,0,0,0.0,0,0.0,0,0.0,0,0.0,0,0.0,0,0.0,0,0.0,0,0.0,0,0.0,0,0.0,0.00,0.0,0,0,0
251816219,通投-300-中秋礼盒-30S观播-高级定向-24.9.5-乘风直播间,被计划暂停,审核通过,通投,直播间30s观看量,笔记（直播组件）,66d58d88000000001f03ae5b,583691373460942ae8fc16bb,图文笔记,通投-合集-中秋礼盒-30S观播-高级定向-24.9.5-乘风直播间,48620039,2024-09-05 20:29:47,0.00,0,0,0.0%,0.0,0.0,0,0.00,0.0,0,0,0.0,0,0,0.0,0,0.0,0,0.0,0,0.0,0,0.0,0,0.0,0,0.0,0,0.0,0,0.0,0,0.0,0.00,0.0,0,0,0
251816218,通投-送家人-中秋礼盒-30S观播-高级定向-24.9.5-乘风直播间,暂停,审核通过,通投,直播间30s观看量,笔记（直播组件）,66c84741000000001f03b84a,583691373460942ae8fc16bb,图文笔记,通投-合集-中秋礼盒-30S观播-高级定向-24.9.5-乘风直播间,48620039,2024-09-05 20:29:47,0.00,0,0,0.0%,0.0,0.0,0,0.00,0.0,0,0,0.0,0,0,0.0,0,0.0,0,0.0,0,0.0,0,0.0,0,0.0,0,0.0,0,0.0,0,0.0,0,0.0,0.00,0.0,0,0,0
251816217,通投-别送它-中秋礼盒-30S观播-高级定向-24.9.5-乘风直播间,被计划暂停,审核通过,通投,直播间30s观看量,笔记（直播组件）,66d138eb000000001f0399be,583691373460942ae8fc16bb,图文笔记,通投-合集-中秋礼盒-30S观播-高级定向-24.9.5-乘风直播间,48620039,2024-09-05 20:29:47,0.00,0,0,0.0%,0.0,0.0,0,0.00,0.0,0,0,0.0,0,0,0.0,0,0.0,0,0.0,0,0.0,0,0.0,0,0.0,0,0.0,0,0.0,0,0.0,0,0.0,0.00,0.0,0,0,0
251815874,通投-别错过-星光款-30S观播-高级定向-24.9.5-乘风直播间,被计划暂停,审核通过,通投,直播间30s观看量,笔记（直播组件）,66878c910000000003026911,583691373460942ae8fc16bb,图文笔记,通投-别错过-星光款-30S观播-高级定向-24.9.5-乘风直播间,48619699,2024-09-05 20:26:01,0.00,0,0,0.0%,0.0,0.0,0,0.00,0.0,0,0,0.0,0,0,0.0,0,0.0,0,0.0,0,0.0,0,0.0,0,0.0,0,0.0,0,0.0,0,0.0,0,0.0,0.00,0.0,0,0,0
251805324,通投-别错过-星光款-5S观播-7R-24.9.5-乘风直播间,被计划暂停,审核通过,通投,直播间5s观看量,笔记（直播组件）,66878c910000000003026911,583691373460942ae8fc16bb,图文笔记,通投-别错过-星光款-5S观播-7R-24.9.5-乘风直播间,48608555,2024-09-05 18:40:24,0.00,0,0,0.0%,0.0,0.0,0,0.00,0.0,0,0,0.0,0,0,0.0,0,0.0,0,0.0,0,0.0,0,0.0,0,0.0,0,0.0,0,0.0,0,0.0,0,0.0,0.00,0.0,0,0,0
251804718,通投-别送它-中秋礼盒-30S观播-24.9.5-乘风直播间,被计划暂停,审核通过,通投,直播间30s观看量,笔记（直播组件）,66d138eb000000001f0399be,583691373460942ae8fc16bb,图文笔记,通投-合集-中秋礼盒-30S观播-24.9.5-乘风直播间,48607917,2024-09-05 18:36:02,0.00,0,0,0.0%,0.0,0.0,0,0.00,0.0,0,0,0.0,0,0,0.0,0,0.0,0,0.0,0,0.0,0,0.0,0,0.0,0,0.0,0,0.0,0,0.0,0,0.0,0.00,0.0,0,0,0
251804717,通投-300-中秋礼盒-30S观播-24.9.5-乘风直播间,被计划暂停,审核通过,通投,直播间30s观看量,笔记（直播组件）,66d58d88000000001f03ae5b,583691373460942ae8fc16bb,图文笔记,通投-合集-中秋礼盒-30S观播-24.9.5-乘风直播间,48607917,2024-09-05 18:36:02,0.00,0,0,0.0%,0.0,0.0,0,0.00,0.0,0,0,0.0,0,0,0.0,0,0.0,0,0.0,0,0.0,0,0.0,0,0.0,0,0.0,0,0.0,0,0.0,0,0.0,0.00,0.0,0,0,0
251804716,通投-送家人-中秋礼盒-30S观播-24.9.5-乘风直播间,暂停,审核通过,通投,直播间30s观看量,笔记（直播组件）,66c84741000000001f03b84a,583691373460942ae8fc16bb,图文笔记,通投-合集-中秋礼盒-30S观播-24.9.5-乘风直播间,48607917,2024-09-05 18:36:02,0.00,0,0,0.0%,0.0,0.0,0,0.00,0.0,0,0,0.0,0,0,0.0,0,0.0,0,0.0,0,0.0,0,0.0,0,0.0,0,0.0,0,0.0,0,0.0,0,0.0,0.00,0.0,0,0,0
251775738,通投-孕妈必-星光款-母婴人群-24.9.5-乘风直播间,暂停,审核通过,通投,直播间直接支付ROI,笔记（直播组件）,66d95d22000000002603ddd6,583691373460942ae8fc16bb,视频笔记,通投-孕妈必-星光款-母婴人群-24.9.5-乘风直播间,48576448,2024-09-05 15:55:10,0.00,0,0,0.0%,0.0,0.0,0,0.00,0.0,0,0,0.0,0,0,0.0,0,0.0,0,0.0,0,0.0,0,0.0,0,0.0,0,0.0,0,0.0,0,0.0,0,0.0,0.00,0.0,0,0,0
251775308,通投-有里有-中秋礼盒-托管-视频-24.9.5-乘风直播间,被计划暂停,审核通过,通投,直播间直接支付ROI,笔记（直播组件）,66d81c1e000000001f03e4dc,583691373460942ae8fc16bb,视频笔记,通投-有里有-中秋礼盒-托管-视频-24.9.5-乘风直播间,48576080,2024-09-05 15:53:05,0.00,0,0,0.0%,0.0,0.0,0,0.00,0.0,0,0,0.0,0,0,0.0,0,0.0,0,0.0,0,0.0,0,0.0,0,0.0,0,0.0,0,0.0,0,0.0,0,0.0,0.00,0.0,0,0,0
251677001,通投-健康礼-活动笔记-托管-24.9.4-乘风直播间,暂停,审核通过,通投,直播间直接支付ROI,笔记（直播组件）,66d81cd9000000001f03ed0c,583691373460942ae8fc16bb,图文笔记,通投-健康礼-活动笔记-托管-24.9.4-乘风直播间,48459950,2024-09-04 18:21:55,0.00,0,0,0.0%,0.0,0.0,0,0.00,0.0,0,0,0.0,0,0,0.0,0,0.0,0,0.0,0,0.0,0,0.0,0,0.0,0,0.0,0,0.0,0,0.0,0,0.0,0.00,0.0,0,0,0
251674776,通投-别送它-中秋礼盒-送礼人群-24.9.4-乘风直播间,被计划暂停,审核通过,通投,直播间直接支付ROI,笔记（直播组件）,66d138eb000000001f0399be,583691373460942ae8fc16bb,图文笔记,通投-别送它-中秋礼盒-送礼人群-24.9.4-乘风直播间-改,48457215,2024-09-04 18:06:45,0.00,0,0,0.0%,0.0,0.0,0,0.00,0.0,0,0,0.0,0,0,0.0,0,0.0,0,0.0,0,0.0,0,0.0,0,0.0,0,0.0,0,0.0,0,0.0,0,0.0,0.00,0.0,0,0,0
251674775,通投-胡胡不图图-中秋礼盒-送礼人群-24.9.4-乘风直播间,暂停,审核拒绝,通投,直播间直接支付ROI,笔记（直播组件）,66bc6da30000000025031b35,5b67ab7523bcd200014efff7,图文笔记,通投-别送它-中秋礼盒-送礼人群-24.9.4-乘风直播间-改,48457215,2024-09-04 18:06:45,0.00,0,0,0.0%,0.0,0.0,0,0.00,0.0,0,0,0.0,0,0,0.0,0,0.0,0,0.0,0,0.0,0,0.0,0,0.0,0,0.0,0,0.0,0,0.0,0,0.0,0.00,0.0,0,0,0
251674774,通投-送家人-中秋礼盒-送礼人群-24.9.4-乘风直播间,暂停,审核通过,通投,直播间直接支付ROI,笔记（直播组件）,66c84741000000001f03b84a,583691373460942ae8fc16bb,图文笔记,通投-别送它-中秋礼盒-送礼人群-24.9.4-乘风直播间-改,48457215,2024-09-04 18:06:45,0.00,0,0,0.0%,0.0,0.0,0,0.00,0.0,0,0,0.0,0,0,0.0,0,0.0,0,0.0,0,0.0,0,0.0,0,0.0,0,0.0,0,0.0,0,0.0,0,0.0,0.00,0.0,0,0,0
251674773,通投-300-中秋礼盒-送礼人群-24.9.4-乘风直播间,暂停,审核通过,通投,直播间直接支付ROI,笔记（直播组件）,66d58d88000000001f03ae5b,583691373460942ae8fc16bb,图文笔记,通投-别送它-中秋礼盒-送礼人群-24.9.4-乘风直播间-改,48457215,2024-09-04 18:06:45,0.00,0,0,0.0%,0.0,0.0,0,0.00,0.0,0,0,0.0,0,0,0.0,0,0.0,0,0.0,0,0.0,0,0.0,0,0.0,0,0.0,0,0.0,0,0.0,0,0.0,0.00,0.0,0,0,0
251663953,通投-职场高-中秋礼盒-托管-视频-24.9.4-乘风直播间,暂停,审核通过,通投,直播间直接支付ROI,笔记（直播组件）,66d7d5b7000000001f01c754,583691373460942ae8fc16bb,视频笔记,通投-职场高-中秋礼盒-托管-视频-24.9.4-乘风直播间,48444531,2024-09-04 17:02:30,0.00,0,0,0.0%,0.0,0.0,0,0.00,0.0,0,0,0.0,0,0,0.0,0,0.0,0,0.0,0,0.0,0,0.0,0,0.0,0,0.0,0,0.0,0,0.0,0,0.0,0.00,0.0,0,0,0
251663744,通投-送长辈-中秋礼盒-托管-24.9.4-乘风直播间,暂停,审核通过,通投,直播间直接支付ROI,笔记（直播组件）,66d81f66000000001f015331,583691373460942ae8fc16bb,图文笔记,通投-送长辈-中秋礼盒-托管-24.9.4-乘风直播间,48444250,2024-09-04 17:01:04,0.00,0,0,0.0%,0.0,0.0,0,0.00,0.0,0,0,0.0,0,0,0.0,0,0.0,0,0.0,0,0.0,0,0.0,0,0.0,0,0.0,0,0.0,0,0.0,0,0.0,0.00,0.0,0,0,0
251663597,通投-懂行的-合集款-托管-24.9.4-乘风直播间,被计划暂停,审核通过,通投,直播间直接支付ROI,笔记（直播组件）,66d7c90e000000001f03eb73,583691373460942ae8fc16bb,图文笔记,通投-懂行的-星光款-托管-24.9.4-乘风直播间,48444091,2024-09-04 17:00:13,0.00,0,0,0.0%,0.0,0.0,0,0.00,0.0,0,0,0.0,0,0,0.0,0,0.0,0,0.0,0,0.0,0,0.0,0,0.0,0,0.0,0,0.0,0,0.0,0,0.0,0.00,0.0,0,0,0
251657798,通投-一整年-中秋礼盒-托管-24.9.4优化-乘风直播间,暂停,审核通过,通投,直播间直接支付ROI,笔记（直播组件）,66d010b9000000001f03e33c,583691373460942ae8fc16bb,视频笔记,通投-一整年-中秋礼盒-托管-24.9.4优化-乘风直播间,48438048,2024-09-04 16:30:23,0.00,0,0,0.0%,0.0,0.0,0,0.00,0.0,0,0,0.0,0,0,0.0,0,0.0,0,0.0,0,0.0,0,0.0,0,0.0,0,0.0,0,0.0,0,0.0,0,0.0,0.00,0.0,0,0,0
251593854,通投-拒绝智-星光款-托管-视频-24.9.4优化-乘风直播间,暂停,审核通过,通投,直播间直接支付ROI,笔记（直播组件）,66a9e9080000000009016936,583691373460942ae8fc16bb,视频笔记,通投-拒绝智-星光款-托管-视频-24.9.4优化-乘风直播间,48355063,2024-09-04 08:49:04,0.00,0,0,0.0%,0.0,0.0,0,0.00,0.0,0,0,0.0,0,0,0.0,0,0.0,0,0.0,0,0.0,0,0.0,0,0.0,0,0.0,0,0.0,0,0.0,0,0.0,0.00,0.0,0,0,0
251518712,通投-300-中秋礼盒-托管-24.9.3-乘风直播间,被计划暂停,审核通过,通投,直播间直接支付ROI,笔记（直播组件）,66d58d88000000001f03ae5b,583691373460942ae8fc16bb,图文笔记,通投-300-中秋礼盒-托管-24.9.3-乘风直播间,48273169,2024-09-03 14:56:03,0.00,0,0,0.0%,0.0,0.0,0,0.00,0.0,0,0,0.0,0,0,0.0,0,0.0,0,0.0,0,0.0,0,0.0,0,0.0,0,0.0,0,0.0,0,0.0,0,0.0,0.00,0.0,0,0,0
251435113,通投-广东夫妇2-青春款-托管-24.9.2-乘风直播间,被计划暂停,审核通过,通投,直播间直接支付ROI,笔记（直播组件）,669a231b000000000d00ce52,583691373460942ae8fc16bb,视频笔记,通投-广东夫妇2-青春款-托管-24.9.2-乘风直播间,48158673,2024-09-02 17:47:47,0.00,0,0,0.0%,0.0,0.0,0,0.00,0.0,0,0,0.0,0,0,0.0,0,0.0,0,0.0,0,0.0,0,0.0,0,0.0,0,0.0,0,0.0,0,0.0,0,0.0,0.00,0.0,0,0,0
251402802,通投-广东夫妇1-青春款-托管-视频-24.9.2-乘风直播间,暂停,审核通过,通投,直播间直接支付ROI,笔记（直播组件）,6697943a000000000a004d02,583691373460942ae8fc16bb,视频笔记,通投-广东夫妇1-青春款-托管-视频-24.9.2-乘风直播间,48126603,2024-09-02 15:09:39,0.00,0,0,0.0%,0.0,0.0,0,0.00,0.0,0,0,0.0,0,0,0.0,0,0.0,0,0.0,0,0.0,0,0.0,0,0.0,0,0.0,0,0.0,0,0.0,0,0.0,0.00,0.0,0,0,0
251399656,通投-别送它-中秋礼盒-托管-24.9.2-乘风直播间,暂停,审核通过,通投,直播间直接支付ROI,笔记（直播组件）,66d138eb000000001f0399be,583691373460942ae8fc16bb,图文笔记,通投-别送它-中秋礼盒-托管-24.9.2-乘风直播间,48123371,2024-09-02 14:54:22,0.00,0,0,0.0%,0.0,0.0,0,0.00,0.0,0,0,0.0,0,0,0.0,0,0.0,0,0.0,0,0.0,0,0.0,0,0.0,0,0.0,0,0.0,0,0.0,0,0.0,0.00,0.0,0,0,0
251151099,通投-子怡姐-星光款-托管-7R-24.8.30-乘风直播间,被计划暂停,审核通过,通投,直播间直接支付ROI,笔记（直播组件）,6656a0ea000000001303e42a,583691373460942ae8fc16bb,图文笔记,通投-子怡姐-星光款-托管-7R-24.8.30-乘风直播间,47817597,2024-08-30 17:03:51,0.00,0,0,0.0%,0.0,0.0,0,0.00,0.0,0,0,0.0,0,0,0.0,0,0.0,0,0.0,0,0.0,0,0.0,0,0.0,0,0.0,0,0.0,0,0.0,0,0.0,0.00,0.0,0,0,0
251150948,通投-别错过-星光款-托管-7R-24.8.30-乘风直播间,被计划暂停,审核通过,通投,直播间直接支付ROI,笔记（直播组件）,66878c910000000003026911,583691373460942ae8fc16bb,图文笔记,通投-别错过-星光款-托管-7R-24.8.30-乘风直播间,47817470,2024-08-30 17:03:11,0.00,0,0,0.0%,0.0,0.0,0,0.00,0.0,0,0,0.0,0,0,0.0,0,0.0,0,0.0,0,0.0,0,0.0,0,0.0,0,0.0,0,0.0,0,0.0,0,0.0,0.00,0.0,0,0,0
251150486,通投-萱姐-星光款-托管-7R-24.8.30-乘风直播间,暂停,审核拒绝,通投,直播间直接支付ROI,笔记（直播组件）,66bf22ea000000000d033600,5e36ded200000000010064a8,视频笔记,通投-萱姐-星光款-托管-7R-24.8.30-乘风直播间,47817143,2024-08-30 17:01:39,0.00,0,0,0.0%,0.0,0.0,0,0.00,0.0,0,0,0.0,0,0,0.0,0,0.0,0,0.0,0,0.0,0,0.0,0,0.0,0,0.0,0,0.0,0,0.0,0,0.0,0.00,0.0,0,0,0
251150353,通投-胡胡不图图-中秋礼盒-托管-7R-24.8.30-乘风直播间,暂停,审核拒绝,通投,直播间直接支付ROI,笔记（直播组件）,66bc6da30000000025031b35,5b67ab7523bcd200014efff7,图文笔记,通投-胡胡不图图-中秋礼盒-托管-7R-24.8.30-乘风直播间,47817027,2024-08-30 17:01:03,0.00,0,0,0.0%,0.0,0.0,0,0.00,0.0,0,0,0.0,0,0,0.0,0,0.0,0,0.0,0,0.0,0,0.0,0,0.0,0,0.0,0,0.0,0,0.0,0,0.0,0.00,0.0,0,0,0
251149969,通投-把自己-青春款-托管-24.8.30-乘风直播间,被计划暂停,审核通过,通投,直播间直接支付ROI,笔记（直播组件）,66c5c536000000001f0145b7,583691373460942ae8fc16bb,图文笔记,通投-把自己-青春款-托管-24.8.30-乘风直播间,47816908,2024-08-30 17:00:21,0.00,0,0,0.0%,0.0,0.0,0,0.00,0.0,0,0,0.0,0,0,0.0,0,0.0,0,0.0,0,0.0,0,0.0,0,0.0,0,0.0,0,0.0,0,0.0,0,0.0,0.00,0.0,0,0,0
251149797,通投-送家人-中秋礼盒-托管-24.8.30-乘风直播间,被计划暂停,审核通过,通投,直播间直接支付ROI,笔记（直播组件）,66c84741000000001f03b84a,583691373460942ae8fc16bb,图文笔记,通投-送家人-中秋礼盒-托管-24.8.30-乘风直播间,47816747,2024-08-30 16:59:33,0.00,0,0,0.0%,0.0,0.0,0,0.00,0.0,0,0,0.0,0,0,0.0,0,0.0,0,0.0,0,0.0,0,0.0,0,0.0,0,0.0,0,0.0,0,0.0,0,0.0,0.00,0.0,0,0,0
251149715,通投-女明星-星光款-托管-7R-24.8.30-乘风直播间,暂停,审核通过,通投,直播间直接支付ROI,笔记（直播组件）,6673f083000000001d01b2e6,583691373460942ae8fc16bb,图文笔记,通投-女明星-星光款-托管-7R-24.8.30-乘风直播间,47816575,2024-08-30 16:58:42,0.00,0,0,0.0%,0.0,0.0,0,0.00,0.0,0,0,0.0,0,0,0.0,0,0.0,0,0.0,0,0.0,0,0.0,0,0.0,0,0.0,0,0.0,0,0.0,0,0.0,0.00,0.0,0,0,0
251149625,通投-凯凯-中秋礼盒-托管-7R-24.8.30-乘风直播间,暂停,审核通过,通投,直播间直接支付ROI,笔记（直播组件）,66c461f1000000001d0147c2,59b4b0ae50c4b469914126b7,图文笔记,通投-凯凯-中秋礼盒-托管-7R-24.8.30-乘风直播间,47816444,2024-08-30 16:58:06,0.00,0,0,0.0%,0.0,0.0,0,0.00,0.0,0,0,0.0,0,0,0.0,0,0.0,0,0.0,0,0.0,0,0.0,0,0.0,0,0.0,0,0.0,0,0.0,0,0.0,0.00,0.0,0,0,0
251149279,通投-刺一樣的我-中秋礼盒-托管-7R-24.8.30-乘风直播间,暂停,审核通过,通投,直播间直接支付ROI,笔记（直播组件）,66c57da9000000001d01703d,5b0927cc4eacab5f164626a3,图文笔记,通投-刺一樣的我-中秋礼盒-托管-7R-24.8.30-乘风直播间,47816167,2024-08-30 16:56:35,0.00,0,0,0.0%,0.0,0.0,0,0.00,0.0,0,0,0.0,0,0,0.0,0,0.0,0,0.0,0,0.0,0,0.0,0,0.0,0,0.0,0,0.0,0,0.0,0,0.0,0.00,0.0,0,0,0
251149203,通投-小漫素年-中秋礼盒-托管-7R-24.8.30-乘风直播间,暂停,审核通过,通投,直播间直接支付ROI,笔记（直播组件）,66c7129d000000001f01a5c6,5ad68b77e8ac2b34697d54d5,图文笔记,通投-小漫素年-中秋礼盒-托管-7R-24.8.30-乘风直播间,47816055,2024-08-30 16:55:58,0.00,0,0,0.0%,0.0,0.0,0,0.00,0.0,0,0,0.0,0,0,0.0,0,0.0,0,0.0,0,0.0,0,0.0,0,0.0,0,0.0,0,0.0,0,0.0,0,0.0,0.00,0.0,0,0,0
251149140,通投-mh.z-中秋礼盒-托管-7R-24.8.30-乘风直播间,暂停,审核通过,通投,直播间直接支付ROI,笔记（直播组件）,66c43e7f000000001d0183b2,59ba437751783a125b23320e,图文笔记,通投-mh.z-中秋礼盒-托管-7R-24.8.30-乘风直播间,47815937,2024-08-30 16:55:15,0.00,0,0,0.0%,0.0,0.0,0,0.00,0.0,0,0,0.0,0,0,0.0,0,0.0,0,0.0,0,0.0,0,0.0,0,0.0,0,0.0,0,0.0,0,0.0,0,0.0,0.00,0.0,0,0,0
251148952,通投-我是茵茵-中秋礼盒-托管-7R-24.8.30-乘风直播间,暂停,审核通过,通投,直播间直接支付ROI,笔记（直播组件）,66cc2249000000001f018b3b,5a2a00d84eacab30a6121c8e,图文笔记,通投-我是茵茵-中秋礼盒-托管-7R-24.8.30-乘风直播间,47815814,2024-08-30 16:54:40,0.00,0,0,0.0%,0.0,0.0,0,0.00,0.0,0,0,0.0,0,0,0.0,0,0.0,0,0.0,0,0.0,0,0.0,0,0.0,0,0.0,0,0.0,0,0.0,0,0.0,0.00,0.0,0,0,0
251148686,通投-真的太-星光款-托管-24.8.30-乘风直播间,被计划暂停,审核通过,通投,直播间直接支付ROI,笔记（直播组件）,66ced14a000000001f03d407,583691373460942ae8fc16bb,图文笔记,通投-真的太-星光款-托管-24.8.30-乘风直播间,47815625,2024-08-30 16:53:36,0.00,0,0,0.0%,0.0,0.0,0,0.00,0.0,0,0,0.0,0,0,0.0,0,0.0,0,0.0,0,0.0,0,0.0,0,0.0,0,0.0,0,0.0,0,0.0,0,0.0,0.00,0.0,0,0,0
251148596,通投-一整年-中秋礼盒-托管-24.8.30-乘风直播间,暂停,审核通过,通投,直播间直接支付ROI,笔记（直播组件）,66d010b9000000001f03e33c,583691373460942ae8fc16bb,视频笔记,通投-一整年-中秋礼盒-托管-24.8.30-乘风直播间,47815470,2024-08-30 16:52:55,0.00,0,0,0.0%,0.0,0.0,0,0.00,0.0,0,0,0.0,0,0,0.0,0,0.0,0,0.0,0,0.0,0,0.0,0,0.0,0,0.0,0,0.0,0,0.0,0,0.0,0.00,0.0,0,0,0
251148503,通投-靠养生-青春款-托管-24.8.30-乘风直播间,暂停,审核通过,通投,直播间直接支付ROI,笔记（直播组件）,66d04beb000000001f01d034,583691373460942ae8fc16bb,图文笔记,通投-靠养生-青春款-托管-24.8.30-乘风直播间,47815301,2024-08-30 16:52:10,0.00,0,0,0.0%,0.0,0.0,0,0.00,0.0,0,0,0.0,0,0,0.0,0,0.0,0,0.0,0,0.0,0,0.0,0,0.0,0,0.0,0,0.0,0,0.0,0,0.0,0.00,0.0,0,0,0
251148421,通投-在线的-星光款-托管-24.8.30-乘风直播间,被计划暂停,审核通过,通投,直播间直接支付ROI,笔记（直播组件）,66d02f70000000001f03b663,583691373460942ae8fc16bb,视频笔记,通投-在线的-星光款-托管-24.8.30-乘风直播间,47815190,2024-08-30 16:51:32,0.00,0,0,0.0%,0.0,0.0,0,0.00,0.0,0,0,0.0,0,0,0.0,0,0.0,0,0.0,0,0.0,0,0.0,0,0.0,0,0.0,0,0.0,0,0.0,0,0.0,0.00,0.0,0,0,0
251148217,通投-别送它-中秋礼盒-托管-24.8.30-乘风直播间,暂停,审核通过,通投,直播间直接支付ROI,笔记（直播组件）,66d138eb000000001f0399be,583691373460942ae8fc16bb,图文笔记,通投-别送它-中秋礼盒-托管-24.8.30-乘风直播间,47815016,2024-08-30 16:50:49,0.00,0,0,0.0%,0.0,0.0,0,0.00,0.0,0,0,0.0,0,0,0.0,0,0.0,0,0.0,0,0.0,0,0.0,0,0.0,0,0.0,0,0.0,0,0.0,0,0.0,0.00,0.0,0,0,0
251147881,通投-把自己-青春款-高级定向-24.8.30-乘风直播间,被计划暂停,审核通过,通投,直播间直接支付ROI,笔记（直播组件）,66c5c536000000001f0145b7,583691373460942ae8fc16bb,图文笔记,通投-笔记合集-青春款-高级定向-24.8.30-乘风直播间,47814570,2024-08-30 16:48:46,0.00,0,0,0.0%,0.0,0.0,0,0.00,0.0,0,0,0.0,0,0,0.0,0,0.0,0,0.0,0,0.0,0,0.0,0,0.0,0,0.0,0,0.0,0,0.0,0,0.0,0.00,0.0,0,0,0
251147880,通投-靠养生-青春款-高级定向-24.8.30-乘风直播间（9.10优化）,暂停,审核通过,通投,直播间直接支付ROI,笔记（直播组件）,66d04beb000000001f01d034,583691373460942ae8fc16bb,图文笔记,通投-笔记合集-青春款-高级定向-24.8.30-乘风直播间,47814570,2024-08-30 16:48:46,0.00,0,0,0.0%,0.0,0.0,0,0.00,0.0,0,0,0.0,0,0,0.0,0,0.0,0,0.0,0,0.0,0,0.0,0,0.0,0,0.0,0,0.0,0,0.0,0,0.0,0.00,0.0,0,0,0
251147491,通投-女明星-星光款-高级定向-7R-24.8.30-乘风直播间,暂停,审核通过,通投,直播间直接支付ROI,笔记（直播组件）,6673f083000000001d01b2e6,583691373460942ae8fc16bb,图文笔记,通投-在线的-星光款-高级定向-7R-24.8.30-乘风直播间-改,47814135,2024-08-30 16:46:34,0.00,0,0,0.0%,0.0,0.0,0,0.00,0.0,0,0,0.0,0,0,0.0,0,0.0,0,0.0,0,0.0,0,0.0,0,0.0,0,0.0,0,0.0,0,0.0,0,0.0,0.00,0.0,0,0,0
251147492,通投-萱姐-星光款-高级定向-7R-24.8.30-乘风直播间,暂停,审核拒绝,通投,直播间直接支付ROI,笔记（直播组件）,66bf22ea000000000d033600,5e36ded200000000010064a8,视频笔记,通投-在线的-星光款-高级定向-7R-24.8.30-乘风直播间-改,47814135,2024-08-30 16:46:33,0.00,0,0,0.0%,0.0,0.0,0,0.00,0.0,0,0,0.0,0,0,0.0,0,0.0,0,0.0,0,0.0,0,0.0,0,0.0,0,0.0,0,0.0,0,0.0,0,0.0,0.00,0.0,0,0,0
251147490,通投-真的太-星光款-高级定向-7R-24.8.30-乘风直播间,暂停,审核通过,通投,直播间直接支付ROI,笔记（直播组件）,66ced14a000000001f03d407,583691373460942ae8fc16bb,图文笔记,通投-在线的-星光款-高级定向-7R-24.8.30-乘风直播间-改,47814135,2024-08-30 16:46:33,0.00,0,0,0.0%,0.0,0.0,0,0.00,0.0,0,0,0.0,0,0,0.0,0,0.0,0,0.0,0,0.0,0,0.0,0,0.0,0,0.0,0,0.0,0,0.0,0,0.0,0.00,0.0,0,0,0
251147489,通投-在线的-星光款-高级定向-7R-24.8.30-乘风直播间,被计划暂停,审核通过,通投,直播间直接支付ROI,笔记（直播组件）,66d02f70000000001f03b663,583691373460942ae8fc16bb,视频笔记,通投-在线的-星光款-高级定向-7R-24.8.30-乘风直播间-改,47814135,2024-08-30 16:46:33,0.00,0,0,0.0%,0.0,0.0,0,0.00,0.0,0,0,0.0,0,0,0.0,0,0.0,0,0.0,0,0.0,0,0.0,0,0.0,0,0.0,0,0.0,0,0.0,0,0.0,0.00,0.0,0,0,0
251146833,通投-胡胡不图图-中秋礼盒-高级定向-24.8.30-乘风直播间,暂停,审核拒绝,通投,直播间直接支付ROI,笔记（直播组件）,66bc6da30000000025031b35,5b67ab7523bcd200014efff7,图文笔记,通投-笔记合集-中秋礼盒-高级定向-24.8.30-乘风直播间,47813494,2024-08-30 16:43:03,0.00,0,0,0.0%,0.0,0.0,0,0.00,0.0,0,0,0.0,0,0,0.0,0,0.0,0,0.0,0,0.0,0,0.0,0,0.0,0,0.0,0,0.0,0,0.0,0,0.0,0.00,0.0,0,0,0
251146832,通投-送家人-中秋礼盒-高级定向-24.8.30-乘风直播间,暂停,审核通过,通投,直播间直接支付ROI,笔记（直播组件）,66c84741000000001f03b84a,583691373460942ae8fc16bb,图文笔记,通投-笔记合集-中秋礼盒-高级定向-24.8.30-乘风直播间,47813494,2024-08-30 16:43:03,0.00,0,0,0.0%,0.0,0.0,0,0.00,0.0,0,0,0.0,0,0,0.0,0,0.0,0,0.0,0,0.0,0,0.0,0,0.0,0,0.0,0,0.0,0,0.0,0,0.0,0.00,0.0,0,0,0
251146831,通投-凯凯-中秋礼盒-高级定向-24.8.30-乘风直播间,暂停,审核通过,通投,直播间直接支付ROI,笔记（直播组件）,66c461f1000000001d0147c2,59b4b0ae50c4b469914126b7,图文笔记,通投-笔记合集-中秋礼盒-高级定向-24.8.30-乘风直播间,47813494,2024-08-30 16:43:03,0.00,0,0,0.0%,0.0,0.0,0,0.00,0.0,0,0,0.0,0,0,0.0,0,0.0,0,0.0,0,0.0,0,0.0,0,0.0,0,0.0,0,0.0,0,0.0,0,0.0,0.00,0.0,0,0,0
251146830,通投-刺一樣的我-中秋礼盒-高级定向-24.8.30-乘风直播间,暂停,审核通过,通投,直播间直接支付ROI,笔记（直播组件）,66c57da9000000001d01703d,5b0927cc4eacab5f164626a3,图文笔记,通投-笔记合集-中秋礼盒-高级定向-24.8.30-乘风直播间,47813494,2024-08-30 16:43:03,0.00,0,0,0.0%,0.0,0.0,0,0.00,0.0,0,0,0.0,0,0,0.0,0,0.0,0,0.0,0,0.0,0,0.0,0,0.0,0,0.0,0,0.0,0,0.0,0,0.0,0.00,0.0,0,0,0
251146829,通投-小漫素年-中秋礼盒-高级定向-24.8.30-乘风直播间,被计划暂停,审核通过,通投,直播间直接支付ROI,笔记（直播组件）,66c7129d000000001f01a5c6,5ad68b77e8ac2b34697d54d5,图文笔记,通投-笔记合集-中秋礼盒-高级定向-24.8.30-乘风直播间,47813494,2024-08-30 16:43:03,0.00,0,0,0.0%,0.0,0.0,0,0.00,0.0,0,0,0.0,0,0,0.0,0,0.0,0,0.0,0,0.0,0,0.0,0,0.0,0,0.0,0,0.0,0,0.0,0,0.0,0.00,0.0,0,0,0
251146828,通投-mh.z-中秋礼盒-高级定向-24.8.30-乘风直播间,暂停,审核通过,通投,直播间直接支付ROI,笔记（直播组件）,66c43e7f000000001d0183b2,59ba437751783a125b23320e,图文笔记,通投-笔记合集-中秋礼盒-高级定向-24.8.30-乘风直播间,47813494,2024-08-30 16:43:03,0.00,0,0,0.0%,0.0,0.0,0,0.00,0.0,0,0,0.0,0,0,0.0,0,0.0,0,0.0,0,0.0,0,0.0,0,0.0,0,0.0,0,0.0,0,0.0,0,0.0,0.00,0.0,0,0,0
251146827,通投-我是茵茵-中秋礼盒-高级定向-24.8.30-乘风直播间,暂停,审核通过,通投,直播间直接支付ROI,笔记（直播组件）,66cc2249000000001f018b3b,5a2a00d84eacab30a6121c8e,图文笔记,通投-笔记合集-中秋礼盒-高级定向-24.8.30-乘风直播间,47813494,2024-08-30 16:43:03,0.00,0,0,0.0%,0.0,0.0,0,0.00,0.0,0,0,0.0,0,0,0.0,0,0.0,0,0.0,0,0.0,0,0.0,0,0.0,0,0.0,0,0.0,0,0.0,0,0.0,0.00,0.0,0,0,0
251146826,通投-一整年-中秋礼盒-高级定向-24.8.30-乘风直播间,暂停,审核通过,通投,直播间直接支付ROI,笔记（直播组件）,66d010b9000000001f03e33c,583691373460942ae8fc16bb,视频笔记,通投-笔记合集-中秋礼盒-高级定向-24.8.30-乘风直播间,47813494,2024-08-30 16:43:03,0.00,0,0,0.0%,0.0,0.0,0,0.00,0.0,0,0,0.0,0,0,0.0,0,0.0,0,0.0,0,0.0,0,0.0,0,0.0,0,0.0,0,0.0,0,0.0,0,0.0,0.00,0.0,0,0,0
251146825,通投-别送它-中秋礼盒-高级定向-24.8.30-乘风直播间,暂停,审核通过,通投,直播间直接支付ROI,笔记（直播组件）,66d138eb000000001f0399be,583691373460942ae8fc16bb,图文笔记,通投-笔记合集-中秋礼盒-高级定向-24.8.30-乘风直播间,47813494,2024-08-30 16:43:03,0.00,0,0,0.0%,0.0,0.0,0,0.00,0.0,0,0,0.0,0,0,0.0,0,0.0,0,0.0,0,0.0,0,0.0,0,0.0,0,0.0,0,0.0,0,0.0,0,0.0,0.00,0.0,0,0,0
