笔记ID,笔记标题,笔记链接,笔记简称,笔记内容方向,笔记场景,笔记来源,产品
686f85c3000000000b01e0c6,直播间蹲到??小仙炖不愧是燕窝中的爱马仕,https://www.xiaohongshu.com/explore/686f85c3000000000b01e0c6?xsec_token=WBLK3cNapav8an08gb4erv9uz5L8hw09R43XvBm0AGmZA=&xsec_source=pc_wind_export,,抗衰,,抖音,
686f876e000000000b01edb9,贵妇圈通行证?小仙炖鲜炖燕窝真绝！,https://www.xiaohongshu.com/explore/686f876e000000000b01edb9?xsec_token=WBLK3cNapav8an08gb4erv9vaFMLT8Tcg5ZkqbsYnhLuY=&xsec_source=pc_wind_export,,抗衰,,抖音,
6801aea3000000000f0338b1,感谢张柏芝！30+进阶养护的秘?终于发现…,https://www.xiaohongshu.com/explore/6801aea3000000000f0338b1?xsec_token=WBB_HmrfZbBx-AcwVLAujvgblwaUu1WPKBa2KJCH5H0xk=&xsec_source=pc_wind_export,,熟龄抗衰,,广告素材,
66505424000000000c019af6,,,,熟龄抗衰,,日弘,
6656a0ea000000001303e42a,燕窝顶流！章子怡拿捏精致贵气感的秘?,"https://www.xiaohongshu.com/explore/6656a0ea000000001303e42a?xsec_token=WBb_oXdJ4fsrXi3NLV6-tMqQZjILFD0-PxzMJvbCgDUfE=&xsec_source=pc_wind_export
https://www.xiaohongshu.com/explore/6656a0ea000000001303e42a?xsec_token=WBb_oXdJ4fsrXi3NLV6-tMqbWApFMPsQxxeHnHTW3Frrc=&xsec_source=pc_wind_export",,熟龄抗衰,,日弘,
66584561000000000f00e9cc,,,,熟龄抗衰,,日弘,
66627b6b000000001303d72c,,,,熟龄抗衰,,日弘,
667a9432000000001d01b517,,,,熟龄抗衰,,日弘,
66861893000000000d00dfbd,,,,熟龄抗衰,,日弘,
6690e0ef000000000a026e15,,,,熟龄抗衰,,日弘,
66d02f70000000001f03b663,掌握人生新思路，40+也能状态在线的秘?,https://www.xiaohongshu.com/explore/66d02f70000000001f03b663?xsec_token=WBeap9cjgUCbYNmd1GFQhccQWfmEK4UX6qWwpuq3j61TM=&xsec_source=pc_wind_export,,熟龄抗衰,,日弘,
66d95fe5000000002603fb34,,,,熟龄抗衰,,日弘,
66e2c31c0000000026032cab,女明星内服别太夸张！少女肌的秘轻松拿捏！,https://www.xiaohongshu.com/explore/66e2c31c0000000026032cab?xsec_token=WBC4RKu_PbF_N79h0Qlcc7qzI4MYWUql42aXoHt3TnWsQ=&xsec_source=pc_wind_export,,熟龄抗衰,,日弘,
66e4e318000000002603cf59,陈乔恩保养新招式！美丽紧跟女明星！,"https://www.xiaohongshu.com/explore/66e4e318000000002603cf59?xsec_token=WBCllLaUdJJAJ5_7y9rxPZVdkDjDlWyGgRz-hmgsIfrKE=&xsec_source=pc_wind_export
https://www.xiaohongshu.com/explore/66e4e318000000002603cf59?xsec_token=WBCllLaUdJJAJ5_7y9rxPZVWTb0h8jI85PmLiVEmpA_RQ=&xsec_source=pc_wind_export",,熟龄抗衰,,日弘,
66f2999e000000002a03013e,女明星严选！快来get同款颜值保鲜秘?,"https://www.xiaohongshu.com/explore/66f2999e000000002a03013e?xsec_token=WB1JB6nycg7A9bKPUx7PAAczkZSguYS2PnjO7U4rBS9a8=&xsec_source=pc_wind_export
https://www.xiaohongshu.com/explore/66f2999e000000002a03013e?xsec_token=WB1JB6nycg7A9bKPUx7PAAc_nPjnXM87bdUttpYHDo2tA=&xsec_source=pc_wind_export",,熟龄抗衰,,日弘,
66f52b02000000002a035b57,跟着陈乔恩学内服！少女感嫩到next level,https://www.xiaohongshu.com/explore/66f52b02000000002a035b57?xsec_token=WBraN0MJIkGNpAhbH8pliadFo9E3s1Jjy3LJxMsBoeLbk=&xsec_source=pc_wind_export,,熟龄抗衰,,日弘,
6722e07e000000003c01a426,状态回春！快来Get女明星嫩脸滋养秘籍,https://www.xiaohongshu.com/explore/6722e07e000000003c01a426?xsec_token=WBloDukr5j1MWzMjgSuPnQgpej7auF7I1wwbGtcrWnz7g=&xsec_source=pc_wind_export,,熟龄抗衰,,日弘,
6780f0ed000000001a0114d8,港星不老的秘密武器，燕窝长期主义真香！,https://www.xiaohongshu.com/explore/6780f0ed000000001a0114d8?xsec_token=WBoxsgHfdgACmtbHwFeDD7a9LMN0-cWxpHeSv8of6jMcg=&xsec_source=pc_wind_export,,熟龄抗衰,,日弘,
67a70fce000000002902ebbb,女星上镜秘?诀：燕窝滋补美颜术全解析,https://www.xiaohongshu.com/explore/67a70fce000000002902ebbb?xsec_token=WBsKDbTF5dGP7LdXODnvuqfsns52Rr63cG65eaxs-8K5A=&xsec_source=pc_wind_export,,熟龄抗衰,,日弘,
67aedef3000000002a00c305,30+肌龄管理密码｜食补内调养出少女感,https://www.xiaohongshu.com/explore/67aedef3000000002a00c305?xsec_token=WB0Ude6j3bee7ZvFyoUluIfavRuYtzZxU-OHJ2VhAmZOs=&xsec_source=pc_wind_export,,熟龄抗衰,,日弘,
67bc28c8000000002902b715,感谢张柏芝！30+进阶养护的秘?终于发现…,https://www.xiaohongshu.com/explore/67bc28c8000000002902b715?xsec_token=WBEN5z_jtFHRVnBTa_iRQV5f2E31E6uAT9ljv-pyXq1PI=&xsec_source=pc_wind_export,,熟龄抗衰,,日弘,
67d293b5000000001c00d15a,熟龄肌和小仙炖锁死了！要和薛凯琪一样少女,https://www.xiaohongshu.com/explore/67d293b5000000001c00d15a?xsec_token=WBANQaLjJ0s-kFHa91OsBoBePEG6uiyGfWj1PkTqK_73s=&xsec_source=pc_wind_export,,熟龄抗衰,,日弘,
66f4cdac000000002a034f89,规律吃燕窝才是降维打击！重新爱上素颜,"https://www.xiaohongshu.com/explore/66f4cdac000000002a034f89?xsec_token=WB3Ywa9-sILZRm9nND-R5kP7LIiyJJI4Ae0Q1aBRC8PDg=&xsec_source=pc_wind_export
https://www.xiaohongshu.com/explore/66f4cdac000000002a034f89?xsec_token=WB3Ywa9-sILZRm9nND-R5kP-fDz7e1cxOpqKgc3-yQcSA=&xsec_source=pc_wind_export",,熟龄抗衰,,日弘,
6837afff000000002100ce9e,三胎后美出新高度？女明星也在吃的孕期滋补,https://www.xiaohongshu.com/explore/6837afff000000002100ce9e?xsec_token=WBru5dBPf3GIHOl5bm8LvaoQvFiW8oX9s6IxhNeqwkceA=&xsec_source=pc_wind_export,,熟龄抗衰,,日弘,
684949000000000022027e70,感受到中式滋养杀伤力了！皮肤嫩出新level,https://www.xiaohongshu.com/explore/684949000000000022027e70?xsec_token=WBUBdoojkB9fm9xw8wYpnLEq0B7AgLuyKH9xl5fkN1bBI=&xsec_source=pc_wind_export,,熟龄抗衰,,日弘,
686780950000000024009889,30＋燕窝养颜坦白局！真的比同龄人气色好！,https://www.xiaohongshu.com/explore/686780950000000024009889?xsec_token=WBfEN1SjlW6uU-9JVsGpRuI3GAocuSOSmTtrCXSl-YcHA=&xsec_source=pc_wind_export,,熟龄抗衰,,日弘,
686f628a000000001c031d2b,大暑养肤黄金期 靠中式滋补拿捏好状态,https://www.xiaohongshu.com/explore/686f628a000000001c031d2b?xsec_token=WBLK3cNapav8an08gb4erv9mFWAPsq17HM-FmnKIjGtTQ=&xsec_source=pc_wind_export,,熟龄抗衰,,日弘,
68a2d566000000001c011ba1,鲜炖燕窝VS干燕窝，30+锁鲜滋补究竟怎么选,https://www.xiaohongshu.com/explore/68a2d566000000001c011ba1?xsec_token=WB_TC3f8fnTX9Ka5Y3bhVgpuqlJBHYAUez-E5ORqiar8Q=&xsec_source=pc_wind_export,,熟龄抗衰,,日弘,
68da24710000000011014282,30+放弃死磕护肤后 掌握了定格美丽的秘?！,https://www.xiaohongshu.com/explore/68da24710000000011014282?xsec_token=WBvpmhgFbV2CMa8J9FARmuhBP7eiKMUcssma9ks_8QF24=&xsec_source=pc_wind_export,,熟龄抗衰,,日弘,
6867a356000000001002785e,孕期滋补不将就??顶奢燕窝 + 神仙赠品,https://www.xiaohongshu.com/explore/6867a356000000001002785e?xsec_token=WBfEN1SjlW6uU-9JVsGpRuI-rfB1BPGfn4r8bdLjdihMk=&xsec_source=pc_wind_export,,孕产场景,,抖音,
6867a2bf000000000b01d00a,救命！这瓶贵妇级鲜炖燕窝直接封神??,https://www.xiaohongshu.com/explore/6867a2bf000000000b01d00a?xsec_token=WBfEN1SjlW6uU-9JVsGpRuI8yRJiR479pPk94qwWWQpEA=&xsec_source=pc_wind_export,,美容场景,,抖音,
6867a240000000000b02ee6e,35 + 姐姐的夏日逆袭秘籍??,https://www.xiaohongshu.com/explore/6867a240000000000b02ee6e?xsec_token=WBfEN1SjlW6uU-9JVsGpRuI1em8QIKSGWXjq-mIzwpAFU=&xsec_source=pc_wind_export,,美容场景,,抖音,
6867a0cc00000000100137e2,谁懂啊！整个孕期的好状态被小仙炖承包?,https://www.xiaohongshu.com/explore/6867a0cc00000000100137e2?xsec_token=WBfEN1SjlW6uU-9JVsGpRuIxP_iA2BbKsLgWJ2UjwpQCE=&xsec_source=pc_wind_export,,孕期,,抖音,
6867a1bc000000000b01c84b,,,,孕期,,抖音,
686f82c60000000011001994,谁懂啊！整个孕期的好状态被小仙炖承包?,https://www.xiaohongshu.com/explore/686f82c60000000011001994?xsec_token=WBLK3cNapav8an08gb4erv9h7Qo-6yE3LXhWwG7nuQgN0=&xsec_source=pc_wind_export,,孕期,,抖音,
686f8398000000000d026673,备孕吃小仙炖，体质杠杠的??,https://www.xiaohongshu.com/explore/686f8398000000000d026673?xsec_token=WBLK3cNapav8an08gb4erv9gIR92G9gxFAE8IJji_GrX0=&xsec_source=pc_wind_export,,孕产场景,,抖音,
686f8439000000000b02f0d2,,,,美容场景,,抖音,
686f84b6000000000b01d8cd,跟着女明星吃小仙炖?气色好到爆,https://www.xiaohongshu.com/explore/686f84b6000000000b01d8cd?xsec_token=WBLK3cNapav8an08gb4erv9lQHIQ-eceMiEB8ELsoIwrU=&xsec_source=pc_wind_export,,护肤场景,,抖音,
686f88d2000000000d024fa2,送自己的孕期宠爱??小仙炖鲜炖燕窝,https://www.xiaohongshu.com/explore/686f88d2000000000d024fa2?xsec_token=WBLK3cNapav8an08gb4erv9pU3HxpG_dkl_550I5M9_ew=&xsec_source=pc_wind_export,,营养价值体系,,抖音,
686f89120000000012014c03,??小仙炖这波操作，直接赢麻了！,https://www.xiaohongshu.com/explore/686f89120000000012014c03?xsec_token=WBLK3cNapav8an08gb4erv9hPFDrrDJRPdDzztzcRRDlo=&xsec_source=pc_wind_export,,孕期,,抖音,
686f897c000000000d019ab7,孕期滋补不将就?? 这波错过真的会哭！,https://www.xiaohongshu.com/explore/686f897c000000000d019ab7?xsec_token=WBLK3cNapav8an08gb4erv9o09Ppzeqq7m-JZO7kHJCfQ=&xsec_source=pc_wind_export,,孕期,,抖音,
686f89df0000000010013071,孕妈必囤??印尼优质燕窝 + 双重蛋白,https://www.xiaohongshu.com/explore/686f89df0000000010013071?xsec_token=WBLK3cNapav8an08gb4erv9vC7KoTVAS81FPxXN-sNZL4=&xsec_source=pc_wind_export,,孕期,,抖音,
686f8a28000000000b01c331,救命！孕期燕窝赠品王炸局来了??,https://www.xiaohongshu.com/explore/686f8a28000000000b01c331?xsec_token=WBLK3cNapav8an08gb4erv9iVE7IzqX4UrRl-vbMRV1l0=&xsec_source=pc_wind_export,,孕期,,抖音,
686f8bf2000000001201620b,直播间冲??女星都在推的小仙炖！,https://www.xiaohongshu.com/explore/686f8bf2000000001201620b?xsec_token=WBLK3cNapav8an08gb4erv9gdCvopiItIDILrnEfG3GSM=&xsec_source=pc_wind_export,,背书型,,抖音,
686f8c51000000001100235f,这是什么神仙孕期福利?错过真的拍断大腿！,https://www.xiaohongshu.com/explore/686f8c51000000001100235f?xsec_token=WBLK3cNapav8an08gb4erv9qSpHGi4lpAv5ikkhFbELmQ=&xsec_source=pc_wind_export,,孕期,,抖音,
686f8c970000000012016718,孕期滋补界的 “六边形战士”??闭眼入！,https://www.xiaohongshu.com/explore/686f8c970000000012016718?xsec_token=WBLK3cNapav8an08gb4erv9hUdwV4fS7xqyL0oyKoyIpI=&xsec_source=pc_wind_export,,孕期,,抖音,
686f8ce50000000012016977,孕期幸福感拉满??营养与快乐我都要！,https://www.xiaohongshu.com/explore/686f8ce50000000012016977?xsec_token=WBLK3cNapav8an08gb4erv9q0pIHd9C12BiC-ZRLmQOR4=&xsec_source=pc_wind_export,,孕期,,抖音,
6809e88c000000001c035491,【小仙炖鲜炖燕窝】 从源头锁定燕窝品质,https://www.xiaohongshu.com/explore/6809e88c000000001c035491?xsec_token=WB6zHqZtPxt8xSYWcoxsKW_Nl822kJ54MJbHWf-F5EztA=&xsec_source=pc_wind_export,,孕产滋补,,达人,
682d64920000000012004b34,??妈妈??必看｜孕期燕窝到底怎么选？,https://www.xiaohongshu.com/explore/682d64920000000012004b34?xsec_token=WBWnG3UBiEC_Vedyxztr-ZRc54pP-X3HQGYDVWJnYsab4=&xsec_source=pc_wind_export,,孕产滋补,,达人,
682ff197000000000303f09d,,,,美容养颜,,达人,
68301e6c000000002100f20d,二胎宝妈吐血整理！小仙炖&燕之屋哪家强？,https://www.xiaohongshu.com/explore/68301e6c000000002100f20d?xsec_token=WBZPXFeFWAxcZ8ozPEStdz1tqxj5IJRWS5aBzdg0xhPKE=&xsec_source=pc_wind_export,,孕产滋补,,达人,
682ef33f000000002202f45e,准妈妈??集合｜帮你选备孕燕窝啦??,https://www.xiaohongshu.com/explore/682ef33f000000002202f45e?xsec_token=WBJsZZ9NguGx378Z_gHh1yz5GLIG_jJskriajSqY2eYQU=&xsec_source=pc_wind_export,,孕产滋补,,达人,
683415cc00000000230111ff,,,,孕产滋补,,达人,
6837d4ef000000002002bedf,,,,美容养颜,,达人,
68397cdb000000002100406a,,,,孕产滋补,,达人,
680395b8000000001c037439,,,,美容养颜,,达人,
68103675000000002301d234,,,,产后滋补,,达人,
682be94b0000000012006b97,,,,美容养颜,,达人,
682edf2000000000210034c7,孕期/产后别踩坑！燕窝怎么选不出错,https://www.xiaohongshu.com/explore/682edf2000000000210034c7?xsec_token=WBJsZZ9NguGx378Z_gHh1yz_-lOKDRwQJ2e1XRgy1m_JI=&xsec_source=pc_wind_export,,孕产滋补,,达人,
6812b0bf00000000230169d8,连续吃燕窝30天，我的皮肤和体质竟然……,https://www.xiaohongshu.com/explore/6812b0bf00000000230169d8?xsec_token=WBPBEAgUz2PR39tKYFwxsq0VT-Qxh8AIsrgnrnyfhb8ng=&xsec_source=pc_wind_export,,美容养颜,,达人,
6835b0440000000012007e82,跳出30+保养瓶颈期！内调外养真的香！,https://www.xiaohongshu.com/explore/6835b0440000000012007e82?xsec_token=WBoWRxlx_nJhis4lLO9-nunejTu9DOKrmkX9GDgVvvkZw=&xsec_source=pc_wind_export,,美容养颜,,达人,
6865ff1a000000000d027e7b,,,,孕产滋补,,达人,
68664edf0000000015020e82,内调是30+养肤的明智之选？深扒燕窝变美真相,https://www.xiaohongshu.com/explore/68664edf0000000015020e82?xsec_token=WB4Xkb8r14AzVWO8jDGmEV8DUKuvIpwP4aDCNnhqC7POc=&xsec_source=pc_wind_export,,美容养颜,,达人,
6865fb55000000000b01c93a,,,,孕产滋补,,达人,
686785e70000000015020eba,,,,美容养颜,,达人,
686766590000000023007218,,,,孕产滋补,,达人,
6867852d000000001202dde2,已生！过来人告诉你，孕期燕窝有没有必要吃??,https://www.xiaohongshu.com/explore/6867852d000000001202dde2?xsec_token=WBfEN1SjlW6uU-9JVsGpRuI_D_jVc5gKINfH7_-63Th6Y=&xsec_source=pc_wind_export,,孕产滋补,,达人,
6867a8e10000000010026274,孕期燕窝科学食谱搭配|营养均衡宝宝棒！,https://www.xiaohongshu.com/explore/6867a8e10000000010026274?xsec_token=WBfEN1SjlW6uU-9JVsGpRuI_mHB14EvFmezLB6G5irf3s=&xsec_source=pc_wind_export,,孕产滋补,,达人,
686b8bf2000000001100019a,,,,孕产滋补,,达人,
686b80860000000020019c62,,,,孕产滋补,,达人,
686b7a5a000000001c031475,,,,孕产滋补,,达人,
686a611400000000220312f1,,,,孕产滋补,,达人,
686c9acd000000002400c3c5,,,,孕产滋补,,达人,
686ca3140000000011003e38,孕期切记不能乱吃燕窝！附燕窝的正确吃法,https://www.xiaohongshu.com/explore/686ca3140000000011003e38?xsec_token=WBlYERl7tXHA9NtGn5_QtjDrGho5-RVtS-9QV9vaPrSeA=&xsec_source=pc_wind_export,,孕产滋补,,达人,
686b992e000000002400d2a8,,,,孕产滋补,,达人,
686cc2650000000015023335,,,,美容养颜,,达人,
686cfd71000000000b01c22d,,,,美容养颜,,达人,
686cbb930000000020019481,,,,孕产滋补,,达人,
686ccca90000000017035666,,,,孕产滋补,,达人,
686df2ab000000001301184d,,,,孕产滋补,,达人,
686dfae7000000001202ecfb,,,,孕产滋补,,达人,
686f793b000000000b01c31e,,,,孕产滋补,,达人,
686e232c00000000150230f8,,,,孕产滋补,,达人,
686df6ee0000000022032cd4,,,,孕产滋补,,达人,
686f75130000000012030950,孕期吃燕窝到底有用吗？孕产专家告诉你！,https://www.xiaohongshu.com/explore/686f75130000000012030950?xsec_token=WBLK3cNapav8an08gb4erv9nQNUZc1GuEOqBgktpKG7gg=&xsec_source=pc_wind_export,,孕产滋补,,达人,
6870dcda00000000230066d6,,,,美容养颜,,达人,
6872448d0000000011000dc0,,,,美容养颜,,达人,
68724eea000000002400a594,,,,孕产滋补,,达人,
68747f0f0000000017035b44,,,,孕产滋补,,达人,
6874974b0000000011001a61,孕期夫妻分享，吃燕窝是智商税？,https://www.xiaohongshu.com/explore/6874974b0000000011001a61?xsec_token=WBz4AVXEBwm3-Z5MfH9zr19qki9YWkfT_QzU_V7-aGLKU=&xsec_source=pc_wind_export,,孕产滋补,,达人,
6875c6b6000000002203d334,孕期这么吃??轻松get双倍营养,https://www.xiaohongshu.com/explore/6875c6b6000000002203d334?xsec_token=WBnCE4GoLIBaiNPaVCQUPRK6VOfsS4O7Lkss9lnddFVJc=&xsec_source=pc_wind_export,,孕产滋补,,达人,
6875192d000000001202e21b,,,,孕产滋补,,达人,
6874cf740000000012021140,,,,孕产滋补,,达人,
68761e47000000000b02ebf8,,,,孕产滋补,,达人,
6874ddd10000000023004fb3,,,,孕产滋补,,达人,
68776a270000000012021fe0,真的要被人类幼崽可爱到??我孕期燕窝没吃错,https://www.xiaohongshu.com/explore/68776a270000000012021fe0?xsec_token=WBORXqhRFuPrWEJdaAmxraIeVGAg1ZiwJ5s1v_hPCSf9I=&xsec_source=pc_wind_export,,孕产滋补,,达人,
68770815000000000b01eff9,,,,美容养颜,,达人,
68775321000000001703184b,,,,美容养颜,,达人,
687777d70000000023004bf3,,,,美容养颜,,达人,
68774b2e000000001002537f,,,,美容养颜,,达人,
6877a04e0000000022030225,打卡28天…从质疑到理解！30+也有妈生好气色！,https://www.xiaohongshu.com/explore/6877a04e0000000022030225?xsec_token=WBORXqhRFuPrWEJdaAmxraIZm8OJnyRtmIEMYVtKMwiYM=&xsec_source=pc_wind_export,,美容养颜,,达人,
686cb67b0000000015022107,我的孕期宝藏燕窝，看来宝宝很喜欢...,https://www.xiaohongshu.com/explore/686cb67b0000000015022107?xsec_token=WBlYERl7tXHA9NtGn5_QtjDrwBePu-grka6z6YnGEBTjw=&xsec_source=pc_wind_export,,孕产滋补,,达人,
68776de30000000012023d2b,,,,孕产滋补,,达人,
6800c0fe0000000007035cf4,燕窝保养选错＝补错！一篇让你找到品质燕窝,"https://www.xiaohongshu.com/explore/6800c0fe0000000007035cf4?xsec_token=WBBwUWKI6BcdgJ6PcoEHdCgkY_gqPqKoauXKI6dQC_2Zw=&xsec_source=pc_wind_export
https://www.xiaohongshu.com/explore/6800c0fe0000000007035cf4?xsec_token=WBBwUWKI6BcdgJ6PcoEHdCgnCWLC8ZttyShYP4wGph0GY=&xsec_source=pc_wind_export",小白选,其他（合集&礼盒&直播预告）,合集,广告素材,合集款
6801aa95000000000d0140a5,熬夜无痕谁懂！素颜好状态还得靠食补！,https://www.xiaohongshu.com/explore/6801aa95000000000d0140a5?xsec_token=WBB_HmrfZbBx-AcwVLAujvga8xM_ir8GLPqzZPt_4EoZw=&xsec_source=pc_wind_export,,美容养颜,,广告素材,
6800d1d3000000000901558a,30+比25状态还好？疲态脸自救指南来啦~,https://www.xiaohongshu.com/explore/6800d1d3000000000901558a?xsec_token=WBBwUWKI6BcdgJ6PcoEHdCgm9qT-FX9XQq_WFbhdAzIdQ=&xsec_source=pc_wind_export,,熬夜/亚健康,,广告素材,
6800ce01000000000f03bebe,25+职场人的抗班味神器！由内富养是硬道理,https://www.xiaohongshu.com/explore/6800ce01000000000f03bebe?xsec_token=WBBwUWKI6BcdgJ6PcoEHdCgol3iByVoEUL4YKV4BcptFQ=&xsec_source=pc_wind_export,,美容养颜,,广告素材,
6801b680000000000e0074a1,跟着张柏芝打卡食补燕窝，素颜美才是绝杀！,https://www.xiaohongshu.com/explore/6801b680000000000e0074a1?xsec_token=WBB_HmrfZbBx-AcwVLAujvgQUx2X0OUJZV-N2Lv5_j9TI=&xsec_source=pc_wind_export,,美容养颜,,广告素材,
6811e0d2000000002202bc03 ,,,,熬夜/亚健康,,广告素材,
680d8309000000000b017d99,广东夫妇分享美容养颜仙品！鲜炖燕窝值得！,https://www.xiaohongshu.com/explore/680d8309000000000b017d99?xsec_token=WBdJRnB4WM2qUtR4MLpOJA1V0pvyjzHp_wSEJZobxH4LE=&xsec_source=pc_wind_export,,美容养颜,,广告素材,
6811bf9f000000002202b1c4,小仙炖滋补指南 按需选对营养更高效,"https://www.xiaohongshu.com/explore/6811bf9f000000002202b1c4?xsec_token=WBkKYhgRrUKoYrS0olz46osf3aVjj5tzVSkU8GwYYJyMc=&xsec_source=pc_wind_export
https://www.xiaohongshu.com/explore/6811bf9f000000002202b1c4?xsec_token=WBkKYhgRrUKoYrS0olz46oscgIQMoaprHsbRwRboWcgMc=&xsec_source=pc_wind_export",小仙炖,其他（合集&礼盒&直播预告）,,广告素材,合集款
68103770000000002301d7aa,不管！这才是更适合管理期女生的内调,https://www.xiaohongshu.com/explore/68103770000000002301d7aa?xsec_token=WBY5DnD3Wa1_MXZIYybRrfg5d_C_G3c6owgkwoJsw-IRs=&xsec_source=pc_wind_export,,美容养颜,,广告素材,
6842915f0000000022006397,20 +养出千金感冷皮 坚持打卡皮肤真会变乖,https://www.xiaohongshu.com/explore/6842915f0000000022006397?xsec_token=WB-908J2_bCGv0gA_0-r1KXM1VbFGzsrGHVj_FezEQGEY=&xsec_source=pc_wind_export,,美容养颜,,广告素材,
6848e943000000002102e0b6,25+养颜不走弯路！中式滋补由内补出发光肌,https://www.xiaohongshu.com/explore/6848e943000000002102e0b6?xsec_token=WBKkR-JjkjeH23ZW5uEKobpwQqHVMBf7vwh7-R_h7NV4Y=&xsec_source=pc_wind_export,,熬夜/亚健康,,广告素材,
6874ddd10000000023004fb3,,,,孕产滋补,,达人,
68770815000000000b01eff9,,,,美容养颜,,达人,
68775321000000001703184b,,,,美容养颜,,达人,
687777d70000000023004bf3,,,,美容养颜,,达人,
68774b2e000000001002537f,,,,美容养颜,,达人,
6877a04e0000000022030225,打卡28天…从质疑到理解！30+也有妈生好气色！,https://www.xiaohongshu.com/explore/6877a04e0000000022030225?xsec_token=WBORXqhRFuPrWEJdaAmxraIZm8OJnyRtmIEMYVtKMwiYM=&xsec_source=pc_wind_export,,美容养颜,,达人,
68776de30000000012023d2b,,,,孕产滋补,,达人,
6878eaf20000000013013f9f,孕期燕窝怎么选？三胎妈妈在线科普,https://www.xiaohongshu.com/explore/6878eaf20000000013013f9f?xsec_token=WB8r5MS1ueZl7z3DFDaBRWwKOi2ncU17p1lHdFM6TKJIk=&xsec_source=pc_wind_export,,孕产滋补,,达人,
6879c044000000002201cb0f,孕期滋补坦白局??孕期吃燕窝，宝宝高颜值？,https://www.xiaohongshu.com/explore/6879c044000000002201cb0f?xsec_token=WBYv8lqXQvFXrr2TDbcNNfTQCr8yVhtVggzrhRSQejgNM=&xsec_source=pc_wind_export,,孕产滋补,,达人,
687a16a400000000130110e5,过来人说点实话：一胎补对，二胎接着好孕????,https://www.xiaohongshu.com/explore/687a16a400000000130110e5?xsec_token=WB8MEXu36fFpoFt0rhMINnSjfKtXqDC50yeUqVRiJF0vg=&xsec_source=pc_wind_export,,孕产滋补,,达人,
687a14420000000010013b39,一物补两人，二胎孕妈燕窝戒不掉,https://www.xiaohongshu.com/explore/687a14420000000010013b39?xsec_token=WB8MEXu36fFpoFt0rhMINnSnpI3w_NiMJtZ-w_y8nW4Mg=&xsec_source=pc_wind_export,,孕产滋补,,达人,
687df1a30000000012016837,,,,孕产滋补,,达人,
687db1d6000000001201579d,,,,孕产滋补,,达人,
6881e823000000001c030384,明星产后状态惊人的秘诀竟然是它！,https://www.xiaohongshu.com/explore/6881e823000000001c030384?xsec_token=WBuAhAhcgYXWg7dkAPKW8AdOD6wJhULvkPvpqybyCDydU=&xsec_source=pc_wind_export,,孕期滋补,,抖音,
682c4ad0000000000f0325cb,靠吃能养颜？配方师扒燕窝真面目,https://www.xiaohongshu.com/explore/682c4ad0000000000f0325cb?xsec_token=WBuRCtrY3YeNKxY_kuebBLfP6Rwj0iQkOzV5P0VSgP8WQ=&xsec_source=pc_wind_export,,美容养颜,,达人,
6881f08a0000000023005ada,救命！这瓶贵妇级鲜炖燕窝直接封神啦,https://www.xiaohongshu.com/explore/6881f08a0000000023005ada?xsec_token=WBuAhAhcgYXWg7dkAPKW8AdBqNwzTBvI3PGwGoBjlu0sc=&xsec_source=pc_wind_export,,美容养颜,,抖音,
6881ecba000000002001a39d,孕期燕窝你吃对了吗？,https://www.xiaohongshu.com/explore/6881ecba000000002001a39d?xsec_token=WBuAhAhcgYXWg7dkAPKW8AdLtK6lX1WREh6-wdXv2ttKg=&xsec_source=pc_wind_export,,孕期滋补,,抖音,
687f3880000000001203d1f1,,,,场景种草-孕产-软植,,达人,
687f2ace00000000230071d7,,,,孕产-随手po,,达人,
6880ee940000000012032a27,,,,孕产-随手po,,达人,
687f6bb90000000010011cbd,,,,场景种草-孕产-直推,,达人,
687e2d970000000012014bd2,,,,场景种草-美颜-软植,,达人,
688061d8000000002400ef42,,,,场景种草-孕产-软植,,达人,
6880c05c0000000022030fc7,,,,场景种草-美颜-直推,,达人,
6883662b0000000020019362,,,,场景种草-美颜-直推,,达人,
6880c035000000001202f765,,,,孕产-随手po,,达人,
687f4212000000000d025e23,,,,孕产-随手po,,达人,
68844b0200000000170329d1,,,,孕产-随手po,,达人,
688450bc00000000110036fc,,,,孕产-随手po,,达人,
688477f9000000001d00e3f3,,,,孕产-随手po,,达人,
6885d17a000000000b02ca0a,,,,场景种草-美颜-直推,,达人,
6886ccb3000000000b02ff24,,,,场景种草-孕产-直推,,达人,
68885c64000000000200083c,,,,品类科普-孕产-怎么吃,,达人,
688754de000000001703628e,,,,孕产-随手po,,达人,
688c530c0000000004006f5f,,,,场景种草-孕产-直推,,达人,
688d9096000000002302da44,,,,场景种草-孕产-直推,,达人,
6892f7a80000000022039fc6,,,,场景种草-美颜-打卡,,达人,
68957665000000002500c535,,,,场景种草-孕产-直推,,达人,
6895a0b20000000023035a68,,,,场景种草-孕产-直推,,达人,
6895adbf000000000403e541,,,,场景种草-孕产-直推,,达人,
68958aa30000000023024963,孕早期营养别补错！吃燕窝生出俏皮圆宝,https://www.xiaohongshu.com/explore/68958aa30000000023024963?xsec_token=WBOOB0ME6odH8MT2P85EYEv1DkXY78cxVIvqgZOKZ6qwk=&xsec_source=pc_wind_export,,场景种草-孕产-直推,,达人,
6895d1cc000000000403ffbf,,,,场景种草-美颜-打卡,,达人,
689aed27000000001b01d131,,,,场景种草-孕产-直推,,达人,
689ad1b50000000005009ea1,,,,场景种草-孕产-直推,,达人,
689d420d000000001d01d5c0,,,,品类科普-孕产-必要性,,达人,
689daa5e000000001d00a146,,,,场景种草-美颜-软植,,达人,
689ee14f000000001c0369e9,,,,场景种草-美颜-伪合集,,达人,
689f08a9000000001c013908,,,,场景种草-孕产-直推,,达人,
685a76440000000023006bb0,孕期燕窝怎么吃??分阶段营养搭配攻略?,https://www.xiaohongshu.com/explore/685a76440000000023006bb0?xsec_token=WBpKFv4dstNml-qJLaGTmAIx17Yzbj5de6kVRmibTmFRw=&xsec_source=pc_wind_export,,孕产,,官号,
68478d15000000002102e0a5,二胎妈妈经验，全孕期营养好搭子就选小仙炖,"https://www.xiaohongshu.com/explore/68478d15000000002102e0a5?xsec_token=WBJZ0hd0H5ShfMXNdcf0o_C1U4Pra32xl8fwB4h-mj8Os=&xsec_source=pc_wind_export
https://www.xiaohongshu.com/explore/68478d15000000002102e0a5?xsec_token=WBJZ0hd0H5ShfMXNdcf0o_C1z9pY8gfNKdOSwDflAM96s=&xsec_source=pc_wind_export",二胎妈妈经验,孕产,,官号,合集款
689058310000000023035fe8,一物补两人，二胎孕妈燕窝戒不掉,https://www.xiaohongshu.com/explore/689058310000000023035fe8?xsec_token=WBUGlRmCIm_liHPLK_48GLaWhfXowKtpw5vHQe1nkcR2g=&xsec_source=pc_wind_export,,孕产,,官号,
688872cd000000002302c70d,产后复盘！孕期怎么补才能养出伶俐灵动娃？,https://www.xiaohongshu.com/explore/688872cd000000002302c70d?xsec_token=WBq_1lgeBTIdvb0T1Efi3CnCMKKx158Ng0CvN17_5-Ekw=&xsec_source=pc_wind_export,,孕产,,官号,
6880a2a3000000002201d7a2,孕期滋补坦白局| 孕期吃燕窝，宝宝高颜值？,https://www.xiaohongshu.com/explore/6880a2a3000000002201d7a2?xsec_token=WB6f01hQuMJ6lnssVPQKIz_juggJFLkaR0ZuIgRK3Q5Bw=&xsec_source=pc_wind_export,,孕产,,官号,
686504c60000000023004de3,高端变美局！一篇教会你小仙炖怎么选！,https://www.xiaohongshu.com/explore/686504c60000000023004de3?xsec_token=WBdEuPFQnHM9VnxoJyh47uKaljQUBGb96Gx68YfSN5ufo=&xsec_source=pc_wind_export,,美容养颜,,官号,
68ad46e5000000001c00e807,中秋正式见家长??给未来婆婆送一份贴心礼,https://www.xiaohongshu.com/explore/68ad46e5000000001c00e807?xsec_token=WB-JxyuPhuAe5beSS64mX0NBAyIi_jeqLcNLUN_d-X1ns=&xsec_source=pc_wind_export,,中秋送礼,,官号,
68c15708000000001b03c3c0,中秋见家长胜局已定！送对礼拿捏准婆婆的心！,https://www.xiaohongshu.com/explore/68c15708000000001b03c3c0?xsec_token=WBJ3BKfu3Zi3D4vabDZPtiynLCuiOvD-9mV_QwShccTvM=&xsec_source=pc_wind_export,,中秋送礼,,官号,
68bfe8e0000000001b034ec7,送出诚意的中秋见面礼 男友轻松拿捏准岳母,https://www.xiaohongshu.com/explore/68bfe8e0000000001b034ec7?xsec_token=WBZ7Eb6G44pK3rsKCuE4-OQnLGQiyfmvfF0uMX6xI4ZwY=&xsec_source=pc_wind_export,,中秋送礼,,官号,
68baa5cb000000001b023b5a,创业人送礼指南：如何把客户处成“贵人”,https://www.xiaohongshu.com/explore/68baa5cb000000001b023b5a?xsec_token=WBPEpOBpVp0H6MbPTIvMR16bKCFQI1xTfYZPI3gP_R_68=&xsec_source=pc_wind_export,,中秋送礼,,官号,
68b7ce89000000001c01119c,中秋送礼??不到千元但超显贵的商务好礼,https://www.xiaohongshu.com/explore/68b7ce89000000001c01119c?xsec_token=WB0G-vm1QOQjizghafl--iVNUuWLLbbhE_3o0bExBJ8Zc=&xsec_source=pc_wind_export,,中秋送礼,,官号,
68b7bc22000000001b03ce54,第一次带男友见妈妈，中秋礼选什么！,https://www.xiaohongshu.com/explore/68b7bc22000000001b03ce54?xsec_token=WB0G-vm1QOQjizghafl--iVGvkbdADDJWapdzsCjhBBKc=&xsec_source=pc_wind_export,,中秋送礼,,官号,
68b6c394000000001b03069c,37岁跨国女老板的高阶送礼小讲究,https://www.xiaohongshu.com/explore/68b6c394000000001b03069c?xsec_token=WB8dbdhVoL3DE3mlOO5t2lg_JEwIxQRRrf5tGP5sMDrn8=&xsec_source=pc_wind_export,,中秋送礼,,官号,
68afc7cd000000001b030095,30+工作小有所成｜中秋送妈妈的心意礼,https://www.xiaohongshu.com/explore/68afc7cd000000001b030095?xsec_token=WBiMHHTyqn3d-x4sCP7FliEvhPGpOIa6wDf5iw0v9Mpx8=&xsec_source=pc_wind_export,,中秋送礼,,官号,
68aed6ce000000001b0378a5,中秋送礼高阶秘诀：诚意+记忆点都得有,https://www.xiaohongshu.com/explore/68aed6ce000000001b0378a5?xsec_token=WBfl0eHDCKQK5PoylVf5Y8J3mIE8Pj3PwVhfnOwdf68oc=&xsec_source=pc_wind_export,,中秋送礼,,官号,
68aed5d1000000001c00e014,女生第一次见家长??中秋送它体面又走心,https://www.xiaohongshu.com/explore/68aed5d1000000001c00e014?xsec_token=WBfl0eHDCKQK5PoylVf5Y8J804M5ejGWTADwFeHx8Utio=&xsec_source=pc_wind_export,,中秋送礼,,官号,
68b02449000000001b0313fc,中秋非遗缂丝礼盒｜以千年技艺，敬团圆时光,https://www.xiaohongshu.com/explore/68b02449000000001b0313fc?xsec_token=WB7ZDAoRdzgk1A6L_kaF1LW0757nPIrV6-BrXX2Dw0O6M=&xsec_source=pc_wind_export,,中秋送礼,,官号,
68aece46000000001b02218d,小仙炖月满安康中秋礼盒??滋养团圆每一刻,https://www.xiaohongshu.com/explore/68aece46000000001b02218d?xsec_token=WBfl0eHDCKQK5PoylVf5Y8J9VbWpbK0-9zJpPEuXiPEoM=&xsec_source=pc_wind_export,,中秋送礼,,官号,
68ae6f73000000001b0352d1,中秋商务送礼推荐｜把钱花到点子上收获贵人,https://www.xiaohongshu.com/explore/68ae6f73000000001b0352d1?xsec_token=WBfl0eHDCKQK5PoylVf5Y8J1w-Ryu9qBEV4WbSPD6EFsY=&xsec_source=pc_wind_export,,中秋送礼,,官号,
68b3f0d6000000001d0253eb,8年儿媳教你送礼｜中秋第一次见准婆婆送什么,https://www.xiaohongshu.com/explore/68b3f0d6000000001d0253eb?xsec_token=WBG7xHTnI_17W6LQCiCXzU6-IH7Q8DvpK59y6GW701XN8=&xsec_source=pc_wind_export,,中秋送礼,,达人,
68b2f213000000001d010ca7,中秋见家长！帮男友选对礼物拿捏准丈母娘！,https://www.xiaohongshu.com/explore/68b2f213000000001d010ca7?xsec_token=WBPFPvfSipG_9aXDNAbk4WkYADIxf1N7TG6LqeEZ90XZI=&xsec_source=pc_wind_export,,中秋送礼,,达人,
68ad8a64000000001c010c61,显贵又贴心的商务中秋好礼怎么选？看这篇！,https://www.xiaohongshu.com/explore/68ad8a64000000001c010c61?xsec_token=WB-JxyuPhuAe5beSS64mX0NMKfdrBEfs1Qb4lXpanINKY=&xsec_source=pc_wind_export,,中秋送礼,,达人,
68aac7d4000000001d0395cf,送给妈妈篇｜一份有温度的中秋贴心好礼,https://www.xiaohongshu.com/explore/68aac7d4000000001d0395cf?xsec_token=WBeHAypoMVIhtWuDYanakf5B6j3BDG_7fO5cAHfIYIdmI=&xsec_source=pc_wind_export,,中秋送礼,,达人,
68abd69e000000001c03ce48,准儿媳中秋见家长！婆婆收到狂夸的走心礼！,https://www.xiaohongshu.com/explore/68abd69e000000001c03ce48?xsec_token=WBfI_zxfWvyIfgwF1eRnklihpiGAPOaDixVbwwvP9UGR4=&xsec_source=pc_wind_export,,中秋送礼,,达人,
68aec1e8000000001c0084f1,送礼新思路 | 港女中秋回家给妈妈带什么,https://www.xiaohongshu.com/explore/68aec1e8000000001c0084f1?xsec_token=WBfl0eHDCKQK5PoylVf5Y8J68rDQenRBZDEx6_clI24oc=&xsec_source=pc_wind_export,,中秋送礼,,达人,
68aff18d000000001d01c307,中秋送礼攻略??把健康体面送进妈妈心坎里?,https://www.xiaohongshu.com/explore/68aff18d000000001d01c307?xsec_token=WBiMHHTyqn3d-x4sCP7FliEmScoV8OX1dTDtWqEJ4lU5I=&xsec_source=pc_wind_export,,中秋送礼,,达人,
68b179ca000000001d00f36e,聪明女生中秋见家长??被婆婆塞特大红包,https://www.xiaohongshu.com/explore/68b179ca000000001d00f36e?xsec_token=WBQLPMqAghgG4Ux1u1_6csvg4ehOWlELvIQMoLfUXOoCk=&xsec_source=pc_wind_export,,中秋送礼,,达人,
68b01904000000001b0217cc,中秋送妈妈，同等预算送到她心坎上！,https://www.xiaohongshu.com/explore/68b01904000000001b0217cc?xsec_token=WB7ZDAoRdzgk1A6L_kaF1LWxcxsXMs81irQnsXl9BVD3A=&xsec_source=pc_wind_export,,中秋送礼,,达人,
68b18792000000001b01caf9,中秋商务送礼推荐·小预算但高级感拉满,https://www.xiaohongshu.com/explore/68b18792000000001b01caf9?xsec_token=WBQLPMqAghgG4Ux1u1_6csvnkRuj0pk9R6uqMAtdunhUw=&xsec_source=pc_wind_export,,中秋送礼,,达人,
68be86c4000000001d0158e3,燕窝内调打卡！逆袭少女发光肌！,https://www.xiaohongshu.com/explore/68be86c4000000001d0158e3?xsec_token=WB34J6lTCR6aCDjJMMfhOCMaQ7mfMY2Scsm67pw0iC3-M=&xsec_source=pc_wind_export,,美容养颜,,达人,
689982bd0000000023035472,孕期燕窝这样吃，糯米团子轻松get,"https://www.xiaohongshu.com/explore/689982bd0000000023035472?xsec_token=WB3A7XkZuSXNYmCbrGKJVhk-ieuDU_owq7AQ7Kg5nXjv4=&xsec_source=pc_wind_export
https://www.xiaohongshu.com/explore/689982bd0000000023035472?xsec_token=WB3A7XkZuSXNYmCbrGKJVhk1KTbfnwqXJ_eG6ix5zzIN0=&xsec_source=pc_wind_export",糯米团子,孕期滋补,,官号,星光款
68b53a6b000000001c011162,十年育婴师经验，孕期吃燕窝到底有用吗？,https://www.xiaohongshu.com/explore/68b53a6b000000001c011162?xsec_token=WBdPkIQ2i769vleeFkL6OY2YR2H_l4LHtuG4bWY7sQQfE=&xsec_source=pc_wind_export,,孕期滋补,,官号,
68c3e46e000000001c009c26,中秋献礼 | 送照佛过你的月光一份健康圆满,https://www.xiaohongshu.com/explore/68c3e46e000000001c009c26?xsec_token=WBzeeMnl9TCp2oxsb0TCE0r4e-LWXkTHh_ZHeJx6BwghM=&xsec_source=pc_wind_export,,中秋送礼,,官号,
6874ca94000000002400e10e,过来人告诉你，孕期燕窝有没有必要吃,https://www.xiaohongshu.com/explore/6874ca94000000002400e10e?xsec_token=WBz4AVXEBwm3-Z5MfH9zr19vPLhC6kbqXSuWNlmPZHs7w=&xsec_source=pc_wind_export,,孕期滋补,,官号,
664708c70000000015012711,,,,孕期滋补,,日弘,
66470ad7000000001303d613,,,,美容养颜,,日弘,
664af43a00000000150096b7,,,,美容养颜,,日弘,
664b13b0000000001303dbc3,春夏养身正当时！食补燕窝开启焕新滋养,https://www.xiaohongshu.com/explore/664b13b0000000001303dbc3?xsec_token=WBR5DXPO8eRxSnt-eTgAKSulD_QfgvZdzo9o53npvB9nI=&xsec_source=pc_wind_export,,熬夜/亚健康,,日弘,
664d9614000000000c0186ae,,,,美容养颜,,日弘,
664d9b7f00000000150116d7,,,,美容养颜,,日弘,
664eff07000000000c018274,全家好评！双十一必囤的仙品鲜炖燕窝！,https://www.xiaohongshu.com/explore/664eff07000000000c018274?xsec_token=WBxqNOTKmM451e1GuY06-BapvKkFuVKdIRJl3TPW1X6LI=&xsec_source=pc_wind_export,,美容养颜,,日弘,
6650588b000000000f00c34a,,,,美容养颜,,日弘,
6656c064000000000c0185a9,,,,美容养颜,,日弘,
66593bd8000000001500b2ba,,,,美容养颜,,日弘,
666023b7000000000f00cf06,,,,熬夜/亚健康,,日弘,
66605b74000000001303fba7,,,,熬夜/亚健康,,日弘,
666157030000000015009a4d,,,,美容养颜,,日弘,
66615b99000000001303ecfb,,,,其他（合集&礼盒&直播预告）,,日弘,
6662a85f000000001500a855,对燕窝悟了！原来孕期可以美貌养娃一个不落,https://www.xiaohongshu.com/explore/6662a85f000000001500a855?xsec_token=WBBHIcrtF5lMluRUrp_MHMdyYRsqQKiR7jXCT2cG8icJw=&xsec_source=pc_wind_export,,孕期滋补,,日弘,
666aafb5000000001c021d93,,,,孕期滋补,,日弘,
666abcf2000000001c035d11,,,,其他（合集&礼盒&直播预告）,,日弘,
666ac101000000001c029cb5,,,,美容养颜,,日弘,
666c279e000000001c023122,,,,美容养颜,,日弘,
6673f083000000001d01b2e6,女明星保养秘诀，难怪她们气色状态那么好！,"https://www.xiaohongshu.com/explore/6673f083000000001d01b2e6?xsec_token=WB6d7lN0gPC8Wcl73bpE7do6yI7gBdNKU4d3ZjiQb14Bs=&xsec_source=pc_wind_export
https://www.xiaohongshu.com/explore/6673f083000000001d01b2e6?xsec_token=WB6d7lN0gPC8Wcl73bpE7do0x6nCSs_92Tm-Tzrzz0rmc=&xsec_source=pc_wind_export",,美容养颜,,日弘,
667e724a000000001c02bb6a,,,,孕期滋补,,日弘,
668668ae000000000d00c4dc,,,,美容养颜,,日弘,
66878c910000000003026911,哪个孕妈错过活动真的会哭??,"https://www.xiaohongshu.com/explore/66878c910000000003026911?xsec_token=WB6li8XWF4zweShXECNZA8xiBwPBnr_PKqOKzgm19h66E=&xsec_source=pc_wind_export
https://www.xiaohongshu.com/explore/66878c910000000003026911?xsec_token=WB6li8XWF4zweShXECNZA8xoqDpCNqFw6EJwE0TmcdDZw=&xsec_source=pc_wind_export",,孕期滋补,,日弘,
668e2f91000000000a00664c,,,,美容养颜,,日弘,
668e01450000000005004bc0,,,,美容养颜,,日弘,
668f9574000000000a02456a,,,,美容养颜,,日弘,
668f9266000000000302444c,,,,美容养颜,,日弘,
6690a50a000000000d00c8ac,,,,孕期滋补,,日弘,
6697736f000000000d00e7e0,,,,熬夜/亚健康,,日弘,
6697943a000000000a004d02,溯源工厂 | 好工艺造就更好燕窝,https://www.xiaohongshu.com/explore/6697943a000000000a004d02?xsec_token=WBcpgJmX4yb7tIs8j_iLPhWWe0PFJYZkq2GYuDKgOfjv0=&xsec_source=pc_wind_export,,美容养颜,,日弘,
669a231b000000000d00ce52,滋补领先10年！美丽女人都在食补燕窝保养,https://www.xiaohongshu.com/explore/669a231b000000000d00ce52?xsec_token=WBdwNtqzzPjhQKSd1vbMSUyVNohLkmWmMHs-bDWNekXFc=&xsec_source=pc_wind_export,,美容养颜,,日弘,
669a357e000000000302610c,肌肤食补的奇迹?揭秘美肌新秘?方,"https://www.xiaohongshu.com/explore/669a357e000000000302610c?xsec_token=WBdwNtqzzPjhQKSd1vbMSUyQ1zSX9xr6G2Awqo8asohNQ=&xsec_source=pc_wind_export
https://www.xiaohongshu.com/explore/669a357e000000000302610c?xsec_token=WBdwNtqzzPjhQKSd1vbMSUyf27hAXm27AAU6omPVJdIWM=&xsec_source=pc_wind_export",,美容养颜,,日弘,
669dd6220000000003027364,,,,其他（合集&礼盒&直播预告）,,日弘,
66a095dd00000000050048a1,,,,美容养颜,,日弘,
66a1e7b1000000000a026f8f,孕期0焦虑！选对内调滋补，好状态一步到位~,"https://www.xiaohongshu.com/explore/66a1e7b1000000000a026f8f?xsec_token=WB6Qwjt9tYMtZfjUC1kwOFSUkFwRJWbjCIYG2ETBMjRt0=&xsec_source=pc_wind_export
https://www.xiaohongshu.com/explore/66a1e7b1000000000a026f8f?xsec_token=WB6Qwjt9tYMtZfjUC1kwOFSalVF_jeMBvPvsMEQgCrNOA=&xsec_source=pc_wind_export",,孕期滋补,,日弘,
66a20881000000000a02763d,七夕倒计时，提前收到了爱的专属礼！,https://www.xiaohongshu.com/explore/66a20881000000000a02763d?xsec_token=WBkcOvxRDVhxx2AqEtumxOeXiC-9xwv19Y5gpfd3T8_sg=&xsec_source=pc_wind_export,,其他（合集&礼盒&直播预告）,,日弘,
66a22166000000000a027d59,,,,其他（合集&礼盒&直播预告）,,日弘,
66a33f010000000005033c1d,,,,美容养颜,,日弘,
66a98dfa000000000901418b,,,,孕期滋补,,日弘,
66a9e9080000000009016936,拒绝智商税！把钱花在刀刃上的孕后食补,https://www.xiaohongshu.com/explore/66a9e9080000000009016936?xsec_token=WB0Z7TKua54uDIjJ42-I3cCvu1AkP51P3_uzBR8IAYUbQ=&xsec_source=pc_wind_export,,孕期滋补,,日弘,
66b335a700000000050312dd,友宝女集合！七夕送闺蜜就送它！,https://www.xiaohongshu.com/explore/66b335a700000000050312dd?xsec_token=WBI81hRQzb_oGbKqS7EJwWKu6pbaQyALOT1jsFb2lKXU4=&xsec_source=pc_wind_export,,其他（合集&礼盒&直播预告）,,日弘,
66b420360000000005032882,,,,孕期滋补,,日弘,
66b41e910000000009014e8f,,,,美容养颜,,日弘,
66b49975000000000d0306ef,孕期养出好气色的秘?，内服滋补才是王道,https://www.xiaohongshu.com/explore/66b49975000000000d0306ef?xsec_token=WBao8CviKtw01kaqPxZ0VGSbn0OC1IcY4v7TR9k9keG-A=&xsec_source=pc_wind_export,,孕期滋补,,日弘,
66b492e3000000000d032959,,,,熬夜/亚健康,,日弘,
66baf6bb00000000050213fe,,,,美容养颜,,日弘,
66bc5676000000000503bba8,少女肌吃出来～内调滋养真赢麻了！,https://www.xiaohongshu.com/explore/66bc5676000000000503bba8?xsec_token=WBeMQAMB7tmOja7yTNPvevyh0A1kKYoQMGPsgzkyKD5pQ=&xsec_source=pc_wind_export,,美容养颜,,日弘,
66bdd40000000000050399e2,孕期食补大法！好气色藏不住！,https://www.xiaohongshu.com/explore/66bdd40000000000050399e2?xsec_token=WBgdKvKBgCm7BdNFv6YCXTElCvtEBuWwjuQsiIEQcMaGM=&xsec_source=pc_wind_export,,孕期滋补,,日弘,
66c2b45500000000050206f0,中秋送礼还得看中式滋补！复古大气还健康！,https://www.xiaohongshu.com/explore/66c2b45500000000050206f0?xsec_token=WBGiY9mzNnGl5HfRsNBQm56T5NfcfFn4JMflKiANzVmwg=&xsec_source=pc_wind_export,,其他（合集&礼盒&直播预告）,,日弘,
66c5bff4000000001f0144e0,这一瓶击退班味真神了...不愧是章子怡同款,https://www.xiaohongshu.com/explore/66c5bff4000000001f0144e0?xsec_token=WBDkt1hjb2yKBGAV6pDkPmTpQghPw1yLwCi1eanY78nLI=&xsec_source=pc_wind_export,,熬夜/亚健康,,日弘,
66c5c536000000001f0145b7,奔三养生局，把自己 重新“富养”一遍,"https://www.xiaohongshu.com/explore/66c5c536000000001f0145b7?xsec_token=WBDkt1hjb2yKBGAV6pDkPmTkdCJdxBKPWUf-lDpfUAvEE=&xsec_source=pc_wind_export
https://www.xiaohongshu.com/explore/66c5c536000000001f0145b7?xsec_token=WBDkt1hjb2yKBGAV6pDkPmTpmyLiW1lvQXq6uITq_ZYvo=&xsec_source=pc_wind_export",,美容养颜,,日弘,
66c7da99000000001f01f769,孕期也是精致准妈妈，燕窝真的不是智商税！,https://www.xiaohongshu.com/explore/66c7da99000000001f01f769?xsec_token=WBgwAI4-Zj7Plu-MQCcr-JmkxK2D3OcMiLQnD92NlUMrc=&xsec_source=pc_wind_export,,孕期滋补,,日弘,
66c84741000000001f03b84a,中秋礼物别只会送月饼啦！滋补健康送家人！,"https://www.xiaohongshu.com/explore/66c84741000000001f03b84a?xsec_token=WB-3vX5r73OdYlXi5bFOViMwgaNNxe08TaJPpv-uUsKDI=&xsec_source=pc_wind_export
https://www.xiaohongshu.com/explore/66c84741000000001f03b84a?xsec_token=WB-3vX5r73OdYlXi5bFOViM2zeY7ArViNYtLIW9FGCAb8=&xsec_source=pc_wind_export",送家人,其他（合集&礼盒&直播预告）,,日弘,中秋礼盒
66ced14a000000001f03d407,孕期滋补燕窝选的对?妈妈和宝宝都好,"https://www.xiaohongshu.com/explore/66ced14a000000001f03d407?xsec_token=WBcKlDNUksgL1Z_9p51BHEPgwT0HEE1a-W0ok8YYe6oPE=&xsec_source=pc_wind_export
https://www.xiaohongshu.com/explore/66ced14a000000001f03d407?xsec_token=WBcKlDNUksgL1Z_9p51BHEPr5Z45nPBO0DdjI0vImeZ5Q=&xsec_source=pc_wind_export",真的太,孕期滋补,,日弘,星光款
66d010b9000000001f03e33c,中秋高情商送礼指南！??被长辈夸一整年,https://www.xiaohongshu.com/explore/66d010b9000000001f03e33c?xsec_token=WBeap9cjgUCbYNmd1GFQhccczxEeXVgFm_WJ59hGigwhM=&xsec_source=pc_wind_export,,其他（合集&礼盒&直播预告）,,日弘,
66d04beb000000001f01d034,变美靠养生！内调滋补才是yyds！,https://www.xiaohongshu.com/explore/66d04beb000000001f01d034?xsec_token=WBeap9cjgUCbYNmd1GFQhccaf_RS3p3ZLFPwecWQLvfG0=&xsec_source=pc_wind_export,,美容养颜,,日弘,
66d138eb000000001f0399be,中秋千万别送它！不然会被长辈领导爆夸??,"https://www.xiaohongshu.com/explore/66d138eb000000001f0399be?xsec_token=WBvq9v6rQvmdjx7f83hTkvqMhT4ASmTKSR4MMbmFE0lII=&xsec_source=pc_wind_export
https://www.xiaohongshu.com/explore/66d138eb000000001f0399be?xsec_token=WBvq9v6rQvmdjx7f83hTkvqKuBVRyvF2apcye7bFh1Q3o=&xsec_source=pc_wind_export",,其他（合集&礼盒&直播预告）,,日弘,
66d1bfcb000000001f01c727,,,,其他（合集&礼盒&直播预告）,,日弘,
66d7d5b7000000001f01c754,职场高阶送礼指南！有心意更有新意！,https://www.xiaohongshu.com/explore/66d7d5b7000000001f01c754?xsec_token=WBzlA6lxS4zwk410dLHpbh_3Gd7uRrH0n4-fvKoBbB6WA=&xsec_source=pc_wind_export,,其他（合集&礼盒&直播预告）,,日弘,
66d81f66000000001f015331,中秋别送月饼啦|小仙炖帮你坐稳长辈心尖尖,"https://www.xiaohongshu.com/explore/66d81f66000000001f015331?xsec_token=WBr7Z5_RytP5Ic3GmJs7y8dFkXg-LwqGXmKhQjwHgtvOk=&xsec_source=pc_wind_export
https://www.xiaohongshu.com/explore/66d81f66000000001f015331?xsec_token=WBr7Z5_RytP5Ic3GmJs7y8dO9troIAc2CSyh1S8PzzPD8=&xsec_source=pc_wind_export",送长辈,其他（合集&礼盒&直播预告）,,日弘,中秋礼盒
66d81c1e000000001f03e4dc,送到长辈心坎上??中秋送它真的体面又走心,https://www.xiaohongshu.com/explore/66d81c1e000000001f03e4dc?xsec_token=WBr7Z5_RytP5Ic3GmJs7y8dAZUxCMoOdEZfDYDi1hh2Qc=&xsec_source=pc_wind_export,,其他（合集&礼盒&直播预告）,,日弘,
66d81cd9000000001f03ed0c,中秋健康礼??就选小仙炖！直播间百元拿下,https://www.xiaohongshu.com/explore/66d81cd9000000001f03ed0c?xsec_token=WBr7Z5_RytP5Ic3GmJs7y8dAxudwVQEXJIlWkVqX7meZ4=&xsec_source=pc_wind_export,,其他（合集&礼盒&直播预告）,,日弘,
66d95d22000000002603ddd6,孕妈必看??孕期补什么?有它足够了??,"https://www.xiaohongshu.com/explore/66d95d22000000002603ddd6?xsec_token=WBLkTipiH-lANsVCSL-e0-OWFqzdzoqXOFdokp0FZ5P-Q=&xsec_source=pc_wind_export
https://www.xiaohongshu.com/explore/66d95d22000000002603ddd6?xsec_token=WBLkTipiH-lANsVCSL-e0-OcuKM5o14zo9M3y0N00i7Vs=&xsec_source=pc_wind_export",孕妈必,孕期滋补,,日弘,星光款
66da9819000000002603eb02,直击心头的高端健康礼！被妈妈狂夸~,https://www.xiaohongshu.com/explore/66da9819000000002603eb02?xsec_token=WBTxCfHOoVBglVUoCn73ce_Gy6upbCKYX_fhd267jrgdo=&xsec_source=pc_wind_export,直击心,其他（合集&礼盒&直播预告）,,日弘,中秋礼盒
66e16a4c00000000250306ff,相见恨晚！我愿称它为中秋礼盒天花板！,https://www.xiaohongshu.com/explore/66e16a4c00000000250306ff?xsec_token=WB1leMNy4ICdGa_IchN80uuucRFCTpivQGwHxuZtyPpqM=&xsec_source=pc_wind_export,,其他（合集&礼盒&直播预告）,,日弘,
66e284b900000000270034f1,就这么水灵灵的拿回家...被爸妈猛夸！,"https://www.xiaohongshu.com/explore/66e284b900000000270034f1?xsec_token=WBC4RKu_PbF_N79h0Qlcc7q5RxZZYIpY0ilkvGaDAQ69E=&xsec_source=pc_wind_export
https://www.xiaohongshu.com/explore/66e284b900000000270034f1?xsec_token=WBC4RKu_PbF_N79h0Qlcc7q42HsiTt4eAXhw8eHXAwYZA=&xsec_source=pc_wind_export",,其他（合集&礼盒&直播预告）,,日弘,
66e2b8570000000026032ed2,跟着女明星学保养！找回素颜好状态~,https://www.xiaohongshu.com/explore/66e2b8570000000026032ed2?xsec_token=WBC4RKu_PbF_N79h0Qlcc7q1QUJ8V5jyyBcCPchwOz-Gc=&xsec_source=pc_wind_export,,美容养颜,,日弘,
66e2c4e50000000027002c54,,,,其他（合集&礼盒&直播预告）,,日弘,
66e53fa10000000027007212,燕窝滋补百元起！跟着王艳吃出好气色~,https://www.xiaohongshu.com/explore/66e53fa10000000027007212?xsec_token=WBesEijE0k3YnDc_Xbl2pRnbcQDfR4RsbTVIXOFKw7YgU=&xsec_source=pc_wind_export,,美容养颜,,日弘,
66e54b8d0000000027006e71,滋补黄金期！还得是中式食补！,https://www.xiaohongshu.com/explore/66e54b8d0000000027006e71?xsec_token=WBesEijE0k3YnDc_Xbl2pRncpL1Zr9f3XhKX4OlEI4xRA=&xsec_source=pc_wind_export,,熬夜/亚健康,,日弘,
66e5616e0000000027001def,宝妈坚持吃燕窝的后果……,"https://www.xiaohongshu.com/explore/66e5616e0000000027001def?xsec_token=WBesEijE0k3YnDc_Xbl2pRnclUzCJoR3WDPJSyLhcFVs0=&xsec_source=pc_wind_export
https://www.xiaohongshu.com/explore/66e5616e0000000027001def?xsec_token=WBesEijE0k3YnDc_Xbl2pRnZlb3al3UhcjGXeYhF9LXFc=&xsec_source=pc_wind_export",,孕期滋补,,日弘,
66ed3ec900000000250320de,创始人滋补小课堂！燕窝营养大公开！,https://www.xiaohongshu.com/explore/66ed3ec900000000250320de?xsec_token=WBwwmm8DcIGv--8F2mvDJfZ3hVKyiB95SieT67ABLNqlM=&xsec_source=pc_wind_export,,其他（合集&礼盒&直播预告）,,日弘,
66ed49d70000000027003b17,女明星孕期必备！小仙炖究竟有什么魅力？,https://www.xiaohongshu.com/explore/66ed49d70000000027003b17?xsec_token=WBwwmm8DcIGv--8F2mvDJfZxvOnduDFge4GXjJ7WgTLlo=&xsec_source=pc_wind_export,,孕期滋补,,日弘,
66f0d3250000000026033477,气色滋养好物！没人比小仙炖更懂女生！,"https://www.xiaohongshu.com/explore/66f0d3250000000026033477?xsec_token=WB5zuRZX6pbFVwEv7Mh9W79FKdmraDzEtA-tev5D6UWHo=&xsec_source=pc_wind_export
https://www.xiaohongshu.com/explore/66f0d3250000000026033477?xsec_token=WB5zuRZX6pbFVwEv7Mh9W79KPy2crcXdHZuiV5XedTENc=&xsec_source=pc_wind_export",,美容养颜,,日弘,
66f291d9000000002a0349d4,女明星传你保养秘籍！漂亮女生的固定消费！,https://www.xiaohongshu.com/explore/66f291d9000000002a0349d4?xsec_token=WB1JB6nycg7A9bKPUx7PAAczB2cPYp7VPMaBRpE8-y-5U=&xsec_source=pc_wind_export,,美容养颜,,日弘,
66f52987000000002c02da51,拒绝变美智商税！解锁中式变美的秘?,https://www.xiaohongshu.com/explore/66f52987000000002c02da51?xsec_token=WBraN0MJIkGNpAhbH8pliadPj0mHfEg3CKbq8rg5ZzNJ0=&xsec_source=pc_wind_export,,美容养颜,,日弘,
66f60100000000002c0151dc,抓住秋季滋补黄金期！孕期宝妈同补更省心,https://www.xiaohongshu.com/explore/66f60100000000002c0151dc?xsec_token=WBIoBRPS4EOH4iUg2oi4VyuuEedUSPigLuALLLb2PDZuw=&xsec_source=pc_wind_export,,孕期滋补,,日弘,
66f531c5000000002c016848,从女明星那里“偷学”到红润光泽的妙招,https://www.xiaohongshu.com/explore/66f531c5000000002c016848?xsec_token=WBraN0MJIkGNpAhbH8pliadF3wzEPW_cXIrN0ijQS21pI=&xsec_source=pc_wind_export,,美容养颜,,日弘,
66f52806000000002c02c797,“鲜炖燕窝”智商税？那是你不会挑！,"https://www.xiaohongshu.com/explore/66f52806000000002c02c797?xsec_token=WBraN0MJIkGNpAhbH8pliadB4hA-REFhOunapJJuFjhuI=&xsec_source=pc_wind_export
https://www.xiaohongshu.com/explore/66f52806000000002c02c797?xsec_token=WBraN0MJIkGNpAhbH8pliadF3w-IGK4rxfv8BG57-OZrY=&xsec_source=pc_wind_export",,其他（合集&礼盒&直播预告）,,日弘,
66f9214c000000002a03297f,中式变美大法？食补内调终于悟了！,"https://www.xiaohongshu.com/explore/66f9214c000000002a03297f?xsec_token=WBExytXbw5M5ix78VkoUunBQ4oUeHpjpMux2M0HKf5ppU=&xsec_source=pc_wind_export
https://www.xiaohongshu.com/explore/66f9214c000000002a03297f?xsec_token=WBExytXbw5M5ix78VkoUunBUvbU2CMzWrzAhp56EQ0jD8=&xsec_source=pc_wind_export",,美容养颜,,日弘,
66f9267c000000002a034b92,女明星原来这样滋补的！桃花肌此刻具象化！,https://www.xiaohongshu.com/explore/66f9267c000000002a034b92?xsec_token=WBExytXbw5M5ix78VkoUunBQh6ABWYwvO3-Gq_DV7OSqw=&xsec_source=pc_wind_export,,美容养颜,,日弘,
66fa4c5c000000002c015028,国庆假期宠粉不停！直播间燕窝面膜免费送！,https://www.xiaohongshu.com/explore/66fa4c5c000000002c015028?xsec_token=WBoIPX0uUsMzmb9IhKK2gXly81N4MLlij0QxM_FkMoUNU=&xsec_source=pc_wind_export,,其他（合集&礼盒&直播预告）,,日弘,
66fa71cf000000002a036b5d,好气色养生局！小仙炖这波赢在大气层！,https://www.xiaohongshu.com/explore/66fa71cf000000002a036b5d?xsec_token=WBoIPX0uUsMzmb9IhKK2gXl8M4XpBPSHXOuEQHeqQQJkA=&xsec_source=pc_wind_export,,美容养颜,,日弘,
66fa6a9e000000002a0357da,选对燕窝不要太补！孕期营养满满好状态~,https://www.xiaohongshu.com/explore/66fa6a9e000000002a0357da?xsec_token=WBoIPX0uUsMzmb9IhKK2gXl97rpWizbWLKI22Gj83ZyB4=&xsec_source=pc_wind_export,,孕期滋补,,日弘,
67065808000000002c029f3a,蓝盈莹太会了！不愧是女明星囤货的燕窝,https://www.xiaohongshu.com/explore/67065808000000002c029f3a?xsec_token=WBafra56LlOZSrw6sLr3d13XaCkGocnF8yaAYBX6ieZ0A=&xsec_source=pc_wind_export,,美容养颜,,日弘,
67079e83000000002c0156b7,女明星冻龄的美丽秘密竟是它！！,https://www.xiaohongshu.com/explore/67079e83000000002c0156b7?xsec_token=WBnMhR6SWQmKqTQrRznOtJ56DXlrVUEGaZxPQ56jWsBvc=&xsec_source=pc_wind_export,,美容养颜,,日弘,
670889eb000000002a036a24,难怪女明星美爆炸！内调这块真有两把刷子,https://www.xiaohongshu.com/explore/670889eb000000002a036a24?xsec_token=WBslLfg6xP9Nmx-axTfMj4yw-1VuUWRWUntM42fCmNfF0=&xsec_source=pc_wind_export,,美容养颜,,日弘,
67090285000000002c0148d4,誓做新时代孕妈！美貌养娃一个不落,https://www.xiaohongshu.com/explore/67090285000000002c0148d4?xsec_token=WBU_Nzcy5lmCUtQg5OfafJV0TCLQBCnNdr9Wqu803ejE0=&xsec_source=pc_wind_export,,孕期滋补,,日弘,
6708f586000000002a031012,女明星保养新体验？掌握气色在线的秘诀！,https://www.xiaohongshu.com/explore/6708f586000000002a031012?xsec_token=WBslLfg6xP9Nmx-axTfMj4yx2dptYgwEhg8WqHIGtN6mE=&xsec_source=pc_wind_export,,美容养颜,,日弘,
6708f65e000000002c02824f,不愧是燕窝顶流！素颜也有贵气感！,https://www.xiaohongshu.com/explore/6708f65e000000002c02824f?xsec_token=WBslLfg6xP9Nmx-axTfMj4yzfGAatRde0-d3evQHm3wUI=&xsec_source=pc_wind_export,,美容养颜,,日弘,
670a5eea0000000016021f85,给熬夜暗沉的脸蛋子！一点点小震撼？！！,https://www.xiaohongshu.com/explore/670a5eea0000000016021f85?xsec_token=WBQmyB3tZGgwqN8q0xtDjOnMUmo-Kj2QkHVoZMZnfWdGA=&xsec_source=pc_wind_export,,熬夜/亚健康,,日弘,
670e3661000000001b02dafb,双十一开启精致保养！换季滋补从内调开始,"https://www.xiaohongshu.com/explore/670e3661000000001b02dafb?xsec_token=WB73hpIELEPc8oLTBwS7l6nWKC6VVg9ZfJ3sF5ADVen-w=&xsec_source=pc_wind_export
https://www.xiaohongshu.com/explore/670e3661000000001b02dafb?xsec_token=WB73hpIELEPc8oLTBwS7l6nW4QihOOEJ8ZyA_puKfRLNo=&xsec_source=pc_wind_export",,美容养颜,,日弘,
670e4560000000001602018e,小仙炖双十一保姆级省钱攻略！买到就是赚到,https://www.xiaohongshu.com/explore/670e4560000000001602018e?xsec_token=WB73hpIELEPc8oLTBwS7l6neJD34OLdFb_v-POPJlT6Qg=&xsec_source=pc_wind_export,,熬夜/亚健康,,日弘,
670f2983000000001b02e0a5,燕窝月卡免费送！小仙炖双11直播抽锦鲤啦！,https://www.xiaohongshu.com/explore/670f2983000000001b02e0a5?xsec_token=WBMO9nQ8iCi-QwZ6kIrZt9IkBRuu1I_BQFLLz5aTxbtyI=&xsec_source=pc_wind_export,,其他（合集&礼盒&直播预告）,,日弘,
670f65ce0000000016021fa8,燕窝滋补怎么选？25+精致女生内调入门,"https://www.xiaohongshu.com/explore/670f65ce0000000016021fa8?xsec_token=WBMO9nQ8iCi-QwZ6kIrZt9It_m75qxo8X9dphcGh5Y6Hc=&xsec_source=pc_wind_export
https://www.xiaohongshu.com/explore/670f65ce0000000016021fa8?xsec_token=WBMO9nQ8iCi-QwZ6kIrZt9ImELCF2LQyOcaxTfErvXM2U=&xsec_source=pc_wind_export",,美容养颜,,日弘,
6710758f00000000160218df,双12燕窝滋补囤货！错过再等1年！,https://www.xiaohongshu.com/explore/6710758f00000000160218df?xsec_token=WBYHxJqfYPX2ULxy6tYtI1iaqN_Q7D6dHo2byREZGDqA0=&xsec_source=pc_wind_export,,美容养颜,,日弘,
6711c879000000001b02f8b3,后悔没一开始怀孕就吃燕窝...真的太补啦,"https://www.xiaohongshu.com/explore/6711c879000000001b02f8b3?xsec_token=WBiftmIbYO9HoSSZr8FV71F3qgjarj434YhD7d1ximK7g=&xsec_source=pc_wind_export
https://www.xiaohongshu.com/explore/6711c879000000001b02f8b3?xsec_token=WBiftmIbYO9HoSSZr8FV71FykbO3Qz1NOOY88e49nuW8U=&xsec_source=pc_wind_export",,孕期滋补,,日弘,
671239d90000000016021723,内调变美真的具象化了，素颜也能嫩到爆,https://www.xiaohongshu.com/explore/671239d90000000016021723?xsec_token=WBAnG-bUHtDowfNkk2Y0MSKr8ZJ6RiyTD2CaNShpLR8oQ=&xsec_source=pc_wind_export,,美容养颜,,日弘,
6715ec9b000000001402ecba,,,,美容养颜,,日弘,
671609590000000016021a2e,年少不知燕窝好！快来内调吃出好状态！,https://www.xiaohongshu.com/explore/671609590000000016021a2e?xsec_token=WBT79iIc21wXL3QFixTdMLf93enDRdtz3Rke3IWNKnQi8=&xsec_source=pc_wind_export,,美容养颜,,日弘,
671766ae0000000021001cfd,首播福利！小仙炖双11狂欢！羊毛薅不停！,https://www.xiaohongshu.com/explore/671766ae0000000021001cfd?xsec_token=WBCnocciOaTVs4NRIPtO5trrM9SVND3mVsBBHtmF4ydI4=&xsec_source=pc_wind_export,,其他（合集&礼盒&直播预告）,,日弘,
6719a24a000000001600d7e1,跟着女明星吃出好气色！趁大促赶紧囤！,https://www.xiaohongshu.com/explore/6719a24a000000001600d7e1?xsec_token=WBt6ClvFeYdtzGIFqeuY_98Csu3MLj8xwrZuF0QxQNrtE=&xsec_source=pc_wind_export,,美容养颜,,日弘,
671b191f000000001b013d10,陈乔恩好状态的秘密武器！双11囤它准没错,https://www.xiaohongshu.com/explore/671b191f000000001b013d10?xsec_token=WBb6KNz5ibaSkp-TT5bCR0sCFvfpB39Br293I7Mf2JuCg=&xsec_source=pc_wind_export,,美容养颜,,日弘,
671b387c0000000016023d49,孕期就好这一口！补对营养一步到位！?,https://www.xiaohongshu.com/explore/671b387c0000000016023d49?xsec_token=WBb6KNz5ibaSkp-TT5bCR0sOwqFklC5El7eZzSkNxOe6s=&xsec_source=pc_wind_export,,孕期滋补,,日弘,
671b448a000000001600c702,选对燕窝！小脸真能逆风翻盘~,https://www.xiaohongshu.com/explore/671b448a000000001600c702?xsec_token=WBb6KNz5ibaSkp-TT5bCR0sBwL-C94fdMC_XJddEcX3HU=&xsec_source=pc_wind_export,,美容养颜,,日弘,
671b7b45000000001602290d,不愧是鲜炖燕窝的开创者！活动忒划算！,"https://www.xiaohongshu.com/explore/671b7b45000000001602290d?xsec_token=WBb6KNz5ibaSkp-TT5bCR0sOehR9Q57sQ5K1dcbFBRzaw=&xsec_source=pc_wind_export
https://www.xiaohongshu.com/explore/671b7b45000000001602290d?xsec_token=WBb6KNz5ibaSkp-TT5bCR0sCyUzn0JwhvAapbIBYlX7WU=&xsec_source=pc_wind_export",,美容养颜,,日弘,
671a0450000000001b02cc9a,终于悟了?女明星素颜抗打秘密是它！,https://www.xiaohongshu.com/explore/671a0450000000001b02cc9a?xsec_token=WBrR4E1cvqrYLjg26HE87X1fMMK89KlfD8yZbYkSx0rU4=&xsec_source=pc_wind_export,,美容养颜,,日弘,
671b32cb00000000160205ae,孕期营养高效补！宝妈不焦虑 ??白又胖,https://www.xiaohongshu.com/explore/671b32cb00000000160205ae?xsec_token=WBb6KNz5ibaSkp-TT5bCR0sIv57gEkUAny5mFEOaUQsm0=&xsec_source=pc_wind_export,,孕期滋补,,日弘,
672190cd000000003c018359,孕妈必囤滋补仙品！拿捏孕期好状态！,https://www.xiaohongshu.com/explore/672190cd000000003c018359?xsec_token=WBH6QIZZUAAk_Sd5Rj4VcrgxHt4xE9ciYdNkrQW_JXP2I=&xsec_source=pc_wind_export,,孕期滋补,,日弘,
6722e103000000001d038c1a,吃进去的好气色！滋补内调还得是它！,"https://www.xiaohongshu.com/explore/6722e103000000001d038c1a?xsec_token=WBloDukr5j1MWzMjgSuPnQgozdk87FlJzDqS0GN5tI2gM=&xsec_source=pc_wind_export
https://www.xiaohongshu.com/explore/6722e103000000001d038c1a?xsec_token=WBloDukr5j1MWzMjgSuPnQglQPCN-bcTnMG08Bd01Hwy4=&xsec_source=pc_wind_export",,美容养颜,,日弘,
672317d1000000003c01baa1,,,,美容养颜,,日弘,
672335bd000000003c016ce3,气色差的快请进！双12囤这个准没错,https://www.xiaohongshu.com/explore/672335bd000000003c016ce3?xsec_token=WBeQbawd3sQkFdDCbT7o3r5z4Qo5EeHVTOMKjT58JgWYw=&xsec_source=pc_wind_export,,美容养颜,,日弘,
672475c4000000003c01b0f0,吃对燕窝一键还原好气色，做中式美人！,https://www.xiaohongshu.com/explore/672475c4000000003c01b0f0?xsec_token=WBS71Qm8AHFdMJq5gSr-_m5Mu4qO2mMXPfVwacVOpdKKA=&xsec_source=pc_wind_export,,美容养颜,,日弘,
672b410d000000003c01c6c8,直播间“减”到宝了！新手妈妈孕期高效滋补,"https://www.xiaohongshu.com/explore/672b410d000000003c01c6c8?xsec_token=WBEYBXldae2iMFm3sz_uq2yZWceBOUXvP9ISEzw0qVj1Q=&xsec_source=pc_wind_export
https://www.xiaohongshu.com/explore/672b410d000000003c01c6c8?xsec_token=WBEYBXldae2iMFm3sz_uq2yfEVTCtlS9dBk3eRRlnx83Y=&xsec_source=pc_wind_export",,孕期滋补,,日弘,
672b41d9000000001a035c37,日常滋补不断档！双11月套餐立省近千元！,https://www.xiaohongshu.com/explore/672b41d9000000001a035c37?xsec_token=WBEYBXldae2iMFm3sz_uq2yf-npHg21Bpuik7ddXjXzPM=&xsec_source=pc_wind_export,,孕期滋补,,日弘,
672c10c2000000001d039444,素颜好气色开挂的秘诀是它,"https://www.xiaohongshu.com/explore/672c10c2000000001d039444?xsec_token=WBg5ULKfeSEfbFLKvz5s8U7sFV-_PlftrhI92dlMHVgww=&xsec_source=pc_wind_export
https://www.xiaohongshu.com/explore/672c10c2000000001d039444?xsec_token=WBg5ULKfeSEfbFLKvz5s8U7iy1-HWFLVaWUo68cIbRLeE=&xsec_source=pc_wind_export",,美容养颜,,日弘,
672b4caf000000003c01b514,不买它真的会后悔好吗！变美易如反掌,"https://www.xiaohongshu.com/explore/672b4caf000000003c01b514?xsec_token=WBEYBXldae2iMFm3sz_uq2yUmRd24neek88Bbww_MK0qA=&xsec_source=pc_wind_export
https://www.xiaohongshu.com/explore/672b4caf000000003c01b514?xsec_token=WBEYBXldae2iMFm3sz_uq2yZqaJBKg3WXhTOfdwoXFX0Y=&xsec_source=pc_wind_export",,美容养颜,,日弘,
672c7401000000001d039a2f,年底好好犒劳自己，中式滋补快安排上??,"https://www.xiaohongshu.com/explore/672c7401000000001d039a2f?xsec_token=WBg5ULKfeSEfbFLKvz5s8U7nfGHr5tbd0VXf9P89GCI-I=&xsec_source=pc_wind_export
https://www.xiaohongshu.com/explore/672c7401000000001d039a2f?xsec_token=WBg5ULKfeSEfbFLKvz5s8U7jZfYmhm5ARVVPY85GG4tos=&xsec_source=pc_wind_export",,美容养颜,,日弘,
672c7f23000000003c0182d1,燕窝顶流！陈乔恩拿捏精致贵气感的秘?,https://www.xiaohongshu.com/explore/672c7f23000000003c0182d1?xsec_token=WBg5ULKfeSEfbFLKvz5s8U7otOFWoIJXYToSHAW5e5lsY=&xsec_source=pc_wind_export,,熬夜/亚健康,,日弘,
672c810d000000003c01eb5d,跟着女明星吃空几瓶之后，素颜状态太超前了,"https://www.xiaohongshu.com/explore/672c810d000000003c01eb5d?xsec_token=WBg5ULKfeSEfbFLKvz5s8U7mGpdg9K6MlrQDEdlHAjLIo=&xsec_source=pc_wind_export
https://www.xiaohongshu.com/explore/672c810d000000003c01eb5d?xsec_token=WBg5ULKfeSEfbFLKvz5s8U7lAjCac0Sgah1QXPjaD0mK8=&xsec_source=pc_wind_export",,美容养颜,,日弘,
672d88bf000000001d0385de,燕窝也要用心选！一篇讲透给纠结星人,"https://www.xiaohongshu.com/explore/672d88bf000000001d0385de?xsec_token=WBh7MmCvHnN1XOxEGdssjFjNOF2BLKGja6QvZ2ASDQ-Cg=&xsec_source=pc_wind_export
https://www.xiaohongshu.com/explore/672d88bf000000001d0385de?xsec_token=WBh7MmCvHnN1XOxEGdssjFjHJyOxHta4_QY2Ip8vS2KCo=&xsec_source=pc_wind_export",燕窝也,其他（合集&礼盒&直播预告）,合集,日弘,合集款
672d8b0b000000003c01d479,刷到这篇孕期燕窝攻略的有福啦！,"https://www.xiaohongshu.com/explore/672d8b0b000000003c01d479?xsec_token=WBh7MmCvHnN1XOxEGdssjFjBg-aert0sWoxr4gYIuOXzU=&xsec_source=pc_wind_export
https://www.xiaohongshu.com/explore/672d8b0b000000003c01d479?xsec_token=WBh7MmCvHnN1XOxEGdssjFjAOojkDc5_xvcuL5G4-Ixs4=&xsec_source=pc_wind_export",,孕期滋补,,日弘,
6731d9b1000000003c015062,跟着女明星吃到中式内调滋补红利！,"https://www.xiaohongshu.com/explore/6731d9b1000000003c015062?xsec_token=WBZOEM4eOxppiSbUBmoht4dRE1GVZH3OpqSkVGGA9BtIw=&xsec_source=pc_wind_export
https://www.xiaohongshu.com/explore/6731d9b1000000003c015062?xsec_token=WBZOEM4eOxppiSbUBmoht4dRfSgUt7N53Zy19n1StQYcI=&xsec_source=pc_wind_export",,美容养颜,,日弘,
6732ecdf000000003c01e167,跟风买燕窝谁知道...狠狠后悔,https://www.xiaohongshu.com/explore/6732ecdf000000003c01e167?xsec_token=WBIs6zRqXvPadKNBwpflYp0v_gLQKoDcoRzrjqqKNPucQ=&xsec_source=pc_wind_export,,美容养颜,,日弘,
6733265a000000003c01b650,燕窝就是要鲜炖才靠谱！吃对才能肌肤保鲜,https://www.xiaohongshu.com/explore/6733265a000000003c01b650?xsec_token=WBnvuh_-LXF4vuoaHNq9i3uCSOzKEwsUkEUYRumGaoM00=&xsec_source=pc_wind_export,,美容养颜,,日弘,
6735ba5f000000003c015663,燕窝新手不踩坑！认准这一篇就够了,"https://www.xiaohongshu.com/explore/6735ba5f000000003c015663?xsec_token=WBrN20tB5PNfwrRS2iS-bhS_h1IU23QplCLovAC6Il_4U=&xsec_source=pc_wind_export
https://www.xiaohongshu.com/explore/6735ba5f000000003c015663?xsec_token=WBrN20tB5PNfwrRS2iS-bhS14awLk4uS04KZUq5zhoBRo=&xsec_source=pc_wind_export",燕窝新,其他（合集&礼盒&直播预告）,合集,日弘,合集款
673ab04b00000000020194bb,抓住秋冬变美黄金期 内服滋补吃出好状态,"https://www.xiaohongshu.com/explore/673ab04b00000000020194bb?xsec_token=WBJCe1qjGNXyGKXnWOTIBRu23B369vcwQ-031EHS8dSTc=&xsec_source=pc_wind_export
https://www.xiaohongshu.com/explore/673ab04b00000000020194bb?xsec_token=WBJCe1qjGNXyGKXnWOTIBRu-CINM-VsTZXR52UqYRlRY8=&xsec_source=pc_wind_export",,美容养颜,,日弘,
673aff61000000000202ee04,从章子怡那里学到的孕期滋补秘诀！,https://www.xiaohongshu.com/explore/673aff61000000000202ee04?xsec_token=WBJCe1qjGNXyGKXnWOTIBRu2FL5GS9zQgY28Uds3ZKakQ=&xsec_source=pc_wind_export,,孕期滋补,,日弘,
673da51e000000000202bdc0,鲜炖燕窝避坑！选不好真的不要再吃了！,"https://www.xiaohongshu.com/explore/673da51e000000000202bdc0?xsec_token=WBpYVNSpX3aayy851_TihropupQ2CE-fdf_zdXz7wTjhY=&xsec_source=pc_wind_export
https://www.xiaohongshu.com/explore/673da51e000000000202bdc0?xsec_token=WBpYVNSpX3aayy851_Tihrotp5VALctuL5roBWH_6Xz7E=&xsec_source=pc_wind_export",,美容养颜,,日弘,
6747c34600000000020383fa,不是燕窝智商税 是你没吃对燕窝！,"https://www.xiaohongshu.com/explore/6747c34600000000020383fa?xsec_token=WBc-r-kto8bfRsH3OwmZrbFXwYLkVs0pDoP7m-nNs8F18=&xsec_source=pc_wind_export
https://www.xiaohongshu.com/explore/6747c34600000000020383fa?xsec_token=WBc-r-kto8bfRsH3OwmZrbFVh1Jr5DWJUXC2XbMA-4CEk=&xsec_source=pc_wind_export",不是燕,美容养颜,用户教育/心智,日弘,星光款
674811cb000000000203b0f3,都2024年了，不会还有人认为燕窝是智商税吧,https://www.xiaohongshu.com/explore/674811cb000000000203b0f3?xsec_token=WBR0z95LsKxJ_8B-ydlV1duehs0drz9WZxucBjASS282E=&xsec_source=pc_wind_export,,美容养颜,,日弘,
6748473c000000000202af9e,谁还交智商税？一篇说清楚燕窝的真相！,"https://www.xiaohongshu.com/explore/6748473c000000000202af9e?xsec_token=WBR0z95LsKxJ_8B-ydlV1ducnxNYapq-1KFJ8P9lQ-Fl0=&xsec_source=pc_wind_export
https://www.xiaohongshu.com/explore/6748473c000000000202af9e?xsec_token=WBR0z95LsKxJ_8B-ydlV1duX0qaik_qtAq6L7TgYdbOSU=&xsec_source=pc_wind_export",,美容养颜,,日弘,
67501bc5000000000703a1ba,不愧是中式美容，女明星上镜秘?竟是…,"https://www.xiaohongshu.com/explore/67501bc5000000000703a1ba?xsec_token=WBkORldfg3CQ5g2z7kc2JAuhijMHIJBBTgcbnQ9Aeq9ZY=&xsec_source=pc_wind_export
https://www.xiaohongshu.com/explore/67501bc5000000000703a1ba?xsec_token=WBkORldfg3CQ5g2z7kc2JAur6BdBLFHgLVZbS4EeBggAc=&xsec_source=pc_wind_export",,美容养颜,,日弘,
67514f2900000000070302a7,燕窝滋补初体验！跟着女明星选不踩雷!,"https://www.xiaohongshu.com/explore/67514f2900000000070302a7?xsec_token=WB0AE4R34CgqpnsGOTNThUEscfY6uPBl1wxV7tX11r7cs=&xsec_source=pc_wind_export
https://www.xiaohongshu.com/explore/67514f2900000000070302a7?xsec_token=WB0AE4R34CgqpnsGOTNThUErfGhJMWPcL5CEInr2Pou7Q=&xsec_source=pc_wind_export",,美容养颜,,日弘,
6753cf5c0000000007034468,送礼公式直接抄！这燕窝没人能拒绝…巨拉丝,"https://www.xiaohongshu.com/explore/6753cf5c0000000007034468?xsec_token=WB60dia8LoRVf_CWQ-MMCbp9G4484b19JqZ4F_B8NabWk=&xsec_source=pc_wind_export
https://www.xiaohongshu.com/explore/6753cf5c0000000007034468?xsec_token=WB60dia8LoRVf_CWQ-MMCbp39aUMZaSqSpj6Nzfr_-oes=&xsec_source=pc_wind_export",,其他（合集&礼盒&直播预告）,,日弘,
675801b9000000000603a3c3,被夸爆的健康礼，长辈收到笑开花！,https://www.xiaohongshu.com/explore/675801b9000000000603a3c3?xsec_token=WBkJzTlnLeWLZQqnnTqo7W5eFjgT4elbvMVqBqv4y0JaM=&xsec_source=pc_wind_export,,其他（合集&礼盒&直播预告）,,日弘,
675a4121000000000700a453,体弱体质必看！“中式滋补”回归好状态,https://www.xiaohongshu.com/explore/675a4121000000000700a453?xsec_token=WBD2p1nnZbn-6P5ut5VDYLJlDnN03OBJv-ZGUjmp_BHiY=&xsec_source=pc_wind_export,,熬夜/亚健康,,日弘,
675b92d6000000000700f2f4,拒绝废话！一篇手把手教你如何挑燕窝,https://www.xiaohongshu.com/explore/675b92d6000000000700f2f4?xsec_token=WBov9-Qhgu6k6qdAuJGF-pwZxR0JjIMxkESgcjBydGtPY=&xsec_source=pc_wind_export,,美容养颜,,日弘,
675bdcd1000000000700b5a5,千元礼盒滋补佳品，为在意的人送上健康礼,https://www.xiaohongshu.com/explore/675bdcd1000000000700b5a5?xsec_token=WBov9-Qhgu6k6qdAuJGF-pwa9Dw4F38f7IN_XtDNtBPgQ=&xsec_source=pc_wind_export,,其他（合集&礼盒&直播预告）,,日弘,
676292490000000014024f22,新年送礼不出错！百元预算拿下高端燕窝礼,https://www.xiaohongshu.com/explore/676292490000000014024f22?xsec_token=WBgC81iSE0fBR6yN7v31428zlEyBFOB3dk2hXNU9fBjK8=&xsec_source=pc_wind_export,,其他（合集&礼盒&直播预告）,,日弘,
676521180000000013008682,年底富养自己第一步:搞定素颜好气色,"https://www.xiaohongshu.com/explore/676521180000000013008682?xsec_token=WBGwpmUkaR4h27A_DgboBSOAS6Ypr_m8vjdntByOq22ms=&xsec_source=pc_wind_export
https://www.xiaohongshu.com/explore/676521180000000013008682?xsec_token=WBGwpmUkaR4h27A_DgboBSOBiCzGZGn3i4NiVOu6mozpk=&xsec_source=pc_wind_export",,美容养颜,,日弘,
676519fd000000000902ec17,解锁燕窝滋补秘籍！健康美丽过冬季,https://www.xiaohongshu.com/explore/676519fd000000000902ec17?xsec_token=WBGwpmUkaR4h27A_DgboBSOPeO--0BjFjHBgHjGdz_CbQ=&xsec_source=pc_wind_export,,熬夜/亚健康,,日弘,
67652b99000000001301806b,春季燕窝滋补攻略|第一口燕窝不走弯路！,"https://www.xiaohongshu.com/explore/67652b99000000001301806b?xsec_token=WBGwpmUkaR4h27A_DgboBSOF93DXJcpTYLkxuh3fC1z8M=&xsec_source=pc_wind_export
https://www.xiaohongshu.com/explore/67652b99000000001301806b?xsec_token=WBGwpmUkaR4h27A_DgboBSOPIswsIkfKKDmpylXcSktt4=&xsec_source=pc_wind_export",,其他（合集&礼盒&直播预告）,,日弘,
676bdfe8000000001300e01b,一人吃两人补！孕妈快来抄作业！,"https://www.xiaohongshu.com/explore/676bdfe8000000001300e01b?xsec_token=WBLKENPsMwPr5jI0OV1KSB3RN-roNeN4K6aCENGiwOy4s=&xsec_source=pc_wind_export
https://www.xiaohongshu.com/explore/676bdfe8000000001300e01b?xsec_token=WBLKENPsMwPr5jI0OV1KSB3QC5hyg34uTM2PCqL1kwu3g=&xsec_source=pc_wind_export",,孕期滋补,,日弘,
676d20520000000009017fc6,“红”气养人，吃出来的好气色,"https://www.xiaohongshu.com/explore/676d20520000000009017fc6?xsec_token=WBtZvlhkhNsr9Xzoclm5gxhGTBobH7qnMwT9LhEcrL3AA=&xsec_source=pc_wind_export
https://www.xiaohongshu.com/explore/676d20520000000009017fc6?xsec_token=WBtZvlhkhNsr9Xzoclm5gxhBsjMgAMn8gVNdBSgblo9m0=&xsec_source=pc_wind_export",,美容养颜,,日弘,
676e73ec000000001402777a,25+女生燕窝入门这么选 好状态锁在脸上！,"https://www.xiaohongshu.com/explore/676e73ec000000001402777a?xsec_token=WBiWJHP69D6CeVc3fm77dryelabzzhesfy_lujOPZDv4g=&xsec_source=pc_wind_export
https://www.xiaohongshu.com/explore/676e73ec000000001402777a?xsec_token=WBiWJHP69D6CeVc3fm77dryUY1Ni_ggM7vzKQimpJOfOk=&xsec_source=pc_wind_export",,美容养颜,,日弘,
6777941e0000000009014de9,,,,美容养颜,,日弘,
6777ab65000000001300e759,孕期燕窝这样吃，想不好都难！,https://www.xiaohongshu.com/explore/6777ab65000000001300e759?xsec_token=WBlV-b1D67C8OWN5KJ-O_k-WpYG8ngIGeFczhIrEpVMjY=&xsec_source=pc_wind_export,,孕期滋补,,日弘,
6777aef9000000001301bcf9,今年的燕窝不用愁啦，小仙炖年货节放心囤,https://www.xiaohongshu.com/explore/6777aef9000000001301bcf9?xsec_token=WBlV-b1D67C8OWN5KJ-O_k-Xi9SKPqWL0pxm48HCfVm8c=&xsec_source=pc_wind_export,,美容养颜,,日弘,
6777bad6000000001300eb13,小仙炖年末薅羊毛指南！看完不走弯路！,https://www.xiaohongshu.com/explore/6777bad6000000001300eb13?xsec_token=WBlV-b1D67C8OWN5KJ-O_k-fZYnNKEVswPq1-SZ8pFAFI=&xsec_source=pc_wind_export,,其他（合集&礼盒&直播预告）,,日弘,
6780d614000000000b00c849,燕窝到底怎么选？看完再补不踩坑！,https://www.xiaohongshu.com/explore/6780d614000000000b00c849?xsec_token=WBoxsgHfdgACmtbHwFeDD7a7Cv18DdM9YCl3NBecrCoOI=&xsec_source=pc_wind_export,,其他（合集&礼盒&直播预告）,,日弘,
6780e840000000000b03052c,面若桃??养颜局|中式变美越吃越漂亮,https://www.xiaohongshu.com/explore/6780e840000000000b03052c?xsec_token=WBoxsgHfdgACmtbHwFeDD7a3Xz8f8AYCfRWNoWOaeH6xs=&xsec_source=pc_wind_export,,美容养颜,,日弘,
678786f50000000018030963,太好了是小仙炖！开年被夸爆的宝藏内服,https://www.xiaohongshu.com/explore/678786f50000000018030963?xsec_token=WBos1HolDCWGXzJrJEqmnqRIcK3EDZXrz5pR3jRiFhDGc=&xsec_source=pc_wind_export,,美容养颜,,日弘,
678884fc0000000018014c17,选燕窝还是讲究点好！一篇教你快速挑选燕窝,https://www.xiaohongshu.com/explore/678884fc0000000018014c17?xsec_token=WB_WaelvJH1SDdJaXJMuhLfymJ2aVf2FhQyiId-UTNhv0=&xsec_source=pc_wind_export,,其他（合集&礼盒&直播预告）,,日弘,
678a23900000000017001eba,开启大女主人生！养出自信明艳好状态,https://www.xiaohongshu.com/explore/678a23900000000017001eba?xsec_token=WBMTw0Esrsmb6uRMrnSHSzgSZTlVqHeeTO2m0yC4ZwjSo=&xsec_source=pc_wind_export,,美容养颜,,日弘,
678f4b81000000002503ffbe,一人吃两人补！孕妈新年滋补有它就够了,https://www.xiaohongshu.com/explore/678f4b81000000002503ffbe?xsec_token=WB29xm0f6g_pfhQl-LL7uqY9dmZZcTxPLuQr6oGFG93WI=&xsec_source=pc_wind_export,,孕期滋补,,日弘,
67904e2200000000290369e9,新春全家滋补高端局！燕窝选购指南来啦,https://www.xiaohongshu.com/explore/67904e2200000000290369e9?xsec_token=WBlWJ0ytbJamSeyo4CxZxkvMSKGClETTOach1Nq_QnNqI=&xsec_source=pc_wind_export,,其他（合集&礼盒&直播预告）,,日弘,
6790c41c000000002602e5d8,小仙炖全家福测评！选对燕窝滋补事半功倍！,https://www.xiaohongshu.com/explore/6790c41c000000002602e5d8?xsec_token=WBlWJ0ytbJamSeyo4CxZxkvGp7H6im87Xei_7JfnEjowM=&xsec_source=pc_wind_export,,其他（合集&礼盒&直播预告）,,日弘,
6791e8120000000028035984,燕窝=养颜|老祖宗内源扛老思路学起来！,https://www.xiaohongshu.com/explore/6791e8120000000028035984?xsec_token=WBjt-ftmCUez8R2CT2jArwdS8Bcj4wA3Tqj_Im-kNHyt0=&xsec_source=pc_wind_export,,美容养颜,,日弘,
67a6fcde0000000029026b37,【全孕期营养指南】一篇教会你怎么补!,https://www.xiaohongshu.com/explore/67a6fcde0000000029026b37?xsec_token=WB8fIjrdppUCPgq3l1oQYW9swn0wUboByMpTGhRwRK6wc=&xsec_source=pc_wind_export,,孕期滋补,,日弘,
67a9954f000000002a003c35,直男送礼终于开窍了？锁死这份女友心动礼！,https://www.xiaohongshu.com/explore/67a9954f000000002a003c35?xsec_token=WBqVbX97SjUodGckwM7rtgNp13c6eQAFxm5OwLXcc4OZ4=&xsec_source=pc_wind_export,,其他（合集&礼盒&直播预告）,,日弘,
67adaf6300000000290154e8,红润好状态秘?精致女生必看的内调作弊法,https://www.xiaohongshu.com/explore/67adaf6300000000290154e8?xsec_token=WBMWGhc1I7WSRpjY5maGJ1AC0FBeDvrT0-COJc1HhStwg=&xsec_source=pc_wind_export,,美容养颜,,日弘,
67ae93070000000028037035,熬夜职场人养生秘?籍｜燕窝助你好状态回归,https://www.xiaohongshu.com/explore/67ae93070000000028037035?xsec_token=WB0Ude6j3bee7ZvFyoUluIfa4ynCagS6E_0CivsJ05MNg=&xsec_source=pc_wind_export,,熬夜/亚健康,,日弘,
67adb1c30000000029030c1b,听劝 千万别让孕期营养信息差害惨你！,https://www.xiaohongshu.com/explore/67adb1c30000000029030c1b?xsec_token=WBMWGhc1I7WSRpjY5maGJ1AJvQTGHMu_PAj_pkFaelEd0=&xsec_source=pc_wind_export,,孕期滋补,,日弘,
67aef096000000002900f254,618孕期滋补全攻略｜吃出健康高颜值宝宝,https://www.xiaohongshu.com/explore/67aef096000000002900f254?xsec_token=WB0Ude6j3bee7ZvFyoUluIfcdgj2rEsTSRw5-VvRLmQ-o=&xsec_source=pc_wind_export,,孕期滋补,,日弘,
67af0cf3000000002803797b,燕窝保养选错＝补错！一篇让你找到品质燕窝,"https://www.xiaohongshu.com/explore/67af0cf3000000002803797b?xsec_token=WBm5DfJrFQddPNffjkhmGr3mPQuhoymw8AfQZj9cQg0VE=&xsec_source=pc_wind_export
https://www.xiaohongshu.com/explore/67af0cf3000000002803797b?xsec_token=WBm5DfJrFQddPNffjkhmGr3mzJoK3tElUkcnjx3AT1pQY=&xsec_source=pc_wind_export",小白选,其他（合集&礼盒&直播预告）,合集,日弘,合集款
67b6f599000000002901783e,熬夜无痕谁懂！素颜好状态还得靠食补！,https://www.xiaohongshu.com/explore/67b6f599000000002901783e?xsec_token=WBJ4gDDlEap8eS0o3oe9QkzQPtM_E96LP9yrCLm0zuZCo=&xsec_source=pc_wind_export,,美容养颜,,日弘,
67b6fd8500000000280345bb,孕期狂补≠吸收！小仙炖给孕妈满分营养呵护,https://www.xiaohongshu.com/explore/67b6fd8500000000280345bb?xsec_token=WBJ4gDDlEap8eS0o3oe9QkzU20iCiLmN26-VtyWFt_ee4=&xsec_source=pc_wind_export,,孕期滋补,,日弘,
67be64a10000000029013765,二胎宝妈教你接漂亮宝宝！孕期滋补品这么囤,https://www.xiaohongshu.com/explore/67be64a10000000029013765?xsec_token=WBA6OqGNo6PbHsBdmOYYLek4LbnH_2l_T6YHPa9Kwc6QM=&xsec_source=pc_wind_export,,孕期滋补,,日弘,
67bfc3e6000000002900e48c,30s教你小仙炖燕窝买什么?怎么买?,"https://www.xiaohongshu.com/explore/67bfc3e6000000002900e48c?xsec_token=WBePMik45tA9I5dE78Tk2M20yV6nqaPjJU3pft9z7-6Jk=&xsec_source=pc_wind_export
https://www.xiaohongshu.com/explore/67bfc3e6000000002900e48c?xsec_token=WBePMik45tA9I5dE78Tk2M2448rM6hxZAiiIg2JZ0wXZ8=&xsec_source=pc_wind_export",是赚到,孕期滋补,,日弘,合集款
67c01c8c000000002901429b,懒人燕窝避坑指南|选对=省下4小时！,https://www.xiaohongshu.com/explore/67c01c8c000000002901429b?xsec_token=WBG3EH4EeDdTxTtKtHui74BxwgIgeiqiB_xKnX92rB0aA=&xsec_source=pc_wind_export,,美容养颜,,日弘,
67c11c9f00000000290125ca,疲态脸自救指南｜素颜发光的作弊神器,https://www.xiaohongshu.com/explore/67c11c9f00000000290125ca?xsec_token=WB89i2O07mg6Z-BBZsPXNJCOCN9xzwIiUrR1aV_80aiKM=&xsec_source=pc_wind_export,,熬夜/亚健康,,日弘,
67c1234d000000002503e439,精养自己由内到外?女神节怒囤一整年美丽..,https://www.xiaohongshu.com/explore/67c1234d000000002503e439?xsec_token=WB89i2O07mg6Z-BBZsPXNJCOqBIhcTUs38Y-S0na9ze7w=&xsec_source=pc_wind_export,,美容养颜,,日弘,
67c114d200000000280299a8,宝妈气色好的秘?｜真的太补啦！,https://www.xiaohongshu.com/explore/67c114d200000000280299a8?xsec_token=WB89i2O07mg6Z-BBZsPXNJCBzgTeBkXhghUuVSR7ps0Ho=&xsec_source=pc_wind_export,,美容养颜,,日弘,
67c57941000000002503c833,小仙炖直播福利来袭！必囤好货错过悔1年,https://www.xiaohongshu.com/explore/67c57941000000002503c833?xsec_token=WBO6q4g1a1Ta9KAxIBErRz-GOsVgZ7PBr-bpaSgNnJfz4=&xsec_source=pc_wind_export,,其他（合集&礼盒&直播预告）,,日弘,
67c9783d0000000028034efe,25+职场人的抗班味神器！由内富养是硬道理,https://www.xiaohongshu.com/explore/67c9783d0000000028034efe?xsec_token=WB3QhMkGBoZ9DB2oJlHsZRl_BU9N5gWv1SCphiVZwmf54=&xsec_source=pc_wind_export,,美容养颜,,日弘,
67caaf3a0000000029039d9a,孕期状态好到开挂？三阶段营养滋补全拿下?,https://www.xiaohongshu.com/explore/67caaf3a0000000029039d9a?xsec_token=WBI11Lkx74rY3DVbrrLHZzT-s6VamHx8N7SePT5XvahIs=&xsec_source=pc_wind_export,,孕期滋补,,日弘,
67ce86860000000029029a4f,燕窝吃错=无效！3阶段燕窝选购指南请查收,https://www.xiaohongshu.com/explore/67ce86860000000029029a4f?xsec_token=WBO-3e3ygITZtdwNP5Pa7rfR7CecVE-FIPpjC219xQBQI=&xsec_source=pc_wind_export,,其他（合集&礼盒&直播预告）,,日弘,
67d230e0000000001e007d1d,,,,美容养颜,,日弘,
67d3d5fb000000001d01a3ba,备孕必修课：营养补充，别让智商税坑了你！,https://www.xiaohongshu.com/explore/67d3d5fb000000001d01a3ba?xsec_token=WBIt5Kwcds-XTYStTS3v6XCfiVhEXmT65EB2VJql5wDpA=&xsec_source=pc_wind_export,,孕期滋补,,日弘,
67db7d76000000001b0240e9,当我问deepseek，孕期燕窝怎么吃性价比更高,https://www.xiaohongshu.com/explore/67db7d76000000001b0240e9?xsec_token=WBMYzPJkffcA9VOv6aMq7RIRmuWomTd6zfZhUWsTsh4wI=&xsec_source=pc_wind_export,,孕期滋补,,日弘,
67dd1f02000000001e00986e,抓住优惠最佳期！鲜炖燕窝全规格指南,https://www.xiaohongshu.com/explore/67dd1f02000000001e00986e?xsec_token=WBx2FDQ9_7UAkG9YqBB5vU1pGltT0oQAPa91fMf46QZUs=&xsec_source=pc_wind_export,,其他（合集&礼盒&直播预告）,,日弘,
67e62a7d000000001b039ee2,买燕窝前看这一篇 干燕窝VS鲜炖燕窝如何选,https://www.xiaohongshu.com/explore/67e62a7d000000001b039ee2?xsec_token=WB3VtAnzeDBOXbSmtlm1mU_HtITEKXp86-xVTPuLLkkJo=&xsec_source=pc_wind_export,,美容养颜,,日弘,
67ee4ec6000000001d020ac3,孕期滋补能量站！三阶段孕期食补营养攻略,https://www.xiaohongshu.com/explore/67ee4ec6000000001d020ac3?xsec_token=WBxZNyEYK9tXJzAvT4z5NEy1NWQF-fTqFpm5gmtbwABIM=&xsec_source=pc_wind_export,,孕期滋补,,日弘,
67ee522e000000001d02c0b4,30+养生秘籍｜如何食补养出好气色？,https://www.xiaohongshu.com/explore/67ee522e000000001d02c0b4?xsec_token=WBxZNyEYK9tXJzAvT4z5NEy1YPCd2dXKhTXXiDez-dR90=&xsec_source=pc_wind_export,,美容养颜,,日弘,
6645ec79000000001e01ee7e,连续吃燕窝已经30天！素颜发光透亮！,https://www.xiaohongshu.com/explore/6645ec79000000001e01ee7e?xsec_token=WBL2fDqq_1YscUyVRmOd6fUOZHiMpHakknQ7ScsiGYR2A=&xsec_source=pc_wind_export,,美容养颜,,日弘,
6662a85f000000001500a855,对燕窝悟了！原来孕期可以美貌养娃一个不落,https://www.xiaohongshu.com/explore/6662a85f000000001500a855?xsec_token=WBBHIcrtF5lMluRUrp_MHMdyYRsqQKiR7jXCT2cG8icJw=&xsec_source=pc_wind_export,,孕期滋补,,日弘,
67f77a6f000000001c003356,素颜底气密码：投资燕窝真的值得！,https://www.xiaohongshu.com/explore/67f77a6f000000001c003356?xsec_token=WBDeB5-ihfzQ1BF6HCqM1pSHJQ9acTogn6OjN652A42bk=&xsec_source=pc_wind_export,,美容养颜,,日弘,
664b13b0000000001303dbc3,春夏养身正当时！食补燕窝开启焕新滋养,https://www.xiaohongshu.com/explore/664b13b0000000001303dbc3?xsec_token=WBR5DXPO8eRxSnt-eTgAKSulD_QfgvZdzo9o53npvB9nI=&xsec_source=pc_wind_export,,熬夜/亚健康,,日弘,
66d7c90e000000001f03eb73,补燕窝的注意事项！新手妈妈必看,"https://www.xiaohongshu.com/explore/66d7c90e000000001f03eb73?xsec_token=WBzlA6lxS4zwk410dLHpbh_70DH5n8i54EHENxYTeiSRA=&xsec_source=pc_wind_export
https://www.xiaohongshu.com/explore/66d7c90e000000001f03eb73?xsec_token=WBzlA6lxS4zwk410dLHpbh_5gTT07quCdOg-gtd3fhr2Y=&xsec_source=pc_wind_export",到底什,其他（合集&礼盒&直播预告）,合集,日弘,合集款
66fa1517000000002c02dd22,燕窝选购攻略！看完这篇你也是行家！ ,"https://www.xiaohongshu.com/explore/66fa1517000000002c02dd22?xsec_token=WBoIPX0uUsMzmb9IhKK2gXl6LmsLyokMT_9ZmuUoSvLj0=&xsec_source=pc_wind_export
https://www.xiaohongshu.com/explore/66fa1517000000002c02dd22?xsec_token=WBoIPX0uUsMzmb9IhKK2gXlwwlkmH2stQST9kz46iYIak=&xsec_source=pc_wind_export",,美容养颜,,日弘,
6801bff0000000001e0075f1,广东夫妇分享素颜密码！鲜炖燕窝值得！,https://www.xiaohongshu.com/explore/6801bff0000000001e0075f1?xsec_token=WBB_HmrfZbBx-AcwVLAujvgWFc4oPPBbKYi-qw-4qRupw=&xsec_source=pc_wind_export,,美容养颜,,日弘,
6805e818000000001e0078cc,,,,其他（合集&礼盒&直播预告）,,日弘,
66714c48000000001d0161ee,孕期滋补怎么选？燕窝当然首当其冲！,"https://www.xiaohongshu.com/explore/66714c48000000001d0161ee?xsec_token=WBLWiIAGbgxEYay92QV4SE7xemRj_AiX2of0yfAsWX6yg=&xsec_source=pc_wind_export
https://www.xiaohongshu.com/explore/66714c48000000001d0161ee?xsec_token=WBLWiIAGbgxEYay92QV4SE72OTb825W_kOrFgmenV_zFo=&xsec_source=pc_wind_export",聪明孕,孕期滋补,孕期滋补,日弘,青春款
6808b287000000001e004e1f,,,,美容养颜,,日弘,
680afc24000000001e003d35,小仙炖鲜炖燕窝怎么选才不浪费！来看这篇！,https://www.xiaohongshu.com/explore/680afc24000000001e003d35?xsec_token=WBc6PTEeLhTfDmqGMY4dIb2lHmM1tfgnTvR2AJEOG84oI=&xsec_source=pc_wind_export,,其他（合集&礼盒&直播预告）,,日弘,
6811959e0000000022024281,母亲节仪式感拉满！燕窝把宠爱炖进妈妈心尖,https://www.xiaohongshu.com/explore/6811959e0000000022024281?xsec_token=WBkKYhgRrUKoYrS0olz46osdF8JRBsKXsfHBLyFBmHnuI=&xsec_source=pc_wind_export,,其他（合集&礼盒&直播预告）,,日弘,
6811bc0e000000002100d0ef,选错燕窝＝白补！新手、进阶教你一次选对,https://www.xiaohongshu.com/explore/6811bc0e000000002100d0ef?xsec_token=WBkKYhgRrUKoYrS0olz46osaFEirDelYtXSsJCTN3QUSY=&xsec_source=pc_wind_export,,其他（合集&礼盒&直播预告）,,日弘,
681c618f000000002001f01e,母亲节走心礼物！非遗燕窝礼盒守护妈妈健康,https://www.xiaohongshu.com/explore/681c618f000000002001f01e?xsec_token=WBbBRwZfKGRU0B2Sdj5KMWhSLMSp7-D0mksmVo-omG-E4=&xsec_source=pc_wind_export,,其他（合集&礼盒&直播预告）,,日弘,
681d5d890000000020029c75,母亲节送进心坎！妈妈炫耀100遍的礼物,https://www.xiaohongshu.com/explore/681d5d890000000020029c75?xsec_token=WBwnOBNYysl1HROEKoqJbxbSRdMF7zO2FYpcvl2Lb2EwU=&xsec_source=pc_wind_export,,其他（合集&礼盒&直播预告）,,日弘,
681d9ed20000000021019587,燕窝规格选不对=白花钱！这份挑选攻略快收好,https://www.xiaohongshu.com/explore/681d9ed20000000021019587?xsec_token=WBwnOBNYysl1HROEKoqJbxba1JJb28CuZXyOP5wWxG6DI=&xsec_source=pc_wind_export,,其他（合集&礼盒&直播预告）,,日弘,
68245f8b0000000021007f4d,长期漂亮别纠结！由内富养才是王道,https://www.xiaohongshu.com/explore/68245f8b0000000021007f4d?xsec_token=WBUKDTSRMv8NmFk4mER22l-90esoEdkq7TClU3BelAUSw=&xsec_source=pc_wind_export,,美容养颜,,日弘,
6826e41f0000000020028f0b,618必囤燕窝！一篇教你怎么选,https://www.xiaohongshu.com/explore/6826e41f0000000020028f0b?xsec_token=WBwdlR5jRtH-RDB35w_SF7mV91QZzTJZ_eP8Z8jDjw-MA=&xsec_source=pc_wind_export,,其他（合集&礼盒&直播预告）,,日弘,
6826e9ea000000002102d1e1,孕期燕窝不踩坑指南！分阶段高效补营养！,"https://www.xiaohongshu.com/explore/6826e9ea000000002102d1e1?xsec_token=WBwdlR5jRtH-RDB35w_SF7mfeNVM8gPreNeRaQdMEGN1U=&xsec_source=pc_wind_export
https://www.xiaohongshu.com/explore/6826e9ea000000002102d1e1?xsec_token=WBwdlR5jRtH-RDB35w_SF7mQuf1nnbvTrgBFkzP8Ynwbs=&xsec_source=pc_wind_export",孕期各,孕期滋补,,日弘,合集款
682ece8d000000002100a108,618薅羊毛必看！小仙炖囤货年度攻略,https://www.xiaohongshu.com/explore/682ece8d000000002100a108?xsec_token=WBJsZZ9NguGx378Z_gHh1yzwwynFnpxU9lgY9A02nDD-Y=&xsec_source=pc_wind_export,,其他（合集&礼盒&直播预告）,,日弘,
682fd26a0000000021005816,孕期食补卷王申请出战！孕妈们闭眼囤就对了,https://www.xiaohongshu.com/explore/682fd26a0000000021005816?xsec_token=WBpo1c6swmGPIzua7Mo1q5zGnJanz5YEtWUGinO_BjBrk=&xsec_source=pc_wind_export,,孕期滋补,,日弘,
683010ae000000002102f407,长期主义高配人生｜吃出素颜“保鲜“感,https://www.xiaohongshu.com/explore/683010ae000000002102f407?xsec_token=WBZPXFeFWAxcZ8ozPEStdz1g1yUDSv5RcWbVsjUugrSSM=&xsec_source=pc_wind_export,,美容养颜,,日弘,
68381a6f0000000021007820,孕期燕窝全程滋补攻略｜一篇教你618怎么买,https://www.xiaohongshu.com/explore/68381a6f0000000021007820?xsec_token=WBXYgTrg4H2VoclZIWrqyyiJfF3l9jU6WkZaJHvB9NAZo=&xsec_source=pc_wind_export,,孕期滋补,,日弘,
68394d70000000002102c03e,孕期干燕窝vs鲜炖燕窝怎么选？滋补不走弯路,https://www.xiaohongshu.com/explore/68394d70000000002102c03e?xsec_token=WBjpMq4jNjeHanmdrpXGR_xvbGWxZK6Czz81vEHNbiviE=&xsec_source=pc_wind_export,,孕期滋补,,日弘,
68428148000000002100013c,张柏芝同款保养秘? 燕窝吃出好气色,https://www.xiaohongshu.com/explore/68428148000000002100013c?xsec_token=WB-908J2_bCGv0gA_0-r1KXCBcRfHZNlkwH-dcC8PLcwM=&xsec_source=pc_wind_export,,美容养颜,,日弘,
68428754000000002002870d,不是……也没人说这燕窝让你素颜敢怼脸拍！,https://www.xiaohongshu.com/explore/68428754000000002002870d?xsec_token=WB-908J2_bCGv0gA_0-r1KXI4VLFETiDp_LqZKSz9Vgpo=&xsec_source=pc_wind_export,,美容养颜,,日弘,
68428f3c000000002101a93a,小仙炖全系列清单！长期主义者的滋补答案,https://www.xiaohongshu.com/explore/68428f3c000000002101a93a?xsec_token=WB-908J2_bCGv0gA_0-r1KXF-_B5DiTImU63tbk8Ke4Sg=&xsec_source=pc_wind_export,,其他（合集&礼盒&直播预告）,,日弘,
684926d4000000002101a80a,谁还不知道燕窝内调？28 天get素颜发光肌！,https://www.xiaohongshu.com/explore/684926d4000000002101a80a?xsec_token=WBUBdoojkB9fm9xw8wYpnLErpqziu41faLesrcEhe1hUE=&xsec_source=pc_wind_export,,美容养颜,,日弘,
684a6f370000000022006593,孕期燕窝怎么吃？二胎妈妈全滋补攻略~,https://www.xiaohongshu.com/explore/684a6f370000000022006593?xsec_token=WBPlze1pPhXj4IqEl8t2F_ktPdvsuOfh9b508PtOy34Mk=&xsec_source=pc_wind_export,,孕期滋补,,日弘,
684b88e4000000002100a26c,鲜炖燕窝选错＝白花钱！一篇教你怎么选！,"https://www.xiaohongshu.com/explore/684b88e4000000002100a26c?xsec_token=WBAIiiggHhqYcmOIU8OFCxTk6W8Y81cG5NywsoZmE_J-s=&xsec_source=pc_wind_export
https://www.xiaohongshu.com/explore/684b88e4000000002100a26c?xsec_token=WBAIiiggHhqYcmOIU8OFCxTugUsVAlUAoRrZhoSrEbBJc=&xsec_source=pc_wind_export",冤枉钱,其他（合集&礼盒&直播预告）,,日弘,合集款
6853cd19000000002201c348,小仙炖全家福终极测评！跟风买燕窝=烧钱！,https://www.xiaohongshu.com/explore/6853cd19000000002201c348?xsec_token=WBrk9NNOA5fpvgmocrhLCHaeJnEv9WxLPsrVlMgGAFwwc=&xsec_source=pc_wind_export,,其他（合集&礼盒&直播预告）,,日弘,
6853ecc5000000001c03410c,孕期保持好状态，内服滋补当然选燕窝?,https://www.xiaohongshu.com/explore/6853ecc5000000001c03410c?xsec_token=WBrk9NNOA5fpvgmocrhLCHad01qZ-DvX9o8pt1BczPGTA=&xsec_source=pc_wind_export,,孕期滋补,,日弘,
6854d3c1000000002203d990,美美后肌肤闹情绪？燕窝帮你内养好状态,https://www.xiaohongshu.com/explore/6854d3c1000000002203d990?xsec_token=WBaUl0g2olp1ArV8sbh3lfpyMSKa-AJVErbMdPoi-7-aI=&xsec_source=pc_wind_export,,美容养颜,,日弘,
685e0fa70000000023006f5d,孕期坦白局 论坚持吃燕窝的重要性！,https://www.xiaohongshu.com/explore/685e0fa70000000023006f5d?xsec_token=WBpbcV36OAY4-iy6WKKGtKECmAvDZUYj-6YBNyDThgufI=&xsec_source=pc_wind_export,,孕期滋补,,日弘,
685e1679000000002203e622,小仙炖这么选才是精准滋补！别吃错了白花钱,https://www.xiaohongshu.com/explore/685e1679000000002203e622?xsec_token=WBpbcV36OAY4-iy6WKKGtKEIyIbYIrQ0o1RIpPo7VA4fg=&xsec_source=pc_wind_export,,美容养颜,,日弘,
68650107000000002400d9fd,孕妈坦白局：孕期高配营养就藏在这瓶燕窝里,https://www.xiaohongshu.com/explore/68650107000000002400d9fd?xsec_token=WBdEuPFQnHM9VnxoJyh47uKcuCZ3cYgm3rNKiCSjkQvlQ=&xsec_source=pc_wind_export,,孕期滋补,,日弘,
686728eb000000002400d9ba,大暑内调！熬夜的伤害真的可以被救回来！,https://www.xiaohongshu.com/explore/686728eb000000002400d9ba?xsec_token=WBfEN1SjlW6uU-9JVsGpRuIyJ6nVT2zAgZQ9llUShBelQ=&xsec_source=pc_wind_export,,熬夜/亚健康,,日弘,
686724b90000000020018ee2,小仙炖怎么选？纠结的姐妹进来抄作业！,https://www.xiaohongshu.com/explore/686724b90000000020018ee2?xsec_token=WBfEN1SjlW6uU-9JVsGpRuIwpQDhXKeT63bPATeQVJgks=&xsec_source=pc_wind_export,,美容养颜,,日弘,
686f734e000000002400bf48,女生为什么要吃燕窝？怎么选才有用？,"https://www.xiaohongshu.com/explore/686f734e000000002400bf48?xsec_token=WBLK3cNapav8an08gb4erv9vNrmsAXyGntUhqAY-OpIvM=&xsec_source=pc_wind_export
https://www.xiaohongshu.com/explore/686f734e000000002400bf48?xsec_token=WBLK3cNapav8an08gb4erv9n8aqXWavSt6IypVGAr_tUE=&xsec_source=pc_wind_export",饱满肌,美容养颜,,日弘,青春款
686f7465000000001c032113,孕期燕窝怎么选？一篇看懂不迷茫,https://www.xiaohongshu.com/explore/686f7465000000001c032113?xsec_token=WBLK3cNapav8an08gb4erv9sIRpVbhivO8VrPvcsXD9bw=&xsec_source=pc_wind_export,,孕期滋补,,日弘,
6878926c00000000200185fb,鲜炖燕窝低至6折！小仙炖三伏天囤货专场,https://www.xiaohongshu.com/explore/6878926c00000000200185fb?xsec_token=WB8r5MS1ueZl7z3DFDaBRWwAuopdjI4xM89tKFoSb_QdM=&xsec_source=pc_wind_export,,其他（合集&礼盒&直播预告）,,日弘,
6879e136000000002201e843,熬夜党买燕窝前必看！选对一键拉回好状态,https://www.xiaohongshu.com/explore/6879e136000000002201e843?xsec_token=WBYv8lqXQvFXrr2TDbcNNfTT0dCvh_NQGcUEkL9pVwGuw=&xsec_source=pc_wind_export,,美容养颜,,日弘,
687a11dd0000000023006a4d,高端滋补局！一篇教会你燕窝怎么选！,https://www.xiaohongshu.com/explore/687a11dd0000000023006a4d?xsec_token=WB8MEXu36fFpoFt0rhMINnSqHTdl05MthgSvEfFqgH-TI=&xsec_source=pc_wind_export,,孕期滋补,,日弘,
6883481f000000002201ed35,孕期滋补没头绪？一招教你告别营养焦虑,https://www.xiaohongshu.com/explore/6883481f000000002201ed35?xsec_token=WBCmZ4OgW8Vx0gFiuk_DNvggeMINr6013GhC7on8xk2sc=&xsec_source=pc_wind_export,,孕期滋补,,日弘,
6883515a0000000022030b94,抓住孕期滋补黄金期！孕期燕窝你吃对了吗？,https://www.xiaohongshu.com/explore/6883515a0000000022030b94?xsec_token=WBCmZ4OgW8Vx0gFiuk_DNvglkcsTvI0Eearu_-r7NVZQI=&xsec_source=pc_wind_export,,孕期滋补,,日弘,
688b20f30000000023022bd8,燕窝保养不走弯路！素颜底气就在小仙炖！,https://www.xiaohongshu.com/explore/688b20f30000000023022bd8?xsec_token=WBMO1zDRU7M3XfytxFuYya2g0dJf3eHeHaVepMDg22TCc=&xsec_source=pc_wind_export,,美容养颜,,日弘,
688b20190000000023022560,孕期吃燕窝，不亏是老祖宗严选!,"https://www.xiaohongshu.com/explore/688b20190000000023022560?xsec_token=WBMO1zDRU7M3XfytxFuYya2oSPjGIJ0JLfZLA8-aCaetM=&xsec_source=pc_wind_export
https://www.xiaohongshu.com/explore/688b20190000000023022560?xsec_token=WBMO1zDRU7M3XfytxFuYya2mR2dPCZIXcnl1Wot63F7lM=&xsec_source=pc_wind_export",老祖宗严选,孕期滋补,,日弘,星光款
68946a9b000000002303953c,告别孕期营养焦虑 选对燕窝不走弯路,https://www.xiaohongshu.com/explore/68946a9b000000002303953c?xsec_token=WBCBUPnkiAteY86pU9ZWKucafWIZa20LYAVYKom-fEl0I=&xsec_source=pc_wind_export,,孕期滋补,,日弘,
6895b7290000000023039ded,素颜自带漂亮感，从吃对燕窝开始！,https://www.xiaohongshu.com/explore/6895b7290000000023039ded?xsec_token=WBOOB0ME6odH8MT2P85EYEv748mZmqDXk-golctPyhHiQ=&xsec_source=pc_wind_export,,美容养颜,,日弘,
6895be8f00000000230353fe,35比25状态还好？靠燕窝润！透！弹！,"https://www.xiaohongshu.com/explore/6895be8f00000000230353fe?xsec_token=WBOOB0ME6odH8MT2P85EYEv5ENJ4zufr61hqvoFZBx8-E=&xsec_source=pc_wind_export
https://www.xiaohongshu.com/explore/6895be8f00000000230353fe?xsec_token=WBOOB0ME6odH8MT2P85EYEv80XYF1q81_Ev3-wjwnB8ck=&xsec_source=pc_wind_export",靠燕窝,美容养颜,,日弘,青春款
68a2e439000000001b021e9a,孕产补营养不踩坑，这样选准没错！,"https://www.xiaohongshu.com/explore/68a2e439000000001b021e9a?xsec_token=WB_TC3f8fnTX9Ka5Y3bhVgpskqvuJztMdA2m-A_Mxs7N0=&xsec_source=pc_wind_export
https://www.xiaohongshu.com/explore/68a2e439000000001b021e9a?xsec_token=WB_TC3f8fnTX9Ka5Y3bhVgpto5CwYwa5mwk8K4Rn9i5NM=&xsec_source=pc_wind_export",来帮你,孕期滋补,,日弘,合集款
68a58c9f000000001b01d278,中秋见家长送了这个！未来婆婆逢人就夸…,https://www.xiaohongshu.com/explore/68a58c9f000000001b01d278?xsec_token=WBQwlASHEOl0GI1V4FEgor06BM-vKhTazgKp3BTBXZTa0=&xsec_source=pc_wind_export,,其他（合集&礼盒&直播预告）,,日弘,
68a593ff000000001c0048ae,中秋新意礼送妈妈：这份滋养让孝心更走心,https://www.xiaohongshu.com/explore/68a593ff000000001c0048ae?xsec_token=WBQwlASHEOl0GI1V4FEgor01KeQY3J1TX7ZDxwRaSIicI=&xsec_source=pc_wind_export,,其他（合集&礼盒&直播预告）,,日弘,
68abb31c000000001c010bed,吃对才养颜！手把手教你选对燕窝拒绝智商税,https://www.xiaohongshu.com/explore/68abb31c000000001c010bed?xsec_token=WBfI_zxfWvyIfgwF1eRnklig7tu7peQ_BcbSLhNxgjUZo=&xsec_source=pc_wind_export,,美容养颜,,日弘,
68abb7f7000000001b031b6d,别让健康在深夜流逝！燕窝滋养少女状态,https://www.xiaohongshu.com/explore/68abb7f7000000001b031b6d?xsec_token=WBfI_zxfWvyIfgwF1eRnklipapOX63lPoHQ9HS-Du6Vcs=&xsec_source=pc_wind_export,,熬夜/亚健康,,日弘,
68abfbef000000001c00e5d2,中秋商务送礼避坑！百元预算选对才更重要,https://www.xiaohongshu.com/explore/68abfbef000000001c00e5d2?xsec_token=WBfI_zxfWvyIfgwF1eRnkligiq4wqDXcwf8g3Q2QluS0s=&xsec_source=pc_wind_export,,其他（合集&礼盒&直播预告）,,日弘,
68afeec0000000001b0300fd,二胎孕妈亲身经验！一篇讲清孕期燕窝怎么吃,https://www.xiaohongshu.com/explore/68afeec0000000001b0300fd?xsec_token=WBiMHHTyqn3d-x4sCP7FliEovNDZaRHLPUUV9ZXfq2luw=&xsec_source=pc_wind_export,,孕期滋补,,日弘,
68affcbf000000001b03232b,28天黄黑皮逆袭！发光肌也能吃出来！,https://www.xiaohongshu.com/explore/68affcbf000000001b03232b?xsec_token=WBiMHHTyqn3d-x4sCP7FliEmFlq_EGdxuZYmHkRxmUZrM=&xsec_source=pc_wind_export,,美容养颜,,日弘,
68b01c55000000001c004812,孕妈冬季这样补燕窝，安稳过冬不焦虑！,https://www.xiaohongshu.com/explore/68b01c55000000001c004812?xsec_token=WB7ZDAoRdzgk1A6L_kaF1LWx4V804wGhe1i_fCLHcknHE=&xsec_source=pc_wind_export,,孕期滋补,,日弘,
68ba9a6e000000001b03fe04,女生第一次见家长，中秋送它真的体面又走心,https://www.xiaohongshu.com/explore/68ba9a6e000000001b03fe04?xsec_token=WBPEpOBpVp0H6MbPTIvMR16TzbEBgnakvITwp0vbS9CK8=&xsec_source=pc_wind_export,,其他（合集&礼盒&直播预告）,,日弘,
68ba8803000000001b032054,孕妈冬天更得补！二胎妈妈的经验之谈,"https://www.xiaohongshu.com/explore/68ba8803000000001b032054?xsec_token=WBPEpOBpVp0H6MbPTIvMR16RjefAJcs60Ny8JvWiLUt7Q=&xsec_source=pc_wind_export
https://www.xiaohongshu.com/explore/68ba8803000000001b032054?xsec_token=WBPEpOBpVp0H6MbPTIvMR16dURT18aXWCYj-rlKVWSiMU=&xsec_source=pc_wind_export",经验之谈,孕期滋补,,日弘,星光款
68ba9d60000000001b01f8d6,30+比20+的状态还好？靠内调?,https://www.xiaohongshu.com/explore/68ba9d60000000001b01f8d6?xsec_token=WBPEpOBpVp0H6MbPTIvMR16SCS22Fcu6IUVsCkSFTYmBI=&xsec_source=pc_wind_export,,美容养颜,,日弘,
68c121e2000000001c03375e,异地回家给妈妈送礼 送什么不如送健康,https://www.xiaohongshu.com/explore/68c121e2000000001c03375e?xsec_token=WBJ3BKfu3Zi3D4vabDZPtiygu4eBavlsEyAatTTjtcGV8=&xsec_source=pc_wind_export,,其他（合集&礼盒&直播预告）,,日弘,
68c29dc2000000001c00f299,孕期燕窝怎么吃？这篇不踩坑指南一定收好,https://www.xiaohongshu.com/explore/68c29dc2000000001c00f299?xsec_token=WB6-IgArgRbBASMBdGXGMzfplCKjQ0e3TA9QVF_vwgJRU=&xsec_source=pc_wind_export,,孕期滋补,,日弘,
68c36dd6000000001b03d6e9,中秋商务送礼，百元送出 “超预算” 显贵感,https://www.xiaohongshu.com/explore/68c36dd6000000001b03d6e9?xsec_token=WBzeeMnl9TCp2oxsb0TCE0r9IbKFHhB-N3_AWv6DNU_Us=&xsec_source=pc_wind_export,,其他（合集&礼盒&直播预告）,,日弘,
68c8dd35000000000e0238f9,总裁带福利空降直播间！教你燕窝花式吃法,"https://www.xiaohongshu.com/explore/68c8dd35000000000e0238f9?xsec_token=WB_waaoYoub1CDIxUQI50p7f5mpS4hJJL8Az2gHwAel5k=&xsec_source=pc_wind_export
https://www.xiaohongshu.com/explore/68c8dd35000000000e0238f9?xsec_token=WB_waaoYoub1CDIxUQI50p7Z5h10zNs2NY2Q1hWg4IJXc=&xsec_source=pc_wind_export",花式吃法,其他（合集&礼盒&直播预告）,合集,日弘,直播预告
68ca1d01000000000e023e33,总裁空降直播间惊喜大放送！福利太香了,"https://www.xiaohongshu.com/explore/68ca1d01000000000e023e33?xsec_token=WBejlkK_SlBUiv4y2hNEJkuAM1eXUhCp5uwaVy0aRihB4=&xsec_source=pc_wind_export
https://www.xiaohongshu.com/explore/68ca1d01000000000e023e33?xsec_token=WBejlkK_SlBUiv4y2hNEJkuH-Udx2fAmRdUPvVXr8dj5s=&xsec_source=pc_wind_export",总裁空降,其他（合集&礼盒&直播预告）,合集,日弘,直播预告
68ccb2f6000000000b01298e,中秋第一次见家长?教你百元送进婆婆心坎上,https://www.xiaohongshu.com/explore/68ccb2f6000000000b01298e?xsec_token=WBqzmIfhHFs6nSbU7iAV9RrlJct4UXRXwgIoDiwtmA6JA=&xsec_source=pc_wind_export,,其他（合集&礼盒&直播预告）,,日弘,
68cd102d00000000110151bd,吃燕窝内调28天，素颜也能发光是什么体验？,https://www.xiaohongshu.com/explore/68cd102d00000000110151bd?xsec_token=WBwL7d1-pEqsIBzMGXy3q_Mlw_wv8OYasCBcazvoTMvvQ=&xsec_source=pc_wind_export,,美容养颜,,日弘,
68d0b122000000000e00ce78,燕窝选错=白补！一篇教你精准挑对品质款！,https://www.xiaohongshu.com/explore/68d0b122000000000e00ce78?xsec_token=WBkvL8Eor2rM-MiheIWOSuAWNe8Tpq9dPLERrh07WZeK8=&xsec_source=pc_wind_export,,美容养颜,,日弘,
68a86aa5000000001c00bc73,中秋见家长胜局已定！送对礼拿捏准婆婆的心！,https://www.xiaohongshu.com/explore/68a86aa5000000001c00bc73?xsec_token=WBMjw7sUjO2ErVJ6lhPmWlrqMEsmtua04BMvrs4BCeybQ=&xsec_source=pc_wind_export,,中秋礼盒,,达人,
68d5ff1a000000001101415a,宝宝健康?妈妈漂亮?补得对才是关键！！,https://www.xiaohongshu.com/explore/68d5ff1a000000001101415a?xsec_token=WB9v4plJqEhcVrq6_11MSu2Qi6JJCV1ymrzqcQaITa0Lk=&xsec_source=pc_wind_export,,孕期滋补,,日弘,
68d65a15000000000e00dbe4,孕期燕窝搭配指南，轻松吃出水灵大宝贝,https://www.xiaohongshu.com/explore/68d65a15000000000e00dbe4?xsec_token=WBRPa4Os0WsGAdyHO9uxhzjrgvprUcuFnevzag5s11Y6U=&xsec_source=pc_wind_export,,孕期滋补,,日弘,
68db22d9000000000e00c8df,打卡燕窝养颜一个月，素颜像开了发光滤镜,https://www.xiaohongshu.com/explore/68db22d9000000000e00c8df?xsec_token=WB00urJkvBcnti2hDlBX_DeN0Rl-95oQbIQ3WRYFEnaFs=&xsec_source=pc_wind_export,,美容养颜,,日弘,
68e9ec9e0000000005039a5a,冬季逆袭冷白皮??都来试试这个燕窝内调法,"https://www.xiaohongshu.com/explore/68e9ec9e0000000005039a5a?xsec_token=WBUL5LLZH9awwsAD8ANZ0ytn32fz1CDdxSJQ5dMHYWVh4=&xsec_source=pc_wind_export
https://www.xiaohongshu.com/explore/68e9ec9e0000000005039a5a?xsec_token=WBUL5LLZH9awwsAD8ANZ0ytr0H5MztXinlJGLnTLLCyXk=&xsec_source=pc_wind_export",内调变美,美容养颜,,日弘,青春款
68e9f2ac0000000004001e16,双十一小仙炖怎么选？进直播间美丽翻倍！,https://www.xiaohongshu.com/explore/68e9f2ac0000000004001e16?xsec_token=WBUL5LLZH9awwsAD8ANZ0ytqL_jAbyiRy0Y5yboom09eg=&xsec_source=pc_wind_export,,美容养颜,,日弘,
68e9f80100000000040286a4,孕期吃燕窝别踩雷??正确吃法干货来啦?,https://www.xiaohongshu.com/explore/68e9f80100000000040286a4?xsec_token=WBUL5LLZH9awwsAD8ANZ0ytgvHkzHQwC8XAS1CIL4LgKU=&xsec_source=pc_wind_export,,孕期滋补,,日弘,
68b7de11000000001d016af3,港宝妈咪孕期营养秘籍：吃燕窝，一人吃两人补,https://www.xiaohongshu.com/explore/68b7de11000000001d016af3?xsec_token=WB0G-vm1QOQjizghafl--iVB7o9xvyphdsn_0LXEU8kLY=&xsec_source=pc_wind_export,,孕期滋补,,达人,
68a57cb3000000001b01d0e9,中秋送礼??不到千元但超显贵的商务好礼,https://www.xiaohongshu.com/explore/68a57cb3000000001b01d0e9?xsec_token=WBQwlASHEOl0GI1V4FEgor0-Y-bi7muMDkxicgKLYtr7Y=&xsec_source=pc_wind_export,,孕期滋补,,达人,
68ede2560000000004028b00,二胎宝妈亲测！孕期燕窝怎么选！,"https://www.xiaohongshu.com/explore/68ede2560000000004028b00?xsec_token=WBgiILrp-c9BK2LsuoyoOqd-l3lpzcndVXIUlNWrDFKmA=&xsec_source=pc_wind_export
https://www.xiaohongshu.com/explore/68ede2560000000004028b00?xsec_token=WBgiILrp-c9BK2LsuoyoOqd5QxAgBz3Va6npT_3q-cNq4=&xsec_source=pc_wind_export",宝妈亲测,孕期滋补,孕期滋补,日弘,星光款
68f1b4a800000000070018e2,二胎孕妈亲身经验 ！一篇讲孕期燕窝怎么吃,https://www.xiaohongshu.com/explore/68f1b4a800000000070018e2?xsec_token=WBOP_WMzspSqH_kORDJfMj1DjwjA3G8-HZ8KU5jgjMsAs=&xsec_source=pc_wind_export,,孕期滋补,,广告素材,
68872a7c000000001c0353f1,孕期切记不能乱吃燕窝！附燕窝的正确吃法,https://www.xiaohongshu.com/explore/68872a7c000000001c0353f1?xsec_token=WBaYIwXOK_6-eBioRT0k9mqb9rFDDNox6aNv0-KLbgMpY=&xsec_source=pc_wind_export,,孕期滋补,,官号,
684fb0fe0000000021003394,靠吃能养颜？配方师扒燕窝真面目,https://www.xiaohongshu.com/explore/684fb0fe0000000021003394?xsec_token=WB8PbxzlKUYAAX8rKz-6bP-rVu5-m-FX5Ge0LI1Go3pIM=&xsec_source=pc_wind_export,,美容养颜,,官号,
68d658fb0000000012015a7a,从专业角度讲 | 孕期要不要吃燕窝？,https://www.xiaohongshu.com/explore/68d658fb0000000012015a7a?xsec_token=WBRPa4Os0WsGAdyHO9uxhzjrNTefiPPgQ_I83IaP-GQsA=&xsec_source=pc_wind_export,,孕期滋补,,达人,
68f0bc530000000005033d8f,冬季燕窝内调打卡28天！吃出弹润嘭弹肌！,https://www.xiaohongshu.com/explore/68f0bc530000000005033d8f?xsec_token=WBdCZCXCMA-Hom-_m2c9Jzuv0JCOxQy_0dkFWo1DVu2h0=&xsec_source=pc_wind_export,,美容养颜,,日弘,
68f0bdf6000000000503bae7,吃燕窝养颜30天后...素颜自带红润透亮感,https://www.xiaohongshu.com/explore/68f0bdf6000000000503bae7?xsec_token=WBdCZCXCMA-Hom-_m2c9Jzulhvb9FYYZCSnG2gX1mj1RA=&xsec_source=pc_wind_export,,美容养颜,,日弘,
682bff10000000002100a63d,我的孕产滋补坦白局?从孕期吃到产后～,https://www.xiaohongshu.com/explore/682bff10000000002100a63d?xsec_token=WBJDYJdZkztuvfU8awSgvK-XJKeHRdL89SS2HGbU4yKB0=&xsec_source=pc_wind_export,,孕期滋补,,官号,
68f20c7a0000000003039116,小仙炖薅羊毛指南！看完不走弯路！,https://www.xiaohongshu.com/explore/68f20c7a0000000003039116?xsec_token=WBI3xvsag97OTBtegzOcb0MqHg09FPl8BKlk56ceUP3Bg=&xsec_source=pc_wind_export,,其他（合集&礼盒&直播预告）,,广告素材,
6875ebd8000000002400c485,孕期燕窝科学食谱搭配 | 营养均衡宝宝棒！,https://www.xiaohongshu.com/explore/6875ebd8000000002400c485?xsec_token=WBnCE4GoLIBaiNPaVCQUPRK3jmloUXvb_KbD8FxRO2_JE=&xsec_source=pc_wind_export,,孕期滋补,,官号,
68d506fc000000001301e0cf,怀孕以后一定要舍得吃燕窝,https://www.xiaohongshu.com/explore/68d506fc000000001301e0cf?xsec_token=WB9v4plJqEhcVrq6_11MSu2eYLKSgl3Q6HkGq-RUPmKcU=&xsec_source=pc_wind_export,,孕期滋补,,抖音,
68f20fef000000000501052a,买燕窝前看这一篇 干燕窝VS鲜炖燕窝如何选,https://www.xiaohongshu.com/explore/68f20fef000000000501052a?xsec_token=WBI3xvsag97OTBtegzOcb0Mh09zYbWZ-MyOmlI9ppFsVw=&xsec_source=pc_wind_export,,美容养颜,,广告素材,
68f20999000000000401520e,抓住优惠最佳期！鲜炖燕窝全规格指南,https://www.xiaohongshu.com/explore/68f20999000000000401520e?xsec_token=WBI3xvsag97OTBtegzOcb0MsV7_RAqO43PfF6rSzWBJjo=&xsec_source=pc_wind_export,,其他（合集&礼盒&直播预告）,,广告素材,
68f84054000000000503ad8b,女人吃什么也不如吃燕窝 越早内调越早赚到,https://www.xiaohongshu.com/explore/68f84054000000000503ad8b?xsec_token=WBRkO3ATVHyCHgxMap2lIaoGJ2J6q2BA0yxZY9N6hLDmc=&xsec_source=pc_wind_export,,美容养颜,,日弘,
68f9f1dc00000000040293a2,双十一燕窝滋补！30s教会你怎么囤更划算！,https://www.xiaohongshu.com/explore/68f9f1dc00000000040293a2?xsec_token=WBoBclBCHqKyBCZ6kYGnApycwveRPxtW3F3VaNoSNOlUY=&xsec_source=pc_wind_export,,其他（合集&礼盒&直播预告）,,日弘,
68fae9d80000000005032b06,二胎孕妈私藏：这瓶燕窝精华一人吃两人补,"https://www.xiaohongshu.com/explore/68fae9d80000000005032b06?xsec_token=WBMPWis_Zz32ugaB1PRVKPkNY7IGXYfPyM82feRH9Vu-8=&xsec_source=pc_wind_export
https://www.xiaohongshu.com/explore/68fae9d80000000005032b06?xsec_token=WBMPWis_Zz32ugaB1PRVKPkEsFy5-itBC6mHmf49NjI-U=&xsec_source=pc_wind_export",二胎孕妈私藏,孕期滋补,,日弘,星光款
68f9f8a50000000004010c9e,黄黑皮收益最牛的一次！燕窝内调后劲太大了,https://www.xiaohongshu.com/explore/68f9f8a50000000004010c9e?xsec_token=WBoBclBCHqKyBCZ6kYGnApydgQluKfOJaC3jvwHqfYDZE=&xsec_source=pc_wind_export,,美容养颜,,日弘,
68ef797c000000000303812a,跟着女明星吃总没错！,https://www.xiaohongshu.com/explore/68ef797c000000000303812a?xsec_token=WBd0I4wv3bEGLhhzxFYpFDK7OkkBkW9tAb2zKw520wXIo=&xsec_source=pc_wind_export,,孕期滋补,,抖音,
686c7850000000001c03062c,?燕窝别瞎吃！一篇讲清孕期燕窝食用指南,https://www.xiaohongshu.com/explore/686c7850000000001c03062c?xsec_token=WBlYERl7tXHA9NtGn5_QtjDhviczfEUaYXmb-SWKTIOZk=&xsec_source=pc_wind_export,,孕期滋补,,官号,
68ef797e000000000302fad3,王者的品质 青铜的价格,https://www.xiaohongshu.com/explore/68ef797e000000000302fad3?xsec_token=WBd0I4wv3bEGLhhzxFYpFDK1UmMfIz2tnu8q5KS3EPKO0=&xsec_source=pc_wind_export,,孕期滋补,,抖音,
68f2037300000000050128a5,吃燕窝一个月变化真的想不到！养成素颜美女,https://www.xiaohongshu.com/explore/68f2037300000000050128a5?xsec_token=WBI3xvsag97OTBtegzOcb0MruO0Uqzwqp8peeZRAgzfx4=&xsec_source=pc_wind_export,,美容养颜,,广告素材,
68f20f38000000000500192e,孕期燕窝别乱补，掌握这些正确吃法才安心！,https://www.xiaohongshu.com/explore/68f20f38000000000500192e?xsec_token=WBI3xvsag97OTBtegzOcb0MpTCXg7v6hK71uVxQ0_k3js=&xsec_source=pc_wind_export,,孕期滋补,,广告素材,
68ef797200000000030380e0,等了这么久，这次一定要入手！！,"https://www.xiaohongshu.com/explore/68ef797200000000030380e0?xsec_token=WBd0I4wv3bEGLhhzxFYpFDK20vhv-JX-ZHvB09fERnOw0=&xsec_source=pc_wind_export
https://www.xiaohongshu.com/explore/68ef797200000000030380e0?xsec_token=WBd0I4wv3bEGLhhzxFYpFDKwC5MGMURELAkTloKSVmM9Y=&xsec_source=pc_wind_export",等了这么久,大促机制,合集,抖音,星光款
68ef7968000000000301210f,王炸福利！每个宝妈都能生出白白胖胖的天使,"https://www.xiaohongshu.com/explore/68ef7968000000000301210f?xsec_token=WBd0I4wv3bEGLhhzxFYpFDK5NCllRaJ-RUzyx7t2vZAQc=&xsec_source=pc_wind_export
https://www.xiaohongshu.com/explore/68ef7968000000000301210f?xsec_token=WBd0I4wv3bEGLhhzxFYpFDK9sYzuBTiDLJ19onklOW0KA=&xsec_source=pc_wind_export",白白胖胖,孕期滋补,孕期滋补,抖音,星光款
68ef7984000000000302faf0,拿得出手的福利才叫福利！小仙炖 牛！,"https://www.xiaohongshu.com/explore/68ef7984000000000302faf0?xsec_token=WBd0I4wv3bEGLhhzxFYpFDK_EbiYsBm7mjNQXTuSTLhRE=&xsec_source=pc_wind_export
https://www.xiaohongshu.com/explore/68ef7984000000000302faf0?xsec_token=WBd0I4wv3bEGLhhzxFYpFDK2c0BX9iZtZr4SjKalSaOIU=&xsec_source=pc_wind_export",拿的出手,大促机制,,抖音,星光款
68ef7977000000000300c1fa,抄底好价预备备！！ ,"https://www.xiaohongshu.com/explore/68ef7977000000000300c1fa?xsec_token=WBd0I4wv3bEGLhhzxFYpFDK1I_jLFdfeIDhEVWfB_jjr4=&xsec_source=pc_wind_export
https://www.xiaohongshu.com/explore/68ef7977000000000300c1fa?xsec_token=WBd0I4wv3bEGLhhzxFYpFDKzaQLx-b9uPckisGZ41qsQ4=&xsec_source=pc_wind_export",抄底好价,大促机制,,抖音,星光款
68ef797a0000000003020d04,谁说天上没馅饼？快接住这波超大福利！,"https://www.xiaohongshu.com/explore/68ef797a0000000003020d04?xsec_token=WBd0I4wv3bEGLhhzxFYpFDK7IDcXn4NTgdTJ14ds4r7ys=&xsec_source=pc_wind_export
https://www.xiaohongshu.com/explore/68ef797a0000000003020d04?xsec_token=WBd0I4wv3bEGLhhzxFYpFDK3n74gQny_2Y6J8ZDgXwG98=&xsec_source=pc_wind_export",超大福利,大促机制,合集,抖音,星光款
68ef798100000000030359f5,景甜的美商太高啦！！错过本轮，十级肉疼！,https://www.xiaohongshu.com/explore/68ef798100000000030359f5?xsec_token=WBd0I4wv3bEGLhhzxFYpFDK0N8A2dDa9LfwYSO7wvJNno=&xsec_source=pc_wind_export,,美容养颜,,抖音,
68ef79700000000003020cc5,宝妈们！这次，减到宝了！,https://www.xiaohongshu.com/explore/68ef79700000000003020cc5?xsec_token=WBd0I4wv3bEGLhhzxFYpFDKy39OJmbplyBMpdKeE6at8s=&xsec_source=pc_wind_export,,孕期滋补,,抖音,
68ef7969000000000301211b,闭眼囤！小仙炖从不打无准备之战！,"https://www.xiaohongshu.com/explore/68ef7969000000000301211b?xsec_token=WBd0I4wv3bEGLhhzxFYpFDK9DQwz6o6tU9i3WXt_fmSXs=&xsec_source=pc_wind_export
https://www.xiaohongshu.com/explore/68ef7969000000000301211b?xsec_token=WBd0I4wv3bEGLhhzxFYpFDK_fcJVYXat466rVHY1adFA0=&xsec_source=pc_wind_export",闭眼囤,大促机制,,抖音,星光款
68ef7974000000000300c1e9,皮肤状态！先人一步！,https://www.xiaohongshu.com/explore/68ef7974000000000300c1e9?xsec_token=WBd0I4wv3bEGLhhzxFYpFDK2QYu5-lehDPPphykzhMJmM=&xsec_source=pc_wind_export,,孕期滋补,,抖音,
6881ea2500000000230067d9,孕妈妈有谁不想拥有乖巧懂事的宝宝呢？,https://www.xiaohongshu.com/explore/6881ea2500000000230067d9?xsec_token=WBuAhAhcgYXWg7dkAPKW8AdEXBjFnavJLuoL4wmrvbeg0=&xsec_source=pc_wind_export,,孕期滋补,,抖音,
68e8fe930000000005002c9e,孕期滋补心得?燕窝到底要不要吃？,https://www.xiaohongshu.com/explore/68e8fe930000000005002c9e?xsec_token=WBTFxJ-BzFFDem-PNktk-BU6GTaurt7fCVqUOHN5e9h0s=&xsec_source=pc_wind_export,,孕期滋补,,官号,
68ecb7a00000000005010c86,生完分享 产检超顺利丨吃燕窝孕期不焦虑?,https://www.xiaohongshu.com/explore/68ecb7a00000000005010c86?xsec_token=WBTiEKxOszUDm6ROFohAmxBvt7gj6-BRPTXzAm7t_HDVY=&xsec_source=pc_wind_export,,孕期滋补,,官号,
68f75e6b0000000004003700,二胎经验??孕期爱上吃燕窝，产检顺顺利利,https://www.xiaohongshu.com/explore/68f75e6b0000000004003700?xsec_token=WBz9oYNQtUdXgsviRSi48Mym74VDdoIITenHmL2MZW8Nk=&xsec_source=pc_wind_export,,孕期滋补,,官号,
68f9d0c70000000004016341,怕产检不达标？我的孕期安心小秘诀,"https://www.xiaohongshu.com/explore/68f9d0c70000000004016341?xsec_token=WBoBclBCHqKyBCZ6kYGnApyTmZ5Y3ItdTV3G3bZebH5mc=&xsec_source=pc_wind_export
https://www.xiaohongshu.com/explore/68f9d0c70000000004016341?xsec_token=WBoBclBCHqKyBCZ6kYGnApyXXWXSG5MGTgQaqfC2kfUMM=&xsec_source=pc_wind_export",云卷云舒_转载,孕期滋补,孕期滋补,官号,星光款
68fa0029000000000302c1ec,你说只要1开头就能带走半年的小仙炖？,https://www.xiaohongshu.com/explore/68fa0029000000000302c1ec?xsec_token=WBMPWis_Zz32ugaB1PRVKPkIdy5LscM8Pg7MjZLJX3twM=&xsec_source=pc_wind_export,,大促机制,,新号,
68fa00b900000000030106a6,没见过小仙炖这么能送的！！,"https://www.xiaohongshu.com/explore/68fa00b900000000030106a6?xsec_token=WBMPWis_Zz32ugaB1PRVKPkGkBc9nAImZCCTqqZirM3l4=&xsec_source=pc_wind_export
https://www.xiaohongshu.com/explore/68fa00b900000000030106a6?xsec_token=WBMPWis_Zz32ugaB1PRVKPkIQRQVI7da7Bqne7CU5LUo0=&xsec_source=pc_wind_export",这么能送的,大促机制,用户教育/心智,新号,星光款
68fb4a80000000000303b348,孕妈妈小仙炖双十一怎么选？看这篇就够啦?,https://www.xiaohongshu.com/explore/68fb4a80000000000303b348?xsec_token=WBmzMrw2pk2m24CTZaAFDbLifNKMk0epJDmvjN-WOtWb4=&xsec_source=pc_wind_export,,孕期滋补,,新号,
68fb4a820000000003011bd4,秋冬养生就囤小仙炖！双十一必冲！,"https://www.xiaohongshu.com/explore/68fb4a820000000003011bd4?xsec_token=WBmzMrw2pk2m24CTZaAFDbLh4X7JnGXE5VjYml2Qf_csw=&xsec_source=pc_wind_export
https://www.xiaohongshu.com/explore/68fb4a820000000003011bd4?xsec_token=WBmzMrw2pk2m24CTZaAFDbLiZibBvvLk7Hq1Fa9-WMVOQ=&xsec_source=pc_wind_export",秋冬养生就囤,大促机制,,新号,青春款
68fb4a85000000000301a7c2,双十一无套路机制！看这篇就够啦！,"https://www.xiaohongshu.com/explore/68fb4a85000000000301a7c2?xsec_token=WBmzMrw2pk2m24CTZaAFDbLjuIAcPTTEaxM3AagyUCG3g=&xsec_source=pc_wind_export
https://www.xiaohongshu.com/explore/68fb4a85000000000301a7c2?xsec_token=WBmzMrw2pk2m24CTZaAFDbLuU6acXME2ekw_u6FDoLts0=&xsec_source=pc_wind_export",无套路机制,大促机制,,新号,青春款
68fb4a870000000003035252,孕妈双十一必囤！小仙炖滋补指南??,https://www.xiaohongshu.com/explore/68fb4a870000000003035252?xsec_token=WBmzMrw2pk2m24CTZaAFDbLsu2DwASGkUxlYZeRUxFMww=&xsec_source=pc_wind_export,,孕期滋补,,新号,
68fb4ac9000000000301fef0,双11素颜自由攻略，小仙炖福利强到离谱！,"https://www.xiaohongshu.com/explore/68fb4ac9000000000301fef0?xsec_token=WBmzMrw2pk2m24CTZaAFDbLpbWtynrlbBbY6OG_8IjLBE=&xsec_source=pc_wind_export
https://www.xiaohongshu.com/explore/68fb4ac9000000000301fef0?xsec_token=WBmzMrw2pk2m24CTZaAFDbLuvoVt3J_yndsNWBgf7NnZY=&xsec_source=pc_wind_export",素颜自由,美容养颜,合集,新号,青春款
68fb4ace0000000003011de9,天凉要续航？双十一囤小仙炖！,"https://www.xiaohongshu.com/explore/68fb4ace0000000003011de9?xsec_token=WBmzMrw2pk2m24CTZaAFDbLjdnKsmjIeJWWtdHTPsN6ZE=&xsec_source=pc_wind_export
https://www.xiaohongshu.com/explore/68fb4ace0000000003011de9?xsec_token=WBmzMrw2pk2m24CTZaAFDbLleKTNRCzAoas_NCGgav38Y=&xsec_source=pc_wind_export",天亮要续航,大促机制,,新号,青春款
68fb4b9c000000000300c695,??内调人双11｜小仙炖囤货攻略来抄作业！,"https://www.xiaohongshu.com/explore/68fb4b9c000000000300c695?xsec_token=WBmzMrw2pk2m24CTZaAFDbLtHa2HtTrFeEvgaD3thIRak=&xsec_source=pc_wind_export
https://www.xiaohongshu.com/explore/68fb4b9c000000000300c695?xsec_token=WBmzMrw2pk2m24CTZaAFDbLt9xMEi8UrJMFHX3P41DNH8=&xsec_source=pc_wind_export",内调人双11,大促机制,,新号,星光款
68fb4ba6000000000302e95d,双十一跟数姐囤燕窝！小仙炖作业来啦,"https://www.xiaohongshu.com/explore/68fb4ba6000000000302e95d?xsec_token=WBmzMrw2pk2m24CTZaAFDbLsZORGBbFoxO8tXnAoR-BRA=&xsec_source=pc_wind_export
https://www.xiaohongshu.com/explore/68fb4ba6000000000302e95d?xsec_token=WBmzMrw2pk2m24CTZaAFDbLncQFJLJrmLZylE8Shel4Gs=&xsec_source=pc_wind_export",双十一跟数姐,大促机制,用户教育/心智,新号,星光款
68fb4ba80000000003020d54,小仙炖月套餐狂省1689！这个价格太心动了！,"https://www.xiaohongshu.com/explore/68fb4ba80000000003020d54?xsec_token=WBmzMrw2pk2m24CTZaAFDbLpObtLoR6UnWvL0vfaWTPwA=&xsec_source=pc_wind_export
https://www.xiaohongshu.com/explore/68fb4ba80000000003020d54?xsec_token=WBmzMrw2pk2m24CTZaAFDbLiy_3JcFI-Lm5GdQYmpjYZE=&xsec_source=pc_wind_export",月套装狂省,大促机制,,新号,星光款
68fb4ead000000000301853f,宝妈双十一囤货指南｜小仙炖这样买最划算！,"https://www.xiaohongshu.com/explore/68fb4ead000000000301853f?xsec_token=WBmzMrw2pk2m24CTZaAFDbLmgnc0jyi5_YFnzVBSgfjSQ=&xsec_source=pc_wind_export
https://www.xiaohongshu.com/explore/68fb4ead000000000301853f?xsec_token=WBmzMrw2pk2m24CTZaAFDbLheg9fABgFXsuyfZTuKNliU=&xsec_source=pc_wind_export",宝妈双十一,大促机制,合集,新号,星光款
690301eb0000000005039666,怀孕燕窝值不值得吃??育婴师这样说,https://www.xiaohongshu.com/explore/690301eb0000000005039666?xsec_token=WB8vPol9FZCVmI9PLKU7JfCdqaLh4qKXdZkBflKVu5yTI=&xsec_source=pc_wind_export,,孕期滋补,,官号,
690309ef0000000004006b8c,告别垮脸！ 30岁也能有饱满紧致好状态,"https://www.xiaohongshu.com/explore/690309ef0000000004006b8c?xsec_token=WB8vPol9FZCVmI9PLKU7JfCWZTlRqf6cCo0R1wV4TKMqA=&xsec_source=pc_wind_export
https://www.xiaohongshu.com/explore/690309ef0000000004006b8c?xsec_token=WB8vPol9FZCVmI9PLKU7JfCVxM6deQvG27pY40gJPrQ8w=&xsec_source=pc_wind_export",黄暄雅Hyuna转载,美容养颜,美容养颜,官号,星光款
6909c8b2000000000503103a,30+中女逆袭！坚持内服养出嘭弹肌,https://www.xiaohongshu.com/explore/6909c8b2000000000503103a?xsec_token=WBXW4YuO9v0k_9OWyEdcB_KonYeC295w0fuVoDaK26Q_E=&xsec_source=pc_wind_export,,美容养颜,,官号,
6909ce5f0000000004017a13,孕晚期怎么补?长胎不长肉食补推荐????,https://www.xiaohongshu.com/explore/6909ce5f0000000004017a13?xsec_token=WBXW4YuO9v0k_9OWyEdcB_KuCllaap9vKzgMhT8XavUdc=&xsec_source=pc_wind_export,,孕期滋补,,官号,
690d744f00000000040112df,小仙炖燕窝，双十一补贴价??,"https://www.xiaohongshu.com/explore/690d744f00000000040112df?xsec_token=WBSgIARFfepjQQ4znnob-x8rUkDEdjsCvbPnBDaxUFbFo=&xsec_source=pc_wind_export
https://www.xiaohongshu.com/explore/690d744f00000000040112df?xsec_token=WBSgIARFfepjQQ4znnob-x8otPpzKWeGyNDfnSjywhY-E=&xsec_source=pc_wind_export",AyanWang转载,大促机制,合集,新号,青春款
690d9e5000000000050335ec,孕反吃啥吐啥？这瓶燕窝给足孕期营养安全感,"https://www.xiaohongshu.com/explore/690d9e5000000000050335ec?xsec_token=WBSgIARFfepjQQ4znnob-x8ij89HReCP5rBOqyQeTJvZI=&xsec_source=pc_wind_export
https://www.xiaohongshu.com/explore/690d9e5000000000050335ec?xsec_token=WBSgIARFfepjQQ4znnob-x8l76Bba3K_0ZQazRs4SVlXg=&xsec_source=pc_wind_export",营养安全感,孕期滋补,,日弘,星光款
691441e60000000004012ec5,小仙炖两款怎么选看这篇！,https://www.xiaohongshu.com/explore/691441e60000000004012ec5?xsec_token=WBpju01HLhLBu6WHDrnznE2mscxy5clcqBsnFWWpaIth0=&xsec_source=pc_wind_export,,其他（合集&礼盒&直播预告）,,新号,
6914423d000000000503ad91,性价比C位这样选！45g vs 70g！,https://www.xiaohongshu.com/explore/6914423d000000000503ad91?xsec_token=WBpju01HLhLBu6WHDrnznE2n7ZjPlVFhiKqUioUPAGfDc=&xsec_source=pc_wind_export,,其他（合集&礼盒&直播预告）,,新号,
69143f4b000000000400503f,新手别乱买！小仙炖这样选才适合你,https://www.xiaohongshu.com/explore/69143f4b000000000400503f?xsec_token=WBpju01HLhLBu6WHDrnznE2oFW3qHfx6ysDCFnGMxasM0=&xsec_source=pc_wind_export,,其他（合集&礼盒&直播预告）,,新号,
6914402f0000000004001ee5,,,,美容养颜,,新号,
691441830000000004005ed2,双十一囤货指南｜小仙炖钻石碗这样买！,"https://www.xiaohongshu.com/explore/691441830000000004005ed2?xsec_token=WBpju01HLhLBu6WHDrnznE2oaP4OMCMKOq6kZs7PKRy2Q=&xsec_source=pc_wind_export
https://www.xiaohongshu.com/explore/691441830000000004005ed2?xsec_token=WBpju01HLhLBu6WHDrnznE2idwqyyDPjS4LSV0QpBRmmY=&xsec_source=pc_wind_export",钻石碗这样买,孕期滋补,,新号,星光款
6914448d0000000004003ba5,怀孕后坚持吃燕窝效果真的肉眼可见,https://www.xiaohongshu.com/explore/6914448d0000000004003ba5?xsec_token=WBpju01HLhLBu6WHDrnznE2l_UcmpzT7FnsL67sL1AuXI=&xsec_source=pc_wind_export,,孕期滋补,,新号,
69144500000000000503bfc4,一人吃两人补的燕窝真的只有小仙炖,"https://www.xiaohongshu.com/explore/69144500000000000503bfc4?xsec_token=WBpju01HLhLBu6WHDrnznE2pFE4GNvbfmSToIVlQkDTIk=&xsec_source=pc_wind_export
https://www.xiaohongshu.com/explore/69144500000000000503bfc4?xsec_token=WBpju01HLhLBu6WHDrnznE2tyVs_W0wu_BHtiSLBP_7Q8=&xsec_source=pc_wind_export",只有小仙炖,孕期滋补,,新号,星光款
6914459c00000000050383ed,给宝宝满满的唾液酸这笔投资真的很划算,"https://www.xiaohongshu.com/explore/6914459c00000000050383ed?xsec_token=WBpju01HLhLBu6WHDrnznE2tKQqDoV2FrUeqEHVq09ncI=&xsec_source=pc_wind_export
https://www.xiaohongshu.com/explore/6914459c00000000050383ed?xsec_token=WBpju01HLhLBu6WHDrnznE2vHBF-FRnHGCNBwOTiyyC5c=&xsec_source=pc_wind_export",给宝宝满满,孕期滋补,合集,新号,青春款
6914466c0000000005010065,半个娱乐圈都在吃的小仙炖确定不来试试吗,https://www.xiaohongshu.com/explore/6914466c0000000005010065?xsec_token=WBpju01HLhLBu6WHDrnznE2mL3VarpF3WwiafDCs5EXIQ=&xsec_source=pc_wind_export,,大促机制,,新号,
69144d350000000004016853,好状态宝妈的投资指南｜钻石碗滋养日常,https://www.xiaohongshu.com/explore/69144d350000000004016853?xsec_token=WBpju01HLhLBu6WHDrnznE2r4jyyZlGTsqIxBKGD0yVXI=&xsec_source=pc_wind_export,,孕期滋补,,新号,
69144d82000000000402817b,好皮肤是小仙炖给的，内调才是硬道理?,https://www.xiaohongshu.com/explore/69144d82000000000402817b?xsec_token=WBpju01HLhLBu6WHDrnznE2vcp_Xq8Y9gDNULRCL9UBPg=&xsec_source=pc_wind_export,,美容养颜,,新号,
6914532b0000000004005aa4,养生女孩抄作业！小仙炖是真的狠保养！,https://www.xiaohongshu.com/explore/6914532b0000000004005aa4?xsec_token=WBpju01HLhLBu6WHDrnznE2i12hGIEruJBKPNjWXS5ENU=&xsec_source=pc_wind_export,,美容养颜,,新号,
691453a40000000005030c46,打工人带薪养生 小仙炖是办公室刚需！,https://www.xiaohongshu.com/explore/691453a40000000005030c46?xsec_token=WBpju01HLhLBu6WHDrnznE2hX51t_HA9aBiwG3YPX5SO8=&xsec_source=pc_wind_export,,美容养颜,,新号,
691453f8000000000503aab0,25+入坑小仙炖别纠结啦！怎么选看这篇！,https://www.xiaohongshu.com/explore/691453f8000000000503aab0?xsec_token=WBpju01HLhLBu6WHDrnznE2o9Y_kpqe9ImpwfssPLctZU=&xsec_source=pc_wind_export,,其他（合集&礼盒&直播预告）,,新号,
6915a8bc00000000040105af,掌握弹润肌黄金思路！素颜好气色好简单啊！,"https://www.xiaohongshu.com/explore/6915a8bc00000000040105af?xsec_token=WBfE1DdnCZEpLgcllgB_W7vWtgVsYMFPZDI1UX0XmJrME=&xsec_source=pc_wind_export
https://www.xiaohongshu.com/explore/6915a8bc00000000040105af?xsec_token=WBfE1DdnCZEpLgcllgB_W7vYwYljFS1O4MyInMIkrbDtU=&xsec_source=pc_wind_export",黄金思路,熟龄抗衰,美容养颜,日弘,星光款
691c0874000000001e02e003,王炸福利！每个宝妈都能生出白胖的天使宝宝,"https://www.xiaohongshu.com/explore/691c0874000000001e02e003?xsec_token=WBUjZK3fsnEDdC4PjlcLBaoKEHagifLTsWiKqJibeIlrw=&xsec_source=pc_wind_export
https://www.xiaohongshu.com/explore/691c0874000000001e02e003?xsec_token=WBUjZK3fsnEDdC4PjlcLBaoFjjAUyPsRmViIm1XSuZG2Y=&xsec_source=pc_wind_export",天使宝宝,孕期滋补,,日弘,星光款
690b19dc00000000070015d6,,,,孕期滋补,,达人,
690c14c6000000000301887c,孕期食补怎么吃？那些长辈让吃的补品有用吗？,https://www.xiaohongshu.com/explore/690c14c6000000000301887c?xsec_token=WBFVTISFjKRsKtDSFMeNLlHelAwju9qbJ4YMK2GmIf97w=&xsec_source=pc_wind_export,,孕期滋补,,达人,
690dd025000000000301adf8,,,,孕期滋补,,达人,
690d694d000000000700b77a,??孕34周只长16斤 | 一日食谱分享！,https://www.xiaohongshu.com/explore/690d694d000000000700b77a?xsec_token=WBSgIARFfepjQQ4znnob-x8nSjSwcGd144oBiugMobEOY=&xsec_source=pc_wind_export,,孕期滋补,,达人,
6912ca5c0000000004017d53,孕晚期越来越美 这期干货一定要看！,"https://www.xiaohongshu.com/explore/6912ca5c0000000004017d53?xsec_token=WBt4BBmuEdQ0evCBHy-PcWJwxOKpsQZlIl6Im04vvvk_0=&xsec_source=pc_wind_export
https://www.xiaohongshu.com/explore/6912ca5c0000000004017d53?xsec_token=WBt4BBmuEdQ0evCBHy-PcWJ76MHSwcQqyYLLN2isVxB1k=&xsec_source=pc_wind_export",葛子妮Nini,孕期滋补,,达人,星光款
6912faeb000000000300dae7,孕期刚需好物 | 生完才敢说真话 ??,https://www.xiaohongshu.com/explore/6912faeb000000000300dae7?xsec_token=WBt4BBmuEdQ0evCBHy-PcWJ_gs9Otvea0nLHZxKuPxz-M=&xsec_source=pc_wind_export,,孕期滋补,,达人,
691574ec000000000700a003,32岁博士妈妈分享｜燕窝到底怎么个事儿,"https://www.xiaohongshu.com/explore/691574ec000000000700a003?xsec_token=WBfE1DdnCZEpLgcllgB_W7vc8jjHWDJM87N2RM5bV7sXc=&xsec_source=pc_wind_export
https://www.xiaohongshu.com/explore/691574ec000000000700a003?xsec_token=WBfE1DdnCZEpLgcllgB_W7vZsK6TWbuJ1aq3qHyGpqLEc=&xsec_source=pc_wind_export",sukrys_雪子,孕期滋补,用户教育/心智,达人,星光款
69159f3c000000000d03a4eb,试过了??多囊孕晚期最后一个月也不能放纵吃,"https://www.xiaohongshu.com/explore/69159f3c000000000d03a4eb?xsec_token=WBfE1DdnCZEpLgcllgB_W7vaR-zD6Ut0qe8NhKkd6kmOg=&xsec_source=pc_wind_export
https://www.xiaohongshu.com/explore/69159f3c000000000d03a4eb?xsec_token=WBfE1DdnCZEpLgcllgB_W7vaawP_hJ2RFqSxB6bFcfjO0=&xsec_source=pc_wind_export",黛西也是得喜,孕期滋补,孕期滋补,达人,星光款
6916dcc9000000000d037df6,35岁高龄辣妈????整个孕期只长15斤！,https://www.xiaohongshu.com/explore/6916dcc9000000000d037df6?xsec_token=WBPN_P6ekdoJy1LqzWxLbXpv6u2-ihvJ3VTFIsIaTWDXg=&xsec_source=pc_wind_export,,孕期滋补,,达人,
6918813a00000000050390ba,生完崽才敢说的Q&A孕期日记新篇章,"https://www.xiaohongshu.com/explore/6918813a00000000050390ba?xsec_token=WBQwaSNqhl4o56laNeqTjvjLRr7j-VAMNacm3-Z9a8xik=&xsec_source=pc_wind_export
https://www.xiaohongshu.com/explore/6918813a00000000050390ba?xsec_token=WBQwaSNqhl4o56laNeqTjvjIFKUdc7s3uPNXXxum9TRLg=&xsec_source=pc_wind_export",子申Spring,孕期滋补,孕期滋补,达人,星光款
690b7c060000000004002e67,我的健康饮食Menu??,https://www.xiaohongshu.com/explore/690b7c060000000004002e67?xsec_token=WBibSZgEpG2J-8F0JDW7WsFEb1k6bazEyjZMM62ilJrV0=&xsec_source=pc_wind_export,,孕期滋补,,达人,
6912ee9d000000000503a8e4,孕期吃燕窝到底值不值？吃了12个月亲测...,https://www.xiaohongshu.com/explore/6912ee9d000000000503a8e4?xsec_token=WBt4BBmuEdQ0evCBHy-PcWJ8qEeFVsWFG4krSNZGCmWgA=&xsec_source=pc_wind_export,,孕期滋补,,官号,
691c1dba000000001e029715,孕期燕窝别盲目补！看我娃多干净?就知道了,https://www.xiaohongshu.com/explore/691c1dba000000001e029715?xsec_token=WBUjZK3fsnEDdC4PjlcLBaoNNzhbTd3BRw0z5ebAHvBAg=&xsec_source=pc_wind_export,,孕期滋补,,官号,
691c1ea9000000001e030be7,30+告别垮脸的秘诀～中式食补养出好气色?,https://www.xiaohongshu.com/explore/691c1ea9000000001e030be7?xsec_token=WBUjZK3fsnEDdC4PjlcLBaoNHBfvjGMNoZOx4NPCH9Esg=&xsec_source=pc_wind_export,,孕期滋补,,官号,
6912efae0000000004002d22,坚持吃燕窝3年！摆脱垮脸养出饱满好气色？,https://www.xiaohongshu.com/explore/6912efae0000000004002d22?xsec_token=WBt4BBmuEdQ0evCBHy-PcWJ9HtlJGCqnVkJmz5OvGRSZ4=&xsec_source=pc_wind_export,,美容养颜,,官号,
691d7188000000001e02f362,跟着陈数学习燕窝保养法，40+养出充盈贵气,https://www.xiaohongshu.com/explore/691d7188000000001e02f362?xsec_token=WBhblyhMvsQt8PUBgjfW0uvocU7i5ouuUjUt0-sC5h06E=&xsec_source=pc_wind_export,,美容养颜,,日弘,
6926c00d000000001e0259da,二胎孕妈私藏！养胎不养肉的秘诀藏在这,"https://www.xiaohongshu.com/explore/6926c00d000000001e0259da?xsec_token=WBipM2Lnth6bWaZTJDiY7tEA0pl_4y81RF_7cyvn8js68=&xsec_source=pc_wind_export
https://www.xiaohongshu.com/explore/6926c00d000000001e0259da?xsec_token=WBipM2Lnth6bWaZTJDiY7tENaHAvVxM_xzeJuEw9RKsLg=&xsec_source=pc_wind_export",秘诀藏在这,孕期滋补,,日弘,星光款
674d29300000000008005634,孕产燕窝如何高效补充？超全经验大放送,https://www.xiaohongshu.com/explore/674d29300000000008005634?xsec_token=WB5fLrD8jE3vPGg_QhXsBvtsaVfnsVToj1wGKU0GXyBYs=&xsec_source=pc_wind_export,,孕期滋补,,官号,
692eb3c3000000001e02e416,孕三个月产检不达标，我是怎么补回来的？,https://www.xiaohongshu.com/explore/692eb3c3000000001e02e416?xsec_token=WBhvWYkfI_tYiOb0itTcZW63mc7-TVtz5A7IraX8PpBso=&xsec_source=pc_wind_export,,孕期滋补,,官号,
692eb472000000001e0245af,中式变美！养出更适合东方宝宝体质的皮相美,"https://www.xiaohongshu.com/explore/692eb472000000001e0245af?xsec_token=WBhvWYkfI_tYiOb0itTcZW650jxSxWAZJtcz0TkcZ8YWM=&xsec_source=pc_wind_export
https://www.xiaohongshu.com/explore/692eb472000000001e0245af?xsec_token=WBhvWYkfI_tYiOb0itTcZW66Ya0xNPBCFfrW7IkEHXX1o=&xsec_source=pc_wind_export",诗韩本韩,美容养颜,用户教育/心智,官号,星光款
692e52a4000000001e039726,孕期想食补但没胃口？试试老祖宗严选燕窝！,https://www.xiaohongshu.com/explore/692e52a4000000001e039726?xsec_token=WBhvWYkfI_tYiOb0itTcZW6xjF5LF4tIGtgMiw3yJGuHA=&xsec_source=pc_wind_export,,孕期滋补,,日弘,
6927c967000000001e02c0f7,抓住秋冬关键期！！中式养亮就得趁现在！！,https://www.xiaohongshu.com/explore/6927c967000000001e02c0f7?xsec_token=WBqFNSDypfvQE3ntiL3XbTrXMyZ9D3QchHk4l1B8ojkMM=&xsec_source=pc_wind_export,,美容养颜,,官号,
692e4ce0000000001e031250,买燕窝新手别踩这些坑！30+养颜看这篇就够,"https://www.xiaohongshu.com/explore/692e4ce0000000001e031250?xsec_token=WBhvWYkfI_tYiOb0itTcZW6-wt88G8SXHdmOAsYC6uOxs=&xsec_source=pc_wind_export
https://www.xiaohongshu.com/explore/692e4ce0000000001e031250?xsec_token=WBhvWYkfI_tYiOb0itTcZW65vS_4bNnDo42Q2jrXVjNI0=&xsec_source=pc_wind_export",这篇就够,美容养颜,美容养颜,日弘,青春款
692ff60a000000001e028064,孕妈硬核滋补就看它：这燕窝让孕期营养稳赢,"https://www.xiaohongshu.com/explore/692ff60a000000001e028064?xsec_token=WBtoZBcr6sXLGojflLTQpQcp8Q7Zy5U2Age5VL7xVF4cg=&xsec_source=pc_wind_export
https://www.xiaohongshu.com/explore/692ff60a000000001e028064?xsec_token=WBtoZBcr6sXLGojflLTQpQcm_S1qsmA5xoNKwHusdl3UY=&xsec_source=pc_wind_export",孕妈硬核,孕期滋补,,日弘,星光款
692e49d1000000001e03004c,女生滋补养颜必看！燕窝选购干货攻略！,"https://www.xiaohongshu.com/explore/692e49d1000000001e03004c?xsec_token=WBhvWYkfI_tYiOb0itTcZW64LXzJdbiWxhQ129ME6ongM=&xsec_source=pc_wind_export
https://www.xiaohongshu.com/explore/692e49d1000000001e03004c?xsec_token=WBhvWYkfI_tYiOb0itTcZW6wIwEeYu-Hz-xU1nLI_Gv8U=&xsec_source=pc_wind_export",养颜必看,美容养颜,合集,日弘,合集款
6932a2e3000000001e0098cc,职场保鲜术！小仙炖开盖即食太懂打工人！,https://www.xiaohongshu.com/explore/6932a2e3000000001e0098cc?xsec_token=WBI4FK-YAbXRN78gac6XR5KV2lhHDxh5HWdvvEgHZ1bzE=&xsec_source=pc_wind_export,,熬夜/亚健康,,新号,
6932a394000000001e0130a5,每天吃燕窝奢侈吗？算笔账就知道?,https://www.xiaohongshu.com/explore/6932a394000000001e0130a5?xsec_token=WBI4FK-YAbXRN78gac6XR5KbpW-LRQCtR4sarPMsIE2Bk=&xsec_source=pc_wind_export,,熬夜/亚健康,,新号,
6932a571000000001e00e5e2,素颜美女感？小仙炖两款规格怎么选？,https://www.xiaohongshu.com/explore/6932a571000000001e00e5e2?xsec_token=WBI4FK-YAbXRN78gac6XR5Kekc7kZ7Gr05kzMAyyRUheo=&xsec_source=pc_wind_export,,其他（合集&礼盒&直播预告）,,新号,
6932a658000000001e010468,带娃不沾妈味——小仙炖钻石碗孕哺期宝藏,https://www.xiaohongshu.com/explore/6932a658000000001e010468?xsec_token=WBI4FK-YAbXRN78gac6XR5KSeNnDwjSZgs_o2aMDFhwXw=&xsec_source=pc_wind_export,,孕期滋补,,新号,
6932a8fd000000001e0083e0,20+最值的投资送自己小仙炖钻石碗半年套餐,https://www.xiaohongshu.com/explore/6932a8fd000000001e0083e0?xsec_token=WBI4FK-YAbXRN78gac6XR5Kd4bYrrZQfXAjuMRmKhJOzg=&xsec_source=pc_wind_export,,熬夜/亚健康,,新号,
6932a9d6000000001e003bef,冬季滋养模式｜25+的悄悄内卷开始了,https://www.xiaohongshu.com/explore/6932a9d6000000001e003bef?xsec_token=WBI4FK-YAbXRN78gac6XR5KVgWtHo8WtWnw-Kh-d46zWM=&xsec_source=pc_wind_export,,美容养颜,,新号,
6932aa94000000001e0000ec,周围人咖啡续命｜我靠小仙炖偷偷开挂?,https://www.xiaohongshu.com/explore/6932aa94000000001e0000ec?xsec_token=WBI4FK-YAbXRN78gac6XR5KRUD7Vva72CWX3XT2X3XeOI=&xsec_source=pc_wind_export,,熬夜/亚健康,,新号,
6932ab53000000001e01600f,小仙炖超简选择指南??两款经典怎么选,https://www.xiaohongshu.com/explore/6932ab53000000001e01600f?xsec_token=WBI4FK-YAbXRN78gac6XR5KbnWECxdjDOXGxdkL0l_ywA=&xsec_source=pc_wind_export,,其他（合集&礼盒&直播预告）,,新号,
6932adb0000000001e00a52f,记录吃了小仙炖1个月之后,https://www.xiaohongshu.com/explore/6932adb0000000001e00a52f?xsec_token=WBI4FK-YAbXRN78gac6XR5KVUF45M_w8Npr-jISvf3eBY=&xsec_source=pc_wind_export,,美容养颜,,新号,
69329335000000001f004eec,新手的第一瓶燕窝，养颜滋补怎么选？,"https://www.xiaohongshu.com/explore/69329335000000001f004eec?xsec_token=WBI4FK-YAbXRN78gac6XR5KWQktVaN8qB52jbnrCkpCN8=&xsec_source=pc_wind_export
https://www.xiaohongshu.com/explore/69329335000000001f004eec?xsec_token=WBI4FK-YAbXRN78gac6XR5KdfPAgLGDRCeYqiX_m-qtiY=&xsec_source=pc_wind_export",新手的,美容养颜,,日弘,青春款
69328e92000000001e03bf8e,孕期燕窝补对了！宝宝健康妈妈漂亮~,"https://www.xiaohongshu.com/explore/69328e92000000001e03bf8e?xsec_token=WBI4FK-YAbXRN78gac6XR5KYlwPIYvrXWeLXUPQzqiKc0=&xsec_source=pc_wind_export
https://www.xiaohongshu.com/explore/69328e92000000001e03bf8e?xsec_token=WBI4FK-YAbXRN78gac6XR5KdaGVimW1gNBS5awwdwgKyM=&xsec_source=pc_wind_export",补对了,孕期滋补,孕期滋补,日弘,星光款
693bb82a000000001e028698,想买燕窝的准妈妈，下单前先看这篇好吗…,https://www.xiaohongshu.com/explore/693bb82a000000001e028698?xsec_token=WBB-kXVmql4i7aHjS7rg_BXHwJ3Inw8yAqfl7ztMuL-1E=&xsec_source=pc_wind_export,,孕期滋补,,日弘,
693bd51f000000001e028887,冬季脆皮自救！燕窝润养稳赢好状态,"https://www.xiaohongshu.com/explore/693bd51f000000001e028887?xsec_token=WBB-kXVmql4i7aHjS7rg_BXIMEonr99XH5APSOYA5IjaA=&xsec_source=pc_wind_export
https://www.xiaohongshu.com/explore/693bd51f000000001e028887?xsec_token=WBB-kXVmql4i7aHjS7rg_BXO9NpHCm9-31n1kioiYCPfs=&xsec_source=pc_wind_export",冬季脆皮,熬夜/亚健康,用户教育/心智,日弘,青春款
6940f5da000000001f006f48,孕期燕窝别乱买！选对才是真一人吃两人补,https://www.xiaohongshu.com/explore/6940f5da000000001f006f48?xsec_token=WBnLaZB4bduKsyUcYvi6mnodIrkKGuTEx5bv3XDbftXKc=&xsec_source=pc_wind_export,,孕期滋补,,日弘,
69427e74000000001f005c28,孕期刚需燕窝！孕期营养+管理两手抓,"https://www.xiaohongshu.com/explore/69427e74000000001f005c28?xsec_token=WBz3wGoVzzB0NZR4kZ-Sfpz-UYEUYEbaA7lIfxiPBq4qk=&xsec_source=pc_wind_export
https://www.xiaohongshu.com/explore/69427e74000000001f005c28?xsec_token=WBz3wGoVzzB0NZR4kZ-Sfpz4NHq8-6A7A1GpTnVWAc7YE=&xsec_source=pc_wind_export",孕期刚需,孕期滋补,,日弘,星光款
69435698000000001e033776,996犟种逆袭！25+熬夜垮脸党找到救??了！,"https://www.xiaohongshu.com/explore/69435698000000001e033776?xsec_token=WBCpEuXdlWdVWZwbisyyq35qcQ8sntWdTdr-pWfOWtV_8=&xsec_source=pc_wind_export
https://www.xiaohongshu.com/explore/69435698000000001e033776?xsec_token=WBCpEuXdlWdVWZwbisyyq35iXFW1r_OaTow5MSTmwxV6A=&xsec_source=pc_wind_export",25+熬夜垮脸党,美容养颜,,日弘,青春款
6933ba73000000001e016e82,孕24w啦??我的孕期饮食+运动分享,"https://www.xiaohongshu.com/explore/6933ba73000000001e016e82?xsec_token=WBoBd8ee6vBmT04crCbYtgHAlThs7OfzauLzDXe6ESI24=&xsec_source=pc_wind_export
https://www.xiaohongshu.com/explore/6933ba73000000001e016e82?xsec_token=WBoBd8ee6vBmT04crCbYtgHHqF_oQh-L16K5F_dhWGq5k=&xsec_source=pc_wind_export",Sinuo,孕产滋补,,达人,星光款
6936ac26000000001e039ae6,孕37周????这么吃孕晚期只长6斤（不挨饿版）,"https://www.xiaohongshu.com/explore/6936ac26000000001e039ae6?xsec_token=WBQ8Ibf76NfH_eEXmuITjexH2q4iFbiOF_GekSg9uR5-Y=&xsec_source=pc_wind_export
https://www.xiaohongshu.com/explore/6936ac26000000001e039ae6?xsec_token=WBQ8Ibf76NfH_eEXmuITjexMBFrm9yLye-_oG59Zc7xiM=&xsec_source=pc_wind_export",smollsunny,孕产滋补,,达人,星光款
6939374d000000001d03a7fc,坚持整个孕期的好习惯，活该我越孕越美！,"https://www.xiaohongshu.com/explore/6939374d000000001d03a7fc?xsec_token=WBE4uewHP1nkdNzibJMi2Z0LLANMTwTvFmIax2WXh2D-s=&xsec_source=pc_wind_export
https://www.xiaohongshu.com/explore/6939374d000000001d03a7fc?xsec_token=WBE4uewHP1nkdNzibJMi2Z0P5Gm7v3ZyK1M9j2tq6dyfs=&xsec_source=pc_wind_export",王酱酱,孕产滋补,,达人,星光款
693ad042000000001e007fe0,产后这样吃和练！第17天马甲线来咯～,"https://www.xiaohongshu.com/explore/693ad042000000001e007fe0?xsec_token=WBS3dQ0f3oIogEiDexx9UVxJXtlCOd78Qyzoi5mSvQPcY=&xsec_source=pc_wind_export
https://www.xiaohongshu.com/explore/693ad042000000001e007fe0?xsec_token=WBS3dQ0f3oIogEiDexx9UVxPGjA26gZwuG_iTe2Dqp9M8=&xsec_source=pc_wind_export",小硕硕塑身,孕产滋补,,达人,星光款
6940e82d000000001f00844f,孕18周vlog｜小孕妇能吃能练&高能量的一天??,"https://www.xiaohongshu.com/explore/6940e82d000000001f00844f?xsec_token=WBnLaZB4bduKsyUcYvi6mnoXhYDHWpx-l4lphNjBVN9DQ=&xsec_source=pc_wind_export
https://www.xiaohongshu.com/explore/6940e82d000000001f00844f?xsec_token=WBnLaZB4bduKsyUcYvi6mnoWx-j-fVR7Dfao7bjxi3ciY=&xsec_source=pc_wind_export",圆智贤??,孕产滋补,,达人,星光款
694143f4000000001e028b41,???????? | 孕37w啦 孕期饮食记录+吃练心得,"https://www.xiaohongshu.com/explore/694143f4000000001e028b41?xsec_token=WBlWNMgEywuzkM9rERaIrj1ef7kcbwjlOBbTXrXERHdwU=&xsec_source=pc_wind_export
https://www.xiaohongshu.com/explore/694143f4000000001e028b41?xsec_token=WBlWNMgEywuzkM9rERaIrj1XidvZ6N9wu3EQwKJS08AeQ=&xsec_source=pc_wind_export",佳艾拉,孕产滋补,,达人,星光款
694275bb000000001f00be50,产科大白都夸！5.2斤超快顺产无侧切经验分享,"https://www.xiaohongshu.com/explore/694275bb000000001f00be50?xsec_token=WBz3wGoVzzB0NZR4kZ-SfpzzRxl9xVndcCeN5UZQA8Mxg=&xsec_source=pc_wind_export
https://www.xiaohongshu.com/explore/694275bb000000001f00be50?xsec_token=WBz3wGoVzzB0NZR4kZ-Sfpz0ZniY3K2SnbG7mEYKzfstE=&xsec_source=pc_wind_export",Big大叶叶,孕产滋补,,达人,星光款
694373c5000000001d0398a5,??17周啦！产检day一日饮食和恢复运动小分享,"https://www.xiaohongshu.com/explore/694373c5000000001d0398a5?xsec_token=WBCpEuXdlWdVWZwbisyyq35vtaBZMy5Wz3Nv1-yyy_AcU=&xsec_source=pc_wind_export
https://www.xiaohongshu.com/explore/694373c5000000001d0398a5?xsec_token=WBCpEuXdlWdVWZwbisyyq35iO2AD9RNNJtDkEkHrVyPZY=&xsec_source=pc_wind_export",一只分享苏,孕产滋补,,达人,星光款
694509e3000000001e034b3e,孕期总结｜孕早补剂三件套！亲测有效,"https://www.xiaohongshu.com/explore/694509e3000000001e034b3e?xsec_token=WB-Xll19w-FpMEWRY_4sHQSVsXl3elM7FciJiNneJKKNg=&xsec_source=pc_wind_export
https://www.xiaohongshu.com/explore/694509e3000000001e034b3e?xsec_token=WB-Xll19w-FpMEWRY_4sHQScmYnkZvwtX9iXlnusPxI60=&xsec_source=pc_wind_export",主持人柴猫礼,孕产滋补,孕期滋补,达人,星光款
69464544000000000d03aa00,35+高龄二胎，做好4件小事生产不难！,"https://www.xiaohongshu.com/explore/69464544000000000d03aa00?xsec_token=WBqyHGjHqTp5uUOz9OGijjCH4CRnAzTNxv88CNRzkyb2A=&xsec_source=pc_wind_export
https://www.xiaohongshu.com/explore/69464544000000000d03aa00?xsec_token=WBqyHGjHqTp5uUOz9OGijjCKVTGIze2jDV9QUY6aKEHCo=&xsec_source=pc_wind_export",大佬大佬杨,孕产滋补,,达人,星光款
694cf71b000000001d0391e6,跟着数姐选燕窝｜小鲜瓶拉丝太能打！,"https://www.xiaohongshu.com/explore/694cf71b000000001d0391e6?xsec_token=WB8zf6gCp-denycF_n3npMhc8NLWqcRAUIhXVNGa5PdcU=&xsec_source=pc_wind_export
https://www.xiaohongshu.com/explore/694cf71b000000001d0391e6?xsec_token=WB8zf6gCp-denycF_n3npMhXFY0Qo1l0pRm2UH-17MEjE=&xsec_source=pc_wind_export",太能打,美容养颜,,新号,青春款
694cf7c2000000001e00a1fc,吃燕窝的福报，好气色是坚持内调给的,https://www.xiaohongshu.com/explore/694cf7c2000000001e00a1fc?xsec_token=WB8zf6gCp-denycF_n3npMhVJnLRy3B2Zfuh_ZNvfuuKs=&xsec_source=pc_wind_export,福报,美容养颜,,新号,星光款
694cfb90000000001d03fda4,入门vs进阶｜小仙炖两款按需选,"https://www.xiaohongshu.com/explore/694cfb90000000001d03fda4?xsec_token=WB8zf6gCp-denycF_n3npMhV06ppzQwFBupV9XbQN7Wgo=&xsec_source=pc_wind_export
https://www.xiaohongshu.com/explore/694cfb90000000001d03fda4?xsec_token=WB8zf6gCp-denycF_n3npMhRrWzkTNCmNCcTF-TBlM3_M=&xsec_source=pc_wind_export",按需选,其他（合集&礼盒&直播预告）,,新号,合集款
694cf95a000000001d03effe,去除班味大作战，小仙炖钻石碗救星来了,https://www.xiaohongshu.com/explore/694cf95a000000001d03effe?xsec_token=WB8zf6gCp-denycF_n3npMhYi10EgHPSJ1snN66iHwnNM=&xsec_source=pc_wind_export,去除班味,熬夜/亚健康,,新号,星光款
694cf9d7000000001e00ae4e,熬夜星人求你了 备上小仙炖一键回电,https://www.xiaohongshu.com/explore/694cf9d7000000001e00ae4e?xsec_token=WB8zf6gCp-denycF_n3npMhaG6tH9LJ5TJ4G3NoIs4cVM=&xsec_source=pc_wind_export,熬夜星人,熬夜/亚健康,,新号,青春款
694cfc09000000001e01175f,打工人的抽屉里不能没有小仙炖,https://www.xiaohongshu.com/explore/694cfc09000000001e01175f?xsec_token=WB8zf6gCp-denycF_n3npMheA5b5UXuxi9HomKP6iZOIY=&xsec_source=pc_wind_export,不能没有,熬夜/亚健康,,新号,青春款
694cfcf1000000001e014773,燕窝为什么值得吃？这几个优势要知道,https://www.xiaohongshu.com/explore/694cfcf1000000001e014773?xsec_token=WB8zf6gCp-denycF_n3npMhZSDmSBA9cj5o6liTrIws1k=&xsec_source=pc_wind_export,优势要知道,孕产滋补,,新号,星光款
694cff4d000000001e00d870,拯救垮垮脸，从内滋养开始,https://www.xiaohongshu.com/explore/694cff4d000000001e00d870?xsec_token=WB8zf6gCp-denycF_n3npMhQkjRrUdxV_Qrlr-Gkp5wI0=&xsec_source=pc_wind_export,垮垮脸,美容养颜,,新号,星光款
694cfd69000000001e0074c4,选对燕窝其实很简单 ,"https://www.xiaohongshu.com/explore/694cfd69000000001e0074c4?xsec_token=WB8zf6gCp-denycF_n3npMhf-qThtOF3AOwM06ZRGPUL8=&xsec_source=pc_wind_export
https://www.xiaohongshu.com/explore/694cfd69000000001e0074c4?xsec_token=WB8zf6gCp-denycF_n3npMhe6LlRJI4GrNzdwGPXn611Y=&xsec_source=pc_wind_export",很简单,其他（合集&礼盒&直播预告）,,新号,合集款
694cfe04000000001e0078b7,产后内调是聪明妈妈的第一课,https://www.xiaohongshu.com/explore/694cfe04000000001e0078b7?xsec_token=WB8zf6gCp-denycF_n3npMhczS8l5kN-GfiaiPsQ0_vck=&xsec_source=pc_wind_export,产后内调,孕产滋补,,新号,星光款
694cffd0000000001e0093b8,吃燕窝一个月，我的脸开始发光了,"https://www.xiaohongshu.com/explore/694cffd0000000001e0093b8?xsec_token=WB8zf6gCp-denycF_n3npMhT0pCX6ODE5FAjRgS0QuGyg=&xsec_source=pc_wind_export
https://www.xiaohongshu.com/explore/694cffd0000000001e0093b8?xsec_token=WB8zf6gCp-denycF_n3npMheKenX0n8AMZ5EZ9SHiNSFo=&xsec_source=pc_wind_export",开始发光了,美容养颜,,新号,星光款
694d0041000000001e01328c,熬夜打工人的充电桩 气色真的能喝回来,https://www.xiaohongshu.com/explore/694d0041000000001e01328c?xsec_token=WBpWtPI50IslUrauDp5k6xtZ12w-ye2W-7fngy9jpu-4U=&xsec_source=pc_wind_export,能喝回来,熬夜/亚健康,,新号,青春款
694d00c3000000001d038f95,轻滋养还是深滋补？你pick哪个,https://www.xiaohongshu.com/explore/694d00c3000000001d038f95?xsec_token=WBpWtPI50IslUrauDp5k6xtZpYTfKw6-h7Sdm184IBJ8o=&xsec_source=pc_wind_export,你pick,其他（合集&礼盒&直播预告）,,新号,合集款
694d0166000000001e00e61e,带娃忙成陀螺？我的状态全靠这碗燕窝撑着,https://www.xiaohongshu.com/explore/694d0166000000001e00e61e?xsec_token=WBpWtPI50IslUrauDp5k6xtQ7TafO-bqIWia6bObHRjoM=&xsec_source=pc_wind_export,忙成陀螺,熬夜/亚健康,,新号,星光款
694d0203000000001e0052ff,吃了两年燕窝的产后妈妈 说点大实话,https://www.xiaohongshu.com/explore/694d0203000000001e0052ff?xsec_token=WBpWtPI50IslUrauDp5k6xtYgbYhezD-H-6zpgQ2wLDg0=&xsec_source=pc_wind_export,说点大实话,熬夜/亚健康,孕期滋补,新号,星光款
69524d42000000001e021856,孕早期孕吐崩溃？全靠它续命！,"https://www.xiaohongshu.com/explore/69524d42000000001e021856?xsec_token=WBG169bhp2Zkucb9Q_DjzecuiL-qCnjIFqx1YM51OHC3s=&xsec_source=pc_wind_export
https://www.xiaohongshu.com/explore/69524d42000000001e021856?xsec_token=WBG169bhp2Zkucb9Q_DjzectFydlZOiajcL2u2vBUw18U=&xsec_source=pc_wind_export",孕吐崩溃,孕产滋补,,新号,星光款
6954f40a000000002102b604,龙马精神，新年“仙”礼,https://www.xiaohongshu.com/explore/6954f40a000000002102b604?xsec_token=WBYDtPZFfxjJfR_MX8oE6BEtzLqM3SORZReLQmcxShM2k=&xsec_source=pc_wind_export,龙马精神,马年礼盒,家庭送礼,新号,马年礼盒
6954f449000000002200accb,小仙炖新年礼，滋补迎安康,https://www.xiaohongshu.com/explore/6954f449000000002200accb?xsec_token=WBYDtPZFfxjJfR_MX8oE6BEh3hjSV-iE204FW4Nmi3W6M=&xsec_source=pc_wind_export,小仙炖新年礼,马年礼盒,品宣向,新号,马年礼盒
6959fc4b000000001f00a5d2,孕期状态逆袭秘籍！好状态+大宝贝全都要?,https://www.xiaohongshu.com/explore/6959fc4b000000001f00a5d2?xsec_token=WBmzLxGmBgjPgv4pQVnK5UHugnOzHK91oXSjTfRFhijkQ=&xsec_source=pc_wind_export,孕期孕反,孕期滋补,孕期滋补,日弘,星光款
6959fc6b000000001e03bdf1,小仙炖新年囤货指南！直播间福利超给力??,https://www.xiaohongshu.com/explore/6959fc6b000000001e03bdf1?xsec_token=WBmzLxGmBgjPgv4pQVnK5UHj8V2zxSsX062gdcbq0XSa0=&xsec_source=pc_wind_export,小仙炖双旦,其他（合集&礼盒&直播预告）,,日弘,合集款
670e1c4b000000001b02f757,161/85 一天吃什么&朋友过生??,https://www.xiaohongshu.com/explore/670e1c4b000000001b02f757?xsec_token=WB73hpIELEPc8oLTBwS7l6ncqvwS_qQDQoQNpTCHbrHoE=&xsec_source=pc_wind_export,,,,达人,
677ced4e000000001703803f,新年送礼｜让健康与祝福常伴左右,https://www.xiaohongshu.com/explore/677ced4e000000001703803f?xsec_token=WBv1UWNwY1q4gFnz4AewkzRP3lfmASN--Js1J2Cgnpl9g=&xsec_source=pc_wind_export,,,,达人,
67aabd74000000002503d1d8,产后分享???? 食补恢复超好元气感~,https://www.xiaohongshu.com/explore/67aabd74000000002503d1d8?xsec_token=WBeMkjV7lslG2SSNp9N66JUfGjVhp18LSqHXO6VSRL_0M=&xsec_source=pc_wind_export,,,,达人,
66f3b1e3000000001902d6f0,秋季养生好时节！滋补燕窝怎么选？,"https://www.xiaohongshu.com/explore/66f3b1e3000000001902d6f0?xsec_token=WB6UULv5IJSzyeeSxw4HX9WJLePNnfwO4EENe3UkBHGTI=&xsec_source=pc_wind_export
https://www.xiaohongshu.com/explore/66f3b1e3000000001902d6f0?xsec_token=WB6UULv5IJSzyeeSxw4HX9WLVuIXQRlBUvEJuusLsT01w=&xsec_source=pc_wind_export",,,,达人,
676d0b8f000000000800fab7,辞旧迎新|今年拜年送礼我依旧选它,https://www.xiaohongshu.com/explore/676d0b8f000000000800fab7?xsec_token=WBtZvlhkhNsr9Xzoclm5gxhK0a43V7gWx43Zm-48UG_fg=&xsec_source=pc_wind_export,,,,达人,
677249b5000000000b0160ba,产后妈妈最想收到的新年礼物出现了！！,https://www.xiaohongshu.com/explore/677249b5000000000b0160ba?xsec_token=WB79ao8Nqnu2bB1urH0pjAiFss949ogVUzuFk1rCzN_-E=&xsec_source=pc_wind_export,,,,达人,
66fab279000000001902cc95,含泪分享！燕窝真的不能随便买??。。。,https://www.xiaohongshu.com/explore/66fab279000000001902cc95?xsec_token=WBoIPX0uUsMzmb9IhKK2gXlyMNmp0OYpniwEMOe2-9Hp4=&xsec_source=pc_wind_export,,,,达人,
66a83779000000000d031de6,和最好的朋友结婚了??,https://www.xiaohongshu.com/explore/66a83779000000000d031de6?xsec_token=WBq3gluMhHTRJdxicbb5l6sfEsTYOKxQpPTQ_vC-UY82s=&xsec_source=pc_wind_export,,美容养颜,,日弘,
6704c9e4000000002c02d9be,熬夜包年用户的内服保养秘?越吃越美丽,"https://www.xiaohongshu.com/explore/6704c9e4000000002c02d9be?xsec_token=WBNOGxu3Ck-Hp4nEELo4aj2cxVOQc_xzGSQvhUreX300w=&xsec_source=pc_wind_export
https://www.xiaohongshu.com/explore/6704c9e4000000002c02d9be?xsec_token=WBNOGxu3Ck-Hp4nEELo4aj2Vuko4NCzxUyfhDzdSxz5lI=&xsec_source=pc_wind_export",,,,达人,
67b05b0b000000002903fcf4,我悟了！20?女生的内调养生计划???♀?,https://www.xiaohongshu.com/explore/67b05b0b000000002903fcf4?xsec_token=WB_wkYDLsmJCkmseUh7GzCYhL_O8t5WhcuwtM5dGxV-kY=&xsec_source=pc_wind_export,,,,达人,
67adb518000000002803f8cd,从熬夜脸到好气色 小仙炖内调怎么选???♀?,https://www.xiaohongshu.com/explore/67adb518000000002803f8cd?xsec_token=WBMWGhc1I7WSRpjY5maGJ1AO152pERe3O3cPTPUw_Ps6M=&xsec_source=pc_wind_export,,,,达人,
67add56800000000180076b5,一个人吃两个人补，我的孕期必备营养好物！,https://www.xiaohongshu.com/explore/67add56800000000180076b5?xsec_token=WBMWGhc1I7WSRpjY5maGJ1AM9CT-cB6oXILrtASYkc_DM=&xsec_source=pc_wind_export,,,,达人,
676a56ee0000000013009aee,职场10年，适用职场新人的送礼指南??,"https://www.xiaohongshu.com/explore/676a56ee0000000013009aee?xsec_token=WBRI8wU1S6JqLiepq04wbZ6lldb91dJcQvxXJRaY5Ej8U=&xsec_source=pc_wind_export
https://www.xiaohongshu.com/explore/676a56ee0000000013009aee?xsec_token=WBRI8wU1S6JqLiepq04wbZ6sY4OZu09bkIGr5JXTXMi8g=&xsec_source=pc_wind_export",,,,达人,
66fa64a4000000001b023030,贵妇们的最爱的燕窝究竟是不是智商税?,"https://www.xiaohongshu.com/explore/66fa64a4000000001b023030?xsec_token=WBoIPX0uUsMzmb9IhKK2gXlxbwmXOxhuUQRndtekMxauc=&xsec_source=pc_wind_export
https://www.xiaohongshu.com/explore/66fa64a4000000001b023030?xsec_token=WBoIPX0uUsMzmb9IhKK2gXl4iCmvbRCpQ46Uoj3Y2l1Og=&xsec_source=pc_wind_export",,,,达人,
67b41b8900000000090163ee,小仙炖VS燕之屋秘? 内调食补燕窝要选对?,https://www.xiaohongshu.com/explore/67b41b8900000000090163ee?xsec_token=WBqN5K6Zg2JKR5TNzFf5gfY6_aBal-gGwY1iJoIF8qhAM=&xsec_source=pc_wind_export,,,,达人,
67aef1ae000000002803519e,戒不掉熬夜？那就把垮脸焦虑炖进碗里！,https://www.xiaohongshu.com/explore/67aef1ae000000002803519e?xsec_token=WB0Ude6j3bee7ZvFyoUluIfV9vti0y4-7YNeQXWctZ0IM=&xsec_source=pc_wind_export,,,,达人,
676a8a690000000014023be1,??春节美好仪式感｜小仙炖让团聚更暖心,"https://www.xiaohongshu.com/explore/676a8a690000000014023be1?xsec_token=WBRI8wU1S6JqLiepq04wbZ6giQEfUiu_wYzNpAmh8T_sA=&xsec_source=pc_wind_export
https://www.xiaohongshu.com/explore/676a8a690000000014023be1?xsec_token=WBRI8wU1S6JqLiepq04wbZ6ufAJHoQ5CBtr3KvB4GTpto=&xsec_source=pc_wind_export",,,,达人,
66f917a1000000002a036143,燕窝狂热粉告诉你！好燕窝到底怎么选??,https://www.xiaohongshu.com/explore/66f917a1000000002a036143?xsec_token=WBExytXbw5M5ix78VkoUunBbt2urNGs5rZdt6ZL4Iyqcs=&xsec_source=pc_wind_export,,,,达人,
67b42717000000001201c6a0,我养出妈生好皮的滋养小秘诀,https://www.xiaohongshu.com/explore/67b42717000000001201c6a0?xsec_token=WBqN5K6Zg2JKR5TNzFf5gfY7UV88iqZzHpf5RPXSWOU_U=&xsec_source=pc_wind_export,,,,达人,
664ff05600000000150128a8,养生局！女生第一次买燕窝该怎么选？,https://www.xiaohongshu.com/explore/664ff05600000000150128a8?xsec_token=WB-FjX2Iyfw1aUx8UKf-MQMBGl0THqBxU58IHm8L914tg=&xsec_source=pc_wind_export,,,,达人,
67b6994c000000000900ee18,选对燕窝！996滋补内调少走弯路！,https://www.xiaohongshu.com/explore/67b6994c000000000900ee18?xsec_token=WBJ4gDDlEap8eS0o3oe9QkzQsiW8wNYH2bwvSA8ZdnQio=&xsec_source=pc_wind_export,,,,达人,
676e720a0000000014021f8b,过年送礼|花小钱办大事 高段位撑场面,https://www.xiaohongshu.com/explore/676e720a0000000014021f8b?xsec_token=WBiWJHP69D6CeVc3fm77drySmQS3pz6zJYkQ0FQmwJuEA=&xsec_source=pc_wind_export,,,,达人,
67b4204b000000002602fe1c,备孕燕窝怎么选？无废话版,https://www.xiaohongshu.com/explore/67b4204b000000002602fe1c?xsec_token=WBqN5K6Zg2JKR5TNzFf5gfY4hFcKuABxdCskvWSckJTlw=&xsec_source=pc_wind_export,,,,达人,
6711fe8c0000000021005d06,燕窝没白吃！中式保养的杀伤力算是体会到了,"https://www.xiaohongshu.com/explore/6711fe8c0000000021005d06?xsec_token=WBiftmIbYO9HoSSZr8FV71F8fubmrdfnaSIhmVRdsW-Is=&xsec_source=pc_wind_export
https://www.xiaohongshu.com/explore/6711fe8c0000000021005d06?xsec_token=WBiftmIbYO9HoSSZr8FV71F_72vfmWy14rqQ8PAMBtchY=&xsec_source=pc_wind_export",,,,达人,
66f90cbe000000002c016273,内调变美我悟了！消除班味从一瓶燕窝开始,"https://www.xiaohongshu.com/explore/66f90cbe000000002c016273?xsec_token=WBExytXbw5M5ix78VkoUunBWV4CLU26xHPMkEGyHpLyJM=&xsec_source=pc_wind_export
https://www.xiaohongshu.com/explore/66f90cbe000000002c016273?xsec_token=WBExytXbw5M5ix78VkoUunBfa8-2npoPon4i-tyf75G2o=&xsec_source=pc_wind_export",,,,达人,
670faa41000000002100ba6b,贵气感养成攻略，钱花在哪最值,"https://www.xiaohongshu.com/explore/670faa41000000002100ba6b?xsec_token=WBMO9nQ8iCi-QwZ6kIrZt9IijiZTDOPS8Wx2mSnSH_lT4=&xsec_source=pc_wind_export
https://www.xiaohongshu.com/explore/670faa41000000002100ba6b?xsec_token=WBMO9nQ8iCi-QwZ6kIrZt9IkI4l1eM6kYfjheMBRbVVjU=&xsec_source=pc_wind_export",,,,达人,
670e5951000000001600edec,备孕两手抓！营养师告诉你该这么做！,https://www.xiaohongshu.com/explore/670e5951000000001600edec?xsec_token=WB73hpIELEPc8oLTBwS7l6nVV-wEEWrDJfuF5Se5BR5hI=&xsec_source=pc_wind_export,,,,达人,
676cef94000000000900dade,新年仪式感｜用爱滋养珍贵的二十年友谊??,https://www.xiaohongshu.com/explore/676cef94000000000900dade?xsec_token=WBOLswCfDUU8MgGpBYcQ_TmW90k824n67XJrL2eSqNy1U=&xsec_source=pc_wind_export,,,,达人,
676d2554000000000b0170a7,送礼高端局??直接拿捏妈妈的心??,https://www.xiaohongshu.com/explore/676d2554000000000b0170a7?xsec_token=WBtZvlhkhNsr9Xzoclm5gxhOf0Ja1E9RA4MpZkDnvgORc=&xsec_source=pc_wind_export,,,,达人,
665ffbfe000000000d00d35e,保养课堂开课??内服星人直接跟我选小仙炖??,https://www.xiaohongshu.com/explore/665ffbfe000000000d00d35e?xsec_token=WByqWyrxTAqi_9hzTJHmCJmqgxkNs8RY2zncIZuR-V3Sw=&xsec_source=pc_wind_export,,,,达人,
67aaaef8000000002900c6fb,3年燕窝经验，深扒燕窝怎么吃,https://www.xiaohongshu.com/explore/67aaaef8000000002900c6fb?xsec_token=WBeMkjV7lslG2SSNp9N66JUQPuKwAGIc-Ujt-CacS3LBc=&xsec_source=pc_wind_export,,,,达人,
67b4531c000000000d01550b,30+内调大比拼！小仙炖or燕之屋？,https://www.xiaohongshu.com/explore/67b4531c000000000d01550b?xsec_token=WBqN5K6Zg2JKR5TNzFf5gfYwAuEProgb_s_L3ynd38EaQ=&xsec_source=pc_wind_export,,,,达人,
67b54608000000002503d4ee,鲜炖燕窝不同怎么选？看这篇就够了！,https://www.xiaohongshu.com/explore/67b54608000000002503d4ee?xsec_token=WBeORh3YgfbrIHnKTT3aKpnZDGKjPlQzOv6IGHcZBPJWE=&xsec_source=pc_wind_export,,,,达人,
677cc14c00000000200210eb,30+时髦小姨回家准备的新年见面礼,https://www.xiaohongshu.com/explore/677cc14c00000000200210eb?xsec_token=WBv1UWNwY1q4gFnz4AewkzRJe9DG3AY_zYBkF_h1QUxyc=&xsec_source=pc_wind_export,,,,达人,
676a56dc0000000013003e9c,第一次见家长必看??送对了礼物被夸一整年??,"https://www.xiaohongshu.com/explore/676a56dc0000000013003e9c?xsec_token=WBRI8wU1S6JqLiepq04wbZ6o_7E5BC8-oEMoeD9YEirv4=&xsec_source=pc_wind_export
https://www.xiaohongshu.com/explore/676a56dc0000000013003e9c?xsec_token=WBRI8wU1S6JqLiepq04wbZ6ir25DBqJJ_Eu0e485r6KCc=&xsec_source=pc_wind_export",,,,达人,
67697953000000000b021913,过年送一份“滋养礼”??,https://www.xiaohongshu.com/explore/67697953000000000b021913?xsec_token=WBzeZyi2-zNZcP2DsFVAc70MK3JapjHv92t09QSaM2Q4g=&xsec_source=pc_wind_export,,,,达人,
677b71e900000000010019e9,妈妈和邻居叔叔走得好像有点近......,https://www.xiaohongshu.com/explore/677b71e900000000010019e9?xsec_token=WBoslVF7RP51dDhQHVqMg-efU3Am1Gm6fDtnU_zSFhgX4=&xsec_source=pc_wind_export,,,,达人,
67077879000000002a0345f7,高端燕窝滋养！一篇教你如何选择！,"https://www.xiaohongshu.com/explore/67077879000000002a0345f7?xsec_token=WBnMhR6SWQmKqTQrRznOtJ55rG1N7Sz9dHU2rcMylydRY=&xsec_source=pc_wind_export
https://www.xiaohongshu.com/explore/67077879000000002a0345f7?xsec_token=WBnMhR6SWQmKqTQrRznOtJ57qmmpTPXw4sG5Kndxod5I8=&xsec_source=pc_wind_export",,合集,,日弘,
676939140000000014021d88,整个家庭最该富养的是妈妈,https://www.xiaohongshu.com/explore/676939140000000014021d88?xsec_token=WBzeZyi2-zNZcP2DsFVAc70HO8vqW8KDKRTxWZaRucZCs=&xsec_source=pc_wind_export,,,,达人,
6763d4db0000000014026db0,巧儿媳送礼指南｜高段位送礼??婆媳关系拿捏,"https://www.xiaohongshu.com/explore/6763d4db0000000014026db0?xsec_token=WBXAe8uZxbbbq4n-VSONOYmUeFjXJ3O3eRwoeYvLMEb0s=&xsec_source=pc_wind_export
https://www.xiaohongshu.com/explore/6763d4db0000000014026db0?xsec_token=WBXAe8uZxbbbq4n-VSONOYmVGcVuSN4bHoltYHfWgHPOg=&xsec_source=pc_wind_export",,,,达人,
67b401c500000000090174ed,内调抗时光|女生越吃越贵气的秘密！,https://www.xiaohongshu.com/explore/67b401c500000000090174ed?xsec_token=WBqN5K6Zg2JKR5TNzFf5gfY29tVU_6ZzvoSbecEbZF81I=&xsec_source=pc_wind_export,,,,达人,
672b3e06000000001b0134b6,小仙炖大放价！天花板燕窝 直播间骨折价,https://www.xiaohongshu.com/explore/672b3e06000000001b0134b6?xsec_token=WBEYBXldae2iMFm3sz_uq2yezGh8rrSbalaRovoKWCt5M=&xsec_source=pc_wind_export,,,,新号,
676a51a800000000130019b4,太好了是小仙炖！今年拜年有救了！！,https://www.xiaohongshu.com/explore/676a51a800000000130019b4?xsec_token=WBRI8wU1S6JqLiepq04wbZ6myJYLkT4OjQ4xnr9AAMDZI=&xsec_source=pc_wind_export,,,,达人,
6763e8500000000014023d0c,节日聚会仪式感，一代人有一代人的家宴??,"https://www.xiaohongshu.com/explore/6763e8500000000014023d0c?xsec_token=WBXAe8uZxbbbq4n-VSONOYmaJV3u8h2QQOUMK9hu0zL80=&xsec_source=pc_wind_export
https://www.xiaohongshu.com/explore/6763e8500000000014023d0c?xsec_token=WBXAe8uZxbbbq4n-VSONOYmcXGa3jlSz0eqAO6vQ5zOiI=&xsec_source=pc_wind_export",,,,达人,
67b5571c000000000602b21f,一篇看懂??长期主义者怎么选燕窝,https://www.xiaohongshu.com/explore/67b5571c000000000602b21f?xsec_token=WBeORh3YgfbrIHnKTT3aKpncGufZvxKQX27rIM5Zgewdc=&xsec_source=pc_wind_export,,,,达人,
67286f8f000000003c01a136,孕期燕窝选择直接抄作业 内调滋补囤货get,"https://www.xiaohongshu.com/explore/67286f8f000000003c01a136?xsec_token=WBjmqMDErxCb-6v2j8-qnDC-MvSaImrNXk3P5Yk1UgSQA=&xsec_source=pc_wind_export
https://www.xiaohongshu.com/explore/67286f8f000000003c01a136?xsec_token=WBjmqMDErxCb-6v2j8-qnDC6YrewHOWGE7r2dDTrovFbM=&xsec_source=pc_wind_export",,合集,,日弘,
67690d37000000000800fe9a,新年送礼 | 心意满分的实用指南,"https://www.xiaohongshu.com/explore/67690d37000000000800fe9a?xsec_token=WBzeZyi2-zNZcP2DsFVAc70Gze5s91mmfcTUiAKFka4NQ=&xsec_source=pc_wind_export
https://www.xiaohongshu.com/explore/67690d37000000000800fe9a?xsec_token=WBzeZyi2-zNZcP2DsFVAc70MwySF3AKBEexGxoFmtY8E4=&xsec_source=pc_wind_export",,,,达人,
67b7ce3a000000002900a0ea,35+保养｜小仙炖or燕之屋，谁才是保养神器？??,https://www.xiaohongshu.com/explore/67b7ce3a000000002900a0ea?xsec_token=WByQZOpyuFM7Qk0Mar1Z376xp7Gk5AhmNO7LZP69N2Yrk=&xsec_source=pc_wind_export,,,,达人,
67b42686000000002902d5fb,吃过才敢说！二胎妈妈轻松拿捏好气色,https://www.xiaohongshu.com/explore/67b42686000000002902d5fb?xsec_token=WBqN5K6Zg2JKR5TNzFf5gfY-XINqhCLApgq4O98sKco_8=&xsec_source=pc_wind_export,,,,达人,
67b6c4d3000000002503f16c,燕窝大PK??小仙炖VS燕之屋应该怎么选？,https://www.xiaohongshu.com/explore/67b6c4d3000000002503f16c?xsec_token=WBJ4gDDlEap8eS0o3oe9QkzVnP_T0Y6s2uyauHxkB9ADI=&xsec_source=pc_wind_export,,,,达人,
67b5a9aa000000002a00d304,小仙炖VS燕之屋，谁是准妈妈的滋补首选?,https://www.xiaohongshu.com/explore/67b5a9aa000000002a00d304?xsec_token=WBeORh3YgfbrIHnKTT3aKpnU2YtvfAnnTqRtbSlNuKwck=&xsec_source=pc_wind_export,,,,达人,
67be87e7000000000602b0b2,0+延长好状态??内调燕窝真实测评??,https://www.xiaohongshu.com/explore/67be87e7000000000602b0b2?xsec_token=WBA6OqGNo6PbHsBdmOYYLek57FEp4rjJkUHcY8Eq0ByUY=&xsec_source=pc_wind_export,,,,达人,
67b6db78000000002903cace,30+女生内调外养逆袭｜3??招养出素颜好皮肤,https://www.xiaohongshu.com/explore/67b6db78000000002903cace?xsec_token=WBJ4gDDlEap8eS0o3oe9QkzcNLhPy14-L1NcbfEpnrs-M=&xsec_source=pc_wind_export,,,,达人,
67b84f8d0000000029024f25,孕期燕窝吃对了嘛?3胎孕妈教你这么吃??,https://www.xiaohongshu.com/explore/67b84f8d0000000029024f25?xsec_token=WBZhCN2DSd-Cqye2XmS-pXVhcAR6dgSpVQC5YNPRmNPZY=&xsec_source=pc_wind_export,,,,达人,
67bc1753000000000b01603f,生完还是气血美人?我应得的,https://www.xiaohongshu.com/explore/67bc1753000000000b01603f?xsec_token=WBEN5z_jtFHRVnBTa_iRQV5akE2SvXYVTqKbgypRp4sSk=&xsec_source=pc_wind_export,,,,达人,
67b71bc3000000002803c2f0,产后去妈味！我究竟做了那些努力??,https://www.xiaohongshu.com/explore/67b71bc3000000002803c2f0?xsec_token=WByQZOpyuFM7Qk0Mar1Z376_KHttjuVpr0UB3o1Vq8cHE=&xsec_source=pc_wind_export,,,,达人,
67c0051a000000000603a8c8,do脸人仙品，美美项目续航全靠它！,https://www.xiaohongshu.com/explore/67c0051a000000000603a8c8?xsec_token=WBG3EH4EeDdTxTtKtHui74B_7g7RGrsIZAcX-m5x99VsA=&xsec_source=pc_wind_export,,,,达人,
67b2fbbf000000002900dfe1,鲜炖燕窝不盲选，产后黄金修复期千万别错过！,https://www.xiaohongshu.com/explore/67b2fbbf000000002900dfe1?xsec_token=WBRdLogAfCnINlCRh3zqLp6OIjoDKZzHXYHRJlw2gfR20=&xsec_source=pc_wind_export,,,,达人,
67bee73f000000001203ca9e,孕期养出好状态，产检一路绿灯??,https://www.xiaohongshu.com/explore/67bee73f000000001203ca9e?xsec_token=WBA6OqGNo6PbHsBdmOYYLekwPKwTGhTcehU69qRHGb9-c=&xsec_source=pc_wind_export,,,,达人,
67b84ac8000000002900f776,产后爆改3步曲 速速马住！,https://www.xiaohongshu.com/explore/67b84ac8000000002900f776?xsec_token=WBZhCN2DSd-Cqye2XmS-pXVixb1pQHmqJgKk38KbUAVYc=&xsec_source=pc_wind_export,,,,达人,
67b84345000000002902d5d8,小仙炖or燕之屋？选对燕窝！轻松养出少女肌??,https://www.xiaohongshu.com/explore/67b84345000000002902d5d8?xsec_token=WBZhCN2DSd-Cqye2XmS-pXVkL9YNuvh9KoH8f2wferhMU=&xsec_source=pc_wind_export,,,,达人,
67b83e48000000002901ccde,职场??保养 小仙炖or燕之屋 选对燕窝,https://www.xiaohongshu.com/explore/67b83e48000000002901ccde?xsec_token=WBZhCN2DSd-Cqye2XmS-pXVgLjj8dNPM8jvLZ6ss1ZCC8=&xsec_source=pc_wind_export,,,,达人,
68076772000000001202d544,懂事的女儿给妈妈准备好这份便捷健康礼啦??,https://www.xiaohongshu.com/explore/68076772000000001202d544?xsec_token=WB3VyhquFPQ-luqmxYl1XoI4vi2hDCyAro_WW5Ap7IL7c=&xsec_source=pc_wind_export,,,,达人,
6805fd5e000000001c0017ae,母亲节礼物 不送首饰护肤品还能送什么？,https://www.xiaohongshu.com/explore/6805fd5e000000001c0017ae?xsec_token=WBXt-Gb8wKttUd0Y3kLEWBDFzVPACGq-weu1sWqLxxRD8=&xsec_source=pc_wind_export,,,,达人,
680767ce000000001d03bbc8,是婆婆也是姐妹??母亲节送她一份滋养和美丽,https://www.xiaohongshu.com/explore/680767ce000000001d03bbc8?xsec_token=WB3VyhquFPQ-luqmxYl1XoI1kZ2ctxgToHsB45Bo74BcQ=&xsec_source=pc_wind_export,,,,达人,
6808d79c000000001d00955c,母亲节宠妈??指南︱送妈妈直接被追着夸！,https://www.xiaohongshu.com/explore/6808d79c000000001d00955c?xsec_token=WBPqVfs1EFjCwxL9tet5BurXLJGWXpaRZD2faTKSDHBWw=&xsec_source=pc_wind_export,,,,达人,
6807676a000000000e00788d,母亲节送礼指南 |妈妈的美丽由我守护！,https://www.xiaohongshu.com/explore/6807676a000000000e00788d?xsec_token=WB3VyhquFPQ-luqmxYl1XoIyA3K2i3QShs42n_1ZxRXxI=&xsec_source=pc_wind_export,,,,达人,
6811e0d2000000002202bc03,618！快用食补燕窝开启焕新滋养,https://www.xiaohongshu.com/explore/6811e0d2000000002202bc03?xsec_token=WBkKYhgRrUKoYrS0olz46osdxQq9YzbTIAYQAJW7FJbNY=&xsec_source=pc_wind_export,,美容养颜,,日弘,
67d7cfbe000000001d0396c3,孕妈必看！这波羊毛薅得值哭！！,https://www.xiaohongshu.com/explore/67d7cfbe000000001d0396c3?xsec_token=WB5hlTAP2UNm6fx-DJa8Sf9cNpHsYJ9rDO7XEaouyjoa4=&xsec_source=pc_wind_export,,,,新号,
684fd77c0000000021007568,别再舍不得吃燕窝了!!!,https://www.xiaohongshu.com/explore/684fd77c0000000021007568?xsec_token=WB8PbxzlKUYAAX8rKz-6bP-q4VbUU3p4cnFpeVyrzJtbc=&xsec_source=pc_wind_export,,,,新号,
67d14c13000000002900dc64,薛凯琪保持少女感内调好物！真的很可以！,https://www.xiaohongshu.com/explore/67d14c13000000002900dc64?xsec_token=WBtcQAngKmRbsNuvK-JmgWQvdDi4edjhTLIqVM_Qx7k04=&xsec_source=pc_wind_export,,,,新号,
684fd60a000000002001f921,这就是不分昼夜吃小仙炖的后果......,https://www.xiaohongshu.com/explore/684fd60a000000002001f921?xsec_token=WB8PbxzlKUYAAX8rKz-6bP-uCZA7-dVm0B8fvk8poZegA=&xsec_source=pc_wind_export,,,,新号,
67eccf71000000001d000628,夏天惊艳所有人？就靠小仙炖燕窝 “偷卷”,https://www.xiaohongshu.com/explore/67eccf71000000001d000628?xsec_token=WBjRSnQoHdpOO0ujCJYaN0q-8TRUzzHv7R7EAcydg7I4U=&xsec_source=pc_wind_export,,,,新号,
67ff4a42000000001c02cd67,被小仙炖鲜炖燕窝拿捏了！一口就爱到不行,https://www.xiaohongshu.com/explore/67ff4a42000000001c02cd67?xsec_token=WBZ74vtYBchinFD02f30DYopdM8WVc3cGYqG5Ry2OOGww=&xsec_source=pc_wind_export,,,,新号,
681c2f4e000000001200025f,孕妈自救指南！熬夜续命全靠这口……,https://www.xiaohongshu.com/explore/681c2f4e000000001200025f?xsec_token=WBbBRwZfKGRU0B2Sdj5KMWhe5gh_-RrTyqIJ9bK1iAfHI=&xsec_source=pc_wind_export,,,,达人,
6807652d000000000903a71d,母亲节就送小仙炖！别家燕窝真的比不了~,https://www.xiaohongshu.com/explore/6807652d000000000903a71d?xsec_token=WB3VyhquFPQ-luqmxYl1XoI5JGeam8qoePwaVoYH6lMaQ=&xsec_source=pc_wind_export,,,,达人,
68076289000000001c02dd2e,母亲节戳中婆婆心窝的礼盒，安排！,https://www.xiaohongshu.com/explore/68076289000000001c02dd2e?xsec_token=WB3VyhquFPQ-luqmxYl1XoI6k2Zt_3aIG6yZ6jGxKNsfs=&xsec_source=pc_wind_export,,,,达人,
6808e0c3000000000f03b829,母亲节健康礼｜给麻麻安排上想要的礼物啦??,https://www.xiaohongshu.com/explore/6808e0c3000000000f03b829?xsec_token=WBPqVfs1EFjCwxL9tet5BurV93rgQTcOvIbGyGJCBoDZc=&xsec_source=pc_wind_export,,,,达人,
681af9ed00000000210032c8,夏日专属漂亮感！老祖宗的方法真的????,https://www.xiaohongshu.com/explore/681af9ed00000000210032c8?xsec_token=WBS3EqOBOmKES-EukBfAgoCappUqwAF06qTRo2dwG_KII=&xsec_source=pc_wind_export,,,,达人,
6811c3ea000000002101b0bf,32岁砸钱养颜，美貌已经next level,https://www.xiaohongshu.com/explore/6811c3ea000000002101b0bf?xsec_token=WBkKYhgRrUKoYrS0olz46osRdCfbfv7Qr9VIbZaDuHeN0=&xsec_source=pc_wind_export,,,,达人,
6800cdb1000000001b024f05,41 岁 INTJ 送礼思考：先读懂妈妈，再选礼物,https://www.xiaohongshu.com/explore/6800cdb1000000001b024f05?xsec_token=WBBwUWKI6BcdgJ6PcoEHdCgiyndAz9WHEfqGKcNMRaml0=&xsec_source=pc_wind_export,,,,达人,
6800d1d1000000001b03f288,1+1=4圆满啦，母亲节被直男老公的礼物拿捏了,https://www.xiaohongshu.com/explore/6800d1d1000000001b03f288?xsec_token=WBBwUWKI6BcdgJ6PcoEHdCgshh2R9tZ2tQcUj8W-rmMXo=&xsec_source=pc_wind_export,,,,达人,
6805e36f0000000009039ae4,送婆婆一场由内而外的美丽滋养,https://www.xiaohongshu.com/explore/6805e36f0000000009039ae4?xsec_token=WBXt-Gb8wKttUd0Y3kLEWBDFCLmDTrCxLSY2x4U9cnZX8=&xsec_source=pc_wind_export,,,,达人,
68109827000000000e005c1f,熬夜人狂喜！内调保养真的别太绝..,https://www.xiaohongshu.com/explore/68109827000000000e005c1f?xsec_token=WBY5DnD3Wa1_MXZIYybRrfg_hiEJo4kXvabJRHa78QyL0=&xsec_source=pc_wind_export,,,,达人,
6800c01e000000001d01a376,小预算大心意 | 送给婆婆的母亲节实用礼物,https://www.xiaohongshu.com/explore/6800c01e000000001d01a376?xsec_token=WBBwUWKI6BcdgJ6PcoEHdCgroe08c2DgGt58BJHOpixEM=&xsec_source=pc_wind_export,,,,达人,
6821ebc40000000012004683,职场高压亚健康？养生界黑马让我状态up??,https://www.xiaohongshu.com/explore/6821ebc40000000012004683?xsec_token=WBovRDD-g0z8P0LuWGu74BcvYUgMHZXkvx5FVEejF4EzE=&xsec_source=pc_wind_export,,,,达人,
6808bdc2000000001d0163b7,母亲节放大招！选礼物不纠结！！！,https://www.xiaohongshu.com/explore/6808bdc2000000001d0163b7?xsec_token=WBPqVfs1EFjCwxL9tet5BurTPXHFrdfopAaPHmz7oq_D4=&xsec_source=pc_wind_export,,,,达人,
68060088000000001e0016c1,人生中第一份母亲节礼物??,https://www.xiaohongshu.com/explore/68060088000000001e0016c1?xsec_token=WBp22KrrRSIauxp8Wept-l-D-5wGp84cUW7VfgtiNfr0Y=&xsec_source=pc_wind_export,,,,达人,
68091840000000001200dc9c,母亲节｜记得给妈妈送一份美丽和健康,https://www.xiaohongshu.com/explore/68091840000000001200dc9c?xsec_token=WB6zHqZtPxt8xSYWcoxsKW_MlLgvr4LqdOzROCIDGJ6lk=&xsec_source=pc_wind_export,,,,达人,
6800664f000000001c01d849,母亲节健康好礼！凭实力让老妈光彩照人,https://www.xiaohongshu.com/explore/6800664f000000001c01d849?xsec_token=WBBwUWKI6BcdgJ6PcoEHdCgjfcEGWJRE2zEDmNzt8p0Ow=&xsec_source=pc_wind_export,,,,达人,
6800c454000000000b01d345,??母亲节送礼价值感好物清单｜小贵但实用,https://www.xiaohongshu.com/explore/6800c454000000000b01d345?xsec_token=WBBwUWKI6BcdgJ6PcoEHdCgpLPQK0CR4n6Lxn0JNYJRhY=&xsec_source=pc_wind_export,,,,达人,
6800bbcb000000001c02d18b,贴心儿媳请进? ?我们有救了！母亲节礼物指南,https://www.xiaohongshu.com/explore/6800bbcb000000001c02d18b?xsec_token=WBBwUWKI6BcdgJ6PcoEHdCgtmJskz_lMjporEA9tJz1P8=&xsec_source=pc_wind_export,,,,达人,
682165dd0000000023001f78,25+内调上岸！吃出好气色,https://www.xiaohongshu.com/explore/682165dd0000000023001f78?xsec_token=WBovRDD-g0z8P0LuWGu74Bch6YWFoijCMK0OYby5Jdko4=&xsec_source=pc_wind_export,,,,达人,
6807173f000000001d0216f9,母亲节满分礼物，价值健康美丽心意全都要,https://www.xiaohongshu.com/explore/6807173f000000001d0216f9?xsec_token=WB3VyhquFPQ-luqmxYl1XoI9fhjBf6cN4zJWdBJrA1ia8=&xsec_source=pc_wind_export,,,,达人,
6800c372000000001c02f790,红色旺中女！母亲节送礼灵感！,https://www.xiaohongshu.com/explore/6800c372000000001c02f790?xsec_token=WBBwUWKI6BcdgJ6PcoEHdCgswaIdIpqziiKG3dAaV027Y=&xsec_source=pc_wind_export,,,,达人,
6809a669000000001b024e24,母亲节送礼指南！别只送项链手镯啦！,https://www.xiaohongshu.com/explore/6809a669000000001b024e24?xsec_token=WB6zHqZtPxt8xSYWcoxsKW_BaHAGXbPQp2gCAF4WWpUGA=&xsec_source=pc_wind_export,,,,达人,
680767e3000000000e007a69,时间浇灌的礼物，送给最爱的妈妈,https://www.xiaohongshu.com/explore/680767e3000000000e007a69?xsec_token=WB3VyhquFPQ-luqmxYl1XoI8H78aGmjkiv8P-gf_BXtTk=&xsec_source=pc_wind_export,,,,达人,
6805dddc000000000b01d2fb,母亲节送礼！????别忘了给婆婆也带份年轻??,https://www.xiaohongshu.com/explore/6805dddc000000000b01d2fb?xsec_token=WBXt-Gb8wKttUd0Y3kLEWBDPNl8WFrmfeivWWpWjNu2EE=&xsec_source=pc_wind_export,,,,达人,
6801c81b000000001e0093b9,母亲节！非遗绒花×燕窝！直接拿捏妈妈的心,https://www.xiaohongshu.com/explore/6801c81b000000001e0093b9?xsec_token=WBB_HmrfZbBx-AcwVLAujvgdBZt3mPl0vo7Q_NwpRODgs=&xsec_source=pc_wind_export,,,,达人,
6805eb13000000001c0376ad,母亲节送礼丨做妈妈的完美女儿！,https://www.xiaohongshu.com/explore/6805eb13000000001c0376ad?xsec_token=WBXt-Gb8wKttUd0Y3kLEWBDPLuXrcrbILLuU6Aa_WxF8w=&xsec_source=pc_wind_export,,,,达人,
6808d60a000000001e00427b,孝顺女儿！母亲节给妈妈送这个～,https://www.xiaohongshu.com/explore/6808d60a000000001e00427b?xsec_token=WBPqVfs1EFjCwxL9tet5Burb9LPnatfDHRcAui0GBT79Q=&xsec_source=pc_wind_export,,,,达人,
6802399a000000001e00be07,成为妈妈后的仪式感，被闺蜜的礼物戳中心窝！,https://www.xiaohongshu.com/explore/6802399a000000001e00be07?xsec_token=WBujT_9mE_ClnUIVtBqjhoq-fDQ-agsPOQQ_-juQV-qc8=&xsec_source=pc_wind_export,,,,达人,
6800d42a000000001c035356,母亲节满分贴心礼物！妈妈健康才重要！！,https://www.xiaohongshu.com/explore/6800d42a000000001c035356?xsec_token=WBBwUWKI6BcdgJ6PcoEHdCghSkMzKKNTSaevrmFS3KbgM=&xsec_source=pc_wind_export,,,,达人,
6814d0ab0000000009015cbd,30+妈妈，保持少女感的养生滋补秘诀,https://www.xiaohongshu.com/explore/6814d0ab0000000009015cbd?xsec_token=WBLA-YzAbBNZfDzNTJKrtr6srcztn-vV3brmczrKzqZMI=&xsec_source=pc_wind_export,,,,达人,
681c2b17000000000f032bf5,吃上细糠啦? 30+素颜状态开挂！,https://www.xiaohongshu.com/explore/681c2b17000000000f032bf5?xsec_token=WBbBRwZfKGRU0B2Sdj5KMWhaAXS14n7G3bqxLGIgxO1Rw=&xsec_source=pc_wind_export,,,,达人,
6800bf75000000001d0039da,比起瓶瓶罐罐，妈妈更爱这盒会「说话」的礼物！,https://www.xiaohongshu.com/explore/6800bf75000000001d0039da?xsec_token=WBBwUWKI6BcdgJ6PcoEHdCgkBope4WvvfvIm3K5Z09lpQ=&xsec_source=pc_wind_export,,,,达人,
67fe0662000000001c02e831,当非遗绒花遇见燕窝，送给妈妈的时光滋养礼,https://www.xiaohongshu.com/explore/67fe0662000000001c02e831?xsec_token=WBLP2dOxJyZGzBMy7qlUL6t4jW8j-mdIq8CjIBd5etYNA=&xsec_source=pc_wind_export,,,,达人,
68074fdd000000001c037c01,母亲节送礼丨藏在礼盒里的爱意,https://www.xiaohongshu.com/explore/68074fdd000000001c037c01?xsec_token=WB3VyhquFPQ-luqmxYl1XoIzcSQ8nPFuS-TepL4esarsY=&xsec_source=pc_wind_export,,,,达人,
682fc154000000002002a87c,小仙炖??燕之屋｜孕期燕窝滋补指南??,https://www.xiaohongshu.com/explore/682fc154000000002002a87c?xsec_token=WBpo1c6swmGPIzua7Mo1q5zHzfINt5P0ApU3pa83cWZQw=&xsec_source=pc_wind_export,,,,达人,
6839cd28000000001101e343,30天吃空15瓶！好气色在这一刻具象化了...,https://www.xiaohongshu.com/explore/6839cd28000000001101e343?xsec_token=WBjpMq4jNjeHanmdrpXGR_xmXU-8ouJIsIU_pzcHoopdo=&xsec_source=pc_wind_export,,,,达人,
682d89320000000012001197,我服了这是什么密码……,https://www.xiaohongshu.com/explore/682d89320000000012001197?xsec_token=WBWnG3UBiEC_Vedyxztr-ZRa5EUP_VGGkqjGs6_VPBQwA=&xsec_source=pc_wind_export,,,,达人,
681c8340000000002202ad9f,46岁新闻妈妈的时光保鲜术，燕窝立大功！,https://www.xiaohongshu.com/explore/681c8340000000002202ad9f?xsec_token=WBbBRwZfKGRU0B2Sdj5KMWhcRxAdUBoWhhvTX2xkKmjCA=&xsec_source=pc_wind_export,,,,达人,
6838375f000000002001d24d,普通人如何医美效果最大化,https://www.xiaohongshu.com/explore/6838375f000000002001d24d?xsec_token=WBXYgTrg4H2VoclZIWrqyyiBfuytnplhK8So_yLxmfLgg=&xsec_source=pc_wind_export,,,,达人,
680239ef000000001d018ce7,40+姐姐??好状态的尽头是内养外调...,https://www.xiaohongshu.com/explore/680239ef000000001d018ce7?xsec_token=WBujT_9mE_ClnUIVtBqjhoq-rXTqG2GmeWS2hulIz3wiw=&xsec_source=pc_wind_export,,,,达人,
67beb4c20000000029017bc7,产后保养关键期！谁才是妈妈们的滋补神器？,https://www.xiaohongshu.com/explore/67beb4c20000000029017bc7?xsec_token=WBA6OqGNo6PbHsBdmOYYLek4o67r4VmoAft3XhGaPN4Jw=&xsec_source=pc_wind_export,,,,达人,
67be79c6000000002900c362,二胎妈妈亲测！小仙炖3 款对比超详细,https://www.xiaohongshu.com/explore/67be79c6000000002900c362?xsec_token=WBA6OqGNo6PbHsBdmOYYLek3alkxx75QVeKh6ctaxhGUY=&xsec_source=pc_wind_export,,,,达人,
67b5aa4e000000002902cc16,小仙炖还是燕之屋?跟着贵妇??选准没错,https://www.xiaohongshu.com/explore/67b5aa4e000000002902cc16?xsec_token=WBeORh3YgfbrIHnKTT3aKpnUiEV3YICWtvecwPgALixdc=&xsec_source=pc_wind_export,,,,达人,
68373c62000000000303a9b0,618给我冲啊！内养变美必囤的人生燕窝！！,https://www.xiaohongshu.com/explore/68373c62000000000303a9b0?xsec_token=WBru5dBPf3GIHOl5bm8LvaoekMegmGvznY9-mdhW7hEeM=&xsec_source=pc_wind_export,,,,达人,
683a71be000000001101c2be,内在保养太牛了！产后9月美回孕前??,https://www.xiaohongshu.com/explore/683a71be000000001101c2be?xsec_token=WBSCh9TcKh5UUiu9DsaRWdbiBBK2pB7rSGCms8accKEF0=&xsec_source=pc_wind_export,,,,达人,
68301174000000002300eb02,内调外养我悟了！原来是这么简单..,https://www.xiaohongshu.com/explore/68301174000000002300eb02?xsec_token=WBZPXFeFWAxcZ8ozPEStdz1ruP9oXsZmfWnA7627xZAN8=&xsec_source=pc_wind_export,,,,达人,
682efa2c000000000303a2c7,omg...多亏小仙炖拯救了我,https://www.xiaohongshu.com/explore/682efa2c000000000303a2c7?xsec_token=WBJsZZ9NguGx378Z_gHh1yz_VCdExHrvuIK-AJLEHMg3o=&xsec_source=pc_wind_export,,,,达人,
67ff4c28000000001e005c3c,二胎孕妈经验！吃燕窝=费钱费时间？,https://www.xiaohongshu.com/explore/67ff4c28000000001e005c3c?xsec_token=WBZ74vtYBchinFD02f30DYojxRO20n6nXBZB8LMJd3zFo=&xsec_source=pc_wind_export,,,,达人,
6838388a00000000120066b0,科技护肤隐藏短板？内养不够=效果减半,https://www.xiaohongshu.com/explore/6838388a00000000120066b0?xsec_token=WBXYgTrg4H2VoclZIWrqyyiKMgjHwUgCsj2qPc50ZHqPM=&xsec_source=pc_wind_export,,,,达人,
6834059a000000002001e7b6,孕期??燕窝选购指南5?招教你避开90%的坑,https://www.xiaohongshu.com/explore/6834059a000000002001e7b6?xsec_token=WB9zT0xdHxfvabL4YrmafXcgCyHFWpgkZilrb7W79bzbc=&xsec_source=pc_wind_export,,,,达人,
67be9584000000002a00333f,30+精致妈妈|少女感的尽头是“内外兼修”,https://www.xiaohongshu.com/explore/67be9584000000002a00333f?xsec_token=WBA6OqGNo6PbHsBdmOYYLek45WXWK5tHTQolqCpOVpYI8=&xsec_source=pc_wind_export,,,,达人,
682ae450000000001200568d,一定要去感受吃明星同款燕窝的杀伤力,https://www.xiaohongshu.com/explore/682ae450000000001200568d?xsec_token=WB-y1sIiLOas9ogT-8rwRaW7UccOxMeUbBEEkj1gxSSxQ=&xsec_source=pc_wind_export,,,,新号,
68240ad7000000002100f8b3,中式养脸太牛??坚持30天，素颜好状态上岸！,https://www.xiaohongshu.com/explore/68240ad7000000002100f8b3?xsec_token=WBUKDTSRMv8NmFk4mER22l--_D0Ay-cdI92gQ3ufl0dog=&xsec_source=pc_wind_export,,,,达人,
67e652a9000000001c00e81c,??小仙炖福利反转，快逃大冤种坑！,https://www.xiaohongshu.com/explore/67e652a9000000001c00e81c?xsec_token=WB3VtAnzeDBOXbSmtlm1mU_H9wm-VK6d19w2C9TiqcMI8=&xsec_source=pc_wind_export,,,,新号,
6822d3830000000021007ea6,上海小富裕女生产后逆袭，直接气色开挂！,https://www.xiaohongshu.com/explore/6822d3830000000021007ea6?xsec_token=WB0bVUEJOHmEk_W_PnRlfXx4tUz4jIHteLTMeczre23EA=&xsec_source=pc_wind_export,,,,新号,
682ae685000000000303fb89,618手把手教你买燕窝！且省下买包的??！,https://www.xiaohongshu.com/explore/682ae685000000000303fb89?xsec_token=WB-y1sIiLOas9ogT-8rwRaW0-L37YNxOPZ9LiYye41oDo=&xsec_source=pc_wind_export,,,,新号,
6773cc4000000000090155ef,注意看！这个小瓶子就是贵妇收割器~,https://www.xiaohongshu.com/explore/6773cc4000000000090155ef?xsec_token=WBEWwjuHC-YHVx8bzaPkBL4d4bPRcIo4WZw3ZCzv5J7Kw=&xsec_source=pc_wind_export,,,,新号,
682bfe1f0000000020028458,孕早期没吃燕窝？现在补还来得及！！,https://www.xiaohongshu.com/explore/682bfe1f0000000020028458?xsec_token=WBJDYJdZkztuvfU8awSgvK-Y85sk__vGREaVqLSchCB28=&xsec_source=pc_wind_export,,,,新号,
67ff4920000000001202de6b,小仙炖鲜炖燕窝，让你美到男友不撒手,https://www.xiaohongshu.com/explore/67ff4920000000001202de6b?xsec_token=WBZ74vtYBchinFD02f30DYorSqCo6uDvJ4i2aiRiYaDQk=&xsec_source=pc_wind_export,,,,新号,
67e6520e000000001e00191a,??惊！小仙炖活动堪比 “白送”,https://www.xiaohongshu.com/explore/67e6520e000000001e00191a?xsec_token=WB3VtAnzeDBOXbSmtlm1mU_DTIw69XZDSw7XBMYOGHyso=&xsec_source=pc_wind_export,,,,新号,
67f8b7fb000000001c01422c,天呐！广东夫妇太牛，小仙炖价格大跳水,https://www.xiaohongshu.com/explore/67f8b7fb000000001c01422c?xsec_token=WBRUveFI2Cwnm824KlOAqUmzInlAs7qCCda1OnwcMSqSc=&xsec_source=pc_wind_export,,,,新号,
6960dc21000000001a020d6a,健康版送礼指南！亲戚家人猛猛夸,https://www.xiaohongshu.com/explore/6960dc21000000001a020d6a?xsec_token=WBznv7eHWM4BkNVLwKgLo-8PQa_KgCGaUXb54Pltv8LPg=&xsec_source=pc_wind_export,健康办送礼,马年礼盒,家庭送礼,新号,马年礼盒
6960db7d000000001a030709,小仙炖x非遗螺钿丨新年顶配礼盒,https://www.xiaohongshu.com/explore/6960db7d000000001a030709?xsec_token=WBznv7eHWM4BkNVLwKgLo-8LuoLrnM54DgQfq8OIPEcFA=&xsec_source=pc_wind_export,顶配礼盒,马年礼盒,送礼多场景合集,新号,马年礼盒
6960dc64000000001a020f21,新年送礼现在囤价格超划算,https://www.xiaohongshu.com/explore/6960dc64000000001a020f21?xsec_token=WBznv7eHWM4BkNVLwKgLo-8H12J3ER-EGNdppE7ScIrSc=&xsec_source=pc_wind_export,新年送礼现在囤,马年礼盒-送长辈,家庭送礼,新号,马年礼盒
6960dbc8000000000e03df4e,高级实用又走心?过年送礼看这篇就够了??,https://www.xiaohongshu.com/explore/6960dbc8000000000e03df4e?xsec_token=WBznv7eHWM4BkNVLwKgLo-8J2ZJvDfrc0ZGfLYIyidGPY=&xsec_source=pc_wind_export,高级实用,马年礼盒,送礼多场景合集,新号,马年礼盒
6960ddc9000000001a025101,花小钱办大事丨过年送礼就选它,https://www.xiaohongshu.com/explore/6960ddc9000000001a025101?xsec_token=WBznv7eHWM4BkNVLwKgLo-8KViXeInX0ctav9wFYj_oLY=&xsec_source=pc_wind_export,就选它,大促机制,用户教育/心智,新号,星光款
6960de11000000001a0252ca,冬季福利顶奢滋补就现在,https://www.xiaohongshu.com/explore/6960de11000000001a0252ca?xsec_token=WBznv7eHWM4BkNVLwKgLo-8FFRFYNUxdCYnNMqAsbOTkU=&xsec_source=pc_wind_export,顶奢滋补,大促机制,用户教育/心智,新号,星光款
6960de80000000001a02d96a,太好了是小仙炖！今年拜年有救了！！,https://www.xiaohongshu.com/explore/6960de80000000001a02d96a?xsec_token=WBznv7eHWM4BkNVLwKgLo-8JX8Y90XlFSUlGhgxtWtxpI=&xsec_source=pc_wind_export,拜年有救,马年礼盒,家庭送礼,新号,马年礼盒
6960ded9000000001a02db9b,孕期长胎不长肉就靠它了,https://www.xiaohongshu.com/explore/6960ded9000000001a02db9b?xsec_token=WBznv7eHWM4BkNVLwKgLo-8ABnSojeq1IqCzFrIBmKEUY=&xsec_source=pc_wind_export,就靠它了,孕产滋补,,新号,星光款
6960df18000000001a03727f,妈咪孕期营养秘籍：吃燕窝，一人吃两人补,https://www.xiaohongshu.com/explore/6960df18000000001a03727f?xsec_token=WBznv7eHWM4BkNVLwKgLo-8BGyqHlDEOUJx2JRSwNTgR8=&xsec_source=pc_wind_export,妈咪孕期,孕产滋补,,新号,星光款
6960df74000000001a02df87,花小钱办大事过年送礼首选,https://www.xiaohongshu.com/explore/6960df74000000001a02df87?xsec_token=WBznv7eHWM4BkNVLwKgLo-8GkLpyzKBvREN4YPfjKgKkY=&xsec_source=pc_wind_export,送礼首选,马年礼盒,送礼多场景合集,新号,马年礼盒
6971e83c000000002102a49d,精致有面，给家人的新年仪式感,https://www.xiaohongshu.com/explore/6971e83c000000002102a49d?xsec_token=WBLx6j3GQZg-CZCps5Lkf3_EVnF8Evl_5VDABugQwrGN0=&xsec_source=pc_wind_export,精致有面,马年礼盒,送礼多场景合集,新号,马年礼盒
6971e295000000002203a255,送的不是礼，是愿家人安康的心意,https://www.xiaohongshu.com/explore/6971e295000000002203a255?xsec_token=WBLx6j3GQZg-CZCps5Lkf3_DVeSw519XRxSTq7Vvz05i4=&xsec_source=pc_wind_export,送的不是礼,马年礼盒,送礼多场景合集,新号,马年礼盒
6971e8ca000000002102a853,滋补好礼，是给丈母娘的新年关怀,https://www.xiaohongshu.com/explore/6971e8ca000000002102a853?xsec_token=WBLx6j3GQZg-CZCps5Lkf3_FHIMDNpC-7A__NYFKtFszg=&xsec_source=pc_wind_export,新年关怀,马年礼盒,家庭送礼,新号,马年礼盒
6971e34a0000000022020f10,新年送礼指南，有面又有心,https://www.xiaohongshu.com/explore/6971e34a0000000022020f10?xsec_token=WBLx6j3GQZg-CZCps5Lkf3_OxH-43Xz9U9PkhpK9sAeiY=&xsec_source=pc_wind_export,有面又有心,马年礼盒,送礼多场景合集,新号,马年礼盒
6971e3da000000002103dec8,一份有面子的礼，一份真健康的心,https://www.xiaohongshu.com/explore/6971e3da000000002103dec8?xsec_token=WBLx6j3GQZg-CZCps5Lkf3_BcP08c63ehzaK3sYKxpIxA=&xsec_source=pc_wind_export,真健康的心,马年礼盒,家庭送礼,新号,马年礼盒
6971ecee0000000022020e05,新年见丈母娘，带上这份健康大礼,https://www.xiaohongshu.com/explore/6971ecee0000000022020e05?xsec_token=WBLx6j3GQZg-CZCps5Lkf3_O-cOCVYam4tltPEcfrEJ4k=&xsec_source=pc_wind_export,健康大礼,马年礼盒,家庭送礼,新号,马年礼盒
6971e95e0000000022023609,婆家夸了一整年，这礼送得太有面,https://www.xiaohongshu.com/explore/6971e95e0000000022023609?xsec_token=WBLx6j3GQZg-CZCps5Lkf3_MPNmZvaUlwvlk7GV6Omalw=&xsec_source=pc_wind_export,太有面,马年礼盒,家庭送礼,新号,马年礼盒
6971edbd000000002202e066,马年送滋补，就送小仙炖新年礼盒,https://www.xiaohongshu.com/explore/6971edbd000000002202e066?xsec_token=WBLx6j3GQZg-CZCps5Lkf3_L5AMhuNfTtShCB0wvl4Bjc=&xsec_source=pc_wind_export,马年送滋补,马年礼盒,家庭送礼,新号,马年礼盒
6971ebc00000000022039f07,小仙炖礼盒，新年健康之选,https://www.xiaohongshu.com/explore/6971ebc00000000022039f07?xsec_token=WBLx6j3GQZg-CZCps5Lkf3_GlH7CeIGzkFDJgnuiFZD7g=&xsec_source=pc_wind_export,健康之选,马年礼盒,家庭送礼,新号,马年礼盒
6971ec4f00000000220209fb,全家共享，岁岁安康滋补礼,https://www.xiaohongshu.com/explore/6971ec4f00000000220209fb?xsec_token=WBLx6j3GQZg-CZCps5Lkf3_JsshU2xVHaja2yKBSwh1P8=&xsec_source=pc_wind_export,全家共享,马年礼盒,家庭送礼,新号,马年礼盒
6971ee23000000002103e27c,送健康，选小仙炖新年礼,https://www.xiaohongshu.com/explore/6971ee23000000002103e27c?xsec_token=WBLx6j3GQZg-CZCps5Lkf3_Jb5hOFcN9vR6C_FNudJGDs=&xsec_source=pc_wind_export,送健康,马年礼盒,家庭送礼,新号,马年礼盒
6971ef16000000002103e910,年终重磅！小仙炖买赠攻略，快码住,https://www.xiaohongshu.com/explore/6971ef16000000002103e910?xsec_token=WBLx6j3GQZg-CZCps5Lkf3_GGO6L_HoYndmeTNDu4wvr8=&xsec_source=pc_wind_export,快码住,马年礼盒,家庭送礼,新号,马年礼盒
6971ef8c00000000220093cb,太值预警！小仙炖年终礼遇拉满,https://www.xiaohongshu.com/explore/6971ef8c00000000220093cb?xsec_token=WBLx6j3GQZg-CZCps5Lkf3_CfM4xyVuXy8d3-ALZe0aGE=&xsec_source=pc_wind_export,太值预警,马年礼盒,家庭送礼,新号,马年礼盒
695e0356000000001a01c77c,抄作业成功！新年百元内适合送长辈的健康礼,https://www.xiaohongshu.com/explore/695e0356000000001a01c77c?xsec_token=WBemRuaMbXepmT2Fh77cyOiuXrGb1nt3TW8xaR6w1tGb8=&xsec_source=pc_wind_export,抄作业成功,马年礼盒,家庭送礼,日弘,马年礼盒
695f6dd6000000000e00e0f8,新年送进贵人心坎的非遗滋补礼！温润又养颜,https://www.xiaohongshu.com/explore/695f6dd6000000000e00e0f8?xsec_token=WBiX6I3kg7ppSjDhAF5mJThQWo3Hiwe0kyi-vppJz3i94=&xsec_source=pc_wind_export,非遗滋补礼,马年礼盒,商务送礼,日弘,马年礼盒
69718cb5000000000a031f18,在中国我们和父母很少说想你，我们说,https://www.xiaohongshu.com/explore/69718cb5000000000a031f18?xsec_token=WBLx6j3GQZg-CZCps5Lkf3_KyuQR2IN_J8ncFwQSUAp-o=&xsec_source=pc_wind_export,思远,马年礼盒,家庭送礼,达人,马年礼盒
696f1b51000000000a028fd8,我的新年礼物清单??把好运都装在里面啦！,https://www.xiaohongshu.com/explore/696f1b51000000000a028fd8?xsec_token=WBo0b5mWqVvRjLTc7iNbuguU3EbcvObK5pdTpOZODXQmY=&xsec_source=pc_wind_export,恩崽妈,马年礼盒,家庭送礼,达人,马年礼盒
696dab79000000001a02f807,回家倒计时vlog??英硕MKT打工人过年预备备,https://www.xiaohongshu.com/explore/696dab79000000001a02f807?xsec_token=WB3oNemjyLa18_sjOyX7aVkNMwn3iLdTOrSbolehS5CGo=&xsec_source=pc_wind_export,张锡纸,马年礼盒,家庭送礼,达人,马年礼盒
695f8822000000000b0115cb,新媳妇去婆家过年??一出手就是顶配,https://www.xiaohongshu.com/explore/695f8822000000000b0115cb?xsec_token=WBiX6I3kg7ppSjDhAF5mJThS1UysSIVu3ujR5PT9q5XBc=&xsec_source=pc_wind_export,酸奶加芥末,马年礼盒,家庭送礼,达人,马年礼盒
6970aa6e000000002202158e,差 4 岁姐弟恋??新婚第一年带老公回娘家啦,https://www.xiaohongshu.com/explore/6970aa6e000000002202158e?xsec_token=WBX33KA8Yhr9bt_hQHL2J56W3BMT_K-pp8YkrkWF3Qz0w=&xsec_source=pc_wind_export,金滚滚,马年礼盒,家庭送礼,达人,马年礼盒
696c72c0000000000b0087f0,“红”运当头??适合过年回家送妈妈的开运好物,https://www.xiaohongshu.com/explore/696c72c0000000000b0087f0?xsec_token=WB_4k94rkc_adExgKsSdhclXnzKkgEIr5vMDyO_yBzwrI=&xsec_source=pc_wind_export,xuwenjinx,马年礼盒,家庭送礼,达人,马年礼盒
695e3725000000000a02a6dd,跨越1000公里回家，给我妈准备的新年礼物??,https://www.xiaohongshu.com/explore/695e3725000000000a02a6dd?xsec_token=WBemRuaMbXepmT2Fh77cyOirxqb2d1PoaJJzJjfyiz8_E=&xsec_source=pc_wind_export,棋子Chess,马年礼盒,家庭送礼,达人,马年礼盒
6971f0ea000000000b011992,新年仪式感｜布置我的年味小家??,https://www.xiaohongshu.com/explore/6971f0ea000000000b011992?xsec_token=WBLx6j3GQZg-CZCps5Lkf3_O1Muy1i1bChq3BXdKV-7rk=&xsec_source=pc_wind_export,董璇,马年礼盒,家庭送礼,达人,马年礼盒
69732204000000002203aae0,新婚上门礼怎么送？闺蜜深夜来支招,https://www.xiaohongshu.com/explore/69732204000000002203aae0?xsec_token=WBDM92Opi25Xj7X09JVbTpx6KqIa7ISMLyLjDapKf1c30=&xsec_source=pc_wind_export,史黛拉,马年礼盒,家庭送礼,达人,马年礼盒
6968cb67000000002203903c,男友年前上门要名分了！！（已通关附教程,https://www.xiaohongshu.com/explore/6968cb67000000002203903c?xsec_token=WB9QLsK6gUZQh18OF1Hnas9eWCbCdMyenp7XSatnaNlbk=&xsec_source=pc_wind_export,杨杨??,马年礼盒,家庭送礼,达人,马年礼盒
6964f771000000000b00a512,过年见家长礼物清单 拿下一家人欢心（附教程,https://www.xiaohongshu.com/explore/6964f771000000000b00a512?xsec_token=WBCpdjAXWntck8U5vquOD-mOgLXsvnOuI5Qk6voQ38zu0=&xsec_source=pc_wind_export,初一不是十五,马年礼盒,家庭送礼,达人,马年礼盒
696600c9000000001a020b6e,过年见家长礼物搭配（附清单 有新意不出错,https://www.xiaohongshu.com/explore/696600c9000000001a020b6e?xsec_token=WBumC4yO97xXEyoutdI5QbExy8zMIHmg154SaG_yxHXSY=&xsec_source=pc_wind_export,有理想的小韩堡,马年礼盒,家庭送礼,达人,马年礼盒
696da845000000000a032e50,NewYear??年味清单已经提前准备就绪,https://www.xiaohongshu.com/explore/696da845000000000a032e50?xsec_token=WB3oNemjyLa18_sjOyX7aVkGJCHewrxXdMON-JrngH_Vk=&xsec_source=pc_wind_export,腿毛阿姨,马年礼盒,家庭送礼,达人,马年礼盒
696ca3e60000000021031d0d,带个靠谱的老公回家过年有多爽,https://www.xiaohongshu.com/explore/696ca3e60000000021031d0d?xsec_token=WB_4k94rkc_adExgKsSdhclShCDX_BL94TwpYMR-xFQdM=&xsec_source=pc_wind_export,轩子的杨,马年礼盒,家庭送礼,达人,马年礼盒
696e25af000000000a03287b,走亲戚各辈分送礼指南！眼前一亮又一亮?,https://www.xiaohongshu.com/explore/696e25af000000000a03287b?xsec_token=WBG5e3dxvx_p1e-RvuF6-3VQzxatuXnTQhcD4cwPg0tRA=&xsec_source=pc_wind_export,杨丢丢DIUDIU,马年礼盒,家庭送礼,达人,马年礼盒
696774e6000000000a0295cb,走亲戚封口礼物清单：花小钱，换个清净年,https://www.xiaohongshu.com/explore/696774e6000000000a0295cb?xsec_token=WB53am-yavtxGrDpH8SAGI2YHmZZFCk0wHU1RneJQjX5c=&xsec_source=pc_wind_export,羊壹只,马年礼盒,家庭送礼,达人,马年礼盒
697194bc000000000e03dbab,38岁未婚过年回家，走亲戚赢很大的礼物们??,https://www.xiaohongshu.com/explore/697194bc000000000e03dbab?xsec_token=WBLx6j3GQZg-CZCps5Lkf3_EhGWMvu069gqZTN5pIOIso=&xsec_source=pc_wind_export,小欣Xin,马年礼盒,家庭送礼,达人,马年礼盒
69686ca1000000000b011403,写写巨满意马年礼物（走亲访友必备礼单??,https://www.xiaohongshu.com/explore/69686ca1000000000b011403?xsec_token=WB9QLsK6gUZQh18OF1Hnas9VZ1_MRO3U03KbIDqqbrCOU=&xsec_source=pc_wind_export,就一颗果子,马年礼盒,家庭送礼,达人,马年礼盒
696b579b0000000022021840,律所打工人的一天（跟朋友团聚版）,https://www.xiaohongshu.com/explore/696b579b0000000022021840?xsec_token=WBX20v9yU9DZT_s-YkWIvMKFTIsAYLxxwktVrm68tuw58=&xsec_source=pc_wind_export,黄凯XK,马年礼盒,家庭送礼,达人,马年礼盒
69705529000000000903a4ca,年末vlog｜魔都女总裁拜访客户的高能量一天,https://www.xiaohongshu.com/explore/69705529000000000903a4ca?xsec_token=WBX33KA8Yhr9bt_hQHL2J56ZQuvqxpyduObLYoWUFL-iQ=&xsec_source=pc_wind_export,Miss Xu,马年礼盒,商务送礼,达人,马年礼盒
6965fcd5000000000b0128d2,给“对的人”送“对的礼”｜一份走心的年终礼物,https://www.xiaohongshu.com/explore/6965fcd5000000000b0128d2?xsec_token=WBm9KTiWA61Ab1hQJa47OAM1MZcYBwY53OVqpqTeqTMek=&xsec_source=pc_wind_export,陈绵羊,马年礼盒,商务送礼,达人,马年礼盒
695dc3e5000000002203b7cd,花小钱装大杯｜过年送礼合集??职场篇,https://www.xiaohongshu.com/explore/695dc3e5000000002203b7cd?xsec_token=WBBD0FUPXHd9cCy0UrlIKepPT_oX3Q9VWZZx47uWIPN4U=&xsec_source=pc_wind_export,nunu娜娜,马年礼盒,商务送礼,达人,马年礼盒
696a21b6000000002103f1e7,给女性客户送礼就一个原则：走心不讨好,https://www.xiaohongshu.com/explore/696a21b6000000002103f1e7?xsec_token=WBZVuAM5IwdQ6QIEhlHXdQx0WQdXfxFt32FNy2pqukzbM=&xsec_source=pc_wind_export,Mandyyyy,马年礼盒,商务送礼,达人,马年礼盒
696f26fa000000000a031d99,毕业后送礼，是一种「社交负担」吗？,https://www.xiaohongshu.com/explore/696f26fa000000000a031d99?xsec_token=WBo0b5mWqVvRjLTc7iNbugucOBcKAmZxZ96fRIwz-TEhk=&xsec_source=pc_wind_export,sukrys_雪子,马年礼盒,,达人,马年礼盒
695f3dfd000000001a025050,当个事儿办！给婆婆挑的新年礼太满意啦～,https://www.xiaohongshu.com/explore/695f3dfd000000001a025050?xsec_token=WBiX6I3kg7ppSjDhAF5mJThdAyGabwDuEgZS1AkqkupeI=&xsec_source=pc_wind_export,_z小桃??,马年礼盒,家庭送礼,达人,马年礼盒
695f586b000000000d008370,没人比我会选！见婆婆顶配年礼开箱！,https://www.xiaohongshu.com/explore/695f586b000000000d008370?xsec_token=WBiX6I3kg7ppSjDhAF5mJThQlAaz5UhFQ5HnFpHuqsKGA=&xsec_source=pc_wind_export,一颗椰樹??,马年礼盒,家庭送礼,达人,马年礼盒
6968d157000000000e03cc41,送妈妈新年礼物这件事上，我好像是有点天赋…,https://www.xiaohongshu.com/explore/6968d157000000000e03cc41?xsec_token=WB9QLsK6gUZQh18OF1Hnas9YK3TqH3E-kWJI5fHxS5v9M=&xsec_source=pc_wind_export,小曾吃不饱,马年礼盒,家庭送礼,达人,马年礼盒
697c5c5f000000002102bbbf,内调燕窝还得跟着小仙炖来,https://www.xiaohongshu.com/explore/697c5c5f000000002102bbbf?xsec_token=WBwBjnu7RslInfN37On7gDOf5fYfwK90PAjDG7l1zV0VU=&xsec_source=pc_wind_export,内调燕窝,美容养颜,用户教育/心智,新号,星光款
697c64020000000022038dcf,真的没听错就一开头 ,https://www.xiaohongshu.com/explore/697c64020000000022038dcf?xsec_token=WBwBjnu7RslInfN37On7gDOa6-iaObKbLhl1EZVMUIqIA=&xsec_source=pc_wind_export,没听错,大促机制,合集,新号,青春款
697c64bd000000002102af5f,小仙炖给你营养一步到位,https://www.xiaohongshu.com/explore/697c64bd000000002102af5f?xsec_token=WBwBjnu7RslInfN37On7gDOZXmPUvX-pTvC-fsq6j3AdI=&xsec_source=pc_wind_export,一步到位,孕产滋补,孕期滋补,新号,星光款
696493e7000000001a02a621,30+焕新颜｜新年靠这瓶燕窝稳坐状态C位,https://www.xiaohongshu.com/explore/696493e7000000001a02a621?xsec_token=WBCpdjAXWntck8U5vquOD-mMgoegA4MRPSiLZCnw103wM=&xsec_source=pc_wind_export,30+焕新颜,美容养颜,,日弘,青春款
6964a0df000000001a02b492,新年商务送礼指南|送到她心坎里的真心实意,https://www.xiaohongshu.com/explore/6964a0df000000001a02b492?xsec_token=WBCpdjAXWntck8U5vquOD-mOh-1vyZvn4kpB6zqBlU-S4=&xsec_source=pc_wind_export,新年商务送礼指南,马年礼盒,商务送礼,日弘,马年礼盒
6964a31b000000001a031321,孕期滋补做的好，??好状态根本挡不住,https://www.xiaohongshu.com/explore/6964a31b000000001a031321?xsec_token=WBCpdjAXWntck8U5vquOD-mJ97C_hHJLTJHCxx8O_xxfk=&xsec_source=pc_wind_export,开挂好状态,孕期滋补,孕期滋补,日弘,星光款
69675831000000001a02285f,做出正确滋补选择 孕期状态弯道超车！,https://www.xiaohongshu.com/explore/69675831000000001a02285f?xsec_token=WB53am-yavtxGrDpH8SAGI2a5nHTTY8-e0cWVy9SZE1WE=&xsec_source=pc_wind_export,正确滋补,孕期滋补,,日弘,星光款
6969cf49000000001a0343cb,解锁婆媳关系密码！新年送礼选它准没错,https://www.xiaohongshu.com/explore/6969cf49000000001a0343cb?xsec_token=WBnA-WEEYRtxK7C7wvYt8Xp2MU0X-uvn0oGN3BBAP_LZM=&xsec_source=pc_wind_export,解锁婆媳关系,马年礼盒,家庭送礼,日弘,马年礼盒
6971c18b000000001a02b1e4,孕期燕窝选对也吃对！轻松收获奶白小团子,https://www.xiaohongshu.com/explore/6971c18b000000001a02b1e4?xsec_token=WBLx6j3GQZg-CZCps5Lkf3_OKM7y4fl6be9ZBPmojfJHk=&xsec_source=pc_wind_export,选对也吃对,孕期滋补,孕期滋补,日弘,星光款
69731787000000001a036832,孕期到底吃不吃燕窝？过来人宝妈的真实答案,https://www.xiaohongshu.com/explore/69731787000000001a036832?xsec_token=WBDM92Opi25Xj7X09JVbTpx-zprvD47rNsljfhACg01QU=&xsec_source=pc_wind_export,真实答案,孕期滋补,孕期滋补,日弘,星光款
69731da6000000001a027c55,新年送礼 | 没有一个长辈能拒绝的礼物,https://www.xiaohongshu.com/explore/69731da6000000001a027c55?xsec_token=WBDM92Opi25Xj7X09JVbTpxweK5gvAtxL05VX6jWhbAlI=&xsec_source=pc_wind_export,没有一个,马年礼盒,家庭送礼,日弘,马年礼盒
697c66d8000000002103d592,好气色是真的能吃出来的,https://www.xiaohongshu.com/explore/697c66d8000000002103d592?xsec_token=WBwBjnu7RslInfN37On7gDOQ-gW6yWbafYb6DtLabFNns=&xsec_source=pc_wind_export,吃出来的,美容养颜,美容养颜,新号,星光款
697c602f000000002103eb82,燕窝真的越早吃越好 ,https://www.xiaohongshu.com/explore/697c602f000000002103eb82?xsec_token=WBwBjnu7RslInfN37On7gDOUjRRUQv0vw1HiZKkosYwgM=&xsec_source=pc_wind_export,越早吃越好,孕产滋补,孕期滋补,新号,青春款
6969d8f6000000002202e213,妈宝女年终奖发下来第一件事：给妈妈买礼物！,https://www.xiaohongshu.com/explore/6969d8f6000000002202e213?xsec_token=WBnA-WEEYRtxK7C7wvYt8Xp693NNrCFjdmfzF4mlnwfjg=&xsec_source=pc_wind_export,yy不吃鱼,马年礼盒,家庭送礼,达人,马年礼盒
6969f50d000000001a01c0a7,过年就送妈妈这个等着被夸吧！,https://www.xiaohongshu.com/explore/6969f50d000000001a01c0a7?xsec_token=WBnA-WEEYRtxK7C7wvYt8Xp7iz9EAtigtl_BxO5R-NC0k=&xsec_source=pc_wind_export,CSHNAN,马年礼盒,家庭送礼,达人,马年礼盒
6965b1e1000000002102a02a,给我妈准备的新年仪式感已就位！,https://www.xiaohongshu.com/explore/6965b1e1000000002102a02a?xsec_token=WBm9KTiWA61Ab1hQJa47OAM0qUaG5Aiy4OI4cDyLw_vrA=&xsec_source=pc_wind_export,每天不想上班,马年礼盒,家庭送礼,达人,马年礼盒
697c62b0000000002202c4cf,小仙炖最炸裂的机制来了,https://www.xiaohongshu.com/explore/697c62b0000000002202c4cf?xsec_token=WBwBjnu7RslInfN37On7gDObinH61WGBOcN8yuIr-r-4I=&xsec_source=pc_wind_export,机制来了,大促机制,合集,新号,青春款
697c0949000000002801dfff,孕期燕窝抄作业?一篇搞懂不同阶段怎么选,https://www.xiaohongshu.com/explore/697c0949000000002801dfff?xsec_token=WBwBjnu7RslInfN37On7gDOc-oRmlKHZClu24sFCII2tg=&xsec_source=pc_wind_export,一篇搞懂,合集,合集,日弘,合集款
697c68c4000000000a02ca61,冷皮预警！挖到了贵妇们内调养肤密码！,https://www.xiaohongshu.com/explore/697c68c4000000000a02ca61?xsec_token=WBwBjnu7RslInfN37On7gDOQIc-BesTmxz8AH_BQ2kTsU=&xsec_source=pc_wind_export,冷皮预警,美容养颜,,日弘,青春款
697c7263000000002202e883,peng弹的脸蛋全是小仙炖给的,https://www.xiaohongshu.com/explore/697c7263000000002202e883?xsec_token=WBwBjnu7RslInfN37On7gDOcxPa-VHUJxFJNWuofVm100=&xsec_source=pc_wind_export,peng弹,美容养颜,美容养颜,新号,星光款
697c72c5000000002202eafa,你不到三十岁千万别喝小仙炖！,https://www.xiaohongshu.com/explore/697c72c5000000002202eafa?xsec_token=WBwBjnu7RslInfN37On7gDObYIZT_uOdN7OUYmR-n20vs=&xsec_source=pc_wind_export,不到30,美容养颜,美容养颜,新号,星光款
697c742100000000220213e9,张柏芝x小仙炖福利真的别太宠,https://www.xiaohongshu.com/explore/697c742100000000220213e9?xsec_token=WBwBjnu7RslInfN37On7gDOQOiq-_arvfb6d01GJbE5XE=&xsec_source=pc_wind_export,张柏芝x小仙炖,美容养颜,合集,新号,星光款
697c677d000000002202e307,小仙炖你真的别太宠粉了！,https://www.xiaohongshu.com/explore/697c677d000000002202e307?xsec_token=WBwBjnu7RslInfN37On7gDORn7USWKuvqIWJp-UCgAIw4=&xsec_source=pc_wind_export,别太宠粉,大促机制,合集,新号,青春款
697c77320000000022038b7a,小仙炖年终福利真的不要太宠,https://www.xiaohongshu.com/explore/697c77320000000022038b7a?xsec_token=WBwBjnu7RslInfN37On7gDOdSnoQRW9E0a_yQrPG8WZbA=&xsec_source=pc_wind_export,小仙炖年终福利,大促机制,合集,新号,星光款
697c7797000000002102ac71,逆袭白月光简单到只需要它,https://www.xiaohongshu.com/explore/697c7797000000002102ac71?xsec_token=WBwBjnu7RslInfN37On7gDOclRkYzXtGlsr9wvRuaHkhQ=&xsec_source=pc_wind_export,只需要它,美容养颜,用户教育/心智,新号,青春款
697c75a900000000220088d2,孕妈的孕期好搭子 ,https://www.xiaohongshu.com/explore/697c75a900000000220088d2?xsec_token=WBwBjnu7RslInfN37On7gDOYB5Tq8JCX8BP7c0Cv4xjJE=&xsec_source=pc_wind_export,好搭子,孕产滋补,孕期滋补,新号,星光款
697c85c20000000022033c3c,没人比我会选！见婆婆顶配年礼开箱！,https://www.xiaohongshu.com/explore/697c85c20000000022033c3c?xsec_token=WBwBjnu7RslInfN37On7gDOeY97SKa6iNHB8lz2lGrOy4=&xsec_source=pc_wind_export,没人比我,马年礼盒,家庭送礼,新号,马年礼盒
697c80d6000000002102adb5,小仙炖冬季王炸福利来了,https://www.xiaohongshu.com/explore/697c80d6000000002102adb5?xsec_token=WBwBjnu7RslInfN37On7gDOSZNxGsUOzqQVNzLQz3mA6M=&xsec_source=pc_wind_export,王炸福利来了,大促机制,合集,新号,星光款
697c8145000000002102b0fb,跟你们这些高品质燕窝亲了,https://www.xiaohongshu.com/explore/697c8145000000002102b0fb?xsec_token=WBwBjnu7RslInfN37On7gDOXVK-Ih-XY8Qr9eUtPVz-So=&xsec_source=pc_wind_export,亲了,大促机制,合集,新号,星光款
697c80490000000022038c36,满30-10的感觉真能吃出来,https://www.xiaohongshu.com/explore/697c80490000000022038c36?xsec_token=WBwBjnu7RslInfN37On7gDOTnSYeQq7GDBCPIijPXZ1cw=&xsec_source=pc_wind_export,真能吃出来,美容养颜,美容养颜,新号,星光款
697c8232000000002200a09f,富婆明星都离不开的滋补单品就是小仙炖了,https://www.xiaohongshu.com/explore/697c8232000000002200a09f?xsec_token=WBwBjnu7RslInfN37On7gDOfck7dnkDy7yBrtxWh1JiNQ=&xsec_source=pc_wind_export,富婆明星,美容养颜,用户教育/心智,新号,星光款
697c8836000000002103f58e,内调外养秋冬轻松逆袭,https://www.xiaohongshu.com/explore/697c8836000000002103f58e?xsec_token=WBwBjnu7RslInfN37On7gDOVdzHhyXyEiL7YXv9bXAMyU=&xsec_source=pc_wind_export,轻松逆袭,美容养颜,用户教育/心智,新号,星光款
697c866d000000002203b604,孕妈妈最强辅助就是它了,https://www.xiaohongshu.com/explore/697c866d000000002203b604?xsec_token=WBwBjnu7RslInfN37On7gDOXyODj19lg1PqfiVr1sEOBY=&xsec_source=pc_wind_export,孕妈妈最强辅助,孕产滋补,孕期滋补,新号,青春款
697c872b0000000022030574,孕期选什么都不如选它,https://www.xiaohongshu.com/explore/697c872b0000000022030574?xsec_token=WBwBjnu7RslInfN37On7gDOd-lH7LHa2qBaKR3TCCevns=&xsec_source=pc_wind_export,不如选它,孕产滋补,孕期滋补,新号,星光款
697c87da000000002200867d,当个事儿办！给婆婆挑的新年礼太满意啦～,https://www.xiaohongshu.com/explore/697c87da000000002200867d?xsec_token=WBwBjnu7RslInfN37On7gDOYhfNLYXb3uDCMjxoulKUPI=&xsec_source=pc_wind_export,当个事儿办,马年礼盒,家庭送礼,新号,马年礼盒
697c889c000000002202c1ef,轮到这届年轻人送礼，领导就偷着乐吧,https://www.xiaohongshu.com/explore/697c889c000000002202c1ef?xsec_token=WBwBjnu7RslInfN37On7gDOaUEG25d9qG756eNtKtTZtE=&xsec_source=pc_wind_export,偷着乐吧,马年礼盒,送礼多场景合集,新号,马年礼盒
697c8c120000000022032478,新婚第一年给婆婆妈的礼物不要太满意！！,https://www.xiaohongshu.com/explore/697c8c120000000022032478?xsec_token=WBwBjnu7RslInfN37On7gDOW6fXdrlpU0eTdDFfMJfdnY=&xsec_source=pc_wind_export,新婚第一年,马年礼盒,家庭送礼,新号,马年礼盒
697c8caf00000000220239cb,送妈妈新年礼物这件事上，我好像是有点天赋,https://www.xiaohongshu.com/explore/697c8caf00000000220239cb?xsec_token=WBwBjnu7RslInfN37On7gDObMK9YJ5wVxgaYT4-B2GKPU=&xsec_source=pc_wind_export,有点天赋,马年礼盒,家庭送礼,新号,马年礼盒
697c8dac000000002203a284,新媳妇第一年上门??给婆婆一点小小的震撼,https://www.xiaohongshu.com/explore/697c8dac000000002203a284?xsec_token=WBwBjnu7RslInfN37On7gDOfln8U7Sk7rCb6q8ifSw2eA=&xsec_source=pc_wind_export,小小震撼,马年礼盒,家庭送礼,新号,马年礼盒
698082c4000000002203beb9,好皮肤吃出来 ,https://www.xiaohongshu.com/explore/698082c4000000002203beb9?xsec_token=WBqs-Y35oUTVjBIJENlGSJuhQT6HH9_9QmYo6cIspAxlA=&xsec_source=pc_wind_export,好皮肤,美容养颜,合集,新号,青春款
6982ad53000000001a02b382,孕期吃燕窝到底值不值？亲身经历告诉你答案,https://www.xiaohongshu.com/explore/6982ad53000000001a02b382?xsec_token=WB1LunIDDFGJA5Q_yt0t121haESDRIBUwbW9Kfl1riKiE=&xsec_source=pc_wind_export,告诉你答案,孕产滋补,孕期滋补,日弘,星光款
677b5b3a0000000018013142,马年第一份滋养礼，送给最在意的TA！?,https://www.xiaohongshu.com/explore/677b5b3a0000000018013142?xsec_token=WBoslVF7RP51dDhQHVqMg-efR03a1TvtyYCjm6XePw5gE=&xsec_source=pc_wind_export,第一份滋养礼,马年礼盒,品宣向,官号,马年礼盒
697715e40000000028008fe0,跟着董璇过年送礼！心意好礼大公开！??,https://www.xiaohongshu.com/explore/697715e40000000028008fe0?xsec_token=WBv4f9IENcIXmqLTuGXgDaISFn31jGe_eqRya5fqmNrcg=&xsec_source=pc_wind_export,董璇转载,马年礼盒,家庭送礼,官号,马年礼盒
69732bf0000000001a030145,礼盒家族新成员官宣：让心意更有「料」,https://www.xiaohongshu.com/explore/69732bf0000000001a030145?xsec_token=WBDM92Opi25Xj7X09JVbTpx-a2YHdT_VGkBcDhEsX4WD0=&xsec_source=pc_wind_export,新成员官宣,马年礼盒,品宣向,官号,马年礼盒
695ccaef000000001a021a8f,小仙炖非遗新年礼盒，守护在意的人新岁健康,https://www.xiaohongshu.com/explore/695ccaef000000001a021a8f?xsec_token=WBUqr2YCakfWDyCJV2ZOzZQN9I1OXGW_yNPy42HHGmhkg=&xsec_source=pc_wind_export,守护在意的人,马年礼盒,品宣向,官号,马年礼盒
695e0fc9000000001a034275,小仙炖x非遗螺钿 | 穿越千年七彩的梦,https://www.xiaohongshu.com/explore/695e0fc9000000001a034275?xsec_token=WBemRuaMbXepmT2Fh77cyOiqMXPSWbX7whQK7oQ6QGAv4=&xsec_source=pc_wind_export,七彩的梦,马年礼盒,品宣向,官号,马年礼盒
698310df000000000b010fdf,春夏露肤季刚需！黄皮靠这个逆袭冷皮,https://www.xiaohongshu.com/explore/698310df000000000b010fdf?xsec_token=WBCBaLbWakjE5FX5wjup9j0MRD-3X08MaeF4bhfgdxgPA=&xsec_source=pc_wind_export,冷皮预警（广）,美容养颜,美容养颜,日弘,青春款
6954f4bc000000002102baf8,开年炖宠，仙气滋补礼,https://www.xiaohongshu.com/explore/6954f4bc000000002102baf8?xsec_token=WBYDtPZFfxjJfR_MX8oE6BEvIG4bfjsmeXmhYXX-m1qLk=&xsec_source=pc_wind_export,开年炖宠,马年礼盒,品宣向,新号,马年礼盒
6965eb67000000002103d7c7,第一次见家长??去博士男友家提前拜年啦！！,https://www.xiaohongshu.com/explore/6965eb67000000002103d7c7?xsec_token=WBm9KTiWA61Ab1hQJa47OAM1jo5e5prtewqTZAVOvRwm8=&xsec_source=pc_wind_export,美少女壮士,马年礼盒,家庭送礼,达人,马年礼盒
6969fee5000000000b00ab5a,新婚第一年送公婆的礼物大公开！,https://www.xiaohongshu.com/explore/6969fee5000000000b00ab5a?xsec_token=WBnA-WEEYRtxK7C7wvYt8Xp32QFT9P7cGtt0jnRBQ6U6E=&xsec_source=pc_wind_export,小木备婚日记,马年礼盒,家庭送礼,达人,马年礼盒
696a1070000000000b009ee4,被爱意包围的新年??,https://www.xiaohongshu.com/explore/696a1070000000000b009ee4?xsec_token=WBZVuAM5IwdQ6QIEhlHXdQxyflgoscttQ_Rb2LxgB3xUg=&xsec_source=pc_wind_export,万宝宝,马年礼盒,家庭送礼,达人,马年礼盒
696e042e000000001a029234,新媳妇第一年上门??给婆婆一点小小的震撼！！,https://www.xiaohongshu.com/explore/696e042e000000001a029234?xsec_token=WBG5e3dxvx_p1e-RvuF6-3VckORXKOVtr2EiqDqoB16mU=&xsec_source=pc_wind_export,秋月梨,马年礼盒,家庭送礼,达人,马年礼盒
696e2571000000001a026d2d,结婚以后我将这样大摇大摆的回娘家,https://www.xiaohongshu.com/explore/696e2571000000001a026d2d?xsec_token=WBG5e3dxvx_p1e-RvuF6-3VWr4FvumuKUC2N8p19yv5bc=&xsec_source=pc_wind_export,恋爱委员噗噗??,马年礼盒,家庭送礼,达人,马年礼盒
69706ad000000000220336fb,给我超合拍的客户送新年礼物 我尽力了!!,https://www.xiaohongshu.com/explore/69706ad000000000220336fb?xsec_token=WBX33KA8Yhr9bt_hQHL2J56XI_4oE2uamgq4K-mOsmWHk=&xsec_source=pc_wind_export,梨梨梨子,马年礼盒,商务送礼,达人,马年礼盒
697099e0000000001a02be14,轮到这届年轻人送礼，领导就偷着乐吧,https://www.xiaohongshu.com/explore/697099e0000000001a02be14?xsec_token=WBX33KA8Yhr9bt_hQHL2J56UVapIbZpsmsoGeEJWvCUso=&xsec_source=pc_wind_export,gigi酱,马年礼盒,商务送礼,达人,马年礼盒
6976fa92000000000b00bc83,这些竟然都是3D打印出来的…,https://www.xiaohongshu.com/explore/6976fa92000000000b00bc83?xsec_token=WBBbftgKwO94gpJ9AYO15LJyPkZuJGhp2flsdWMPZoM-Q=&xsec_source=pc_wind_export,深夜徐老师,马年礼盒,家庭送礼,达人,马年礼盒
6985b0dd000000001a02e3d5,燕窝礼盒攻略！要选就选能送进心坎里的！,https://www.xiaohongshu.com/explore/6985b0dd000000001a02e3d5?xsec_token=WBd3WEmPjGPdDuNx9PRaFlw-fruXV9nheGCeRkVK7tDmY=&xsec_source=pc_wind_export,请大数据,马年礼盒,送礼多场景合集,日弘,马年礼盒
698305f9000000002203a775,过年最值的一笔滋补 ,https://www.xiaohongshu.com/explore/698305f9000000002203a775?xsec_token=WBCBaLbWakjE5FX5wjup9j0NWAOf5AeHBkNW6h4-NB0jo=&xsec_source=pc_wind_export,过年最值,美容养颜,美容养颜,新号,青春款
698306350000000021033738,孕期怎么能少得了小仙炖,https://www.xiaohongshu.com/explore/698306350000000021033738?xsec_token=WBCBaLbWakjE5FX5wjup9j0LKJhXWZZ6Rj2nEiBIU8FVU=&xsec_source=pc_wind_export,孕期怎么,孕产滋补,孕期滋补,新号,星光款
6985af4c000000001d0132cb,小仙炖年货天花板??鲜炖燕窝礼盒闭眼冲,https://www.xiaohongshu.com/explore/6985af4c000000001d0132cb?xsec_token=WBd3WEmPjGPdDuNx9PRaFlw5e9k3-vZTuIGRbaEb1L3vg=&xsec_source=pc_wind_export,年货天花板,大促机制,合集,新号,星光款
6985afec000000001503beeb,给孕妈妈的燕窝礼盒！让马宝宝吃饱燕窝！,https://www.xiaohongshu.com/explore/6985afec000000001503beeb?xsec_token=WBd3WEmPjGPdDuNx9PRaFlwxe_cmyMe48t3sC9F9iXOFk=&xsec_source=pc_wind_export,给孕妈妈,孕产滋补,合集,新号,星光款
6985adb4000000001d0257be,孕期滋补丨新年新滋补,https://www.xiaohongshu.com/explore/6985adb4000000001d0257be?xsec_token=WBd3WEmPjGPdDuNx9PRaFlw4sTktmpAgBxqyOdK9LjTiM=&xsec_source=pc_wind_export,新年新滋补,孕产滋补,孕期滋补,新号,星光款
6985aed6000000001503b7db,半个娱乐圈都在喝的滋补好物！,https://www.xiaohongshu.com/explore/6985aed6000000001503b7db?xsec_token=WBd3WEmPjGPdDuNx9PRaFlw6Kz1ow5l6hSIKCg6BEXo6I=&xsec_source=pc_wind_export,都在喝,美容养颜,用户教育/心智,新号,星光款
6985b0660000000015030de5,开春复工丨别忘记你的滋补好物,https://www.xiaohongshu.com/explore/6985b0660000000015030de5?xsec_token=WBd3WEmPjGPdDuNx9PRaFlw8G7-RPuJ3k2kIe5RScDcKk=&xsec_source=pc_wind_export,开春复工,美容养颜,合集,新号,青春款
6985b0fc000000001d013dc7,老辈子的智慧都在这一瓶里了,https://www.xiaohongshu.com/explore/6985b0fc000000001d013dc7?xsec_token=WBd3WEmPjGPdDuNx9PRaFlw-Gl8EDGwztwRZVKH63CB2c=&xsec_source=pc_wind_export,老辈子,美容养颜,用户教育/心智,新号,青春款
6985b2b9000000001d010944,开春逆袭盲选小仙炖就对了！,https://www.xiaohongshu.com/explore/6985b2b9000000001d010944?xsec_token=WBd3WEmPjGPdDuNx9PRaFlw6xUtY5_ascAofU4JjLbhiM=&xsec_source=pc_wind_export,开春逆袭,美容养颜,合集,新号,星光款
6985b946000000001a0212c7,熬夜也挡不住好状态，中式养生太关键了！,https://www.xiaohongshu.com/explore/6985b946000000001a0212c7?xsec_token=WBd3WEmPjGPdDuNx9PRaFlw7TyXNDAgKDXSH3ehBdDaJw=&xsec_source=pc_wind_export,太关键了,美容养颜,美容养颜,日弘,青春款
698d99de000000000d009baa,选错=白补！女生不同阶段燕窝这样选才有效,https://www.xiaohongshu.com/explore/698d99de000000000d009baa?xsec_token=WB6y8x-DEnOJrtcUnsZbLSVtZuebh5qAh2LWUjp-axCAE=&xsec_source=pc_wind_export,不同阶段,合集,合集,日弘,合集款
698d99690000000009038408,亲测孕期燕窝没白吃！坐等白胖马宝宝??,https://www.xiaohongshu.com/explore/698d99690000000009038408?xsec_token=WB6y8x-DEnOJrtcUnsZbLSVuRswhZ5oCOo-s0i2Qj6za4=&xsec_source=pc_wind_export,白胖马宝宝,孕产滋补,孕期滋补,日弘,星光款
6989a2df00000000280093d4,挖到见家长通关密码！这盒燕窝礼体面又走心,https://www.xiaohongshu.com/explore/6989a2df00000000280093d4?xsec_token=WBMnwaX47zDc4k45PbXYxeS-7iPYcBG5PBVk4sIRLVMrI=&xsec_source=pc_wind_export,挖到见家长,马年礼盒,家庭送礼,日弘,马年礼盒
699f9d18000000001a01dd5f,爆款燕窝选购指南??整个孕期稳稳度过,https://www.xiaohongshu.com/explore/699f9d18000000001a01dd5f?xsec_token=WBOE60TQqYB6XQBRt9KzsC34RLvYikZgCHwv26SEsiTDM=&xsec_source=pc_wind_export,38节囤货指南,合集,合集,日弘,合集款
694e38aa000000002203af98,,,,孕产滋补,,达人,
694e5cb3000000001e028105,,,,孕产滋补,,达人,
694bb08e000000001b0236f7,,,,孕产滋补,,达人,
694d1a7b000000002200aff0,,,,孕产滋补,,达人,
694e6f78000000002200b0ed,,,,孕产滋补,,达人,
69539342000000002102acbd,,,,孕产滋补,,达人,
6953cf2a000000001e004a4f,,,,孕产滋补,,达人,
69532793000000002202c107,,,,孕产滋补,,达人,
6953c9a1000000002200b133,??孕中期下午茶分享～,https://www.xiaohongshu.com/explore/6953c9a1000000002200b133?xsec_token=WBDHmF_96BYOwgBnqBKAIoPyOgyWWMvBegt6lPYJcmtSc=&xsec_source=pc_wind_export,肚肚的小尾巴,孕产滋补,孕期滋补,达人,星光款
695a11a4000000001e03b5a1,从孕期到哺乳期??我的食补日常,https://www.xiaohongshu.com/explore/695a11a4000000001e03b5a1?xsec_token=WBsC0ilNwtb816qokAjxxeGwqlEF3eyQwlrkBRcQMnzto=&xsec_source=pc_wind_export,徐嘘嘘xi（小月龄）,孕产滋补,孕期滋补,达人,星光款
695a1924000000001e02d108,30+孕妈，保持好状态的小心得..,https://www.xiaohongshu.com/explore/695a1924000000001e02d108?xsec_token=WBsC0ilNwtb816qokAjxxeGzqo-laSH6Zz54qprBbtsYU=&xsec_source=pc_wind_export,Piger??（哺乳期）,孕产滋补,孕期滋补,达人,星光款
69539ba2000000001f00b323,吃三个月小仙炖身体有什么变化！,"https://www.xiaohongshu.com/explore/69539ba2000000001f00b323?xsec_token=WBDHmF_96BYOwgBnqBKAIoP1AhL2zeeYH9lHhlRN43XI8=&xsec_source=pc_wind_export
https://www.xiaohongshu.com/explore/69539ba2000000001f00b323?xsec_token=WBDHmF_96BYOwgBnqBKAIoP9Lv7C72F_r0vh9s6omT-4E=&xsec_source=pc_wind_export",木木别熬夜,美容养颜,,达人,星光款
695cc7fa000000000a03dbbf,吃了董洁同款燕窝后！！状态真的.....,https://www.xiaohongshu.com/explore/695cc7fa000000000a03dbbf?xsec_token=WBUqr2YCakfWDyCJV2ZOzZQMz9FhffxU10NbbJgPkvS8U=&xsec_source=pc_wind_export,柒玥的日记,美容养颜,美容养颜,达人,星光款
695e25da000000002102bd00,??食之悟: you are what you eat!??,https://www.xiaohongshu.com/explore/695e25da000000002102bd00?xsec_token=WBemRuaMbXepmT2Fh77cyOimJM8MVGRkYIpHEWizoy4-g=&xsec_source=pc_wind_export,叮叮叮叮,美容养颜,美容养颜,达人,星光款
6968974d0000000022031ff7,中女严选????年度高复购内养好物！,https://www.xiaohongshu.com/explore/6968974d0000000022031ff7?xsec_token=WB9QLsK6gUZQh18OF1Hnas9eT4TYcYByQXTEZ04O7CCZw=&xsec_source=pc_wind_export,xminminminxx,美容养颜,美容养颜,达人,星光款
696b736d000000000a03eb9b,Night Routine ｜30+姐姐冬季养出饱满好气色,https://www.xiaohongshu.com/explore/696b736d000000000a03eb9b?xsec_token=WBX20v9yU9DZT_s-YkWIvMKIRd-03ZA9Z1d9Dl_WORvlM=&xsec_source=pc_wind_export,七岁,美容养颜,美容养颜,达人,星光款
696dfc68000000001a0223e9,35+三娃妈妈保养爱用物分享,https://www.xiaohongshu.com/explore/696dfc68000000001a0223e9?xsec_token=WB3oNemjyLa18_sjOyX7aVkCE7NpGHQIWh43hsC7G4BL8=&xsec_source=pc_wind_export,Im大溪,美容养颜,美容养颜,达人,星光款
6978a2f2000000002801c5c1,????孕26周只长7斤，多亏我这样吃！！,https://www.xiaohongshu.com/explore/6978a2f2000000002801c5c1?xsec_token=WBoSoZwYVWqSwpVpf2J7v_fGoJGRwvy20MrZanFfJLRH4=&xsec_source=pc_wind_export,Rika_花花,孕产滋补,孕期滋补,达人,星光款
699ea9360000000016009f48,节后快速去浊气｜恢复美丽3tips,https://www.xiaohongshu.com/explore/699ea9360000000016009f48?xsec_token=WBf1V-ZZUXYe1LTi-92AdHB-1HYPeq3A8UR8_fF2dnVnA=&xsec_source=pc_wind_export,Wiwen_wen,美容养颜,美容养颜,达人,星光款
699e8989000000001a025eed,开春Vlog｜阳光、慢日子与焕新能量,https://www.xiaohongshu.com/explore/699e8989000000001a025eed?xsec_token=WBf1V-ZZUXYe1LTi-92AdHBzTT3BFLvH75J8-FrNzOraw=&xsec_source=pc_wind_export,iamcara,美容养颜,美容养颜,达人,星光款
699ebd300000000015038591,开春好皮肤怎么养????（素颜发光版）,https://www.xiaohongshu.com/explore/699ebd300000000015038591?xsec_token=WBf1V-ZZUXYe1LTi-92AdHB7aQCV0WqwJZOWuVsCWTKiA=&xsec_source=pc_wind_export,潘宝球,美容养颜,美容养颜,达人,星光款
699fe7c1000000001a01d78c,开年第一拆??来看看为春天准备的好东西??,https://www.xiaohongshu.com/explore/699fe7c1000000001a01d78c?xsec_token=WBOE60TQqYB6XQBRt9KzsC326Bz9CDMSGCioyPqYhJ9GA=&xsec_source=pc_wind_export,Lynn张小圆,美容养颜,美容养颜,达人,星光款
69a148e7000000002202c1a9,年后吃瘦食谱??靠吃恢复节前体重,https://www.xiaohongshu.com/explore/69a148e7000000002202c1a9?xsec_token=WBH_-XcjJKp5c6pN2MMlalRbyIoIJ_5CvM_EZS0cYb5uQ=&xsec_source=pc_wind_export,子荷,美容养颜,美容养颜,达人,星光款
69a16cc0000000001a0231b3,春天养足元气，一整年都是红润好气色～,https://www.xiaohongshu.com/explore/69a16cc0000000001a0231b3?xsec_token=WBH_-XcjJKp5c6pN2MMlalRe4qJ8zcE8UdFrjI2CWBjHc=&xsec_source=pc_wind_export,岁岁不熬夜,美容养颜,美容养颜,达人,星光款
69a163e90000000022021500,Vlog｜沉浸式回娘家的一天 满电再出发???,https://www.xiaohongshu.com/explore/69a163e90000000022021500?xsec_token=WBH_-XcjJKp5c6pN2MMlalReteZPRBAzhFJdM4omefyHE=&xsec_source=pc_wind_export,恩崽妈咪,美容养颜,美容养颜,达人,星光款
69a2b231000000001b01c239,vlog.?? “年后戒断”重启身材管理一日吃练,https://www.xiaohongshu.com/explore/69a2b231000000001b01c239?xsec_token=WBowocdgNnzK7tC6MrABBptkTvXzJ08p0XHemftogbdlU=&xsec_source=pc_wind_export,婧威vivi,美容养颜,美容养颜,达人,星光款
69a146bd000000001a02ab99,新年新气象? ,https://www.xiaohongshu.com/explore/69a146bd000000001a02ab99?xsec_token=WBH_-XcjJKp5c6pN2MMlalRcqMZP6Msn68Qe3wHvWkNk0=&xsec_source=pc_wind_export,徐璐,美容养颜,美容养颜,明星,青春款
69a2679e000000001a0246b7,43岁，坚持运动+干净饮食第3年,https://www.xiaohongshu.com/explore/69a2679e000000001a0246b7?xsec_token=WBowocdgNnzK7tC6MrABBpto7tnmSNYPPuuKjChhSSbZY=&xsec_source=pc_wind_export,Milkyyo,美容养颜,美容养颜,达人,星光款
69a26360000000001b01eb19,吃燕窝春天养肝三个月的真实感受?,https://www.xiaohongshu.com/explore/69a26360000000001b01eb19?xsec_token=WBowocdgNnzK7tC6MrABBptvOYsh1GH4lZEC3YdkUMqII=&xsec_source=pc_wind_export,木易成长记,美容养颜,美容养颜,达人,星光款
69a638ed000000001d025ccc,一碗甜汤圆开启甜甜的这一天?,https://www.xiaohongshu.com/explore/69a638ed000000001d025ccc?xsec_token=WBbqUkRb_Shfyfdz1OgJzd2UdinWG8hLnvmy6EwS1eVA8=&xsec_source=pc_wind_export,吴昕,美容养颜,美容养颜,明星,星光款
69a6732c000000001a031d84,55岁时尚特种兵??早4晚20满勤打卡日记,https://www.xiaohongshu.com/explore/69a6732c000000001a031d84?xsec_token=WBbqUkRb_Shfyfdz1OgJzd2ZosRskmTp2xVS-_jPkBez4=&xsec_source=pc_wind_export,胡兵,美容养颜,美容养颜,明星,星光款
69aaa2f4000000001a02a6ca,港式春日养颜餐| 吃漂亮了，但普通话…,https://www.xiaohongshu.com/explore/69aaa2f4000000001a02a6ca?xsec_token=WB0Elw4Ncq5JR3q2Qo5BpXR3h6aZfH0gov_jgoZ-LCyYg=&xsec_source=pc_wind_export,李若彤,美容养颜,美容养颜,明星,星光款
69a7faea000000002203b574,一年之计在于春，减脂之计在于晨,https://www.xiaohongshu.com/explore/69a7faea000000002203b574?xsec_token=WBreGknjiEa_NpqHRwswkEeatamQcEHpmYFss5ToR3xIQ=&xsec_source=pc_wind_export,罗拉rolasfood,美容养颜,美容养颜,达人,星光款
69a5a381000000000e03eac9,我绝不要用苦难，凸显自己的伟大,https://www.xiaohongshu.com/explore/69a5a381000000000e03eac9?xsec_token=WBdQbZf3Jc1wOZLfk2GEXRRq3DL420SknxamJvjNtI_Pg=&xsec_source=pc_wind_export,阿文就是Aya,美容养颜,美容养颜,达人,星光款
69ad1f71000000001b014c17,来了，春季养肝变漂亮～保姆级详细教程?,https://www.xiaohongshu.com/explore/69ad1f71000000001b014c17?xsec_token=WBYQxBIxKqNFl-tYuF6TNLG1Wr7tKOr1TEchY8kw8utJk=&xsec_source=pc_wind_export,肥弯,美容养颜,美容养颜,达人,星光款
69aa8e5c0000000015031aa7,华华牌春日漂亮便当限时上线！,https://www.xiaohongshu.com/explore/69aa8e5c0000000015031aa7?xsec_token=WB0Elw4Ncq5JR3q2Qo5BpXR1v3gUePtCDmAZ5jSttA1go=&xsec_source=pc_wind_export,董华华,美容养颜,美容养颜,达人,星光款
69ac3cdc00000000150230c9,vlog｜40+的高能量生活精彩无限,https://www.xiaohongshu.com/explore/69ac3cdc00000000150230c9?xsec_token=WBad4OVg99-mfjk52vJob12BKgBvngsDgD7AIgbzHuAMA=&xsec_source=pc_wind_export,Agent辰辰,美容养颜,美容养颜,达人,星光款
69a11739000000001a0293ea,奢养仪式感！更懂40+女性的养颜食补,https://www.xiaohongshu.com/explore/69a11739000000001a0293ea?xsec_token=WBH_-XcjJKp5c6pN2MMlalRXRp6wWM0pI7NIiPPiZpcL4=&xsec_source=pc_wind_export,38节奢养,熟龄抗衰,美容养颜,日弘,星光款
69aa549a000000001a034b61,新手宝妈这样补!！宝宝发育日常食补是关键,https://www.xiaohongshu.com/explore/69aa549a000000001a034b61?xsec_token=WB0Elw4Ncq5JR3q2Qo5BpXRzT8PpL5Yl-lEbIQoQruUS8=&xsec_source=pc_wind_export,食补是关键,孕期滋补,孕期滋补,日弘,星光款
69aa6d49000000000e03c302,滋补？备孕？熟龄肌保养？1篇教你选对燕窝,https://www.xiaohongshu.com/explore/69aa6d49000000000e03c302?xsec_token=WB0Elw4Ncq5JR3q2Qo5BpXR7WqaZVEktgbKbqkjH5r-B0=&xsec_source=pc_wind_export,教你选对,其他（合集&礼盒&直播预告）,合集,日弘,合集款
69aa77b0000000000e03f7b1,好皮肤内调篇｜女生养成好皮肤每天吃什么？,https://www.xiaohongshu.com/explore/69aa77b0000000000e03f7b1?xsec_token=WB0Elw4Ncq5JR3q2Qo5BpXR7mcbqBPOoekniecA38n0Mk=&xsec_source=pc_wind_export,好皮肤内调,美容养颜,美容养颜,日弘,青春款
69aa8cda000000002602e194,孕期到底要不要吃燕窝？过来人一篇讲清楚,https://www.xiaohongshu.com/explore/69aa8cda000000002602e194?xsec_token=WB0Elw4Ncq5JR3q2Qo5BpXR9Fo6m6-YkJc8vFljm3WMKc=&xsec_source=pc_wind_export,一篇讲清楚,孕期滋补,孕期滋补,日弘,星光款
69aa98c30000000015039eed,开春逆袭？！交给小仙炖就好,https://www.xiaohongshu.com/explore/69aa98c30000000015039eed?xsec_token=WB0Elw4Ncq5JR3q2Qo5BpXR0xhU5eMWqKn0aduXhx_cko=&xsec_source=pc_wind_export,交给小仙炖就好,美容养颜,美容养颜,新号,青春款
69aa997c000000001b01d415,开春特批！快把春日滋补带回家,https://www.xiaohongshu.com/explore/69aa997c000000001b01d415?xsec_token=WB0Elw4Ncq5JR3q2Qo5BpXRz9EF9L8U5O3_lGQzHAE_4M=&xsec_source=pc_wind_export,开春特批,美容养颜,用户教育/心智,新号,星光款
69aa9f5c0000000015030666,孕期吃燕窝到底是不是智商税？,https://www.xiaohongshu.com/explore/69aa9f5c0000000015030666?xsec_token=WB0Elw4Ncq5JR3q2Qo5BpXR5DgAa0EV7ATIWxtpzFclXo=&xsec_source=pc_wind_export,到底是不是,孕期滋补,孕期滋补,新号,星光款
69aaa095000000001b017986,年后第一件事：把素颜状态养回来,https://www.xiaohongshu.com/explore/69aaa095000000001b017986?xsec_token=WB0Elw4Ncq5JR3q2Qo5BpXR4uvmg7DIMsXUb-sOYDsUvs=&xsec_source=pc_wind_export,养回来,美容养颜,美容养颜,新号,星光款
69aff4130000000015023da6,跟着吴昕打卡小仙炖变化真的看得见！,https://www.xiaohongshu.com/explore/69aff4130000000015023da6?xsec_token=WB7cCwHd8L3xQPVUDAmlYeJHpcJDLFweFFN57KL25h7wE=&xsec_source=pc_wind_export,跟着吴昕打卡,美容养颜,用户教育/心智,新号,星光款
69aff157000000001503b515,小仙炖丨吴昕同款开春滋补神器,https://www.xiaohongshu.com/explore/69aff157000000001503b515?xsec_token=WB7cCwHd8L3xQPVUDAmlYeJJrb37FfeUJWptmDWNcBtgw=&xsec_source=pc_wind_export,吴昕同款开春,美容养颜,用户教育/心智,新号,星光款
69aff29f000000001b01f66c,女生过了30+一定要吃燕窝,https://www.xiaohongshu.com/explore/69aff29f000000001b01f66c?xsec_token=WB7cCwHd8L3xQPVUDAmlYeJBg2LMhnpzjCNNXwtFrHr5Y=&xsec_source=pc_wind_export,一定要吃,美容养颜,美容养颜,新号,星光款
69aff3640000000015033c28,吴昕同款春季养颜好物！都来抄作业！,https://www.xiaohongshu.com/explore/69aff3640000000015033c28?xsec_token=WB7cCwHd8L3xQPVUDAmlYeJDKA2yLzWQkHK7sjOfgPYvs=&xsec_source=pc_wind_export,吴昕同款春季,美容养颜,用户教育/心智,新号,星光款
69b0d5380000000009020e1a,抄作业！胡兵同款内调保养|越喝越年轻,https://www.xiaohongshu.com/explore/69b0d5380000000009020e1a?xsec_token=WBLf6rXLl880f0kwTctGtyuvlXqDH18QutL-3XeHyqO0Q=&xsec_source=pc_wind_export,胡兵同款,美容养颜,美容养颜,日弘,星光款
69b13808000000000600e748,被李若彤的好气色震惊到 同款滋补扒到了！,https://www.xiaohongshu.com/explore/69b13808000000000600e748?xsec_token=WBfQR22W4qkZvRJVMVII7rigMC_Iej6NV1gFiOm-F5ddk=&xsec_source=pc_wind_export,李若彤冻龄,美容养颜,美容养颜,日弘,星光款
69aaa1970000000015020ebf,复工回归办公室，如何快速去“班味”？,https://www.xiaohongshu.com/explore/69aaa1970000000015020ebf?xsec_token=WB0Elw4Ncq5JR3q2Qo5BpXRznodqsDvH-6DsQSUKEpG54=&xsec_source=pc_wind_export,复工回归,美容养颜,美容养颜,新号,青春款
69b13647000000001b015ce7,特种“兵”内调日常??胡兵同款燕窝！,https://www.xiaohongshu.com/explore/69b13647000000001b015ce7?xsec_token=WBfQR22W4qkZvRJVMVII7riv8S34tMUu6lfaFffiVm2U4=&xsec_source=pc_wind_export,特种“兵”,美容养颜,用户教育/心智,新号,星光款
69b1370e000000001b0161c9,跟风胡兵买的空瓶啦！,https://www.xiaohongshu.com/explore/69b1370e000000001b0161c9?xsec_token=WBfQR22W4qkZvRJVMVII7rip6Mfp4BQoGvGRIIkFLanyo=&xsec_source=pc_wind_export,跟风胡兵,美容养颜,用户教育/心智,新号,星光款
69b1378e000000001b01f0ba,这瓶燕窝才是真?冻龄密码??,https://www.xiaohongshu.com/explore/69b1378e000000001b01f0ba?xsec_token=WBfQR22W4qkZvRJVMVII7rist74F1h1oJUCovb2rZy1Gg=&xsec_source=pc_wind_export,冻龄密码,美容养颜,用户教育/心智,新号,星光款
69b13804000000001d026c2a,被姑姑的保养术狠狠拿捏！?坚持喝小仙炖,https://www.xiaohongshu.com/explore/69b13804000000001d026c2a?xsec_token=WBfQR22W4qkZvRJVMVII7rir1Gpjd-8WJxy5jxXacFwLo=&xsec_source=pc_wind_export,被姑姑,美容养颜,用户教育/心智,新号,星光款
69b253aa000000001b01d29d,??吴昕私藏！春日好气色密码被挖到了,https://www.xiaohongshu.com/explore/69b253aa000000001b01d29d?xsec_token=WBL4A0y-td8z5MjYlpdbohtiTrT9dC1RZdUWYfUzFB-lE=&xsec_source=pc_wind_export,吴昕私藏,美容养颜,用户教育/心智,日弘,青春款
69b910ff000000001a033025,胡兵55岁状态惊人｜内调新思路被他玩明白了,https://www.xiaohongshu.com/explore/69b910ff000000001a033025?xsec_token=WBdfIfVfVmd3qnugQ8apDB0VDvo5KaWlmIRIqpOpnMcjs=&xsec_source=pc_wind_export,胡兵55岁,美容养颜,美容养颜,日弘,星光款
69ba3db20000000020039b5a,一篇告诉你?女生吃燕窝到底有什么好处?,https://www.xiaohongshu.com/explore/69ba3db20000000020039b5a?xsec_token=WBnAhwO4YvmVtH71Po6_nBp3MYhfWlnvj_PHide_jwe94=&xsec_source=pc_wind_export,一篇告诉你,美容养颜,美容养颜,日弘,青春款
69ba52da000000002301d696,跟着李若彤抄作业！素颜好状态藏不住,https://www.xiaohongshu.com/explore/69ba52da000000002301d696?xsec_token=WBnAhwO4YvmVtH71Po6_nBpwrNwBFDuxHIQcSrVejXSXE=&xsec_source=pc_wind_export,素颜好状态,美容养颜,美容养颜,日弘,星光款
69bd1ba2000000002101329f,李若彤同款宠粉价 这波冲了,https://www.xiaohongshu.com/explore/69bd1ba2000000002101329f?xsec_token=WBesqkq5Q6x8G6b9pZcqq7Fx6e09qaSs7QbtoB6_uWhGo=&xsec_source=pc_wind_export,李若彤同款宠粉价,美容养颜,用户教育/心智,新号,星光款
69bd114e0000000022001029,跟着明星抄作业 大促囤货太爽了,https://www.xiaohongshu.com/explore/69bd114e0000000022001029?xsec_token=WBesqkq5Q6x8G6b9pZcqq7F7tgI3pfk-Gjik0E6TC5geU=&xsec_source=pc_wind_export,跟着明星抄作业,美容养颜,用户教育/心智,新号,青春款
69bd181f000000002103a962,55岁像25岁 李若彤同款太绝了,https://www.xiaohongshu.com/explore/69bd181f000000002103a962?xsec_token=WBesqkq5Q6x8G6b9pZcqq7F5OjkpunDlG9eHQZ59SH5b0=&xsec_source=pc_wind_export,李若彤同款太绝了,美容养颜,用户教育/心智,新号,星光款
69bd175e000000002103a448,姑姑的秘密 美容养颜就靠它,https://www.xiaohongshu.com/explore/69bd175e000000002103a448?xsec_token=WBesqkq5Q6x8G6b9pZcqq7FzmoEZZkYOkssP6txlSy_hc=&xsec_source=pc_wind_export,姑姑的秘密,美容养颜,用户教育/心智,新号,星光款
69bd1bed000000001a02a0db,姑姑同款宠粉福利 到手太香了,https://www.xiaohongshu.com/explore/69bd1bed000000001a02a0db?xsec_token=WBesqkq5Q6x8G6b9pZcqq7FwytJr15n2cSiu8fVHmZoo4=&xsec_source=pc_wind_export,姑姑同款宠粉福利,美容养颜,用户教育/心智,新号,星光款
69bd11fe0000000021013033,李若彤同款！这波半价我冲了,https://www.xiaohongshu.com/explore/69bd11fe0000000021013033?xsec_token=WBesqkq5Q6x8G6b9pZcqq7F7offQ6bmOpJoV6R1YWDJ_Q=&xsec_source=pc_wind_export,这波半价我冲了,美容养颜,用户教育/心智,新号,青春款
69bd1a4d0000000022000ec4,宠粉福利限时抢 手慢真的无,https://www.xiaohongshu.com/explore/69bd1a4d0000000022000ec4?xsec_token=WBesqkq5Q6x8G6b9pZcqq7F2uLvQZSW1SJ-72O6c3GQQo=&xsec_source=pc_wind_export,宠粉福利限时抢,美容养颜,用户教育/心智,新号,星光款
69bd10be0000000021012765,大促半价 跟着姑姑吃出好气色,https://www.xiaohongshu.com/explore/69bd10be0000000021012765?xsec_token=WBesqkq5Q6x8G6b9pZcqq7F1CdvcE4Nsl0cDXcY_fulGc=&xsec_source=pc_wind_export,跟着姑姑吃出好气色,美容养颜,用户教育/心智,新号,青春款
69bd19c2000000001a030102,宠粉福利来了 这波羊毛必须薅,https://www.xiaohongshu.com/explore/69bd19c2000000001a030102?xsec_token=WBesqkq5Q6x8G6b9pZcqq7F5OAw2oCAa0faW9pNRbf_rU=&xsec_source=pc_wind_export,宠粉福利来了,美容养颜,用户教育/心智,新号,星光款
69bd1d1a0000000021013c67,明星同款燕窝 内调养颜真的牛,https://www.xiaohongshu.com/explore/69bd1d1a0000000021013c67?xsec_token=WBesqkq5Q6x8G6b9pZcqq7F2gjqE47WZzJMSDIw0xTzYI=&xsec_source=pc_wind_export,明星同款燕窝,美容养颜,用户教育/心智,新号,星光款
69bd1d5d0000000021038e43,素颜出门被夸 原来是它的功劳,https://www.xiaohongshu.com/explore/69bd1d5d0000000021038e43?xsec_token=WBesqkq5Q6x8G6b9pZcqq7FxMOuICoIaljOC8UcWBPCzA=&xsec_source=pc_wind_export,素颜出门被夸,美容养颜,用户教育/心智,新号,星光款
69bd1ae7000000001a030906,李若彤同款 吃出素颜好气色,https://www.xiaohongshu.com/explore/69bd1ae7000000001a030906?xsec_token=WBesqkq5Q6x8G6b9pZcqq7F2tWG1SVcIK7w7W6BVlv_zc=&xsec_source=pc_wind_export,吃出素颜好气色,美容养颜,用户教育/心智,新号,星光款
69bd12a0000000001a021690,姑姑都在吃的燕窝 半价太香了,https://www.xiaohongshu.com/explore/69bd12a0000000001a021690?xsec_token=WBesqkq5Q6x8G6b9pZcqq7F2-4vF0inNcLnvS3qlArVPA=&xsec_source=pc_wind_export,姑姑都在吃的燕窝,美容养颜,用户教育/心智,新号,青春款
69bd1da3000000002102febd,昕姐同款每日滋补 坚持真的有用,https://www.xiaohongshu.com/explore/69bd1da3000000002102febd?xsec_token=WBesqkq5Q6x8G6b9pZcqq7F9vCGG4iMTCvbMTKQWBcNGA=&xsec_source=pc_wind_export,昕姐同款每日滋补,美容养颜,用户教育/心智,新号,青春款
69bd1186000000002103bc18,跟着吴昕吃燕窝 这拉丝绝了！,https://www.xiaohongshu.com/explore/69bd1186000000002103bc18?xsec_token=WBesqkq5Q6x8G6b9pZcqq7F5qJK141iz8Kh28XoISYQlY=&xsec_source=pc_wind_export,跟着吴昕吃燕窝,美容养颜,用户教育/心智,新号,星光款
69bd1651000000001a03293c,30+女明星的美丽秘籍,https://www.xiaohongshu.com/explore/69bd1651000000001a03293c?xsec_token=WBesqkq5Q6x8G6b9pZcqq7FyH60gHnnsSs7nrTbVWE8YQ=&xsec_source=pc_wind_export,30+女明星,美容养颜,用户教育/心智,新号,青春款
69bd194b000000001a02458b,素颜出门被夸 原来是吃对了,https://www.xiaohongshu.com/explore/69bd194b000000001a02458b?xsec_token=WBesqkq5Q6x8G6b9pZcqq7F3IGO99nI9AYwLnxhHJYxg0=&xsec_source=pc_wind_export,素颜出门被夸,美容养颜,用户教育/心智,新号,星光款
69bd1de7000000001a02ae0a,吴昕同款宠粉福利 美容养颜一步到位,https://www.xiaohongshu.com/explore/69bd1de7000000001a02ae0a?xsec_token=WBesqkq5Q6x8G6b9pZcqq7F-emCCzsNYtp4CmJ3QBl0F4=&xsec_source=pc_wind_export,吴昕同款宠粉福利,美容养颜,用户教育/心智,新号,青春款
69bd1904000000002103af98,内调才是王炸 皮肤好到反光,https://www.xiaohongshu.com/explore/69bd1904000000002103af98?xsec_token=WBesqkq5Q6x8G6b9pZcqq7F4OfUMvYrNu6GcsZsGOGAjI=&xsec_source=pc_wind_export,内调才是王炸,美容养颜,用户教育/心智,新号,星光款
69bd1e24000000001a026645,跟着徐璐吃小仙炖 气色皮肤双在线,https://www.xiaohongshu.com/explore/69bd1e24000000001a026645?xsec_token=WBesqkq5Q6x8G6b9pZcqq7F-i3NITwHtzCIslctO3PBV4=&xsec_source=pc_wind_export,跟着徐璐吃小仙炖,美容养颜,用户教育/心智,新号,青春款
69bd2519000000002102ee8d,璐璐同款养颜 状态好到被问秘诀,https://www.xiaohongshu.com/explore/69bd2519000000002102ee8d?xsec_token=WBesqkq5Q6x8G6b9pZcqq7FwCHAp6QRLimWZYMaMWmchA=&xsec_source=pc_wind_export,璐璐同款养颜,美容养颜,用户教育/心智,新号,星光款
69bd1ca0000000001a0314a0,宠粉福利开抢 养颜女孩必入,https://www.xiaohongshu.com/explore/69bd1ca0000000001a0314a0?xsec_token=WBesqkq5Q6x8G6b9pZcqq7F5pmSuSaXNYDKKx7mjMbe68=&xsec_source=pc_wind_export,养颜女孩必入,美容养颜,用户教育/心智,新号,星光款
69bd1c6a000000001a031342,明星同款限时宠粉 错过等一年,https://www.xiaohongshu.com/explore/69bd1c6a000000001a031342?xsec_token=WBesqkq5Q6x8G6b9pZcqq7Fwcgrt8vSX7_CP3XbvI5hdU=&xsec_source=pc_wind_export,明星同款限时宠粉,美容养颜,用户教育/心智,新号,青春款
695b7b7500000000220337d6,鲜炖燕窝钻石碗～每周冷鲜配送更省心,https://www.xiaohongshu.com/explore/695b7b7500000000220337d6?xsec_token=WBoKzJp8FT-BgEXjahLiEW0blYHskYGkyFloZq2eCb7W4=&xsec_source=pc_wind_export,能喝回来,大促机制,,官号,青春款
69c26f8e000000001a033d98,吃燕窝还要考虑？！当然越早吃越享受滋补！,https://www.xiaohongshu.com/explore/69c26f8e000000001a033d98?xsec_token=WBWMgSuxVhYL-GWfSFMCZmu-7Hnzp7TKszAUiSnyxkIk8=&xsec_source=pc_wind_export,还要考虑,大促机制,合集,新号,星光款
69c26fcc0000000022000ff8,,,,孕期滋补,,新号,
69c2700b000000001a02908a,孕期还在胡吃海塞？快跟小仙炖一起正确滋补,https://www.xiaohongshu.com/explore/69c2700b000000001a02908a?xsec_token=WBWMgSuxVhYL-GWfSFMCZmu-R1loOC-ONDfbKY_14NcK0=&xsec_source=pc_wind_export,胡吃海塞,美容养颜,合集,新号,星光款
69c26f47000000002103aa22,中式变美好习惯?养出红润健康元气美～,https://www.xiaohongshu.com/explore/69c26f47000000002103aa22?xsec_token=WBWMgSuxVhYL-GWfSFMCZmu0v4iTUO4tZz79wwCFK91D4=&xsec_source=pc_wind_export,元气美,美容养颜,合集,新号,星光款
69c27058000000001a02032b,40+女生必看的开春滋补秘籍??,https://www.xiaohongshu.com/explore/69c27058000000001a02032b?xsec_token=WBWMgSuxVhYL-GWfSFMCZmu88QyaBFzm1-kAHo5LBdS24=&xsec_source=pc_wind_export,开春滋补,美容养颜,美容养颜,新号,星光款
69c271da000000001a029b05,早春换季打工人的续命搭子,https://www.xiaohongshu.com/explore/69c271da000000001a029b05?xsec_token=WBWMgSuxVhYL-GWfSFMCZmu7gbEGSNZdb-HTrcClrKug0=&xsec_source=pc_wind_export,续命搭子,美容养颜,美容养颜,新号,青春款
69c27243000000002102ed7d,一人吃两人补不是说说而已,https://www.xiaohongshu.com/explore/69c27243000000002102ed7d?xsec_token=WBWMgSuxVhYL-GWfSFMCZmux3QI1-A0abokbK5kLukZ3E=&xsec_source=pc_wind_export,不是说说而已,孕期滋补,,新号,星光款
69c5dd2d000000002301450b,从入门到奢护|小仙炖全阶段滋补攻略,https://www.xiaohongshu.com/explore/69c5dd2d000000002301450b?xsec_token=WBQ9wJuui2TnVbjw6DXg7gmch9MSQcW5tCIiWdc3CNvMA=&xsec_source=pc_wind_export,从入门到奢护,合集,合集,日弘,合集款
69cea3020000000023014b87,孕28周才醒悟！孕期燕窝别再自己炖燕窝了?,https://www.xiaohongshu.com/explore/69cea3020000000023014b87?xsec_token=WBUeU-4gTFYyFSoOY6VTaaSH_6Y2kxx87b_XRzwIhXAZg=&xsec_source=pc_wind_export,炖燕窝,孕期滋补,孕期滋补,日弘,星光款
69a3ec380000000015039ca3,孕早期通关攻略????吃、查、补全部一篇讲清?,https://www.xiaohongshu.com/explore/69a3ec380000000015039ca3?xsec_token=WBCM67wSFH3Rhj0rLRfIfebOmcBKdpNeasxJKsV-Eadzo=&xsec_source=pc_wind_export,墩墩只吃一顿,孕期滋补,孕期滋补,达人,星光款
69a803e70000000015032a44,Vlog????孕晚期产检倒计时咯！,https://www.xiaohongshu.com/explore/69a803e70000000015032a44?xsec_token=WBvo6qvdmNr8c7vN6CfIF3t-OUDMWSCGDbplyPJBOJGoQ=&xsec_source=pc_wind_export,淇舒韩舒淇,孕期滋补,孕期滋补,达人,星光款
69a8ff3f000000001a020133,三亚Vlog???孕晚期每天也要吃饱吃好！,https://www.xiaohongshu.com/explore/69a8ff3f000000001a020133?xsec_token=WBvo6qvdmNr8c7vN6CfIF3t-JTIAK06PC8zCfw9jBqylY=&xsec_source=pc_wind_export,Melody麦老si,孕期滋补,孕期滋补,达人,星光款
69aa6be20000000015031a51,Vlog｜??33周控制体重一日饮食分享,https://www.xiaohongshu.com/explore/69aa6be20000000015031a51?xsec_token=WB0Elw4Ncq5JR3q2Qo5BpXR4XUJqShP_rlSs6rUzWTkF8=&xsec_source=pc_wind_export,奶酪小马,孕期滋补,孕期滋补,达人,星光款
69aa8d0e000000001a0354fc,春日Vlog｜怀孕也要当快乐漂亮的孕妇！,https://www.xiaohongshu.com/explore/69aa8d0e000000001a0354fc?xsec_token=WB0Elw4Ncq5JR3q2Qo5BpXR3FDZr7rEivprqVgRPMeua4=&xsec_source=pc_wind_export,可乐宇仔,孕期滋补,孕期滋补,达人,星光款
69aceea5000000001d0249e9,国企打工人?????跟着AI备孕吃什么VLOG,https://www.xiaohongshu.com/explore/69aceea5000000001d0249e9?xsec_token=WBad4OVg99-mfjk52vJob12A7Pn7ZKxPksq3k29UMJ_aM=&xsec_source=pc_wind_export,留学生小姐姐熊猫,孕期滋补,孕期滋补,达人,星光款
69ad1bf6000000001d02444f,Vlog｜孕晚期控糖一天吃饭日记??,https://www.xiaohongshu.com/explore/69ad1bf6000000001d02444f?xsec_token=WBYQxBIxKqNFl-tYuF6TNLG8knBXbnFe-rmVmsE7z7zWE=&xsec_source=pc_wind_export,大象姐姐,孕期滋补,孕期滋补,达人,星光款
69aeabe9000000001b01f0dc,孕27w.节后控制体重的一天吃练什么?,https://www.xiaohongshu.com/explore/69aeabe9000000001b01f0dc?xsec_token=WBqD4Mvwv3nszDS8HoIo_vyFn4kE8TxhrusV7iWfjL0UU=&xsec_source=pc_wind_export,有趣赖赖,孕期滋补,孕期滋补,达人,星光款
69aeabbf000000001503bbe3,??153/93 孕29w 增重8斤 一天吃练什么??,https://www.xiaohongshu.com/explore/69aeabbf000000001503bbe3?xsec_token=WBqD4Mvwv3nszDS8HoIo_vyChfdwA2pT1N0I-u-qlcbuY=&xsec_source=pc_wind_export,皮蛋没有蛋,孕期滋补,孕期滋补,达人,星光款
69aeb568000000001503333b,孕期真心话｜我知道的5个信息差??,https://www.xiaohongshu.com/explore/69aeb568000000001503333b?xsec_token=WBqD4Mvwv3nszDS8HoIo_vyFpMS3OkHzYc8FGmSYRWfHc=&xsec_source=pc_wind_export,满满Cyim,孕期滋补,孕期滋补,达人,星光款
69afbb2d000000000b034271,孕26周，二胎妈妈吃了大半年燕窝的感受…,https://www.xiaohongshu.com/explore/69afbb2d000000000b034271?xsec_token=WB7cCwHd8L3xQPVUDAmlYeJCBriixz-PTzDBMuqqVT__o=&xsec_source=pc_wind_export,labi小羊,孕期滋补,孕期滋补,达人,星光款
69afcce5000000001b0144ae,Vlog|30w产检的一天记录??一切顺利?,https://www.xiaohongshu.com/explore/69afcce5000000001b0144ae?xsec_token=WB7cCwHd8L3xQPVUDAmlYeJMa_NUkeIB5GpEgadxZ8S7k=&xsec_source=pc_wind_export,好的然然,孕期滋补,孕期滋补,达人,星光款
69b15f75000000000b03676d,37w孕期吃燕窝｜纯自用感受,https://www.xiaohongshu.com/explore/69b15f75000000000b03676d?xsec_token=WBfQR22W4qkZvRJVMVII7riqP1dzNOohL0CII4VK4NUUA=&xsec_source=pc_wind_export,96年小福星,孕期滋补,孕期滋补,达人,星光款
69b16df9000000000600e8bc,??33w｜孕期早餐公式??牛奶燕窝+水煮蛋,https://www.xiaohongshu.com/explore/69b16df9000000000600e8bc?xsec_token=WBfQR22W4qkZvRJVMVII7rigFocHYIAQ-kXlIwmTM4Us8=&xsec_source=pc_wind_export,小马在北漂,孕期滋补,孕期滋补,达人,星光款
69b1615a000000000600ec5d,??孕期才知道女人吃对补品有多重要！！！,https://www.xiaohongshu.com/explore/69b1615a000000000600ec5d?xsec_token=WBfQR22W4qkZvRJVMVII7rirT8o2PYhsiIRBsCe4DYo3A=&xsec_source=pc_wind_export,航航妈咪的日常,孕期滋补,孕期滋补,达人,星光款
69b15b360000000009022ffe,从怀孕吃到卸货吃一年燕窝的心得,https://www.xiaohongshu.com/explore/69b15b360000000009022ffe?xsec_token=WBfQR22W4qkZvRJVMVII7rioqx4sMsXjZJSZxmcVBSQKk=&xsec_source=pc_wind_export,Winnie,孕期滋补,孕期滋补,达人,星光款
69b5258c000000001f005fbb,那些为你好的话，我一个都没听！！,https://www.xiaohongshu.com/explore/69b5258c000000001f005fbb?xsec_token=WBN94UcdRX_tJ9VjmmehrfN-0hhTkEaAeeEo89m7sR9MY=&xsec_source=pc_wind_export,秀芹在此,孕期滋补,孕期滋补,达人,星光款
69b912000000000023015834,,,,孕期滋补,孕期滋补,达人,
69b93b0a000000002200e247,????孕37周，今日份的燕窝控体餐～,https://www.xiaohongshu.com/explore/69b93b0a000000002200e247?xsec_token=WBdfIfVfVmd3qnugQ8apDB0RlpYW6-N40irCKkw0DkoGc=&xsec_source=pc_wind_export,一朵小黄花,孕期滋补,孕期滋补,达人,星光款
69ba3736000000002301dafe,孕期每天燕窝+牛奶，一直喝到生。。,https://www.xiaohongshu.com/explore/69ba3736000000002301dafe?xsec_token=WBnAhwO4YvmVtH71Po6_nBp6UU1T3JQuEPq5hEpwJ9Zo0=&xsec_source=pc_wind_export,图图饿了吗,孕期滋补,孕期滋补,达人,星光款
69ba567a0000000023012c11,吃空了6个月的燕窝有话要说...,https://www.xiaohongshu.com/explore/69ba567a0000000023012c11?xsec_token=WBnAhwO4YvmVtH71Po6_nBp7n3doIbQuY3X-O2OUBez20=&xsec_source=pc_wind_export,生活有点甜,孕期滋补,孕期滋补,达人,星光款
69ba64760000000021010453,孕18w充实自律一日吃练vlog,https://www.xiaohongshu.com/explore/69ba64760000000021010453?xsec_token=WBnAhwO4YvmVtH71Po6_nBp5-WuvlWmFoFCdffQA2vN2c=&xsec_source=pc_wind_export,一只CC,孕期滋补,孕期滋补,达人,星光款
69baa6ba000000001a02eee4,老公以为我孕早期孕吐vs实际我孕吐,https://www.xiaohongshu.com/explore/69baa6ba000000001a02eee4?xsec_token=WBnAhwO4YvmVtH71Po6_nBp6X4cicCsQ2sMjGc--NXJJA=&xsec_source=pc_wind_export,郭小锅GIA,孕期滋补,孕期滋补,达人,星光款
69bba5360000000022027948,备孕日记｜未满35 佛系重启身体“好孕”的一天,https://www.xiaohongshu.com/explore/69bba5360000000022027948?xsec_token=WBmb4PqU3_IhKuNPrjnxgSajNN9ZtPK7vRgGrxbNYnF0I=&xsec_source=pc_wind_export,苏苏susu,孕期滋补,孕期滋补,达人,星光款
69bd181b0000000022003f83,孕七月｜踩过坑才知道的孕期经验…,https://www.xiaohongshu.com/explore/69bd181b0000000022003f83?xsec_token=WBesqkq5Q6x8G6b9pZcqq7F4rg2_ORxaCbXcFJmu2oIyk=&xsec_source=pc_wind_export,苏菲在此,孕期滋补,孕期滋补,达人,星光款
69c26e96000000001a024b1a,孕36w，注意饮食真的不会变丑变老,https://www.xiaohongshu.com/explore/69c26e96000000001a024b1a?xsec_token=WBWMgSuxVhYL-GWfSFMCZmu9qmmYYF-n4O6Wi-AMgQwUk=&xsec_source=pc_wind_export,一只琳琳兒,孕期滋补,孕期滋补,达人,星光款
69c289f7000000001a021cfc,孕23+5w| 坚持每天一瓶燕窝，说说感受~,https://www.xiaohongshu.com/explore/69c289f7000000001a021cfc?xsec_token=WBWMgSuxVhYL-GWfSFMCZmu7OxHCTGBYsHzSL4CsZSabg=&xsec_source=pc_wind_export,开心予李,孕期滋补,孕期滋补,达人,星光款
69c37d05000000002202bb32,一胎吃到二胎，关于孕期吃的燕窝那些事...,https://www.xiaohongshu.com/explore/69c37d05000000002202bb32?xsec_token=WBNyWhaPRlxk3U4R7F0YHdRpw4PPHUjjKZHwNyAVUy9JY=&xsec_source=pc_wind_export,人类柚崽,孕期滋补,孕期滋补,达人,星光款
69c0d503000000002301670f,,,,孕期滋补,孕期滋补,达人,
69c3817e000000001a0334a3,Vlog｜孕25周已长15斤??控重期一天吃什么???,https://www.xiaohongshu.com/explore/69c3817e000000001a0334a3?xsec_token=WBNyWhaPRlxk3U4R7F0YHdRldAP11CqUkvpQyi-91Lom4=&xsec_source=pc_wind_export,vv,孕期滋补,孕期滋补,达人,星光款
69c4995700000000230228c8,无人问津的孕早期，我是怎么熬过来的…,https://www.xiaohongshu.com/explore/69c4995700000000230228c8?xsec_token=WBffPHCfNzewB5BHrnAdsl8sDXgcVG1ZotKbmGDd0qNMU=&xsec_source=pc_wind_export,尚狗歪,孕期滋补,孕期滋补,达人,星光款
69c4f2fa000000002200077d,Vlog|当温州厂二代开始备孕了????,https://www.xiaohongshu.com/explore/69c4f2fa000000002200077d?xsec_token=WBffPHCfNzewB5BHrnAdsl8vZgZ7jFPqLF3YmWlXzvDzg=&xsec_source=pc_wind_export,黄小,孕期滋补,孕期滋补,达人,星光款
69c681fb000000001b02135c,跟风吃的，感受到孕期吃燕窝的震撼。。,https://www.xiaohongshu.com/explore/69c681fb000000001b02135c?xsec_token=WBai68y92dv_laOKRzQX3Lvd9dd-VyR4O6zRRjT9rniJs=&xsec_source=pc_wind_export,一只小布丁,孕期滋补,孕期滋补,达人,星光款
69c3c7470000000021005c58,孕39w，保持美貌最好的方式是吃对补品！,https://www.xiaohongshu.com/explore/69c3c7470000000021005c58?xsec_token=WBNyWhaPRlxk3U4R7F0YHdRoejWJ-SCtOHoFWFlxsXTrw=&xsec_source=pc_wind_export,Hello哈喽公主,孕期滋补,孕期滋补,达人,星光款
69c8ad3c000000002102ccb4,,,,孕期滋补,孕期滋补,达人,
69c8ae2b000000001e00c06c,建议所有孕妈都把补品换成这个。。,https://www.xiaohongshu.com/explore/69c8ae2b000000001e00c06c?xsec_token=WBqIor2H1WEZoslIIUeMhTFfONCKuYWMYgENR-ZqnNxwQ=&xsec_source=pc_wind_export,妞妞公主,孕期滋补,孕期滋补,达人,星光款
69c8a549000000002103b0ad,孕晚期小记｜34w+的早餐记录??,https://www.xiaohongshu.com/explore/69c8a549000000002103b0ad?xsec_token=WBqIor2H1WEZoslIIUeMhTFbVYfP9oWiijHLnycIFvPIk=&xsec_source=pc_wind_export,肉泥Roni,孕期滋补,孕期滋补,达人,星光款
69ca3ab700000000210385da,二胎已生，过来人告诉你孕期吃燕窝的大实话,https://www.xiaohongshu.com/explore/69ca3ab700000000210385da?xsec_token=WBeOWMxnjOg_qge6Z-I4XIXwg8_dJe_kCdnMUHgSynhnk=&xsec_source=pc_wind_export,米妮薇vivian,孕期滋补,孕期滋补,达人,星光款
69ca456d000000002200cc1e,19w孕期日记?? 在三亚逛吃的一天巨开心~,https://www.xiaohongshu.com/explore/69ca456d000000002200cc1e?xsec_token=WBeOWMxnjOg_qge6Z-I4XIX80GemqsQ8xW1nxSWqyU7p4=&xsec_source=pc_wind_export,一只康康,孕期滋补,孕期滋补,达人,星光款
69ca79e2000000002102fcc9,孕期购物清单??新手妈妈每月按需囤!!不焦虑,https://www.xiaohongshu.com/explore/69ca79e2000000002102fcc9?xsec_token=WBeOWMxnjOg_qge6Z-I4XIXzCPhGorvWyRsiUsvihND88=&xsec_source=pc_wind_export,奶油雪仙贝,孕期滋补,孕期滋补,达人,星光款
69b8ff09000000001b022265,说一些 年后自律不饿瘦小tips,https://www.xiaohongshu.com/explore/69b8ff09000000001b022265?xsec_token=WBERnhpLufQ4bDgDOoHlQ4Mc10XtDMM_kXPWKOFmNzXLY=&xsec_source=pc_wind_export,qiqi,孕期滋补,孕期滋补,达人,青春款
69af852e000000001d0254fa,巴黎时装周一日VLOG??模特减脂吃什么？,https://www.xiaohongshu.com/explore/69af852e000000001d0254fa?xsec_token=WB7cCwHd8L3xQPVUDAmlYeJAeo9zjycKwW2sTquyoJD3w=&xsec_source=pc_wind_export,ziwen关茈文,孕期滋补,美容养颜,达人,星光款
69aff2e8000000000c00b8e8,,,,孕期滋补,孕期滋补,达人,
69afdf7d000000002202da0a,真金白银吃出来的年度空瓶(燕窝版,https://www.xiaohongshu.com/explore/69afdf7d000000002202da0a?xsec_token=WB7cCwHd8L3xQPVUDAmlYeJA76nG-fIKwYVJhjVx62Ewc=&xsec_source=pc_wind_export,小草莓分享版,孕期滋补,孕期滋补,达人,星光款
69afe5750000000015032880,打工人无限回购系列！！我又又又又空瓶了！！,https://www.xiaohongshu.com/explore/69afe5750000000015032880?xsec_token=WB7cCwHd8L3xQPVUDAmlYeJCm2FlCk38UVMSBSW98Ur5w=&xsec_source=pc_wind_export,糯糯团粽子,孕期滋补,孕期滋补,达人,青春款
69cf7c2c00000000230202db,孕反内耗退退退！原来燕窝才是孕妈救赎！,https://www.xiaohongshu.com/explore/69cf7c2c00000000230202db?xsec_token=WBv079CotMUzUTHGjMZuts0XkSBYffSWW376UpaZFNw7Q=&xsec_source=pc_wind_export,孕妈救赎,孕期滋补,孕期滋补,日弘,星光款
69cf7f85000000001e00f6aa,热门燕窝选购指南！一篇选对不白花钱?,https://www.xiaohongshu.com/explore/69cf7f85000000001e00f6aa?xsec_token=WBv079CotMUzUTHGjMZuts0U-pKaWRjZyAGKpUfp4Xjsk=&xsec_source=pc_wind_export,不白花钱,合集,合集,日弘,合集款
69d8d571000000001b022ff5,小仙炖爆款燕窝怎么选？一篇看懂不花冤枉钱,https://www.xiaohongshu.com/explore/69d8d571000000001b022ff5?xsec_token=WBDRp7jgY3kB4UTYHRqA3sFKZFKyZDbXxTsOXdCxJ4xSk=&xsec_source=pc_wind_export,爆款燕窝怎么选,合集,合集,日弘,合集款
69dcb8dd000000002202511c,更年期吃燕窝好处多多！一瓶养出从容底气,https://www.xiaohongshu.com/explore/69dcb8dd000000002202511c?xsec_token=WB4nPSaAjnZ6Q7KPJNk44dRDHnvsyrHTAyeCnDEMXAp4s=&xsec_source=pc_wind_export,从容底气,美容养颜,美容养颜,日弘,星光款
69dc556b0000000022029963,怀孕后才懂：燕窝是给宝宝投资，不是智商税,https://www.xiaohongshu.com/explore/69dc556b0000000022029963?xsec_token=WB4nPSaAjnZ6Q7KPJNk44dRGc0uvsZLtgnEWgdwdMNLWw=&xsec_source=pc_wind_export,怀孕后才懂,孕期滋补,孕期滋补,日弘,星光款
69e0a9b2000000001a02faf3,怀孕后才懂：燕窝是给宝宝投资，不是智商税,https://www.xiaohongshu.com/explore/69e0a9b2000000001a02faf3?xsec_token=WBUd384a0lZGV8XDs--0kmZ9_vWkdh_ou3CT9MVOtmAGA=&xsec_source=pc_wind_export,怀孕后才懂（新）,孕期滋补,,日弘,星光款
69dcbaf9000000002102f769,一篇看懂孕期燕窝怎么吃,https://www.xiaohongshu.com/explore/69dcbaf9000000002102f769?xsec_token=WB4nPSaAjnZ6Q7KPJNk44dRHHQLOuXOQyMb_Er-q10pUY=&xsec_source=pc_wind_export,一篇看,孕期滋补,,新号,星光款
69dcb92a0000000022001c11,40+女生春季滋补丨变美很简单,https://www.xiaohongshu.com/explore/69dcb92a0000000022001c11?xsec_token=WB4nPSaAjnZ6Q7KPJNk44dRL8TyM1vf-mt6CEcyyC7lOk=&xsec_source=pc_wind_export,变美很简单,美容养颜,,新号,星光款
69dcba940000000021013e2c,,,,孕期滋补,,新号,
69dcb8e3000000001a031a47,小仙炖春日宠粉你就这么送？,https://www.xiaohongshu.com/explore/69dcb8e3000000001a031a47?xsec_token=WB4nPSaAjnZ6Q7KPJNk44dRIDeB5bi_lheoSFlGIaFWU0=&xsec_source=pc_wind_export,就这么送,大促机制,,新号,星光款
69dcbb4d000000001a0220b9,换季状态毫无压力 跟着贵妇吃就对了,https://www.xiaohongshu.com/explore/69dcbb4d000000001a0220b9?xsec_token=WB4nPSaAjnZ6Q7KPJNk44dRPzY9JqHiEDKiH2QI7QUtQw=&xsec_source=pc_wind_export,毫无压力,美容养颜,,新号,青春款
69dcbca0000000001a02bff8,30+K老养颜 打开新思路,https://www.xiaohongshu.com/explore/69dcbca0000000001a02bff8?xsec_token=WB4nPSaAjnZ6Q7KPJNk44dRK8OgaCXsNzoqnQj0kEJZAM=&xsec_source=pc_wind_export,打开新思路,美容养颜,,新号,青春款
69dcbc070000000022002eff,产后吃燕窝 状态真的回来了,https://www.xiaohongshu.com/explore/69dcbc070000000022002eff?xsec_token=WB4nPSaAjnZ6Q7KPJNk44dRHG_AswDs1TFWbubYUHEvzw=&xsec_source=pc_wind_export,回来了,孕期滋补,,新号,星光款
69dcbc4f0000000021039ba0,脸黄暗沉党选它 性价比拉满,https://www.xiaohongshu.com/explore/69dcbc4f0000000021039ba0?xsec_token=WB4nPSaAjnZ6Q7KPJNk44dRF_mA56aNu8B2uOdf_8_hS4=&xsec_source=pc_wind_export,脸黄暗沉,美容养颜,,新号,青春款
69dcbbb7000000002102fc43,春夏囤货正当时｜小仙炖套餐价格来啦,https://www.xiaohongshu.com/explore/69dcbbb7000000002102fc43?xsec_token=WB4nPSaAjnZ6Q7KPJNk44dRAmfk2wv5cB4JmVdv297JZs=&xsec_source=pc_wind_export,套餐价格,大促机制,,新号,青春款
69e60724000000001a026e9f,中式滋补的魅力丨选对燕窝内调不走弯路,https://www.xiaohongshu.com/explore/69e60724000000001a026e9f?xsec_token=WB8cDdQHM-F8L-AuTSOijkjeVPkJeHbdUoGlJ3JpBZNd0=&xsec_source=pc_wind_export,中式滋补的魅力,美容养颜,,新号,星光款
69e608ee000000002102f2b9,孕期安心小秘诀选小仙炖就对了,https://www.xiaohongshu.com/explore/69e608ee000000002102f2b9?xsec_token=WB8cDdQHM-F8L-AuTSOijkjVRmfRyf83CinSSPncVlh4M=&xsec_source=pc_wind_export,就对了,孕期滋补,,新号,星光款
69e60978000000002103979c,换季有福利 小仙炖你别太宠        ,https://www.xiaohongshu.com/explore/69e60978000000002103979c?xsec_token=WB8cDdQHM-F8L-AuTSOijkjUxOrJyhx1eACXZHoeXLVvo=&xsec_source=pc_wind_export,换季有福利,大促机制,,新号,星光款
69e609d8000000001a027ea5,春夏换季还不懂怎么滋补？试试小仙炖,https://www.xiaohongshu.com/explore/69e609d8000000001a027ea5?xsec_token=WB8cDdQHM-F8L-AuTSOijkjdqrKNpGn0N-ffB0nIoddA4=&xsec_source=pc_wind_export,试试小仙炖,美容养颜,,新号,星光款
69e60e65000000002102d398,OMG…吃了一整个孕期的燕窝说说我的变化,https://www.xiaohongshu.com/explore/69e60e65000000002102d398?xsec_token=WB8cDdQHM-F8L-AuTSOijkjZiHCDIQI4zZdED-5kdtSEg=&xsec_source=pc_wind_export,我的变化,孕期滋补,,新号,星光款
69e74779000000002301e7da,,,,孕期滋补,,新号,
69e7491e000000001e00e53b,,,,合集,,新号,
69e747c5000000001a035249,,,,孕期滋补,,新号,
69e7487f0000000022029308,,,,大促机制,,新号,
69e89e11000000001e00d639,,,,合集,,新号,
69e9c64f00000000220255cb,,,,合集,,新号,
69e89e910000000022028ad1,,,,孕期滋补,,新号,
69e89f21000000001a0350b5,,,,美容养颜,,新号,
69e9e97e000000001b022f70,,,,合集,,新号,
69e9f6040000000020013000,,,,孕期滋补,,新号,
69e9f653000000001f031005,,,,孕期滋补,,新号,
69e9e993000000001f004907,,,,美容养颜,,新号,
69e9f5ac0000000020003801,,,,孕期滋补,,新号,
69e9e9a6000000001e00da5d,,,,合集,,新号,
69eb2b2b000000002301f6e8,,,,孕期滋补,,新号,
69eac1dc000000001e00f2ed,,,,合集,,新号,
69eacf21000000002301560b,,,,大促机制,,新号,
69eb1b2d000000002301e079,,,,美容养颜,,新号,
69eb4768000000001f0011a4,,,,合集,,新号,
69eb49f8000000001a035873,,,,合集,,新号,
69ef068c000000002202a06a,,,,美容养颜,,新号,
69ef0887000000001f0070cc,,,,美容养颜,,新号,
69ef090900000000230063f2,,,,大促机制,,新号,
69ef0a52000000002301d697,,,,美容养颜,,新号,
