创意ID,创意名称,创意状态,创意审核状态,广告类型,推广目标,创意类型,笔记/素材ID,作者ID,笔记类型,商品ID,计划名称,计划ID,创意创建时间,消费,展现量,点击量,点击率,平均点击成本,平均千次展示费用,直播间观看次数,直播间观看成本,直播间平均停留时长,直播间新增粉丝数量,直播间5s观看次数,直播间5s观看成本,直播间评论次数,直播间30s观看次数,直播间30s观看成本,7日总商品访客量,7日总商品访客成本,7日总商品加购量,7日总商品加购成本,7日总下单订单量,7日总下单订单成本,7日总下单金额,7日总下单ROI,7日总支付订单量,7日总支付订单成本,7日总支付金额,7日总支付ROI,直播间直接下单订单量,直播间直接下单订单成本,直播间直接下单金额,直播间直接下单ROI,直播间直接支付订单量,直播间直接支付订单成本,直播间直接支付金额,直播间直接支付ROI,店铺新客商品访问量,店铺新客支付订单量,店铺新客支付金额
-,合计380条记录,-,-,-,-,-,-,-,-,-,-,-,-,10.19,253,8,3.16%,1.27,40.28,0,0.00,0.0,0,0,0.0,0,0,0.0,1,10.19,1,10.19,0,0.0,0.0,0.0,0,0.0,0.0,0.0,0,0.0,0.0,0.0,0,0.0,0.00,0.0,1,0,0.0
4372080454,商品-从入门到奢护-合集款-系统-日弘-26.4.14,有效,审核通过,通投,商品7日总支付ROI,笔记（商品组件）,69c5dd2d000000002301450b,66f67e4c000000001d03127d,图文笔记,"5c174c4846283910db893fd5,6469daecdb9efc0001207e99,641adab9a510be00014ac88e",商品-从入门到奢护-合集款-系统-日弘-26.4.14,186047290,2026-04-14 17:37:47,0.00,2,0,0.0%,0.0,0.0,0,0.00,0.0,0,0,0.0,0,0,0.0,0,0.0,0,0.0,0,0.0,0.0,0.0,0,0.0,0.0,0.0,0,0.0,0.0,0.0,0,0.0,0.00,0.0,0,0,0.0
4354673227,商品-皮蛋没有蛋-星光款-孕期人群-达人-26.4.13,有效,审核通过,通投,商品7日总支付ROI,笔记（商品组件）,69aeabbf000000001503bbe3,61fce9330000000021021464,视频笔记,"5c09e20ed1d7ea5c745bea1d,5880416eab3eb404b8f40853,6469daecdb9efc0001207e99",商品-达人合集2-星光款-孕期人群-达人-26.4.13,185674018,2026-04-13 11:21:55,0.06,1,0,0.0%,0.0,60.0,0,0.00,0.0,0,0,0.0,0,0,0.0,0,0.0,0,0.0,0,0.0,0.0,0.0,0,0.0,0.0,0.0,0,0.0,0.0,0.0,0,0.0,0.00,0.0,0,0,0.0
4354673226,商品-labi小羊-星光款-孕期人群-达人-26.4.13,有效,审核通过,通投,商品7日总支付ROI,笔记（商品组件）,69afbb2d000000000b034271,62b6a01c0000000015018e1e,图文笔记,"5c09e20ed1d7ea5c745bea1d,5880416eab3eb404b8f40853,6469daecdb9efc0001207e99",商品-达人合集2-星光款-孕期人群-达人-26.4.13,185674018,2026-04-13 11:21:55,0.00,0,0,0.0%,0.0,0.0,0,0.00,0.0,0,0,0.0,0,0,0.0,0,0.0,0,0.0,0,0.0,0,0.0,0,0.0,0,0.0,0,0.0,0,0.0,0,0.0,0.00,0.0,0,0,0
4354673225,商品-可乐宇仔-星光款-孕期人群-达人-26.4.13,有效,审核通过,通投,商品7日总支付ROI,笔记（商品组件）,69aa8d0e000000001a0354fc,581a701250c4b452685f94bd,视频笔记,"5c09e20ed1d7ea5c745bea1d,5880416eab3eb404b8f40853,6469daecdb9efc0001207e99",商品-达人合集2-星光款-孕期人群-达人-26.4.13,185674018,2026-04-13 11:21:55,0.64,1,1,100.0%,0.64,640.0,0,0.00,0.0,0,0,0.0,0,0,0.0,0,0.0,0,0.0,0,0.0,0.0,0.0,0,0.0,0.0,0.0,0,0.0,0.0,0.0,0,0.0,0.00,0.0,0,0,0.0
4354673224,商品-生活有点甜-星光款-孕期人群-达人-26.4.13,有效,审核通过,通投,商品7日总支付ROI,笔记（商品组件）,69ba567a0000000023012c11,68d4e5b200000000210245aa,图文笔记,"5c09e20ed1d7ea5c745bea1d,5880416eab3eb404b8f40853,6469daecdb9efc0001207e99",商品-达人合集2-星光款-孕期人群-达人-26.4.13,185674018,2026-04-13 11:21:55,0.00,0,0,0.0%,0.0,0.0,0,0.00,0.0,0,0,0.0,0,0,0.0,0,0.0,0,0.0,0,0.0,0,0.0,0,0.0,0,0.0,0,0.0,0,0.0,0,0.0,0.00,0.0,0,0,0
4354673223,商品-有趣赖赖-星光款-孕期人群-达人-26.4.13,有效,审核通过,通投,商品7日总支付ROI,笔记（商品组件）,69aeabe9000000001b01f0dc,57d4f5a082ec390e1e6704dd,视频笔记,"5c09e20ed1d7ea5c745bea1d,5880416eab3eb404b8f40853,6469daecdb9efc0001207e99",商品-达人合集2-星光款-孕期人群-达人-26.4.13,185674018,2026-04-13 11:21:55,0.00,1,0,0.0%,0.0,0.0,0,0.00,0.0,0,0,0.0,0,0,0.0,0,0.0,0,0.0,0,0.0,0.0,0.0,0,0.0,0.0,0.0,0,0.0,0.0,0.0,0,0.0,0.00,0.0,0,0,0.0
4354673222,商品-图图饿了吗-星光款-孕期人群-达人-26.4.13,有效,审核通过,通投,商品7日总支付ROI,笔记（商品组件）,69ba3736000000002301dafe,5ba0f4f25239820001bc1e3d,图文笔记,"5c09e20ed1d7ea5c745bea1d,5880416eab3eb404b8f40853,6469daecdb9efc0001207e99",商品-达人合集2-星光款-孕期人群-达人-26.4.13,185674018,2026-04-13 11:21:55,0.00,1,0,0.0%,0.0,0.0,0,0.00,0.0,0,0,0.0,0,0,0.0,0,0.0,0,0.0,0,0.0,0.0,0.0,0,0.0,0.0,0.0,0,0.0,0.0,0.0,0,0.0,0.00,0.0,0,0,0.0
4354673221,商品-一朵小黄花-星光款-孕期人群-达人-26.4.13,有效,审核通过,通投,商品7日总支付ROI,笔记（商品组件）,69b93b0a000000002200e247,5b12b1154eacab4d77df8c90,图文笔记,"5c09e20ed1d7ea5c745bea1d,5880416eab3eb404b8f40853,6469daecdb9efc0001207e99",商品-达人合集2-星光款-孕期人群-达人-26.4.13,185674018,2026-04-13 11:21:55,0.00,1,0,0.0%,0.0,0.0,0,0.00,0.0,0,0,0.0,0,0,0.0,0,0.0,0,0.0,0,0.0,0.0,0.0,0,0.0,0.0,0.0,0,0.0,0.0,0.0,0,0.0,0.00,0.0,0,0,0.0
4354673220,商品-苏菲在此-星光款-孕期人群-达人-26.4.13,有效,审核通过,通投,商品7日总支付ROI,笔记（商品组件）,69bd181b0000000022003f83,639ed99e0000000027029481,视频笔记,"5c09e20ed1d7ea5c745bea1d,5880416eab3eb404b8f40853,6469daecdb9efc0001207e99",商品-达人合集2-星光款-孕期人群-达人-26.4.13,185674018,2026-04-13 11:21:55,0.00,0,0,0.0%,0.0,0.0,0,0.00,0.0,0,0,0.0,0,0,0.0,0,0.0,0,0.0,0,0.0,0,0.0,0,0.0,0,0.0,0,0.0,0,0.0,0,0.0,0.00,0.0,0,0,0
4354673219,商品-好的然然-星光款-孕期人群-达人-26.4.13,有效,审核通过,通投,商品7日总支付ROI,笔记（商品组件）,69afcce5000000001b0144ae,59e31b03d7c6fa6f7e3ce264,视频笔记,"5c09e20ed1d7ea5c745bea1d,5880416eab3eb404b8f40853,6469daecdb9efc0001207e99",商品-达人合集2-星光款-孕期人群-达人-26.4.13,185674018,2026-04-13 11:21:55,0.00,2,0,0.0%,0.0,0.0,0,0.00,0.0,0,0,0.0,0,0,0.0,0,0.0,0,0.0,0,0.0,0.0,0.0,0,0.0,0.0,0.0,0,0.0,0.0,0.0,0,0.0,0.00,0.0,0,0,0.0
4354673218,商品-糯糯团粽子-青春款-孕期人群-达人-26.4.13,有效,审核通过,通投,商品7日总支付ROI,笔记（商品组件）,69afe5750000000015032880,61962241000000001000b9b7,图文笔记,"5c174c4846283910db893fd5,687753efebefca0001245a52,687755e49e837400013625c9",商品-达人合集2-星光款-孕期人群-达人-26.4.13,185674018,2026-04-13 11:21:55,0.00,1,0,0.0%,0.0,0.0,0,0.00,0.0,0,0,0.0,0,0,0.0,0,0.0,0,0.0,0,0.0,0.0,0.0,0,0.0,0.0,0.0,0,0.0,0.0,0.0,0,0.0,0.00,0.0,0,0,0.0
4354566062,商品-qiqi-青春款-孕期人群-达人-26.4.13,有效,审核通过,通投,商品7日总支付ROI,笔记（商品组件）,69b8ff09000000001b022265,6404c840000000001002670c,图文笔记,"5c174c4846283910db893fd5,687753efebefca0001245a52,674969bfa7f7b300017224be",商品-达人合集3-星光款-孕期人群-达人-26.4.13,185673438,2026-04-13 11:14:45,0.00,0,0,0.0%,0.0,0.0,0,0.00,0.0,0,0,0.0,0,0,0.0,0,0.0,0,0.0,0,0.0,0,0.0,0,0.0,0,0.0,0,0.0,0,0.0,0,0.0,0.00,0.0,0,0,0
4354353553,商品-96年小福星-星光款-孕期人群-达人-26.4.13,有效,审核通过,通投,商品7日总支付ROI,笔记（商品组件）,69b15f75000000000b03676d,5d284336000000001002c1e6,图文笔记,"5c09e20ed1d7ea5c745bea1d,5880416eab3eb404b8f40853,6469daecdb9efc0001207e99",商品-达人合集3-星光款-孕期人群-达人-26.4.13,185673438,2026-04-13 11:10:43,0.00,1,0,0.0%,0.0,0.0,0,0.00,0.0,0,0,0.0,0,0,0.0,0,0.0,0,0.0,0,0.0,0.0,0.0,0,0.0,0.0,0.0,0,0.0,0.0,0.0,0,0.0,0.00,0.0,0,0,0.0
4354353552,商品-肉泥Roni-星光款-孕期人群-达人-26.4.13,有效,审核通过,通投,商品7日总支付ROI,笔记（商品组件）,69c8a549000000002103b0ad,56191ad13f95a3019ad109a0,图文笔记,"5c09e20ed1d7ea5c745bea1d,5880416eab3eb404b8f40853,6469daecdb9efc0001207e99",商品-达人合集3-星光款-孕期人群-达人-26.4.13,185673438,2026-04-13 11:10:43,0.00,0,0,0.0%,0.0,0.0,0,0.00,0.0,0,0,0.0,0,0,0.0,0,0.0,0,0.0,0,0.0,0,0.0,0,0.0,0,0.0,0,0.0,0,0.0,0,0.0,0.00,0.0,0,0,0
4354353551,商品-米妮薇vivian-星光款-孕期人群-达人-26.4.13,有效,审核通过,通投,商品7日总支付ROI,笔记（商品组件）,69ca3ab700000000210385da,5acb813611be101ca9e1b649,图文笔记,"5c09e20ed1d7ea5c745bea1d,5880416eab3eb404b8f40853,6469daecdb9efc0001207e99",商品-达人合集3-星光款-孕期人群-达人-26.4.13,185673438,2026-04-13 11:10:43,0.00,0,0,0.0%,0.0,0.0,0,0.00,0.0,0,0,0.0,0,0,0.0,0,0.0,0,0.0,0,0.0,0,0.0,0,0.0,0,0.0,0,0.0,0,0.0,0,0.0,0.00,0.0,0,0,0
4354353550,商品-留学生小姐姐熊猫-星光款-孕期人群-达人-26.4.13,有效,审核通过,通投,商品7日总支付ROI,笔记（商品组件）,69aceea5000000001d0249e9,5cee6f2a000000001100140a,视频笔记,"5c09e20ed1d7ea5c745bea1d,5880416eab3eb404b8f40853,6469daecdb9efc0001207e99",商品-达人合集3-星光款-孕期人群-达人-26.4.13,185673438,2026-04-13 11:10:43,0.00,0,0,0.0%,0.0,0.0,0,0.00,0.0,0,0,0.0,0,0,0.0,0,0.0,0,0.0,0,0.0,0,0.0,0,0.0,0,0.0,0,0.0,0,0.0,0,0.0,0.00,0.0,0,0,0
4354353549,商品-奶酪小马-星光款-孕期人群-达人-26.4.13,有效,审核通过,通投,商品7日总支付ROI,笔记（商品组件）,69aa6be20000000015031a51,620f5a3d0000000021023bc4,视频笔记,"5c09e20ed1d7ea5c745bea1d,5880416eab3eb404b8f40853,6469daecdb9efc0001207e99",商品-达人合集3-星光款-孕期人群-达人-26.4.13,185673438,2026-04-13 11:10:43,1.01,3,1,33.33%,1.01,336.67,0,0.00,0.0,0,0,0.0,0,0,0.0,0,0.0,0,0.0,0,0.0,0.0,0.0,0,0.0,0.0,0.0,0,0.0,0.0,0.0,0,0.0,0.00,0.0,0,0,0.0
4354353548,商品-小马在北漂-星光款-孕期人群-达人-26.4.13,有效,审核通过,通投,商品7日总支付ROI,笔记（商品组件）,69b16df9000000000600e8bc,6829796a000000000e01e70c,图文笔记,"5c09e20ed1d7ea5c745bea1d,5880416eab3eb404b8f40853,6469daecdb9efc0001207e99",商品-达人合集3-星光款-孕期人群-达人-26.4.13,185673438,2026-04-13 11:10:43,0.00,1,0,0.0%,0.0,0.0,0,0.00,0.0,0,0,0.0,0,0,0.0,0,0.0,0,0.0,0,0.0,0.0,0.0,0,0.0,0.0,0.0,0,0.0,0.0,0.0,0,0.0,0.00,0.0,0,0,0.0
4354353547,商品-Melody麦老si-星光款-孕期人群-达人-26.4.13,有效,审核通过,通投,商品7日总支付ROI,笔记（商品组件）,69a8ff3f000000001a020133,5ac5d0e44eacab1367af07ba,视频笔记,"5c09e20ed1d7ea5c745bea1d,5880416eab3eb404b8f40853,6469daecdb9efc0001207e99",商品-达人合集3-星光款-孕期人群-达人-26.4.13,185673438,2026-04-13 11:10:43,0.00,0,0,0.0%,0.0,0.0,0,0.00,0.0,0,0,0.0,0,0,0.0,0,0.0,0,0.0,0,0.0,0,0.0,0,0.0,0,0.0,0,0.0,0,0.0,0,0.0,0.00,0.0,0,0,0
4354353546,商品-黄小-星光款-孕期人群-达人-26.4.13,有效,审核通过,通投,商品7日总支付ROI,笔记（商品组件）,69c4f2fa000000002200077d,6380fd3c000000001f017543,视频笔记,"5c09e20ed1d7ea5c745bea1d,5880416eab3eb404b8f40853,6469daecdb9efc0001207e99",商品-达人合集3-星光款-孕期人群-达人-26.4.13,185673438,2026-04-13 11:10:43,0.00,1,0,0.0%,0.0,0.0,0,0.00,0.0,0,0,0.0,0,0,0.0,0,0.0,0,0.0,0,0.0,0.0,0.0,0,0.0,0.0,0.0,0,0.0,0.0,0.0,0,0.0,0.00,0.0,0,0,0.0
4354353545,商品-航航妈咪的日常-星光款-孕期人群-达人-26.4.13,有效,审核通过,通投,商品7日总支付ROI,笔记（商品组件）,69b1615a000000000600ec5d,5e0c08720000000001008ea1,图文笔记,"5c09e20ed1d7ea5c745bea1d,5880416eab3eb404b8f40853,6469daecdb9efc0001207e99",商品-达人合集3-星光款-孕期人群-达人-26.4.13,185673438,2026-04-13 11:10:43,0.00,0,0,0.0%,0.0,0.0,0,0.00,0.0,0,0,0.0,0,0,0.0,0,0.0,0,0.0,0,0.0,0,0.0,0,0.0,0,0.0,0,0.0,0,0.0,0,0.0,0.00,0.0,0,0,0
4354353544,商品-妞妞公主-星光款-孕期人群-达人-26.4.13,有效,审核通过,通投,商品7日总支付ROI,笔记（商品组件）,69c8ae2b000000001e00c06c,60572e71000000000100482c,图文笔记,"5c09e20ed1d7ea5c745bea1d,5880416eab3eb404b8f40853,6469daecdb9efc0001207e99",商品-达人合集3-星光款-孕期人群-达人-26.4.13,185673438,2026-04-13 11:10:43,0.00,0,0,0.0%,0.0,0.0,0,0.00,0.0,0,0,0.0,0,0,0.0,0,0.0,0,0.0,0,0.0,0,0.0,0,0.0,0,0.0,0,0.0,0,0.0,0,0.0,0.00,0.0,0,0,0
4354353542,商品-Hello哈喽公主-星光款-孕期人群-达人-26.4.13,有效,审核通过,通投,商品7日总支付ROI,笔记（商品组件）,69c3c7470000000021005c58,5a6f40ef11be1063446a3e14,图文笔记,"5c09e20ed1d7ea5c745bea1d,5880416eab3eb404b8f40853,6469daecdb9efc0001207e99",商品-达人合集3-星光款-孕期人群-达人-26.4.13,185673438,2026-04-13 11:10:43,0.00,0,0,0.0%,0.0,0.0,0,0.00,0.0,0,0,0.0,0,0,0.0,0,0.0,0,0.0,0,0.0,0,0.0,0,0.0,0,0.0,0,0.0,0,0.0,0,0.0,0.00,0.0,0,0,0
4354353541,商品-一只琳琳兒-星光款-孕期人群-达人-26.4.13,有效,审核通过,通投,商品7日总支付ROI,笔记（商品组件）,69c26e96000000001a024b1a,64f5f4f7000000000500281d,图文笔记,"5c09e20ed1d7ea5c745bea1d,5880416eab3eb404b8f40853,6469daecdb9efc0001207e99",商品-达人合集3-星光款-孕期人群-达人-26.4.13,185673438,2026-04-13 11:10:43,0.00,0,0,0.0%,0.0,0.0,0,0.00,0.0,0,0,0.0,0,0,0.0,0,0.0,0,0.0,0,0.0,0,0.0,0,0.0,0,0.0,0,0.0,0,0.0,0,0.0,0.00,0.0,0,0,0
4354353540,商品-一只CC-星光款-孕期人群-达人-26.4.13,有效,审核通过,通投,商品7日总支付ROI,笔记（商品组件）,69ba64760000000021010453,5bd4479dd39b5e00019694d8,视频笔记,"5c09e20ed1d7ea5c745bea1d,5880416eab3eb404b8f40853,6469daecdb9efc0001207e99",商品-达人合集3-星光款-孕期人群-达人-26.4.13,185673438,2026-04-13 11:10:43,0.00,1,0,0.0%,0.0,0.0,0,0.00,0.0,0,0,0.0,0,0,0.0,0,0.0,0,0.0,0,0.0,0.0,0.0,0,0.0,0.0,0.0,0,0.0,0.0,0.0,0,0.0,0.00,0.0,0,0,0.0
4354547011,商品-尚狗歪-星光款-孕期人群-达人-26.4.13,有效,审核通过,通投,商品7日总支付ROI,笔记（商品组件）,69c4995700000000230228c8,56aee317b8ce1a283a3f6d0e,视频笔记,"5c09e20ed1d7ea5c745bea1d,5880416eab3eb404b8f40853,6469daecdb9efc0001207e99",商品-达人合集1-星光款-孕期人群-达人-26.4.13,185679220,2026-04-13 11:05:34,0.00,7,0,0.0%,0.0,0.0,0,0.00,0.0,0,0,0.0,0,0,0.0,0,0.0,0,0.0,0,0.0,0.0,0.0,0,0.0,0.0,0.0,0,0.0,0.0,0.0,0,0.0,0.00,0.0,0,0,0.0
4354547010,商品-一只小布丁-星光款-孕期人群-达人-26.4.13,有效,审核通过,通投,商品7日总支付ROI,笔记（商品组件）,69c681fb000000001b02135c,65b9c4fe000000000e024de5,图文笔记,"5c09e20ed1d7ea5c745bea1d,5880416eab3eb404b8f40853,6469daecdb9efc0001207e99",商品-达人合集1-星光款-孕期人群-达人-26.4.13,185679220,2026-04-13 11:05:34,0.00,5,0,0.0%,0.0,0.0,0,0.00,0.0,0,0,0.0,0,0,0.0,0,0.0,0,0.0,0,0.0,0.0,0.0,0,0.0,0.0,0.0,0,0.0,0.0,0.0,0,0.0,0.00,0.0,0,0,0.0
4354547009,商品-淇舒韩舒淇-星光款-孕期人群-达人-26.4.13,有效,审核通过,通投,商品7日总支付ROI,笔记（商品组件）,69a803e70000000015032a44,588c94bb82ec39769e4a7870,视频笔记,"5c09e20ed1d7ea5c745bea1d,5880416eab3eb404b8f40853,6469daecdb9efc0001207e99",商品-达人合集1-星光款-孕期人群-达人-26.4.13,185679220,2026-04-13 11:05:34,0.91,2,0,0.0%,0.0,455.0,0,0.00,0.0,0,0,0.0,0,0,0.0,0,0.0,0,0.0,0,0.0,0.0,0.0,0,0.0,0.0,0.0,0,0.0,0.0,0.0,0,0.0,0.00,0.0,0,0,0.0
4354547008,商品-郭小锅GIA-星光款-孕期人群-达人-26.4.13,有效,审核通过,通投,商品7日总支付ROI,笔记（商品组件）,69baa6ba000000001a02eee4,5fa12372000000000101dde7,视频笔记,"5c09e20ed1d7ea5c745bea1d,5880416eab3eb404b8f40853,6469daecdb9efc0001207e99",商品-达人合集1-星光款-孕期人群-达人-26.4.13,185679220,2026-04-13 11:05:34,0.00,2,0,0.0%,0.0,0.0,0,0.00,0.0,0,0,0.0,0,0,0.0,0,0.0,0,0.0,0,0.0,0.0,0.0,0,0.0,0.0,0.0,0,0.0,0.0,0.0,0,0.0,0.00,0.0,0,0,0.0
4354547007,商品-一只康康-星光款-孕期人群-达人-26.4.13,有效,审核通过,通投,商品7日总支付ROI,笔记（商品组件）,69ca456d000000002200cc1e,5f1006320000000001005c1c,视频笔记,"5c09e20ed1d7ea5c745bea1d,5880416eab3eb404b8f40853,6469daecdb9efc0001207e99",商品-达人合集1-星光款-孕期人群-达人-26.4.13,185679220,2026-04-13 11:05:34,0.00,0,0,0.0%,0.0,0.0,0,0.00,0.0,0,0,0.0,0,0,0.0,0,0.0,0,0.0,0,0.0,0,0.0,0,0.0,0,0.0,0,0.0,0,0.0,0,0.0,0.00,0.0,0,0,0
4354547006,商品-人类柚崽-星光款-孕期人群-达人-26.4.13,有效,审核通过,通投,商品7日总支付ROI,笔记（商品组件）,69c37d05000000002202bb32,57ff21e06a6a69375611a18b,图文笔记,"5c09e20ed1d7ea5c745bea1d,5880416eab3eb404b8f40853,6469daecdb9efc0001207e99",商品-达人合集1-星光款-孕期人群-达人-26.4.13,185679220,2026-04-13 11:05:34,0.16,1,1,100.0%,0.16,160.0,0,0.00,0.0,0,0,0.0,0,0,0.0,0,0.0,0,0.0,0,0.0,0.0,0.0,0,0.0,0.0,0.0,0,0.0,0.0,0.0,0,0.0,0.00,0.0,0,0,0.0
4354547005,商品-开心予李-星光款-孕期人群-达人-26.4.13,有效,审核通过,通投,商品7日总支付ROI,笔记（商品组件）,69c289f7000000001a021cfc,5acda6c54eacab1442b39427,图文笔记,"5c09e20ed1d7ea5c745bea1d,5880416eab3eb404b8f40853,6469daecdb9efc0001207e99",商品-达人合集1-星光款-孕期人群-达人-26.4.13,185679220,2026-04-13 11:05:34,0.00,0,0,0.0%,0.0,0.0,0,0.00,0.0,0,0,0.0,0,0,0.0,0,0.0,0,0.0,0,0.0,0,0.0,0,0.0,0,0.0,0,0.0,0,0.0,0,0.0,0.00,0.0,0,0,0
4354547004,商品-墩墩只吃一顿-星光款-孕期人群-达人-26.4.13,有效,审核通过,通投,商品7日总支付ROI,笔记（商品组件）,69a3ec380000000015039ca3,579db03982ec3942a102698a,视频笔记,"5c09e20ed1d7ea5c745bea1d,5880416eab3eb404b8f40853,6469daecdb9efc0001207e99",商品-达人合集1-星光款-孕期人群-达人-26.4.13,185679220,2026-04-13 11:05:34,0.00,0,0,0.0%,0.0,0.0,0,0.00,0.0,0,0,0.0,0,0,0.0,0,0.0,0,0.0,0,0.0,0,0.0,0,0.0,0,0.0,0,0.0,0,0.0,0,0.0,0.00,0.0,0,0,0
4354547003,商品-Winnie-星光款-孕期人群-达人-26.4.13,有效,审核通过,通投,商品7日总支付ROI,笔记（商品组件）,69b15b360000000009022ffe,68e28bec0000000037030b78,图文笔记,"5c09e20ed1d7ea5c745bea1d,5880416eab3eb404b8f40853,6469daecdb9efc0001207e99",商品-达人合集1-星光款-孕期人群-达人-26.4.13,185679220,2026-04-13 11:05:34,0.00,5,0,0.0%,0.0,0.0,0,0.00,0.0,0,0,0.0,0,0,0.0,0,0.0,0,0.0,0,0.0,0.0,0.0,0,0.0,0.0,0.0,0,0.0,0.0,0.0,0,0.0,0.00,0.0,0,0,0.0
4354547002,商品-大象姐姐-星光款-孕期人群-达人-26.4.13,有效,审核通过,通投,商品7日总支付ROI,笔记（商品组件）,69ad1bf6000000001d02444f,57a848ac5e87e742deb46702,视频笔记,"5c09e20ed1d7ea5c745bea1d,5880416eab3eb404b8f40853,6469daecdb9efc0001207e99",商品-达人合集1-星光款-孕期人群-达人-26.4.13,185679220,2026-04-13 11:05:34,0.00,3,0,0.0%,0.0,0.0,0,0.00,0.0,0,0,0.0,0,0,0.0,0,0.0,0,0.0,0,0.0,0.0,0.0,0,0.0,0.0,0.0,0,0.0,0.0,0.0,0,0.0,0.00,0.0,0,0,0.0
4353237081,商品-爆款燕窝怎么选-合集款-系统-日弘-26.4.13,有效,审核通过,通投,商品7日总支付ROI,笔记（商品组件）,69d8d571000000001b022ff5,66f67e4c000000001d03127d,图文笔记,"5880416eab3eb404b8f40853,5c174c4846283910db893fd5,64214eb3899a5e0001c362bf",商品-爆款燕窝怎么选-合集款-系统-日弘-26.4.13,185654603,2026-04-13 09:48:56,0.00,0,0,0.0%,0.0,0.0,0,0.00,0.0,0,0,0.0,0,0,0.0,0,0.0,0,0.0,0,0.0,0,0.0,0,0.0,0,0.0,0,0.0,0,0.0,0,0.0,0.00,0.0,0,0,0
4243073614,商品-聪明孕-青春款-系统-日弘-26.4.3,暂停,审核通过,通投,商品7日总支付ROI,笔记（商品组件）,66714c48000000001d0161ee,583691373460942ae8fc16bb,图文笔记,"674969bfa7f7b300017224be,6469daecdb9efc0001207e99,5badcb8246283915feab7570",商品-历史爆文合集-合集款-系统-日弘-26.4.3,184040544,2026-04-03 16:44:56,0.00,0,0,0.0%,0.0,0.0,0,0.00,0.0,0,0,0.0,0,0,0.0,0,0.0,0,0.0,0,0.0,0,0.0,0,0.0,0,0.0,0,0.0,0,0.0,0,0.0,0.00,0.0,0,0,0
4243073613,商品-到底什-合集款-系统-日弘-26.4.3,暂停,审核通过,通投,商品7日总支付ROI,笔记（商品组件）,66d7c90e000000001f03eb73,583691373460942ae8fc16bb,图文笔记,"674969bfa7f7b300017224be,6469daecdb9efc0001207e99,5badcb8246283915feab7570",商品-历史爆文合集-合集款-系统-日弘-26.4.3,184040544,2026-04-03 16:44:56,0.00,0,0,0.0%,0.0,0.0,0,0.00,0.0,0,0,0.0,0,0,0.0,0,0.0,0,0.0,0,0.0,0,0.0,0,0.0,0,0.0,0,0.0,0,0.0,0,0.0,0.00,0.0,0,0,0
4243073612,商品-小白选-合集款-系统-日弘-26.4.3,暂停,审核通过,通投,商品7日总支付ROI,笔记（商品组件）,6800c0fe0000000007035cf4,583691373460942ae8fc16bb,图文笔记,"674969bfa7f7b300017224be,6469daecdb9efc0001207e99,5badcb8246283915feab7570",商品-历史爆文合集-合集款-系统-日弘-26.4.3,184040544,2026-04-03 16:44:56,0.00,0,0,0.0%,0.0,0.0,0,0.00,0.0,0,0,0.0,0,0,0.0,0,0.0,0,0.0,0,0.0,0,0.0,0,0.0,0,0.0,0,0.0,0,0.0,0,0.0,0.00,0.0,0,0,0
4243073611,商品-燕窝也-合集款-系统-日弘-26.4.3,有效,审核通过,通投,商品7日总支付ROI,笔记（商品组件）,672d88bf000000001d0385de,583691373460942ae8fc16bb,图文笔记,"674969bfa7f7b300017224be,6469daecdb9efc0001207e99,5badcb8246283915feab7570",商品-历史爆文合集-合集款-系统-日弘-26.4.3,184040544,2026-04-03 16:44:56,4.85,125,3,2.4%,1.62,38.8,0,0.00,0.0,0,0,0.0,0,0,0.0,1,4.85,1,4.85,0,0.0,0.0,0.0,0,0.0,0.0,0.0,0,0.0,0.0,0.0,0,0.0,0.00,0.0,1,0,0.0
4243073610,商品-小白选（广）-合集款-系统-日弘-26.4.3,暂停,审核通过,通投,商品7日总支付ROI,笔记（商品组件）,67af0cf3000000002803797b,66f67e4c000000001d03127d,图文笔记,"674969bfa7f7b300017224be,6469daecdb9efc0001207e99,5badcb8246283915feab7570",商品-历史爆文合集-合集款-系统-日弘-26.4.3,184040544,2026-04-03 16:44:56,0.00,0,0,0.0%,0.0,0.0,0,0.00,0.0,0,0,0.0,0,0,0.0,0,0.0,0,0.0,0,0.0,0,0.0,0,0.0,0,0.0,0,0.0,0,0.0,0,0.0,0.00,0.0,0,0,0
4243073609,商品-燕窝新-合集款-系统-日弘-26.4.3,有效,审核通过,通投,商品7日总支付ROI,笔记（商品组件）,6735ba5f000000003c015663,583691373460942ae8fc16bb,图文笔记,"674969bfa7f7b300017224be,6469daecdb9efc0001207e99,5badcb8246283915feab7570",商品-历史爆文合集-合集款-系统-日弘-26.4.3,184040544,2026-04-03 16:44:56,0.00,16,0,0.0%,0.0,0.0,0,0.00,0.0,0,0,0.0,0,0,0.0,0,0.0,0,0.0,0,0.0,0.0,0.0,0,0.0,0.0,0.0,0,0.0,0.0,0.0,0,0.0,0.00,0.0,0,0,0.0
4243073608,商品-不是燕-星光款-系统-日弘-26.4.3,有效,审核通过,通投,商品7日总支付ROI,笔记（商品组件）,6747c34600000000020383fa,583691373460942ae8fc16bb,图文笔记,"674969bfa7f7b300017224be,6469daecdb9efc0001207e99,5badcb8246283915feab7570",商品-历史爆文合集-合集款-系统-日弘-26.4.3,184040544,2026-04-03 16:44:56,0.00,0,0,0.0%,0.0,0.0,0,0.00,0.0,0,0,0.0,0,0,0.0,0,0.0,0,0.0,0,0.0,0,0.0,0,0.0,0,0.0,0,0.0,0,0.0,0,0.0,0.00,0.0,0,0,0
4154714587,商品-从入门到奢护-合集款-行业兴趣人群-日弘-26.3.27,有效,审核通过,通投,商品7日总支付ROI,笔记（商品组件）,69c5dd2d000000002301450b,66f67e4c000000001d03127d,图文笔记,"5c174c4846283910db893fd5,6469daecdb9efc0001207e99,641adab9a510be00014ac88e",商品-从入门到奢护-合集款-行业兴趣人群-日弘-26.3.27,182579835,2026-03-27 09:43:09,0.00,1,0,0.0%,0.0,0.0,0,0.00,0.0,0,0,0.0,0,0,0.0,0,0.0,0,0.0,0,0.0,0.0,0.0,0,0.0,0.0,0.0,0,0.0,0.0,0.0,0,0.0,0.00,0.0,0,0,0.0
4135247358,商品-吴昕私藏-青春款-行业兴趣人群-日弘-26.3.25-视频组,暂停,审核通过,通投,商品7日总支付ROI,笔记（商品组件）,69b253aa000000001b01d29d,66f67e4c000000001d03127d,视频笔记,674969bfa7f7b300017224be,商品-吴昕私藏-青春款-行业兴趣人群-日弘-26.3.25-视频组,182203338,2026-03-25 14:20:31,0.00,0,0,0.0%,0.0,0.0,0,0.00,0.0,0,0,0.0,0,0,0.0,0,0.0,0,0.0,0,0.0,0,0.0,0,0.0,0,0.0,0,0.0,0,0.0,0,0.0,0.00,0.0,0,0,0
4134798338,商品-一篇搞懂-合集款-行业兴趣人群-日弘-26.3.25,有效,审核通过,通投,商品7日总支付ROI,笔记（商品组件）,697c0949000000002801dfff,66f67e4c000000001d03127d,图文笔记,"5c174c4846283910db893fd5,6469daecdb9efc0001207e99,641adab9a510be00014ac88e",商品-一篇搞懂-合集款-行业兴趣人群-日弘-26.3.25,182208110,2026-03-25 14:06:08,0.00,1,0,0.0%,0.0,0.0,0,0.00,0.0,0,0,0.0,0,0,0.0,0,0.0,0,0.0,0,0.0,0.0,0.0,0,0.0,0.0,0.0,0,0.0,0.0,0.0,0,0.0,0.00,0.0,0,0,0.0
4134886103,商品-选对也吃对-星光款-系统-日弘-26.3.25,暂停,审核通过,通投,商品7日总支付ROI,笔记（商品组件）,6971c18b000000001a02b1e4,66f67e4c000000001d03127d,图文笔记,"6469daecdb9efc0001207e99,5c09e20ed1d7ea5c745bea1d,5880416eab3eb404b8f40853",商品-选对也吃对-星光款-系统-日弘-26.3.25,182207458,2026-03-25 13:52:38,0.00,0,0,0.0%,0.0,0.0,0,0.00,0.0,0,0,0.0,0,0,0.0,0,0.0,0,0.0,0,0.0,0,0.0,0,0.0,0,0.0,0,0.0,0,0.0,0,0.0,0.00,0.0,0,0,0
4122627221,商品-交给小仙炖就好-青春款-行业兴趣人群-新号-26.3.24,暂停,审核通过,通投,商品7日总支付ROI,笔记（商品组件）,69aa98c30000000015039eed,66f67e4c000000001d03127d,视频笔记,"687753efebefca0001245a52,687755e49e837400013625c9,68930cc18fe347000133c693",商品-交给小仙炖就好-青春款-行业兴趣人群-日弘-26.3.24,181956362,2026-03-24 11:50:37,0.00,0,0,0.0%,0.0,0.0,0,0.00,0.0,0,0,0.0,0,0,0.0,0,0.0,0,0.0,0,0.0,0,0.0,0,0.0,0,0.0,0,0.0,0,0.0,0,0.0,0.00,0.0,0,0,0
4115015244,商品-聪明孕-青春款-系统-日弘-26.3.23,暂停,审核通过,通投,商品7日总支付ROI,笔记（商品组件）,66714c48000000001d0161ee,583691373460942ae8fc16bb,图文笔记,"674969bfa7f7b300017224be,6469daecdb9efc0001207e99,5badcb8246283915feab7570",商品-历史爆文合集-合集款-系统-日弘-26.3.23,181835982,2026-03-23 17:51:41,0.00,0,0,0.0%,0.0,0.0,0,0.00,0.0,0,0,0.0,0,0,0.0,0,0.0,0,0.0,0,0.0,0,0.0,0,0.0,0,0.0,0,0.0,0,0.0,0,0.0,0.00,0.0,0,0,0
4115015243,商品-到底什-合集款-系统-日弘-26.3.23,暂停,审核通过,通投,商品7日总支付ROI,笔记（商品组件）,66d7c90e000000001f03eb73,583691373460942ae8fc16bb,图文笔记,"674969bfa7f7b300017224be,6469daecdb9efc0001207e99,5badcb8246283915feab7570",商品-历史爆文合集-合集款-系统-日弘-26.3.23,181835982,2026-03-23 17:51:41,0.00,0,0,0.0%,0.0,0.0,0,0.00,0.0,0,0,0.0,0,0,0.0,0,0.0,0,0.0,0,0.0,0,0.0,0,0.0,0,0.0,0,0.0,0,0.0,0,0.0,0.00,0.0,0,0,0
4115015242,商品-小白选-合集款-系统-日弘-26.3.23,暂停,审核通过,通投,商品7日总支付ROI,笔记（商品组件）,6800c0fe0000000007035cf4,583691373460942ae8fc16bb,图文笔记,"674969bfa7f7b300017224be,6469daecdb9efc0001207e99,5badcb8246283915feab7570",商品-历史爆文合集-合集款-系统-日弘-26.3.23,181835982,2026-03-23 17:51:41,0.00,0,0,0.0%,0.0,0.0,0,0.00,0.0,0,0,0.0,0,0,0.0,0,0.0,0,0.0,0,0.0,0,0.0,0,0.0,0,0.0,0,0.0,0,0.0,0,0.0,0.00,0.0,0,0,0
4115015241,商品-燕窝也-合集款-系统-日弘-26.3.23,有效,审核通过,通投,商品7日总支付ROI,笔记（商品组件）,672d88bf000000001d0385de,583691373460942ae8fc16bb,图文笔记,"674969bfa7f7b300017224be,6469daecdb9efc0001207e99,5badcb8246283915feab7570",商品-历史爆文合集-合集款-系统-日弘-26.3.23,181835982,2026-03-23 17:51:41,0.00,44,0,0.0%,0.0,0.0,0,0.00,0.0,0,0,0.0,0,0,0.0,0,0.0,0,0.0,0,0.0,0.0,0.0,0,0.0,0.0,0.0,0,0.0,0.0,0.0,0,0.0,0.00,0.0,0,0,0.0
4115015240,商品-小白选（广）-合集款-系统-日弘-26.3.23,暂停,审核通过,通投,商品7日总支付ROI,笔记（商品组件）,67af0cf3000000002803797b,66f67e4c000000001d03127d,图文笔记,"674969bfa7f7b300017224be,6469daecdb9efc0001207e99,5badcb8246283915feab7570",商品-历史爆文合集-合集款-系统-日弘-26.3.23,181835982,2026-03-23 17:51:41,0.00,0,0,0.0%,0.0,0.0,0,0.00,0.0,0,0,0.0,0,0,0.0,0,0.0,0,0.0,0,0.0,0,0.0,0,0.0,0,0.0,0,0.0,0,0.0,0,0.0,0.00,0.0,0,0,0
4115015239,商品-燕窝新-合集款-系统-日弘-26.3.23,有效,审核通过,通投,商品7日总支付ROI,笔记（商品组件）,6735ba5f000000003c015663,583691373460942ae8fc16bb,图文笔记,"674969bfa7f7b300017224be,6469daecdb9efc0001207e99,5badcb8246283915feab7570",商品-历史爆文合集-合集款-系统-日弘-26.3.23,181835982,2026-03-23 17:51:41,1.43,15,2,13.33%,0.72,95.33,0,0.00,0.0,0,0,0.0,0,0,0.0,0,0.0,0,0.0,0,0.0,0.0,0.0,0,0.0,0.0,0.0,0,0.0,0.0,0.0,0,0.0,0.00,0.0,0,0,0.0
4115015238,商品-不是燕-星光款-系统-日弘-26.3.23,有效,审核通过,通投,商品7日总支付ROI,笔记（商品组件）,6747c34600000000020383fa,583691373460942ae8fc16bb,图文笔记,"674969bfa7f7b300017224be,6469daecdb9efc0001207e99,5badcb8246283915feab7570",商品-历史爆文合集-合集款-系统-日弘-26.3.23,181835982,2026-03-23 17:51:41,0.00,3,0,0.0%,0.0,0.0,0,0.00,0.0,0,0,0.0,0,0,0.0,0,0.0,0,0.0,0,0.0,0.0,0.0,0,0.0,0.0,0.0,0,0.0,0.0,0.0,0,0.0,0.00,0.0,0,0,0.0
4114959898,商品-聪明孕-青春款-行业兴趣人群-日弘-26.3.23,被计划暂停,审核通过,通投,商品7日总支付ROI,笔记（商品组件）,66714c48000000001d0161ee,583691373460942ae8fc16bb,图文笔记,"674969bfa7f7b300017224be,6469daecdb9efc0001207e99,5badcb8246283915feab7570",商品-历史爆文合集-合集款-行业兴趣人群-日弘-26.3.23,181830320,2026-03-23 17:41:17,0.00,0,0,0.0%,0.0,0.0,0,0.00,0.0,0,0,0.0,0,0,0.0,0,0.0,0,0.0,0,0.0,0,0.0,0,0.0,0,0.0,0,0.0,0,0.0,0,0.0,0.00,0.0,0,0,0
4114959897,商品-到底什-合集款-行业兴趣人群-日弘-26.3.23,暂停,审核通过,通投,商品7日总支付ROI,笔记（商品组件）,66d7c90e000000001f03eb73,583691373460942ae8fc16bb,图文笔记,"674969bfa7f7b300017224be,6469daecdb9efc0001207e99,5badcb8246283915feab7570",商品-历史爆文合集-合集款-行业兴趣人群-日弘-26.3.23,181830320,2026-03-23 17:41:17,0.00,0,0,0.0%,0.0,0.0,0,0.00,0.0,0,0,0.0,0,0,0.0,0,0.0,0,0.0,0,0.0,0,0.0,0,0.0,0,0.0,0,0.0,0,0.0,0,0.0,0.00,0.0,0,0,0
4114959896,商品-小白选-合集款-行业兴趣人群-日弘-26.3.23,被计划暂停,审核通过,通投,商品7日总支付ROI,笔记（商品组件）,6800c0fe0000000007035cf4,583691373460942ae8fc16bb,图文笔记,"674969bfa7f7b300017224be,6469daecdb9efc0001207e99,5badcb8246283915feab7570",商品-历史爆文合集-合集款-行业兴趣人群-日弘-26.3.23,181830320,2026-03-23 17:41:17,0.00,0,0,0.0%,0.0,0.0,0,0.00,0.0,0,0,0.0,0,0,0.0,0,0.0,0,0.0,0,0.0,0,0.0,0,0.0,0,0.0,0,0.0,0,0.0,0,0.0,0.00,0.0,0,0,0
4114959895,商品-燕窝也-合集款-行业兴趣人群-日弘-26.3.23,被计划暂停,审核通过,通投,商品7日总支付ROI,笔记（商品组件）,672d88bf000000001d0385de,583691373460942ae8fc16bb,图文笔记,"674969bfa7f7b300017224be,6469daecdb9efc0001207e99,5badcb8246283915feab7570",商品-历史爆文合集-合集款-行业兴趣人群-日弘-26.3.23,181830320,2026-03-23 17:41:17,0.00,0,0,0.0%,0.0,0.0,0,0.00,0.0,0,0,0.0,0,0,0.0,0,0.0,0,0.0,0,0.0,0,0.0,0,0.0,0,0.0,0,0.0,0,0.0,0,0.0,0.00,0.0,0,0,0
4114959894,商品-小白选（广）-合集款-行业兴趣人群-日弘-26.3.23,被计划暂停,审核通过,通投,商品7日总支付ROI,笔记（商品组件）,67af0cf3000000002803797b,66f67e4c000000001d03127d,图文笔记,"674969bfa7f7b300017224be,6469daecdb9efc0001207e99,5badcb8246283915feab7570",商品-历史爆文合集-合集款-行业兴趣人群-日弘-26.3.23,181830320,2026-03-23 17:41:17,0.00,0,0,0.0%,0.0,0.0,0,0.00,0.0,0,0,0.0,0,0,0.0,0,0.0,0,0.0,0,0.0,0,0.0,0,0.0,0,0.0,0,0.0,0,0.0,0,0.0,0.00,0.0,0,0,0
4114959893,商品-燕窝新-合集款-行业兴趣人群-日弘-26.3.23,被计划暂停,审核通过,通投,商品7日总支付ROI,笔记（商品组件）,6735ba5f000000003c015663,583691373460942ae8fc16bb,图文笔记,"674969bfa7f7b300017224be,6469daecdb9efc0001207e99,5badcb8246283915feab7570",商品-历史爆文合集-合集款-行业兴趣人群-日弘-26.3.23,181830320,2026-03-23 17:41:17,0.00,0,0,0.0%,0.0,0.0,0,0.00,0.0,0,0,0.0,0,0,0.0,0,0.0,0,0.0,0,0.0,0,0.0,0,0.0,0,0.0,0,0.0,0,0.0,0,0.0,0.00,0.0,0,0,0
4114959892,商品-不是燕-星光款-行业兴趣人群-日弘-26.3.23,被计划暂停,审核通过,通投,商品7日总支付ROI,笔记（商品组件）,6747c34600000000020383fa,583691373460942ae8fc16bb,图文笔记,"674969bfa7f7b300017224be,6469daecdb9efc0001207e99,5badcb8246283915feab7570",商品-历史爆文合集-合集款-行业兴趣人群-日弘-26.3.23,181830320,2026-03-23 17:41:17,0.00,0,0,0.0%,0.0,0.0,0,0.00,0.0,0,0,0.0,0,0,0.0,0,0.0,0,0.0,0,0.0,0,0.0,0,0.0,0,0.0,0,0.0,0,0.0,0,0.0,0.00,0.0,0,0,0
4085574937,商品-胡兵同款-星光款-行业兴趣人群-日弘-26.3.20,暂停,审核通过,通投,商品7日总支付ROI,笔记（商品组件）,69b0d5380000000009020e1a,66f67e4c000000001d03127d,图文笔记,"5c09e20ed1d7ea5c745bea1d,5880416eab3eb404b8f40853,68930dd7eab7930001a7ae11",商品-新笔记扩量-星光款-行业兴趣人群-日弘-26.3.20,181389546,2026-03-20 18:16:59,0.00,0,0,0.0%,0.0,0.0,0,0.00,0.0,0,0,0.0,0,0,0.0,0,0.0,0,0.0,0,0.0,0,0.0,0,0.0,0,0.0,0,0.0,0,0.0,0,0.0,0.00,0.0,0,0,0
4085574936,商品-李若彤冻龄-星光款-行业兴趣人群-日弘-26.3.20,暂停,审核通过(私密),通投,商品7日总支付ROI,笔记（商品组件）,69b13808000000000600e748,66f67e4c000000001d03127d,图文笔记,"5c09e20ed1d7ea5c745bea1d,5880416eab3eb404b8f40853,68930dd7eab7930001a7ae11",商品-新笔记扩量-星光款-行业兴趣人群-日弘-26.3.20,181389546,2026-03-20 18:16:59,0.00,0,0,0.0%,0.0,0.0,0,0.00,0.0,0,0,0.0,0,0,0.0,0,0.0,0,0.0,0,0.0,0,0.0,0,0.0,0,0.0,0,0.0,0,0.0,0,0.0,0.00,0.0,0,0,0
4085574935,商品-开挂好状态-星光款-行业兴趣人群-日弘-26.3.20,被计划暂停,审核通过,通投,商品7日总支付ROI,笔记（商品组件）,6964a31b000000001a031321,66f67e4c000000001d03127d,图文笔记,"5c09e20ed1d7ea5c745bea1d,5880416eab3eb404b8f40853,68930dd7eab7930001a7ae11",商品-新笔记扩量-星光款-行业兴趣人群-日弘-26.3.20,181389546,2026-03-20 18:16:59,0.00,0,0,0.0%,0.0,0.0,0,0.00,0.0,0,0,0.0,0,0,0.0,0,0.0,0,0.0,0,0.0,0,0.0,0,0.0,0,0.0,0,0.0,0,0.0,0,0.0,0.00,0.0,0,0,0
4085574934,商品-食补是关键-星光款-行业兴趣人群-日弘-26.3.20,被计划暂停,审核通过,通投,商品7日总支付ROI,笔记（商品组件）,69aa549a000000001a034b61,66f67e4c000000001d03127d,图文笔记,"5c09e20ed1d7ea5c745bea1d,5880416eab3eb404b8f40853,68930dd7eab7930001a7ae11",商品-新笔记扩量-星光款-行业兴趣人群-日弘-26.3.20,181389546,2026-03-20 18:16:59,0.00,0,0,0.0%,0.0,0.0,0,0.00,0.0,0,0,0.0,0,0,0.0,0,0.0,0,0.0,0,0.0,0,0.0,0,0.0,0,0.0,0,0.0,0,0.0,0,0.0,0.00,0.0,0,0,0
4085574933,商品-素颜好状态-星光款-行业兴趣人群-日弘-26.3.20,暂停,审核通过,通投,商品7日总支付ROI,笔记（商品组件）,69ba52da000000002301d696,66f67e4c000000001d03127d,视频笔记,"5c09e20ed1d7ea5c745bea1d,5880416eab3eb404b8f40853,68930dd7eab7930001a7ae11",商品-新笔记扩量-星光款-行业兴趣人群-日弘-26.3.20,181389546,2026-03-20 18:16:59,0.00,0,0,0.0%,0.0,0.0,0,0.00,0.0,0,0,0.0,0,0,0.0,0,0.0,0,0.0,0,0.0,0,0.0,0,0.0,0,0.0,0,0.0,0,0.0,0,0.0,0.00,0.0,0,0,0
4085574932,商品-38节奢养-星光款-行业兴趣人群-日弘-26.3.20,被计划暂停,审核通过,通投,商品7日总支付ROI,笔记（商品组件）,69a11739000000001a0293ea,66f67e4c000000001d03127d,图文笔记,"5c09e20ed1d7ea5c745bea1d,5880416eab3eb404b8f40853,68930dd7eab7930001a7ae11",商品-新笔记扩量-星光款-行业兴趣人群-日弘-26.3.20,181389546,2026-03-20 18:16:59,0.00,0,0,0.0%,0.0,0.0,0,0.00,0.0,0,0,0.0,0,0,0.0,0,0.0,0,0.0,0,0.0,0,0.0,0,0.0,0,0.0,0,0.0,0,0.0,0,0.0,0.00,0.0,0,0,0
4081993082,商品-好搭子-星光款-系统-新号-26.3.20,有效,审核通过,通投,商品7日总支付ROI,笔记（商品组件）,697c75a900000000220088d2,66f67e4c000000001d03127d,视频笔记,"5c09e20ed1d7ea5c745bea1d,5880416eab3eb404b8f40853,6469daecdb9efc0001207e99",商品-好搭子-星光款-系统-新号-26.3.20,181265774,2026-03-20 14:13:46,0.88,2,0,0.0%,0.0,440.0,0,0.00,0.0,0,0,0.0,0,0,0.0,0,0.0,0,0.0,0,0.0,0.0,0.0,0,0.0,0.0,0.0,0,0.0,0.0,0.0,0,0.0,0.00,0.0,0,0,0.0
4081921951,商品-胡兵55岁-星光款-胡兵相关人群-日弘-26.3.20-视频组,暂停,审核通过,通投,商品7日总支付ROI,笔记（商品组件）,69b910ff000000001a033025,66f67e4c000000001d03127d,视频笔记,"6469daecdb9efc0001207e99,5daff2553cfa76002f4a028e,5c09e20ed1d7ea5c745bea1d",商品-胡兵55岁-星光款-胡兵相关人群-日弘-26.3.20-视频组,181274769,2026-03-20 14:09:03,0.00,0,0,0.0%,0.0,0.0,0,0.00,0.0,0,0,0.0,0,0,0.0,0,0.0,0,0.0,0,0.0,0,0.0,0,0.0,0,0.0,0,0.0,0,0.0,0,0.0,0.00,0.0,0,0,0
4081817455,商品-孕期孕反-星光款-孕期人群-日弘-26.3.20-视频组,有效,审核通过,通投,商品7日总支付ROI,笔记（商品组件）,6959fc4b000000001f00a5d2,66f67e4c000000001d03127d,视频笔记,6469daecdb9efc0001207e99,商品-孕期孕反-星光款-孕期人群-日弘-26.3.20-视频组,181255593,2026-03-20 14:03:14,0.00,0,0,0.0%,0.0,0.0,0,0.00,0.0,0,0,0.0,0,0,0.0,0,0.0,0,0.0,0,0.0,0,0.0,0,0.0,0,0.0,0,0.0,0,0.0,0,0.0,0.00,0.0,0,0,0
4081963317,商品-孕期孕反-星光款-行业兴趣人群-日弘-26.3.20-视频组,有效,审核通过,通投,商品7日总支付ROI,笔记（商品组件）,6959fc4b000000001f00a5d2,66f67e4c000000001d03127d,视频笔记,6469daecdb9efc0001207e99,商品-孕期孕反-星光款-行业兴趣人群-日弘-26.3.20-视频组,181270559,2026-03-20 14:02:27,0.00,0,0,0.0%,0.0,0.0,0,0.00,0.0,0,0,0.0,0,0,0.0,0,0.0,0,0.0,0,0.0,0,0.0,0,0.0,0,0.0,0,0.0,0,0.0,0,0.0,0.00,0.0,0,0,0
4081705345,商品-柒玥的日记-星光款-行业兴趣人群-达人-26.3.20,被计划暂停,审核通过,通投,商品7日总支付ROI,笔记（商品组件）,695cc7fa000000000a03dbbf,65ef011f000000000b0314a8,图文笔记,"5880416eab3eb404b8f40853,5c09e20ed1d7ea5c745bea1d,68930dd7eab7930001a7ae11",商品-柒玥的日记-星光款-行业兴趣人群-达人-26.3.20,181270266,2026-03-20 13:58:05,0.00,0,0,0.0%,0.0,0.0,0,0.00,0.0,0,0,0.0,0,0,0.0,0,0.0,0,0.0,0,0.0,0,0.0,0,0.0,0,0.0,0,0.0,0,0.0,0,0.0,0.00,0.0,0,0,0
4051112375,商品-胡兵55岁-星光款-行业兴趣人群-日弘-26.3.17-视频组,暂停,审核通过,通投,商品7日总支付ROI,笔记（商品组件）,69b910ff000000001a033025,66f67e4c000000001d03127d,视频笔记,"6469daecdb9efc0001207e99,5daff2553cfa76002f4a028e,5c09e20ed1d7ea5c745bea1d",商品-胡兵55岁-星光款-行业兴趣人群-日弘-26.3.17-视频组,180603204,2026-03-17 17:38:23,0.00,0,0,0.0%,0.0,0.0,0,0.00,0.0,0,0,0.0,0,0,0.0,0,0.0,0,0.0,0,0.0,0,0.0,0,0.0,0,0.0,0,0.0,0,0.0,0,0.0,0.00,0.0,0,0,0
3985585469,商品-38节囤货指南-合集款-系统-日弘-26.3.11,暂停,审核通过,通投,商品7日总支付ROI,笔记（商品组件）,699f9d18000000001a01dd5f,66f67e4c000000001d03127d,图文笔记,"5c174c4846283910db893fd5,5c09e20ed1d7ea5c745bea1d,64214eb3899a5e0001c362bf",商品-38节囤货指南-合集款-系统-日弘-26.3.11,179259741,2026-03-11 10:55:43,0.00,0,0,0.0%,0.0,0.0,0,0.00,0.0,0,0,0.0,0,0,0.0,0,0.0,0,0.0,0,0.0,0,0.0,0,0.0,0,0.0,0,0.0,0,0.0,0,0.0,0.00,0.0,0,0,0
3965804431,商品-李若彤-星光款-李若彤相关人群-达人-26.3.9,被计划暂停,审核通过,通投,商品7日总支付ROI,笔记（商品组件）,69aaa2f4000000001a02a6ca,5cc196d20000000010026328,视频笔记,"6877576e9e83740001364bdb,687756e74f80eb000170b9f6,687755254f80eb0001708800",商品-李若彤-星光款-李若彤相关人群-达人-26.3.9,178786876,2026-03-09 11:23:03,0.00,0,0,0.0%,0.0,0.0,0,0.00,0.0,0,0,0.0,0,0,0.0,0,0.0,0,0.0,0,0.0,0,0.0,0,0.0,0,0.0,0,0.0,0,0.0,0,0.0,0.00,0.0,0,0,0
3965749878,商品-李若彤-星光款-行业兴趣人群-达人-26.3.9,被计划暂停,审核通过,通投,商品7日总支付ROI,笔记（商品组件）,69aaa2f4000000001a02a6ca,5cc196d20000000010026328,视频笔记,"6877576e9e83740001364bdb,687756e74f80eb000170b9f6,687755254f80eb0001708800",商品-李若彤-星光款-行业兴趣人群-达人-26.3.9,178792696,2026-03-09 11:22:06,0.00,0,0,0.0%,0.0,0.0,0,0.00,0.0,0,0,0.0,0,0,0.0,0,0.0,0,0.0,0,0.0,0,0.0,0,0.0,0,0.0,0,0.0,0,0.0,0,0.0,0.00,0.0,0,0,0
3942133130,商品-黄金思路-星光款-行业兴趣人群-日弘-26.3.6,暂停,审核通过,通投,商品7日总支付ROI,笔记（商品组件）,6915a8bc00000000040105af,66f67e4c000000001d03127d,图文笔记,"5c09e20ed1d7ea5c745bea1d,5880416eab3eb404b8f40853,68930dd7eab7930001a7ae11",商品-黄金思路-星光款-行业兴趣人群-日弘-26.3.6,178384752,2026-03-06 18:16:38,0.00,0,0,0.0%,0.0,0.0,0,0.00,0.0,0,0,0.0,0,0,0.0,0,0.0,0,0.0,0,0.0,0,0.0,0,0.0,0,0.0,0,0.0,0,0.0,0,0.0,0.00,0.0,0,0,0
3942069228,商品-不同阶段-合集款-行业兴趣人群-日弘-26.3.6,被计划暂停,审核通过,通投,商品7日总支付ROI,笔记（商品组件）,698d99de000000000d009baa,66f67e4c000000001d03127d,图文笔记,"6469daecdb9efc0001207e99,674969bfa7f7b300017224be,641add1f365a0f0001e30d6d",商品-不同阶段-合集款-行业兴趣人群-日弘-26.3.6,178388531,2026-03-06 18:13:16,0.00,0,0,0.0%,0.0,0.0,0,0.00,0.0,0,0,0.0,0,0,0.0,0,0.0,0,0.0,0,0.0,0,0.0,0,0.0,0,0.0,0,0.0,0,0.0,0,0.0,0.00,0.0,0,0,0
3941212300,商品-选对也吃对-星光款-行业兴趣人群-日弘-26.3.6,被计划暂停,审核通过,通投,商品7日总支付ROI,笔记（商品组件）,6971c18b000000001a02b1e4,66f67e4c000000001d03127d,图文笔记,"6469daecdb9efc0001207e99,641ae190e75732000107c18b,687755254f80eb0001708800",商品-选对也吃对-星光款-行业兴趣人群-日弘-26.3.6,178331797,2026-03-06 16:41:58,0.00,0,0,0.0%,0.0,0.0,0,0.00,0.0,0,0,0.0,0,0,0.0,0,0.0,0,0.0,0,0.0,0,0.0,0,0.0,0,0.0,0,0.0,0,0.0,0,0.0,0.00,0.0,0,0,0
3941038919,商品-38节囤货指南-合集款-行业兴趣人群-日弘-26.3.6,被计划暂停,审核通过,通投,商品7日总支付ROI,笔记（商品组件）,699f9d18000000001a01dd5f,66f67e4c000000001d03127d,图文笔记,"5c174c4846283910db893fd5,5c09e20ed1d7ea5c745bea1d,64214eb3899a5e0001c362bf",商品-38节囤货指南-合集款-行业兴趣人群-日弘-26.3.6,178320818,2026-03-06 16:35:56,0.00,0,0,0.0%,0.0,0.0,0,0.00,0.0,0,0,0.0,0,0,0.0,0,0.0,0,0.0,0,0.0,0,0.0,0,0.0,0,0.0,0,0.0,0,0.0,0,0.0,0.00,0.0,0,0,0
3939601288,商品-胡兵-星光款-行业兴趣人群-达人-26.3.6,被计划暂停,审核通过,通投,商品7日总支付ROI,笔记（商品组件）,69a6732c000000001a031d84,5ad7429511be1074b1b27f59,视频笔记,"68930dd7eab7930001a7ae11,6877576e9e83740001364bdb,687756e74f80eb000170b9f6,687755254f80eb0001708800",商品-胡兵-青春款-行业兴趣人群-达人-26.3.6,178255750,2026-03-06 14:26:04,0.00,0,0,0.0%,0.0,0.0,0,0.00,0.0,0,0,0.0,0,0,0.0,0,0.0,0,0.0,0,0.0,0,0.0,0,0.0,0,0.0,0,0.0,0,0.0,0,0.0,0.00,0.0,0,0,0
3939542363,商品-胡兵-星光款-胡兵相关人群-达人-26.3.6,被计划暂停,审核通过,通投,商品7日总支付ROI,笔记（商品组件）,69a6732c000000001a031d84,5ad7429511be1074b1b27f59,视频笔记,"68930dd7eab7930001a7ae11,6877576e9e83740001364bdb,687756e74f80eb000170b9f6,687755254f80eb0001708800",商品-胡兵-青春款-胡兵相关人群-达人-26.3.6,178280830,2026-03-06 14:24:54,0.00,0,0,0.0%,0.0,0.0,0,0.00,0.0,0,0,0.0,0,0,0.0,0,0.0,0,0.0,0,0.0,0,0.0,0,0.0,0,0.0,0,0.0,0,0.0,0,0.0,0.00,0.0,0,0,0
3926025350,商品-徐璐-青春款-徐璐相关人群-达人-26.3.5,被计划暂停,审核通过,通投,商品7日总支付ROI,笔记（商品组件）,69a146bd000000001a02ab99,5915319d82ec3972c9eabbee,视频笔记,"687755e49e837400013625c9,6673f164a9c8b700015216ed,687753efebefca0001245a52",商品-徐璐-青春款-徐璐相关人群-达人-26.3.5,177950611,2026-03-05 09:42:48,0.00,0,0,0.0%,0.0,0.0,0,0.00,0.0,0,0,0.0,0,0,0.0,0,0.0,0,0.0,0,0.0,0,0.0,0,0.0,0,0.0,0,0.0,0,0.0,0,0.0,0.00,0.0,0,0,0
3925777848,商品-徐璐-青春款-行业兴趣人群-达人-26.3.5,被计划暂停,审核通过,通投,商品7日总支付ROI,笔记（商品组件）,69a146bd000000001a02ab99,5915319d82ec3972c9eabbee,视频笔记,"687755e49e837400013625c9,6673f164a9c8b700015216ed,687753efebefca0001245a52",商品-徐璐-青春款-行业兴趣人群-达人-26.3.5,177956025,2026-03-05 09:42:05,0.00,0,0,0.0%,0.0,0.0,0,0.00,0.0,0,0,0.0,0,0,0.0,0,0.0,0,0.0,0,0.0,0,0.0,0,0.0,0,0.0,0,0.0,0,0.0,0,0.0,0.00,0.0,0,0,0
3925918507,商品-吴昕-星光款-行业兴趣人群-达人-26.3.5,被计划暂停,审核拒绝,通投,商品7日总支付ROI,笔记（商品组件）,69a638ed000000001d025ccc,5abb15dd4eacab6fbea4d384,视频笔记,"68930dd7eab7930001a7ae11,6877576e9e83740001364bdb,687756e74f80eb000170b9f6,687755254f80eb0001708800",商品-吴昕-星光款-行业兴趣人群-达人-26.3.5,177929646,2026-03-05 09:30:33,0.00,0,0,0.0%,0.0,0.0,0,0.00,0.0,0,0,0.0,0,0,0.0,0,0.0,0,0.0,0,0.0,0,0.0,0,0.0,0,0.0,0,0.0,0,0.0,0,0.0,0.00,0.0,0,0,0
3925706257,商品-吴昕-星光款-吴昕相关人群-达人-26.3.5,被计划暂停,审核拒绝,通投,商品7日总支付ROI,笔记（商品组件）,69a638ed000000001d025ccc,5abb15dd4eacab6fbea4d384,视频笔记,"68930dd7eab7930001a7ae11,6877576e9e83740001364bdb,687756e74f80eb000170b9f6,687755254f80eb0001708800",商品-吴昕-星光款-吴昕相关人群-达人-26.3.5,177929635,2026-03-05 09:29:59,0.00,0,0,0.0%,0.0,0.0,0,0.00,0.0,0,0,0.0,0,0,0.0,0,0.0,0,0.0,0,0.0,0,0.0,0,0.0,0,0.0,0,0.0,0,0.0,0,0.0,0.00,0.0,0,0,0
3911387147,商品-补对了-星光款-行业兴趣人群-日弘-26.3.3-历史优质,暂停,审核通过,通投,商品7日总支付ROI,笔记（商品组件）,69328e92000000001e03bf8e,66f67e4c000000001d03127d,视频笔记,"687755254f80eb0001708800,6877576e9e83740001364bdb,687756e74f80eb000170b9f6,68930dd7eab7930001a7ae11",商品-2月潜力笔记合集-星光款-行业兴趣人群-26.3.3,177606603,2026-03-03 18:18:06,0.00,0,0,0.0%,0.0,0.0,0,0.00,0.0,0,0,0.0,0,0,0.0,0,0.0,0,0.0,0,0.0,0,0.0,0,0.0,0,0.0,0,0.0,0,0.0,0,0.0,0.00,0.0,0,0,0
3911387146,商品-好搭子-星光款-行业兴趣人群-新号-26.3.3,有效,审核通过,通投,商品7日总支付ROI,笔记（商品组件）,697c75a900000000220088d2,66f67e4c000000001d03127d,视频笔记,"687755254f80eb0001708800,6877576e9e83740001364bdb,687756e74f80eb000170b9f6,68930dd7eab7930001a7ae11",商品-2月潜力笔记合集-星光款-行业兴趣人群-26.3.3,177606603,2026-03-03 18:18:06,0.00,0,0,0.0%,0.0,0.0,0,0.00,0.0,0,0,0.0,0,0,0.0,0,0.0,0,0.0,0,0.0,0,0.0,0,0.0,0,0.0,0,0.0,0,0.0,0,0.0,0.00,0.0,0,0,0
3911387145,商品-孕期怎么-星光款-行业兴趣人群-新号-26.3.3,暂停,审核通过,通投,商品7日总支付ROI,笔记（商品组件）,698306350000000021033738,66f67e4c000000001d03127d,视频笔记,"687755254f80eb0001708800,6877576e9e83740001364bdb,687756e74f80eb000170b9f6,68930dd7eab7930001a7ae11",商品-2月潜力笔记合集-星光款-行业兴趣人群-26.3.3,177606603,2026-03-03 18:18:06,0.00,0,0,0.0%,0.0,0.0,0,0.00,0.0,0,0,0.0,0,0,0.0,0,0.0,0,0.0,0,0.0,0,0.0,0,0.0,0,0.0,0,0.0,0,0.0,0,0.0,0.00,0.0,0,0,0
3911387144,商品-子申Spring-星光款-行业兴趣人群-达人-26.3.3,有效,审核通过,通投,商品7日总支付ROI,笔记（商品组件）,6918813a00000000050390ba,66a4d8aa000000001d0310d4,视频笔记,"687755254f80eb0001708800,6877576e9e83740001364bdb,687756e74f80eb000170b9f6,68930dd7eab7930001a7ae11",商品-2月潜力笔记合集-星光款-行业兴趣人群-26.3.3,177606603,2026-03-03 18:18:06,0.00,0,0,0.0%,0.0,0.0,0,0.00,0.0,0,0,0.0,0,0,0.0,0,0.0,0,0.0,0,0.0,0,0.0,0,0.0,0,0.0,0,0.0,0,0.0,0,0.0,0.00,0.0,0,0,0
3911387143,商品-黛西也是得喜-星光款-行业兴趣人群-达人-26.3.3,暂停,审核通过,通投,商品7日总支付ROI,笔记（商品组件）,69159f3c000000000d03a4eb,55c2d947c2bdeb128a723508,视频笔记,"687755254f80eb0001708800,6877576e9e83740001364bdb,687756e74f80eb000170b9f6,68930dd7eab7930001a7ae11",商品-2月潜力笔记合集-星光款-行业兴趣人群-26.3.3,177606603,2026-03-03 18:18:06,0.00,0,0,0.0%,0.0,0.0,0,0.00,0.0,0,0,0.0,0,0,0.0,0,0.0,0,0.0,0,0.0,0,0.0,0,0.0,0,0.0,0,0.0,0,0.0,0,0.0,0.00,0.0,0,0,0
3910722621,商品-补对了-星光款-孕期人群-日弘-26.3.3-历史优质,暂停,审核通过,通投,商品7日总支付ROI,笔记（商品组件）,69328e92000000001e03bf8e,66f67e4c000000001d03127d,视频笔记,"687755254f80eb0001708800,6877576e9e83740001364bdb,687756e74f80eb000170b9f6,68930dd7eab7930001a7ae11",商品-2月潜力笔记合集-星光款-孕期人群-26.3.3,177593447,2026-03-03 17:12:49,0.00,0,0,0.0%,0.0,0.0,0,0.00,0.0,0,0,0.0,0,0,0.0,0,0.0,0,0.0,0,0.0,0,0.0,0,0.0,0,0.0,0,0.0,0,0.0,0,0.0,0.00,0.0,0,0,0
3910722620,商品-好搭子-星光款-孕期人群-新号-26.3.3,有效,审核通过,通投,商品7日总支付ROI,笔记（商品组件）,697c75a900000000220088d2,66f67e4c000000001d03127d,视频笔记,"687755254f80eb0001708800,6877576e9e83740001364bdb,687756e74f80eb000170b9f6,68930dd7eab7930001a7ae11",商品-2月潜力笔记合集-星光款-孕期人群-26.3.3,177593447,2026-03-03 17:12:49,0.00,0,0,0.0%,0.0,0.0,0,0.00,0.0,0,0,0.0,0,0,0.0,0,0.0,0,0.0,0,0.0,0,0.0,0,0.0,0,0.0,0,0.0,0,0.0,0,0.0,0.00,0.0,0,0,0
3910722619,商品-孕期怎么-星光款-孕期人群-新号-26.3.3,暂停,审核通过,通投,商品7日总支付ROI,笔记（商品组件）,698306350000000021033738,66f67e4c000000001d03127d,视频笔记,"687755254f80eb0001708800,6877576e9e83740001364bdb,687756e74f80eb000170b9f6,68930dd7eab7930001a7ae11",商品-2月潜力笔记合集-星光款-孕期人群-26.3.3,177593447,2026-03-03 17:12:49,0.00,0,0,0.0%,0.0,0.0,0,0.00,0.0,0,0,0.0,0,0,0.0,0,0.0,0,0.0,0,0.0,0,0.0,0,0.0,0,0.0,0,0.0,0,0.0,0,0.0,0.00,0.0,0,0,0
3910722618,商品-子申Spring-星光款-孕期人群-达人-26.3.3,暂停,审核通过,通投,商品7日总支付ROI,笔记（商品组件）,6918813a00000000050390ba,66a4d8aa000000001d0310d4,视频笔记,"687755254f80eb0001708800,6877576e9e83740001364bdb,687756e74f80eb000170b9f6,68930dd7eab7930001a7ae11",商品-2月潜力笔记合集-星光款-孕期人群-26.3.3,177593447,2026-03-03 17:12:49,0.00,0,0,0.0%,0.0,0.0,0,0.00,0.0,0,0,0.0,0,0,0.0,0,0.0,0,0.0,0,0.0,0,0.0,0,0.0,0,0.0,0,0.0,0,0.0,0,0.0,0.00,0.0,0,0,0
3910722617,商品-黛西也是得喜-星光款-孕期人群-达人-26.3.3,暂停,审核通过,通投,商品7日总支付ROI,笔记（商品组件）,69159f3c000000000d03a4eb,55c2d947c2bdeb128a723508,视频笔记,"687755254f80eb0001708800,6877576e9e83740001364bdb,687756e74f80eb000170b9f6,68930dd7eab7930001a7ae11",商品-2月潜力笔记合集-星光款-孕期人群-26.3.3,177593447,2026-03-03 17:12:49,0.00,0,0,0.0%,0.0,0.0,0,0.00,0.0,0,0,0.0,0,0,0.0,0,0.0,0,0.0,0,0.0,0,0.0,0,0.0,0,0.0,0,0.0,0,0.0,0,0.0,0.00,0.0,0,0,0
3861548903,商品-小白选-合集款-孕期人群-日弘-26.2.26,暂停,审核通过,通投,商品7日总支付ROI,笔记（商品组件）,67af0cf3000000002803797b,66f67e4c000000001d03127d,图文笔记,"674969bfa7f7b300017224be,6469daecdb9efc0001207e99,5badcb8246283915feab7570",商品-小白选-合集款-孕期人群-日弘-26.2.26,176540391,2026-02-26 10:32:38,0.00,0,0,0.0%,0.0,0.0,0,0.00,0.0,0,0,0.0,0,0,0.0,0,0.0,0,0.0,0,0.0,0,0.0,0,0.0,0,0.0,0,0.0,0,0.0,0,0.0,0.00,0.0,0,0,0
3776403275,商品-新年商务送礼指南-马年礼盒-系统-日弘-26.2.12,被计划暂停,审核通过,通投,商品7日总支付ROI,笔记（商品组件）,6964a0df000000001a02b492,66f67e4c000000001d03127d,视频笔记,"6970a08f449b1400019104df,695601b0d96c4500012eba2b,695601acd96c4500012eb9ea,695601aad96c4500012eb9da",商品-爆文合集-马年礼盒-系统-26.2.12,174948178,2026-02-12 13:24:11,0.00,0,0,0.0%,0.0,0.0,0,0.00,0.0,0,0,0.0,0,0,0.0,0,0.0,0,0.0,0,0.0,0,0.0,0,0.0,0,0.0,0,0.0,0,0.0,0,0.0,0.00,0.0,0,0,0
3776403274,商品-送礼首选-马年礼盒-系统-新号-26.2.12,被计划暂停,审核通过,通投,商品7日总支付ROI,笔记（商品组件）,6960df74000000001a02df87,66f67e4c000000001d03127d,视频笔记,"6970a08f449b1400019104df,695601b0d96c4500012eba2b,695601acd96c4500012eb9ea,695601aad96c4500012eb9da",商品-爆文合集-马年礼盒-系统-26.2.12,174948178,2026-02-12 13:24:11,0.00,0,0,0.0%,0.0,0.0,0,0.00,0.0,0,0,0.0,0,0,0.0,0,0.0,0,0.0,0,0.0,0,0.0,0,0.0,0,0.0,0,0.0,0,0.0,0,0.0,0.00,0.0,0,0,0
3776403273,商品-杨杨🐑-马年礼盒-系统-达人-26.2.12,被计划暂停,审核通过,通投,商品7日总支付ROI,笔记（商品组件）,6968cb67000000002203903c,5935459350c4b40384475304,图文笔记,"6970a08f449b1400019104df,695601b0d96c4500012eba2b,695601acd96c4500012eb9ea,695601aad96c4500012eb9da",商品-爆文合集-马年礼盒-系统-26.2.12,174948178,2026-02-12 13:24:11,0.00,0,0,0.0%,0.0,0.0,0,0.00,0.0,0,0,0.0,0,0,0.0,0,0.0,0,0.0,0,0.0,0,0.0,0,0.0,0,0.0,0,0.0,0,0.0,0,0.0,0.00,0.0,0,0,0
3776403272,商品-守护在意的人-马年礼盒-系统-官号-26.2.12,被计划暂停,审核通过,通投,商品7日总支付ROI,笔记（商品组件）,695ccaef000000001a021a8f,583691373460942ae8fc16bb,图文笔记,"6970a08f449b1400019104df,695601b0d96c4500012eba2b,695601acd96c4500012eb9ea,695601aad96c4500012eb9da",商品-爆文合集-马年礼盒-系统-26.2.12,174948178,2026-02-12 13:24:11,0.00,0,0,0.0%,0.0,0.0,0,0.00,0.0,0,0,0.0,0,0,0.0,0,0.0,0,0.0,0,0.0,0,0.0,0,0.0,0,0.0,0,0.0,0,0.0,0,0.0,0.00,0.0,0,0,0
3776403271,商品-恩崽妈-马年礼盒-系统-达人-26.2.12,被计划暂停,审核通过,通投,商品7日总支付ROI,笔记（商品组件）,696f1b51000000000a028fd8,63353dec000000001802f0f6,视频笔记,"6970a08f449b1400019104df,695601b0d96c4500012eba2b,695601acd96c4500012eb9ea,695601aad96c4500012eb9da",商品-爆文合集-马年礼盒-系统-26.2.12,174948178,2026-02-12 13:24:11,0.00,0,0,0.0%,0.0,0.0,0,0.00,0.0,0,0,0.0,0,0,0.0,0,0.0,0,0.0,0,0.0,0,0.0,0,0.0,0,0.0,0,0.0,0,0.0,0,0.0,0.00,0.0,0,0,0
3776403270,商品-新成员官宣-马年礼盒-系统-官号-26.2.12,被计划暂停,审核通过,通投,商品7日总支付ROI,笔记（商品组件）,69732bf0000000001a030145,583691373460942ae8fc16bb,图文笔记,"6970a08f449b1400019104df,695601b0d96c4500012eba2b,695601acd96c4500012eb9ea,695601aad96c4500012eb9da",商品-爆文合集-马年礼盒-系统-26.2.12,174948178,2026-02-12 13:24:11,0.00,0,0,0.0%,0.0,0.0,0,0.00,0.0,0,0,0.0,0,0,0.0,0,0.0,0,0.0,0,0.0,0,0.0,0,0.0,0,0.0,0,0.0,0,0.0,0,0.0,0.00,0.0,0,0,0
3775185553,通投-这篇就够-青春款-孕期人群-日弘-26.2.12,被计划暂停,审核通过,通投,商品7日总支付ROI,笔记（商品组件）,692e4ce0000000001e031250,66f67e4c000000001d03127d,图文笔记,"687753efebefca0001245a52,687755e49e837400013625c9,68930cc18fe347000133c693",商品-爆文潜力合集-青春款-孕期人群-26.2.12,174925112,2026-02-12 10:03:42,0.00,0,0,0.0%,0.0,0.0,0,0.00,0.0,0,0,0.0,0,0,0.0,0,0.0,0,0.0,0,0.0,0,0.0,0,0.0,0,0.0,0,0.0,0,0.0,0,0.0,0.00,0.0,0,0,0
3775185552,通投-给宝宝满满-青春款-孕期人群-新号-26.2.12,被计划暂停,审核通过,通投,商品7日总支付ROI,笔记（商品组件）,6914459c00000000050383ed,66f67e4c000000001d03127d,视频笔记,"687753efebefca0001245a52,687755e49e837400013625c9,68930cc18fe347000133c693",商品-爆文潜力合集-青春款-孕期人群-26.2.12,174925112,2026-02-12 10:03:42,0.00,0,0,0.0%,0.0,0.0,0,0.00,0.0,0,0,0.0,0,0,0.0,0,0.0,0,0.0,0,0.0,0,0.0,0,0.0,0,0.0,0,0.0,0,0.0,0,0.0,0.00,0.0,0,0,0
3775185551,通投-素颜自由-青春款-孕期人群-新号-26.2.12,被计划暂停,审核通过,通投,商品7日总支付ROI,笔记（商品组件）,68fb4ac9000000000301fef0,66f67e4c000000001d03127d,图文笔记,"687753efebefca0001245a52,687755e49e837400013625c9,68930cc18fe347000133c693",商品-爆文潜力合集-青春款-孕期人群-26.2.12,174925112,2026-02-12 10:03:42,0.00,0,0,0.0%,0.0,0.0,0,0.00,0.0,0,0,0.0,0,0,0.0,0,0.0,0,0.0,0,0.0,0,0.0,0,0.0,0,0.0,0,0.0,0,0.0,0,0.0,0.00,0.0,0,0,0
3775185550,通投-聪明孕-青春款-孕期人群-日弘-26.2.12,被计划暂停,审核通过,通投,商品7日总支付ROI,笔记（商品组件）,66714c48000000001d0161ee,583691373460942ae8fc16bb,图文笔记,"687753efebefca0001245a52,687755e49e837400013625c9,68930cc18fe347000133c693",商品-爆文潜力合集-青春款-孕期人群-26.2.12,174925112,2026-02-12 10:03:42,0.00,0,0,0.0%,0.0,0.0,0,0.00,0.0,0,0,0.0,0,0,0.0,0,0.0,0,0.0,0,0.0,0,0.0,0,0.0,0,0.0,0,0.0,0,0.0,0,0.0,0.00,0.0,0,0,0
3775020777,通投-这篇就够-青春款-系统-日弘-26.2.12,被计划暂停,审核通过,通投,商品7日总支付ROI,笔记（商品组件）,692e4ce0000000001e031250,66f67e4c000000001d03127d,图文笔记,"687753efebefca0001245a52,687755e49e837400013625c9,68930cc18fe347000133c693",商品-爆文潜力合集-青春款-系统-26.2.12,174919237,2026-02-12 10:02:57,0.00,0,0,0.0%,0.0,0.0,0,0.00,0.0,0,0,0.0,0,0,0.0,0,0.0,0,0.0,0,0.0,0,0.0,0,0.0,0,0.0,0,0.0,0,0.0,0,0.0,0.00,0.0,0,0,0
3775020776,通投-给宝宝满满-青春款-系统-新号-26.2.12,被计划暂停,审核通过,通投,商品7日总支付ROI,笔记（商品组件）,6914459c00000000050383ed,66f67e4c000000001d03127d,视频笔记,"687753efebefca0001245a52,687755e49e837400013625c9,68930cc18fe347000133c693",商品-爆文潜力合集-青春款-系统-26.2.12,174919237,2026-02-12 10:02:57,0.00,0,0,0.0%,0.0,0.0,0,0.00,0.0,0,0,0.0,0,0,0.0,0,0.0,0,0.0,0,0.0,0,0.0,0,0.0,0,0.0,0,0.0,0,0.0,0,0.0,0.00,0.0,0,0,0
3775020775,通投-素颜自由-青春款-系统-新号-26.2.12,被计划暂停,审核通过,通投,商品7日总支付ROI,笔记（商品组件）,68fb4ac9000000000301fef0,66f67e4c000000001d03127d,图文笔记,"687753efebefca0001245a52,687755e49e837400013625c9,68930cc18fe347000133c693",商品-爆文潜力合集-青春款-系统-26.2.12,174919237,2026-02-12 10:02:57,0.00,0,0,0.0%,0.0,0.0,0,0.00,0.0,0,0,0.0,0,0,0.0,0,0.0,0,0.0,0,0.0,0,0.0,0,0.0,0,0.0,0,0.0,0,0.0,0,0.0,0.00,0.0,0,0,0
3775020774,通投-聪明孕-青春款-系统-日弘-26.2.12,被计划暂停,审核通过,通投,商品7日总支付ROI,笔记（商品组件）,66714c48000000001d0161ee,583691373460942ae8fc16bb,图文笔记,"687753efebefca0001245a52,687755e49e837400013625c9,68930cc18fe347000133c693",商品-爆文潜力合集-青春款-系统-26.2.12,174919237,2026-02-12 10:02:57,0.00,0,0,0.0%,0.0,0.0,0,0.00,0.0,0,0,0.0,0,0,0.0,0,0.0,0,0.0,0,0.0,0,0.0,0,0.0,0,0.0,0,0.0,0,0.0,0,0.0,0.00,0.0,0,0,0
3774813082,商品-补对了-星光款-孕期人群-日弘-26.2.12-视频组,暂停,审核通过,通投,商品7日总支付ROI,笔记（商品组件）,69328e92000000001e03bf8e,66f67e4c000000001d03127d,视频笔记,"687755254f80eb0001708800,6877576e9e83740001364bdb,687756e74f80eb000170b9f6,68930dd7eab7930001a7ae11",商品-潜力笔记合集-星光款-孕期人群-26.2.12,174907084,2026-02-12 09:54:29,0.00,0,0,0.0%,0.0,0.0,0,0.00,0.0,0,0,0.0,0,0,0.0,0,0.0,0,0.0,0,0.0,0,0.0,0,0.0,0,0.0,0,0.0,0,0.0,0,0.0,0.00,0.0,0,0,0
3774813081,商品-子申Spring-星光款-孕期人群-达人-26.2.12,有效,审核通过,通投,商品7日总支付ROI,笔记（商品组件）,6918813a00000000050390ba,66a4d8aa000000001d0310d4,视频笔记,"687755254f80eb0001708800,6877576e9e83740001364bdb,687756e74f80eb000170b9f6,68930dd7eab7930001a7ae11",商品-潜力笔记合集-星光款-孕期人群-26.2.12,174907084,2026-02-12 09:54:29,0.00,0,0,0.0%,0.0,0.0,0,0.00,0.0,0,0,0.0,0,0,0.0,0,0.0,0,0.0,0,0.0,0,0.0,0,0.0,0,0.0,0,0.0,0,0.0,0,0.0,0.00,0.0,0,0,0
3774813080,商品-说点大实话-星光款-孕期人群-新号-26.2.12,审核状态异常,审核拒绝,通投,商品7日总支付ROI,笔记（商品组件）,694d0203000000001e0052ff,66f67e4c000000001d03127d,图文笔记,"687755254f80eb0001708800,6877576e9e83740001364bdb,687756e74f80eb000170b9f6,68930dd7eab7930001a7ae11",商品-潜力笔记合集-星光款-孕期人群-26.2.12,174907084,2026-02-12 09:54:29,0.00,0,0,0.0%,0.0,0.0,0,0.00,0.0,0,0,0.0,0,0,0.0,0,0.0,0,0.0,0,0.0,0,0.0,0,0.0,0,0.0,0,0.0,0,0.0,0,0.0,0.00,0.0,0,0,0
3774862706,商品-补对了-星光款-系统-日弘-26.2.12-视频组,暂停,审核通过,通投,商品7日总支付ROI,笔记（商品组件）,69328e92000000001e03bf8e,66f67e4c000000001d03127d,视频笔记,"687755254f80eb0001708800,6877576e9e83740001364bdb,687756e74f80eb000170b9f6,68930dd7eab7930001a7ae11",商品-爆文合集-星光款-系统-26.2.12,174913001,2026-02-12 09:49:37,0.00,0,0,0.0%,0.0,0.0,0,0.00,0.0,0,0,0.0,0,0,0.0,0,0.0,0,0.0,0,0.0,0,0.0,0,0.0,0,0.0,0,0.0,0,0.0,0,0.0,0.00,0.0,0,0,0
3774862705,商品-白白胖胖-星光款-系统-新号-26.2.12,有效,审核通过,通投,商品7日总支付ROI,笔记（商品组件）,68ef7968000000000301210f,66f67e4c000000001d03127d,视频笔记,"687755254f80eb0001708800,6877576e9e83740001364bdb,687756e74f80eb000170b9f6,68930dd7eab7930001a7ae11",商品-爆文合集-星光款-系统-26.2.12,174913001,2026-02-12 09:49:37,0.00,0,0,0.0%,0.0,0.0,0,0.00,0.0,0,0,0.0,0,0,0.0,0,0.0,0,0.0,0,0.0,0,0.0,0,0.0,0,0.0,0,0.0,0,0.0,0,0.0,0.00,0.0,0,0,0
3774862704,商品-等了这么久-星光款-系统-新号-26.2.12,暂停,审核通过,通投,商品7日总支付ROI,笔记（商品组件）,68ef797200000000030380e0,66f67e4c000000001d03127d,视频笔记,"687755254f80eb0001708800,6877576e9e83740001364bdb,687756e74f80eb000170b9f6,68930dd7eab7930001a7ae11",商品-爆文合集-星光款-系统-26.2.12,174913001,2026-02-12 09:49:37,0.00,0,0,0.0%,0.0,0.0,0,0.00,0.0,0,0,0.0,0,0,0.0,0,0.0,0,0.0,0,0.0,0,0.0,0,0.0,0,0.0,0,0.0,0,0.0,0,0.0,0.00,0.0,0,0,0
3774862703,商品-宝妈亲测-星光款-系统-日弘-26.2.12-新笔记-视频组,暂停,审核通过,通投,商品7日总支付ROI,笔记（商品组件）,68ede2560000000004028b00,66f67e4c000000001d03127d,视频笔记,"687755254f80eb0001708800,6877576e9e83740001364bdb,687756e74f80eb000170b9f6,68930dd7eab7930001a7ae11",商品-爆文合集-星光款-系统-26.2.12,174913001,2026-02-12 09:49:37,0.00,0,0,0.0%,0.0,0.0,0,0.00,0.0,0,0,0.0,0,0,0.0,0,0.0,0,0.0,0,0.0,0,0.0,0,0.0,0,0.0,0,0.0,0,0.0,0,0.0,0.00,0.0,0,0,0
3774862702,商品-说点大实话-星光款-系统-新号-26.2.12,审核状态异常,审核拒绝,通投,商品7日总支付ROI,笔记（商品组件）,694d0203000000001e0052ff,66f67e4c000000001d03127d,图文笔记,"687755254f80eb0001708800,6877576e9e83740001364bdb,687756e74f80eb000170b9f6,68930dd7eab7930001a7ae11",商品-爆文合集-星光款-系统-26.2.12,174913001,2026-02-12 09:49:37,0.00,0,0,0.0%,0.0,0.0,0,0.00,0.0,0,0,0.0,0,0,0.0,0,0.0,0,0.0,0,0.0,0,0.0,0,0.0,0,0.0,0,0.0,0,0.0,0,0.0,0.00,0.0,0,0,0
3774849209,商品-一篇搞懂-合集款-孕期人群-日弘-26.2.12,暂停,审核通过,通投,商品7日总支付ROI,笔记（商品组件）,697c0949000000002801dfff,66f67e4c000000001d03127d,图文笔记,"5c174c4846283910db893fd5,6469daecdb9efc0001207e99,641adab9a510be00014ac88e",商品-爆文潜力笔记合集-合集款-孕期人群-日弘-26.2.12,174912846,2026-02-12 09:40:22,0.00,0,0,0.0%,0.0,0.0,0,0.00,0.0,0,0,0.0,0,0,0.0,0,0.0,0,0.0,0,0.0,0,0.0,0,0.0,0,0.0,0,0.0,0,0.0,0,0.0,0.00,0.0,0,0,0
3774849208,商品-燕窝也-合集款-孕期人群-日弘-26.2.12,暂停,审核通过,通投,商品7日总支付ROI,笔记（商品组件）,672d88bf000000001d0385de,583691373460942ae8fc16bb,图文笔记,"6469daecdb9efc0001207e99,5c174c4846283910db893fd5,5badcb8246283915feab7570",商品-爆文潜力笔记合集-合集款-孕期人群-日弘-26.2.12,174912846,2026-02-12 09:40:22,0.00,0,0,0.0%,0.0,0.0,0,0.00,0.0,0,0,0.0,0,0,0.0,0,0.0,0,0.0,0,0.0,0,0.0,0,0.0,0,0.0,0,0.0,0,0.0,0,0.0,0.00,0.0,0,0,0
3774849207,商品-燕窝新-合集款-孕期人群-日弘-26.2.12,暂停,审核通过,通投,商品7日总支付ROI,笔记（商品组件）,6735ba5f000000003c015663,583691373460942ae8fc16bb,图文笔记,"674969bfa7f7b300017224be,6469daecdb9efc0001207e99,5badcb8246283915feab7570",商品-爆文潜力笔记合集-合集款-孕期人群-日弘-26.2.12,174912846,2026-02-12 09:40:22,0.00,0,0,0.0%,0.0,0.0,0,0.00,0.0,0,0,0.0,0,0,0.0,0,0.0,0,0.0,0,0.0,0,0.0,0,0.0,0,0.0,0,0.0,0,0.0,0,0.0,0.00,0.0,0,0,0
3774849206,商品-小白选-合集款-孕期人群-日弘-26.2.12,暂停,审核通过,通投,商品7日总支付ROI,笔记（商品组件）,67af0cf3000000002803797b,66f67e4c000000001d03127d,图文笔记,"674969bfa7f7b300017224be,6469daecdb9efc0001207e99,5badcb8246283915feab7570",商品-爆文潜力笔记合集-合集款-孕期人群-日弘-26.2.12,174912846,2026-02-12 09:40:22,0.00,0,0,0.0%,0.0,0.0,0,0.00,0.0,0,0,0.0,0,0,0.0,0,0.0,0,0.0,0,0.0,0,0.0,0,0.0,0,0.0,0,0.0,0,0.0,0,0.0,0.00,0.0,0,0,0
3774681354,商品-一篇搞懂-合集款-系统-日弘-26.2.12,暂停,审核通过,通投,商品7日总支付ROI,笔记（商品组件）,697c0949000000002801dfff,66f67e4c000000001d03127d,图文笔记,"5c174c4846283910db893fd5,6469daecdb9efc0001207e99,641adab9a510be00014ac88e",商品-爆文潜力笔记合集-合集款-系统-日弘-26.2.12,174918758,2026-02-12 09:35:43,0.00,0,0,0.0%,0.0,0.0,0,0.00,0.0,0,0,0.0,0,0,0.0,0,0.0,0,0.0,0,0.0,0,0.0,0,0.0,0,0.0,0,0.0,0,0.0,0,0.0,0.00,0.0,0,0,0
3774681353,商品-燕窝也-合集款-系统-日弘-26.2.12,暂停,审核通过,通投,商品7日总支付ROI,笔记（商品组件）,672d88bf000000001d0385de,583691373460942ae8fc16bb,图文笔记,"6469daecdb9efc0001207e99,5c174c4846283910db893fd5,5badcb8246283915feab7570",商品-爆文潜力笔记合集-合集款-系统-日弘-26.2.12,174918758,2026-02-12 09:35:43,0.00,0,0,0.0%,0.0,0.0,0,0.00,0.0,0,0,0.0,0,0,0.0,0,0.0,0,0.0,0,0.0,0,0.0,0,0.0,0,0.0,0,0.0,0,0.0,0,0.0,0.00,0.0,0,0,0
3774681352,商品-燕窝新-合集款-系统-日弘-26.2.12,暂停,审核通过,通投,商品7日总支付ROI,笔记（商品组件）,6735ba5f000000003c015663,583691373460942ae8fc16bb,图文笔记,"674969bfa7f7b300017224be,6469daecdb9efc0001207e99,5badcb8246283915feab7570",商品-爆文潜力笔记合集-合集款-系统-日弘-26.2.12,174918758,2026-02-12 09:35:43,0.00,0,0,0.0%,0.0,0.0,0,0.00,0.0,0,0,0.0,0,0,0.0,0,0.0,0,0.0,0,0.0,0,0.0,0,0.0,0,0.0,0,0.0,0,0.0,0,0.0,0.00,0.0,0,0,0
3774681351,商品-小白选-合集款-系统-日弘-26.2.12,被计划暂停,审核通过,通投,商品7日总支付ROI,笔记（商品组件）,67af0cf3000000002803797b,66f67e4c000000001d03127d,图文笔记,"674969bfa7f7b300017224be,6469daecdb9efc0001207e99,5badcb8246283915feab7570",商品-爆文潜力笔记合集-合集款-系统-日弘-26.2.12,174918758,2026-02-12 09:35:43,0.00,0,0,0.0%,0.0,0.0,0,0.00,0.0,0,0,0.0,0,0,0.0,0,0.0,0,0.0,0,0.0,0,0.0,0,0.0,0,0.0,0,0.0,0,0.0,0,0.0,0.00,0.0,0,0,0
3753371649,商品-解锁婆媳关系-马年礼盒-品牌&行业兴趣人群-日弘-26.2.9,被计划暂停,审核通过,通投,商品7日总支付ROI,笔记（商品组件）,6969cf49000000001a0343cb,66f67e4c000000001d03127d,图文笔记,"6572791f75af9d000152ab9d,657277e89cf6bb00014e39c2,6572771a9cf6bb00014e363c",商品-潜力笔记合集-马年礼盒-品牌&行业兴趣人群-26.2.9,174411944,2026-02-09 13:47:55,0.00,0,0,0.0%,0.0,0.0,0,0.00,0.0,0,0,0.0,0,0,0.0,0,0.0,0,0.0,0,0.0,0,0.0,0,0.0,0,0.0,0,0.0,0,0.0,0,0.0,0.00,0.0,0,0,0
3753371648,商品-Miss Xu-马年礼盒-品牌&行业兴趣人群-达人-26.2.9,被计划暂停,审核通过,通投,商品7日总支付ROI,笔记（商品组件）,69705529000000000903a4ca,56f80ef6aed758591f549b9c,视频笔记,"6572791f75af9d000152ab9d,657277e89cf6bb00014e39c2,6572771a9cf6bb00014e363c",商品-潜力笔记合集-马年礼盒-品牌&行业兴趣人群-26.2.9,174411944,2026-02-09 13:47:55,0.00,0,0,0.0%,0.0,0.0,0,0.00,0.0,0,0,0.0,0,0,0.0,0,0.0,0,0.0,0,0.0,0,0.0,0,0.0,0,0.0,0,0.0,0,0.0,0,0.0,0.00,0.0,0,0,0
3753371647,商品-守护在意的人-马年礼盒-品牌&行业兴趣人群-官号-26.2.9,被计划暂停,审核通过,通投,商品7日总支付ROI,笔记（商品组件）,695ccaef000000001a021a8f,583691373460942ae8fc16bb,图文笔记,"6572791f75af9d000152ab9d,657277e89cf6bb00014e39c2,6572771a9cf6bb00014e363c",商品-潜力笔记合集-马年礼盒-品牌&行业兴趣人群-26.2.9,174411944,2026-02-09 13:47:55,0.00,0,0,0.0%,0.0,0.0,0,0.00,0.0,0,0,0.0,0,0,0.0,0,0.0,0,0.0,0,0.0,0,0.0,0,0.0,0,0.0,0,0.0,0,0.0,0,0.0,0.00,0.0,0,0,0
3753371646,商品-小曾吃不饱-马年礼盒-品牌&行业兴趣人群-达人-26.2.9,被计划暂停,审核通过,通投,商品7日总支付ROI,笔记（商品组件）,6968d157000000000e03cc41,5b6d4a20c8adda00014cdc5d,图文笔记,"6572791f75af9d000152ab9d,657277e89cf6bb00014e39c2,6572771a9cf6bb00014e363c",商品-潜力笔记合集-马年礼盒-品牌&行业兴趣人群-26.2.9,174411944,2026-02-09 13:47:55,0.00,0,0,0.0%,0.0,0.0,0,0.00,0.0,0,0,0.0,0,0,0.0,0,0.0,0,0.0,0,0.0,0,0.0,0,0.0,0,0.0,0,0.0,0,0.0,0,0.0,0.00,0.0,0,0,0
3753371645,商品-杨丢丢DIUDIU-马年礼盒-品牌&行业兴趣人群-达人-26.2.9,被计划暂停,审核通过,通投,商品7日总支付ROI,笔记（商品组件）,696e25af000000000a03287b,58f2227750c4b411268677e4,视频笔记,"6572791f75af9d000152ab9d,657277e89cf6bb00014e39c2,6572771a9cf6bb00014e363c",商品-潜力笔记合集-马年礼盒-品牌&行业兴趣人群-26.2.9,174411944,2026-02-09 13:47:55,0.00,0,0,0.0%,0.0,0.0,0,0.00,0.0,0,0,0.0,0,0,0.0,0,0.0,0,0.0,0,0.0,0,0.0,0,0.0,0,0.0,0,0.0,0,0.0,0,0.0,0.00,0.0,0,0,0
3753371644,商品-陈绵羊-马年礼盒-品牌&行业兴趣人群-达人-26.2.9,被计划暂停,审核通过,通投,商品7日总支付ROI,笔记（商品组件）,6965fcd5000000000b0128d2,56ffd10984edcd51574852da,视频笔记,"6572791f75af9d000152ab9d,657277e89cf6bb00014e39c2,6572771a9cf6bb00014e363c",商品-潜力笔记合集-马年礼盒-品牌&行业兴趣人群-26.2.9,174411944,2026-02-09 13:47:55,0.00,0,0,0.0%,0.0,0.0,0,0.00,0.0,0,0,0.0,0,0,0.0,0,0.0,0,0.0,0,0.0,0,0.0,0,0.0,0,0.0,0,0.0,0,0.0,0,0.0,0.00,0.0,0,0,0
3753371643,商品-杨杨🐑-马年礼盒-品牌&行业兴趣人群-达人-26.2.9,被计划暂停,审核通过,通投,商品7日总支付ROI,笔记（商品组件）,6968cb67000000002203903c,5935459350c4b40384475304,图文笔记,"6572791f75af9d000152ab9d,657277e89cf6bb00014e39c2,6572771a9cf6bb00014e363c",商品-潜力笔记合集-马年礼盒-品牌&行业兴趣人群-26.2.9,174411944,2026-02-09 13:47:55,0.00,0,0,0.0%,0.0,0.0,0,0.00,0.0,0,0,0.0,0,0,0.0,0,0.0,0,0.0,0,0.0,0,0.0,0,0.0,0,0.0,0,0.0,0,0.0,0,0.0,0.00,0.0,0,0,0
3753371642,商品-黄凯XK-马年礼盒-品牌&行业兴趣人群-达人-26.2.9,被计划暂停,审核通过,通投,商品7日总支付ROI,笔记（商品组件）,696b579b0000000022021840,627234ba0000000021021d20,视频笔记,"6572791f75af9d000152ab9d,657277e89cf6bb00014e39c2,6572771a9cf6bb00014e363c",商品-潜力笔记合集-马年礼盒-品牌&行业兴趣人群-26.2.9,174411944,2026-02-09 13:47:55,0.00,0,0,0.0%,0.0,0.0,0,0.00,0.0,0,0,0.0,0,0,0.0,0,0.0,0,0.0,0,0.0,0,0.0,0,0.0,0,0.0,0,0.0,0,0.0,0,0.0,0.00,0.0,0,0,0
3753371641,商品-新成员官宣-马年礼盒-品牌&行业兴趣人群-官号-26.2.9,被计划暂停,审核通过,通投,商品7日总支付ROI,笔记（商品组件）,69732bf0000000001a030145,583691373460942ae8fc16bb,图文笔记,"6572791f75af9d000152ab9d,657277e89cf6bb00014e39c2,6572771a9cf6bb00014e363c",商品-潜力笔记合集-马年礼盒-品牌&行业兴趣人群-26.2.9,174411944,2026-02-09 13:47:55,0.00,0,0,0.0%,0.0,0.0,0,0.00,0.0,0,0,0.0,0,0,0.0,0,0.0,0,0.0,0,0.0,0,0.0,0,0.0,0,0.0,0,0.0,0,0.0,0,0.0,0.00,0.0,0,0,0
3753371640,商品-精致有面-马年礼盒-品牌&行业兴趣人群-新号-26.2.9,被计划暂停,审核通过,通投,商品7日总支付ROI,笔记（商品组件）,6971e83c000000002102a49d,66f67e4c000000001d03127d,视频笔记,"6572791f75af9d000152ab9d,657277e89cf6bb00014e39c2,6572771a9cf6bb00014e363c",商品-潜力笔记合集-马年礼盒-品牌&行业兴趣人群-26.2.9,174411944,2026-02-09 13:47:55,0.00,0,0,0.0%,0.0,0.0,0,0.00,0.0,0,0,0.0,0,0,0.0,0,0.0,0,0.0,0,0.0,0,0.0,0,0.0,0,0.0,0,0.0,0,0.0,0,0.0,0.00,0.0,0,0,0
3753264834,商品-解锁婆媳关系-马年礼盒-送礼人群-日弘-26.2.9,被计划暂停,审核通过,通投,商品7日总支付ROI,笔记（商品组件）,6969cf49000000001a0343cb,66f67e4c000000001d03127d,图文笔记,"6572791f75af9d000152ab9d,657277e89cf6bb00014e39c2,6572771a9cf6bb00014e363c",商品-潜力笔记合集-马年礼盒-送礼人群-26.2.9,174417516,2026-02-09 13:43:44,0.00,0,0,0.0%,0.0,0.0,0,0.00,0.0,0,0,0.0,0,0,0.0,0,0.0,0,0.0,0,0.0,0,0.0,0,0.0,0,0.0,0,0.0,0,0.0,0,0.0,0.00,0.0,0,0,0
3753264833,商品-Miss Xu-马年礼盒-送礼人群-达人-26.2.9,被计划暂停,审核通过,通投,商品7日总支付ROI,笔记（商品组件）,69705529000000000903a4ca,56f80ef6aed758591f549b9c,视频笔记,"6572791f75af9d000152ab9d,657277e89cf6bb00014e39c2,6572771a9cf6bb00014e363c",商品-潜力笔记合集-马年礼盒-送礼人群-26.2.9,174417516,2026-02-09 13:43:44,0.00,0,0,0.0%,0.0,0.0,0,0.00,0.0,0,0,0.0,0,0,0.0,0,0.0,0,0.0,0,0.0,0,0.0,0,0.0,0,0.0,0,0.0,0,0.0,0,0.0,0.00,0.0,0,0,0
3753264832,商品-守护在意的人-马年礼盒-送礼人群-官号-26.2.9,被计划暂停,审核通过,通投,商品7日总支付ROI,笔记（商品组件）,695ccaef000000001a021a8f,583691373460942ae8fc16bb,图文笔记,"6572791f75af9d000152ab9d,657277e89cf6bb00014e39c2,6572771a9cf6bb00014e363c",商品-潜力笔记合集-马年礼盒-送礼人群-26.2.9,174417516,2026-02-09 13:43:44,0.00,0,0,0.0%,0.0,0.0,0,0.00,0.0,0,0,0.0,0,0,0.0,0,0.0,0,0.0,0,0.0,0,0.0,0,0.0,0,0.0,0,0.0,0,0.0,0,0.0,0.00,0.0,0,0,0
3753264831,商品-小曾吃不饱-马年礼盒-送礼人群-达人-26.2.9,被计划暂停,审核通过,通投,商品7日总支付ROI,笔记（商品组件）,6968d157000000000e03cc41,5b6d4a20c8adda00014cdc5d,图文笔记,"6572791f75af9d000152ab9d,657277e89cf6bb00014e39c2,6572771a9cf6bb00014e363c",商品-潜力笔记合集-马年礼盒-送礼人群-26.2.9,174417516,2026-02-09 13:43:44,0.00,0,0,0.0%,0.0,0.0,0,0.00,0.0,0,0,0.0,0,0,0.0,0,0.0,0,0.0,0,0.0,0,0.0,0,0.0,0,0.0,0,0.0,0,0.0,0,0.0,0.00,0.0,0,0,0
3753264830,商品-杨丢丢DIUDIU-马年礼盒-送礼人群-达人-26.2.9,被计划暂停,审核通过,通投,商品7日总支付ROI,笔记（商品组件）,696e25af000000000a03287b,58f2227750c4b411268677e4,视频笔记,"6572791f75af9d000152ab9d,657277e89cf6bb00014e39c2,6572771a9cf6bb00014e363c",商品-潜力笔记合集-马年礼盒-送礼人群-26.2.9,174417516,2026-02-09 13:43:44,0.00,0,0,0.0%,0.0,0.0,0,0.00,0.0,0,0,0.0,0,0,0.0,0,0.0,0,0.0,0,0.0,0,0.0,0,0.0,0,0.0,0,0.0,0,0.0,0,0.0,0.00,0.0,0,0,0
3753264829,商品-陈绵羊-马年礼盒-送礼人群-达人-26.2.9,被计划暂停,审核通过,通投,商品7日总支付ROI,笔记（商品组件）,6965fcd5000000000b0128d2,56ffd10984edcd51574852da,视频笔记,"6572791f75af9d000152ab9d,657277e89cf6bb00014e39c2,6572771a9cf6bb00014e363c",商品-潜力笔记合集-马年礼盒-送礼人群-26.2.9,174417516,2026-02-09 13:43:44,0.00,0,0,0.0%,0.0,0.0,0,0.00,0.0,0,0,0.0,0,0,0.0,0,0.0,0,0.0,0,0.0,0,0.0,0,0.0,0,0.0,0,0.0,0,0.0,0,0.0,0.00,0.0,0,0,0
3753264828,商品-杨杨🐑-马年礼盒-送礼人群-达人-26.2.9,被计划暂停,审核通过,通投,商品7日总支付ROI,笔记（商品组件）,6968cb67000000002203903c,5935459350c4b40384475304,图文笔记,"6572791f75af9d000152ab9d,657277e89cf6bb00014e39c2,6572771a9cf6bb00014e363c",商品-潜力笔记合集-马年礼盒-送礼人群-26.2.9,174417516,2026-02-09 13:43:44,0.00,0,0,0.0%,0.0,0.0,0,0.00,0.0,0,0,0.0,0,0,0.0,0,0.0,0,0.0,0,0.0,0,0.0,0,0.0,0,0.0,0,0.0,0,0.0,0,0.0,0.00,0.0,0,0,0
3753264827,商品-黄凯XK-马年礼盒-送礼人群-达人-26.2.9,被计划暂停,审核通过,通投,商品7日总支付ROI,笔记（商品组件）,696b579b0000000022021840,627234ba0000000021021d20,视频笔记,"6572791f75af9d000152ab9d,657277e89cf6bb00014e39c2,6572771a9cf6bb00014e363c",商品-潜力笔记合集-马年礼盒-送礼人群-26.2.9,174417516,2026-02-09 13:43:44,0.00,0,0,0.0%,0.0,0.0,0,0.00,0.0,0,0,0.0,0,0,0.0,0,0.0,0,0.0,0,0.0,0,0.0,0,0.0,0,0.0,0,0.0,0,0.0,0,0.0,0.00,0.0,0,0,0
3753264826,商品-新成员官宣-马年礼盒-送礼人群-官号-26.2.9,被计划暂停,审核通过,通投,商品7日总支付ROI,笔记（商品组件）,69732bf0000000001a030145,583691373460942ae8fc16bb,图文笔记,"6572791f75af9d000152ab9d,657277e89cf6bb00014e39c2,6572771a9cf6bb00014e363c",商品-潜力笔记合集-马年礼盒-送礼人群-26.2.9,174417516,2026-02-09 13:43:44,0.00,0,0,0.0%,0.0,0.0,0,0.00,0.0,0,0,0.0,0,0,0.0,0,0.0,0,0.0,0,0.0,0,0.0,0,0.0,0,0.0,0,0.0,0,0.0,0,0.0,0.00,0.0,0,0,0
3753264825,商品-精致有面-马年礼盒-送礼人群-新号-26.2.9,被计划暂停,审核通过,通投,商品7日总支付ROI,笔记（商品组件）,6971e83c000000002102a49d,66f67e4c000000001d03127d,视频笔记,"6572791f75af9d000152ab9d,657277e89cf6bb00014e39c2,6572771a9cf6bb00014e363c",商品-潜力笔记合集-马年礼盒-送礼人群-26.2.9,174417516,2026-02-09 13:43:44,0.00,0,0,0.0%,0.0,0.0,0,0.00,0.0,0,0,0.0,0,0,0.0,0,0.0,0,0.0,0,0.0,0,0.0,0,0.0,0,0.0,0,0.0,0,0.0,0,0.0,0.00,0.0,0,0,0
3731226175,商品-解锁婆媳关系-马年礼盒-系统-日弘-26.2.6,暂停,审核拒绝,通投,商品7日总支付ROI,笔记（商品组件）,6969cf49000000001a0343cb,66f67e4c000000001d03127d,图文笔记,"6572791f75af9d000152ab9d,657277e89cf6bb00014e39c2,6572771a9cf6bb00014e363c",商品-潜力笔记合集-马年礼盒-系统-26.2.6,174012081,2026-02-06 16:15:23,0.00,0,0,0.0%,0.0,0.0,0,0.00,0.0,0,0,0.0,0,0,0.0,0,0.0,0,0.0,0,0.0,0,0.0,0,0.0,0,0.0,0,0.0,0,0.0,0,0.0,0.00,0.0,0,0,0
3731226174,商品-Miss Xu-马年礼盒-系统-达人-26.2.6,被计划暂停,审核通过,通投,商品7日总支付ROI,笔记（商品组件）,69705529000000000903a4ca,56f80ef6aed758591f549b9c,视频笔记,"6572791f75af9d000152ab9d,657277e89cf6bb00014e39c2,6572771a9cf6bb00014e363c",商品-潜力笔记合集-马年礼盒-系统-26.2.6,174012081,2026-02-06 16:15:23,0.00,0,0,0.0%,0.0,0.0,0,0.00,0.0,0,0,0.0,0,0,0.0,0,0.0,0,0.0,0,0.0,0,0.0,0,0.0,0,0.0,0,0.0,0,0.0,0,0.0,0.00,0.0,0,0,0
3731226173,商品-守护在意的人-马年礼盒-系统-官号-26.2.6,被计划暂停,审核通过,通投,商品7日总支付ROI,笔记（商品组件）,695ccaef000000001a021a8f,583691373460942ae8fc16bb,图文笔记,"6572791f75af9d000152ab9d,657277e89cf6bb00014e39c2,6572771a9cf6bb00014e363c",商品-潜力笔记合集-马年礼盒-系统-26.2.6,174012081,2026-02-06 16:15:23,0.00,0,0,0.0%,0.0,0.0,0,0.00,0.0,0,0,0.0,0,0,0.0,0,0.0,0,0.0,0,0.0,0,0.0,0,0.0,0,0.0,0,0.0,0,0.0,0,0.0,0.00,0.0,0,0,0
3731226172,商品-小曾吃不饱-马年礼盒-系统-达人-26.2.6,被计划暂停,审核通过,通投,商品7日总支付ROI,笔记（商品组件）,6968d157000000000e03cc41,5b6d4a20c8adda00014cdc5d,图文笔记,"6572791f75af9d000152ab9d,657277e89cf6bb00014e39c2,6572771a9cf6bb00014e363c",商品-潜力笔记合集-马年礼盒-系统-26.2.6,174012081,2026-02-06 16:15:23,0.00,0,0,0.0%,0.0,0.0,0,0.00,0.0,0,0,0.0,0,0,0.0,0,0.0,0,0.0,0,0.0,0,0.0,0,0.0,0,0.0,0,0.0,0,0.0,0,0.0,0.00,0.0,0,0,0
3731226171,商品-杨丢丢DIUDIU-马年礼盒-系统-达人-26.2.6,被计划暂停,审核通过,通投,商品7日总支付ROI,笔记（商品组件）,696e25af000000000a03287b,58f2227750c4b411268677e4,视频笔记,"6572791f75af9d000152ab9d,657277e89cf6bb00014e39c2,6572771a9cf6bb00014e363c",商品-潜力笔记合集-马年礼盒-系统-26.2.6,174012081,2026-02-06 16:15:23,0.00,0,0,0.0%,0.0,0.0,0,0.00,0.0,0,0,0.0,0,0,0.0,0,0.0,0,0.0,0,0.0,0,0.0,0,0.0,0,0.0,0,0.0,0,0.0,0,0.0,0.00,0.0,0,0,0
3731226170,商品-陈绵羊-马年礼盒-系统-达人-26.2.6,被计划暂停,审核通过,通投,商品7日总支付ROI,笔记（商品组件）,6965fcd5000000000b0128d2,56ffd10984edcd51574852da,视频笔记,"6572791f75af9d000152ab9d,657277e89cf6bb00014e39c2,6572771a9cf6bb00014e363c",商品-潜力笔记合集-马年礼盒-系统-26.2.6,174012081,2026-02-06 16:15:23,0.00,0,0,0.0%,0.0,0.0,0,0.00,0.0,0,0,0.0,0,0,0.0,0,0.0,0,0.0,0,0.0,0,0.0,0,0.0,0,0.0,0,0.0,0,0.0,0,0.0,0.00,0.0,0,0,0
3731226169,商品-杨杨🐑-马年礼盒-系统-达人-26.2.6,被计划暂停,审核通过,通投,商品7日总支付ROI,笔记（商品组件）,6968cb67000000002203903c,5935459350c4b40384475304,图文笔记,"6572791f75af9d000152ab9d,657277e89cf6bb00014e39c2,6572771a9cf6bb00014e363c",商品-潜力笔记合集-马年礼盒-系统-26.2.6,174012081,2026-02-06 16:15:23,0.00,0,0,0.0%,0.0,0.0,0,0.00,0.0,0,0,0.0,0,0,0.0,0,0.0,0,0.0,0,0.0,0,0.0,0,0.0,0,0.0,0,0.0,0,0.0,0,0.0,0.00,0.0,0,0,0
3731226168,商品-黄凯XK-马年礼盒-系统-达人-26.2.6,被计划暂停,审核通过,通投,商品7日总支付ROI,笔记（商品组件）,696b579b0000000022021840,627234ba0000000021021d20,视频笔记,"6572791f75af9d000152ab9d,657277e89cf6bb00014e39c2,6572771a9cf6bb00014e363c",商品-潜力笔记合集-马年礼盒-系统-26.2.6,174012081,2026-02-06 16:15:23,0.00,0,0,0.0%,0.0,0.0,0,0.00,0.0,0,0,0.0,0,0,0.0,0,0.0,0,0.0,0,0.0,0,0.0,0,0.0,0,0.0,0,0.0,0,0.0,0,0.0,0.00,0.0,0,0,0
3731226167,商品-新成员官宣-马年礼盒-系统-官号-26.2.6,暂停,审核通过,通投,商品7日总支付ROI,笔记（商品组件）,69732bf0000000001a030145,583691373460942ae8fc16bb,图文笔记,"6572791f75af9d000152ab9d,657277e89cf6bb00014e39c2,6572771a9cf6bb00014e363c",商品-潜力笔记合集-马年礼盒-系统-26.2.6,174012081,2026-02-06 16:15:23,0.00,0,0,0.0%,0.0,0.0,0,0.00,0.0,0,0,0.0,0,0,0.0,0,0.0,0,0.0,0,0.0,0,0.0,0,0.0,0,0.0,0,0.0,0,0.0,0,0.0,0.00,0.0,0,0,0
3731226166,商品-精致有面-马年礼盒-系统-新号-26.2.6,被计划暂停,审核通过,通投,商品7日总支付ROI,笔记（商品组件）,6971e83c000000002102a49d,66f67e4c000000001d03127d,视频笔记,"6572791f75af9d000152ab9d,657277e89cf6bb00014e39c2,6572771a9cf6bb00014e363c",商品-潜力笔记合集-马年礼盒-系统-26.2.6,174012081,2026-02-06 16:15:23,0.00,0,0,0.0%,0.0,0.0,0,0.00,0.0,0,0,0.0,0,0,0.0,0,0.0,0,0.0,0,0.0,0,0.0,0,0.0,0,0.0,0,0.0,0,0.0,0,0.0,0.00,0.0,0,0,0
3709848498,商品-非遗滋补礼-马年礼盒-送礼人群-日弘-26.2.4,被计划暂停,审核通过,通投,商品7日总支付ROI,笔记（商品组件）,695f6dd6000000000e00e0f8,66f67e4c000000001d03127d,图文笔记,"6572791f75af9d000152ab9d,5dc273281601c550cc1eb763,657277e89cf6bb00014e39c2,6572771a9cf6bb00014e363c",商品-图文合集-马年礼盒-送礼人群-26.2.4,173488853,2026-02-04 10:34:55,0.00,0,0,0.0%,0.0,0.0,0,0.00,0.0,0,0,0.0,0,0,0.0,0,0.0,0,0.0,0,0.0,0,0.0,0,0.0,0,0.0,0,0.0,0,0.0,0,0.0,0.00,0.0,0,0,0
3709848497,商品-解锁婆媳关系-马年礼盒-送礼人群-日弘-26.2.4,被计划暂停,审核通过,通投,商品7日总支付ROI,笔记（商品组件）,6969cf49000000001a0343cb,66f67e4c000000001d03127d,图文笔记,"6572791f75af9d000152ab9d,5dc273281601c550cc1eb763,657277e89cf6bb00014e39c2,6572771a9cf6bb00014e363c",商品-图文合集-马年礼盒-送礼人群-26.2.4,173488853,2026-02-04 10:34:55,0.00,0,0,0.0%,0.0,0.0,0,0.00,0.0,0,0,0.0,0,0,0.0,0,0.0,0,0.0,0,0.0,0,0.0,0,0.0,0,0.0,0,0.0,0,0.0,0,0.0,0.00,0.0,0,0,0
3709848496,商品-抄作业成功-马年礼盒-送礼人群-日弘-26.2.4,被计划暂停,审核通过,通投,商品7日总支付ROI,笔记（商品组件）,695e0356000000001a01c77c,66f67e4c000000001d03127d,图文笔记,"6572791f75af9d000152ab9d,5dc273281601c550cc1eb763,657277e89cf6bb00014e39c2,6572771a9cf6bb00014e363c",商品-图文合集-马年礼盒-送礼人群-26.2.4,173488853,2026-02-04 10:34:55,0.00,0,0,0.0%,0.0,0.0,0,0.00,0.0,0,0,0.0,0,0,0.0,0,0.0,0,0.0,0,0.0,0,0.0,0,0.0,0,0.0,0,0.0,0,0.0,0,0.0,0.00,0.0,0,0,0
3693985834,商品-新年商务送礼指南-马年礼盒-送礼人群-日弘-26.2.2,暂停,审核通过,通投,商品7日总支付ROI,笔记（商品组件）,6964a0df000000001a02b492,66f67e4c000000001d03127d,视频笔记,"657273ea5c95510001d3288d,6572791f75af9d000152ab9d,657277e89cf6bb00014e39c2,6572771a9cf6bb00014e363c",商品-爆文合集1-马年礼盒-系统-26.2.2,173136837,2026-02-02 17:28:43,0.00,0,0,0.0%,0.0,0.0,0,0.00,0.0,0,0,0.0,0,0,0.0,0,0.0,0,0.0,0,0.0,0,0.0,0,0.0,0,0.0,0,0.0,0,0.0,0,0.0,0.00,0.0,0,0,0
3693985833,商品-精致有面-马年礼盒-送礼人群-新号-26.2.2,被计划暂停,审核通过,通投,商品7日总支付ROI,笔记（商品组件）,6971e83c000000002102a49d,66f67e4c000000001d03127d,视频笔记,"657273ea5c95510001d3288d,6572791f75af9d000152ab9d,657277e89cf6bb00014e39c2,6572771a9cf6bb00014e363c",商品-爆文合集1-马年礼盒-系统-26.2.2,173136837,2026-02-02 17:28:43,0.00,0,0,0.0%,0.0,0.0,0,0.00,0.0,0,0,0.0,0,0,0.0,0,0.0,0,0.0,0,0.0,0,0.0,0,0.0,0,0.0,0,0.0,0,0.0,0,0.0,0.00,0.0,0,0,0
3693985832,商品-送礼首选-马年礼盒-送礼人群-新号-26.2.2,暂停,审核通过,通投,商品7日总支付ROI,笔记（商品组件）,6960df74000000001a02df87,66f67e4c000000001d03127d,视频笔记,"657273ea5c95510001d3288d,6572791f75af9d000152ab9d,657277e89cf6bb00014e39c2,6572771a9cf6bb00014e363c",商品-爆文合集1-马年礼盒-系统-26.2.2,173136837,2026-02-02 17:28:43,0.00,0,0,0.0%,0.0,0.0,0,0.00,0.0,0,0,0.0,0,0,0.0,0,0.0,0,0.0,0,0.0,0,0.0,0,0.0,0,0.0,0,0.0,0,0.0,0,0.0,0.00,0.0,0,0,0
3693985831,商品-解锁婆媳关系-马年礼盒-送礼人群-日弘-26.2.2,暂停,审核通过,通投,商品7日总支付ROI,笔记（商品组件）,6969cf49000000001a0343cb,66f67e4c000000001d03127d,图文笔记,"657273ea5c95510001d3288d,6572791f75af9d000152ab9d,657277e89cf6bb00014e39c2,6572771a9cf6bb00014e363c",商品-爆文合集1-马年礼盒-系统-26.2.2,173136837,2026-02-02 17:28:43,0.00,0,0,0.0%,0.0,0.0,0,0.00,0.0,0,0,0.0,0,0,0.0,0,0.0,0,0.0,0,0.0,0,0.0,0,0.0,0,0.0,0,0.0,0,0.0,0,0.0,0.00,0.0,0,0,0
3693985830,商品-Miss Xu-马年礼盒-送礼人群-达人-26.2.2,被计划暂停,审核通过,通投,商品7日总支付ROI,笔记（商品组件）,69705529000000000903a4ca,56f80ef6aed758591f549b9c,视频笔记,"657273ea5c95510001d3288d,6572791f75af9d000152ab9d,657277e89cf6bb00014e39c2,6572771a9cf6bb00014e363c",商品-爆文合集1-马年礼盒-系统-26.2.2,173136837,2026-02-02 17:28:43,0.00,0,0,0.0%,0.0,0.0,0,0.00,0.0,0,0,0.0,0,0,0.0,0,0.0,0,0.0,0,0.0,0,0.0,0,0.0,0,0.0,0,0.0,0,0.0,0,0.0,0.00,0.0,0,0,0
3693985829,商品-杨杨🐑-马年礼盒-送礼人群-达人-26.2.2,被计划暂停,审核通过,通投,商品7日总支付ROI,笔记（商品组件）,6968cb67000000002203903c,5935459350c4b40384475304,图文笔记,"657273ea5c95510001d3288d,6572791f75af9d000152ab9d,657277e89cf6bb00014e39c2,6572771a9cf6bb00014e363c",商品-爆文合集1-马年礼盒-系统-26.2.2,173136837,2026-02-02 17:28:43,0.00,0,0,0.0%,0.0,0.0,0,0.00,0.0,0,0,0.0,0,0,0.0,0,0.0,0,0.0,0,0.0,0,0.0,0,0.0,0,0.0,0,0.0,0,0.0,0,0.0,0.00,0.0,0,0,0
3693985828,商品-黄凯XK-马年礼盒-送礼人群-达人-26.2.2,被计划暂停,审核通过,通投,商品7日总支付ROI,笔记（商品组件）,696b579b0000000022021840,627234ba0000000021021d20,视频笔记,"657273ea5c95510001d3288d,6572791f75af9d000152ab9d,657277e89cf6bb00014e39c2,6572771a9cf6bb00014e363c",商品-爆文合集1-马年礼盒-系统-26.2.2,173136837,2026-02-02 17:28:43,0.00,0,0,0.0%,0.0,0.0,0,0.00,0.0,0,0,0.0,0,0,0.0,0,0.0,0,0.0,0,0.0,0,0.0,0,0.0,0,0.0,0,0.0,0,0.0,0,0.0,0.00,0.0,0,0,0
3693985827,商品-恩崽妈-马年礼盒-送礼人群-达人-26.2.2,被计划暂停,审核通过,通投,商品7日总支付ROI,笔记（商品组件）,696f1b51000000000a028fd8,63353dec000000001802f0f6,视频笔记,"657273ea5c95510001d3288d,6572791f75af9d000152ab9d,657277e89cf6bb00014e39c2,6572771a9cf6bb00014e363c",商品-爆文合集1-马年礼盒-系统-26.2.2,173136837,2026-02-02 17:28:43,0.00,0,0,0.0%,0.0,0.0,0,0.00,0.0,0,0,0.0,0,0,0.0,0,0.0,0,0.0,0,0.0,0,0.0,0,0.0,0,0.0,0,0.0,0,0.0,0,0.0,0.00,0.0,0,0,0
3693985826,商品-董璇-马年礼盒-送礼人群-达人-26.2.2,暂停,审核通过,通投,商品7日总支付ROI,笔记（商品组件）,6971f0ea000000000b011992,56e22bab84edcd3a321cabd5,视频笔记,"657273ea5c95510001d3288d,6572791f75af9d000152ab9d,657277e89cf6bb00014e39c2,6572771a9cf6bb00014e363c",商品-爆文合集1-马年礼盒-系统-26.2.2,173136837,2026-02-02 17:28:43,0.00,0,0,0.0%,0.0,0.0,0,0.00,0.0,0,0,0.0,0,0,0.0,0,0.0,0,0.0,0,0.0,0,0.0,0,0.0,0,0.0,0,0.0,0,0.0,0,0.0,0.00,0.0,0,0,0
3693985825,商品-顶配礼盒-马年礼盒-送礼人群-新号-26.2.2,暂停,审核通过,通投,商品7日总支付ROI,笔记（商品组件）,6960db7d000000001a030709,66f67e4c000000001d03127d,视频笔记,"657273ea5c95510001d3288d,6572791f75af9d000152ab9d,657277e89cf6bb00014e39c2,6572771a9cf6bb00014e363c",商品-爆文合集1-马年礼盒-系统-26.2.2,173136837,2026-02-02 17:28:43,0.00,0,0,0.0%,0.0,0.0,0,0.00,0.0,0,0,0.0,0,0,0.0,0,0.0,0,0.0,0,0.0,0,0.0,0,0.0,0,0.0,0,0.0,0,0.0,0,0.0,0.00,0.0,0,0,0
3694188408,商品-燕窝也-合集款-行业兴趣人群-日弘-26.2.2,暂停,审核通过,通投,商品7日总支付ROI,笔记（商品组件）,672d88bf000000001d0385de,583691373460942ae8fc16bb,图文笔记,"6469daecdb9efc0001207e99,5c174c4846283910db893fd5,5badcb8246283915feab7570",商品-爆文合集-合集款-行业兴趣人群-日弘-26.2.2,173158081,2026-02-02 17:24:55,0.00,0,0,0.0%,0.0,0.0,0,0.00,0.0,0,0,0.0,0,0,0.0,0,0.0,0,0.0,0,0.0,0,0.0,0,0.0,0,0.0,0,0.0,0,0.0,0,0.0,0.00,0.0,0,0,0
3694188407,商品-燕窝新-合集款-行业兴趣人群-日弘-26.2.2,被计划暂停,审核通过,通投,商品7日总支付ROI,笔记（商品组件）,6735ba5f000000003c015663,583691373460942ae8fc16bb,图文笔记,"674969bfa7f7b300017224be,6469daecdb9efc0001207e99,5badcb8246283915feab7570",商品-爆文合集-合集款-行业兴趣人群-日弘-26.2.2,173158081,2026-02-02 17:24:55,0.00,0,0,0.0%,0.0,0.0,0,0.00,0.0,0,0,0.0,0,0,0.0,0,0.0,0,0.0,0,0.0,0,0.0,0,0.0,0,0.0,0,0.0,0,0.0,0,0.0,0.00,0.0,0,0,0
3694188406,商品-冤枉钱-合集款-行业兴趣人群-日弘-26.2.2,暂停,审核通过,通投,商品7日总支付ROI,笔记（商品组件）,684b88e4000000002100a26c,66f67e4c000000001d03127d,图文笔记,"6469daecdb9efc0001207e99,674969bfa7f7b300017224be,5badcb8246283915feab7570",商品-爆文合集-合集款-行业兴趣人群-日弘-26.2.2,173158081,2026-02-02 17:24:55,0.00,0,0,0.0%,0.0,0.0,0,0.00,0.0,0,0,0.0,0,0,0.0,0,0.0,0,0.0,0,0.0,0,0.0,0,0.0,0,0.0,0,0.0,0,0.0,0,0.0,0.00,0.0,0,0,0
3694188405,商品-小白选-合集款-行业兴趣人群-日弘-26.2.2,暂停,审核通过,通投,商品7日总支付ROI,笔记（商品组件）,67af0cf3000000002803797b,66f67e4c000000001d03127d,图文笔记,"674969bfa7f7b300017224be,6469daecdb9efc0001207e99,5badcb8246283915feab7570",商品-爆文合集-合集款-行业兴趣人群-日弘-26.2.2,173158081,2026-02-02 17:24:55,0.00,0,0,0.0%,0.0,0.0,0,0.00,0.0,0,0,0.0,0,0,0.0,0,0.0,0,0.0,0,0.0,0,0.0,0,0.0,0,0.0,0,0.0,0,0.0,0,0.0,0.00,0.0,0,0,0
3694084635,商品-白白胖胖-星光款-孕期人群-新号-26.2.2,有效,审核通过,通投,商品7日总支付ROI,笔记（商品组件）,68ef7968000000000301210f,66f67e4c000000001d03127d,视频笔记,687755254f80eb0001708800,商品-爆文合集-星光款-孕期人群-26.2.2,173136421,2026-02-02 17:21:41,0.00,0,0,0.0%,0.0,0.0,0,0.00,0.0,0,0,0.0,0,0,0.0,0,0.0,0,0.0,0,0.0,0,0.0,0,0.0,0,0.0,0,0.0,0,0.0,0,0.0,0.00,0.0,0,0,0
3694084634,商品-等了这么久-星光款-孕期人群-新号-26.2.2,有效,审核通过,通投,商品7日总支付ROI,笔记（商品组件）,68ef797200000000030380e0,66f67e4c000000001d03127d,视频笔记,687755254f80eb0001708800,商品-爆文合集-星光款-孕期人群-26.2.2,173136421,2026-02-02 17:21:41,0.24,4,0,0.0%,0.0,60.0,0,0.00,0.0,0,0,0.0,0,0,0.0,0,0.0,0,0.0,0,0.0,0.0,0.0,0,0.0,0.0,0.0,0,0.0,0.0,0.0,0,0.0,0.00,0.0,0,0,0.0
3694084633,商品-宝妈亲测-星光款-孕期人群-日弘-26.2.2-视频组,暂停,审核通过,通投,商品7日总支付ROI,笔记（商品组件）,68ede2560000000004028b00,66f67e4c000000001d03127d,视频笔记,687755254f80eb0001708800,商品-爆文合集-星光款-孕期人群-26.2.2,173136421,2026-02-02 17:21:41,0.00,0,0,0.0%,0.0,0.0,0,0.00,0.0,0,0,0.0,0,0,0.0,0,0.0,0,0.0,0,0.0,0,0.0,0,0.0,0,0.0,0,0.0,0,0.0,0,0.0,0.00,0.0,0,0,0
3694084632,商品-主持人柴猫礼-星光款-孕期人群-达人-26.2.2,暂停,审核通过,通投,商品7日总支付ROI,笔记（商品组件）,694509e3000000001e034b3e,5c2f5b6300000000070279d3,视频笔记,687755254f80eb0001708800,商品-爆文合集-星光款-孕期人群-26.2.2,173136421,2026-02-02 17:21:41,0.00,0,0,0.0%,0.0,0.0,0,0.00,0.0,0,0,0.0,0,0,0.0,0,0.0,0,0.0,0,0.0,0,0.0,0,0.0,0,0.0,0,0.0,0,0.0,0,0.0,0.00,0.0,0,0,0
3694084631,商品-云卷云舒_转载-星光款-孕期人群-官号-26.2.2,暂停,审核通过,通投,商品7日总支付ROI,笔记（商品组件）,68f9d0c70000000004016341,583691373460942ae8fc16bb,视频笔记,687755254f80eb0001708800,商品-爆文合集-星光款-孕期人群-26.2.2,173136421,2026-02-02 17:21:41,0.00,0,0,0.0%,0.0,0.0,0,0.00,0.0,0,0,0.0,0,0,0.0,0,0.0,0,0.0,0,0.0,0,0.0,0,0.0,0,0.0,0,0.0,0,0.0,0,0.0,0.00,0.0,0,0,0
3694084630,商品-葛子妮Nini-星光款-孕期人群-达人-26.2.2,暂停,审核通过,通投,商品7日总支付ROI,笔记（商品组件）,6912ca5c0000000004017d53,556b0fdfc2bdeb414a27803f,视频笔记,687755254f80eb0001708800,商品-爆文合集-星光款-孕期人群-26.2.2,173136421,2026-02-02 17:21:41,0.00,0,0,0.0%,0.0,0.0,0,0.00,0.0,0,0,0.0,0,0,0.0,0,0.0,0,0.0,0,0.0,0,0.0,0,0.0,0,0.0,0,0.0,0,0.0,0,0.0,0.00,0.0,0,0,0
3694084629,商品-sukrys_雪子-星光款-孕期人群-达人-26.2.2,暂停,审核通过,通投,商品7日总支付ROI,笔记（商品组件）,691574ec000000000700a003,565876d682718c527ecad930,视频笔记,"687755254f80eb0001708800,6877576e9e83740001364bdb,687756e74f80eb000170b9f6,68930dd7eab7930001a7ae11",商品-爆文合集-星光款-孕期人群-26.2.2,173136421,2026-02-02 17:21:41,0.00,0,0,0.0%,0.0,0.0,0,0.00,0.0,0,0,0.0,0,0,0.0,0,0.0,0,0.0,0,0.0,0,0.0,0,0.0,0,0.0,0,0.0,0,0.0,0,0.0,0.00,0.0,0,0,0
3693869441,商品-白白胖胖-星光款-行业兴趣人群-新号-26.2.2,被计划暂停,审核通过,通投,商品7日总支付ROI,笔记（商品组件）,68ef7968000000000301210f,66f67e4c000000001d03127d,视频笔记,687755254f80eb0001708800,商品-爆文合集-星光款-行业兴趣人群-26.2.2,173157776,2026-02-02 17:19:22,0.00,0,0,0.0%,0.0,0.0,0,0.00,0.0,0,0,0.0,0,0,0.0,0,0.0,0,0.0,0,0.0,0,0.0,0,0.0,0,0.0,0,0.0,0,0.0,0,0.0,0.00,0.0,0,0,0
3693869440,商品-等了这么久-星光款-行业兴趣人群-新号-26.2.2,暂停,审核通过,通投,商品7日总支付ROI,笔记（商品组件）,68ef797200000000030380e0,66f67e4c000000001d03127d,视频笔记,687755254f80eb0001708800,商品-爆文合集-星光款-行业兴趣人群-26.2.2,173157776,2026-02-02 17:19:22,0.00,0,0,0.0%,0.0,0.0,0,0.00,0.0,0,0,0.0,0,0,0.0,0,0.0,0,0.0,0,0.0,0,0.0,0,0.0,0,0.0,0,0.0,0,0.0,0,0.0,0.00,0.0,0,0,0
3693869439,商品-宝妈亲测-星光款-行业兴趣人群-日弘-26.2.2-视频组,被计划暂停,审核通过,通投,商品7日总支付ROI,笔记（商品组件）,68ede2560000000004028b00,66f67e4c000000001d03127d,视频笔记,687755254f80eb0001708800,商品-爆文合集-星光款-行业兴趣人群-26.2.2,173157776,2026-02-02 17:19:22,0.00,0,0,0.0%,0.0,0.0,0,0.00,0.0,0,0,0.0,0,0,0.0,0,0.0,0,0.0,0,0.0,0,0.0,0,0.0,0,0.0,0,0.0,0,0.0,0,0.0,0.00,0.0,0,0,0
3693869438,商品-主持人柴猫礼-星光款-行业兴趣人群-达人-26.2.2,被计划暂停,审核通过,通投,商品7日总支付ROI,笔记（商品组件）,694509e3000000001e034b3e,5c2f5b6300000000070279d3,视频笔记,687755254f80eb0001708800,商品-爆文合集-星光款-行业兴趣人群-26.2.2,173157776,2026-02-02 17:19:22,0.00,0,0,0.0%,0.0,0.0,0,0.00,0.0,0,0,0.0,0,0,0.0,0,0.0,0,0.0,0,0.0,0,0.0,0,0.0,0,0.0,0,0.0,0,0.0,0,0.0,0.00,0.0,0,0,0
3693869437,商品-云卷云舒_转载-星光款-行业兴趣人群-官号-26.2.2,被计划暂停,审核通过,通投,商品7日总支付ROI,笔记（商品组件）,68f9d0c70000000004016341,583691373460942ae8fc16bb,视频笔记,687755254f80eb0001708800,商品-爆文合集-星光款-行业兴趣人群-26.2.2,173157776,2026-02-02 17:19:22,0.00,0,0,0.0%,0.0,0.0,0,0.00,0.0,0,0,0.0,0,0,0.0,0,0.0,0,0.0,0,0.0,0,0.0,0,0.0,0,0.0,0,0.0,0,0.0,0,0.0,0.00,0.0,0,0,0
3693869436,商品-葛子妮Nini-星光款-行业兴趣人群-达人-26.2.2,被计划暂停,审核通过,通投,商品7日总支付ROI,笔记（商品组件）,6912ca5c0000000004017d53,556b0fdfc2bdeb414a27803f,视频笔记,687755254f80eb0001708800,商品-爆文合集-星光款-行业兴趣人群-26.2.2,173157776,2026-02-02 17:19:22,0.00,0,0,0.0%,0.0,0.0,0,0.00,0.0,0,0,0.0,0,0,0.0,0,0.0,0,0.0,0,0.0,0,0.0,0,0.0,0,0.0,0,0.0,0,0.0,0,0.0,0.00,0.0,0,0,0
3693869435,商品-sukrys_雪子-星光款-行业兴趣人群-达人-26.2.2,暂停,审核通过,通投,商品7日总支付ROI,笔记（商品组件）,691574ec000000000700a003,565876d682718c527ecad930,视频笔记,"687755254f80eb0001708800,6877576e9e83740001364bdb,687756e74f80eb000170b9f6,68930dd7eab7930001a7ae11",商品-爆文合集-星光款-行业兴趣人群-26.2.2,173157776,2026-02-02 17:19:22,0.00,0,0,0.0%,0.0,0.0,0,0.00,0.0,0,0,0.0,0,0,0.0,0,0.0,0,0.0,0,0.0,0,0.0,0,0.0,0,0.0,0,0.0,0,0.0,0,0.0,0.00,0.0,0,0,0
3693171152,商品-新年商务送礼指南-马年礼盒-系统-日弘-26.2.2,被计划暂停,审核通过,通投,商品7日总支付ROI,笔记（商品组件）,6964a0df000000001a02b492,66f67e4c000000001d03127d,视频笔记,"657273ea5c95510001d3288d,6572791f75af9d000152ab9d,657277e89cf6bb00014e39c2,6572771a9cf6bb00014e363c",商品-爆文合集-马年礼盒-系统-26.2.2,173122638,2026-02-02 15:38:13,0.00,0,0,0.0%,0.0,0.0,0,0.00,0.0,0,0,0.0,0,0,0.0,0,0.0,0,0.0,0,0.0,0,0.0,0,0.0,0,0.0,0,0.0,0,0.0,0,0.0,0.00,0.0,0,0,0
3693171151,商品-精致有面-马年礼盒-系统-新号-26.2.2,被计划暂停,审核通过,通投,商品7日总支付ROI,笔记（商品组件）,6971e83c000000002102a49d,66f67e4c000000001d03127d,视频笔记,"657273ea5c95510001d3288d,6572791f75af9d000152ab9d,657277e89cf6bb00014e39c2,6572771a9cf6bb00014e363c",商品-爆文合集-马年礼盒-系统-26.2.2,173122638,2026-02-02 15:38:13,0.00,0,0,0.0%,0.0,0.0,0,0.00,0.0,0,0,0.0,0,0,0.0,0,0.0,0,0.0,0,0.0,0,0.0,0,0.0,0,0.0,0,0.0,0,0.0,0,0.0,0.00,0.0,0,0,0
3693171150,商品-送礼首选-马年礼盒-系统-新号-26.2.2,被计划暂停,审核通过,通投,商品7日总支付ROI,笔记（商品组件）,6960df74000000001a02df87,66f67e4c000000001d03127d,视频笔记,"657273ea5c95510001d3288d,6572791f75af9d000152ab9d,657277e89cf6bb00014e39c2,6572771a9cf6bb00014e363c",商品-爆文合集-马年礼盒-系统-26.2.2,173122638,2026-02-02 15:38:13,0.00,0,0,0.0%,0.0,0.0,0,0.00,0.0,0,0,0.0,0,0,0.0,0,0.0,0,0.0,0,0.0,0,0.0,0,0.0,0,0.0,0,0.0,0,0.0,0,0.0,0.00,0.0,0,0,0
3693171149,商品-解锁婆媳关系-马年礼盒-系统-日弘-26.2.2,被计划暂停,审核通过,通投,商品7日总支付ROI,笔记（商品组件）,6969cf49000000001a0343cb,66f67e4c000000001d03127d,图文笔记,"657273ea5c95510001d3288d,6572791f75af9d000152ab9d,657277e89cf6bb00014e39c2,6572771a9cf6bb00014e363c",商品-爆文合集-马年礼盒-系统-26.2.2,173122638,2026-02-02 15:38:13,0.00,0,0,0.0%,0.0,0.0,0,0.00,0.0,0,0,0.0,0,0,0.0,0,0.0,0,0.0,0,0.0,0,0.0,0,0.0,0,0.0,0,0.0,0,0.0,0,0.0,0.00,0.0,0,0,0
3693171148,商品-Miss Xu-马年礼盒-系统-达人-26.2.2,被计划暂停,审核通过,通投,商品7日总支付ROI,笔记（商品组件）,69705529000000000903a4ca,56f80ef6aed758591f549b9c,视频笔记,"657273ea5c95510001d3288d,6572791f75af9d000152ab9d,657277e89cf6bb00014e39c2,6572771a9cf6bb00014e363c",商品-爆文合集-马年礼盒-系统-26.2.2,173122638,2026-02-02 15:38:13,0.00,0,0,0.0%,0.0,0.0,0,0.00,0.0,0,0,0.0,0,0,0.0,0,0.0,0,0.0,0,0.0,0,0.0,0,0.0,0,0.0,0,0.0,0,0.0,0,0.0,0.00,0.0,0,0,0
3693171147,商品-杨杨🐑-马年礼盒-系统-达人-26.2.2,被计划暂停,审核通过,通投,商品7日总支付ROI,笔记（商品组件）,6968cb67000000002203903c,5935459350c4b40384475304,图文笔记,"657273ea5c95510001d3288d,6572791f75af9d000152ab9d,657277e89cf6bb00014e39c2,6572771a9cf6bb00014e363c",商品-爆文合集-马年礼盒-系统-26.2.2,173122638,2026-02-02 15:38:13,0.00,0,0,0.0%,0.0,0.0,0,0.00,0.0,0,0,0.0,0,0,0.0,0,0.0,0,0.0,0,0.0,0,0.0,0,0.0,0,0.0,0,0.0,0,0.0,0,0.0,0.00,0.0,0,0,0
3693171146,商品-黄凯XK-马年礼盒-系统-达人-26.2.2,被计划暂停,审核通过,通投,商品7日总支付ROI,笔记（商品组件）,696b579b0000000022021840,627234ba0000000021021d20,视频笔记,"657273ea5c95510001d3288d,6572791f75af9d000152ab9d,657277e89cf6bb00014e39c2,6572771a9cf6bb00014e363c",商品-爆文合集-马年礼盒-系统-26.2.2,173122638,2026-02-02 15:38:13,0.00,0,0,0.0%,0.0,0.0,0,0.00,0.0,0,0,0.0,0,0,0.0,0,0.0,0,0.0,0,0.0,0,0.0,0,0.0,0,0.0,0,0.0,0,0.0,0,0.0,0.00,0.0,0,0,0
3693171145,商品-恩崽妈-马年礼盒-系统-达人-26.2.2,暂停,审核通过,通投,商品7日总支付ROI,笔记（商品组件）,696f1b51000000000a028fd8,63353dec000000001802f0f6,视频笔记,"657273ea5c95510001d3288d,6572791f75af9d000152ab9d,657277e89cf6bb00014e39c2,6572771a9cf6bb00014e363c",商品-爆文合集-马年礼盒-系统-26.2.2,173122638,2026-02-02 15:38:13,0.00,0,0,0.0%,0.0,0.0,0,0.00,0.0,0,0,0.0,0,0,0.0,0,0.0,0,0.0,0,0.0,0,0.0,0,0.0,0,0.0,0,0.0,0,0.0,0,0.0,0.00,0.0,0,0,0
3693171144,商品-董璇-马年礼盒-系统-达人-26.2.2,被计划暂停,审核通过,通投,商品7日总支付ROI,笔记（商品组件）,6971f0ea000000000b011992,56e22bab84edcd3a321cabd5,视频笔记,"657273ea5c95510001d3288d,6572791f75af9d000152ab9d,657277e89cf6bb00014e39c2,6572771a9cf6bb00014e363c",商品-爆文合集-马年礼盒-系统-26.2.2,173122638,2026-02-02 15:38:13,0.00,0,0,0.0%,0.0,0.0,0,0.00,0.0,0,0,0.0,0,0,0.0,0,0.0,0,0.0,0,0.0,0,0.0,0,0.0,0,0.0,0,0.0,0,0.0,0,0.0,0.00,0.0,0,0,0
3693171143,商品-顶配礼盒-马年礼盒-系统-新号-26.2.2,被计划暂停,审核通过,通投,商品7日总支付ROI,笔记（商品组件）,6960db7d000000001a030709,66f67e4c000000001d03127d,视频笔记,"657273ea5c95510001d3288d,6572791f75af9d000152ab9d,657277e89cf6bb00014e39c2,6572771a9cf6bb00014e363c",商品-爆文合集-马年礼盒-系统-26.2.2,173122638,2026-02-02 15:38:13,0.00,0,0,0.0%,0.0,0.0,0,0.00,0.0,0,0,0.0,0,0,0.0,0,0.0,0,0.0,0,0.0,0,0.0,0,0.0,0,0.0,0,0.0,0,0.0,0,0.0,0.00,0.0,0,0,0
3668816446,商品-聪明孕-青春款-品牌&行业兴趣人群-日弘-26.1.30,被计划暂停,审核通过,通投,商品7日总支付ROI,笔记（商品组件）,66714c48000000001d0161ee,583691373460942ae8fc16bb,图文笔记,"687753efebefca0001245a52,687755e49e837400013625c9,68930cc18fe347000133c693",商品-爆文合集-青春款-品牌&行业兴趣人群-26.1.30,172720001,2026-01-30 17:48:23,0.00,0,0,0.0%,0.0,0.0,0,0.00,0.0,0,0,0.0,0,0,0.0,0,0.0,0,0.0,0,0.0,0,0.0,0,0.0,0,0.0,0,0.0,0,0.0,0,0.0,0.00,0.0,0,0,0
3668816445,商品-饱满肌-青春款-品牌&行业兴趣人群-日弘-26.1.30,暂停,审核通过,通投,商品7日总支付ROI,笔记（商品组件）,686f734e000000002400bf48,66f67e4c000000001d03127d,图文笔记,"687753efebefca0001245a52,687755e49e837400013625c9,68930cc18fe347000133c693",商品-爆文合集-青春款-品牌&行业兴趣人群-26.1.30,172720001,2026-01-30 17:48:23,0.00,0,0,0.0%,0.0,0.0,0,0.00,0.0,0,0,0.0,0,0,0.0,0,0.0,0,0.0,0,0.0,0,0.0,0,0.0,0,0.0,0,0.0,0,0.0,0,0.0,0.00,0.0,0,0,0
3668816444,商品-素颜自由-青春款-品牌&行业兴趣人群-新号-26.1.30,被计划暂停,审核通过,通投,商品7日总支付ROI,笔记（商品组件）,68fb4ac9000000000301fef0,66f67e4c000000001d03127d,图文笔记,"687753efebefca0001245a52,687755e49e837400013625c9,68930cc18fe347000133c693",商品-爆文合集-青春款-品牌&行业兴趣人群-26.1.30,172720001,2026-01-30 17:48:23,0.00,0,0,0.0%,0.0,0.0,0,0.00,0.0,0,0,0.0,0,0,0.0,0,0.0,0,0.0,0,0.0,0,0.0,0,0.0,0,0.0,0,0.0,0,0.0,0,0.0,0.00,0.0,0,0,0
3668257778,商品-白白胖胖-星光款-品牌&行业兴趣人群-新号-26.1.30,被计划暂停,审核通过,通投,商品7日总支付ROI,笔记（商品组件）,68ef7968000000000301210f,66f67e4c000000001d03127d,视频笔记,"687755254f80eb0001708800,6877576e9e83740001364bdb,687756e74f80eb000170b9f6,68930dd7eab7930001a7ae11",商品-爆文合集-星光款-品牌&行业兴趣人群-26.1.30,172707578,2026-01-30 17:23:30,0.00,0,0,0.0%,0.0,0.0,0,0.00,0.0,0,0,0.0,0,0,0.0,0,0.0,0,0.0,0,0.0,0,0.0,0,0.0,0,0.0,0,0.0,0,0.0,0,0.0,0.00,0.0,0,0,0
3668257777,商品-等了这么久-星光款-品牌&行业兴趣人群-新号-26.1.30,暂停,审核通过,通投,商品7日总支付ROI,笔记（商品组件）,68ef797200000000030380e0,66f67e4c000000001d03127d,视频笔记,"687755254f80eb0001708800,6877576e9e83740001364bdb,687756e74f80eb000170b9f6,68930dd7eab7930001a7ae11",商品-爆文合集-星光款-品牌&行业兴趣人群-26.1.30,172707578,2026-01-30 17:23:30,0.00,0,0,0.0%,0.0,0.0,0,0.00,0.0,0,0,0.0,0,0,0.0,0,0.0,0,0.0,0,0.0,0,0.0,0,0.0,0,0.0,0,0.0,0,0.0,0,0.0,0.00,0.0,0,0,0
3668257776,商品-宝妈亲测-星光款-品牌&行业兴趣人群-日弘-26.1.30-视频组,暂停,审核通过,通投,商品7日总支付ROI,笔记（商品组件）,68ede2560000000004028b00,66f67e4c000000001d03127d,视频笔记,"687755254f80eb0001708800,6877576e9e83740001364bdb,687756e74f80eb000170b9f6,68930dd7eab7930001a7ae11",商品-爆文合集-星光款-品牌&行业兴趣人群-26.1.30,172707578,2026-01-30 17:23:30,0.00,0,0,0.0%,0.0,0.0,0,0.00,0.0,0,0,0.0,0,0,0.0,0,0.0,0,0.0,0,0.0,0,0.0,0,0.0,0,0.0,0,0.0,0,0.0,0,0.0,0.00,0.0,0,0,0
3668257775,商品-主持人柴猫礼-星光款-品牌&行业兴趣人群-达人-26.1.30,暂停,审核通过,通投,商品7日总支付ROI,笔记（商品组件）,694509e3000000001e034b3e,5c2f5b6300000000070279d3,视频笔记,"687755254f80eb0001708800,6877576e9e83740001364bdb,687756e74f80eb000170b9f6,68930dd7eab7930001a7ae11",商品-爆文合集-星光款-品牌&行业兴趣人群-26.1.30,172707578,2026-01-30 17:23:30,0.00,0,0,0.0%,0.0,0.0,0,0.00,0.0,0,0,0.0,0,0,0.0,0,0.0,0,0.0,0,0.0,0,0.0,0,0.0,0,0.0,0,0.0,0,0.0,0,0.0,0.00,0.0,0,0,0
3668257774,商品-云卷云舒_转载-星光款-品牌&行业兴趣人群-官号-26.1.30,暂停,审核通过,通投,商品7日总支付ROI,笔记（商品组件）,68f9d0c70000000004016341,583691373460942ae8fc16bb,视频笔记,"687755254f80eb0001708800,6877576e9e83740001364bdb,687756e74f80eb000170b9f6,68930dd7eab7930001a7ae11",商品-爆文合集-星光款-品牌&行业兴趣人群-26.1.30,172707578,2026-01-30 17:23:30,0.00,0,0,0.0%,0.0,0.0,0,0.00,0.0,0,0,0.0,0,0,0.0,0,0.0,0,0.0,0,0.0,0,0.0,0,0.0,0,0.0,0,0.0,0,0.0,0,0.0,0.00,0.0,0,0,0
3668257773,商品-葛子妮Nini-星光款-品牌&行业兴趣人群-达人-26.1.30,暂停,审核通过,通投,商品7日总支付ROI,笔记（商品组件）,6912ca5c0000000004017d53,556b0fdfc2bdeb414a27803f,视频笔记,"687755254f80eb0001708800,6877576e9e83740001364bdb,687756e74f80eb000170b9f6,68930dd7eab7930001a7ae11",商品-爆文合集-星光款-品牌&行业兴趣人群-26.1.30,172707578,2026-01-30 17:23:30,0.00,0,0,0.0%,0.0,0.0,0,0.00,0.0,0,0,0.0,0,0,0.0,0,0.0,0,0.0,0,0.0,0,0.0,0,0.0,0,0.0,0,0.0,0,0.0,0,0.0,0.00,0.0,0,0,0
3668257772,商品-sukrys_雪子-星光款-品牌&行业兴趣人群-达人-26.1.30,暂停,审核通过,通投,商品7日总支付ROI,笔记（商品组件）,691574ec000000000700a003,565876d682718c527ecad930,视频笔记,"687755254f80eb0001708800,6877576e9e83740001364bdb,687756e74f80eb000170b9f6,68930dd7eab7930001a7ae11",商品-爆文合集-星光款-品牌&行业兴趣人群-26.1.30,172707578,2026-01-30 17:23:30,0.00,0,0,0.0%,0.0,0.0,0,0.00,0.0,0,0,0.0,0,0,0.0,0,0.0,0,0.0,0,0.0,0,0.0,0,0.0,0,0.0,0,0.0,0,0.0,0,0.0,0.00,0.0,0,0,0
3667714195,商品-燕窝也-合集款-品牌&行业兴趣人群-日弘-26.1.30,被计划暂停,审核通过,通投,商品7日总支付ROI,笔记（商品组件）,672d88bf000000001d0385de,583691373460942ae8fc16bb,图文笔记,"6469daecdb9efc0001207e99,5c174c4846283910db893fd5,5badcb8246283915feab7570",商品-爆文合集-合集款-品牌&行业兴趣人群-日弘-26.1.30,172685755,2026-01-30 16:34:10,0.00,0,0,0.0%,0.0,0.0,0,0.00,0.0,0,0,0.0,0,0,0.0,0,0.0,0,0.0,0,0.0,0,0.0,0,0.0,0,0.0,0,0.0,0,0.0,0,0.0,0.00,0.0,0,0,0
3667714194,商品-燕窝新-合集款-品牌&行业兴趣人群-日弘-26.1.30,暂停,审核通过,通投,商品7日总支付ROI,笔记（商品组件）,6735ba5f000000003c015663,583691373460942ae8fc16bb,图文笔记,"674969bfa7f7b300017224be,6469daecdb9efc0001207e99,5badcb8246283915feab7570",商品-爆文合集-合集款-品牌&行业兴趣人群-日弘-26.1.30,172685755,2026-01-30 16:34:10,0.00,0,0,0.0%,0.0,0.0,0,0.00,0.0,0,0,0.0,0,0,0.0,0,0.0,0,0.0,0,0.0,0,0.0,0,0.0,0,0.0,0,0.0,0,0.0,0,0.0,0.00,0.0,0,0,0
3667714193,商品-冤枉钱-合集款-品牌&行业兴趣人群-日弘-26.1.30,暂停,审核通过,通投,商品7日总支付ROI,笔记（商品组件）,684b88e4000000002100a26c,66f67e4c000000001d03127d,图文笔记,"6469daecdb9efc0001207e99,674969bfa7f7b300017224be,5badcb8246283915feab7570",商品-爆文合集-合集款-品牌&行业兴趣人群-日弘-26.1.30,172685755,2026-01-30 16:34:10,0.00,0,0,0.0%,0.0,0.0,0,0.00,0.0,0,0,0.0,0,0,0.0,0,0.0,0,0.0,0,0.0,0,0.0,0,0.0,0,0.0,0,0.0,0,0.0,0,0.0,0.00,0.0,0,0,0
3667714192,商品-小白选-合集款-品牌&行业兴趣人群-日弘-26.1.30,被计划暂停,审核通过,通投,商品7日总支付ROI,笔记（商品组件）,67af0cf3000000002803797b,66f67e4c000000001d03127d,图文笔记,"674969bfa7f7b300017224be,6469daecdb9efc0001207e99,5badcb8246283915feab7570",商品-爆文合集-合集款-品牌&行业兴趣人群-日弘-26.1.30,172685755,2026-01-30 16:34:10,0.00,0,0,0.0%,0.0,0.0,0,0.00,0.0,0,0,0.0,0,0,0.0,0,0.0,0,0.0,0,0.0,0,0.0,0,0.0,0,0.0,0,0.0,0,0.0,0,0.0,0.00,0.0,0,0,0
901937963,通投-小晴的plog日记-青春款-高级定向-达人-25.1.13-乘风直播间,被计划暂停,不满足审核条件,通投,商品7日总下单ROI,笔记（商品组件）,66fab279000000001902cc95,60ea1b7f0000000001009258,图文笔记,5c174c4846283910db893fd5,通投-小晴的plog日记-青春款-高级定向-达人-25.1.13-乘风直播间,97591052,2025-01-13 14:02:06,0.00,0,0,0.0%,0.0,0.0,0,0.00,0.0,0,0,0.0,0,0,0.0,0,0.0,0,0.0,0,0.0,0,0.0,0,0.0,0,0.0,0,0.0,0,0.0,0,0.0,0.00,0.0,0,0,0
669507292,通投-吃对燕-钻石碗50g-托管-日弘-视觉营销视频-24.11.4-乘风商销,被计划暂停,审核通过,通投,商品7日总下单ROI,笔记（商品组件）,672475c4000000003c01b0f0,583691373460942ae8fc16bb,视频笔记,5badcb8246283915feab7570,通投-吃对燕-钻石碗50g-托管-日弘-视觉营销视频-24.11.4-乘风商销,87153536,2024-11-04 08:50:21,0.00,0,0,0.0%,0.0,0.0,0,0.00,0.0,0,0,0.0,0,0,0.0,0,0.0,0,0.0,0,0.0,0,0.0,0,0.0,0,0.0,0,0.0,0,0.0,0,0.0,0.00,0.0,0,0,0
663607315,通投-气色差-星光款-高级定向-日弘-24.11.1-乘风商销,被计划暂停,审核通过,通投,商品7日总下单ROI,笔记（商品组件）,672335bd000000003c016ce3,583691373460942ae8fc16bb,图文笔记,5880416eab3eb404b8f40853,通投-气色差-星光款-高级定向-日弘-24.11.1-乘风商销,86836638,2024-11-01 13:44:17,0.00,0,0,0.0%,0.0,0.0,0,0.00,0.0,0,0,0.0,0,0,0.0,0,0.0,0,0.0,0,0.0,0,0.0,0,0.0,0,0.0,0,0.0,0,0.0,0,0.0,0.00,0.0,0,0,0
663662898,通投-贵妇圈-星光款-高级定向-日弘-24.11.1-乘风商销,被计划暂停,审核通过,通投,商品7日总下单ROI,笔记（商品组件）,66f4cdac000000002a034f89,583691373460942ae8fc16bb,图文笔记,5c09e20ed1d7ea5c745bea1d,通投-贵妇圈-星光款-高级定向-日弘-24.11.1-乘风商销,86836504,2024-11-01 13:38:55,0.00,0,0,0.0%,0.0,0.0,0,0.00,0.0,0,0,0.0,0,0,0.0,0,0.0,0,0.0,0,0.0,0,0.0,0,0.0,0,0.0,0,0.0,0,0.0,0,0.0,0.00,0.0,0,0,0
662901313,通投-状态回-钻石碗50g-托管-日弘-视觉营销视频-24.11.1-乘风商销,被计划暂停,审核通过,通投,商品7日总下单ROI,笔记（商品组件）,6722e07e000000003c01a426,583691373460942ae8fc16bb,视频笔记,5badcb8246283915feab7570,通投-状态回-钻石碗50g-托管-日弘-视觉营销视频-24.11.1-乘风商销,86800279,2024-11-01 10:03:09,0.00,0,0,0.0%,0.0,0.0,0,0.00,0.0,0,0,0.0,0,0,0.0,0,0.0,0,0.0,0,0.0,0,0.0,0,0.0,0,0.0,0,0.0,0,0.0,0,0.0,0.00,0.0,0,0,0
662958896,通投-心语呀-钻石碗50g-托管-达人视频-24.11.1-乘风商销,被计划暂停,审核通过,通投,商品7日总下单ROI,笔记（商品组件）,671a20a0000000001b03c67c,604ae027000000000101d84d,视频笔记,5badcb8246283915feab7570,通投-心语呀-钻石碗50g-托管-达人视频-24.11.1-乘风商销,86777311,2024-11-01 10:02:39,0.00,0,0,0.0%,0.0,0.0,0,0.00,0.0,0,0,0.0,0,0,0.0,0,0.0,0,0.0,0,0.0,0,0.0,0,0.0,0,0.0,0,0.0,0,0.0,0,0.0,0.00,0.0,0,0,0
662958569,通投-可可要努力99-钻石碗50g-托管-达人-24.11.1-乘风商销,被计划暂停,审核通过,通投,商品7日总下单ROI,笔记（商品组件）,671753cc000000001b02ca77,5c049ccc0000000007016b4e,图文笔记,5badcb8246283915feab7570,通投-可可要努力99-钻石碗50g-托管-达人-24.11.1-乘风商销,86783254,2024-11-01 10:01:55,0.00,0,0,0.0%,0.0,0.0,0,0.00,0.0,0,0,0.0,0,0,0.0,0,0.0,0,0.0,0,0.0,0,0.0,0,0.0,0,0.0,0,0.0,0,0.0,0,0.0,0.00,0.0,0,0,0
662957471,通投-不玩虚-钻石碗50g-托管-日弘-视觉营销视频-24.11.1-乘风商销,被计划暂停,审核通过,通投,商品7日总下单ROI,笔记（商品组件）,6722e103000000001d038c1a,583691373460942ae8fc16bb,视频笔记,5badcb8246283915feab7570,通投-不玩虚-钻石碗50g-托管-日弘-视觉营销视频-24.11.1-乘风商销,86788782,2024-11-01 10:00:25,0.00,0,0,0.0%,0.0,0.0,0,0.00,0.0,0,0,0.0,0,0,0.0,0,0.0,0,0.0,0,0.0,0,0.0,0,0.0,0,0.0,0,0.0,0,0.0,0,0.0,0.00,0.0,0,0,0
662698274,通投-孕期营-星光款-托管-日弘-24.11.1-乘风商销,被计划暂停,审核通过,通投,商品7日总下单ROI,笔记（商品组件）,6721ff08000000003c015a5c,583691373460942ae8fc16bb,图文笔记,5880416eab3eb404b8f40853,通投-孕期营-星光款-托管-日弘-24.11.1-乘风商销,86798642,2024-11-01 08:55:47,0.00,0,0,0.0%,0.0,0.0,0,0.00,0.0,0,0,0.0,0,0,0.0,0,0.0,0,0.0,0,0.0,0,0.0,0,0.0,0,0.0,0,0.0,0,0.0,0,0.0,0.00,0.0,0,0,0
660357796,通投-看着一-星光款-托管-日弘转载-24.10.31-乘风商销,被计划暂停,审核通过,通投,商品7日总下单ROI,笔记（商品组件）,672034c3000000003c018c4a,583691373460942ae8fc16bb,图文笔记,5c09e20ed1d7ea5c745bea1d,通投-看着一-星光款-托管-日弘转载-24.10.31-乘风商销,86636834,2024-10-31 10:21:34,0.00,0,0,0.0%,0.0,0.0,0,0.00,0.0,0,0,0.0,0,0,0.0,0,0.0,0,0.0,0,0.0,0,0.0,0,0.0,0,0.0,0,0.0,0,0.0,0,0.0,0.00,0.0,0,0,0
660414251,通投-恩崽妈咪-星光款-托管-达人视频-24.10.31-乘风商销,被计划暂停,审核通过,通投,商品7日总下单ROI,笔记（商品组件）,67209609000000001b02ce52,63353dec000000001802f0f6,视频笔记,5c09e20ed1d7ea5c745bea1d,通投-恩崽妈咪-星光款-托管-达人视频-24.10.31-乘风商销,86636729,2024-10-31 10:18:22,0.00,0,0,0.0%,0.0,0.0,0,0.00,0.0,0,0,0.0,0,0,0.0,0,0.0,0,0.0,0,0.0,0,0.0,0,0.0,0,0.0,0,0.0,0,0.0,0,0.0,0.00,0.0,0,0,0
660294381,通投-Kefira-星光款-托管-达人视频-24.10.31-乘风商销,被计划暂停,审核通过,通投,商品7日总下单ROI,笔记（商品组件）,6711c8e00000000016022ab0,5a83dacee8ac2b0b1a9d2f63,视频笔记,5c09e20ed1d7ea5c745bea1d,通投-Kefira-星光款-托管-达人视频-24.10.31-乘风商销,86617995,2024-10-31 10:14:28,0.00,0,0,0.0%,0.0,0.0,0,0.00,0.0,0,0,0.0,0,0,0.0,0,0.0,0,0.0,0,0.0,0,0.0,0,0.0,0,0.0,0,0.0,0,0.0,0,0.0,0.00,0.0,0,0,0
658097322,通投-太夸张-星光款-托管-日弘-24.10.30优化-乘风商销,被计划暂停,审核拒绝,通投,商品7日总下单ROI,笔记（商品组件）,66e2c31c0000000026032cab,583691373460942ae8fc16bb,图文笔记,5c09e20ed1d7ea5c745bea1d,通投-太夸张-星光款-托管-日弘-24.10.30优化-乘风商销,86490664,2024-10-30 14:17:21,0.00,0,0,0.0%,0.0,0.0,0,0.00,0.0,0,0,0.0,0,0,0.0,0,0.0,0,0.0,0,0.0,0,0.0,0,0.0,0,0.0,0,0.0,0,0.0,0,0.0,0.00,0.0,0,0,0
658097220,通投-补囤货-星光款-托管-日弘-24.10.30优化-乘风商销,被计划暂停,审核通过,通投,商品7日总下单ROI,笔记（商品组件）,6710758f00000000160218df,583691373460942ae8fc16bb,图文笔记,5880416eab3eb404b8f40853,通投-补囤货-星光款-托管-日弘-24.10.30优化-乘风商销,86508066,2024-10-30 14:16:59,0.00,0,0,0.0%,0.0,0.0,0,0.00,0.0,0,0,0.0,0,0,0.0,0,0.0,0,0.0,0,0.0,0,0.0,0,0.0,0,0.0,0,0.0,0,0.0,0,0.0,0.00,0.0,0,0,0
658156759,通投-补大法-星光款-托管-日弘-24.10.30优化-乘风商销,被计划暂停,审核通过,通投,商品7日总下单ROI,笔记（商品组件）,66bdd40000000000050399e2,583691373460942ae8fc16bb,图文笔记,5c09e20ed1d7ea5c745bea1d,通投-补大法-星光款-托管-日弘-24.10.30优化-乘风商销,86513314,2024-10-30 14:16:38,0.00,0,0,0.0%,0.0,0.0,0,0.00,0.0,0,0,0.0,0,0,0.0,0,0.0,0,0.0,0,0.0,0,0.0,0,0.0,0,0.0,0,0.0,0,0.0,0,0.0,0.00,0.0,0,0,0
658097055,通投-难怪蓝-青春款-托管-日弘-24.10.30优化-乘风商销,被计划暂停,审核通过,通投,商品7日总下单ROI,笔记（商品组件）,670889eb000000002a036a24,583691373460942ae8fc16bb,图文笔记,5badcb8246283915feab7570,通投-难怪蓝-青春款-托管-日弘-24.10.30优化-乘风商销,86508032,2024-10-30 14:16:16,0.00,0,0,0.0%,0.0,0.0,0,0.00,0.0,0,0,0.0,0,0,0.0,0,0.0,0,0.0,0,0.0,0,0.0,0,0.0,0,0.0,0,0.0,0,0.0,0,0.0,0.00,0.0,0,0,0
658096807,通投-输出美-星光款-托管-日弘-24.10.30优化-乘风商销,被计划暂停,审核拒绝,通投,商品7日总下单ROI,笔记（商品组件）,664af43a00000000150096b7,583691373460942ae8fc16bb,图文笔记,5c09e20ed1d7ea5c745bea1d,通投-输出美-星光款-托管-日弘-24.10.30优化-乘风商销,86508004,2024-10-30 14:15:32,0.00,0,0,0.0%,0.0,0.0,0,0.00,0.0,0,0,0.0,0,0,0.0,0,0.0,0,0.0,0,0.0,0,0.0,0,0.0,0,0.0,0,0.0,0,0.0,0,0.0,0.00,0.0,0,0,0
658273621,通投-子怡姐-星光款-托管-日弘-24.10.30优化-乘风商销,被计划暂停,审核通过,通投,商品7日总下单ROI,笔记（商品组件）,6656a0ea000000001303e42a,583691373460942ae8fc16bb,图文笔记,5c09e20ed1d7ea5c745bea1d,通投-子怡姐-星光款-托管-日弘-24.10.30优化-乘风商销,86518488,2024-10-30 14:15:10,0.00,0,0,0.0%,0.0,0.0,0,0.00,0.0,0,0,0.0,0,0,0.0,0,0.0,0,0.0,0,0.0,0,0.0,0,0.0,0,0.0,0,0.0,0,0.0,0,0.0,0.00,0.0,0,0,0
658215419,通投-滋补仙-星光款-托管-日弘-24.10.30-乘风商销,被计划暂停,审核通过,通投,商品7日总下单ROI,笔记（商品组件）,672190cd000000003c018359,583691373460942ae8fc16bb,图文笔记,5c09e20ed1d7ea5c745bea1d,通投-滋补仙-星光款-托管-日弘-24.10.30-乘风商销,86507975,2024-10-30 14:14:41,0.00,0,0,0.0%,0.0,0.0,0,0.00,0.0,0,0,0.0,0,0,0.0,0,0.0,0,0.0,0,0.0,0,0.0,0,0.0,0,0.0,0,0.0,0,0.0,0,0.0,0.00,0.0,0,0,0
657519213,通投-怼脸拍-星光款-托管-达人二创-24.10.30-乘风商销,被计划暂停,审核通过,通投,商品7日总下单ROI,笔记（商品组件）,67079e83000000002c0156b7,583691373460942ae8fc16bb,视频笔记,5880416eab3eb404b8f40853,通投-怼脸拍-星光款-托管-达人二创-24.10.30-乘风商销,86453941,2024-10-30 10:57:30,0.00,0,0,0.0%,0.0,0.0,0,0.00,0.0,0,0,0.0,0,0,0.0,0,0.0,0,0.0,0,0.0,0,0.0,0,0.0,0,0.0,0,0.0,0,0.0,0,0.0,0.00,0.0,0,0,0
654384062,通投-终于有-星光款-托管-日弘转载-24.10.29-乘风商销,被计划暂停,审核通过,通投,商品7日总下单ROI,笔记（商品组件）,671f56df000000001402ebd5,583691373460942ae8fc16bb,图文笔记,5c09e20ed1d7ea5c745bea1d,通投-终于有-星光款-托管-日弘转载-24.10.29-乘风商销,86279181,2024-10-29 08:39:10,0.00,0,0,0.0%,0.0,0.0,0,0.00,0.0,0,0,0.0,0,0,0.0,0,0.0,0,0.0,0,0.0,0,0.0,0,0.0,0,0.0,0,0.0,0,0.0,0,0.0,0.00,0.0,0,0,0
652427503,通投-小脸真-钻石碗50g-托管-日弘-24.10.28-乘风商销,被计划暂停,审核通过,通投,商品7日总下单ROI,笔记（商品组件）,671b448a000000001600c702,583691373460942ae8fc16bb,图文笔记,5badcb8246283915feab7570,通投-小脸真-钻石碗50g-托管-日弘-24.10.28-乘风商销,86140962,2024-10-28 10:31:20,0.00,0,0,0.0%,0.0,0.0,0,0.00,0.0,0,0,0.0,0,0,0.0,0,0.0,0,0.0,0,0.0,0,0.0,0,0.0,0,0.0,0,0.0,0,0.0,0,0.0,0.00,0.0,0,0,0
652249277,通投-不愧是-钻石碗50g-托管-日弘-24.10.28-乘风商销,被计划暂停,审核通过,通投,商品7日总下单ROI,笔记（商品组件）,671b7b45000000001602290d,583691373460942ae8fc16bb,图文笔记,5badcb8246283915feab7570,通投-不愧是-钻石碗50g-托管-日弘-24.10.28-乘风商销,86129854,2024-10-28 10:30:05,0.00,0,0,0.0%,0.0,0.0,0,0.00,0.0,0,0,0.0,0,0,0.0,0,0.0,0,0.0,0,0.0,0,0.0,0,0.0,0,0.0,0,0.0,0,0.0,0,0.0,0.00,0.0,0,0,0
646024699,通投-棒黑马的小猴纸-钻石碗50g-高级定向-达人-24.10.25-乘风商销,被计划暂停,审核拒绝,通投,商品7日总下单ROI,笔记（商品组件）,670f5b86000000001b03eb02,565732a750c4b429ab870375,图文笔记,5badcb8246283915feab7570,通投-竞品横测-钻石碗50g-高级定向-达人-24.10.25-乘风商销,85798490,2024-10-25 15:04:46,0.00,0,0,0.0%,0.0,0.0,0,0.00,0.0,0,0,0.0,0,0,0.0,0,0.0,0,0.0,0,0.0,0,0.0,0,0.0,0,0.0,0,0.0,0,0.0,0,0.0,0.00,0.0,0,0,0
646024698,通投-香蕉奶芋-钻石碗50g-高级定向-达人-24.10.25-乘风商销,被计划暂停,审核通过,通投,商品7日总下单ROI,笔记（商品组件）,67171f36000000001b02df91,624150a9000000001000b409,图文笔记,5badcb8246283915feab7570,通投-竞品横测-钻石碗50g-高级定向-达人-24.10.25-乘风商销,85798490,2024-10-25 15:04:46,0.00,0,0,0.0%,0.0,0.0,0,0.00,0.0,0,0,0.0,0,0,0.0,0,0.0,0,0.0,0,0.0,0,0.0,0,0.0,0,0.0,0,0.0,0,0.0,0,0.0,0.00,0.0,0,0,0
645961679,通投-七月诗诗-星光款-托管-达人-24.10.25-乘风商销,被计划暂停,审核通过,通投,商品7日总下单ROI,笔记（商品组件）,67172c9d000000002100874d,5652b7cb484fb655d9788448,图文笔记,5c09e20ed1d7ea5c745bea1d,通投-七月诗诗-星光款-托管-达人-24.10.25-乘风商销,85789160,2024-10-25 14:55:17,0.00,0,0,0.0%,0.0,0.0,0,0.00,0.0,0,0,0.0,0,0,0.0,0,0.0,0,0.0,0,0.0,0,0.0,0,0.0,0,0.0,0,0.0,0,0.0,0,0.0,0.00,0.0,0,0,0
646241624,通投-这一口-星光款-托管-日弘-视觉营销视频-24.10.25-乘风商销,被计划暂停,审核通过,通投,商品7日总下单ROI,笔记（商品组件）,671b387c0000000016023d49,583691373460942ae8fc16bb,视频笔记,5c09e20ed1d7ea5c745bea1d,通投-这一口-星光款-托管-日弘-视觉营销视频-24.10.25-乘风商销,85788564,2024-10-25 14:39:19,0.00,0,0,0.0%,0.0,0.0,0,0.00,0.0,0,0,0.0,0,0,0.0,0,0.0,0,0.0,0,0.0,0,0.0,0,0.0,0,0.0,0,0.0,0,0.0,0,0.0,0.00,0.0,0,0,0
646125362,通投-的秘密-钻石碗50g-托管-日弘-视觉营销视频-24.10.25-乘风商销,被计划暂停,审核通过,通投,商品7日总下单ROI,笔记（商品组件）,671b191f000000001b013d10,583691373460942ae8fc16bb,视频笔记,5badcb8246283915feab7570,通投-的秘密-钻石碗50g-托管-日弘-视觉营销视频-24.10.25-乘风商销,85808230,2024-10-25 14:38:44,0.00,0,0,0.0%,0.0,0.0,0,0.00,0.0,0,0,0.0,0,0,0.0,0,0.0,0,0.0,0,0.0,0,0.0,0,0.0,0,0.0,0,0.0,0,0.0,0,0.0,0.00,0.0,0,0,0
646066015,通投-孕期营-星光款-托管-日弘-24.10.25-乘风商销,被计划暂停,审核通过(私密),通投,商品7日总下单ROI,笔记（商品组件）,671b32cb00000000160205ae,583691373460942ae8fc16bb,图文笔记,5880416eab3eb404b8f40853,通投-孕期营-星光款-托管-日弘-24.10.25-乘风商销,85814067,2024-10-25 14:38:08,0.00,0,0,0.0%,0.0,0.0,0,0.00,0.0,0,0,0.0,0,0,0.0,0,0.0,0,0.0,0,0.0,0,0.0,0,0.0,0,0.0,0,0.0,0,0.0,0,0.0,0.00,0.0,0,0,0
646065752,通投-终于悟-星光款-托管-日弘-二创视频-24.10.25-乘风商销,被计划暂停,审核通过,通投,商品7日总下单ROI,笔记（商品组件）,671a0450000000001b02cc9a,583691373460942ae8fc16bb,视频笔记,5c09e20ed1d7ea5c745bea1d,通投-终于悟-星光款-托管-日弘-二创视频-24.10.25-乘风商销,85788461,2024-10-25 14:37:31,0.00,0,0,0.0%,0.0,0.0,0,0.00,0.0,0,0,0.0,0,0,0.0,0,0.0,0,0.0,0,0.0,0,0.0,0,0.0,0,0.0,0,0.0,0,0.0,0,0.0,0.00,0.0,0,0,0
646183463,通投-明星吃-钻石碗50g-托管-日弘-24.10.25-乘风商销,被计划暂停,审核通过,通投,商品7日总下单ROI,笔记（商品组件）,6719a24a000000001600d7e1,583691373460942ae8fc16bb,图文笔记,5badcb8246283915feab7570,通投-明星吃-钻石碗50g-托管-日弘-24.10.25-乘风商销,85797328,2024-10-25 14:36:51,0.00,0,0,0.0%,0.0,0.0,0,0.00,0.0,0,0,0.0,0,0,0.0,0,0.0,0,0.0,0,0.0,0,0.0,0,0.0,0,0.0,0,0.0,0,0.0,0,0.0,0.00,0.0,0,0,0
643370844,通投-璐璐lemon-钻石碗50g-高级定向-达人视频-24.10.24-乘风商销,被计划暂停,审核通过,通投,商品7日总下单ROI,笔记（商品组件）,6717229d000000001b02c06a,5e91845b0000000001008f1f,视频笔记,5badcb8246283915feab7570,通投-璐璐lemon-钻石碗50g-高级定向-达人视频-24.10.24-乘风商销,85641565,2024-10-24 15:04:41,0.00,0,0,0.0%,0.0,0.0,0,0.00,0.0,0,0,0.0,0,0,0.0,0,0.0,0,0.0,0,0.0,0,0.0,0,0.0,0,0.0,0,0.0,0,0.0,0,0.0,0.00,0.0,0,0,0
643074398,通投-安早姐姐-星光款-托管-达人视频-24.10.24-乘风商销,被计划暂停,审核通过,通投,商品7日总下单ROI,笔记（商品组件）,67173325000000001b03fb8c,5a5203a24eacab18c418df8a,视频笔记,5c09e20ed1d7ea5c745bea1d,通投-安早姐姐-星光款-托管-达人视频-24.10.24-乘风商销,85620079,2024-10-24 15:00:04,0.00,0,0,0.0%,0.0,0.0,0,0.00,0.0,0,0,0.0,0,0,0.0,0,0.0,0,0.0,0,0.0,0,0.0,0,0.0,0,0.0,0,0.0,0,0.0,0,0.0,0.00,0.0,0,0,0
642795476,通投-别错过-星光款-托管-7R-24.10.24-乘风商销,被计划暂停,审核通过,通投,商品7日总下单ROI,笔记（商品组件）,66878c910000000003026911,583691373460942ae8fc16bb,图文笔记,5880416eab3eb404b8f40853,通投-别错过-星光款-托管-7R-24.10.24-乘风商销,85634615,2024-10-24 13:59:07,0.00,0,0,0.0%,0.0,0.0,0,0.00,0.0,0,0,0.0,0,0,0.0,0,0.0,0,0.0,0,0.0,0,0.0,0,0.0,0,0.0,0,0.0,0,0.0,0,0.0,0.00,0.0,0,0,0
642264402,通投-给熬夜-青春款-托管-日弘-视觉营销视频-24.10.24-乘风商销,被计划暂停,不满足审核条件,通投,商品7日总下单ROI,笔记（商品组件）,670a5eea0000000016021f85,583691373460942ae8fc16bb,视频笔记,5badcb8246283915feab7570,通投-给熬夜-青春款-托管-日弘-视觉营销视频-24.10.24-乘风商销,85571879,2024-10-24 10:09:44,0.00,0,0,0.0%,0.0,0.0,0,0.00,0.0,0,0,0.0,0,0,0.0,0,0.0,0,0.0,0,0.0,0,0.0,0,0.0,0,0.0,0,0.0,0,0.0,0,0.0,0.00,0.0,0,0,0
642121585,通投-梅少女战士-钻石碗50g-托管-达人视频-24.10.24-乘风商销,暂停,不满足审核条件,通投,商品7日总下单ROI,笔记（商品组件）,6711047a000000001b02cda1,5ae08b8e11be104d335b8a85,视频笔记,5badcb8246283915feab7570,通投-达人赛马-钻石碗50g-托管-达人视频-24.10.24-乘风商销,85548581,2024-10-24 09:13:01,0.00,0,0,0.0%,0.0,0.0,0,0.00,0.0,0,0,0.0,0,0,0.0,0,0.0,0,0.0,0,0.0,0,0.0,0,0.0,0,0.0,0,0.0,0,0.0,0,0.0,0.00,0.0,0,0,0
642121584,通投-李五花-钻石碗50g-托管-达人视频-24.10.24-乘风商销,暂停,不满足审核条件,通投,商品7日总下单ROI,笔记（商品组件）,6710f39e000000001b0122fe,598a93e050c4b47df2222039,视频笔记,5badcb8246283915feab7570,通投-达人赛马-钻石碗50g-托管-达人视频-24.10.24-乘风商销,85548581,2024-10-24 09:13:01,0.00,0,0,0.0%,0.0,0.0,0,0.00,0.0,0,0,0.0,0,0,0.0,0,0.0,0,0.0,0,0.0,0,0.0,0,0.0,0,0.0,0,0.0,0,0.0,0,0.0,0.00,0.0,0,0,0
642121583,通投-易克拉cara-钻石碗50g-托管-达人视频-24.10.24-乘风商销,暂停,审核通过,通投,商品7日总下单ROI,笔记（商品组件）,671227830000000021007fa6,6209fa460000000010006d19,视频笔记,5badcb8246283915feab7570,通投-达人赛马-钻石碗50g-托管-达人视频-24.10.24-乘风商销,85548581,2024-10-24 09:13:01,0.00,0,0,0.0%,0.0,0.0,0,0.00,0.0,0,0,0.0,0,0,0.0,0,0.0,0,0.0,0,0.0,0,0.0,0,0.0,0,0.0,0,0.0,0,0.0,0,0.0,0.00,0.0,0,0,0
642121582,通投-一璇evie-钻石碗50g-托管-达人视频-24.10.24-乘风商销,被计划暂停,审核通过,通投,商品7日总下单ROI,笔记（商品组件）,6710bc6c0000000026035d1a,60cc69c8000000000101fe19,视频笔记,5badcb8246283915feab7570,通投-达人赛马-钻石碗50g-托管-达人视频-24.10.24-乘风商销,85548581,2024-10-24 09:13:01,0.00,0,0,0.0%,0.0,0.0,0,0.00,0.0,0,0,0.0,0,0,0.0,0,0.0,0,0.0,0,0.0,0,0.0,0,0.0,0,0.0,0,0.0,0,0.0,0,0.0,0.00,0.0,0,0,0
642059087,通投-Liuuuu-钻石碗50g-托管-达人-24.10.24-乘风商销,被计划暂停,审核通过,通投,商品7日总下单ROI,笔记（商品组件）,67121eac00000000210081d1,5b718468f7e8b94f71413472,图文笔记,5badcb8246283915feab7570,通投-达人赛马-钻石碗50g-托管-达人-24.10.24-乘风商销,85542349,2024-10-24 09:07:59,0.00,0,0,0.0%,0.0,0.0,0,0.00,0.0,0,0,0.0,0,0,0.0,0,0.0,0,0.0,0,0.0,0,0.0,0,0.0,0,0.0,0,0.0,0,0.0,0,0.0,0.00,0.0,0,0,0
642059086,通投-樱桃小圆子-钻石碗50g-托管-达人-24.10.24-乘风商销,被计划暂停,审核通过,通投,商品7日总下单ROI,笔记（商品组件）,6711f803000000001b03c5c6,6610df180000000007006504,图文笔记,5badcb8246283915feab7570,通投-达人赛马-钻石碗50g-托管-达人-24.10.24-乘风商销,85542349,2024-10-24 09:07:59,0.00,0,0,0.0%,0.0,0.0,0,0.00,0.0,0,0,0.0,0,0,0.0,0,0.0,0,0.0,0,0.0,0,0.0,0,0.0,0,0.0,0,0.0,0,0.0,0,0.0,0.00,0.0,0,0,0
642059085,通投-团子爱吃吃吃-钻石碗50g-托管-达人-24.10.24-乘风商销,暂停,审核通过,通投,商品7日总下单ROI,笔记（商品组件）,6710b2ee000000001402d760,6649971a0000000003031029,图文笔记,5badcb8246283915feab7570,通投-达人赛马-钻石碗50g-托管-达人-24.10.24-乘风商销,85542349,2024-10-24 09:07:59,0.00,0,0,0.0%,0.0,0.0,0,0.00,0.0,0,0,0.0,0,0,0.0,0,0.0,0,0.0,0,0.0,0,0.0,0,0.0,0,0.0,0,0.0,0,0.0,0,0.0,0.00,0.0,0,0,0
642059084,通投-Domi-钻石碗50g-托管-达人-24.10.24-乘风商销,被计划暂停,审核拒绝,通投,商品7日总下单ROI,笔记（商品组件）,671098b10000000024019184,5c2f1e5a000000000501ebbd,图文笔记,5badcb8246283915feab7570,通投-达人赛马-钻石碗50g-托管-达人-24.10.24-乘风商销,85542349,2024-10-24 09:07:59,0.00,0,0,0.0%,0.0,0.0,0,0.00,0.0,0,0,0.0,0,0,0.0,0,0.0,0,0.0,0,0.0,0,0.0,0,0.0,0,0.0,0,0.0,0,0.0,0,0.0,0.00,0.0,0,0,0
642059083,通投-谢不肉-钻石碗50g-托管-达人-24.10.24-乘风商销,被计划暂停,审核通过,通投,商品7日总下单ROI,笔记（商品组件）,6710ce130000000021009827,629db5190000000019029267,图文笔记,5badcb8246283915feab7570,通投-达人赛马-钻石碗50g-托管-达人-24.10.24-乘风商销,85542349,2024-10-24 09:07:59,0.00,0,0,0.0%,0.0,0.0,0,0.00,0.0,0,0,0.0,0,0,0.0,0,0.0,0,0.0,0,0.0,0,0.0,0,0.0,0,0.0,0,0.0,0,0.0,0,0.0,0.00,0.0,0,0,0
642059082,通投-晕头小学生-钻石碗50g-托管-达人-24.10.24-乘风商销,被计划暂停,审核通过,通投,商品7日总下单ROI,笔记（商品组件）,6710b1f0000000002401a266,661ca9c00000000007007a9c,图文笔记,5badcb8246283915feab7570,通投-达人赛马-钻石碗50g-托管-达人-24.10.24-乘风商销,85542349,2024-10-24 09:07:59,0.00,0,0,0.0%,0.0,0.0,0,0.00,0.0,0,0,0.0,0,0,0.0,0,0.0,0,0.0,0,0.0,0,0.0,0,0.0,0,0.0,0,0.0,0,0.0,0,0.0,0.00,0.0,0,0,0
640496188,通投-亿颗葡萄籽-星光款-高级定向-达人-24.10.23-乘风商销,被计划暂停,审核通过,通投,商品7日总下单ROI,笔记（商品组件）,6710ca8400000000160224a7,6486d95b000000001f00717c,图文笔记,5c09e20ed1d7ea5c745bea1d, 通投-亿颗葡萄籽-星光款-高级定向-达人-24.10.23-乘风商销,85451320,2024-10-23 14:12:55,0.00,0,0,0.0%,0.0,0.0,0,0.00,0.0,0,0,0.0,0,0,0.0,0,0.0,0,0.0,0,0.0,0,0.0,0,0.0,0,0.0,0,0.0,0,0.0,0,0.0,0.00,0.0,0,0,0
640495386,通投-亿颗葡萄籽-星光款-托管-达人-24.10.23-乘风商销,被计划暂停,审核通过,通投,商品7日总下单ROI,笔记（商品组件）,6710ca8400000000160224a7,6486d95b000000001f00717c,图文笔记,5c09e20ed1d7ea5c745bea1d, 通投-亿颗葡萄籽-星光款-托管-达人-24.10.23-乘风商销,85461392,2024-10-23 14:11:38,0.00,0,0,0.0%,0.0,0.0,0,0.00,0.0,0,0,0.0,0,0,0.0,0,0.0,0,0.0,0,0.0,0,0.0,0,0.0,0,0.0,0,0.0,0,0.0,0,0.0,0.00,0.0,0,0,0
640435677,通投-王艳二创2-青春款-托管-日弘视频-24.10.23-乘风商销,被计划暂停,不满足审核条件,通投,商品7日总下单ROI,笔记（商品组件）,66e53fa10000000027007212,583691373460942ae8fc16bb,视频笔记,5c174c4846283910db893fd5,通投-王艳二创2-青春款-托管-日弘视频-24.10.23-乘风商销,85451237,2024-10-23 14:10:28,0.00,0,0,0.0%,0.0,0.0,0,0.00,0.0,0,0,0.0,0,0,0.0,0,0.0,0,0.0,0,0.0,0,0.0,0,0.0,0,0.0,0,0.0,0,0.0,0,0.0,0.00,0.0,0,0,0
640486001,通投-贵妇圈-星光款-托管-日弘-24.10.23优化-乘风商销,被计划暂停,审核通过,通投,商品7日总下单ROI,笔记（商品组件）,66f4cdac000000002a034f89,583691373460942ae8fc16bb,图文笔记,5c09e20ed1d7ea5c745bea1d,通投-贵妇圈-星光款-托管-日弘-24.10.23优化-乘风商销,85456510,2024-10-23 13:51:18,0.00,0,0,0.0%,0.0,0.0,0,0.00,0.0,0,0,0.0,0,0,0.0,0,0.0,0,0.0,0,0.0,0,0.0,0,0.0,0,0.0,0,0.0,0,0.0,0,0.0,0.00,0.0,0,0,0
640368097,通投-真的太-星光款-托管-24.10.23优化3-乘风商销,被计划暂停,审核通过,通投,商品7日总下单ROI,笔记（商品组件）,66ced14a000000001f03d407,583691373460942ae8fc16bb,图文笔记,5c09e20ed1d7ea5c745bea1d,通投-真的太-星光款-托管-24.10.23优化3-乘风商销,85460611,2024-10-23 13:49:30,0.00,0,0,0.0%,0.0,0.0,0,0.00,0.0,0,0,0.0,0,0,0.0,0,0.0,0,0.0,0,0.0,0,0.0,0,0.0,0,0.0,0,0.0,0,0.0,0,0.0,0.00,0.0,0,0,0
639714147,通投-在下奶芙芙-星光款-托管-达人-24.10.22-乘风商销,被计划暂停,审核通过,通投,商品7日总下单ROI,笔记（商品组件）,670f79d10000000021006881,645f8ac000000000120372d5,图文笔记,5c09e20ed1d7ea5c745bea1d,通投-在下奶芙芙-星光款-托管-达人-24.10.22-乘风商销,85407752,2024-10-23 10:09:37,0.00,0,0,0.0%,0.0,0.0,0,0.00,0.0,0,0,0.0,0,0,0.0,0,0.0,0,0.0,0,0.0,0,0.0,0,0.0,0,0.0,0,0.0,0,0.0,0,0.0,0.00,0.0,0,0,0
639713732,通投-崽崽超会买-星光款-托管-达人-24.10.23-乘风商销,被计划暂停,审核拒绝,通投,商品7日总下单ROI,笔记（商品组件）,6710a8b7000000002100490a,6658456f000000000d026d6b,图文笔记,5c09e20ed1d7ea5c745bea1d,通投-崽崽超会买-星光款-托管-达人-24.10.23-乘风商销,85396679,2024-10-23 10:08:58,0.00,0,0,0.0%,0.0,0.0,0,0.00,0.0,0,0,0.0,0,0,0.0,0,0.0,0,0.0,0,0.0,0,0.0,0,0.0,0,0.0,0,0.0,0,0.0,0,0.0,0.00,0.0,0,0,0
637559481,通投-黄暄雅Hyuna-星光款-托管-达人-24.10.22-乘风商销,被计划暂停,审核通过,通投,商品7日总下单ROI,笔记（商品组件）,6710ba7e0000000026034a55,59c35e1c82ec392ed2cd700d,图文笔记,5c09e20ed1d7ea5c745bea1d,通投-黄暄雅Hyuna-星光款-托管-达人-24.10.22-乘风商销,85282265,2024-10-22 13:48:10,0.00,0,0,0.0%,0.0,0.0,0,0.00,0.0,0,0,0.0,0,0,0.0,0,0.0,0,0.0,0,0.0,0,0.0,0,0.0,0,0.0,0,0.0,0,0.0,0,0.0,0.00,0.0,0,0,0
637554992,通投-燕窝好-青春款-托管-日弘-视觉营销视频-24.10.22-乘风商销,被计划暂停,审核通过,通投,商品7日总下单ROI,笔记（商品组件）,671609590000000016021a2e,583691373460942ae8fc16bb,视频笔记,5badcb8246283915feab7570,通投-燕窝好-青春款-托管-日弘-视觉营销视频-24.10.22-乘风商销,85271516,2024-10-22 13:35:07,0.00,0,0,0.0%,0.0,0.0,0,0.00,0.0,0,0,0.0,0,0,0.0,0,0.0,0,0.0,0,0.0,0,0.0,0,0.0,0,0.0,0,0.0,0,0.0,0,0.0,0.00,0.0,0,0,0
636860182,通投-怎么选-青春款-高级定向-日弘二创-24.10.22-乘风商销,被计划暂停,审核通过,通投,商品7日总下单ROI,笔记（商品组件）,670f65ce0000000016021fa8,583691373460942ae8fc16bb,图文笔记,5badcb8246283915feab7570,通投-怎么选-青春款-高级定向-日弘二创-24.10.22-乘风商销,85225059,2024-10-22 10:20:31,0.00,0,0,0.0%,0.0,0.0,0,0.00,0.0,0,0,0.0,0,0,0.0,0,0.0,0,0.0,0,0.0,0,0.0,0,0.0,0,0.0,0,0.0,0,0.0,0,0.0,0.00,0.0,0,0,0
634817861,搜索-多加珍珠少放冰-星光款-托管-达人-24.10.21-乘风商销,被计划暂停,审核拒绝,搜索,商品7日总下单ROI,笔记（商品组件）,6710cb8800000000210054b0,5b1d4fc811be10189e52ca1f,图文笔记,5c09e20ed1d7ea5c745bea1d,搜索-达人横测赛马-星光款-托管-达人-24.10.21-乘风商销,85133939,2024-10-21 15:48:42,0.00,0,0,0.0%,0.0,0.0,0,0.00,0.0,0,0,0.0,0,0,0.0,0,0.0,0,0.0,0,0.0,0,0.0,0,0.0,0,0.0,0,0.0,0,0.0,0,0.0,0.00,0.0,0,0,0
634817860,搜索-田小田田田-星光款-托管-达人-24.10.21-乘风商销,被计划暂停,审核拒绝,搜索,商品7日总下单ROI,笔记（商品组件）,67122a5200000000260342a0,65583923000000001000b6d3,图文笔记,5880416eab3eb404b8f40853,搜索-达人横测赛马-星光款-托管-达人-24.10.21-乘风商销,85133939,2024-10-21 15:48:42,0.00,0,0,0.0%,0.0,0.0,0,0.00,0.0,0,0,0.0,0,0,0.0,0,0.0,0,0.0,0,0.0,0,0.0,0,0.0,0,0.0,0,0.0,0,0.0,0,0.0,0.00,0.0,0,0,0
634817859,搜索-米妮Mini-星光款-托管-达人-24.10.21-乘风商销,被计划暂停,审核通过,搜索,商品7日总下单ROI,笔记（商品组件）,67108f64000000001b0106fb,5fb9493e000000000100930f,图文笔记,5c09e20ed1d7ea5c745bea1d,搜索-达人横测赛马-星光款-托管-达人-24.10.21-乘风商销,85133939,2024-10-21 15:48:42,0.00,0,0,0.0%,0.0,0.0,0,0.00,0.0,0,0,0.0,0,0,0.0,0,0.0,0,0.0,0,0.0,0,0.0,0,0.0,0,0.0,0,0.0,0,0.0,0,0.0,0.00,0.0,0,0,0
634817858,搜索-Louise Life-星光款-托管-达人-24.10.21-乘风商销,被计划暂停,审核拒绝,搜索,商品7日总下单ROI,笔记（商品组件）,6712395b000000002100b20f,55595f34c2bdeb40a298dba3,图文笔记,5c09e20ed1d7ea5c745bea1d,搜索-达人横测赛马-星光款-托管-达人-24.10.21-乘风商销,85133939,2024-10-21 15:48:42,0.00,0,0,0.0%,0.0,0.0,0,0.00,0.0,0,0,0.0,0,0,0.0,0,0.0,0,0.0,0,0.0,0,0.0,0,0.0,0,0.0,0,0.0,0,0.0,0,0.0,0.00,0.0,0,0,0
635022939,通投-Louise Life-星光款-托管-达人-24.10.21-乘风商销,被计划暂停,审核拒绝,通投,商品7日总下单ROI,笔记（商品组件）,6712395b000000002100b20f,55595f34c2bdeb40a298dba3,图文笔记,5c09e20ed1d7ea5c745bea1d,通投-Louise Life-星光款-托管-达人-24.10.21-乘风商销,85125735,2024-10-21 14:45:41,0.00,0,0,0.0%,0.0,0.0,0,0.00,0.0,0,0,0.0,0,0,0.0,0,0.0,0,0.0,0,0.0,0,0.0,0,0.0,0,0.0,0,0.0,0,0.0,0,0.0,0.00,0.0,0,0,0
634844398,通投-田小田田田-星光款-托管-达人-24.10.21-乘风商销,被计划暂停,审核拒绝,通投,商品7日总下单ROI,笔记（商品组件）,67122a5200000000260342a0,65583923000000001000b6d3,图文笔记,5c09e20ed1d7ea5c745bea1d,通投-田小田田田-星光款-托管-达人-24.10.21-乘风商销,85119835,2024-10-21 14:44:25,0.00,0,0,0.0%,0.0,0.0,0,0.00,0.0,0,0,0.0,0,0,0.0,0,0.0,0,0.0,0,0.0,0,0.0,0,0.0,0,0.0,0,0.0,0,0.0,0,0.0,0.00,0.0,0,0,0
634902856,通投-米妮Mini-星光款-托管-达人-24.10.21-乘风商销,被计划暂停,审核通过,通投,商品7日总下单ROI,笔记（商品组件）,67108f64000000001b0106fb,5fb9493e000000000100930f,图文笔记,5c09e20ed1d7ea5c745bea1d,通投-米妮Mini-星光款-托管-达人-24.10.21-乘风商销,85125653,2024-10-21 14:43:16,0.00,0,0,0.0%,0.0,0.0,0,0.00,0.0,0,0,0.0,0,0,0.0,0,0.0,0,0.0,0,0.0,0,0.0,0,0.0,0,0.0,0,0.0,0,0.0,0,0.0,0.00,0.0,0,0,0
634779841,通投-多加珍珠少放冰-星光款-托管-达人-24.10.21-乘风商销,被计划暂停,审核拒绝,通投,商品7日总下单ROI,笔记（商品组件）,6710cb8800000000210054b0,5b1d4fc811be10189e52ca1f,图文笔记,5880416eab3eb404b8f40853,通投-多加珍珠少放冰-星光款-托管-达人-24.10.21-乘风商销,85125581,2024-10-21 14:41:33,0.00,0,0,0.0%,0.0,0.0,0,0.00,0.0,0,0,0.0,0,0,0.0,0,0.0,0,0.0,0,0.0,0,0.0,0,0.0,0,0.0,0,0.0,0,0.0,0,0.0,0.00,0.0,0,0,0
634582626,通投-内调变-星光款-托管-日弘-视觉营销视频-24.10.21-乘风商销,被计划暂停,审核拒绝,通投,商品7日总下单ROI,笔记（商品组件）,671239d90000000016021723,583691373460942ae8fc16bb,视频笔记,5880416eab3eb404b8f40853,通投-内调变-星光款-托管-日弘-视觉营销视频-24.10.21-乘风商销,85113401,2024-10-21 14:07:07,0.00,0,0,0.0%,0.0,0.0,0,0.00,0.0,0,0,0.0,0,0,0.0,0,0.0,0,0.0,0,0.0,0,0.0,0,0.0,0,0.0,0,0.0,0,0.0,0,0.0,0.00,0.0,0,0,0
627651566,通投-在线的-星光款-托管-24.10.18-乘风商销,被计划暂停,审核通过,通投,商品7日总下单ROI,笔记（商品组件）,66d02f70000000001f03b663,583691373460942ae8fc16bb,视频笔记,5c09e20ed1d7ea5c745bea1d,通投-在线的-星光款-托管-24.10.18-乘风商销,84685226,2024-10-18 14:14:49,0.00,0,0,0.0%,0.0,0.0,0,0.00,0.0,0,0,0.0,0,0,0.0,0,0.0,0,0.0,0,0.0,0,0.0,0,0.0,0,0.0,0,0.0,0,0.0,0,0.0,0.00,0.0,0,0,0
627828513,通投-选对燕-星光款-高级定向-日弘-10.18-乘风商销,被计划暂停,审核通过,通投,商品7日总下单ROI,笔记（商品组件）,66fa6a9e000000002a0357da,583691373460942ae8fc16bb,图文笔记,5880416eab3eb404b8f40853,通投-选对燕-星光款-高级定向-日弘-10.18-乘风商销,84696359,2024-10-18 14:13:59,0.00,0,0,0.0%,0.0,0.0,0,0.00,0.0,0,0,0.0,0,0,0.0,0,0.0,0,0.0,0,0.0,0,0.0,0,0.0,0,0.0,0,0.0,0,0.0,0,0.0,0.00,0.0,0,0,0
627826947,通投-一颗茜茜呀-合集款-托管-日弘-24.10.18-乘风商销,被计划暂停,不满足审核条件,通投,商品7日总下单ROI,笔记（商品组件）,66f4ce63000000002a0339e9,5913479a50c4b402746fc636,图文笔记,5880416eab3eb404b8f40853,通投-一颗茜茜呀-合集款-托管-日弘-24.10.18-乘风商销,84710146,2024-10-18 14:11:58,0.00,0,0,0.0%,0.0,0.0,0,0.00,0.0,0,0,0.0,0,0,0.0,0,0.0,0,0.0,0,0.0,0,0.0,0,0.0,0,0.0,0,0.0,0,0.0,0,0.0,0.00,0.0,0,0,0
627883665,通投-从女明-星光款-高级定-日弘视频-24.10.18-乘风商销,被计划暂停,审核通过,通投,商品7日总下单ROI,笔记（商品组件）,66f531c5000000002c016848,583691373460942ae8fc16bb,视频笔记,5880416eab3eb404b8f40853,通投-从女明-星光款-高级定-日弘视频-24.10.18-乘风商销,84707012,2024-10-18 14:07:54,0.00,0,0,0.0%,0.0,0.0,0,0.00,0.0,0,0,0.0,0,0,0.0,0,0.0,0,0.0,0,0.0,0,0.0,0,0.0,0,0.0,0,0.0,0,0.0,0,0.0,0.00,0.0,0,0,0
627760286,通投-内调就-星光款-高级定向-日弘-视觉营销视频-24.10.18-乘风商销,被计划暂停,审核拒绝,通投,商品7日总下单ROI,笔记（商品组件）,670e3661000000001b02dafb,583691373460942ae8fc16bb,视频笔记,5c09e20ed1d7ea5c745bea1d,通投-内调就-星光款-高级定向-日弘-视觉营销视频-24.10.18-乘风商销,84706660,2024-10-18 13:58:52,0.00,0,0,0.0%,0.0,0.0,0,0.00,0.0,0,0,0.0,0,0,0.0,0,0.0,0,0.0,0,0.0,0,0.0,0,0.0,0,0.0,0,0.0,0,0.0,0,0.0,0.00,0.0,0,0,0
627334133,通投-补囤货-星光款-托管-日弘-24.10.18-乘风商销,被计划暂停,审核通过,通投,商品7日总下单ROI,笔记（商品组件）,6710758f00000000160218df,583691373460942ae8fc16bb,图文笔记,5880416eab3eb404b8f40853,通投-补囤货-星光款-托管-日弘-24.10.18-乘风商销,84683961,2024-10-18 13:38:27,0.00,0,0,0.0%,0.0,0.0,0,0.00,0.0,0,0,0.0,0,0,0.0,0,0.0,0,0.0,0,0.0,0,0.0,0,0.0,0,0.0,0,0.0,0,0.0,0,0.0,0.00,0.0,0,0,0
627392742,通投-后悔没-星光款-托管-日弘-24.10.18-乘风商销,被计划暂停,审核通过,通投,商品7日总下单ROI,笔记（商品组件）,6711c879000000001b02f8b3,583691373460942ae8fc16bb,图文笔记,5c09e20ed1d7ea5c745bea1d,通投-后悔没-星光款-托管-日弘-24.10.18-乘风商销,84689442,2024-10-18 13:37:44,0.00,0,0,0.0%,0.0,0.0,0,0.00,0.0,0,0,0.0,0,0,0.0,0,0.0,0,0.0,0,0.0,0,0.0,0,0.0,0,0.0,0,0.0,0,0.0,0,0.0,0.00,0.0,0,0,0
626873724,通投-王艳二创2-青春款-高级定向-日弘视频-24.10.18-乘风商销,被计划暂停,不满足审核条件,通投,商品7日总下单ROI,笔记（商品组件）,66e53fa10000000027007212,583691373460942ae8fc16bb,视频笔记,5c174c4846283910db893fd5,通投-王艳二创2-青春款-高级定向-日弘视频-24.10.18-乘风商销,84646781,2024-10-18 10:07:07,0.00,0,0,0.0%,0.0,0.0,0,0.00,0.0,0,0,0.0,0,0,0.0,0,0.0,0,0.0,0,0.0,0,0.0,0,0.0,0,0.0,0,0.0,0,0.0,0,0.0,0.00,0.0,0,0,0
625655361,通投-怎么选-青春款-托管-日弘二创-24.10.17-乘风商销,被计划暂停,审核通过,通投,商品7日总下单ROI,笔记（商品组件）,670f65ce0000000016021fa8,583691373460942ae8fc16bb,图文笔记,5badcb8246283915feab7570,通投-怎么选-青春款-托管-日弘二创-24.10.17-乘风商销,84574668,2024-10-17 17:29:53,0.00,0,0,0.0%,0.0,0.0,0,0.00,0.0,0,0,0.0,0,0,0.0,0,0.0,0,0.0,0,0.0,0,0.0,0,0.0,0,0.0,0,0.0,0,0.0,0,0.0,0.00,0.0,0,0,0
625309507,通投-巧乐孜Yiz-青春款-托管-达人-24.10.17-乘风商销,被计划暂停,不满足审核条件,通投,商品7日总下单ROI,笔记（商品组件）,670b9f13000000002401973d,5a6f51f211be106f03882ce9,视频笔记,5badcb8246283915feab7570,通投-巧乐孜Yiz-青春款-托管-达人-24.10.17-乘风商销,84528340,2024-10-17 14:26:48,0.00,0,0,0.0%,0.0,0.0,0,0.00,0.0,0,0,0.0,0,0,0.0,0,0.0,0,0.0,0,0.0,0,0.0,0,0.0,0,0.0,0,0.0,0,0.0,0,0.0,0.00,0.0,0,0,0
625130048,通投-七月的小乖-星光款-托管-达人-24.10.17-乘风商销,被计划暂停,审核通过,通投,商品7日总下单ROI,笔记（商品组件）,670c91d700000000260362cd,5bf6afa2349073000133bad1,图文笔记,5880416eab3eb404b8f40853,通投-七月的小乖-星光款-托管-达人-24.10.17-乘风商销,84517353,2024-10-17 14:24:05,0.00,0,0,0.0%,0.0,0.0,0,0.00,0.0,0,0,0.0,0,0,0.0,0,0.0,0,0.0,0,0.0,0,0.0,0,0.0,0,0.0,0,0.0,0,0.0,0,0.0,0.00,0.0,0,0,0
625058932,通投-孕妈必-星光款-托管-日弘视频-24.10.17-乘风商销,被计划暂停,审核通过,通投,商品7日总下单ROI,笔记（商品组件）,66d95d22000000002603ddd6,583691373460942ae8fc16bb,视频笔记,5c09e20ed1d7ea5c745bea1d,通投-孕妈必-星光款-托管-日弘视频-24.10.17-乘风商销,84516840,2024-10-17 14:14:09,0.00,0,0,0.0%,0.0,0.0,0,0.00,0.0,0,0,0.0,0,0,0.0,0,0.0,0,0.0,0,0.0,0,0.0,0,0.0,0,0.0,0,0.0,0,0.0,0,0.0,0.00,0.0,0,0,0
622919073,通投-别错过-星光款-高级定向-7R-24.10.16-乘风商销,被计划暂停,审核通过,通投,商品7日总下单ROI,笔记（商品组件）,66878c910000000003026911,583691373460942ae8fc16bb,图文笔记,5880416eab3eb404b8f40853,通投-别错过-星光款-高级定向-7R-24.10.16-乘风商销,84384937,2024-10-16 17:07:18,0.00,0,0,0.0%,0.0,0.0,0,0.00,0.0,0,0,0.0,0,0,0.0,0,0.0,0,0.0,0,0.0,0,0.0,0,0.0,0,0.0,0,0.0,0,0.0,0,0.0,0.00,0.0,0,0,0
622877546,通投-成分学家美芽-青春款-托管-达人-24.10.16-乘风商销,被计划暂停,不满足审核条件,通投,商品7日总下单ROI,笔记（商品组件）,670b9615000000001402f4eb,56fe74561c07df6b3f13ac38,图文笔记,5badcb8246283915feab7570,通投-成分学家美芽-青春款-托管-达人-24.10.16-乘风商销,84355006,2024-10-16 16:09:57,0.00,0,0,0.0%,0.0,0.0,0,0.00,0.0,0,0,0.0,0,0,0.0,0,0.0,0,0.0,0,0.0,0,0.0,0,0.0,0,0.0,0,0.0,0,0.0,0,0.0,0.00,0.0,0,0,0
622700511,通投-Roro-星光款-托管-达人-24.10.16-乘风商销,被计划暂停,审核通过,通投,商品7日总下单ROI,笔记（商品组件）,670a063e000000002401b7a9,59f7fb974eacab72c65881c1,图文笔记,5c09e20ed1d7ea5c745bea1d,通投-Roro-星光款-托管-达人-24.10.16-乘风商销,84371359,2024-10-16 16:08:34,0.00,0,0,0.0%,0.0,0.0,0,0.00,0.0,0,0,0.0,0,0,0.0,0,0.0,0,0.0,0,0.0,0,0.0,0,0.0,0,0.0,0,0.0,0,0.0,0,0.0,0.00,0.0,0,0,0
622259713,通投-我是爱玲酱-星光款-托管-达人视频-24.10.16-乘风商销,被计划暂停,审核通过,通投,商品7日总下单ROI,笔记（商品组件）,66f8d0a7000000001902cb39,5b27712adb2e603d9d317d86,视频笔记,5880416eab3eb404b8f40853,通投-我是爱玲酱-星光款-托管-达人视频-24.10.16-乘风商销,84323818,2024-10-16 13:50:58,0.00,0,0,0.0%,0.0,0.0,0,0.00,0.0,0,0,0.0,0,0,0.0,0,0.0,0,0.0,0,0.0,0,0.0,0,0.0,0,0.0,0,0.0,0,0.0,0,0.0,0.00,0.0,0,0,0
622377549,通投-土豆小方块-青春款-托管-达人-24.10.16-乘风商销,被计划暂停,不满足审核条件,通投,商品7日总下单ROI,笔记（商品组件）,66f903b9000000002a0350c3,6690e7d5000000000d027896,图文笔记,5badcb8246283915feab7570,通投-土豆小方块-青春款-托管-达人-24.10.16-乘风商销,84340522,2024-10-16 13:49:10,0.00,0,0,0.0%,0.0,0.0,0,0.00,0.0,0,0,0.0,0,0,0.0,0,0.0,0,0.0,0,0.0,0,0.0,0,0.0,0,0.0,0,0.0,0,0.0,0,0.0,0.00,0.0,0,0,0
622317759,通投-小羊当当MAMA-星光款-托管-达人笔记-24.10.16-乘风商销,被计划暂停,审核拒绝,通投,商品7日总下单ROI,笔记（商品组件）,670a2d0c000000001b02ecec,5bc7fce83caec20001a2a300,图文笔记,5880416eab3eb404b8f40853,通投-小羊当当MAMA-星光款-托管-达人笔记-24.10.16-乘风商销,84334612,2024-10-16 13:48:25,0.00,0,0,0.0%,0.0,0.0,0,0.00,0.0,0,0,0.0,0,0,0.0,0,0.0,0,0.0,0,0.0,0,0.0,0,0.0,0,0.0,0,0.0,0,0.0,0,0.0,0.00,0.0,0,0,0
622087054,通投-内调就-星光款-托管-日弘-视觉营销视频-24.10.16-乘风商销,被计划暂停,审核拒绝,通投,商品7日总下单ROI,笔记（商品组件）,670e3661000000001b02dafb,583691373460942ae8fc16bb,视频笔记,5c09e20ed1d7ea5c745bea1d,通投-内调就-星光款-托管-日弘-视觉营销视频-24.10.16-乘风商销,84295012,2024-10-16 11:43:00,0.00,0,0,0.0%,0.0,0.0,0,0.00,0.0,0,0,0.0,0,0,0.0,0,0.0,0,0.0,0,0.0,0,0.0,0,0.0,0,0.0,0,0.0,0,0.0,0,0.0,0.00,0.0,0,0,0
616528870,通投-杏仁-青春款-托管-达人-24.10.14-乘风商销,被计划暂停,不满足审核条件,通投,商品7日总下单ROI,笔记（商品组件）,67095ee5000000001902e6c6,5e70472c0000000001006085,视频笔记,5badcb8246283915feab7570,通投-杏仁-青春款-托管-达人-24.10.14-乘风商销,83905714,2024-10-14 13:34:03,0.00,0,0,0.0%,0.0,0.0,0,0.00,0.0,0,0,0.0,0,0,0.0,0,0.0,0,0.0,0,0.0,0,0.0,0,0.0,0,0.0,0,0.0,0,0.0,0,0.0,0.00,0.0,0,0,0
615916617,通投-给熬夜-青春款-托管-日弘-视觉营销视频-24.10.14-乘风商销,暂停,不满足审核条件,通投,商品7日总下单ROI,笔记（商品组件）,670a5eea0000000016021f85,583691373460942ae8fc16bb,视频笔记,5badcb8246283915feab7570,通投-给熬夜-青春款-托管-日弘-视觉营销视频-24.10.14-乘风商销,83855749,2024-10-14 08:55:25,0.00,0,0,0.0%,0.0,0.0,0,0.00,0.0,0,0,0.0,0,0,0.0,0,0.0,0,0.0,0,0.0,0,0.0,0,0.0,0,0.0,0,0.0,0,0.0,0,0.0,0.00,0.0,0,0,0
613134712,通投-不走弯-合集款-托管-日弘转载-24.10.12-乘风商销,被计划暂停,审核通过,通投,商品7日总下单ROI,笔记（商品组件）,67077879000000002a0345f7,583691373460942ae8fc16bb,图文笔记,5badcb8246283915feab7570,通投-不走弯-合集款-托管-日弘转载-24.10.12-乘风商销,83669481,2024-10-12 17:10:34,0.00,0,0,0.0%,0.0,0.0,0,0.00,0.0,0,0,0.0,0,0,0.0,0,0.0,0,0.0,0,0.0,0,0.0,0,0.0,0,0.0,0,0.0,0,0.0,0,0.0,0.00,0.0,0,0,0
612738664,通投-王艳二创2-青春款-托管-日弘视频-24.10.12优化-乘风商销,被计划暂停,不满足审核条件,通投,商品7日总下单ROI,笔记（商品组件）,66e53fa10000000027007212,583691373460942ae8fc16bb,视频笔记,5c174c4846283910db893fd5,通投-王艳二创2-青春款-托管-日弘视频-24.10.12优化-乘风商销,83663499,2024-10-12 16:08:11,0.00,0,0,0.0%,0.0,0.0,0,0.00,0.0,0,0,0.0,0,0,0.0,0,0.0,0,0.0,0,0.0,0,0.0,0,0.0,0,0.0,0,0.0,0,0.0,0,0.0,0.00,0.0,0,0,0
612258708,通投-跟着女-星光款-托管-日弘-二创视频-24.10.12-乘风商销,被计划暂停,审核通过,通投,商品7日总下单ROI,笔记（商品组件）,6708f65e000000002c02824f,583691373460942ae8fc16bb,视频笔记,5c09e20ed1d7ea5c745bea1d, 通投-跟着女-星光款-托管-日弘-二创视频-24.10.12-乘风商销,83628611,2024-10-12 13:59:56,0.00,0,0,0.0%,0.0,0.0,0,0.00,0.0,0,0,0.0,0,0,0.0,0,0.0,0,0.0,0,0.0,0,0.0,0,0.0,0,0.0,0,0.0,0,0.0,0,0.0,0.00,0.0,0,0,0
612375582,通投-保养新-青春款-托管-日弘-二创视频-24.10.12-乘风商销,被计划暂停,不满足审核条件,通投,商品7日总下单ROI,笔记（商品组件）,6708f586000000002a031012,583691373460942ae8fc16bb,视频笔记,5c174c4846283910db893fd5,通投-保养新-青春款-托管-日弘-二创视频-24.10.12-乘风商销,83631385,2024-10-12 13:59:32,0.00,0,0,0.0%,0.0,0.0,0,0.00,0.0,0,0,0.0,0,0,0.0,0,0.0,0,0.0,0,0.0,0,0.0,0,0.0,0,0.0,0,0.0,0,0.0,0,0.0,0.00,0.0,0,0,0
612434583,通投-时代孕-星光款-托管-日弘-24.10.12-乘风商销,被计划暂停,审核通过,通投,商品7日总下单ROI,笔记（商品组件）,67090285000000002c0148d4,583691373460942ae8fc16bb,图文笔记,5880416eab3eb404b8f40853,通投-时代孕-星光款-托管-日弘-24.10.12-乘风商销,83631348,2024-10-12 13:58:58,0.00,0,0,0.0%,0.0,0.0,0,0.00,0.0,0,0,0.0,0,0,0.0,0,0.0,0,0.0,0,0.0,0,0.0,0,0.0,0,0.0,0,0.0,0,0.0,0,0.0,0.00,0.0,0,0,0
611476009,通投-真的太-星光款-高级定向-日弘-24.10.12-乘风商销,被计划暂停,审核通过,通投,商品7日总下单ROI,笔记（商品组件）,66ced14a000000001f03d407,583691373460942ae8fc16bb,图文笔记,5c09e20ed1d7ea5c745bea1d,通投-真的太-星光款-高级定向-日弘-24.10.12-乘风商销,83561620,2024-10-12 09:39:52,0.00,0,0,0.0%,0.0,0.0,0,0.00,0.0,0,0,0.0,0,0,0.0,0,0.0,0,0.0,0,0.0,0,0.0,0,0.0,0,0.0,0,0.0,0,0.0,0,0.0,0.00,0.0,0,0,0
611687078,通投-六月花卷儿-青春款-托管-日弘-24.9.10.12-乘风商销,被计划暂停,审核通过,通投,商品7日总下单ROI,笔记（商品组件）,66f21a78000000001b022648,60f76d89000000002002d41c,图文笔记,5c174c4846283910db893fd5,通投-六月花卷儿-青春款-托管-日弘-24.9.10.12-乘风商销,83582246,2024-10-12 08:38:39,0.00,0,0,0.0%,0.0,0.0,0,0.00,0.0,0,0,0.0,0,0,0.0,0,0.0,0,0.0,0,0.0,0,0.0,0,0.0,0,0.0,0,0.0,0,0.0,0,0.0,0.00,0.0,0,0,0
610161368,通投-真的太-星光款-托管-24.10.11优化2-乘风商销,被计划暂停,审核通过,通投,商品7日总下单ROI,笔记（商品组件）,66ced14a000000001f03d407,583691373460942ae8fc16bb,图文笔记,5c09e20ed1d7ea5c745bea1d,通投-真的太-星光款-托管-24.10.11优化2-乘风商销,83484321,2024-10-11 16:36:05,0.00,0,0,0.0%,0.0,0.0,0,0.00,0.0,0,0,0.0,0,0,0.0,0,0.0,0,0.0,0,0.0,0,0.0,0,0.0,0,0.0,0,0.0,0,0.0,0,0.0,0.00,0.0,0,0,0
610213079,搜索-一颗茜茜-星光款-托管关键词-日弘-24.10.11-乘风商销,被计划暂停,审核通过,搜索,商品7日总下单ROI,笔记（商品组件）,66f4ce63000000002a0339e9,5913479a50c4b402746fc636,图文笔记,5880416eab3eb404b8f40853,搜索-合集-星光款-托管关键词-日弘-24.10.11-乘风商销,83492296,2024-10-11 16:24:39,0.00,0,0,0.0%,0.0,0.0,0,0.00,0.0,0,0,0.0,0,0,0.0,0,0.0,0,0.0,0,0.0,0,0.0,0,0.0,0,0.0,0,0.0,0,0.0,0,0.0,0.00,0.0,0,0,0
610213078,搜索-肌肤的-星光款-托管关键词-日弘-24.10.11-乘风商销,暂停,审核通过,搜索,商品7日总下单ROI,笔记（商品组件）,669a357e000000000302610c,583691373460942ae8fc16bb,视频笔记,5c09e20ed1d7ea5c745bea1d,搜索-合集-星光款-托管关键词-日弘-24.10.11-乘风商销,83492296,2024-10-11 16:24:39,0.00,0,0,0.0%,0.0,0.0,0,0.00,0.0,0,0,0.0,0,0,0.0,0,0.0,0,0.0,0,0.0,0,0.0,0,0.0,0,0.0,0,0.0,0,0.0,0,0.0,0.00,0.0,0,0,0
609772293,通投-好气色-星光款-托管-日弘-24.10.11-乘风商销,被计划暂停,审核通过,通投,商品7日总下单ROI,笔记（商品组件）,66fa71cf000000002a036b5d,583691373460942ae8fc16bb,图文笔记,5880416eab3eb404b8f40853,通投-好气色-星光款-托管-日弘-24.10.11-乘风商销,83441927,2024-10-11 13:50:33,0.00,0,0,0.0%,0.0,0.0,0,0.00,0.0,0,0,0.0,0,0,0.0,0,0.0,0,0.0,0,0.0,0,0.0,0,0.0,0,0.0,0,0.0,0,0.0,0,0.0,0.00,0.0,0,0,0
609647345,通投-难怪蓝-青春款-托管-日弘-24.10.11-乘风商销,被计划暂停,不满足审核条件,通投,商品7日总下单ROI,笔记（商品组件）,670889eb000000002a036a24,583691373460942ae8fc16bb,图文笔记,5badcb8246283915feab7570,通投-难怪蓝-青春款-托管-日弘-24.10.11-乘风商销,83419089,2024-10-11 13:36:01,0.00,0,0,0.0%,0.0,0.0,0,0.00,0.0,0,0,0.0,0,0,0.0,0,0.0,0,0.0,0,0.0,0,0.0,0,0.0,0,0.0,0,0.0,0,0.0,0,0.0,0.00,0.0,0,0,0
608944279,通投-智商税-青春款-高级定向-日弘-24.10.11-乘风商销,被计划暂停,不满足审核条件,通投,商品7日总下单ROI,笔记（商品组件）,66f52806000000002c02c797,583691373460942ae8fc16bb,视频笔记,5c174c4846283910db893fd5,通投-智商税-青春款-高级定向-日弘-24.10.11-乘风商销,83403717,2024-10-11 09:53:09,0.00,0,0,0.0%,0.0,0.0,0,0.00,0.0,0,0,0.0,0,0,0.0,0,0.0,0,0.0,0,0.0,0,0.0,0,0.0,0,0.0,0,0.0,0,0.0,0,0.0,0.00,0.0,0,0,0
609117712,通投-陈乔恩二创-青春款-托管-日弘视频-24.10.11-乘风商销,被计划暂停,不满足审核条件,通投,商品7日总下单ROI,笔记（商品组件）,66e4e318000000002603cf59,583691373460942ae8fc16bb,视频笔记,5c174c4846283910db893fd5,通投-陈乔恩二创-青春款-托管-日弘视频-24.10.11-乘风商销,83397838,2024-10-11 09:49:22,0.00,0,0,0.0%,0.0,0.0,0,0.00,0.0,0,0,0.0,0,0,0.0,0,0.0,0,0.0,0,0.0,0,0.0,0,0.0,0,0.0,0,0.0,0,0.0,0,0.0,0.00,0.0,0,0,0
607522811,通投-怼脸拍-星光款-托管-日弘-二创视频-24.10.10-乘风商销,被计划暂停,审核通过,通投,商品7日总下单ROI,笔记（商品组件）,67079e83000000002c0156b7,583691373460942ae8fc16bb,视频笔记,5880416eab3eb404b8f40853,通投-怼脸拍-星光款-托管-日弘-二创视频-24.10.10-乘风商销,83326356,2024-10-10 17:54:49,0.00,0,0,0.0%,0.0,0.0,0,0.00,0.0,0,0,0.0,0,0,0.0,0,0.0,0,0.0,0,0.0,0,0.0,0,0.0,0,0.0,0,0.0,0,0.0,0,0.0,0.00,0.0,0,0,0
606932864,通投-懂行的-星光款-高级定向-24.10.10-乘风商销,被计划暂停,审核通过,通投,商品7日总下单ROI,笔记（商品组件）,66d7c90e000000001f03eb73,583691373460942ae8fc16bb,图文笔记,5c09e20ed1d7ea5c745bea1d,通投-懂行的-星光款-高级定向-24.10.10-乘风商销,83296577,2024-10-10 15:40:10,0.00,0,0,0.0%,0.0,0.0,0,0.00,0.0,0,0,0.0,0,0,0.0,0,0.0,0,0.0,0,0.0,0,0.0,0,0.0,0,0.0,0,0.0,0,0.0,0,0.0,0.00,0.0,0,0,0
606772018,通投-气色滋-青春款-高级定向-日弘-24.10.10-乘风商销,暂停,不满足审核条件,通投,商品7日总下单ROI,笔记（商品组件）,66f0d3250000000026033477,583691373460942ae8fc16bb,图文笔记,5c174c4846283910db893fd5,通投-笔记合集-星光/青春-高级定向-日弘-24.10.10-乘风商销,83276136,2024-10-10 14:13:45,0.00,0,0,0.0%,0.0,0.0,0,0.00,0.0,0,0,0.0,0,0,0.0,0,0.0,0,0.0,0,0.0,0,0.0,0,0.0,0,0.0,0,0.0,0,0.0,0,0.0,0.00,0.0,0,0,0
606772017,通投-抓住秋-星光款-高级定向-日弘-24.10.10-乘风商销,暂停,审核通过,通投,商品7日总下单ROI,笔记（商品组件）,66f60100000000002c0151dc,583691373460942ae8fc16bb,图文笔记,5c09e20ed1d7ea5c745bea1d,通投-笔记合集-星光/青春-高级定向-日弘-24.10.10-乘风商销,83276136,2024-10-10 14:13:45,0.00,0,0,0.0%,0.0,0.0,0,0.00,0.0,0,0,0.0,0,0,0.0,0,0.0,0,0.0,0,0.0,0,0.0,0,0.0,0,0.0,0,0.0,0,0.0,0,0.0,0.00,0.0,0,0,0
606770498,通投-中式变-青春款-高级定向-日弘-视频-24.10.10-乘风商销,暂停,不满足审核条件,通投,商品7日总下单ROI,笔记（商品组件）,66f9214c000000002a03297f,583691373460942ae8fc16bb,视频笔记,5c174c4846283910db893fd5,通投-视频合集-星光/青春-高级定向-日弘-视频-24.10.10-乘风商销,83257216,2024-10-10 14:11:32,0.00,0,0,0.0%,0.0,0.0,0,0.00,0.0,0,0,0.0,0,0,0.0,0,0.0,0,0.0,0,0.0,0,0.0,0,0.0,0,0.0,0,0.0,0,0.0,0,0.0,0.00,0.0,0,0,0
606770497,通投-从女明-星光款-高级定向-日弘-视频-24.10.10-乘风商销,被计划暂停,审核通过,通投,商品7日总下单ROI,笔记（商品组件）,66f531c5000000002c016848,583691373460942ae8fc16bb,视频笔记,5880416eab3eb404b8f40853,通投-视频合集-星光/青春-高级定向-日弘-视频-24.10.10-乘风商销,83257216,2024-10-10 14:11:32,0.00,0,0,0.0%,0.0,0.0,0,0.00,0.0,0,0,0.0,0,0,0.0,0,0.0,0,0.0,0,0.0,0,0.0,0,0.0,0,0.0,0,0.0,0,0.0,0,0.0,0.00,0.0,0,0,0
606770496,通投-拒绝变-星光款-高级定向-日弘-视频-24.10.10-乘风商销,暂停,审核通过,通投,商品7日总下单ROI,笔记（商品组件）,66f52987000000002c02da51,583691373460942ae8fc16bb,视频笔记,5880416eab3eb404b8f40853,通投-视频合集-星光/青春-高级定向-日弘-视频-24.10.10-乘风商销,83257216,2024-10-10 14:11:32,0.00,0,0,0.0%,0.0,0.0,0,0.00,0.0,0,0,0.0,0,0,0.0,0,0.0,0,0.0,0,0.0,0,0.0,0,0.0,0,0.0,0,0.0,0,0.0,0,0.0,0.00,0.0,0,0,0
606035601,通投-桃花肌-星光款-高级定向-日弘-二创视频-24.10.10-乘风商销,被计划暂停,审核通过,通投,商品7日总下单ROI,笔记（商品组件）,66f9267c000000002a034b92,583691373460942ae8fc16bb,视频笔记,5c09e20ed1d7ea5c745bea1d,通投-桃花肌-星光款-高级定向-日弘-二创视频-24.10.10-乘风商销,83232180,2024-10-10 11:05:05,0.00,0,0,0.0%,0.0,0.0,0,0.00,0.0,0,0,0.0,0,0,0.0,0,0.0,0,0.0,0,0.0,0,0.0,0,0.0,0,0.0,0,0.0,0,0.0,0,0.0,0.00,0.0,0,0,0
606280587,通投-李梦二创-青春款-高级定向-日弘-二创视频-24.10.10-乘风商销,被计划暂停,不满足审核条件,通投,商品7日总下单ROI,笔记（商品组件）,66e2b8570000000026032ed2,583691373460942ae8fc16bb,视频笔记,5badcb8246283915feab7570,通投-李梦二创-青春款-高级定向-日弘-二创视频-24.10.10-乘风商销,83212310,2024-10-10 09:51:06,0.00,0,0,0.0%,0.0,0.0,0,0.00,0.0,0,0,0.0,0,0,0.0,0,0.0,0,0.0,0,0.0,0,0.0,0,0.0,0,0.0,0,0.0,0,0.0,0,0.0,0.00,0.0,0,0,0
605780967,通投-蓝盈莹-星光款-托管-日弘视频二创-24.10.10-乘风商销,被计划暂停,审核通过,通投,商品7日总下单ROI,笔记（商品组件）,67065808000000002c029f3a,583691373460942ae8fc16bb,视频笔记,5880416eab3eb404b8f40853,通投-蓝盈莹-星光款-托管-日弘视频二创-24.10.10-乘风商销,83199214,2024-10-10 08:38:41,0.00,0,0,0.0%,0.0,0.0,0,0.00,0.0,0,0,0.0,0,0,0.0,0,0.0,0,0.0,0,0.0,0,0.0,0,0.0,0,0.0,0,0.0,0,0.0,0,0.0,0.00,0.0,0,0,0
604480352,通投-陈乔恩二创-青春款-高级定向-日弘-24.10.9-乘风商销,被计划暂停,不满足审核条件,通投,商品7日总下单ROI,笔记（商品组件）,66e4e318000000002603cf59,583691373460942ae8fc16bb,视频笔记,5c174c4846283910db893fd5,通投-陈乔恩二创-青春款-高级定向-日弘-24.10.9-乘风商销,83081590,2024-10-09 13:36:51,0.00,0,0,0.0%,0.0,0.0,0,0.00,0.0,0,0,0.0,0,0,0.0,0,0.0,0,0.0,0,0.0,0,0.0,0,0.0,0,0.0,0,0.0,0,0.0,0,0.0,0.00,0.0,0,0,0
602202983,通投-Elissa妈咪阿卜-青春款-托管-达人视频-24.10.8-乘风商销,被计划暂停,审核通过,通投,商品7日总下单ROI,笔记（商品组件）,66fa131d000000002a0319e4,5ffe5c25000000000101d517,视频笔记,5c174c4846283910db893fd5,通投-Elissa妈咪阿卜-青春款-托管-达人视频-24.10.8-乘风商销,82900789,2024-10-08 14:38:24,0.00,0,0,0.0%,0.0,0.0,0,0.00,0.0,0,0,0.0,0,0,0.0,0,0.0,0,0.0,0,0.0,0,0.0,0,0.0,0,0.0,0,0.0,0,0.0,0,0.0,0.00,0.0,0,0,0
602202686,通投-我是夏天-星光款-托管-达人视频-24.10.8-乘风商销,被计划暂停,审核通过,通投,商品7日总下单ROI,笔记（商品组件）,66ff9a5d000000002c015f88,5e59fbc800000000010054f0,视频笔记,5880416eab3eb404b8f40853,通投-达人笔记-星光款-托管-达人视频-24.10.8-乘风商销,82923523,2024-10-08 14:37:18,0.00,0,0,0.0%,0.0,0.0,0,0.00,0.0,0,0,0.0,0,0,0.0,0,0.0,0,0.0,0,0.0,0,0.0,0,0.0,0,0.0,0,0.0,0,0.0,0,0.0,0.00,0.0,0,0,0
602202685,通投-我是爱玲酱-星光款-托管-达人视频-24.10.8-乘风商销,被计划暂停,审核通过,通投,商品7日总下单ROI,笔记（商品组件）,66f8d0a7000000001902cb39,5b27712adb2e603d9d317d86,视频笔记,5880416eab3eb404b8f40853,通投-达人笔记-星光款-托管-达人视频-24.10.8-乘风商销,82923523,2024-10-08 14:37:18,0.00,0,0,0.0%,0.0,0.0,0,0.00,0.0,0,0,0.0,0,0,0.0,0,0.0,0,0.0,0,0.0,0,0.0,0,0.0,0,0.0,0,0.0,0,0.0,0,0.0,0.00,0.0,0,0,0
602202684,通投-卉卉不吃辣-星光款-托管-达人视频-24.10.8-乘风商销,被计划暂停,审核通过,通投,商品7日总下单ROI,笔记（商品组件）,66f8ba23000000002c029022,5fca3f5300000000010060b5,视频笔记,5880416eab3eb404b8f40853,通投-达人笔记-星光款-托管-达人视频-24.10.8-乘风商销,82923523,2024-10-08 14:37:18,0.00,0,0,0.0%,0.0,0.0,0,0.00,0.0,0,0,0.0,0,0,0.0,0,0.0,0,0.0,0,0.0,0,0.0,0,0.0,0,0.0,0,0.0,0,0.0,0,0.0,0.00,0.0,0,0,0
602028698,通投-红树莓冰萃-青春款-托管-达人-24.10.8-乘风商销,暂停,审核拒绝,通投,商品7日总下单ROI,笔记（商品组件）,66f8fc77000000001a020019,5fa51634000000000100067b,图文笔记,5c174c4846283910db893fd5,通投-达人笔记-青春款-托管-达人-24.10.8-乘风商销,82906346,2024-10-08 14:33:36,0.00,0,0,0.0%,0.0,0.0,0,0.00,0.0,0,0,0.0,0,0,0.0,0,0.0,0,0.0,0,0.0,0,0.0,0,0.0,0,0.0,0,0.0,0,0.0,0,0.0,0.00,0.0,0,0,0
602028697,通投-土豆小方块-青春款-托管-达人-24.10.8-乘风商销,被计划暂停,审核通过,通投,商品7日总下单ROI,笔记（商品组件）,66f903b9000000002a0350c3,6690e7d5000000000d027896,图文笔记,5c174c4846283910db893fd5,通投-达人笔记-青春款-托管-达人-24.10.8-乘风商销,82906346,2024-10-08 14:33:36,0.00,0,0,0.0%,0.0,0.0,0,0.00,0.0,0,0,0.0,0,0,0.0,0,0.0,0,0.0,0,0.0,0,0.0,0,0.0,0,0.0,0,0.0,0,0.0,0,0.0,0.00,0.0,0,0,0
602028696,通投-麻薯团子s-青春款-托管-达人-24.10.8-乘风商销,暂停,审核通过,通投,商品7日总下单ROI,笔记（商品组件）,66f8ecb3000000001a023307,5ec4e02b0000000001002740,图文笔记,5c174c4846283910db893fd5,通投-达人笔记-青春款-托管-达人-24.10.8-乘风商销,82906346,2024-10-08 14:33:36,0.00,0,0,0.0%,0.0,0.0,0,0.00,0.0,0,0,0.0,0,0,0.0,0,0.0,0,0.0,0,0.0,0,0.0,0,0.0,0,0.0,0,0.0,0,0.0,0,0.0,0.00,0.0,0,0,0
601949578,通投-一颗茜茜呀-合集款-高级定向-日弘-24.10.8-乘风商销,被计划暂停,审核通过,通投,商品7日总下单ROI,笔记（商品组件）,66f4ce63000000002a0339e9,5913479a50c4b402746fc636,图文笔记,5880416eab3eb404b8f40853,通投-一颗茜茜呀-合集款-高级定向-日弘-24.10.8-乘风商销,82922891,2024-10-08 14:18:22,0.00,0,0,0.0%,0.0,0.0,0,0.00,0.0,0,0,0.0,0,0,0.0,0,0.0,0,0.0,0,0.0,0,0.0,0,0.0,0,0.0,0,0.0,0,0.0,0,0.0,0.00,0.0,0,0,0
590258421,通投-好气色-星光款-托管-日弘-24.10.1-乘风商销,被计划暂停,审核通过,通投,商品7日总下单ROI,笔记（商品组件）,66fa71cf000000002a036b5d,583691373460942ae8fc16bb,图文笔记,5880416eab3eb404b8f40853,通投-好气色-星光款-托管-日弘-24.10.1-乘风商销,82162252,2024-10-01 14:55:21,0.00,0,0,0.0%,0.0,0.0,0,0.00,0.0,0,0,0.0,0,0,0.0,0,0.0,0,0.0,0,0.0,0,0.0,0,0.0,0,0.0,0,0.0,0,0.0,0,0.0,0.00,0.0,0,0,0
590429070,通投-选对燕-星光款-托管-日弘-10.1-乘风商销,被计划暂停,审核通过,通投,商品7日总下单ROI,笔记（商品组件）,66fa6a9e000000002a0357da,583691373460942ae8fc16bb,图文笔记,5880416eab3eb404b8f40853,通投-选对燕-星光款-托管-日弘-10.1-乘风商销,82167782,2024-10-01 14:53:36,0.00,0,0,0.0%,0.0,0.0,0,0.00,0.0,0,0,0.0,0,0,0.0,0,0.0,0,0.0,0,0.0,0,0.0,0,0.0,0,0.0,0,0.0,0,0.0,0,0.0,0.00,0.0,0,0,0
588509335,通投-无龄感-青春款-托管-日弘-24.9.30-乘风商销,被计划暂停,不满足审核条件,通投,商品7日总下单ROI,笔记（商品组件）,66fa1517000000002c02dd22,583691373460942ae8fc16bb,图文笔记,5c174c4846283910db893fd5,通投-无龄感-青春款-托管-日弘-24.9.30-乘风商销,82013089,2024-09-30 15:01:47,0.00,0,0,0.0%,0.0,0.0,0,0.00,0.0,0,0,0.0,0,0,0.0,0,0.0,0,0.0,0,0.0,0,0.0,0,0.0,0,0.0,0,0.0,0,0.0,0,0.0,0.00,0.0,0,0,0
587887961,通投-桃花肌-星光款-托管-日弘-二创视频-24.10.1-乘风商销,被计划暂停,审核通过,通投,商品7日总下单ROI,笔记（商品组件）,66f9267c000000002a034b92,583691373460942ae8fc16bb,视频笔记,5c09e20ed1d7ea5c745bea1d,通投-桃花肌-星光款-托管-日弘-二创视频-24.10.1-乘风商销,81936476,2024-09-30 08:38:22,0.00,0,0,0.0%,0.0,0.0,0,0.00,0.0,0,0,0.0,0,0,0.0,0,0.0,0,0.0,0,0.0,0,0.0,0,0.0,0,0.0,0,0.0,0,0.0,0,0.0,0.00,0.0,0,0,0
587110622,通投-中式变-青春款-托管-日弘-二创视频-24.9.29-乘风商销,被计划暂停,不满足审核条件,通投,商品7日总下单ROI,笔记（商品组件）,66f9214c000000002a03297f,583691373460942ae8fc16bb,视频笔记,5c174c4846283910db893fd5,通投-中式变-青春款-托管-日弘-二创视频-24.9.29-乘风商销,81910061,2024-09-29 17:55:32,0.00,0,0,0.0%,0.0,0.0,0,0.00,0.0,0,0,0.0,0,0,0.0,0,0.0,0,0.0,0,0.0,0,0.0,0,0.0,0,0.0,0,0.0,0,0.0,0,0.0,0.00,0.0,0,0,0
586108818,通投-一颗茜茜呀-合集款-托管-日弘-24.9.29-乘风商销,被计划暂停,审核通过,通投,商品7日总下单ROI,笔记（商品组件）,66f4ce63000000002a0339e9,5913479a50c4b402746fc636,图文笔记,5880416eab3eb404b8f40853,通投-一颗茜茜呀-合集款-托管-日弘-24.9.29-乘风商销,81848916,2024-09-29 11:00:22,0.00,0,0,0.0%,0.0,0.0,0,0.00,0.0,0,0,0.0,0,0,0.0,0,0.0,0,0.0,0,0.0,0,0.0,0,0.0,0,0.0,0,0.0,0,0.0,0,0.0,0.00,0.0,0,0,0
586132371,通投-别错过-星光款-托管-7R-24.9.29-乘风商销,被计划暂停,审核通过,通投,商品7日总下单ROI,笔记（商品组件）,66878c910000000003026911,583691373460942ae8fc16bb,图文笔记,5880416eab3eb404b8f40853,通投-别错过-星光款-托管-7R-24.9.29-乘风商销,81787607,2024-09-29 09:37:19,0.00,0,0,0.0%,0.0,0.0,0,0.00,0.0,0,0,0.0,0,0,0.0,0,0.0,0,0.0,0,0.0,0,0.0,0,0.0,0,0.0,0,0.0,0,0.0,0,0.0,0.00,0.0,0,0,0
583485835,通投-智商税-青春款-托管-日弘-24.9.27-乘风商销,被计划暂停,不满足审核条件,通投,商品7日总下单ROI,笔记（商品组件）,66f52806000000002c02c797,583691373460942ae8fc16bb,视频笔记,5c174c4846283910db893fd5,通投-智商税-青春款-托管-日弘-24.9.27-乘风商销,81662687,2024-09-27 17:25:45,0.00,0,0,0.0%,0.0,0.0,0,0.00,0.0,0,0,0.0,0,0,0.0,0,0.0,0,0.0,0,0.0,0,0.0,0,0.0,0,0.0,0,0.0,0,0.0,0,0.0,0.00,0.0,0,0,0
583540749,通投-从女明-星光款-托管-日弘-24.9.27-乘风商销,被计划暂停,审核通过,通投,商品7日总下单ROI,笔记（商品组件）,66f531c5000000002c016848,583691373460942ae8fc16bb,视频笔记,5880416eab3eb404b8f40853,通投-从女明-星光款-托管-日弘-24.9.27-乘风商销,81656944,2024-09-27 17:25:17,0.00,0,0,0.0%,0.0,0.0,0,0.00,0.0,0,0,0.0,0,0,0.0,0,0.0,0,0.0,0,0.0,0,0.0,0,0.0,0,0.0,0,0.0,0,0.0,0,0.0,0.00,0.0,0,0,0
583485639,通投-抓住秋-星光款-托管-日弘-24.9.27-乘风商销,被计划暂停,审核通过,通投,商品7日总下单ROI,笔记（商品组件）,66f60100000000002c0151dc,583691373460942ae8fc16bb,图文笔记,5c09e20ed1d7ea5c745bea1d,通投-抓住秋-星光款-托管-日弘-24.9.27-乘风商销,81662645,2024-09-27 17:24:54,0.00,0,0,0.0%,0.0,0.0,0,0.00,0.0,0,0,0.0,0,0,0.0,0,0.0,0,0.0,0,0.0,0,0.0,0,0.0,0,0.0,0,0.0,0,0.0,0,0.0,0.00,0.0,0,0,0
583299075,通投-拒绝变-星光款-托管-日弘-24.9.27-乘风商销,被计划暂停,审核通过,通投,商品7日总下单ROI,笔记（商品组件）,66f52987000000002c02da51,583691373460942ae8fc16bb,视频笔记,5880416eab3eb404b8f40853,通投-拒绝变-星光款-托管-日弘-24.9.27-乘风商销,81651025,2024-09-27 17:23:27,0.00,0,0,0.0%,0.0,0.0,0,0.00,0.0,0,0,0.0,0,0,0.0,0,0.0,0,0.0,0,0.0,0,0.0,0,0.0,0,0.0,0,0.0,0,0.0,0,0.0,0.00,0.0,0,0,0
583313954,通投-跟着陈-青春款-托管-日弘-24.9.27-乘风商销,被计划暂停,不满足审核条件,通投,商品7日总下单ROI,笔记（商品组件）,66f52b02000000002a035b57,583691373460942ae8fc16bb,图文笔记,5c174c4846283910db893fd5,通投-跟着陈-青春款-托管-日弘-24.9.27-乘风商销,81639112,2024-09-27 17:22:51,0.00,0,0,0.0%,0.0,0.0,0,0.00,0.0,0,0,0.0,0,0,0.0,0,0.0,0,0.0,0,0.0,0,0.0,0,0.0,0,0.0,0,0.0,0,0.0,0,0.0,0.00,0.0,0,0,0
583239299,通投-贵妇圈-星光款-托管-日弘-24.9.27-乘风商销,被计划暂停,审核通过,通投,商品7日总下单ROI,笔记（商品组件）,66f4cdac000000002a034f89,583691373460942ae8fc16bb,图文笔记,5880416eab3eb404b8f40853,通投-贵妇圈-星光款-托管-日弘-24.9.27-乘风商销,81656827,2024-09-27 17:22:06,0.00,0,0,0.0%,0.0,0.0,0,0.00,0.0,0,0,0.0,0,0,0.0,0,0.0,0,0.0,0,0.0,0,0.0,0,0.0,0,0.0,0,0.0,0,0.0,0,0.0,0.00,0.0,0,0,0
582235783,通投-真的太-星光款-托管-日弘-24.9.27-乘风商销,被计划暂停,审核通过,通投,商品7日总下单ROI,笔记（商品组件）,66ced14a000000001f03d407,583691373460942ae8fc16bb,图文笔记,5880416eab3eb404b8f40853,通投-真的太-星光款-托管-日弘-24.9.27-乘风商销,81558307,2024-09-27 09:45:37,0.00,0,0,0.0%,0.0,0.0,0,0.00,0.0,0,0,0.0,0,0,0.0,0,0.0,0,0.0,0,0.0,0,0.0,0,0.0,0,0.0,0,0.0,0,0.0,0,0.0,0.00,0.0,0,0,0
582407961,通投-拒绝变-星光款-托管-日弘视频-24.9.27-乘风商销,被计划暂停,审核通过,通投,商品7日总下单ROI,笔记（商品组件）,66f52987000000002c02da51,583691373460942ae8fc16bb,视频笔记,5880416eab3eb404b8f40853,通投-拒绝变-星光款-托管-日弘视频-24.9.27-乘风商销,81552251,2024-09-27 09:42:29,0.00,0,0,0.0%,0.0,0.0,0,0.00,0.0,0,0,0.0,0,0,0.0,0,0.0,0,0.0,0,0.0,0,0.0,0,0.0,0,0.0,0,0.0,0,0.0,0,0.0,0.00,0.0,0,0,0
582462524,通投-肌肤的-星光款-托管-日弘视频-24.9.27-乘风商销,被计划暂停,审核通过,通投,商品7日总下单ROI,笔记（商品组件）,669a357e000000000302610c,583691373460942ae8fc16bb,视频笔记,5c09e20ed1d7ea5c745bea1d,通投-肌肤的-星光款-托管-日弘视频-24.9.27-乘风商销,81534644,2024-09-27 09:41:57,0.00,0,0,0.0%,0.0,0.0,0,0.00,0.0,0,0,0.0,0,0,0.0,0,0.0,0,0.0,0,0.0,0,0.0,0,0.0,0,0.0,0,0.0,0,0.0,0,0.0,0.00,0.0,0,0,0
580496719,通投-二胎宝-星光款-高级定向-24.9.26-乘风商销,被计划暂停,审核通过,通投,商品7日总下单ROI,笔记（商品组件）,66a1e7b1000000000a026f8f,583691373460942ae8fc16bb,视频笔记,5880416eab3eb404b8f40853,通投-笔记合集-星光款-高级定向-24.9.26-乘风商销,81449204,2024-09-26 14:16:13,0.00,0,0,0.0%,0.0,0.0,0,0.00,0.0,0,0,0.0,0,0,0.0,0,0.0,0,0.0,0,0.0,0,0.0,0,0.0,0,0.0,0,0.0,0,0.0,0,0.0,0.00,0.0,0,0,0
580669921,通投-在线的-星光款-高级定向-24.9.26-乘风商销,被计划暂停,审核通过,通投,商品7日总下单ROI,笔记（商品组件）,66d02f70000000001f03b663,583691373460942ae8fc16bb,视频笔记,5c09e20ed1d7ea5c745bea1d,通投-笔记合集-星光款-高级定向-24.9.26-乘风商销,81449204,2024-09-26 14:14:17,0.00,0,0,0.0%,0.0,0.0,0,0.00,0.0,0,0,0.0,0,0,0.0,0,0.0,0,0.0,0,0.0,0,0.0,0,0.0,0,0.0,0,0.0,0,0.0,0,0.0,0.00,0.0,0,0,0
580081692,通投-叁叁子-青春款-托管-达人-24.9.26-乘风商销,被计划暂停,审核通过,通投,商品7日总下单ROI,笔记（商品组件）,66f2980a000000002a034ef8,5eb0e8320000000001007389,图文笔记,5c174c4846283910db893fd5,通投-叁叁子-青春款-托管-达人-24.9.26-乘风商销,81402439,2024-09-26 11:07:15,0.00,0,0,0.0%,0.0,0.0,0,0.00,0.0,0,0,0.0,0,0,0.0,0,0.0,0,0.0,0,0.0,0,0.0,0,0.0,0,0.0,0,0.0,0,0.0,0,0.0,0.00,0.0,0,0,0
577621246,通投-漂亮女-星光款-托管-日弘视频-24.9.24-乘风商销,被计划暂停,审核通过,通投,商品7日总下单ROI,笔记（商品组件）,66f291d9000000002a0349d4,583691373460942ae8fc16bb,视频笔记,5880416eab3eb404b8f40853,通投-漂亮女-星光款-托管-日弘视频-24.9.24-乘风商销,81221521,2024-09-25 09:42:58,0.00,0,0,0.0%,0.0,0.0,0,0.00,0.0,0,0,0.0,0,0,0.0,0,0.0,0,0.0,0,0.0,0,0.0,0,0.0,0,0.0,0,0.0,0,0.0,0,0.0,0.00,0.0,0,0,0
577664501,通投-星严选-青春款-托管-日弘视频-24.9.25-乘风商销,被计划暂停,不满足审核条件,通投,商品7日总下单ROI,笔记（商品组件）,66f2999e000000002a03013e,583691373460942ae8fc16bb,视频笔记,5c174c4846283910db893fd5,通投-星严选-青春款-托管-日弘视频-24.9.25-乘风商销,81232226,2024-09-25 08:53:18,0.00,0,0,0.0%,0.0,0.0,0,0.00,0.0,0,0,0.0,0,0,0.0,0,0.0,0,0.0,0,0.0,0,0.0,0,0.0,0,0.0,0,0.0,0,0.0,0,0.0,0.00,0.0,0,0,0
575646519,通投-孕妈必-星光款-母婴人群-日弘视频-24.9.24-乘风商销,被计划暂停,审核通过,通投,商品7日总下单ROI,笔记（商品组件）,66d95d22000000002603ddd6,583691373460942ae8fc16bb,视频笔记,5c09e20ed1d7ea5c745bea1d,通投-孕妈必-星光款-母婴人群-日弘视频-24.9.24-乘风商销,81064455,2024-09-24 09:41:45,0.00,0,0,0.0%,0.0,0.0,0,0.00,0.0,0,0,0.0,0,0,0.0,0,0.0,0,0.0,0,0.0,0,0.0,0,0.0,0,0.0,0,0.0,0,0.0,0,0.0,0.00,0.0,0,0,0
575585857,通投-李梦二创-青春款-高级定向-日弘-24.9.24-乘风商销,被计划暂停,不满足审核条件,通投,商品7日总下单ROI,笔记（商品组件）,66e2b8570000000026032ed2,583691373460942ae8fc16bb,视频笔记,5badcb8246283915feab7570,通投-合集-星光/青春-高级定向-日弘-24.9.24-乘风商销,81087463,2024-09-24 09:32:18,0.00,0,0,0.0%,0.0,0.0,0,0.00,0.0,0,0,0.0,0,0,0.0,0,0.0,0,0.0,0,0.0,0,0.0,0,0.0,0,0.0,0,0.0,0,0.0,0,0.0,0.00,0.0,0,0,0
575585856,通投-太夸张-星光款-高级定向-日弘-24.9.24-乘风商销,暂停,审核拒绝,通投,商品7日总下单ROI,笔记（商品组件）,66e2c31c0000000026032cab,583691373460942ae8fc16bb,图文笔记,5c09e20ed1d7ea5c745bea1d,通投-合集-星光/青春-高级定向-日弘-24.9.24-乘风商销,81087463,2024-09-24 09:32:18,0.00,0,0,0.0%,0.0,0.0,0,0.00,0.0,0,0,0.0,0,0,0.0,0,0.0,0,0.0,0,0.0,0,0.0,0,0.0,0,0.0,0,0.0,0,0.0,0,0.0,0.00,0.0,0,0,0
575584304,通投-二胎宝-星光款-高级定向-日弘视频-24.9.24-乘风商销,被计划暂停,审核通过,通投,商品7日总下单ROI,笔记（商品组件）,66a1e7b1000000000a026f8f,583691373460942ae8fc16bb,视频笔记,5880416eab3eb404b8f40853,通投-合集-星光款-高级定向-日弘-24.9.24-乘风商销,81081560,2024-09-24 09:29:33,0.00,0,0,0.0%,0.0,0.0,0,0.00,0.0,0,0,0.0,0,0,0.0,0,0.0,0,0.0,0,0.0,0,0.0,0,0.0,0,0.0,0,0.0,0,0.0,0,0.0,0.00,0.0,0,0,0
575584303,通投-哺乳期-星光款-高级定向-日弘-24.9.24-乘风商销,被计划暂停,审核通过,通投,商品7日总下单ROI,笔记（商品组件）,66e5616e0000000027001def,583691373460942ae8fc16bb,图文笔记,5880416eab3eb404b8f40853,通投-合集-星光款-高级定向-日弘-24.9.24-乘风商销,81081560,2024-09-24 09:29:33,0.00,0,0,0.0%,0.0,0.0,0,0.00,0.0,0,0,0.0,0,0,0.0,0,0.0,0,0.0,0,0.0,0,0.0,0,0.0,0,0.0,0,0.0,0,0.0,0,0.0,0.00,0.0,0,0,0
575584302,通投-真的太-星光款-高级定向-日弘-24.9.24-乘风商销,被计划暂停,审核通过,通投,商品7日总下单ROI,笔记（商品组件）,66ced14a000000001f03d407,583691373460942ae8fc16bb,图文笔记,5880416eab3eb404b8f40853,通投-合集-星光款-高级定向-日弘-24.9.24-乘风商销,81081560,2024-09-24 09:29:33,0.00,0,0,0.0%,0.0,0.0,0,0.00,0.0,0,0,0.0,0,0,0.0,0,0.0,0,0.0,0,0.0,0,0.0,0,0.0,0,0.0,0,0.0,0,0.0,0,0.0,0.00,0.0,0,0,0
573615553,通投-气色滋-青春款-托管-日弘-24.9.23-乘风商销,被计划暂停,不满足审核条件,通投,商品7日总下单ROI,笔记（商品组件）,66f0d3250000000026033477,583691373460942ae8fc16bb,图文笔记,5c174c4846283910db893fd5,通投-气色滋-青春款-托管-日弘-24.9.23-乘风商销,80934622,2024-09-23 11:43:19,0.00,0,0,0.0%,0.0,0.0,0,0.00,0.0,0,0,0.0,0,0,0.0,0,0.0,0,0.0,0,0.0,0,0.0,0,0.0,0,0.0,0,0.0,0,0.0,0,0.0,0.00,0.0,0,0,0
572549433,通投-陈乔恩二创-青春款-托管-日弘-24.9.22-乘风商销,被计划暂停,不满足审核条件,通投,商品7日总下单ROI,笔记（商品组件）,66e4e318000000002603cf59,583691373460942ae8fc16bb,视频笔记,5c174c4846283910db893fd5,通投-陈乔恩二创-青春款-托管-日弘-24.9.22-乘风商销,80869509,2024-09-22 18:31:01,0.00,0,0,0.0%,0.0,0.0,0,0.00,0.0,0,0,0.0,0,0,0.0,0,0.0,0,0.0,0,0.0,0,0.0,0,0.0,0,0.0,0,0.0,0,0.0,0,0.0,0.00,0.0,0,0,0
253943358,通投-孕妈必-星光款-母婴人群-24.9.19优化-乘风商销,被计划暂停,审核通过,通投,商品7日总下单ROI,笔记（商品组件）,66d95d22000000002603ddd6,583691373460942ae8fc16bb,视频笔记,5c09e20ed1d7ea5c745bea1d,通投-孕妈必-星光款-母婴人群-24.9.19优化-乘风商销,49898002,2024-09-19 14:16:04,0.00,0,0,0.0%,0.0,0.0,0,0.00,0.0,0,0,0.0,0,0,0.0,0,0.0,0,0.0,0,0.0,0,0.0,0,0.0,0,0.0,0,0.0,0,0.0,0,0.0,0.00,0.0,0,0,0
253942284,通投-哺乳期-星光款-高级定向-日弘-24.9.19-乘风商销,被计划暂停,审核通过,通投,商品7日总下单ROI,笔记（商品组件）,66e5616e0000000027001def,583691373460942ae8fc16bb,图文笔记,5880416eab3eb404b8f40853,通投-哺乳期-星光款-高级定向-日弘-24.9.19-乘风商销,49897798,2024-09-19 14:13:39,0.00,0,0,0.0%,0.0,0.0,0,0.00,0.0,0,0,0.0,0,0,0.0,0,0.0,0,0.0,0,0.0,0,0.0,0,0.0,0,0.0,0,0.0,0,0.0,0,0.0,0.00,0.0,0,0,0
253865409,通投-肌肤的-星光款-托管-日弘-24.9.19-乘风商销,被计划暂停,审核通过,通投,商品7日总下单ROI,笔记（商品组件）,669a357e000000000302610c,583691373460942ae8fc16bb,视频笔记,5c09e20ed1d7ea5c745bea1d,通投-肌肤的-星光款-托管-日弘-24.9.19-乘风商销,49876550,2024-09-19 09:21:08,0.00,0,0,0.0%,0.0,0.0,0,0.00,0.0,0,0,0.0,0,0,0.0,0,0.0,0,0.0,0,0.0,0,0.0,0,0.0,0,0.0,0,0.0,0,0.0,0,0.0,0.00,0.0,0,0,0
253865274,通投-女明星-星光款-托管-日弘-24.9.19-乘风商销,被计划暂停,审核拒绝,通投,商品7日总下单ROI,笔记（商品组件）,6673f083000000001d01b2e6,583691373460942ae8fc16bb,图文笔记,5880416eab3eb404b8f40853,通投-女明星-星光款-托管-日弘-24.9.19-乘风商销,49876507,2024-09-19 09:20:16,0.00,0,0,0.0%,0.0,0.0,0,0.00,0.0,0,0,0.0,0,0,0.0,0,0.0,0,0.0,0,0.0,0,0.0,0,0.0,0,0.0,0,0.0,0,0.0,0,0.0,0.00,0.0,0,0,0
253865136,通投-懂行的-星光款-托管-24.9.19-乘风商销,被计划暂停,审核通过,通投,商品7日总下单ROI,笔记（商品组件）,66d7c90e000000001f03eb73,583691373460942ae8fc16bb,图文笔记,5c09e20ed1d7ea5c745bea1d,通投-懂行的-星光款-托管-24.9.19-乘风商销,49876440,2024-09-19 09:19:00,0.00,0,0,0.0%,0.0,0.0,0,0.00,0.0,0,0,0.0,0,0,0.0,0,0.0,0,0.0,0,0.0,0,0.0,0,0.0,0,0.0,0,0.0,0,0.0,0,0.0,0.00,0.0,0,0,0
253864909,通投-不要多-青春款-托管-日弘-24.9.19-乘风商销,被计划暂停,不满足审核条件,通投,商品7日总下单ROI,笔记（商品组件）,66e54b8d0000000027006e71,583691373460942ae8fc16bb,图文笔记,5c174c4846283910db893fd5,通投-不要多-青春款-托管-日弘-24.9.19-乘风商销,49876353,2024-09-19 09:17:04,0.00,0,0,0.0%,0.0,0.0,0,0.00,0.0,0,0,0.0,0,0,0.0,0,0.0,0,0.0,0,0.0,0,0.0,0,0.0,0,0.0,0,0.0,0,0.0,0,0.0,0.00,0.0,0,0,0
253680641,通投-太夸张-星光款-托管-日弘-24.9.18-乘风商销,被计划暂停,审核拒绝,通投,商品7日总下单ROI,笔记（商品组件）,66e2c31c0000000026032cab,583691373460942ae8fc16bb,图文笔记,5c09e20ed1d7ea5c745bea1d,通投-太夸张-星光款-托管-日弘-24.9.18-乘风商销,49817721,2024-09-18 09:37:46,0.00,0,0,0.0%,0.0,0.0,0,0.00,0.0,0,0,0.0,0,0,0.0,0,0.0,0,0.0,0,0.0,0,0.0,0,0.0,0,0.0,0,0.0,0,0.0,0,0.0,0.00,0.0,0,0,0
253680442,通投-李梦二创-青春款-托管-日弘-二创视频-24.9.19-乘风商销,被计划暂停,不满足审核条件,通投,商品7日总下单ROI,笔记（商品组件）,66e2b8570000000026032ed2,583691373460942ae8fc16bb,视频笔记,5badcb8246283915feab7570,通投-李梦二创-青春款-托管-日弘-二创视频-24.9.19-乘风商销,49817622,2024-09-18 09:36:14,0.00,0,0,0.0%,0.0,0.0,0,0.00,0.0,0,0,0.0,0,0,0.0,0,0.0,0,0.0,0,0.0,0,0.0,0,0.0,0,0.0,0,0.0,0,0.0,0,0.0,0.00,0.0,0,0,0
253254269,通投-哺乳期-星光款-托管-日弘-24.9.14-乘风商销,被计划暂停,审核通过,通投,商品7日总下单ROI,笔记（商品组件）,66e5616e0000000027001def,583691373460942ae8fc16bb,图文笔记,5880416eab3eb404b8f40853,通投-哺乳期-星光款-托管-日弘-24.9.14-乘风商销,49651254,2024-09-14 18:15:56,0.00,0,0,0.0%,0.0,0.0,0,0.00,0.0,0,0,0.0,0,0,0.0,0,0.0,0,0.0,0,0.0,0,0.0,0,0.0,0,0.0,0,0.0,0,0.0,0,0.0,0.00,0.0,0,0,0
253192637,通投-吃出来-青春款-托管-日弘-24.9.14-乘风商销,被计划暂停,审核通过,通投,商品7日总下单ROI,笔记（商品组件）,66bc5676000000000503bba8,583691373460942ae8fc16bb,图文笔记,5c174c4846283910db893fd5,通投-吃出来-青春款-托管-日弘-24.9.14-乘风商销,49635458,2024-09-14 14:58:38,0.00,0,0,0.0%,0.0,0.0,0,0.00,0.0,0,0,0.0,0,0,0.0,0,0.0,0,0.0,0,0.0,0,0.0,0,0.0,0,0.0,0,0.0,0,0.0,0,0.0,0.00,0.0,0,0,0
251023952,通投-在线的-星光款-托管-24.8.29-乘风商销,被计划暂停,审核通过,通投,商品7日总下单ROI,笔记（商品组件）,66d02f70000000001f03b663,583691373460942ae8fc16bb,视频笔记,5c09e20ed1d7ea5c745bea1d,通投-在线的-星光款-托管-24.8.29-乘风商销,47676869,2024-08-29 16:32:06,0.00,0,0,0.0%,0.0,0.0,0,0.00,0.0,0,0,0.0,0,0,0.0,0,0.0,0,0.0,0,0.0,0,0.0,0,0.0,0,0.0,0,0.0,0,0.0,0,0.0,0.00,0.0,0,0,0
250574420,通投-别错过-星光款-托管-7R-24.8.28-乘风商销,被计划暂停,审核通过,通投,商品7日总下单ROI,笔记（商品组件）,66878c910000000003026911,583691373460942ae8fc16bb,图文笔记,5880416eab3eb404b8f40853,通投-别错过-星光款-托管-7R-24.8.28-乘风商销,47478757,2024-08-28 10:37:48,0.00,0,0,0.0%,0.0,0.0,0,0.00,0.0,0,0,0.0,0,0,0.0,0,0.0,0,0.0,0,0.0,0,0.0,0,0.0,0,0.0,0,0.0,0,0.0,0,0.0,0.00,0.0,0,0,0
250083222,通投-子怡姐-星光款-托管-7R-24.8.27-乘风商销,被计划暂停,审核通过,通投,商品7日总下单ROI,笔记（商品组件）,6656a0ea000000001303e42a,583691373460942ae8fc16bb,图文笔记,5880416eab3eb404b8f40853,通投-子怡姐-星光款-托管-7R-24.8.27-乘风商销,47394290,2024-08-27 15:52:43,0.00,0,0,0.0%,0.0,0.0,0,0.00,0.0,0,0,0.0,0,0,0.0,0,0.0,0,0.0,0,0.0,0,0.0,0,0.0,0,0.0,0,0.0,0,0.0,0,0.0,0.00,0.0,0,0,0
249696730,通投-好搭子-星光款-托管-7R-视频-24.8.27-乘风商销,被计划暂停,审核通过,通投,商品7日总下单ROI,笔记（商品组件）,66b49975000000000d0306ef,583691373460942ae8fc16bb,视频笔记,5880416eab3eb404b8f40853,通投-好搭子-星光款-托管-7R-视频-24.8.27-乘风商销,47346204,2024-08-27 11:09:42,0.00,0,0,0.0%,0.0,0.0,0,0.00,0.0,0,0,0.0,0,0,0.0,0,0.0,0,0.0,0,0.0,0,0.0,0,0.0,0,0.0,0,0.0,0,0.0,0,0.0,0.00,0.0,0,0,0
249695582,信息-中秋送-中秋礼盒-托管-7R-24.8.27-乘风商销,被计划暂停,审核通过,通投,商品7日总下单ROI,笔记（商品组件）,66c2b45500000000050206f0,583691373460942ae8fc16bb,图文笔记,66bd9ef26cca45000114eba0,信息-中秋送-中秋礼盒-托管-7R-24.8.27-乘风商销,47346079,2024-08-27 11:09:00,0.00,0,0,0.0%,0.0,0.0,0,0.00,0.0,0,0,0.0,0,0,0.0,0,0.0,0,0.0,0,0.0,0,0.0,0,0.0,0,0.0,0,0.0,0,0.0,0,0.0,0.00,0.0,0,0,0
249585433,通投-吃出来-青春款-托管-7R-24.8.27-乘风商销,被计划暂停,审核通过,通投,商品7日总下单ROI,笔记（商品组件）,66bc5676000000000503bba8,583691373460942ae8fc16bb,图文笔记,5c174c4846283910db893fd5,通投-吃出来-青春款-托管-7R-24.8.27-乘风商销,47333670,2024-08-27 10:12:23,0.00,0,0,0.0%,0.0,0.0,0,0.00,0.0,0,0,0.0,0,0,0.0,0,0.0,0,0.0,0,0.0,0,0.0,0,0.0,0,0.0,0,0.0,0,0.0,0,0.0,0.00,0.0,0,0,0
249577250,通投-二胎宝-星光款-托管-24.8.27-乘风商销,被计划暂停,审核通过,通投,商品7日总下单ROI,笔记（商品组件）,66a1e7b1000000000a026f8f,583691373460942ae8fc16bb,视频笔记,5880416eab3eb404b8f40853,通投-二胎宝-星光款-托管-24.8.27-乘风商销,47333012,2024-08-27 10:09:28,0.00,0,0,0.0%,0.0,0.0,0,0.00,0.0,0,0,0.0,0,0,0.0,0,0.0,0,0.0,0,0.0,0,0.0,0,0.0,0,0.0,0,0.0,0,0.0,0,0.0,0.00,0.0,0,0,0
249470209,通投-娜娜学姐-中秋礼盒-托管-视频-24.8.27-乘风商销,被计划暂停,审核通过,通投,商品7日总下单ROI,笔记（商品组件）,66c31153000000001f03a8f1,601a903d0000000001005592,视频笔记,66bda1313a77210001502996,通投-娜娜学姐-中秋礼盒-托管-视频-24.8.27-乘风商销,47321280,2024-08-27 08:50:30,0.00,0,0,0.0%,0.0,0.0,0,0.00,0.0,0,0,0.0,0,0,0.0,0,0.0,0,0.0,0,0.0,0,0.0,0,0.0,0,0.0,0,0.0,0,0.0,0,0.0,0.00,0.0,0,0,0
249468619,通投-真神了-青春款-托管-24.8.27-乘风商销,被计划暂停,不满足审核条件,通投,商品7日总下单ROI,笔记（商品组件）,66c5bff4000000001f0144e0,583691373460942ae8fc16bb,图文笔记,5c174c4846283910db893fd5,通投-真神了-青春款-托管-24.8.27-乘风商销,47321131,2024-08-27 08:48:27,0.00,0,0,0.0%,0.0,0.0,0,0.00,0.0,0,0,0.0,0,0,0.0,0,0.0,0,0.0,0,0.0,0,0.0,0,0.0,0,0.0,0,0.0,0,0.0,0,0.0,0.00,0.0,0,0,0
249468083,通投-孕期也-星光款-托管-24.8.27-乘风商销,被计划暂停,审核通过,通投,商品7日总下单ROI,笔记（商品组件）,66c7da99000000001f01f769,583691373460942ae8fc16bb,图文笔记,5c09e20ed1d7ea5c745bea1d,通投-孕期也-星光款-托管-24.8.27-乘风商销,47321075,2024-08-27 08:47:32,0.00,0,0,0.0%,0.0,0.0,0,0.00,0.0,0,0,0.0,0,0,0.0,0,0.0,0,0.0,0,0.0,0,0.0,0,0.0,0,0.0,0,0.0,0,0.0,0,0.0,0.00,0.0,0,0,0
