笔记ID,笔记标题,笔记链接,笔记简称,笔记内容方向,笔记场景,笔记来源,产品,,,
663a0d60000000001e019ec3,身材变形计！！从圆润到线条，就要一包它！,,一包它,,,自产笔记,仙女冻,,,
663a045b000000001e01cd16,黑黄皮必看！后天也能养成冷白皮,,后天也,,,自产笔记,白肌饮,,,
663b4889000000001e01ef6e,素颜自带滤镜，抗糖之后原来可以这么美！,,带滤镜,,,自产笔记,AGX抗糖饮,,,
6639fbda000000001e02663d,能防晒的精华？二合一，抗老防晒新玩法！,,新玩法,,,自产笔记,抗糖防晒,,,
663b4d52000000001e019bdb,体会到贵妇面膜抗衰实力！黄垮脸往哪逃？,,往哪逃,,,自产笔记,碳酸面膜,,,
663b519b000000001e024bed,脸蛋提拉？这面膜打出生就专业对口！,,业对口,,,自产笔记,碳酸面膜,,,
663b5876000000001e019586,夏日逆袭牛波一！get好身材自信穿辣妹装！,,辣妹装,,,自产笔记,仙女冻,,,
663c34ec000000001e024dab,黄黑皮爆改反光板，再白就不礼貌了！,,不礼貌,,,自产笔记,白肌饮,,,
663c8068000000001e02ff1e,晓姿全新新品重磅来袭！抗衰就是这么简单,,晓姿全,,,自产笔记,7D驱动饮,,,
663b5c8d000000001e0233dd,贵妇圈防晒新宠！！抗糖防晒实现素颜牛奶肌,,牛奶肌,,,自产笔记,抗糖防晒,,,
663c94a0000000001e0278ee,学女明星逆生长？先看自己的保养思路对不对,,学女明,,,自产笔记,X白组合,,,
663c64fa000000001e020cd3,百斤女孩的救星！裤子换码比换季还快！！,,季还快,,,自产笔记,益生菌+仙女冻,,,
663d781b000000001e01e66a,钟楚曦素颜上镜的底气！女明星可太会保养了~,,钟楚曦8,,,自产笔记,AGX抗糖饮,,,
663d8569000000001e0210e9,内服！你上大分！黄黑皮狠狠get到了！,,上大分,,,自产笔记,白肌饮,,,
663dd3e2000000001e01e09f,老天奶！谁能想到现在防晒还能这样卷,,老天奶,,,自产笔记,抗糖防晒,,,
663f1d63000000001e02f00f,夏季身材管理！易如反掌~,,如反掌,,,自产笔记,益生菌+仙女冻,,,
663f173c000000001e0190a5,贵妇内服！作弊式速成透亮少女肌~,,速成透,,,自产笔记,X白组合,,,
663f34ed000000001e01919b,杀疯了!美女全身管理松松拿下!,,杀疯了,,,自产笔记,AGX+益生菌+仙女冻,,,
6641e4cd000000001e01ee56,揭秘抗糖真相！糖化脸终于渡劫成功！,,劫成功,,,自产笔记,AGX抗糖饮,,,
66442875000000001e0269b6,美貌身材两手抓！这就是贵妇级内调的秘密！,,这就是,,,自产笔记,AGX+益生菌+仙女冻,,,
66447428000000001e01875b,扭转夏日出游危“肌”！晒后依旧透亮发光！,,扭转夏,,,自产笔记,抗糖防晒,,,
66449e05000000001e0203ee,重回透亮水光肌！高段位内卷还得是抗糖！,,重回透,,,自产笔记,AGX抗糖饮,,,
66447f87000000001e01c760,摊牌了！这才是贵妇圈没有对手的逆龄CP~,,这才是,,,自产笔记,X白组合,,,
66455aeb000000001e01c624,"5月宠粉福利！公主们请查收！
",,,,,自产笔记,,,,
6645a195000000001e02e9cc,懒人出门搭子！三效合一的晓姿新品防晒！,,门搭子,,,自产笔记,抗糖防晒,,,
6645aa90000000001e01ee33,不装了！不努力还能轻盈体态的底气全靠它！,,不努力,,,自产笔记,仙女冻,,,X白
6645b0f0000000001e025dc4,XS码自由的秘密？看这篇就够！,,自由的,,,自产笔记,仙女冻,,,
6645cab3000000001e0221f1,黄黑皮也能白？贵妇姐妹的嫩肤逆龄宝藏,,龄宝藏,,,自产笔记,白肌饮,,,
6644a05e000000001e01ad62,内服真的牛 顽固的肉肉拜拜啦！,,顽固的,,,自产笔记,仙女冻,,,
6645db49000000001e02c99a,趁大促??恭迎钮祜禄冷白氏！！！,,钮祜禄,,,自产笔记,白肌饮,,,
6645e6d8000000001e02c5ae,谁能拒绝健康掉秤还不复胖？百斤女孩抄作业,,不复胖,,,自产笔记,仙女冻,,,
6645d887000000001e0200e3,婚礼倒计时，脸部急救的小秘密秘?,,婚礼倒,,,自产笔记,AGX抗糖饮,,,
66460439000000001e02c487,服了...抗糖就应该按照这个标准来卷啊！！,,来卷啊,,,自产笔记,AGX+抗糖防晒,,,
6645de74000000001e019735,直播间太癫了！快来薅内服羊毛！,,活动笔记,,,自产笔记,活动笔记,,,
6646ba00000000001e02c4ed,速来get纤体新潮流 轻松变身小“腰”精,,新潮流,,,自产笔记,仙女冻,,,
6646d0130000000015009e85,报恩级急救！拯救夏日空调肌！??,,报恩级,,,自产笔记,碳酸面膜,,,
6645e98e000000001e01cf61,辣妈秘诀！轻松拿捏少女体态！,,辣妈秘,,,自产笔记,仙女冻,,,
664706dd000000001500abdb,女神体态鲨疯了，希望它火又不希望太火！,,望太火,,,自产笔记,益生菌+仙女冻,,,
6645c19f000000001e02ea6a,细纹垮脸钉子户成功上岸！无痛get饱满肌！,,饱满肌,,,自产笔记,7D驱动饮,,,
66471f34000000000f00e9f0,夏日变美大作战！快来紧跟高阶抗糖内服！,,快来紧,,,自产笔记,AGX抗糖饮,,,
66472568000000001500bd04,晓姿新品防嗮卷出新高度！能抗糖的防晒,,新高度,,,自产笔记,抗糖防晒,,,
66473751000000000c01805c,520送礼推荐|送到心坎坎的眼膜！,,,,,自产笔记,金字塔眼膜联名款,,,
664bf15e000000000f00e36a,钟楚曦同款！逆龄生长谁不爱？,,钟楚曦10,,,自产笔记,AGX抗糖饮,,,
66470b4c000000000f00d0b8,K老强的可怕！喝上了钟楚曦同款保养大招！,,钟楚曦9,,,自产笔记,AGX抗糖饮,,,
664c215900000000150107da,穿衣自由的作弊神器？内服真的牛,,穿衣自,,,自产笔记,仙女冻,,,
664c6044000000000f00f858,28+保持少女肌，拒绝垮脸暗沉的内服cp,,垮脸暗,,,自产笔记,X白组合,,,
664c505d000000001500b558,你与辣妹的差距只差1盒晓姿仙女冻,,你与辣,,,自产笔记,仙女冻,,,
664d4896000000001500a0f4,女明星冻龄秘?大公开！内服抗衰CP锁龄18+,,星冻龄,,,自产笔记,X白组合,,,
664d63d4000000001303eba9,“黄黑皮”out！谁还不是个行走的灯泡了,,灯泡了,,,自产笔记,白肌饮,,,
664dae38000000001303c5e4,悟了！原来美女都靠这个瘦的...,,袁姗姗8,,,自产笔记,仙女冻,,,
664db664000000000c019ce6,15min还原少女肌？抗老还得看贵妇！,,看贵妇,,,自产笔记,碳酸面膜,,,
664db949000000000f00efbc,晓姿上新！外防晒内抗糖！这次真晒不黑了！,,外防晒,,,自产笔记,抗糖防晒,,,
664dbf33000000001501196b,揭秘抗衰秘籍！让冻龄不被“糖化”绑架！,,让冻龄,,,自产笔记,AGX抗糖饮,,,
664dccda000000001303dcb0,根本晒不黄！抗糖防晒进入next level！,,晒不黄,,,自产笔记,AGX+抗糖防晒,,,
664dc70e000000000c019b3a,一片就脸蛋回春？贵妇姐妹的冻龄面膜！,,一片就,,,自产笔记,碳酸面膜,,,
664dd3e3000000000f00d51d,晓姿新品抗衰快乐饮！给垮脸来点内服震撼！,,快乐饮,,,自产笔记,7D驱动饮,,,
664de45a000000000c01958c,肌肤黄垮？腰腹赘肉？原来问题出在这！,,,,,自产笔记,AGX+益生菌+仙女冻,,,
664dbe67000000000f00e9bc,必囤内服好物，没它真的不行！,,没它真,,,自产笔记,白肌饮,,,
664f1387000000001500afe8,掉秤困难户专属！辣妹身材赢麻了,,户专属,,,自产笔记,益生菌+仙女冻,,,
664f1974000000001303ee60,宝妈恢复新思路，嫩回18不是梦,,宝妈恢,,,自产笔记,X白组合,,,
664f2468000000000f00cebf,破防了！纤美女神原来是靠它们养成的？！,,纤美女,,,自产笔记,AGX+益生菌+仙女冻,,,
664fe879000000000f00c50b,口服届的冻龄魔法？喝到素颜都在发光,,龄魔法,,,自产笔记,X白组合,,,
665041cf000000001500a6c8,女明星夏日纤影秘?籍大公开！,,袁姗姗1,,,自产笔记,仙女冻,,,
66504a19000000000f00e74a,内调抗糖养出好气色 变身夏日氛围感美女,,感美女,,,自产笔记,AGX抗糖饮,,,
66505f01000000000c01985b,贵妇防晒届真的卷翻天！不愧是你啊晓姿！,,啊晓姿,,,自产笔记,小银伞防晒,,,
66505fd00000000015013c69,跟着袁姗姗学会了如何进行热量消耗,,跟着袁,,,自产笔记,仙女冻,,,
665062b3000000000c0182f7,夏日掉秤难？晓姿新品带你身材管理轻松开挂,,夏日掉,,,自产笔记,仙女冻,,,
66506146000000001500be3f,糖化？老化？钟楚曦教你反击get嫩滑肌,,钟楚曦11,,,自产笔记,AGX抗糖饮,,,
66506a7b00000000150136a0,袁姗姗同款！这个夏日练就女明星般好身材~,,袁姗姗2,,,自产笔记,仙女冻,,,
66506e3a000000000c0184d5,618必买内服套组！提亮抗老不走弯路！,,服套组,,,自产笔记,X白组合,,,
66507884000000000c01b194,夏天防晒还是得看看这个狠角色！！,,狠角色,,,自产笔记,抗糖防晒,,,
6656d66c000000001303d53f,钟楚曦告诉你：抗糖才是漂亮感的关键!,,告诉你,,,自产笔记,AGX抗糖饮,,,
6656daf60000000015012853,袁姗姗马甲线的秘密武器！大腹婆真的会谢,,马甲线,,,自产笔记,仙女冻,,,
6656df18000000000f00e324,抗糖抗氧王炸内服单品！618建议直接按箱囤,,钟楚曦12,,,自产笔记,AGX抗糖饮,,,
6656fbbe000000001303e59a,原来这才是防晒届的扛把子！脸快嫩出水了,,原来这,,,自产笔记,抗糖防晒,,,
6656fc08000000001303e907,眼膜界一姐！眼纹根本不是它对手！,,界一姐,,,自产笔记,金字塔眼膜,,,
665704e3000000000c018e83,跟着钟楚曦抗糖过后！藏不住的少女感！,,跟着钟,,,自产笔记,AGX抗糖饮,,,
6657e8e3000000000c01a57f,晓姿防晒大满贯？618防晒这么囤！,,这么囤,,,自产笔记,小银伞防晒+抗糖防晒,,,
6657d84b000000000c018a20,本命眼膜出现了！袁姗姗带你重拾少女眼,,袁姗姗3,,,自产笔记,金字塔眼膜,,,
6657f631000000001303ee78,跟着港女学保养！让你状态达到next level！,,跟着港,,,自产笔记,AGX+益生菌+仙女冻,,,
66584e34000000001500aea4,狂晒不黑的秘?用它喝出妈生透亮肌！,,用它喝,,,自产笔记,白肌饮,,,
6658164b000000001500a235,女明星身材管理密码！618必囤！错过再等一,,袁姗姗5,,,自产笔记,仙女冻,,,
6658539a00000000150134fb,不做美容院冤大头！闪亮CP逆袭少女肌？,,美容院,,,自产笔记,X白组合,,,
665859e4000000001501378d,晓姿新品来炸场~内服届又要变天了？,,来炸场,,,自产笔记,7D驱动饮,,,
66585f03000000001303ca0c,掌控逆龄回春的神，7D分层对抗垮脸真的牛！,,春的神,,,自产笔记,7D驱动饮,,,
6656f666000000000f00e242,,,袁姗姗4,,,自产笔记,仙女冻,,,
6658563d000000000f00e5f4,挖到宝啦！不愧是贵妇严选！既防晒又养肤~,,又养肤,,,自产笔记,小银伞防晒,,,
66582fa5000000001303c579,抗糖防晒来了！！！给防晒界一点震撼！,,晒来了,,,自产笔记,抗糖防晒,,,
66592e9d000000000f00d4ce,贵妇熬夜也得“肌”密？急救焕亮太夸张啦,,夸张啦,,,自产笔记,碳酸面膜,,,
665933e1000000001501322d,冻龄感这么来！聪明姐妹早早学起来了！,,聪明姐,,,自产笔记,7D驱动饮,,,
66594dbe000000001500a4de,打直球式变美！气质感美女养成指南！,,打直球,,,自产笔记,AGX+益生菌+仙女冻,,,
66596bef0000000015013f6a,推给易胖女孩！这搭配见一次爱一次！??,,推给易,,,自产笔记,益生菌+仙女冻,,,
66593c7e0000000015010722,夏日亮白 有这一支就够了！,,夏日亮,,,自产笔记,白肌饮,,,
665949a1000000000c01a7a8,产后疯狂爆改！归来仍是少女！,,产后疯,,,自产笔记,X白组合,,,
66599b5e0000000015013551,解锁新吃法！女明星你别太会啦！！,,袁姗姗6,,,自产笔记,仙女冻,,,
66599e74000000001303f0f8,女明星拥有的少女肌都做对了什么？,,都做对,,,自产笔记,AGX抗糖饮,,,
6659a2f1000000000c01a910,学会制造热量缺口！身材管理更简单,,学会制,,,自产笔记,仙女冻,,,
,,,,,,自产笔记,,,,
665a6f57000000000f00d3ef,线条感的秘！有它维度一下子能小一圈,,袁姗姗7,,,自产笔记,仙女冻,,,
665d28b1000000000f00fcd8,盲目抗糖没效果？快来学学钟楚曦如何抗糖的,,钟楚曦13,,,自产笔记,AGX抗糖饮,,,
665d2d9e000000000c01b6be,AXXZIA晓姿618大促来袭！内服好物快来抄作,,活动笔记2,,,自产笔记,活动笔记,,,
665d30c5000000001303d138,脸不垮了！原来抗老的尽头是抗糖！,,姐妹们,,,自产笔记,AGX抗糖饮,,,
665d58eb000000000f00c736,眼部保养看这里！让你跟眼纹说再见????,,让你跟,,,自产笔记,金字塔眼膜,,,
665d738e000000000c018f2a,这波眼膜设计晓姿站在大气层,,大气层,,,自产笔记,金字塔眼膜联名款,,,
665d5d50000000001303f37c,这一刻！感受到了抗糖的杀伤力!,,钟楚曦14,,,自产笔记,AGX抗糖饮,,,
665d7ad9000000001500bbc3,一生要链接的倔强女人 终于get明星好皮肤,,钟楚曦15,,,自产笔记,AGX抗糖饮,,,
665ed6e300000000150115de,重塑少女眼｜演员陈瑶的眼部保养秘密！,,,,,自产笔记,金字塔眼膜,,,
665fd6b0000000001303e134,vocal！！！这三步坚持下来！亮到反光！,,亮到反,,,自产笔记,白肌饮,,,
66600d4e000000000f00e744,"28+垮脸别再焦虑了！??薅羊毛认准它！
",,再焦虑,,,自产笔记,7D驱动饮,,,
66601b9b000000001303faaa,不愧是眼膜届抗衰优等生！养出元气少女眼,,陈瑶1,,,自产笔记,金字塔眼膜,,,
6660149f000000001501214f,跟着女明星学护肤，小小眼纹直接拿下！,,陈瑶2,,,自产笔记,金字塔眼膜,,,彭王者
666033e0000000000f00c80e,明星私藏的院线级眼膜！经常熬夜还能星星眼,,陈瑶3,,,自产笔记,金字塔眼膜,,,
66612dbc00000000150120a7,夏天就是一白真的美！晓姿帮你摆脱肤色焦虑,,色焦虑,,,自产笔记,白肌饮,,,
66614e2d000000000f00e89e,钟楚曦告诉你！这才是30+女生该喝的！,,该喝的,,,自产笔记,AGX抗糖饮,,,
66615afe00000000150083d9,夏天身材管理靠节食？NONO！看看袁姗姗,,看看袁,,,自产笔记,仙女冻,,,
666165ae000000000c0197f7,"女明星同款仙女冻？女神身材的秘?藏不住啦
",,同款仙,,,自产笔记,仙女冻,,,
66615e66000000001303ca15,袁姗姗好会挖宝！噌噌逆袭s码,,袁姗姗8,,,自产笔记,仙女冻,,,
66616c3c0000000015010d95,跟着女明星一起内服 回春按下加速键！,,回春按,,,自产笔记,X白组合,,,
66616a89000000000f00cc44,太香了！不节食蹭蹭逆袭！,,蹭逆袭,,,自产笔记,仙女冻,,,
6661695c0000000015012f00,袁姗姗好身材的秘密！这也太好瘦了！,,袁姗姗9,,,自产笔记,仙女冻,,,
66617c9c000000001501054f,跟着钟楚曦学内服！远离糖化老气脸！,,钟楚曦16,,,自产笔记,AGX抗糖饮,,,
66617eaa00000000150088cf,肌肤分层衰老？内服cp抗衰黑马,,肌肤分,,,自产笔记,7D驱动饮+AGX,,,
666171f0000000000c019c0b,跟着钟楚曦抗糖 素颜上升不止一个level,,钟楚曦17,,,自产笔记,AGX抗糖饮,,,
666160da0000000015011519,眼部抗老爽文|和袁姗姗一起对抗时光,,袁姗姗10,,,自产笔记,金字塔眼膜,,,
6661536e0000000015010b2a,女明星越吃越瘦的秘籍大公开！,,袁姗姗11,,,自产笔记,仙女冻,,,
66625929000000001303c8c1,谢谢你王鹤润！用下来嫩眼直接开倍速了！,,王鹤润2,,,自产笔记,金字塔眼膜,,,
6662a47b0000000015008087,眼部抗衰还能这么玩？颤抖吧！垮老眼！,,这么玩,,,自产笔记,金字塔眼膜联名款,,,
6662a971000000001500b32a,内服进阶版！618必买CP攻略来啦！,,略来啦,,,自产笔记,X白组合,,,
6662ac440000000015009013,黄黑暗沉终结CP!全身透亮的秘?,,沉终结,,,自产笔记,7D驱动饮+白肌饮,,,
6662b0d1000000000f00e636,OMG！打开黄黑皮逆袭新世界！！,,打开黄,,,自产笔记,白肌饮,,,
6662c9f4000000001303f02c,遇到它！算是遇到古希腊变美思路的神啦！,,算是遇,,,自产笔记,AGX+益生菌+仙女冻,,,
6662dae8000000001303f8c7,媲美高端院线SPA，敷一次嫩一次！,,媲美高,,,自产笔记,碳酸面膜,,,
6662c342000000001501158b,小孩才做选择 少女肌好身材成年人都要！,,小孩才,,,自产笔记,AGX+益生菌+仙女冻,,,
6662d5aa00000000150128e8,上班族的减脂搭子！有它们在简直像开了倍速,,上班族,,,自产笔记,益生菌+仙女冻,,,
6662ea6c000000001303e362,既抗糖又防晒，养成夏日白皙好肌肤,,养成夏,,,自产笔记,X白组合,,,
66618a50000000000f00f961,这下真的赚到了！再也不办美容卡了,,这下真,,,自产笔记,7D驱动饮,,,
66683417000000001c03532b,接好身材，轻松拿捏S曲线的秘密？！,,接好身,,,自产笔记,仙女冻,,,
66682e01000000001d01a755,吃吃喝喝还能有轻盈体态？两位数的别进！,,吃吃喝,,,自产笔记,仙女冻,,,
6668f0cd000000001c037f24,贵妇冷白皮较量，白肌饮让你稳赢！,,你稳赢,,,自产笔记,白肌饮,,,
66695453000000001d0172d8,抗糖？抗糖！原来这才是抗衰的秘?,, 原来这,,,自产笔记,AGX抗糖饮,,,
666963c9000000001d015c3d,不会就你还不知道！比熬夜还伤皮肤的是糖吧,,不会就,,,自产笔记,AGX抗糖饮,,,
666954a1000000001c021c5f,618必备的明星同款！25+抗糖单品,,钟楚曦18,,,自产笔记,AGX抗糖饮,,,
6669785b000000001c02a379,瞒不住了！韩女原来就是靠它！,,瞒不住,,,自产笔记,仙女冻,,,
666a4c47000000001d01b1d7,为什么明星都那么注重抗糖！不是没道理的！,,钟楚曦19,,,自产笔记,AGX抗糖饮,,,
66698432000000001d01a54f,冻龄不惧黑|演员王佑硕的防晒秘诀,,,,,自产笔记,抗糖防晒,,,
666a5137000000001c034c7f,紧致提拉难实现？垮脸逆袭还得看晓姿,,紧致提,,,自产笔记,7D驱动饮,,,
666aa440000000001c02970c,跟着袁姗姗get好身材！像开了倍速咻咻下！,,袁姗姗12,,,自产笔记,仙女冻,,,
666ab074000000001d017cf7,黑不了一点！这才是真正的防晒悍匪！,,王佑硕1,,,自产笔记,抗糖防晒,,,
666aae9b000000001c0378c5,在小红书跟风最成功的一次！抗氧增白绝了！,,在小红,,,自产笔记,X白组合,,,
666aa9b1000000001c02911b,抗糖防晒大魔王，跟着王佑硕打开防晒新思路,,王佑硕2,,,自产笔记,抗糖防晒,,,
666abaf0000000001d01942e,男明星夏天拍戏晒不黑的秘密！,,王佑硕3,,,自产笔记,抗糖防晒,,,
666ac052000000001c034411,谢谢你袁姗姗！原来夏天这样真能瘦！,,袁姗姗13,,,自产笔记,仙女冻,,,
666aa672000000001d014f86,推荐防晒不看！明星拍戏暴晒也在用？必看！,,推荐防,,,自产笔记,抗糖防晒,,,
666acaaa000000001c028b46,不节食也能拥有曼妙体态？百斤女孩看这篇！,,妙体态,,,自产笔记,仙女冻,,,
666ace08000000001d01ade0,解除胶原警报！它抗衰太猛,,解除胶,,,自产笔记,7D驱动饮,,,
666acd0a000000001c022ecf,黄黑皮亮肤救星！从内而外 素颜也能发光！,,肤救星,,,自产笔记,白肌饮,,,
666aaaaf000000001c029c13,这防晒硬核！！晒不黑还抗糖去黄！！,,晒硬核,,,自产笔记,抗糖防晒,,,
666acfd3000000001c020c66,28+做好这两步，减龄路上无敌手！,,无敌手,,,自产笔记,X白组合,,,
666ad148000000001c034168,贵妇内服美白公式！黄黑皮有救啦！,,白公式,,,自产笔记,白肌饮,,,
666af2ba000000001c0282c4,拒绝松垮疲态眼！拥有王鹤润同款眼部好状态,,王鹤润3,,,自产笔记,金字塔眼膜,,,
666af6c2000000001c035ec6,眼周回春秘籍|不留纹路在脸上,,陈瑶5,,,自产笔记,金字塔眼膜,,,
666aa79e000000001c02bac5,女明星同款高段位抗老！眼嫩到刹不住！！！,,陈瑶6,,,自产笔记,金字塔眼膜,,,
6678ce52000000001c02af73,防晒届的黑马！重获素颜白月光就靠它！,,白月光,,,自产笔记,小银伞防晒,,,
"666bdbd1000000001c0357f0
667531c6000000001d0149ea",原来贵妇面膜可以让脸这么嫩！,,可以让,,,自产笔记,碳酸面膜,,,
666c0b41000000001c03539f,从素人逆袭“玫瑰”，做自己人生大女主,,从素人,,,自产笔记,AGX+益生菌+仙女冻,,,
666c0ec9000000001d016fe8,不愧是明星同款眼膜！眼部回春不是梦！,,袁姗姗14,,,自产笔记,金字塔眼膜,,,
666c1173000000001d01b1e7,618必备防晒！抗糖防晒赢麻了！,,王佑硕4,,,自产笔记,抗糖防晒,,,
666be320000000001d01b105,韩女保养大法好！美女的底层逻辑悟了,,辑悟了,,,自产笔记,AGX+益生菌+仙女冻,,,
666c1448000000001d01940b,抗糖防晒两头卷，直接开大拿捏黄黑老！,,王佑硕5,,,自产笔记,抗糖防晒,,,
666c1acf000000001d017db9,疯狂掉秤不反弹 大码女孩的新希望来了,,望来了,,,自产笔记,益生菌+仙女冻,,,
666c4ad8000000001c023b6f,防晒又养肤？这个防晒也太卷了！,,晒又养,,,自产笔记,小银伞防晒,,,
6670135f000000001d016dfd,女明星嫩眼密码！眼纹克星还得是它！,,王鹤润4,,,自产笔记,金字塔眼膜,,,
6671550c000000001c02a5b3,救命...好像发现了28＋后不垮脸的秘密,,像发现,,,自产笔记,7D驱动饮+AGX,,,
6672422b000000001d01abb3,透亮素颜肌！！贵妇内服秘密大公开！,,亮素颜,,,自产笔记,X白组合,,,
66724444000000001d0180bb,告别垮脸？逆龄冷白？“补光灯CP”好用！,,龄冷白,,,自产笔记,X白组合,,,
667237fd000000001c02875b,女明星同款眼周护理新思路??30s自测,,周护理,,,自产笔记,金字塔眼膜,,,
66724f5c000000001c020060,抗糖后素颜吊打同龄人！！！,,糖后素,,,自产笔记,AGX抗糖饮,,,
66724cc8000000001d01989c,钟楚曦同款抗糖内服！素颜嫩出新level,,钟楚曦20,,,自产笔记,AGX抗糖饮,,,
66727dd1000000001d015447,眼膜界的神！眼周嫩到飞起,,周嫩到,,,自产笔记,金字塔眼膜,,,
66727b37000000001c034b8b,"黄黑暗沉脸逆袭next level！素颜反光板??
",,脸逆袭,,,自产笔记,白肌饮,,,
66729c19000000001d01b2e6,快到让你惊叹！掌握住热量缺口才是突破口,,你惊叹,,,自产笔记,仙女冻,,,
6672a5fd000000001d01a7a9,不开玩笑！赶超韩女逆袭套餐一个level！,,赶超韩,,,自产笔记,AGX+益生菌+仙女冻,,,
6672adfc000000001d01868a,狂促胶原！让肌肤断崖式衰老不复存在！,,复存在,,,自产笔记,7D驱动饮,,,
6672b8ef000000001c020371,辣妹光速逆袭 掉秤你别太猛！,,光速逆,,,自产笔记,仙女冻,,,
66737dbb000000001d01650a,夏天的身材较量，还得看女明星！,,袁姗姗15,,,自产笔记,仙女冻,,,
6673c834000000001d016bb2,暗沉女孩救星！原来素颜美的关键是抗糖,,素颜美,,,自产笔记,AGX抗糖饮,,,
6673d970000000001c02bb81,回归少女眼！女明星的保养思路！,,陈瑶7,,,自产笔记,金字塔眼膜,,,
6673f3f1000000001c0224e7,内服界卷王又出新王炸！7D胶原嫩脸绝杀,,脸绝杀,,,自产笔记,7D驱动饮,,,
667401be000000001c0206b9,女明星嫩眼密码！眼纹克星还得是它！,,王鹤润5,,,自产笔记,金字塔眼膜,,,
66740620000000001d0151ef,家人们谁懂啊！易胖体质直接躺瘦了！,,谁懂啊,,,自产笔记,益生菌+仙女冻,,,
6674091f000000001c021792,内服外养逆龄抗糖！黄气垮脸根本不存在！,,不存在,,,自产笔记,AGX+抗糖防晒,,,
66740459000000001d019bce,这个白白法有点牛！冷白皮直接到手,,白白法,,,自产笔记,白肌饮,,,
6673f106000000001c0202f0,女明星行程爆满还能保持身材的秘?！,,行程爆,,,自产笔记,仙女冻,,,
66752cbe000000001d0153dd,垮脸自救成功！抗老真的鲨疯啦！,,老真的,,,自产笔记,碳酸面膜,,,
66754a53000000001d016400,这组合真香！轻松解锁明星少女感肌秘?,,合真香,,,自产笔记,AGX+益生菌+仙女冻,,,
6675444b000000001c0373b6,防晒界的六边形战士！夏天必备防晒挖到啦！,,挖到啦,,,自产笔记,小银伞防晒,,,
6678ce52000000001c02af73,防晒届的黑马！重获素颜白月光就靠它！,,白月光,,,自产笔记,小银伞防晒,,,
6679423c000000001c0370c1,垮眼回春，女明星用了都说好,,都说好,,,自产笔记,金字塔眼膜,,,
67a13fd000000001d01a065,眼纹克星！女明星同款眼部秘籍,,王鹤润6,,,自产笔记,金字塔眼膜,,,
667a6282000000001c028b74,养肤又防晒？怪不得男明星对它爱不释手！,,不释手,,,自产笔记,抗糖防晒,,,
667a60ee000000001c036a3f,晓姿抗糖防晒精华，你的肌肤守护神！！,,王佑硕6,,,自产笔记,抗糖防晒,,,
667a5e2f000000001d0178a4,王佑硕的防晒都可以抗糖+防晒了？这么卷！,,都可以,,,自产笔记,抗糖防晒,,,
667a8e2f000000001c0231a7,剧组拍戏必备抗糖防晒！怪不得皮肤那么好！,,王佑硕7,,,自产笔记,抗糖防晒,,,
667a9169000000001d016a0d,平台期就这样突破了？,,平台期,,,自产笔记,仙女冻,,,
667a9000000000001c02bfb2,真不用节食！三部曲拿捏易胖体质！,,三部曲,,,自产笔记,AGX+益生菌+仙女冻,,,
667a93e1000000001d01473d,今年夏天美白界大变天了！,,大变天,,,自产笔记,白肌饮,,,
667a9565000000001c037227,细胞内服才是逆生长的秘密！垮脸人都来喝！,,胞内服,,,自产笔记,7D驱动饮,,,
667a92ef000000001d017be1,发现宝藏了 你和冷白皮只差它哟,,差它哟,,,自产笔记,白肌饮,,,
667b89cb000000001c021749,贵妇级抗糖甩掉黄垮糙！还是明星同款,,级抗糖,,,自产笔记,AGX抗糖饮,,,
667b8691000000001c02af95,还得看女明星喝内服，复制粘贴不会错！,,钟楚曦21,,,自产笔记,AGX抗糖饮,,,
667b9533000000001c037632,星级嫩眼术，拿捏眼纹少女眼常驻,,星级嫩,,,自产笔记,金字塔眼膜,,,
667baeab000000001c0236fc,细纹暗沉已是过客！眼膜界有你了不起！,,了不起,,,自产笔记,金字塔眼膜,,,钟楚曦
667bb817000000001d01905e,内外兼修 透亮发光还要看这对cp！,,透亮发,,,自产笔记,AGX+抗糖防晒,,,
667cb8f9000000001d01a51f,跟着钟楚曦入的！怪不得脸嫩到疯！,,钟楚曦22,,,自产笔记,AGX抗糖饮,,,
667bc9aa000000001d015cfc,熬夜眼变老buff叠满？陈瑶教你嫩眼回春答案,,陈瑶8,,,自产笔记,金字塔眼膜,,,
667bca81000000001c02162c,后悔才明白！少女感的绝杀是线条感！,,后悔才,,,自产笔记,益生菌+仙女冻,,,
667bab7c000000001c0218ec,陈瑶也在用的眼膜！不愧是童颜界的元老！,,陈瑶9,,,自产笔记,金字塔眼膜,,,
667cc920000000001d017df2,不是美美项目做不起！高端内服更有性价比~,,做不起,,,自产笔记,7D驱动饮+AGX,,,
667d0250000000001d019f39,抗老还是要跟紧贵妇！脸嫩的像换了张皮,,了张皮,,,自产笔记,碳酸面膜,,,
667d0f39000000001c034d56,被问爆的内服保养CP！脸蛋+身材三步回春！,,被问爆,,,自产笔记,AGX+益生菌+仙女冻,,,
667d320d000000001c0354a1,剧组拍戏必备抗糖防晒！怪不得皮肤那么好！,,王佑硕8,,,自产笔记,抗糖防晒,,,
667d1210000000001c020248,女团腰养成秘籍！韩女变美'作弊'tisp大公开,,女团腰,,,自产笔记,仙女冻,,,
667e1010000000001d014318,还是贵妇会保养！这才是熟肌龄女生该喝的！,,女生该,,,自产笔记,X白组合,,,
667e11cb000000001c036347,内调拿捏少女感！晓姿新品帮你分层保养！,,层保养,,,自产笔记,7D驱动饮,,,
667e2245000000001c021533,能抗糖的防晒！晓姿不愧是贵妇们的心头爱,,心头爱,,,自产笔记,抗糖防晒,,,
667e19cc000000001d01bbeb,早白肌晚抗糖 高效保养颜值出圈?,,值出圈,,,自产笔记,X白组合,,,
667e2db6000000001d0167a5,户外16H没晒黑！防晒+抗糖养肤一支拿下！,,王佑硕9,,,自产笔记,抗糖防晒,,,
667e7828000000001c0373c4,"谁懂啊！下颌线事业线也开始简单起来了？
",,下颌线,,,自产笔记,仙女冻,,,
,,,,,,自产笔记,,,,二创
668276d20000000005005a98,不愧是院线级 焕亮嫩脸鲨疯啦！,,是院线,,,自产笔记,碳酸面膜,,,
6683afe9000000000a004525,找对变白思路！从头到脚逆袭白月光,,找对变,,,自产笔记,白肌饮,,,
6683cc4c0000000005007708,太绝了！原来贵妇的饱满嘭弹肌是喝出来的！,,太绝了,,,自产笔记,7D驱动饮,,,
6683d49100000000030270cd,百斤女孩看过来！狂甩不掉是有原因的！,,原因的,,,自产笔记,仙女冻,,,
6684c1ac0000000003027698,内服高端局！三步拿捏氛围感秘钥,,感秘钥,,,自产笔记,AGX+益生菌+仙女冻,,,
6684a335000000000a005888,破大防！CP组合更上一层楼！,,组合更,,,自产笔记,益生菌+仙女冻,,,
6684ff17000000000a006e74,救命帖！28+后不垮脸的秘密大公开,,救命帖,,,自产笔记,7D驱动饮+AGX,,,
66850124000000000302405c,皮肤暗黄垮？看看女明星的嫩脸秘籍！,,钟楚曦23,,,自产笔记,AGX抗糖饮,,,
668519640000000003025da9,人生建议：25之后开始抗糖还不晚...,,,,,自产笔记,AGX抗糖饮,,,
66851fe10000000005005591,焕亮+收紧！女明星同款补光灯组合,,灯组合,,,自产笔记,X白组合,,,
59cde3b9db2e6029a99da214,黄垮脸已老实，贵妇抗糖大法是真??！,,已老实,,,自产笔记,AGX+抗糖防晒,,,
668528490000000003025503,贵妇级黄金cp养出透亮少女肌！,,哪个女,,,自产笔记,X白组合,,,
66860eb6000000000a005fe7,不好好涂防晒真的会后悔一辈子！,,不好好,,,自产笔记,抗糖防晒,,,
6685ef18000000000a026eb8,明星同款防晒！抗糖防晒两不误！,,晒两不,,,自产笔记,抗糖防晒,,,
66863835000000000a0273e9,今夏爆改黄黑！和肤色焦虑说拜拜！！,,今夏爆,,,自产笔记,白肌饮,,,
66864165000000000a02549e,紫外线破大防！晓姿一支搞定防晒养肤！,,紫外线,,,自产笔记,小银伞防晒,,,
6686590c000000000302747c,成年人不做选择，脸蛋身材一起拿下,,不做选,,,自产笔记,AGX+益生菌+仙女冻,,,
66866519000000000a004636,陈瑶同款星星眼SPA！15min拒绝松垮眼！,,陈瑶10,,,自产笔记,金字塔眼膜,,,
6686687500000000050051ee,跟着女明星选眼膜！眼纹直接绕道走??,,绕道走,,,自产笔记,金字塔眼膜,,,
66866ec4000000000a0267b1,内服元老级选手？垮脸还得靠它,,内服元,,,自产笔记,7D驱动饮,,,
66866a9c000000000a004c44,25+眼纹橡皮擦，熬夜眼必备！,,陈瑶11,,,自产笔记,金字塔眼膜,,,
668674c0000000000a027330,漫画身材好搭子速来get！线条美锁在身上,,线条美,,,自产笔记,仙女冻,,,
66874be9000000000a026fec,KO细纹、垮脸 30+也能逆袭18女大,,O细纹,,,自产笔记,AGX抗糖饮,,,
66876404000000000d00d1f8,坚持打卡！终于找出常年两位数的秘?,,持打卡,,,自产笔记,仙女冻,,,
66879e1c000000000a007620,值得长期投资的美丽三件套，美貌体态双拿捏,,长期投,,,自产笔记,AGX+益生菌+仙女冻,,,
668b7fc00000000005007304,皮肤暗黄垮？看看女明星的嫩脸秘籍！,,,,,自产笔记,AGX抗糖饮,,,
668c95ee000000000a0041b9,逆龄黄金CP强势来袭！内服选对天垮脸不垮,,天垮脸,,,自产笔记,7D驱动饮+AGX,,,
668d0599000000000a02783e,皮相美or骨相美，内服保养当然是all in！,,,,,自产笔记,7D驱动饮+AGX,,,
668ddc1c0000000003027baa,生俩娃还是少女感满满？晓姿三件套真的牛,,感满满,,,自产笔记,AGX+益生菌+仙女冻,,,
668dff230000000003025c41,get女神线条感秘密！怪不得女明星也在吃,,也在吃,,,自产笔记,仙女冻,,,
668e512c000000000a0040b7,一键开启磨皮！内服养白新思路,,启磨皮,,,自产笔记,白肌饮,,,
668e677e00000000030256cd,能抗糖的防晒？给防晒界亿点震撼！,,亿点震,,,自产笔记,抗糖防晒,,,
668f38dc000000000a0064a3,KO细纹、垮脸 30+也能逆袭18女大,,O细纹,,,自产笔记,AGX抗糖饮,,,
6690de0a0000000003026901,努力减脂不降反增？好身材重点在于ta！,,降反增,,,自产笔记,仙女冻,,,
668f76190000000003027756,vocal!内服才是保持少女感的秘诀！,,年龄过,,,自产笔记,7D驱动饮+AGX,,,
668f735e000000000d00ed98,做到这两条，养出易瘦体质真不难！,,这两条,,,自产笔记,仙女冻,,,
668fae9c000000000d00c848,原来港女的不老秘密在这里...,,,,,自产笔记,AGX+益生菌+仙女冻,,,
668f39da000000000d00ff81,有它一键变白！从小有姿色变身“大美女”,,从小有,,,自产笔记,白肌饮,,,
668fb76f0000000005007028,防晒还抗糖！？晓姿你真的太会卷了～,,王佑硕10,,,自产笔记,抗糖防晒,,,
668fb8d5000000000a007190,补光灯CP强势来袭！重回透亮少女肌~,,势来袭,,,自产笔记,X白组合,,,
668fba8a000000000a0044d0,明星级养肤防晒狠角色！晒完更水嫩！,,王佑硕11,,,自产笔记,抗糖防晒,,,
66907a6b0000000005005899,夏天实现两位数！节食不如吃它,,如吃它,,,自产笔记,仙女冻,,,
669083190000000003027a84,28+保持少女感！给垮脸姐妹一些震撼！,,些震撼,,,自产笔记,X白组合,,,
66908222000000000a007afa,防晒届的爱马仕！狂晒不黑还养肤！,,爱马仕,,,自产笔记,抗糖防晒,,,
668fd961000000000d00ff15,拿捏精准抗糖暗黄 垮脸：已老实,,拿捏精,,,自产笔记,AGX抗糖饮,,,
"新笔记id：66a8b58a000000000502089f
老笔记id：669076830000000003026a18",跟着贵妇抗衰，补足胶原锁住少女感！,,补足胶,,,自产笔记,7D驱动饮,,,
66907c120000000005006240,抗糖原来这么简单！藏不住的弹嫩贵气脸！,,抗糖原,,,自产笔记,AGX抗糖饮,,,
6690d17c000000000d00ee37,跟女明星爆改眼袋泪沟！贵妇眼膜就是牛,,陈瑶12,,,自产笔记,金字塔眼膜,,,
6690d0430000000005005dc4,熬夜党救星！陈瑶揭秘：眼周老化byeby秘密,,陈瑶13,,,自产笔记,金字塔眼膜,,,
6690f01d000000000a005329,如何养出自然胶原感？补多不如补对！,,如补对,,,自产笔记,7D驱动饮,,,
6690ebbe0000000005006c31,vocal！！每天坚持下来！亮好多！,,亮好多,,,自产笔记,白肌饮,,,
6690fb9f0000000003026375,抗糖届卷王！钟楚曦白嫩少女脸的秘诀找到啦,,钟楚曦25,,,自产笔记,AGX抗糖饮,,,
6690d65b000000000a005680,减脂期间噗噗困难？它来为你化解,,噗困难,,,自产笔记,益生菌+仙女冻,,,
6694eb02000000000a005164,30+爆改20+…原来这才是逆龄的真相,,的真相,,,自产笔记,7D驱动饮,,,
669641a30000000005005902,真能嫩！妥妥的脸嫩快乐水,,真能嫩,,,自产笔记,7D驱动饮+AGX,,,
669657030000000025006637,贵妇防晒大揭秘！！狂晒不黑还养肤,,大揭秘,,,自产笔记,抗糖防晒,,,
6697143b000000000d00cf0f,黄黑皮快速变身冷亮皮！有它亮到发光！,,快速变,,,自产笔记,白肌饮,,,
66971b0a0000000003025acf,摊牌了，28+年轻态是喝出来的！,,摊牌了,,,自产笔记,X白组合,,,
66972f1e000000000d00d48c,再不抗糖就老了 ！内服入手是秘诀~,,是秘诀,,,自产笔记,AGX抗糖饮,,,
669738750000000025000605,贵妇级眼膜！跟着女明星眼周嫩到飞起！,,陈瑶14,,,自产笔记,金字塔眼膜,,,
6.69733E+23,眼部抗衰不走弯路 28+熬夜星人必备,,陈瑶15,,,自产笔记,金字塔眼膜,,,
6697308d0000000005005b9f,第一次感受到江浙沪富家女保养思路的威力！,,江浙沪,,,自产笔记,AGX+益生菌+仙女冻,,,
66978f0b00000000250152cd,男明星同款防晒！抗糖防晒养肤太卷了,,王佑硕12,,,自产笔记,抗糖防晒,,,
6697915c0000000025007be2,无限回购！陈瑶爱用的K老眼膜！,,陈瑶16,,,自产笔记,金字塔眼膜,,,
669795b30000000025007848,明星圈火爆了！这款抗糖防晒实力这么牛？？,,火爆了,,,自产笔记,抗糖防晒,,,
669732dd000000000a027a5b,三伏天来啦！可别错过身材管理黄金期！,,三伏天,,,自产笔记,仙女冻,,,
669865430000000005007da7,AXXZIA晓姿大促来袭！内服好物快来抄作,,,,,自产笔记,活动笔记,,,
6698926b000000000a00701a,28岁后的美丽秘籍！身材和美貌都得要！,,丽秘籍,,,自产笔记,AGX+益生菌+仙女冻,,,
6698b02a00000000250040e9,眼神杀回归！跟着女明星陈瑶重现青春少女眼,,陈瑶17,,,自产笔记,金字塔眼膜,,,
669881900000000025006245,??不私藏！瑶妹同款熬夜急救眼膜！！,,陈瑶18,,,自产笔记,金字塔眼膜,,,
6698dcbd000000000a0262d8,高阶抗衰思路太牛了！内服逆龄cp含金量谁懂,,量谁懂,,,自产笔记,X白组合,,,
6698df9b000000000a004af4,垮脸姐妹进！28+后需要知道的内服真相…,,要知道,,,自产笔记,7D驱动饮,,,
6698e42e0000000005007910,努力运动还掉的慢？靠它摆脱无效运动！,,,,,自产笔记,仙女冻,,,
66b5b27a0000000005022047,怪不得火爆贵妇圈?30+依旧素颜少女感,,不得火,,,自产笔记,AGX抗糖饮,,,
669793a20000000025000b76,眼膜界的神！眼纹面对它毫无招架之力！,,架之力,,,自产笔记,金字塔眼膜,,,
6699bb76000000000a006d3d,30+视觉减龄全靠内服，火爆贵妇圈！,,视觉减,,,自产笔记,7D驱动饮+白肌饮,,,
6699bd4d000000000d00fcf9,打破黄黑皮魔咒！夏季雪肌天花板竟是它！,,夏季雪,,,自产笔记,白肌饮,,,
6699bab700000000250163a6,贵妇新宠抗糖+防晒！轻松get鸡蛋肌,,鸡蛋肌,,,自产笔记,抗糖防晒,,,
6699dc21000000000a024d83,卡在平台期的姐妹都去试试！嘎嘎好使,,嘎嘎好,,,自产笔记,仙女冻,,,
6699c92b0000000005005f28,这对CP好强的“张力”！脸蛋已next level！,,好强的,,,自产笔记,7D驱动饮+AGX,,,
669a0763000000000d00f5a9,满30-10！！贵妇素颜的秘?,,满30,,,自产笔记,AGX抗糖饮,,,
669a32bd0000000025003b91,晓姿夏日实力宠粉??极光洁面0元带回家！,,,,,自产笔记,极光洁面,,,
669a42b5000000000a026e08,摊牌了，28+年轻态是喝出来的！,,摊牌了,,,自产笔记,X白组合,,,
669f13fe00000000270183d9,女明星进组必带的贵妇眼膜到底有什么好？,,陈瑶19,,,自产笔记,金字塔眼膜,,,
669f1173000000002701fc1d,跟着女明星一起拯救眼周！真的嫩疯了,,陈瑶20,,,自产笔记,金字塔眼膜,,,
66a05b65000000000a00533a,三伏天的含金量！再加上它简直牛到家了！,,到家了,,,自产笔记,仙女冻,,,
66a0759c00000000030260e8,拒绝熬夜带娃垮脸！宝妈重回颜值巅峰,,拒绝熬,,,自产笔记,X白组合,,,
66a06a15000000000a007147,闪亮CP！30+也能逆袭素颜少女感！,,少女感,,,自产笔记,X白组合,,,
66a0cdf9000000000d00d279,素颜自由的尽头原来是抗糖！,,素颜自,,,自产笔记,AGX抗糖饮,,,
66a1a245000000000a025824,夏天露马甲线不要太迷人！漫画好身材get！,,太迷人,,,自产笔记,仙女冻,,,
66a1fa7c000000000a0249be,天选瘦身搭子！！小细腰易如反掌,,天选瘦,,,自产笔记,仙女冻,,,
66a204d9000000002701e33c,明星也在用的防晒，王佑硕你也太会选啦！,,的防晒,,,自产笔记,抗糖防晒,,,
66a2109d000000000a025d8e,拒绝妈味！！化身辣妈女神从AGX开始！！,,拒绝妈,,,自产笔记,AGX抗糖饮,,,
66a21871000000000a0245ea,被问N次的内服cp！素颜终于抗打了！,,被问N,,,自产笔记,7D驱动饮+AGX,,,
66a21bf10000000003024f76,抗糖内服靠硬实力抢美容院饭碗,,抢美容,,,自产笔记,AGX抗糖饮,,,
66a21a8a0000000005004983,锁住胶原蛋白 肌肤重回年轻态不在话下,,在话下,,,自产笔记,7D驱动饮,,,
66a23983000000000a025c13,夏日告别糖化脸！甜品无忧,,品无忧,,,自产笔记,AGX抗糖饮,,,
66a304e00000000003024729,打开抗老新思路 30+也能逆袭同龄人！,,打开抗,,,自产笔记,AGT粉钻面膜,,,
66a306f5000000000a007a03,三伏天黄金期整点狠活！躺着实现数字管理！,,字管理,,,自产笔记,仙女冻,,,
66a34bca00000000050232c3,get氛围感女神，晓姿三部曲有点东西,,三部曲,,,自产笔记,AGX+益生菌+仙女冻,,,
66a33dca00000000090163e1,双通路阻击！k老作弊补光灯内服真的牛！,,,,,自产笔记,X白组合,,,
66a369bb00000000050313ca,回归少女眼！女明星的保养思路！,,少女眼,,,自产笔记,金字塔眼膜,,,
66a372c90000000005022c1d,黄黑皮已老实！白白思路太清晰,,黑皮已,,,自产笔记,白肌饮,,,
66a380cb00000000270106c6,原来真有抗糖防晒！户外16小时晒不黑！,,王佑硕13,,,自产笔记,抗糖防晒,,,
66a8b9ee000000000502032c,贵妇宠儿真的包美的！夏天也是又白又嫩,,贵妇宠,,,自产笔记,X白组合,,,
66a8c40b0000000005020106,胶原自己长出来？！7D驱动出奇迹,,自己长,,,自产笔记,7D驱动饮,,,
66a993bb0000000027012e52,女明星忠爱的眼膜到底有什么魅力？,,陈瑶21,,,自产笔记,金字塔眼膜,,,
66a9cf8e00000000090179dd,跟着港星李亚男学习内调白白！真的赢麻了,,李亚男1,,,自产笔记,白肌饮,,,
66aa014100000000270115f2,简直眼纹橡皮擦！这眼膜有点东西~,,陈瑶22,,,自产笔记,金字塔眼膜,,,
66aa1436000000000503ab17,晓姿面膜都搞三抗了？打开抗老新思路！,,三抗了,,,自产笔记,AGT粉钻面膜,,,
66aafc5e000000002701fe17,太牛了...这支防晒居然一顶仨,,一顶仨,,,自产笔记,抗糖防晒,,,
66aaf025000000000d0333fd,对港星肃然起敬！发现了女明星白嫩的秘密..,,李亚男2,,,自产笔记,白肌饮,,,
66ab295b000000000d032d61,掌管素颜的神！真没想到内服这么猛...,,真没想,,,自产笔记,X白组合,,,
66ab35fb0000000005030509,毛坯爆改精装辣妹！晓姿变美三件套有东西~,,毛坯爆,,,自产笔记,AGX+益生菌+仙女冻,,,
66ab38b3000000000503a87c,大基数躺平式管理身材｜无运动法??,,大基数,,,自产笔记,仙女冻,,,
66ab019b00000000090178c7,亮到反光！港女才是逆袭牛奶肌的神！,,李亚男3,,,自产笔记,白肌饮,,,
66ab25a5000000000d0302e3,李亚男你别太会了...黄黑皮进来变?,,李亚男4,,,自产笔记,白肌饮,,,
66ab47540000000005031d4a,夏日明星同款白白思路，黄黑皮逆袭靠它啦,,李亚男5,,,自产笔记,白肌饮,,,
66ab4a8c000000002701edb1,还不会眼部深度护理？！快进来！！,,会眼部,,,自产笔记,金字塔眼膜,,,
66aaf203000000000d030871,白白小心机｜选美冠军李亚男的白亮秘密,,,,,自产笔记,活动笔记,,,
66ac8fa700000000090160c1,对衰老的杀伤力10000％！嫩脸不要太无情,,太无情,,,自产笔记,AGT粉钻精华,,,
66ac2fd00000000005021f14,生活化掉秤！夏天身材管理易如反掌,,生活化,,,自产笔记,仙女冻,,,
66ac80c2000000000600f02b,不惧紫外线，抗糖养肤防晒就选它！,,晒就选,,,自产笔记,抗糖防晒,,,
66ac899d00000000050320bb,老天奶！脸蛋就这么水灵灵的嫩了~,,老天奶,,,自产笔记,X白组合,,,
66ac8b2d0000000005020d8b,拒绝无效内服！断崖式衰老退退退！,,退退退,,,自产笔记,7D驱动饮,,,
66aca1b90000000005031535,大胆预言：晓姿净肝片会是内调里坠能打的！,,大胆预,,,自产笔记,净肝片,,,
66ac90aa000000000d0338fa,宝妈变美必修课！拿捏少女感的秘密,,必修课,,,自产笔记,AGX+益生菌+仙女冻,,,
66ac9171000000000d0302a4,内行人说真话 还原美貌靠内服,,内行人,,,自产笔记,7D驱动饮+AGX,,,
66aca6ec0000000005031c45,美瞳党的救星在此 眼睛就水灵灵的??了！,,美瞳党,,,自产笔记,护眼丸,,,
66acb990000000000901460e,爆改糖化脸！熟龄肌也能拥有剥壳蛋肌~,,壳蛋肌,,,自产笔记,AGX抗糖饮,,,
66acbd28000000000600d1e7,明星也在用的养肤防晒，夏日也能水润透亮,,王佑硕14,,,自产笔记,抗糖防晒,,,
66ac921b000000000d030afd,韩女保养的秘密！28+也能逆龄翻盘！,,,,,自产笔记,AGX+仙女冻,,,
66aca0610000000005021cb7,每月那几天不EMO??烦恼统统走开??,,每月那,,,自产笔记,养雌小粉果,,,
"66b0a8990000000005032c67
新笔记ID：66b1837a00000000090147e4",李亚男真的会选！夏天也轻松肤白貌美！,,李亚男6,,,自产笔记,白肌饮,,,
66b0ab280000000005030ca3,和港星学习内服后，黄黑皮竟然.....,,李亚男7,,,自产笔记,白肌饮,,,
66b16d4f000000000502095e,打破产后黄脸婆标签！晓姿白肌申请出战,,李亚男8,,,自产笔记,白肌饮,,,
66b17e49000000000503b0d1,想白！护肤品太慢了！还得是内养外防一起上,,李亚男9,,,自产笔记,白肌饮,,,
66b1837a00000000090147e4,李亚男真的会选！夏天也轻松肤白貌美！,,李亚男6,,,自产笔记,白肌饮,,,
66b1ba0f000000001e018a93,还是瑶妹会买啊，熬夜急救这眼膜真爱了,,陈瑶23,,,自产笔记,金字塔眼膜,,,
66b1e2e8000000000d033002,打破产后黄脸婆标签！晓姿白肌申请出战,,李亚男8,,,自产笔记,白肌饮,,,
66b1d7060000000005039ba7,补对雌激素！真的会被美貌惊艳到！,,雌激素,,,自产笔记,软糖,,,
66b1e923000000000d030288,"""富养级”补胶原，贵妇护肤为什么不堆猛药",,堆猛药,,,自产笔记,7D驱动饮,,,
66b1eb42000000000d031f67,胳膊肘！膝盖！都给你整的白嫩透亮！,,胳膊肘,,,自产笔记,白肌饮,,,
66b1ecc60000000025033216,明星同款击退眼纹tips！少女眼易如反掌！,,陈瑶24,,,自产笔记,金字塔眼膜,,,
66b1f3d80000000009017a9c,跟着李亚男一起内服！冷白皮的秘诀拿捏了！,,李亚男10,,,自产笔记,白肌饮,,,
66b2c1500000000005023dc0,别再搜了！教你选择对的护肝片！！,,别再搜,,,自产笔记,护肝片,,,
66b3180800000000250319f5,爆品回归！！冰美式眼膜真的狠狠整活,,狠整活,,,自产笔记,冰美式眼膜,,,
66b3287e000000001e01f9c7,天塌脸不塌！素颜回春大法就是它！,,天塌脸,,,自产笔记,AGT粉钻面膜,,,
66b338a0000000000502169a,鬼知道这两个东西有多能嘭弹亮??！！,,鬼知道,,,自产笔记,X白组合,,,
66b348d0000000000503b254,保持漂亮的底层逻辑是养肝!美貌具象化！,,具象化,,,自产笔记,护肝片,,,
66b3277c000000000502335d,突击式身材管理！轻松get身材曲线！,,突击式,,,自产笔记,仙女冻,,,
66b48ab6000000001e0198f2,地狱级抗衰也不过如此！谁懂它的含金量！,,地狱级,,,自产笔记,AGT粉钻精华,,,
66b4859c000000000502358c,黄黑皮摆脱肤色自卑感！逆袭冷皮！,,李亚男11,,,自产笔记,白肌饮,,,
66b49e430000000005020c94,后悔没早点喝！糖化黄脸成功上岸,,当代职,,,自产笔记,AGX,,,
66b4b02b000000001e01a72f,眼纹橡皮擦？逆龄的秘诀：从眼部抗衰开始！,,衰开始,,,自产笔记,金字塔眼膜,,,
66b4b4050000000025033d66,怪不得贵妇宠它呢，户外也能越晒越白,,晒越白,,,自产笔记,抗糖防晒,,,
66b4a93f000000000d030a99,抗糖提亮哪家强？晓姿cp来帮忙！,,哪家强,,,自产笔记,X白组合,,,
66b56ec8000000000503ad7f,产后辣妈的自律小心机！！竟然是它！,,自律小,,,自产笔记,仙女冻,,,
66b488ff0000000005022457,李亚男谢谢你，内服亮肤逆袭肤色快到飞起！,,李亚男12,,,自产笔记,白肌饮,,,
66ab40e000000000050222d3,学会抗糖才知道，素颜养回细嫩透亮这么简单,,么简单,,,自产笔记,AGX抗糖饮,,,
66b479cd000000000503915c,跟着李亚男一起夏日逆袭白肌??,,李亚男13,,,自产笔记,白肌饮,,,
66b5b27a0000000005022047,怪不得火爆贵妇圈?30+依旧素颜少女感,,即将迈,,,自产笔记,AGX抗糖饮,,,
66b5af4c000000000d03384d,你不是丑！你是缺“雌”了！,,不是丑,,,自产笔记,软糖,,,
66b5b7200000000005039513,"还在傻傻护肤？学学贵妇姐妹垮脸自救思路！
",,傻护肤,,,自产笔记,7D驱动饮+AGX,,,
66b5d64c0000000005022006,"
素颜嫩爆了！视觉冻龄还得是这对cp！",,嫩爆了,,,自产笔记,X白组合,,,
66b5dc4e000000001e0180b1,哦莫 防晒卷王就是它 抗糖防晒两手抓,,王佑硕15,,,自产笔记,抗糖防晒,,,
66b5e023000000001e01b42f,明星圈一站式防晒?既防晒还抗糖养肤？,,王佑硕16,,,自产笔记,抗糖防晒,,,
66b5f0f5000000000503858d,减脂人的嘴真严！平台期就这么被拿下,,,,,自产笔记,仙女冻,,,
66b70901000000000901528d,体验到女明星的快乐！狂炫甜品脸不黄了,,蓝盈莹3,,,自产笔记,AGX抗糖饮,,,
66b5ee6700000000050311b4,后悔没学明星早点抗糖！蓝盈莹素颜自由的,,蓝盈莹1,,,自产笔记,AGX抗糖饮,,,
66b7099f00000000090159a8,高效抗衰正确思路：抗糖！28+仍是少女脸,,蓝盈莹4,,,自产笔记,AGX抗糖饮,,,
66b708320000000005039db2,蓝盈莹同款！肌肤的逆龄奇迹！?,,蓝盈莹2,,,自产笔记,AGX抗糖饮,,,
66b9cf96000000001e0199b1,对衰老的杀伤力10000％！嫩脸不要太无情！,,太无情,,,自产笔记,AGT粉钻精华,,,
66bc81230000000025031329,真实打卡30天，老态拜拜您嘞~,,拜您嘞,,,自产笔记,AGT粉钻面膜,,,
66bc8353000000001e01f260,真能淡眼纹！女明星眼膜效果堪比美丽项目？,,陈瑶25,,,自产笔记,金字塔眼膜,,,
66bd5186000000001e018d9d,“冰美式”眼膜！晓姿爆品惊喜回归,,喜回归,,,自产笔记,冰美式眼膜,,,
66bd556f0000000005023571,蓝盈莹谢谢你！素颜逆袭“大女主”,,蓝盈莹5,,,自产笔记,AGX抗糖饮,,,
66bd5e8500000000050383fa,抗糖开启新纪元！跟着蓝盈莹走保养捷径,,蓝盈莹6,,,自产笔记,AGX抗糖饮,,,
66bd60930000000009014bb3,蓝盈莹！抗糖你别太会了！素颜状态嫩到离谱,,蓝盈莹7,,,自产笔记,AGX抗糖饮,,,
66bd66ba0000000009014f93,抗糖太猛了 真不愧是蓝盈莹的内服好物！,,蓝盈莹8,,,自产笔记,AGX抗糖饮,,,
66bd6719000000001e01b155,熬夜党狂喜！黑眼圈细纹一网打尽！,,网打尽,,,自产笔记,冰美式眼膜,,,
66bd639b0000000009016cb1,蓝盈莹般无痛不老！内提外紧科学进阶,,蓝盈莹9,,,自产笔记,AGX抗糖饮,,,
66bd620b0000000005022cd3,为黄糙脸不知所措？蓝盈莹教你抗糖新思路！,,蓝盈莹10,,,自产笔记,AGX抗糖饮,,,
66bd6a7d0000000009017b8d,跟着蓝盈莹打卡抗糖，拿捏少女感,,蓝盈莹11,,,自产笔记,AGX抗糖饮,,,
66bd5a5d0000000005030dba,跟着蓝盈莹内调 轻松拿下大女主脸！,,蓝盈莹12,,,自产笔记,AGX抗糖饮,,,
66bd7cf80000000005023018,跟着蓝盈莹学抗糖，嫩到刹不住！,,蓝盈莹13,,,自产笔记,AGX抗糖饮,,,
66bdcdd8000000000d0315a5,拯救夏日摧残后的小脸！贵妇严选真的厉害,,的厉害,,,自产笔记,X白组合,,,
66bdd62e0000000005023a1a,双效抗老高端局！水灵灵的拿捏逆生长！,,水灵灵,,,自产笔记,X白组合,,,
66bdd83c000000001e01ed90,不抗羰护肤=白干！贵妇级嫩脸新宠？,,不抗羰,,,自产笔记,AGT粉钻精华,,,
66bde1db0000000005032fad,蓝盈莹你别太会了！?少女肌的秘密,,蓝盈莹14,,,自产笔记,AGX抗糖饮,,,
66bea9b40000000005031bc3,靠内服成功上岸！皮肤状态下滑解决思路,,决思路,,,自产笔记,7D驱动饮,,,
66bef6c3000000000503a40d,女明星同款内服！黄黑皮颤抖吧！,,李亚男14,,,自产笔记,白肌饮,,,
66befdd50000000005023996,谁说天生不能白？！发光肌其实很简单！,,李亚男15,,,自产笔记,白肌饮,,,
66bf02400000000025033034,抗衰已next level 抗羰基才是肌肤抗衰关键,,抗羰基,,,自产笔记,AGT粉钻精华,,,
66bf020c0000000009015a45,明明同事也上班，怎么身上一点班味都没？,,班味都,,,自产笔记,X白组合,,,
66bd5cce000000000901666f,嫩出新高度！真的被抗糖惊艳到！,,蓝盈莹15,,,自产笔记,AGX抗糖饮,,,
66bf0cc10000000005023a4c,港式保养透亮的红利这次赶上了！！！,,李亚男16,,,自产笔记,白肌饮,,,
66bf136d0000000025030e74,王佑硕同款抗糖防晒！给防晒界一点震撼！,,王佑硕17,,,自产笔记,抗糖防晒,,,
66bf0f5f000000001e01c16c,明星嫩脸新思路，防晒养肤两不误！,,星嫩脸,,,自产笔记,抗糖防晒,,,
66bef184000000000d032c72,女明星的内调法真的牛，黄黑皮轻松逆袭,,李亚男17,,,自产笔记,白肌饮,,,
66bf1cd90000000005033f6a,备婚姐妹天菜！颜值状态直达next level,,妹天菜,,,自产笔记,AGX+益生菌+仙女冻,,,
66bf36200000000025033dc0,0元薅晓姿羊毛啦~虽迟但到！,,,,,自产笔记,活动笔记,,,
66bf549e0000000009017650,三伏天甩掉‘秋膘’????轻盈入秋！,,盈入秋,,,自产笔记,仙女冻,,,
66c2b38b00000000090174f1,身材美貌既要又要？晓姿三件套赢麻了,,要又要,,,自产笔记,AGX+益生菌+仙女冻,,,
66bdf9a9000000000502271f,内服福报！30+女生越素越有杀伤力,,杀伤力,,,自产笔记,7D驱动饮+AGX,,,
66c4516f000000001d03aec6,抗老届要变天了！首创三抗黑科技已曝光！,,变天了,,,自产笔记,AGT粉钻精华,,,
66c5a80b000000001f01af9d,素颜想碾压同龄人？你只需要做这一件事！,,你只需,,,自产笔记,X白组合,,,
66c55eab000000001f01f52e,30+紧致小v脸？拒绝熬夜“注水感”！,,注水感,,,自产笔记,仙女冻,,,
66c59bc4000000001d01a614,去眼纹天花板？！明星同款拿来吧你！,,陈瑶26,,,自产笔记,金字塔眼膜,,,
66c5601f000000001f016995,秋天=刮“夏油”的好时机！掉超快的！,,好时机,,,自产笔记,仙女冻,,,
66c5bd0a000000001f0390ce,秋日焕新季！晓姿集合干大事！,,秋日焕新,,,自产笔记,活动笔记,,,
66c5b9ac000000001f01cecd,成熟女人保养从不妥协！高阶内服直接All in,,成熟女,,,自产笔记,AGX+益生菌+仙女冻,,,
66c68a22000000001f01cbbc,女明星私下就喝这个!?怪不得越来越美~,,蓝盈莹16,,,自产笔记,AGX抗糖饮,,,
66c68b95000000001d019a92,跟着陈瑶学养眼！高段位吃净细纹黑眼圈！,,陈瑶27,,,自产笔记,金字塔眼膜,,,
66c6989d000000001f01992a,养代谢＝提消耗！逆袭提上日程！,,养代谢,,,自产笔记,仙女冻,,,
66c6b10f000000001f01b6b4,"女明星的快乐想象不到？美美秘诀是它！
",,蓝盈莹17,,,自产笔记,AGX抗糖饮,,,
66c6a3bc000000001d018242,25+抗老高端局??包肌肤逆龄的????,,包肌肤,,,自产笔记,AGT粉钻面膜,,,
66c6a4bc000000001f01c8b0,跟明星学真能嫩？抗糖已达到next level！,,蓝盈莹18,,,自产笔记,AGX抗糖饮,,,
66c6ecec000000001f03cb96,试过了，全身雪肌真的可以实现！,,试过了,,,自产笔记,白肌饮,,,
66c6f556000000001f01c379,港星李亚男“白里透光”的高级亮肤神器！,,李亚男18,,,自产笔记,白肌饮,,,
66c7001c000000001f03ac55,白白不难的！选对思路肤色直接next level！,,李亚男19,,,自产笔记,白肌饮,,,
66c6fbf2000000001f03b355,说真的！跟李亚男一起学这个真的会变漂亮,,李亚男20,,,自产笔记,白肌饮,,,
66c70fae000000001f01533a,30+贵妇做好秋季抗老！效果惊艳一整年！,,季抗老,,,自产笔记,X白组合,,,
66c736c9000000001f016937,什么！港星李亚男自爆狂晒不黑的小妙招啦,,李亚男21,,,自产笔记,白肌饮,,,
66c7e82b000000001d0183c9,眼膜正确打开方式！养出少女眼！,,少女眼,,,自产笔记,金字塔眼膜,,,
66c7dd17000000001d018169,1??招养成星星眼 眼睛会说话真的很加分！,,很加分,,,自产笔记,冰美式眼膜,,,
66c7ebf4000000001d014811,跪求别停产！黑眼圈灯泡眼姐妹速进！,,别停产,,,自产笔记,冰美式眼膜,,,
66c81400000000001d015a61,不愧是眼膜界天花板！眼部回春看它了！,,天花板,,,自产笔记,金字塔眼膜,,,
66c82c96000000001f017680,8月宠粉福利来喽｜新品0元带回家??,,,,,自产笔记,晓姿养雌小粉果,,,
66c821aa000000001f01c2c8,拒绝产后焦虑！！辣妹二胎上岸依旧20+,,辣妹二,,,自产笔记,AGX+益生菌+仙女冻,,,
66c84e2d000000001f03eb6c,无惧年龄焦虑！两步拿捏少女肌！,,总感觉,,,自产笔记,AGX+7D,,,
66c85055000000001d01af5c,会保养的嘴真严！现在的防晒都可以抗糖啦？,,王佑硕18,,,自产笔记,抗糖防晒,,,
66c855e6000000001d038ee8,硬核级抗老！硬控熟龄肌年轻态！,,年轻态,,,自产笔记,AGT粉钻精华,,,
66cda1db000000001d03b39b,不想秋季返“黄”的就看这篇！！！,,看这篇,,,自产笔记,抗糖防晒,,,
66cda95e000000001f01e082,黄糙皮换季急救大法！不愧是贵妇甄选！,,妇甄选,,,自产笔记,X白组合,,,
66cdbb75000000001d0149c9,狂扫衰老！三抗王炸你还不知道？,,抗王炸,,,自产笔记,AGT粉钻精华,,,
66ce78bf000000001d019792,揭秘三抗高端局！脸嫩到刹不住车！,,刹不住,,,自产笔记,AGT粉钻面膜,,,
66ce73d1000000001d039226,眼纹橡皮擦 让你重获减龄星星眼?,,橡皮擦,,,自产笔记,金字塔眼膜,,,
66ce9581000000001f01a0ed,试过了，全身雪肌真的可以实现！,,以实现,,,自产笔记,白肌饮,,,
66cebdd0000000001d0153c1,护肤只会抗糖抗氧=白干！现在讲究三抗！,,究三抗,,,自产笔记,AGT粉钻精华,,,
66ced469000000001f039a30,美貌+体态双投资，k衰效果翻倍涨！,,翻倍涨,,,自产笔记,AGX+益生菌+仙女冻,,,
66ceda59000000001f03a3b9,革新保养思路！都把这三招刻进骨子里?,,骨子里,,,自产笔记,AGX+益生菌+仙女冻,,,
66ced87d000000001f038c12,“久坐魔咒”的克星？职场人快吃！！,,克星职场,,,自产笔记,仙女冻,,,
66cee339000000001f01f5e7,再生胶原才是女生告别“班味”的秘?,,告别班,,,自产笔记,7D驱动饮,,,
66cef69d000000001f01ab97,蓝盈莹教你抗糖！美的真的很松弛,,蓝盈莹19,,,自产笔记,AGX抗糖饮,,,
66cefaaf000000001f0395a4,只有熬夜甜食党才懂这瓶抗糖饮的含金量,,蓝盈莹20,,,自产笔记,AGX抗糖饮,,,
66cf0195000000001f0146da,告别松垮真的绝！这逆龄内服真真是开眼了！,,逆龄内,,,自产笔记,X白组合,,,
66d0094f000000001f03d1f5,猛灌晓姿！黄黑皮你算是踢到铁板啦！,,踢到铁,,,自产笔记,白肌饮,,,
66d02dc0000000001f0145e4,轻松KO糖化脸 不愧是贵妇圈疯囤的抗糖饮！,,轻松K,,,自产笔记,AGX抗糖饮,,,
66cef5b6000000001f03f329,糖化有多可怕？不敢想！快抗糖吧！,,蓝盈莹21,,,自产笔记,AGX抗糖饮,,,
66d04c14000000001d01638a,快来学习晨间消肿法??眼睛“尝尝”冰美式,,消肿法,,,自产笔记,冰美式眼膜,,,
66d05411000000001d01b674,眼睛就这么水灵灵的不肿了！,,这么水,,,自产笔记,冰美式眼膜,,,
66d03cc8000000001d01748d,紧致嫩脸狠角色！熟龄肌轻松弯道超车！,,道超车,,,自产笔记,AGT粉钻面膜,,,
66d05c97000000001f03b738,古希腊掌管S码的神！28+姐妹速来学！,,码的神,,,自产笔记,仙女冻,,,
66d05ff6000000001f0141eb,Vocal！跟着贵妇锁住胶原锁住少女感！,,跟着贵,,,自产笔记,7D驱动饮,,,
66d06685000000001d038b64,眼纹的尽头是眼膜！淡纹眼膜届的尖子生！,,尖子生,,,自产笔记,金字塔眼膜,,,
66d06a5f000000001f039ad2,逆龄CP还有对手吗？少女感爱了！,,对手吗,,,自产笔记,7D驱动饮+AGX,,,
66d0367e000000001d019218,黄金抗老思路！三抗御老，水油同补就是猛,,就是猛,,,自产笔记,AGT粉钻精华,,,
66d04a2c000000001f017ea0,抓住秋天黄金变白期！肤色亮度next level！,,肤色亮,,,自产笔记,白肌饮,,,
66d11de8000000001f01bf84,美的毫不费力！不用再苦苦饿肚子了,,苦饿肚,,,自产笔记,仙女冻,,,
66d1349c000000001f03a5ec,小红书秋日焕新｜逆龄回春我悟了！,,春我悟,,,自产笔记,X白组合,,,
66d179b1000000001f01ddc1,小红书秋日焕新｜用它=按下年轻透亮快捷键,,快捷键,,,自产笔记,X白组合,,,
66d16f87000000001f03d511,跟着港女学内调！摆脱黑丑土！,,黑丑土,,,自产笔记,X白组合,,,
66d67905000000001d0154e8,这才是早八人的“冰美式”！消肿淡纹真行！,,纹真行,,,自产笔记,冰美式眼膜,,,
66d6a365000000001d03bb5d,干皮抗老开大！脸蛋就这么水灵灵的回春了？,,脸蛋就,,,自产笔记,AGT粉钻精华,,,
66d6ef5c000000000c01a8a2,用一次哇噻一次！少女眼回归咯！,,次哇噻,,,自产笔记,冰美式眼膜,,,
66d7ad4c000000001f039eba,黄黑皮支棱起来了?喝出透亮发光牛奶肌～,,喝出透,,,自产笔记,白肌饮,,,
66d7baf70000000012011601,24h抵御羰基化？日夜cp抗衰黑马,,衰黑马,,,自产笔记,AGT精华+面膜,,,
66d820e8000000000c019e91,时光逆行的秘！三抗合一堪比女娲捏脸！,,娲捏脸,,,自产笔记,AGT粉钻面膜,,,
66d822d7000000001f01af32,蓝盈莹没骗人??逆袭大女主脸的秘诀就是..,,蓝盈莹22,,,自产笔记,AGX抗糖饮,,,
66d834c1000000001f01842b,黑黄皮的神！喝了这玩意亮到刹不住车！,,皮的神,,,自产笔记,白肌饮,,,
66d8359d000000001f018d98,抗糖界的“黑神话”女明星也在喝啊！,,蓝盈莹26,,,自产笔记,AGX抗糖饮,,,
66d8316900000000120130ec,抗糖+抗氧+抗羰基化=有效抗老！脸嫩飞起,,效抗老,,,自产笔记,AGT粉钻精华,,,
66d83741000000001f019fbe,和蓝盈莹一起抗糖日常化|素颜肌龄挂倒档！,,蓝盈莹23,,,自产笔记,AGX抗糖饮,,,
66d83aaa000000001f0183e7,30+断崖式垮脸？！你不是老，你是“糖”了,,蓝盈莹24,,,自产笔记,AGX抗糖饮,,,
66d84938000000001f03e134,原来贵妇保持少女感的秘?诀是......,,秘诀是,,,自产笔记,7D驱动饮+AGX,,,
66d82852000000001f01ca14,蓝盈莹是这么保养的？这不得学一波？,,蓝盈莹25,,,自产笔记,AGX抗糖饮,,,
66d820ed000000001f0198ea,“贵气感”才是贵妇圈保养思路，不看真的亏,,贵气感,,,自产笔记,AGX+益生菌+仙女冻,,,
66d967470000000025031882,不用满盘皆蔬 也能有好状态！,,盘皆蔬,,,自产笔记,仙女冻,,,
66d96b9500000000250308e1,产后作弊式变美！轻松逆风翻盘！,,产后作,,,自产笔记,X白组合,,,
66d978d8000000000c018c47,抗糖+抗氧+抗羰基化！由内而外散发贵气,,外散发,,,自产笔记,AGT粉钻面膜,,,
66b1eb42000000000d031f67,胳膊肘！膝盖！白嫩透亮！是一种什么体验,,膝盖白,,,自产笔记,白肌饮,,,
66d982c7000000000c019483,30+想要拿捏眼周状态？快来get贵妇同款眼膜,,拿捏眼,,,自产笔记,金字塔眼膜,,,
66d986bc000000002603fa6e,跟着晓姿锁住胶原 贵气感由内而外的散发,,住胶原,,,自产笔记,7D驱动饮,,,
66d9830c000000002603d04a,独占肤色山头|黄黑皮这次真翻身了！,,色山头,,,自产笔记,白肌饮,,,
66da7bb20000000027003889,黄黑内卷天花板！重启光感肌有亿点快！,,重启光,,,自产笔记,白肌饮,,,
66da9a9a000000000c019234,让双眼喝饱水 眼睛润润有灵气就问谁能拒绝,,眼睛润,,,自产笔记,冰美式眼膜,,,
66d99b4f00000000270049b9,产后疯狂爆改…姐的美丽都是姐应得的！!,,姐的美,,,自产笔记,X白组合,,,
66dad548000000001201332e,太针对熬夜人了！轻松养成星星眼！！,,轻松养,,,自产笔记,冰美式眼膜,,,
66e011d20000000027005bc5,跟着晓姿，逆龄原来这么简单！,,逆龄原,,,自产笔记,X白组合,,,
66e01f94000000001201052e,"抗老更扛老？！粉钻精华带你逆风翻盘
",,更扛老,,,自产笔记,AGT粉钻精华,,,
66e10c10000000000c01a3b6,保养进入“三抗”时代!聚会合照赢麻了！,,保养进,,,自产笔记,AGT粉钻面膜,,,
66e1591e000000002603f351,黄脸9星后悔才发现！脸蛋水灵灵的透亮了,,蓝盈莹28,,,自产笔记,AGX抗糖饮,,,
66e16492000000002700629d,蓝盈莹同款?逆袭大女主的秘密原来是它....,,蓝盈莹29,,,自产笔记,AGX抗糖饮,,,
66e167930000000027004549,秋冬不行动更待何时！贵妇白白思路学起来~,,秋冬不,,,自产笔记,X白组合,,,
66e16b97000000001e018c45,熬夜肿眼急救？贵妇都用“冰美式”,,贵妇都,,,自产笔记,冰美式眼膜,,,
66e1709e00000000120117e8,跟着张馨予学养眼！眼周抗衰多亏有它！,,张馨予1,,,自产笔记,金字塔眼膜,,,
66e16fd500000000250305c1,28+不垮脸的秘诀！有它还怕什么？,,有它还,,,自产笔记,7D驱动饮+AGX,,,
66e172d5000000001e01b3a2,张馨予嫩眼秘诀|眼纹熨烫机找到了！！！,,张馨予2,,,自产笔记,金字塔眼膜,,,
66e17572000000001e01ab93,眼周抗老高端局！女明星同款速速码住！,,张馨予3,,,自产笔记,金字塔眼膜,,,
66e175b3000000002603f77d,谁懂啊！体态就这么水灵灵的拿下了！,,体态就,,,自产笔记,仙女冻,,,
66e176760000000025030d11,三步美成“女明星”！贵妇保养更高效！,,三步美,,,自产笔记,AGX+益生菌+仙女冻,,,
66e17d110000000025031347,拒绝“胶”虑后！30岁美出新高度,,胶虑后,,,自产笔记,7D驱动饮,,,
66e23b5b000000000c0194cc,这对CP直接拿捏少女肌！脸嫩到发光,,到发光,,,自产笔记,AGT精华+面膜,,,
66e25c91000000001201178a,肌肤也要“贴秋膘”！重回青春baby肌！,,贴秋膘,,,自产笔记,AGT粉钻面膜,,,
66e2815d0000000012011370,重拾妈生皮，熟龄肌抗老闭眼冲??,,妈生皮,,,自产笔记,AGT粉钻精华,,,
66e28fd40000000025030a0a,24小时不停歇??打工人的眼睛求救信号??,,不停歇,,,自产笔记,护眼丸,,,
66e29193000000002603056a,养出漂亮感还是得看雌激素！后悔没早补！,,没早补,,,自产笔记,软糖,,,
66e2afa4000000002603089e,拿捏分层保养逻辑 补胶原的智商税到此为止,,养逻辑,,,自产笔记,7D驱动饮,,,
66e25c2e00000000270043ae,长期主义｜30+的贵气感是内服出来的,,长期主,,,自产笔记,X白组合,,,
66e2ba49000000002603cf1b,暴晒内调扛得住！化身假期旅行打光板！,,化身假,,,自产笔记,白肌饮,,,
66e2c6380000000027003aad,别划走！拿捏皮肤开挂般的好状态！,,别划走,,,自产笔记,白肌饮,,,
66e3d7be000000001e0184dd,熬夜职场人快码住！快速重回少女星星眼！,,熬夜职,,,自产笔记,冰美式眼膜,,,
66e39d1700000000270006b7,跟着女明星抗糖之后，皮肤绝了！,,蓝盈莹30,,,自产笔记,AGX抗糖饮,,,
66e3e25c00000000250311a2,跟着贵妇姐妹还原美貌！原来是靠它！,,原美貌,,,自产笔记,AGX抗糖饮,,,
66e3fe34000000000c01a53d,张馨予同款一贴没！拿下眼纹眼袋易如反掌！,,张馨予4,,,自产笔记,金字塔眼膜,,,
66e4182e0000000027004aa0,拒绝无效抗糖！熟龄肌也能弯道超车,,效抗糖,,,自产笔记,AGX抗糖饮,,,储备
66e4f3710000000027003d69,不运动?不节食?躺平快乐是方法对了?,,躺平快,,,自产笔记,AGX抗糖饮,,,储备
66e2d2450000000027003c38,搞明白底层逻辑！身材轻松进入next level,,搞明白,,,自产笔记,仙女冻,,,
66e4fd54000000001201241a,熟龄肌急救 三抗拿捏老态！,,肌急救,,,自产笔记,AGT粉钻面膜,,,储备
66e537760000000027000df7,秋冬易暴食？抓住黄金期开启倍速模式！,,易暴食,,,自产笔记,仙女冻,,,储备
66e5423b0000000026031761,想长期保持女神状态，美貌+体态缺一不可！,,想长期,,,自产笔记,AGX+益生菌+仙女冻,,,
66e54a00000000001e01937b,冰美式眼膜真的牛！25+姐妹快来哇~,,快来哇,,,自产笔记,冰美式眼膜,,,储备
66ebe8c50000000012010596,快来学习晨间消肿法??眼睛“尝尝”冰美式,,快来学,,,自产笔记,冰美式眼膜,,,储备
66ec03fa0000000026032f86,黄黑皮弯道超车 触底反弹看内服,,触底反,,,自产笔记,白肌饮,,,储备
66ece7970000000025030df6,告别“沉”年人烦恼！这个贵妇轻盈CP太顶了,,告别沉,,,自产笔记,益生菌+仙女冻,,,储备
66ece8bc0000000027002be7,所有女生进！变身精致女神的保养小心机！,,所有女,,,自产笔记,AGX+益生菌+仙女冻,,,
66ecd3fb000000000c01bef3,叮咚??9月互动榜开奖啦！快来沾好运！,,,,,自产笔记,抗糖防晒,,,
66ed2ac200000000120133ce,跟着贵妇敷眼膜 熬夜不留痕迹?,,敷眼膜,,,自产笔记,冰美式眼膜,,,
66ed2ec9000000002700555c,思路打通！内行人眼中内服的含金量！,,思路打,,,自产笔记,白肌饮,,,
66ed2a1a00000000260314db,避雷！S管理路上踩过的x个坑！一定要躲,,定要躲,,,自产笔记,仙女冻,,,
66ed3d560000000026033257,"甜食？美貌？姐都要了哈
",,甜食美,,,自产笔记,AGX抗糖饮,,,储备
66ed4a1d000000002603edb0,天选牛马自测！右滑帮你去“班味”,,天选牛,,,自产笔记,护肝片,,,储备
66ed4e1300000000260300e3,秋季肤色挽救好时机！冷皮手到擒来,,秋季肤,,,自产笔记,白肌饮,,,
66ed53ea00000000270050d3,太恐怖了..压制性抗糖才是大美女的关键,,太恐怖,,,自产笔记,AGX抗糖饮,,,储备
66ed577d000000002603cdf8,熟龄肌变美正确思路！贵妇冻龄秘籍学起来!,,秘籍学,,,自产笔记,X白组合,,,
66ed44f00000000026031054,黄金cp来袭！熟龄肌变美正确思路！,,p来袭,,,自产笔记,X白组合,,,
66ed658d0000000025033371,脸说不黄就不黄？地狱级抗糖也不过如此！,,就不黄,,,自产笔记,AGX抗糖饮,,,储备
66f0c4eb0000000027007ac5,替28+的姐妹试过了！内服补胶原真能减龄,,内服补,,,自产笔记,7D驱动饮,,,
66f28669000000002a034329,产后保持少女感的秘秘?，贵妇产后管理拿捏,,理拿捏,,,自产笔记,仙女冻,,,
66f28969000000002c02b317,抵制贴秋膘！把握秋冬黄金期弯道超车！,,抵制贴,,,自产笔记,仙女冻,,,
66f29ee9000000001a022340,抗羰基化太狠了！少女感直接回来了...,,回来了,,,自产笔记,AGT粉钻面膜,,,
66f36a09000000001902e351,眼周也能分层抗衰！？张馨予真的太会选了~,,张馨予5,,,自产笔记,金字塔眼膜,,,
66f370c6000000002a036fee,拒绝姨味的黄金cp！28+也能保持少女肌！,,拒绝姨,,,自产笔记,X白组合,,,
66f376b5000000001902e8ce,谢谢张馨予 解锁星星眼具象化的秘密武器,,张馨予6,,,自产笔记,金字塔眼膜,,,
66f37e7d000000001a021013,30+想要拿捏眼周好状态？快来get明星同款眼,,张馨予7,,,自产笔记,金字塔眼膜,,,
66f36b00000000002a037b48,贵妇冻龄感?真不是普通面膜能做到的！,,真不是,,,自产笔记,碳酸面膜,,,
66f3a78d000000001b0238a8,张馨予私下爱用分享！这个眼膜必须火！,,张馨予8,,,自产笔记,金字塔眼膜,,,
66f3e413000000002a0307ea,抗糖做得好，40像20，少女感焊身上,,焊身上,,,自产笔记,AGX抗糖饮,,,
66f3e86a000000002c015189,横扫黄糙暗沉？这内服抗糖这么狠！,,蓝盈莹31,,,自产笔记,AGX抗糖饮,,,
66f3e8f5000000002a035d36,居家的院线级体验？很难不漂亮,,居家的,,,自产笔记,白肌饮,,,
66f3e5ab000000002a037838,一分钟自测你是不是糖化脸！发癫式保养！,,蓝盈莹32,,,自产笔记,AGX抗糖饮,,,
66f4b143000000001902cb02,抓住秋季抗衰黄金期，从肌肤底层锤爆衰老！,,从肌肤,,,自产笔记,AGT粉钻精华,,,
66f4b70a000000001902e2f2,眼部回春活菩萨！一次性解决眼周困扰！,,一次性,,,自产笔记,冰美式眼膜,,,
66f4fc6a000000002a033eaf,内服补胶原？到底是不是智商税！,,到底是,,,自产笔记,7D驱动饮,,,
66f51e93000000002a034832,这能说吗？贴秋膘也不耽误有女神曲线,,这能说,,,自产笔记,仙女冻,,,
66f5224d000000002a031670,值得长期投资的美丽三件套，美貌体态双拿捏,,美貌体,,,自产笔记,AGX+益生菌+仙女冻,,,
66f52ebd000000001902e496,轻松爆改熟龄肌！肌肤换季稳如泰山的密码！,,的密码,,,自产笔记,AGT粉钻精华,,,储备
66f5352f000000001902cc5f,熟龄肌逆袭新思路 嫩脸没它不行！,,嫩脸没,,,自产笔记,AGT粉钻精华,,,储备
66f52544000000002c014fe6,养成半永久冷白皮 糖化脸退退退,,养成半,,,自产笔记,X白组合,,,
66f61d3d000000002a035688,哪有什么天生冷白皮！不过都在背后偷偷用功,,偷用功,,,自产笔记,白肌饮,,,
66f62a6a000000002a030272,皮肤就这么水灵灵的嫩了？,,皮肤就,,,自产笔记,AGX抗糖饮,,,
66f6464b000000001a020cbf,护肤界大地震！真的被三抗惊艳到！,,护肤界,,,自产笔记,AGT精华+面膜,,,
66f64b2a000000001a0230ef,抗老届的六边形战士，嫩脸真的太绝啦,,抗老届,,,自产笔记,AGT粉钻面膜,,,
66f61077000000002c02e160,不愧是贵妇明星都爱的！教科书级别嫩脸来了,,都爱的,,,自产笔记,X白组合,,,
66f6662f000000001b023300,美美项目搬回家！跟着贵妇果然能学到好东西,,美美项,,,自产笔记,碳酸面膜,,,
66f67a8b000000001902c163,熟龄肌实名推荐??敷对面膜肌龄-10！,,敷对面,,,自产笔记,碳酸面膜,,,储备
66f67561000000002c02eed3,拿捏住秋季亮肤黄金期！天还没亮你先亮,,你先亮,,,自产笔记,白肌饮,,,
66f6a4f2000000002c02dd99,养好卵巢和肝脏...实现3倍速逆龄,,养好卵,,,自产笔记,小粉果+净肝片,,,储备
66f8cd35000000001a022ddf,天哪！不愧是张馨予…原来她星星眼这么来的,,张馨予10,,,自产笔记,金字塔眼膜,,,储备
66f8cfb6000000001b022ee9,张馨予真是藏不住东西，淡纹易如反掌！,,张馨予11,,,自产笔记,金字塔眼膜,,,
66f8f52c000000001b022e44,对抗眼纹这块?还得看女明星怎么做！,,张馨予12,,,自产笔记,金字塔眼膜,,,
66f90cc8000000001a023279,黑眼圈眼纹收割机？快跟着张馨予学嫩眼！,,张馨予13,,,自产笔记,金字塔眼膜,,,储备
66f92802000000002a033625,用眼过度快来集合！上古的润亮眼狠狠养成！,,上古的,,,自产笔记,护眼丸,,,
66fa3ba6000000002c02c219,贵气女神不用妆 素颜亮眼三步就够！,,贵气女,,,自产笔记,AGX+白肌+净肝片,,,
66fa4e97000000002c0166e3,步入30岁，各类身体问题渐渐显现：,,各类身,,,自产笔记,小粉果,,,
66fa5aaa000000002c02b434,黄黑皮的神！喝出透亮灯泡肌！,,灯泡肌,,,自产笔记,白肌饮,,,
66fa618c000000002c016ab3,抗糖の神！28+状态赢麻了！??,,抗糖神,,,自产笔记,AGX抗糖饮,,,
66fa62c4000000002c028a03,开眼了...压制性抗糖才是正确保养思路??,,压制性,,,自产笔记,AGX抗糖饮,,,
67063221000000002c02b753,7D补胶原太狠了！弹簧般焕亮年轻肌！,,弹簧般,,,自产笔记,7D驱动饮,,,
67072f62000000001902c3ef,女明星的高段位嫩眼大法！无限回购！,,张馨予14,,,自产笔记,金字塔眼膜,,,
6707886d000000002a0335eb,秋冬黄金变白期做对这件事！肤色爆改！,,秋冬黄,,,自产笔记,白肌饮,,,
6707955b000000002c016a7b,拥有女明星同款肌肤状态，怼脸拍也敲美,,蓝盈莹33,,,自产笔记,AGX抗糖饮,,,
67079ab8000000002a0374e8,30岁开挂的皮肤好状态？还得有效抗糖！,,蓝盈莹34,,,自产笔记,AGX抗糖饮,,,
67079e1d000000002c029382,打破女明星抗糖信息差！迎接高光时刻,,蓝盈莹35,,,自产笔记,AGX抗糖饮,,,
6707a255000000002a031a69,抗老先抗糖 喝空黄气实现逆生长！,,喝空黄,,,自产笔记,AGX抗糖饮,,,
67087ab4000000002c0157ce,美女修炼课程1.0...让你变美路上不走弯路！,,走弯路,,,自产笔记,仙女冻,,,
67087fd5000000002c01400b,熟龄肌真的懂保养吗？逆龄在这一刻具象化了,,在这一,,,自产笔记,X白组合,,,
67088b2b000000002a0302ab,要保养，先抗糖！怪不得蓝盈莹如此偏爱它！,,蓝盈莹37,,,自产笔记,AGX抗糖饮,,,
670897a6000000001a022d38,嫩回少女时代！拿捏贵妇冻龄的秘密,,少女时,,,自产笔记,碳酸面膜,,,
6708a046000000001902e4ba,黑眼圈就这样没了？熬夜人真的离不开,,人真的,,,自产笔记,冰美式眼膜,,,
6708c455000000002c02e4fc,狂晒也不怕，天都黑了你依旧亮！,,依旧亮,,,自产笔记,白肌饮,,,
6708d449000000001a020bda,服了..这才是源头抗衰！不愧是贵妇回购top,,是贵妇,,,自产笔记,AGT粉钻精华,,,
6708e70c000000001b020240,张馨予！这眼膜太管用了,,张馨予16,,,自产笔记,金字塔眼膜,,,
6708f0ad000000001a020dd4,透亮嘭弹一步到位！抗老已经next level了,,一步到,,,自产笔记,AGT粉钻面膜,,,
6708f982000000002c02a813,30+宝妈逆袭必囤!"碳水脑袋"美丽体态的秘?,,体态的,,,自产笔记,仙女冻,,,
6708fd10000000002c02d697,晓姿双十一活动指南来啦~包清楚的??,,指南来,,,自产笔记,AGX抗糖饮,,,
6708fbbd000000002c017d5d,Kuku补胶原的下场是 脸被停留在了20岁,,被停留,,,自产笔记,7D驱动饮,,,
6708fe29000000001b021d63,张馨予同款眼膜！有好东西她是真分享！,,张馨予17,,,自产笔记,金字塔眼膜,,,
6709ca95000000002c02957b,28+K老内服必选！打破姨味魔咒！,,打破姨,,,自产笔记,X白组合,,,
67090995000000002c029b22,惊！蓝盈莹喝了它素颜竟然....,,蓝盈莹36,,,自产笔记,AGX抗糖饮,,,
6709d1b5000000002a032319,中式养生说养肝就是养颜 比炫十杯美式管用,,就是养,,,自产笔记,护肝片,,,
6709eed90000000021003ac4,抗老更扛老？干皮求你用！！,,求你用,,,自产笔记,AGT精华+面膜,,,
670a1300000000001b011d04,原来早抗糖晚胶原 才是真正K老的神！,,晚胶原,,,自产笔记,7D驱动饮+AGX,,,
670a200d000000001600fcf8,你知道眼睛也会老吗？,,眼镜也,,,自产笔记,护眼丸,,,
670a26f4000000001b02ee4d,婚前全身变美就看这篇！惊艳所有人！,,看这篇,,,自产笔记,AGX+益生菌+仙女冻,,,
670a309c000000002401baf0,眼部冰美式！拯救你的眼部危肌!,,眼部危,,,自产笔记,冰美式眼膜,,,
670a3def000000001b02e82f,坚持内服….得到了什么？,,到了什,,,自产笔记,X白组合,,,
670a4f8c000000002100b343,这个双十一，给面膜界一点震撼！,,面膜界,,,自产笔记,碳酸面膜,,,
670a4dfd000000001b0119b3,泪目了！原来都是因为缺雌激素哇！,,缺雌激,,,自产笔记,小粉果,,,
670de11c0000000024017a92,无限回购张馨予同款眼膜！眼周没[纹]题！,,张馨予18,,,自产笔记,金字塔眼膜,,,
670de861000000002100a1b4,女明星高段位嫩眼大法！跪谢张馨予,,张馨予19,,,自产笔记,金字塔眼膜,,,
670e100b0000000021004313,还得是张馨予！同款高段位眼部抗老真的绝了,,张馨予20,,,自产笔记,金字塔眼膜,,,
670e320700000000210058fb,眼纹和黑眼圈真能淡！让你重获灵动少女眼~,,真能淡,,,自产笔记,冰美式眼膜,,,
670f52470000000016022144,好体态决定好气质 逆袭气质美女不在话下,,在话下,,,自产笔记,仙女冻,,,
670f79e50000000016023615,把小甜水换成它 变身白月光真的不难！,,身白月,,,自产笔记,白肌饮,,,
670f62dc000000001600d148,护肝真的太顶了！美丽像喝水一样简单！,,护肝真,,,自产笔记,护肝片,,,
670f8695000000001600d761,晓姿双11大促！蓝盈莹同款抗糖必须按箱囤,,蓝盈莹38,,,自产笔记,AGX抗糖饮,,,
670f8bc8000000001402f2e0,致买内服翻车的大冤种们,,大冤种,,,自产笔记,X白组合,,,
670f98db000000001b03d923,抗糖抗氧真不够！三抗才是熟龄肌保养真谛！,,熟龄肌,,,自产笔记,AGT粉钻面膜,,,
670f8364000000001b02eba1,多少瓶眼药水也不换！护眼有它就够了！,,水也不,,,自产笔记,护眼丸,,,
6710b5a7000000002100a4c8,碳酸面膜大揭秘！不要再花冤枉钱了！,,花冤枉,,,自产笔记,碳酸面膜,,,
6710b6c0000000001600e2e4,25+补胶原赶早不敢晚！让状态停留在巅峰！,,不敢晚,,,自产笔记,7D驱动饮,,,
6710d69d000000001402dcc0,晓姿双十一活动提前开始！机制可太顶了！,,机制可,,,自产笔记,X白组合,,,
6710dbbb0000000024017e05,熟龄肌回春利器！贵妇护肤品界的优等生！,,春利器,,,自产笔记,AGT精华+面膜,,,
6710e4240000000024015b31,嫩脸不要太无情！对衰老的杀伤力10000％！,,的杀伤,,,自产笔记,AGT粉钻精华,,,
671109d5000000001b02ccaf,掌握了贵气感的秘诀..养成透亮少女肌！,,养成透,,,自产笔记,X白组合,,,
6711b0d30000000024019bec,三抗护肤好牛！秋冬养出饱满透嫩肌！,,肤好牛,,,自产笔记,AGT精华+面膜,,,
6710899d000000001b011009,高回报内服！少女肌就这样回来了,,这样回,,,自产笔记,7D驱动饮+AGX,,,
6711bbbc000000001402db1c,内服抗糖后的变化…,,糖后的,,,自产笔记,AGX抗糖饮,,,
6711fa37000000001402fec0,黄黑皮逆袭！素颜也能赚足回头率！,,回头率,,,自产笔记,白肌饮,,,
6711fb8f0000000016021d0a,养雌后才发现原来可以这么美！,,养雌后,,,自产笔记,软糖,,,
67120ba5000000001b02d886,粉底直接换色号！这个双十一内服就看它了！,,换色号,,,自产笔记,白肌饮,,,
67120eb7000000001602222c,谁说宝妈就得邋遢！选对内服美出新高度,,美出新,,,自产笔记,AGX+益生菌+仙女冻,,,
671206fa000000001b02e775,想要掉数字不掉营养？长线健康管理多亏它！,,管理多,,,自产笔记,仙女冻,,,
67121cdd000000002100aefa,15min拥有贵妇脸？普通面膜还真做不到！,,面膜还,,,自产笔记,碳酸面膜,,,
67122c8a000000001402e38b,一招打破s循环！这逆龄内服真真是开眼了,,是开眼,,,自产笔记,7D驱动饮,,,
67122ef9000000002603798e,馨予同款眼膜！有好东西她是真分享！,,张馨予22,,,自产笔记,金字塔眼膜,,,
67123185000000001600ca86,双十一真的把贵妇级内服cp的价格打下来了?,,把贵妇,,,自产笔记,X白组合,,,
671772cf000000002100919d,女明星高段位嫩眼法！??保养好35+不显老,,张馨予23,,,自产笔记,金字塔眼膜,,,
67186254000000001b02d0d1,小孩才做选择！少女肌好身材成年人都要！,,年人都,,,自产笔记,AGX+益生菌+仙女冻,,,
671860240000000021008b03,张馨予“一直美丽”的秘?，扫除黑眼圈细纹,,张馨予24,,,自产笔记,金字塔眼膜,,,
6718a04800000000210042ec,女明星同款嫩眼宝藏！这星星眼也太牛了,,张馨予25,,,自产笔记,金字塔眼膜,,,
6718ba0f000000001b0115a1,被这个CP震惊到了??垮成这样也能回春,,成这样,,,自产笔记,X白组合,,,
6718cf5d000000001b03df76,贵妇护肤选三抗！皮肤质感进阶幼态肌,,选三抗,,,自产笔记,AGT粉钻面膜,,,
6718d1c10000000016023fac,素颜美女的驻颜密码，还得靠这对内服CP,,驻颜密,,,自产笔记,X白组合,,,
6718d7f2000000001b03f31f,28+给美貌投资！贵妇级碳酸面膜的实力！,,美貌投,,,自产笔记,碳酸面膜,,,
6718cab40000000024017c3f,天塌脸不塌！素颜回春大法就是它！,,大法就,,,自产笔记,AGT粉钻面膜,,,
6718d5760000000026034bec,火爆贵妇圈的眼膜，爆改眼周细纹黑眼圈,,纹黑眼,,,自产笔记,冰美式眼膜,,,
6719a556000000002401a872,抗糖抗氧已经落后 请进入三抗主宰的时代,,抗主宰,,,自产笔记,AGT精华+面膜,,,
6719b67f0000000016020b77,奔三不慌！多亏这对CP给足漂亮底气,,漂亮底,,,自产笔记,7D驱动饮+AGX,,,
6719fe00000000001b012588,秋冬肤色弯道超车，闪到没边~,,闪到没,,,自产笔记,白肌饮,,,
671a0c0e000000001b02e241,内促外补 补对胶原简直像换了个人！,,内促外,,,自产笔记,7D驱动饮,,,
"671a142c000000001b02c218
替换的新ID：67282909000000003c0140e5",晓姿真有你的！快跟女明星一起拿捏内服命门,,阚清子1,,,自产笔记,AGX抗糖饮,,,
671aee6f000000001b02cade,养肝＝养颜！硬控职场打工人小心肝！,https://www.xiaohongshu.com/explore/67282909000000003c0140e5?xsec_token=ABM34i1E7MLpePMO2hH9vbwotCVkysNtzKJPnv9OkNtyc=&xsec_source=pc_user,工人小,,,自产笔记,护肝片,,,
671a30b70000000016020071,关于熬夜你不知道的冷知识|熬夜发福,,熬夜发,,,自产笔记,仙女冻,,,
671b4bfd000000001402e7b6,30+熟龄肌回春密码！看这篇就够了！,,春密码,,,自产笔记,X白组合,,,
671b76bb000000002100450c,告别熬夜悲伤泡泡眼!这很难呢吗？,,很难呢,,,自产笔记,冰美式眼膜,,,
671b7442000000001402f9bc,每天一个冷知识..抢先一步get小腰快乐！,,小腰快,,,自产笔记,仙女冻,,,
671b7968000000001b0133f3,黄黑皮备婚大作战！不可错过的婚前变美法！,,变美法,,,自产笔记,白肌饮,,,
671b6f2a000000001600ef01,开启抗糖新时代 远离肌肤美拉德,,美拉德,,,自产笔记,AGX抗糖饮,,,
671aecbc000000001402d858,“人老珠黄”别来沾边！盯屏党守好双眼！,,好双眼,,,自产笔记,护眼丸,,,
671efaec000000001b02fcaa,火爆贵妇圈的亮肤密码！全身直接换个色号！,,贵妇圈,,,自产笔记,白肌饮,,,
6721ee27000000001b012d88,25+必入眼膜！张馨予也在用！,,张馨予26,,,自产笔记,金字塔眼膜,,,
6721faca000000001a01e514,熟龄肌超爱的碳酸面膜！15min足够了！,,爱的碳,,,自产笔记,碳酸面膜,,,
6722f136000000003c014b72,养雌纯干货！熟龄女生抄近路变美！,,近路变,,,自产笔记,软糖,,,
6722db8b000000003c01bc3b,阚清子谢谢你！年轻好状态爱了！,,阚清子2,,,自产笔记,AGX抗糖饮,,,
6722fed30000000019019497,跟着嫩眼女神张馨予学！一片眼膜拿下松松眼,,张馨予27,,,自产笔记,金字塔眼膜,,,
672207ab000000003c0142de,晓姿断货王内服实测打卡！脸真嫩了！,,实测打,,,自产笔记,X白组合,,,
6722fe07000000001b02dc6d,贵妇嫩脸敲门砖！普通护肤真比不上！,,脸敲门,,,自产笔记,AGT精华+面膜,,,
67231d02000000001d038efe,糖化脸自救！女明星K老大法真的牛！,,阚清子3,,,自产笔记,AGX抗糖饮,,,
67232174000000003c015a8b,除了不上班 还有什么能让脸变白净胶原感,,变白净,,,自产笔记,X白组合,,,
672326ba000000001a03409f,逆袭变美三件套含金量太足 一眼美女就是你,,含金量,,,自产笔记,AGX+益生菌+仙女冻,,,
672426d60000000019017a61,眼膜届逆龄的王者 高段位嫩眼大法！,,嫩眼大,,,自产笔记,金字塔眼膜,,,
67235655000000001a035175,年底冲刺？养出长久线条感,https://www.xiaohongshu.com/explore/672426d60000000019017a61?xsec_token=AB87taC6LXI0zDLPwwvUwPD5WjF1f3rX4v7IeLZ8rCxcY=&xsec_source=pc_user,底冲刺,,,自产笔记,仙女冻,,,
6722f4e1000000001b0292ba,不用微do！脸也能嫩到起飞,,不用微,,,自产笔记,AGT粉钻面膜,,,
67242f20000000001d03a1c0,年轻状态是吃出来的，不是戒出来的！,,辰亦儒1,,,自产笔记,AGX抗糖饮,,,
67243788000000001d03a9aa,30+也想拥有好状态？快来跟着辰亦儒抄作业,https://www.xiaohongshu.com/explore/67242f20000000001d03a1c0?xsec_token=WBfhqulAph4VhgQy6JZhTPBqUj02u3nczw1Qer4hJu19M=&xsec_source=pc_wind,辰亦儒2,,,自产笔记,AGX抗糖饮,,,
67244faa000000001d03a72c,跟明星学抗老，第一步先抗糖！,https://www.xiaohongshu.com/explore/67243788000000001d03a9aa?xsec_token=WBfhqulAph4VhgQy6JZhTPBke_x6xsZYU_sGFsT5OzjoM=&xsec_source=pc_wind,辰亦儒3,,,自产笔记,AGX抗糖饮,,,
67246df7000000003c01a399,终于扒出辰亦儒冻龄秘诀！这抗糖有两下子！,https://www.xiaohongshu.com/explore/67244faa000000001d03a72c?xsec_token=ABijtqk5a6-EWo25Yy7fqwoMSNiiiuJoNZwkw0pEqe3cI=&xsec_source=pc_user,辰亦儒4,,,自产笔记,AGX抗糖饮,,,
67247d57000000003c0144d1,黑黄皮悟了！作弊式逆袭牛奶肌原来这么简单,https://www.xiaohongshu.com/explore/67246df7000000003c01a399?xsec_token=ABqOZrkkQCzwss7bldhBKpC4zCTvTeQf_HxH2LlX3PDJs=&xsec_source=pc_user,逆袭牛,,,自产笔记,白肌饮,,,
672487b3000000001a035a71,贵妇严选抗糖饮！30+熟龄肌爱惨了！,https://www.xiaohongshu.com/explore/67247d57000000003c0144d1?app_platform=android&ignoreEngage=true&app_version=8.56.0&share_from_user_hidden=true&xsec_source=app_share&type=video&noteAttributes=goods&xsec_token=CBXhiAD6tKjYYHeHlezHUcqB1LTJO6gGQHWLM9LTHk-og=&author_share=1&xhsshare=QQ&shareRedId=Nz9FREg4RkJKSTdHPzgyP0c8QktFNzc9&apptime=1730444661&share_id=14c8ae9c7d2e49209b6b0e0536d60a2c,肌爱惨,,,自产笔记,AGX抗糖饮,,,
6724afb900000000190150e1,11月宠粉倒计时|晓姿带着惊喜来了！！,https://www.xiaohongshu.com/explore/672487b3000000001a035a71?app_platform=android&ignoreEngage=true&app_version=8.56.0&share_from_user_hidden=true&xsec_source=app_share&type=video&noteAttributes=goods&xsec_token=CBXhiAD6tKjYYHeHlezHUcqJM0LK8dpxtA17y3fPYiH_0=&author_share=1&xhsshare=QQ&shareRedId=Nz9FREg4RkJKSTdHPzgyP0c8QktFNzc9&apptime=1730447287&share_id=6d53c3377d1f46198ce45979de8398e1,,,,自产笔记,绷带面膜,,,
67249f3b000000003c01bccb,秋冬黄金期不喝？更待何时？黄黑速来改变！,https://www.xiaohongshu.com/explore/6724afb900000000190150e1?xsec_token=ABq8NaU16JhblwWsTJI74rMpq4niGkkBQ7E7sAEzKw000=&xsec_source=pc_user,黄黑速,,,自产笔记,白肌饮,,,
6724b1c5000000001a01e9b8,熬夜眼有救了！一不小心黑眼圈都没了...,https://www.xiaohongshu.com/explore/67249f3b000000003c01bccb?app_platform=android&ignoreEngage=true&app_version=8.56.0&share_from_user_hidden=true&xsec_source=app_share&type=video&noteAttributes=goods&xsec_token=CBXhiAD6tKjYYHeHlezHUcqLjA9Mwe5dtswOgMguHzCT4=&author_share=1&xhsshare=QQ&shareRedId=Nz9FREg4RkJKSTdHPzgyP0c8QktFNzc9&apptime=1730453314&share_id=6b9cd179d77d453b948b5d6fb21fd053,夜眼有,,,自产笔记,冰美式眼膜,,,
6724adf6000000003c01d7fe,分层补胶原！？晓姿这次真的卷,https://www.xiaohongshu.com/explore/6724b1c5000000001a01e9b8?app_platform=android&ignoreEngage=true&app_version=8.58.0&share_from_user_hidden=true&xsec_source=app_share&type=normal&noteAttributes=goods&xsec_token=CBjigFE_SUnFw4oHCf2FqOa8PZ246T_Vte2m4jPCSF43Y=&author_share=1&xhsshare=QQ&shareRedId=ODw3Qzo1OU42NzUyOTgwNjY6OTc4STlO&apptime=1730458112&share_id=fec42d3388264e3db0458ff35b96e96b,分层补,,,自产笔记,7D驱动饮,,,
67288d55000000003c015f2f,垮脸报恩级K老内服！喝出满满胶原感,https://www.xiaohongshu.com/explore/6724adf6000000003c01d7fe?xsec_token=AB9_tDrYxc62r8a7CE7A-rA-Tv2WNa6BgCs8snbaJr8Ko=&xsec_source=pc_user,垮脸报恩,,,自产笔记,7D驱动饮,,,
6728917e000000001b0122c6,虽30但18??遇到熟龄肌ta是真上！,https://www.xiaohongshu.com/explore/67288d55000000003c015f2f?xsec_token=AB_S-YPu0DtMJJY1a630c9zMv6Ai1PsIKv7yWl_uoqfWw=&xsec_source=pc_search&source=web_explore_feed,遇到熟,,,自产笔记,碳酸面膜,,,
672abf03000000001b0280e4,张馨予私下爱用分享！这个眼膜必须火！,https://www.xiaohongshu.com/explore/6728917e000000001b0122c6?xsec_token=ABCRrH1WCJmzq_iggeMyfZn6w-EQRpnsNw49SmIEsNi0Y=&xsec_source=pc_user,张馨予28,,,自产笔记,金字塔眼膜,,,
672b0257000000003c014ae4,黄黑皮有救了！原来后天也能拥有冷皮！,https://www.xiaohongshu.com/explore/672abf03000000001b0280e4?xsec_token=ABVfLG3yruL_Pb5el0HiorIstIo7QQwKcn5Q_8kHj_I-k=&xsec_source=pc_user,有冷皮,,,自产笔记,白肌饮,,,
672aeaca000000003c01ce83,别人年底冲刺辣妹，你纯靠厚棉袄遮挡？,黄黑皮有救了！原来后天也能拥有冷皮！ - 小红书,厚棉袄,,,自产笔记,仙女冻,,,
672b059b000000003c01c09d,这才是抗老该吃的细糠！冻龄易如反掌!,https://www.xiaohongshu.com/explore/672aeaca000000003c01ce83?xsec_token=ABnwgQ5yuj2tN6SQiuKP8lojsIHHN8Adrun6xlsG8cOwY=&xsec_source=pc_user,吃的细糠,,,自产笔记,AGX抗糖饮,,,
672b2349000000001a037aeb,坚持养肝，充盈感的美貌就是想要的漂亮?,https://www.xiaohongshu.com/explore/672b059b000000003c01c09d?share_from_user_hidden=true&app_version=8.59.0&app_platform=android&type=normal&author_share=1&xsec_token=EBpb1Ff18-kcWuwhRgdWs14jyjirL81F1qw3-cEYSpr7s=&xsec_source=app_followshare&xhsshare=CopyLink&shareRedId=Nz9FREg4RkJKSTdHPzgyP0c8QktFNzc9&apptime=1730872742&share_id=c7f7759a07af43ad90d900350e9cb997,充盈感,,,自产笔记,护肝片,,,
672b3cf6000000001b0126d5,高段位成分一脚踢翻眼膜届！张馨予同款！,https://www.xiaohongshu.com/explore/672b2349000000001a037aeb?xsec_token=ABzQNV7ni_MawgeytWkbr6U1QDOpQa1wHr0uu5Wth2BMU=&xsec_source=pc_user,张馨予29,,,自产笔记,金字塔眼膜,,,
672b42b2000000003c01d94e,阚清子严选！抗糖少不了的,https://www.xiaohongshu.com/explore/672b3cf6000000001b0126d5?app_platform=android&ignoreEngage=true&app_version=8.59.0&share_from_user_hidden=true&xsec_source=app_share&type=normal&noteAttributes=goods&xsec_token=CB2dJIX7ECdUIw2QtZm41T-WMdb7n4dv7cMDiymPj5xI0=&author_share=1&xhsshare=QQ&shareRedId=ODw3Qzo1OU42NzUyOTgwNjY6OTc4STlO&apptime=1730886929&share_id=4c68ec68ae814cefa6ad4241b52ba8e0,阚清子5,,,自产笔记,AGX抗糖饮,,,
672b4cb2000000003c01b543,颠覆胶原认知?盲目补胶原根本救不了垮脸！,https://www.xiaohongshu.com/explore/672b42b2000000003c01d94e?xsec_token=ABKWBJkI7J-lwuG-WWZ3SnyYw6KkfGmLbsRaPa2HAOx74=&xsec_source=pc_user,盲目补,,,自产笔记,7D驱动饮,,,
672c5ba6000000001a0370c8,内服届活菩萨！黄黑皮打赢肤色战就靠它!,https://www.xiaohongshu.com/explore/672b4cb2000000003c01b543?xsec_token=ABgu6U6zVqG15WmXxYmXMPXtz_J-pcQmdOyj24J0nibD4=&xsec_source=pc_user,活菩萨,,,自产笔记,白肌饮,,,
672c705e000000001a0347a9,别再盲目k老了！卵巢不重视，一切白搭！,https://www.xiaohongshu.com/explore/672c5ba6000000001a0370c8?xsec_token=ABOrEcuvsO9iL-ckdC4SEl1tt5PawhQMC_m4a5QY_6bT0=&xsec_source=pc_user,不重视,,,自产笔记,软糖,,,
672c7891000000003c01b9c7,阚清子谢谢你！素颜嫩到起飞,https://www.xiaohongshu.com/explore/672c705e000000001a0347a9?xsec_token=AB-fg1sbdDWa0D4pFDyqhypOKDzZyRh-hcG-NJVp4JzL0=&xsec_source=pc_user,阚清子6,,,自产笔记,AGX抗糖饮,,,
672c75a7000000003c01ec36,抓住冬季黄金期，错过再等一年,https://www.xiaohongshu.com/explore/672c7891000000003c01b9c7?xsec_token=ABKR6uin_g8kPlDv1wADtjuiDq99jYl2dEO2Su9-K7qLk=&xsec_source=pc_user,过再等,,,自产笔记,X白组合,,,
672c8984000000003c0180ac,变美三部曲在手！贵妇女神非你莫属！,https://www.xiaohongshu.com/explore/672c75a7000000003c01ec36?xsec_token=AB1URsld6UyF8yMXuq0yMQsg_Pb3A58N2Lwu86GrHOoVo=&xsec_source=pc_user,你莫属,,,自产笔记,AGX+益生菌+仙女冻,,,
672c96c9000000003c01f04b,女明星没骗人！皮肤真的像是开了外挂！,变美三部曲在手！贵妇女神非你莫属！ - 小红书 (xiaohongshu.com),阚清子7,,,自产笔记,AGX抗糖饮,,,
672c9895000000001d03831a,跟着女明星走保养捷径 将抗糖化融入日常！,https://www.xiaohongshu.com/explore/672c96c9000000003c01f04b?xsec_token=AB_gZ0teGN_aCnNuEoT1RZO5DDEaa18vjEp2ZXTXfZ_FM=&xsec_source=pc_user,阚清子9,,,自产笔记,AGX抗糖饮,,,
672c994e000000003c01b928,女明星年度好物攻略|甜食也可放肆吃了,https://www.xiaohongshu.com/explore/672c9895000000001d03831a?xsec_token=ABBYUxJGIeTba1ZEKF7UH_O5vcfv6M4Gj04H9oirtkkYo=&xsec_source=pc_user,阚清子10,,,自产笔记,AGX抗糖饮,,,
672d6624000000003c01e410,辰亦儒替大家试过了！这个抗糖真开门,https://www.xiaohongshu.com/explore/672c994e000000003c01b928?xsec_token=ABEOU5ByFungb1PSNN8OdSQtjKvnN8CvMiaVj8kzBJlXU=&xsec_source=pc_user,辰亦儒5,,,自产笔记,AGX抗糖饮,,,
672d690f000000003c01fb52,跟着辰亦儒的脚步！打破明星壁垒,https://www.xiaohongshu.com/explore/672d6624000000003c01e410?app_platform=android&ignoreEngage=true&app_version=8.60.0&share_from_user_hidden=true&xsec_source=app_share&type=video&noteAttributes=goods&xsec_token=CBAcOiPtUMBUlIqeNZCp0Hlu6l5TJ6k_2_MDny3hbCO5w=&author_share=1&xhsshare=QQ&shareRedId=Nz9FREg4RkJKSTdHPzgyP0c8QktFNzc9&apptime=1731028658&share_id=2b9da2f3aca44f9897d235975614f794,辰亦儒6,,,自产笔记,AGX抗糖饮,,,
672c97af000000001d03b906,状态回春！码住阚清子抗糖嫩脸秘籍,https://www.xiaohongshu.com/explore/672d690f000000003c01fb52?xsec_token=AB8DZwktlE69tUCnnVH2mgxUITcpg0GzvKYidw6Y1ZJJc=&xsec_source=pc_user,阚清子8,,,自产笔记,AGX抗糖饮,,,
672d8b0b000000001b02ca01,皮肤衰老的真相！打破氧糖双抗抗老瓶颈！,https://www.xiaohongshu.com/explore/672c97af000000001d03b906?xsec_token=ABfiUAnuc5B6xA04CDC6Iz6s1OiyV_QlHnQYWQqW7Fs1c=&xsec_source=pc_user,双抗抗,,,自产笔记,AGT精华+面膜,,,
672db5bb000000003c019803,爆款内服安排上，黄黑皮轻松逆袭韩女冷皮！,https://www.xiaohongshu.com/explore/672d8b0b000000001b02ca01?xsec_token=AB1wo9lfDiIHghbwfO2oIZ1qgfImwjSFeu5AyT8rJAa4U=&xsec_source=pc_user,韩女冷,,,自产笔记,白肌饮,,,
672db713000000001a034e17,卷疯了！跟着辰亦儒一起重返20岁！,https://www.xiaohongshu.com/explore/672db5bb000000003c019803?app_platform=android&ignoreEngage=true&app_version=8.60.0&share_from_user_hidden=true&xsec_source=app_share&type=video&noteAttributes=goods&xsec_token=CBAcOiPtUMBUlIqeNZCp0HloispbAzjLA4RznEj03cj6w=&author_share=1&xhsshare=CopyLink&shareRedId=Nz9FREg4RkJKSTdHPzgyP0c8QktFNzc9&apptime=1731048940&share_id=ff9801ad2b2c4d7e96775888a84878a7,辰亦儒7,,,自产笔记,AGX抗糖饮,,,
672dba48000000001b012f9b,整顿熬夜脸，去除疲态有一手,https://www.xiaohongshu.com/explore/672db713000000001a034e17?xsec_token=ABFtVgmXvv7ClGiyVzhHyph_HVgKbVyRwCK5WgM85wgwI=&xsec_source=pc_user,除疲态,,,自产笔记,AGT精华+面膜,,,
672dbd31000000001a034f02,秋断食哪有它牛？这东西也太开门了！,https://www.xiaohongshu.com/explore/672dba48000000001b012f9b?xsec_token=ABFtVgmXvv7ClGiyVzhHyph0DLHeeim4ONj-h3NZc79aM=&xsec_source=pc_user,太开门了,,,自产笔记,仙女冻,,,
672d71b0000000001a035be6,贵妇私藏硬货，美貌+体态双逆龄,https://www.xiaohongshu.com/explore/672dbd31000000001a034f02?app_platform=android&ignoreEngage=true&app_version=8.60.0&share_from_user_hidden=true&xsec_source=app_share&type=normal&noteAttributes=goods&xsec_token=CBAcOiPtUMBUlIqeNZCp0Hls1pPUSY_S7q8J2OyS-BJZ0=&author_share=1&xhsshare=QQ&shareRedId=Nz9FREg4RkJKSTdHPzgyP0c8QktFNzc9&apptime=1731050855&share_id=a621f4bc19de4ffbae31f2e61fdb02ef,双逆龄,,,自产笔记,AGX+益生菌+仙女冻,,,
672d7348000000003c014d2c,30+无痛逆龄，贵妇私藏硬货！,https://www.xiaohongshu.com/explore/672d71b0000000001a035be6?app_platform=android&ignoreEngage=true&app_version=8.60.0&share_from_user_hidden=true&xsec_source=app_share&type=normal&noteAttributes=goods&xsec_token=CBAcOiPtUMBUlIqeNZCp0HloRllOM5EZnrlTNEHemXB30=&author_share=1&xhsshare=QQ&shareRedId=Nz9FREg4RkJKSTdHPzgyP0c8QktFNzc9&apptime=1731031509&share_id=13db7bff8aa94f2db73e534d119e7385,藏硬货,,,自产笔记,X白组合,,,
672db851000000001a01faed,抗老强的可怕！很少用震撼形容一款精华！,https://www.xiaohongshu.com/explore/672d7348000000003c014d2c?app_platform=android&ignoreEngage=true&app_version=8.60.0&share_from_user_hidden=true&xsec_source=app_share&type=video&noteAttributes=goods&xsec_token=CBAcOiPtUMBUlIqeNZCp0HlsKjUZfIMTQZw4e0onG7M74=&author_share=1&xhsshare=QQ&shareRedId=Nz9FREg4RkJKSTdHPzgyP0c8QktFNzc9&apptime=1731031885&share_id=c421cc8013374a9a8eb1e2943956b7ab,一款精华,,,自产笔记,AGT粉钻精华,,,
672de306000000001b028e21,打破抗老无用僵局 这粉钻面膜真有点东西！,https://www.xiaohongshu.com/explore/672db851000000001a01faed?xsec_token=ABEVyaGOZidWG4ao_LStJPefiR1oYoCpA7ZSjzqCK6O7s=&xsec_source=pc_user,老无用,,,自产笔记,AGT粉钻面膜,,,
672dc430000000001b01221e,不愧是贵妇严选 实现半永久清透小脸,https://www.xiaohongshu.com/explore/672de306000000001b028e21?app_platform=android&ignoreEngage=true&app_version=8.59.0&share_from_user_hidden=true&xsec_source=app_share&type=normal&xsec_token=CBxEPQiPY4TwhngVQu3nf1AhFgkfo9YLFjr06ojkjBp94=&author_share=1&xhsshare=CopyLink&shareRedId=ODw3Qzo1OU42NzUyOTgwNjY6OTc4STlO&apptime=1731060491&share_id=58e5a279bc4b4a82985218752d026988,半永久,,,自产笔记,碳酸面膜,,,
6730127a000000003c01e21a,"胶原能量速|2D松垮脸变成7D弹嫩脸
",https://www.xiaohongshu.com/explore/672dc430000000001b01221e?xsec_token=ABQTSndcYED64OFSDDo5NlY_B5iseZxkWPqQQfhJt2b4I=&xsec_source=pc_user,能量速,,,自产笔记,7D驱动饮,,,
6731a49a000000003c01d93f,跟着女明星抗糖内调后，素颜贼能打,https://www.xiaohongshu.com/explore/6730127a000000003c01e21a?app_platform=ios&app_version=8.59.1&share_from_user_hidden=true&xsec_source=app_share&type=video&noteAttributes=goods&xsec_token=CBLbyYESPuIQHp7P3Sbr60behVEglazP9gRZ5i2PJmlCk=&author_share=1&xhsshare=CopyLink&shareRedId=N0hDQkU2RjtLPkk7Oj8wNjY0P0g7NTc8&apptime=1731217888&share_id=c21c8223216840d4b62484afebd1405f,阚清子11,,,自产笔记,AGX抗糖饮,,,
673071d7000000001d0396ec,阚清子谢谢你！,https://www.xiaohongshu.com/explore/6731a49a000000003c01d93f?app_platform=android&ignoreEngage=true&app_version=8.60.0&share_from_user_hidden=true&xsec_source=app_share&type=video&noteAttributes=goods&xsec_token=CBDHutYRGFeWwqGLfi3yDcRis_gEZQY-Xl8qhuxmT3Wbo=&author_share=1&xhsshare=QQ&shareRedId=Nz9FREg4RkJKSTdHPzgyP0c8QktFNzc9&apptime=1731306667&share_id=8b92ac713a244c50ad6bc1c987594b93,阚清子12,,,自产笔记,AGX抗糖饮,,,
6731b67d000000003c017f93,早点知道就好了...怪不得女明星状态好,https://www.xiaohongshu.com/explore/673071d7000000001d0396ec?xsec_token=ABQcmVVJptu0aG_Wn9PGo7My85_mw67HA5GMG2gOkXHe0=&xsec_source=pc_user,阚清子13,,,自产笔记,AGX抗糖饮,,,
6732bcd90000000019016c68,不愧是贵妇严选的院线级碳酸护理！,早点知道就好了...怪不得女明星状态好 - 小红书 (xiaohongshu.com),酸护理,,,自产笔记,碳酸面膜,,,
6732f28600000000190196d9,逆转眼龄！你与精致星星眼之间只差款眼膜！,https://www.xiaohongshu.com/explore/6732bcd90000000019016c68?xsec_token=ABcOgLXMBVn1sJxRTya28a4kJaKd1JQrrPC_Ep555OjeM=&xsec_source=pc_user,你与精,,,自产笔记,金字塔眼膜,,,
6732f9b5000000001d039dad,喝进去的胶原蛋白！补多不如补的对！,https://www.xiaohongshu.com/explore/6732f28600000000190196d9?xsec_token=AB-z4K2r83BUFRdZMozYMQBysMhkRS-Tkc1mb8dH9gtAQ=&xsec_source=pc_user&m_source=mingfenghuohu,原蛋白,,,自产笔记,7D驱动饮,,,
67342481000000003c0145b7,一键亮肤？秋冬告别色差就看它了！,喝进去的胶原蛋白！补多不如补的对！ - 小红书,别色差,,,自产笔记,白肌饮,,,
6734770f000000001d039eee,肉肉女孩自救指南，这把高端局！,https://www.xiaohongshu.com/explore/67342481000000003c0145b7?xsec_token=ABMMsuO28ljja5zpqiCdi0i2sGhuOlUidXMIP1_f2-Sgw=&xsec_source=pc_user,自救指,,,自产笔记,仙女冻,,,
673481be000000003c01dff6,仙女冻后悔没早入 轻盈体态还得看它,https://www.xiaohongshu.com/explore/6734770f000000001d039eee?xsec_token=AB6VHjexK6NHLlVUDt8L3tvYxR5zgKdUe7OBwSbUOkfBw=&xsec_source=pc_user,态还得看,,,自产笔记,仙女冻,,,
673553d0000000003c015870,拿捏抗糖底层逻辑！轻松get光滑奶油肌~,http://xhslink.com/a/LxYY3PyomMFZ,滑奶油,,,自产笔记,AGX抗糖饮,,,
673555e9000000003c01fb8f,直球式狂补胶原 小脸胶原感溢出来！,https://www.xiaohongshu.com/explore/673553d0000000003c015870?app_platform=android&ignoreEngage=true&app_version=8.60.0&share_from_user_hidden=true&xsec_source=app_share&type=normal&xsec_token=CBQrxqYlcqjggAPmxMafUyS7-tkBHO1TD_3vABfD6lK1I=&author_share=1&xhsshare=CopyLink&shareRedId=Nz9FREg4RkJKSTdHPzgyP0c8QktFNzc9&apptime=1731548118&share_id=fc06a7cc012c4fedaa035d3587be619b,球式狂,,,自产笔记,7D驱动饮,,,
673572a8000000001a01e3ad,偷偷告诉你张馨予也在用的淡眼纹技巧！,https://www.xiaohongshu.com/explore/673555e9000000003c01fb8f?xsec_token=AB7gbN-_0PlSAZtaUdq4ls2ZVypzrpu8Vf5Wdksan18nA=&xsec_source=pc_user,张馨予30,,,自产笔记,金字塔眼膜,,,
673558c0000000003c0181f6,连喝几个月真绝了，不必微do也能美出新高度,https://www.xiaohongshu.com/explore/673572a8000000001a01e3ad?app_platform=android&ignoreEngage=true&app_version=8.59.0&share_from_user_hidden=true&xsec_source=app_share&type=normal&xsec_token=CBGrixLkWQ0339OZZiRx0gseA6Ou36s4ZibTcAvazIcqo=&author_share=1&xhsshare=QQ&shareRedId=ODw3Qzo1OU42NzUyOTgwNjY6OTc4STlO&apptime=1731556011&share_id=cc5c381477cc44c2aff2c84340601eb8,连喝几,,,自产笔记,X白组合,,,
673590b4000000003c019fe4,秋冬变美三折叠！怎么折都能还原好状态?,https://www.xiaohongshu.com/explore/673558c0000000003c0181f6?app_platform=android&ignoreEngage=true&app_version=8.60.0&share_from_user_hidden=true&xsec_source=app_share&type=normal&noteAttributes=goods&xsec_token=CBQrxqYlcqjggAPmxMafUyS5nNfqcbAbgenfSal02633o=&author_share=1&xhsshare=QQ&shareRedId=Nz9FREg4RkJKSTdHPzgyP0c8QktFNzc9&apptime=1731549389&share_id=c89b8c6d768047d090bd0a09a573fd0d,折都能,,,自产笔记,AGX+益生菌+仙女冻,,,
6735a172000000001b02f94c,做好三抗想垮脸都难！粉钻面膜有点东西！,https://www.xiaohongshu.com/explore/673590b4000000003c019fe4?xsec_token=ABP0xSO8Fg3EyCpUxCOdnw9Xcm9xfRglsv0M4zzhgC4JU=&xsec_source=pc_user,做好三,,,自产笔记,AGT粉钻面膜,,,
67356f02000000001b02c8df,2步告别焦糖肌，抗老还得三抗联手,https://www.xiaohongshu.com/explore/6735a172000000001b02f94c?xsec_token=ABdGQZarrpfh_xSHj3G1aU_Tl8e9ojtMNyBKZIdr6Pb0s=&xsec_source=pc_user,三抗联,,,自产笔记,AGT精华+面膜,,,
6735ce20000000001a01d844,专业去眼纹“小熨斗”让你重获灵动少女眼！,https://www.xiaohongshu.com/explore/67356f02000000001b02c8df?app_platform=android&ignoreEngage=true&app_version=8.59.0&share_from_user_hidden=true&xsec_source=app_share&type=normal&noteAttributes=goods&xsec_token=CBGrixLkWQ0339OZZiRx0gsaGc7b4HbeM_VsoMdWQMrpc=&author_share=1&xhsshare=QQ&shareRedId=ODw3Qzo1OU42NzUyOTgwNjY6OTc4STlO&apptime=1731555095&share_id=7631e1a1ff61444d97092b0e9fd60b06,小熨斗,,,自产笔记,金字塔眼膜,,,
6736b4c4000000003c01a635,宝妈逆袭三件套！生娃后也有新天地, http://xhslink.com/a/xa9S9hlxvLJZ,新天地,,,自产笔记,AGX+益生菌+仙女冻,,,
6736ba8c000000003c01a16d,打破年龄壁垒|和辰亦儒同走抗糖回春花路~,https://www.xiaohongshu.com/explore/6736b4c4000000003c01a635?xsec_token=ABlCsI91jdP1OYmYba68CQHVeYIDOWB5gtQsUivrsP58c=&xsec_source=pc_user,辰亦儒8,,,自产笔记,AGX抗糖饮,,,
6736b8f2000000001d03a467,辰亦儒同款内服抗糖饮，真的牛！！！,https://www.xiaohongshu.com/explore/6736ba8c000000003c01a16d?xsec_token=ABWOXPOzjrL8CJ_1jw_hfdP9BkLAUoacVBHrCqX136SGw=&xsec_source=pc_user,辰亦儒9,,,自产笔记,AGX抗糖饮,,,
6736af81000000003c01ca6f,打破k老瓶颈期！抗糖+补胶原才是少女秘?,https://www.xiaohongshu.com/explore/6736b8f2000000001d03a467?xsec_token=ABQD2qmVit95FKN4cCMjyEVLtA7DbzPXxS8U2BHuPI8b0=&xsec_source=pc_user,老瓶颈,,,自产笔记,7D驱动饮+AGX,,,
6736beb7000000003c018c87,清子你是懂保养的！这小脸嫩得会发光,https://www.xiaohongshu.com/explore/6736af81000000003c01ca6f?app_platform=android&ignoreEngage=true&app_version=8.60.0&share_from_user_hidden=true&xsec_source=app_share&type=normal&noteAttributes=goods&xsec_token=CBBQiSR5xXI_Ej2epFaVEsfVHKyBsTHUttZfgmKDYxWNU=&author_share=1&xhsshare=QQ&shareRedId=Nz9FREg4RkJKSTdHPzgyP0c8QktFNzc9&apptime=1731637126&share_id=ec6703e2055c4a1a810c2adeaed0f72c,阚清子14,,,自产笔记,AGX抗糖饮,,,
6736e5b7000000003c01bf61,蛙趣！男艺人的保养竟然这么卷！！,https://www.xiaohongshu.com/explore/6736beb7000000003c018c87?xsec_token=AB6YGpEecAlLcLTZvWdH1smsAT0MbmEhZ91QeiaPtNUpA=&xsec_source=pc_user,辰亦儒10,,,自产笔记,AGX抗糖饮,,,
6736c39b000000001d039305,25+逆风翻盘！贵妇内服直接抄作业！,https://www.xiaohongshu.com/explore/6736e5b7000000003c01bf61?xsec_token=ABWK50jDWyWowLdwLW2BCvPJKcoNQT6B_lo7Rn6WPP23c=&xsec_source=pc_user,风翻盘,,,自产笔记,X白组合,,,
6736bfd9000000001d03ac54,28+还这样水灵灵的嫩了？抗糖真的牛！,25+逆风翻盘！贵妇内服直接抄作业！ - 小红书 (xiaohongshu.com),阚清子15,,,自产笔记,AGX抗糖饮,,,
6736edfa000000001b01032e,脸就这样水灵灵的嫩了？选对CP拿捏水光肌,https://www.xiaohongshu.com/explore/6736bfd9000000001d03ac54?app_platform=android&ignoreEngage=true&app_version=8.60.0&share_from_user_hidden=true&xsec_source=app_share&type=normal&xsec_token=CBBQiSR5xXI_Ej2epFaVEsfd29H9wKgGQAmTgr_2f5HCc=&author_share=1&xhsshare=QQ&shareRedId=Nz9FREg4RkJKSTdHPzgyP0c8QktFNzc9&apptime=1731641311&share_id=9c7d7a6a479c428599f98de8b29b293b,捏水光肌,,,自产笔记,AGT精华+面膜,,,
6736e26c000000003c019fe7,熟龄肌内调新思路！跟着女明星一起抗糖！,https://www.xiaohongshu.com/explore/6736edfa000000001b01032e?app_platform=android&ignoreEngage=true&app_version=8.59.0&share_from_user_hidden=true&xsec_source=app_share&type=video&xsec_token=CBa4-jTnrnoqVmXbtO_zC8rJC7pqTZzoB36xkECq2tpZk=&author_share=1&xhsshare=QQ&shareRedId=ODw3Qzo1OU42NzUyOTgwNjY6OTc4STlO&apptime=1731653120&share_id=8540532ce6bf4796b63c3368fb46a0a3,阚清子16,,,自产笔记,AGX抗糖饮,,,
67371734000000003c01706f,30+依旧漂亮的关键是养雌...,https://www.xiaohongshu.com/explore/6736e26c000000003c019fe7?app_platform=android&ignoreEngage=true&app_version=8.60.0&share_from_user_hidden=true&xsec_source=app_share&type=video&noteAttributes=goods&xsec_token=CBBQiSR5xXI_Ej2epFaVEsfZlEzaw5pbmYP3hLFbLEPsc=&author_share=1&xhsshare=QQ&shareRedId=Nz9FREg4RkJKSTdHPzgyP0c8QktFNzc9&apptime=1731650163&share_id=bf594699495c44108f3bbfd9096bee62,键是养,,,自产笔记,养雌小粉果,,,
6737230f000000003c01b9b1,黄黑皮逆袭爽文，成为第一眼美女轻而易举！,https://www.xiaohongshu.com/explore/67371734000000003c01706f?app_platform=android&ignoreEngage=true&app_version=8.60.0&share_from_user_hidden=true&xsec_source=app_share&type=normal&noteAttributes=goods&xsec_token=CBSQLAaJbWQqyECLQPD2zekGVjF8fFiA38xu2ht2_hewI=&author_share=1&xhsshare=CopyLink&shareRedId=Nz9FREg4RkJKSTdHPzgyP0c8QktFNzc9&apptime=1731663692&share_id=5f8d1dbc5b134f41ba02340fceb631df,逆袭爽文,,,自产笔记,白肌饮,,,
673c5882000000000703974c,晓姿这金字塔眼膜真的顶！拿下眼纹黑眼圈,https://www.xiaohongshu.com/explore/6737230f000000003c01b9b1?xsec_token=ABrHN7d9P8p4ShZCSw6Hgf4dYl8Oz0wB8wP6aOadY_FuA=&xsec_source=pc_collect,张馨予33,,,自产笔记,金字塔眼膜,,,
6736ac8e000000001a01de44,眼周抗老高端局!女明星同款速速码住~,https://www.xiaohongshu.com/explore/673c5882000000000703974c?xsec_token=ABX50bfzBSSYVnA-p09rdECIv0pO_Y1hTAuwlTfJvvzRY=&xsec_source=pc_user,张馨予34,,,自产笔记,金字塔眼膜,,,
673c624b00000000070397d4,眼纹橡皮擦！张馨予同款别太强了！,https://www.xiaohongshu.com/explore/6736ac8e000000001a01de44?xsec_token=ABBv0kxnPf4A73oUtbuVyDJHOlCc451zz7JdYhMYdPUok=&xsec_source=pc_user,张馨予35,,,自产笔记,金字塔眼膜,,,
673da50900000000070379b4,保养万金油！奔3的年纪脸部逆生长？,https://www.xiaohongshu.com/explore/673c624b00000000070397d4?xsec_token=ABUYCMFkinE-x5d6JYL70R-7xVb59zsu-W2mU-Nz8lVk0=&xsec_source=pc_user,保养万金,,,自产笔记,AGT精华+面膜,,,
673daeaa0000000007032489,晓姿家抗老黑科技 精华用出了DO脸感！,https://www.xiaohongshu.com/explore/673da50900000000070379b4?xsec_token=ABrwM2JSlpzyTGmydVZc4539R1_GfN_ZKsxtb3k4t5neo=&xsec_source=pc_user,老黑科,,,自产笔记,AGT粉钻精华,,,
673db722000000000202d781,28+正确养肤思路 有这对CP真的嫩疯了,https://www.xiaohongshu.com/explore/673daeaa0000000007032489?app_platform=android&ignoreEngage=true&app_version=8.61.0&share_from_user_hidden=true&xsec_source=app_share&type=normal&noteAttributes=goods&xsec_token=CBFQQyC-M-4mh_6eWboKAA5bwdwORXOUZzP4JPlAifLdo=&author_share=1&xhsshare=QQ&shareRedId=ODw3Qzo1OU42NzUyOTgwNjY6OTc4STlO&apptime=1732095706&share_id=ee4fbcc7051441d393a73cbd40c2c571,确养肤,,,自产笔记,X白组合,,,
673e85420000000007031733,贵妇保养的秘?|眼部抗老的正确打开方式,https://www.xiaohongshu.com/explore/673db722000000000202d781?xsec_token=ABSZpDcYi9OJHy2X-hu2dI7-7su59FnctyTSZfB23PnH8=&xsec_source=pc_user,老的,,,自产笔记,金字塔眼膜,,,
673ed4060000000007035add,美容院搬回家！胶原满满颜值回春易如反掌,https://www.xiaohongshu.com/explore/673e85420000000007031733?xsec_token=ABWpTqRVIAx6S0PSo-FYQmSI_J4oY43osumxSF7ED5ISk=&xsec_source=pc_collect,搬回家,,,自产笔记,AGT粉钻面膜,,,
673efec1000000000202896b,原来可以7层补胶原？真的假的,https://www.xiaohongshu.com/explore/673ed4060000000007035add?xsec_token=ABwvZYVHZ1k64D6eCW1qJD3jQ0FtcuCoktOPmbc514W1Y=&xsec_source=pc_user,真的假的,,,自产笔记,7D驱动饮,,,
673f05300000000002018c41,谁说跟明星保养没用！这小脸水嫩的可太棒了,原来可以7层补胶原？真的假的 - 小红书 (xiaohongshu.com),辰亦儒11,,,自产笔记,AGX抗糖饮,,,
673f0e2f00000000020387ac,辰亦儒40+还嫩如男大的秘?！扒出来了！,https://www.xiaohongshu.com/explore/673f05300000000002018c41?xsec_token=ABYE2oXvE_1GnNr-O9k4-qeXu3zbkTIMD_0xfvX7Eadho=&xsec_source=pc_user,辰亦儒12,,,自产笔记,AGX抗糖饮,,,
673f146c0000000002039031,明星同款保养思路|内服抗糖化是关键~,https://www.xiaohongshu.com/explore/673f0e2f00000000020387ac?app_platform=android&ignoreEngage=true&app_version=8.61.0&share_from_user_hidden=true&xsec_source=app_share&type=normal&noteAttributes=goods&xsec_token=CBeODt_dONVBbOmH1dGx7dTrN09PYbxmhA5yC1ddHGoXM=&author_share=1&xhsshare=QQ&shareRedId=Nz9FREg4RkJKSTdHPzgyP0c8QktFNzc9&apptime=1732185653&share_id=230a1371dfcc4e4a92daf78d61517308,阚清子17,,,自产笔记,AGX抗糖饮,,,
673e9e6000000000020383a6,熟龄肌无痛拥有年轻态！一篇讲透！,https://www.xiaohongshu.com/explore/673f146c0000000002039031?xsec_token=ABE-rhJTgewAozUE00SfLzERxuTOVjsp_gUav8tti2Trw=&xsec_source=pc_user,一篇讲,,,自产笔记,7D驱动饮+AGX,,,
673fefdc0000000008007c1c,抗糖抗氧后皮肤还是松垮暗沉?你还差这一步,熟龄肌无痛拥有年轻态！一篇讲透！ - 小红书,是松垮,,,自产笔记,AGT精华+面膜,,,
673fd89000000000060170bf,Get女明星同款！感受到抗糖的魅力了,https://www.xiaohongshu.com/explore/673fefdc0000000008007c1c?xsec_token=ABZQPbkOfipJN6KtnAMSjHt-K5Uq7LBTwiso49ZEon57I=&xsec_source=pc_user,阚清子18,,,自产笔记,AGX抗糖饮,,,
673ff293000000000201b392,告别黄脸婆 宝妈们年末成功逆袭,https://www.xiaohongshu.com/explore/673fd89000000000060170bf?xsec_token=ABBZFJQCzewSq7Q8lJwpeuMsMI75HHDhmIwiS6aYyBhr0=&xsec_source=pc_user,末成功,,,自产笔记,白肌饮,,,
673fce05000000000202d08a,女明星年度好物|甜食也可放肆吃了, http://xhslink.com/a/LAf1SNSofEd0,阚清子19,,,自产笔记,AGX抗糖饮,,,
6740246b00000000020384bb,年底三者缺一不可！内服也太直观了,https://www.xiaohongshu.com/explore/673fce05000000000202d08a?xsec_token=ABn0VeXuSi31dN4-klKC1b-FusWXt_UKh984qijr7xh7g=&xsec_source=pc_like,太直观,,,自产笔记,AGX+益生菌+仙女冻,,,
6740278b0000000006015db4,遇到了人生内服，冬季黄黑皮成功逆袭！,https://www.xiaohongshu.com/explore/6740246b00000000020384bb?xsec_token=AB0xu_b-tlcFMMMTqWoLErvVuU4iOsXhjNYRcUT0f0fnE=&xsec_source=pc_user,遇到了,,,自产笔记,白肌饮,,,
67402e2a0000000002028116,被低估的贵妇院线！原来年龄只是数字！,https://www.xiaohongshu.com/explore/6740278b0000000006015db4?xsec_token=ABO3PV2YE7FjRRnbi_am9ypfL3CC9jUhjdwat5oh-f0y8=&xsec_source=pc_user,是数字,,,自产笔记,合集,,,
6740343e0000000007035646,维持少女感也能省下大几箱燕窝的“肌”密,https://www.xiaohongshu.com/explore/67402e2a0000000002028116?app_platform=android&ignoreEngage=true&app_version=8.61.0&share_from_user_hidden=true&xsec_source=app_share&type=normal&noteAttributes=goods&xsec_token=CBGb6fEC_xU7o4raaxSf4NI_srX8FChFFldDo1MjQpIpQ=&author_share=1&xhsshare=QQ&shareRedId=Nz9FREg4RkJKSTdHPzgyP0c8QktFNzc9&apptime=1732259378&share_id=7146307b8b984a919cc7fde96d13aefe,箱燕窝,,,自产笔记,AGT粉钻面膜,,,
67403a3900000000020387c8,熟龄肌内服指南！同龄人拉开差距的关键！,https://www.xiaohongshu.com/explore/6740343e0000000007035646?xsec_token=ABzQO47KH5OPFMcy9HjfrW2_bay2jkMi_ddQD5lkR5tYk=&xsec_source=pc_user,拉开差,,,自产笔记,X白组合,,,
673f08c4000000000201bb91,辰亦儒亲测????就这个抗糖给力！,https://www.xiaohongshu.com/explore/67403a3900000000020387c8?xsec_token=ABMgzBl7YmJApMEzOSsApV-uxp1vDvPC5WytW2hPygwNs=&xsec_source=pc_like,辰亦儒13,,,自产笔记,AGX抗糖饮,,,口服
674056fd0000000007029f81,不是？就这么把疲态送走了？,https://www.xiaohongshu.com/explore/673f08c4000000000201bb91?xsec_token=ABwmPKYOnuVXDHW1uN_xHkSAmF52SpbBtbJ2YInomA4xI=&xsec_source=pc_user,疲态送,,,自产笔记,碳酸面膜,,,
6740648d000000000202d203,明星同款内服简直开了外挂，女神曲线拿捏住,https://www.xiaohongshu.com/explore/674056fd0000000007029f81?xsec_token=ABzQO47KH5OPFMcy9HjfrW26H0aTy_9ONviMZsq6nUJlo=&xsec_source=pc_user,曲线拿,,,自产笔记,仙女冻,,,
67442a72000000000202d65b,秋冬长线管理拉锯战??真没它不行,https://www.xiaohongshu.com/explore/6740648d000000000202d203?xsec_token=ABH7kSoZkKfABxHvynDvk6Vadezk29ff3b2ehQ10aQ3z8=&xsec_source=pc_user,长线管,,,自产笔记,仙女冻,,,
67457d410000000007030566,眼部问题连夜逃？张馨予嫩眼真的有一套！,https://www.xiaohongshu.com/explore/67442a72000000000202d65b?xsec_token=ABh9x7EtFjjUo_dW-dzlb4bMk5zD-ge74BqPo87xvV92M=&xsec_source=pc_user,张馨予36,,,自产笔记,金字塔眼膜,,,
6745826b000000000202cce6,奚梦瑶真的懂，30+也能美出新高度！,https://www.xiaohongshu.com/explore/67457d410000000007030566?xsec_token=AByhaJsQXYOKB5xdmECqPlwi1nOzn5G3QxlLwDE57ExLg=&xsec_source=pc_user,奚梦瑶1,,,自产笔记,AGX抗糖饮,,,
6745783c000000000702a4a8,刷到张馨予自用淡纹提亮眼膜，眼嫩到刹不住,https://www.xiaohongshu.com/explore/6745826b000000000202cce6?app_platform=android&ignoreEngage=true&app_version=8.61.0&share_from_user_hidden=true&xsec_source=app_share&type=video&noteAttributes=goods&xsec_token=CBT6sI1_dQ6fDL6nzrwh8ebwifm8eNcNOCUdLD6fme_30=&author_share=1&xhsshare=QQ&shareRedId=Nz9FREg4RkJKSTdHPzgyP0c8QktFNzc9&apptime=1732608644&share_id=8e033b555a544ec4aebb84c1074231f3,张馨予37,,,自产笔记,金字塔眼膜,,,
67459778000000000202a4ca,少女脸锁在脸上，逆龄届这对CP真的没对手,https://www.xiaohongshu.com/explore/6745783c000000000702a4a8?xsec_token=ABhM0UyonR5_7zouBnDUAO0aKgbaP2kIRsuBj3fbXsVu4=&xsec_source=pc_collect,锁在脸,,,自产笔记,7D驱动饮+AGX,,,
6746e7f00000000002019bfe,黄黑皮进！原来这就是小说女主的清冷晶莹感,https://www.xiaohongshu.com/explore/67459778000000000202a4ca?app_platform=android&ignoreEngage=true&app_version=8.61.0&share_from_user_hidden=true&xsec_source=app_share&type=video&noteAttributes=goods&xsec_token=CBT6sI1_dQ6fDL6nzrwh8eb0xOjxJDZmN3l-tBaOSJewA=&author_share=1&xhsshare=QQ&shareRedId=Nz9FREg4RkJKSTdHPzgyP0c8QktFNzc9&apptime=1732614076&share_id=d0f4e0ddab5444408e58fe63c158b4d1,清冷晶,,,自产笔记,白肌饮,,,
6747cc64000000000703b0cf,不打低端局，一篇搞懂抗老护肤怎么选？,https://www.xiaohongshu.com/explore/6746e7f00000000002019bfe?app_platform=android&ignoreEngage=true&app_version=8.61.0&share_from_user_hidden=true&xsec_source=app_share&type=normal&noteAttributes=goods&xsec_token=CBDraGXz9vEj1OLGVUxpgObcLwQCrGJP0oewSc3CY_al0=&author_share=1&xhsshare=QQ&shareRedId=Nz9FREg4RkJKSTdHPzgyP0c8QktFNzc9&apptime=1732700226&share_id=d4d1cb9662554121b059d9d30796d3ec,搞懂抗,,,自产笔记,合集,,,
67481b9a0000000002019b3a,男明星保养秘籍大公开！进来抄作业,https://www.xiaohongshu.com/explore/6747cc64000000000703b0cf?xsec_token=ABwfdfRL1zgPIoqOgY7Xe8W6kjc4jQI2uvX9hRmZy83ak=&xsec_source=pc_user,辰亦儒14,,,自产笔记,AGX抗糖饮,,,
67481adc000000000202e8ca,爆改少女肌！抗糖嫩肤还得是晓姿,https://www.xiaohongshu.com/explore/67481b9a0000000002019b3a?xsec_token=AB_rm6tuRy-ZBpfeCCoVeTCgK0uKTmaHMzomodLGMDicI=&xsec_source=pc_user,辰亦儒15,,,自产笔记,AGX抗糖饮,,,
674826bc0000000006015dd3,抓住冬季养肤黄金期！雪肌冷皮信手拈来,https://www.xiaohongshu.com/explore/67481adc000000000202e8ca?app_platform=android&ignoreEngage=true&app_version=8.63.0&share_from_user_hidden=true&xsec_source=app_share&type=video&noteAttributes=goods&xsec_token=CB_b7u1VqSdUx8Mw02UVXZbVtPtrpxH465O6G23bP1Dwk=&author_share=1&xhsshare=QQ&shareRedId=Nz9FREg4RkJKSTdHPzgyP0c8QktFNzc9&apptime=1732778725&share_id=6b2991d1776b43c2878a15deabadace8,皮信手,,,自产笔记,白肌饮,,,
67483209000000000202c773,30+不和岁月妥协，做自己的女娲,https://www.xiaohongshu.com/explore/674826bc0000000006015dd3?xsec_token=ABOM68QoXSv00q70JBkj4fdrjFMkTrWBUd8tEbXjzcxCg=&xsec_source=pc_user,女娲,,,自产笔记,X白组合,,,
674838140000000007025bf1,素颜美到像重生，人生眼膜拿捏了,https://www.xiaohongshu.com/explore/67483209000000000202c773?xsec_token=ABAd5e2r6EfL2VenhIDPU_f23DRaKGVLPn0f5X6RUzOqo=&xsec_source=pc_user,像重生,,,自产笔记,金字塔眼膜,,,
67491541000000000201a5a7,太牛了 跟着奚梦瑶抗糖 素颜可以自带滤镜！,https://www.xiaohongshu.com/explore/674838140000000007025bf1?xsec_token=ABYO8Ohe5kcnAy7v-HjMnK-yoUnfA8-0G4OZUIeA9L1Nc=&xsec_source=pc_user,奚梦瑶2,,,自产笔记,AGX抗糖饮,,,
6749198500000000080055ec,人见人夸的少女肌 这对cp功不可没！,https://www.xiaohongshu.com/explore/67491541000000000201a5a7?app_platform=android&ignoreEngage=true&app_version=8.63.0&share_from_user_hidden=true&xsec_source=app_share&type=video&noteAttributes=goods&xsec_token=CBWnvxxef9HPVCqliLMxEDjwLzgGMqFdx4_FdJx0y8TKA=&author_share=1&xhsshare=QQ&shareRedId=Nz9FREg4RkJKSTdHPzgyP0c8QktFNzc9&apptime=1732842826&share_id=3886644b46434a6085c9932b22db86a4,功不可没,,,自产笔记,AGT精华+面膜,,,
6749187c0000000006017ada,跟着奚梦瑶学抗糖 素颜已达next level,https://www.xiaohongshu.com/explore/6749198500000000080055ec?xsec_token=ABVYGwPGo_wJ0Pr-4wAXp3_e-S8MnOQ_JCM4-ogoWunvY=&xsec_source=pc_user,奚梦瑶3,,,自产笔记,AGX抗糖饮,,,
67491da80000000002028d3b,能学着奚梦瑶这样喝！什么皮肤都会成功的.., http://xhslink.com/a/nnU5uEHalME0,奚梦瑶4,,,自产笔记,AGX抗糖饮,,,
67491ed3000000000201b9f8,30＋也能素颜贵气感？奚梦瑶超模保养秘诀！,https://www.xiaohongshu.com/explore/67491da80000000002028d3b?xsec_token=ABoICAsQGfRWNsiGQ05ytNHk25GTgSL6pa56Zee8GjR2s=&xsec_source=pc_user,奚梦瑶5,,,自产笔记,AGX抗糖饮,,,
67492bbb00000000080076b3,区区两步熟龄肌变少女？爆款cp好神！,https://www.xiaohongshu.com/explore/67491ed3000000000201b9f8?xsec_token=ABfV1nkwyLTZsdalX4cO9qEUDzvf8tr-W8nUCRBESuBZ8=&xsec_source=pc_user,区区两,,,自产笔记,AGT粉钻cp,,,
6749387f0000000006014fa6,年龄不是束缚！补光灯CP让你再美一次！,https://www.xiaohongshu.com/explore/67492bbb00000000080076b3?xsec_token=ABfV1nkwyLTZsdalX4cO9qEU6jGwz0grwuEMLCvItb0Yo=&xsec_source=pc_user,是束缚,,,自产笔记,X白组合,,,
67495b8e00000000070339fc,淡纹狂魔，眼周嫩到飞起！,https://www.xiaohongshu.com/explore/6749387f0000000006014fa6?app_platform=android&ignoreEngage=true&app_version=8.63.0&share_from_user_hidden=true&xsec_source=app_share&type=video&noteAttributes=goods&xsec_token=CBWnvxxef9HPVCqliLMxEDj_priGu8hweUeDnLFbyGgOQ=&author_share=1&xhsshare=QQ&shareRedId=Nz9FREg4RkJKSTdHPzgyP0c8QktFNzc9&apptime=1732851874&share_id=391f5b5bda45457ba7a55ccce2a0fbca,纹狂魔,,,自产笔记,金字塔眼膜,,,
674959f20000000007024af8,第一次体会到三抗的杀伤力！拿捏弹嫩少女肌,https://www.xiaohongshu.com/explore/67495b8e00000000070339fc?xsec_token=ABJfwGex-gjGiK_FuEHpAtNtm7ad0EwOSYY3iFZziMh8M=&xsec_source=pc_user,第一次,,,自产笔记,AGT粉钻面膜,,,
67495921000000000201a092,一生克制的亚洲女人有救啦！！！,https://www.xiaohongshu.com/explore/674959f20000000007024af8?app_platform=android&ignoreEngage=true&app_version=8.61.0&share_from_user_hidden=true&xsec_source=app_share&type=normal&noteAttributes=goods&xsec_token=CBt9My8StuhTkig0bOAfUj7HdY8dTrHwTUKPqwHqTeH0g=&author_share=1&xhsshare=QQ&shareRedId=ODw3Qzo1OU42NzUyOTgwNjY6OTc4STlO&apptime=1732860462&share_id=e30f7b3c54304c0091bc3c7258f48854,亚洲女,,,自产笔记,仙女冻,,,
6749922a000000000201bd73,深扒奚梦瑶同款内服！难怪越来越美,https://www.xiaohongshu.com/explore/67495921000000000201a092?xsec_token=AB6dMCZBQXM2vHLeMXEMx-uorPnX4Re75POyI42xNIXXM=&xsec_source=pc_user,奚梦瑶6,,,自产笔记,AGX抗糖饮,,,
67498e0900000000020182c3,晓姿真有点东西！逆袭氛围感女神手拿把掐！,https://www.xiaohongshu.com/explore/6749922a000000000201bd73?xsec_token=ABG6pBy4KW_8p5nhZdQ8kuWUETy4D8PRJbmZ1ZCvHVUoU=&xsec_source=pc_user,逆袭氛,,,自产笔记,AGX+益生菌+仙女冻,,,
674e66230000000008006b45,Keep眼周好状态|跟祝绪丹一起探索亮眼秘诀,https://www.xiaohongshu.com/explore/67498e0900000000020182c3?xsec_token=AB9A6A3VQ0MJLZpjV474PydLpbS0UMGpsIryOMGptw7XQ=&xsec_source=pc_user,,,,自产笔记,金字塔眼膜,,,
674fbe19000000000702a022,脸！真！紧！得！发！蒙！用一次感叹一次！,https://www.xiaohongshu.com/explore/674e66230000000008006b45?xsec_token=AB80RdRsbNot_dIJXUsF2N0EcyeOqwmSbV2JyZy9yV_hg=&xsec_source=pc_user,叹一次,,,自产笔记,AGT粉钻面膜,,,
6750279200000000060162e 5,辰亦儒40+不垮脸的保养秘籍大公开！,https://www.xiaohongshu.com/explore/674fbe19000000000702a022?xsec_token=ABQimb1Qc51qmJuD4dR2lrrshPDq09GxJOwk7EUFPY7uA=&xsec_source=pc_user,辰亦儒16,,,自产笔记,AGX抗糖饮,,,
67514179000000000203afd1,晓姿补光灯cp太狠了！素颜怼脸拍都不怕！,https://www.xiaohongshu.com/explore/6750279200000000060162e5?xsec_token=ABd4EKjtv2CfOxbm7Q_MRGxUe20oSSiC8fD-BqCGKjFr4=&xsec_source=pc_user,拍都不怕,,,自产笔记,X白组合,,,
6751466f000000000201a1fd,28+糖化脸自救！拿捏无糖高级脸,https://www.xiaohongshu.com/explore/67514179000000000203afd1?xsec_token=ABZwFVnL4xLgscoG_OFpAkOBKh_2_JoLd-S9RLVYYSNEM=&xsec_source=pc_user,辰亦儒17,,,自产笔记,AGX抗糖饮,,,
67514df0000000000201b8d8,不愧是超模，熟龄肌保养还是属她会选,https://www.xiaohongshu.com/explore/6751466f000000000201a1fd?app_platform=android&ignoreEngage=true&app_version=8.63.0&share_from_user_hidden=true&xsec_source=app_share&type=normal&noteAttributes=goods&xsec_token=CBUOnUKMnH-EWE4_USfDlVRgbgxD9lHJrS9k7_1TGjfOI=&author_share=1&xhsshare=QQ&shareRedId=Nz9FREg4RkJKSTdHPzgyP0c8QktFNzc9&apptime=1733379698&share_id=9d6c9b6ec38c411693d6907460e4b9a4,奚梦瑶7,,,自产笔记,AGX抗糖饮,,,
675150c9000000000202b486,抗老还是得跟着明星学??,https://www.xiaohongshu.com/explore/67514df0000000000201b8d8?xsec_token=ABho5C5GUDWUdHYl3CVfjJ4V4hR-gsbABez1PwxsYlpKg=&xsec_source=pc_user,奚梦瑶8,,,自产笔记,AGX抗糖饮,,,
67515acc000000000201925b,就说跟着女明星买没错！素颜一整个水嫩嫩！,https://www.xiaohongshu.com/explore/675150c9000000000202b486?xsec_token=ABuZLiIk751OM6_RS4fjVyDd1YX_wbAfzxGp-172MsvWA=&xsec_source=pc_user,奚梦瑶9,,,自产笔记,AGX抗糖饮,,,
67515867000000000203ba8f,跟着超模抄作业 少女肌稳稳留在脸上,https://www.xiaohongshu.com/explore/67515acc000000000201925b?xsec_token=ABimlEmVziKyl1dyOLmkvxxeEae4lRc7fEfGRbBN_gPCE=&xsec_source=pc_user,奚梦瑶10,,,自产笔记,AGX抗糖饮,,,
67524b7d000000000201914c,年前突击变美！黄黑皮逆袭冷皮的捷径,https://www.xiaohongshu.com/explore/67515867000000000203ba8f?xsec_token=ABcqG98-jdru6fsSKPt8Ero6bWNrMn2yXvdIJDH-NLBl4=&xsec_source=pc_user,的捷径,,,自产笔记,白肌饮,,,
67524eb1000000000202f211,28+如何高效保养？内服才是正解,https://www.xiaohongshu.com/explore/67524b7d000000000201914c?app_platform=android&ignoreEngage=true&app_version=8.64.0&share_from_user_hidden=true&xsec_source=app_share&type=normal&noteAttributes=goods&xsec_token=CB3zBJrRAK6dqmxbhkLpMYIhyUCeLqjgXuuVFpraO5Mho=&author_share=1&xhsshare=QQ&shareRedId=Nz9FREg4RkJKSTdHPzgyP0c8QktFNzc9&apptime=1733446529&share_id=b47f930d5fa2409ca7561055bbbb90c3,是正解,,,自产笔记,X白组合,,,
67528f0b0000000006014282,贵妇合照的较量，晓姿白肌饮让你稳赢！,https://www.xiaohongshu.com/explore/67524eb1000000000202f211?xsec_token=ABjRGqQBVaUJoXjqCEOCcsK-iyQyUhkUBeniwjEPIMOcE=&xsec_source=pc_user,合照的,,,自产笔记,白肌饮,,,
6.75292E+23,感谢祝绪丹！这素颜嫩的心服口服！,https://www.xiaohongshu.com/explore/67528f0b0000000006014282?app_platform=android&ignoreEngage=true&app_version=8.64.0&share_from_user_hidden=true&xsec_source=app_share&type=video&noteAttributes=goods&xsec_token=CB3zBJrRAK6dqmxbhkLpMYIm50pB2fji8c_FLkZ7yCpng=&author_share=1&xhsshare=QQ&shareRedId=Nz9FREg4RkJKSTdHPzgyP0c8QktFNzc9&apptime=1733463828&share_id=eca7b335ecbc4d0a97a102e7694e2931,祝绪丹3,,,自产笔记,AGT粉钻精华,,,图文
675292ed00000000080076ca,重塑眼周结构！和祝绪丹一样少女感溢出来！,https://www.xiaohongshu.com/explore/675291880000000007038593?app_platform=android&ignoreEngage=true&app_version=8.63.0&share_from_user_hidden=true&xsec_source=app_share&type=video&noteAttributes=goods&xsec_token=CBPrqGcQo43Ws0cgSGVDN0UtTgW6ZITEp5--yObxgvq6g=&author_share=1&xhsshare=QQ&shareRedId=ODw3Qzo1OU42NzUyOTgwNjY6OTc4STlO&apptime=1733464512&share_id=ec255f62483146d29c556747fd4d0e1a,祝绪丹1,,,自产笔记,金字塔眼膜,,,图文
6752a5c5000000000703098a,难怪阿姐眼睛眼睛又美又灵动 独家眼部护理tips,https://www.xiaohongshu.com/explore/675292ed00000000080076ca?xsec_token=ABr1VsCftNneqih2dc74XQY2ZtBQG0vcbOgoozZgLOk_w=&xsec_source=pc_collect,祝绪丹2,,,自产笔记,金字塔眼膜,,,视频
6752a86b000000000601649b,碳水脑袋有福了！不忌嘴的快乐谁懂,https://www.xiaohongshu.com/explore/6752a5c5000000000703098a?xsec_token=WBRlAlOBzG9_qr2LLPyFvGOgEnDWKQMXIgxvfbH4QZDx0=&xsec_source=pc_wind,快乐谁,,,自产笔记,仙女冻,,,视频
6752b175000000000201a31d,熬夜=发胖？别再狂踩雷区啦！,https://www.xiaohongshu.com/explore/6752a86b000000000601649b?xsec_token=AB938jAYRBsWxUYrJXA8-Te8gzb7Zmoxg4cxC_FYjmtwo=&xsec_source=pc_user,踩雷区,,,自产笔记,仙女冻,,,视频
6752a04f0000000007029756,脸好紧好嫩 快来入手贵妇同款官配护肤CP,https://www.xiaohongshu.com/explore/6752b175000000000201a31d?xsec_token=ABwy2K9SY2TYFGAdPQcgEB1mekB5v-s8pb6EFSxXpJp64=&xsec_source=pc_user,官配,,,自产笔记,AGT精华+面膜,,,视频
6752afc70000000002018d5c,量少不规律？一招解决姨妈折磨,http://xhslink.com/a/1LxXS1thdq70,量少不,,,自产笔记,软糖,,,
6756587800000000020345a9,熟龄肌有救了！晓姿逆龄CP出手了！,https://www.xiaohongshu.com/explore/6752afc70000000002018d5c?app_platform=android&ignoreEngage=true&app_version=8.64.0&share_from_user_hidden=true&xsec_source=app_share&type=normal&noteAttributes=goods&xsec_token=CB3zBJrRAK6dqmxbhkLpMYIk3gQUMhvUAa4AcRKYSCx08=&author_share=1&xhsshare=QQ&shareRedId=Nz9FREg4RkJKSTdHPzgyP0c8QktFNzc9&apptime=1733472202&share_id=9457361f496e4c5dbd41cd6f718e3e00,手了,,,自产笔记,7D驱动饮+AGX,,,
6756ae61000000000103e911,终于不再是少的可怜了 高效养姨妈！,https://www.xiaohongshu.com/explore/6756587800000000020345a9?xsec_token=ABKDORdrr8OemXjQSX1Swh89pwEHcVGQswLrY7GkvU_P0=&xsec_source=pc_user,养姨妈,,,自产笔记,软糖,,,
6758ed3a000000000202594a,讲真的！这大概是普通人快速变美的捷径吧！,https://www.xiaohongshu.com/explore/6756ae61000000000103e911?xsec_token=AB95QyJLNy8Wfo2N5g8C7AmnMMiGkXLSQngxobDPzws8g=&xsec_source=pc_user,捷径吧,,,自产笔记,仙女冻,,,
67590b01000000000102ac4c,掌握美丽主动权！明星同款内服抗糖太狠了！,https://www.xiaohongshu.com/explore/6758ed3a000000000202594a?app_platform=android&ignoreEngage=true&app_version=8.64.0&share_from_user_hidden=true&xsec_source=app_share&type=normal&xsec_token=CB3Hsf4dXOwq8BmHTWknyvyNZnMLeKsx4py8PtEsJtK2I=&author_share=1&xhsshare=QQ&shareRedId=Nz9FREg4RkJKSTdHPzgyP0c8QktFNzc9&apptime=1733881155&share_id=50dd40849c8c4519af3749cff503d1b8,辰亦儒18,,,自产笔记,AGX抗糖饮,,,
675a343b0000000002027646,新年福袋|打破抗老信息差，逆袭发光雪肌！,https://www.xiaohongshu.com/explore/67590b01000000000102ac4c?xsec_token=ABDhja2-3Pn_Mx77A9cuhMYmbEDpMzmbBSG79_hvJdk0c=&xsec_source=pc_user,福袋打,,,自产笔记,X白组合,,,
675a3ebd00000000060396c0,女明星自用好物果然牛！快码住,新年福袋|打破抗老信息差，逆袭发光雪肌！ - 小红书,祝绪丹4,,,自产笔记,金字塔眼膜,,,
675a4bd8000000000402a542,祝绪丹星星眼秘?籍，眼纹消失啦！,https://www.xiaohongshu.com/explore/675a3ebd00000000060396c0?xsec_token=ABjU6gHqMY5uMOQ7f0OBl3czyI9wlENv3F7SMU_QHuDDY=&xsec_source=pc_user,祝绪丹5,,,自产笔记,金字塔眼膜,,,
675a593d000000000700ed80,跟着祝绪丹破局抗老瓶颈！30+也能嫩回女大,https://www.xiaohongshu.com/explore/675a4bd8000000000402a542?xsec_token=AB0XwjMZttwhs9aEQjL1JnlxZKSwCQ7cpnWXVeIx9x1-Q=&xsec_source=pc_user,祝绪丹6,,,自产笔记,AGT粉钻精华,,,
675a4639000000000603ef49,以油抗老鲨疯了！祝绪丹护肤用的是这个！,https://www.xiaohongshu.com/explore/675a593d000000000700ed80?app_platform=android&ignoreEngage=true&app_version=8.63.0&share_from_user_hidden=true&xsec_source=app_share&type=normal&noteAttributes=goods&xsec_token=CBksnzaCWnQibRqu0hY-dSPLoOc-mmpZ8Hy2JGlOUKwTk=&author_share=1&xhsshare=QQ&shareRedId=ODw3Qzo1OU42NzUyOTgwNjY6OTc4STlO&apptime=1733974431&share_id=57b6ebaf73bd44cfb2c734d9da7abfe9,祝绪丹7,,,自产笔记,AGT粉钻精华,,,
675a47a7000000000603a777,祝绪丹养出透亮少女星星眼的小秘密~,https://www.xiaohongshu.com/explore/675a4639000000000603ef49?app_platform=android&ignoreEngage=true&app_version=8.63.0&share_from_user_hidden=true&xsec_source=app_share&type=video&noteAttributes=goods&xsec_token=CBksnzaCWnQibRqu0hY-dSPBT4gQ8MWZf7U-KcTeLJndE=&author_share=1&xhsshare=QQ&shareRedId=ODw3Qzo1OU42NzUyOTgwNjY6OTc4STlO&apptime=1733969471&share_id=517dcefd7c18471289234b897216352b,祝绪丹8,,,自产笔记,金字塔眼膜,,,
675aac7b000000000102b11e,年底活动必囤 30+年纪爆改20+状态,https://www.xiaohongshu.com/explore/675a47a7000000000603a777?xsec_token=ABn6KXnekFPOxwvvfR4C5ifMKOPt_tApLAloT_DpNhzGc=&xsec_source=pc_user,年纪爆改,,,自产笔记,7D驱动饮+AGX,,,
675ab3d700000000020270a2,拒绝班味！年前逆袭指南速速查收！, http://xhslink.com/a/LdiRJB9bFNv1,拒绝班,,,自产笔记,AGX+益生菌+仙女冻,,,
675c07b1000000000103e2e9,好肤色是喝出来的！秋冬养肤就靠它！,https://www.xiaohongshu.com/explore/675ab3d700000000020270a2?xsec_token=AB0XwjMZttwhs9aEQjL1Jnl_t-86WiV0uejWUVhL-mEFU=&xsec_source=pc_user,喝出来,,,自产笔记,白肌饮,,,
675bfb36000000000700b9fc,开启人生第二春，35也能重新美出少女颜！,https://www.xiaohongshu.com/explore/675c07b1000000000103e2e9?xsec_token=AB_tKolMF-0r7ksqYSz8gEBl6TK2ysCQo7e8vsJnKcQt0=&xsec_source=pc_user,第二春,,,自产笔记,合集,,,
675f81070000000002015dcb,奚梦瑶的美丽秘籍|抗糖真的小投资高回报！,https://www.xiaohongshu.com/explore/675bfb36000000000700b9fc?xsec_token=ABBiSrPXeSWUkLeYUKCPA70jaM0PwySGGWkHPBEovHOaE=&xsec_source=pc_user,奚梦瑶11,,,自产笔记,AGX抗糖饮,,,
6760d7af000000000b00f71f,超模同款??抗糖嫩脸拿捏少女感！,https://www.xiaohongshu.com/explore/675f81070000000002015dcb?app_platform=android&ignoreEngage=true&app_version=8.65.0&share_from_user_hidden=true&xsec_source=app_share&type=video&noteAttributes=goods&xsec_token=CBakM8CQxKe-DhmCglogZ0eZMXdkx0VjzZirBOswb2tlU=&author_share=1&xhsshare=CopyLink&shareRedId=Nz9FREg4RkJKSTdHPzgyP0c8QktFNzc9&apptime=1734312224&share_id=63041a3f5f06466b93e714f2a145f0e2,奚梦瑶12,,,自产笔记,AGX抗糖饮,,,
6.76261E+23,眼纹黑眼圈真能淡！熬夜党速进,https://www.xiaohongshu.com/explore/6760d7af000000000b00f71f?xsec_token=AB1e-6c9FMkIvKA3_-osD-OFYcsKrjRiC1LBPMxBau0J4=&xsec_source=pc_user,党速进,,,自产笔记,金字塔眼膜,,,
67627506000000001300bfaa,祝绪丹私下爱用分享！这个眼膜必须火！,https://www.xiaohongshu.com/explore/676261190000000013008662?xsec_token=ABtXa9S--5BkZc8z8gjYz2RH4oTP_MqDjQxeHLs1APuYA=&xsec_source=pc_user,祝绪丹9,,,自产笔记,金字塔眼膜,,,
67621d2a000000001300f0cf,肌肤宛若新生？祝绪丹真的太会选了！,https://www.xiaohongshu.com/explore/67627506000000001300bfaa?xsec_token=ABX6QS-aaEqGbrT_Zn_e4yyU3-6ahjOqAO87IsJopOYSA=&xsec_source=pc_like,祝绪丹10,,,自产笔记,AGT粉钻精华,,,
67627d12000000001300c7ed,明星严选有点儿东西 眼周保养它是真牛！,https://www.xiaohongshu.com/explore/67621d2a000000001300f0cf?xsec_token=ABE-Ggu71QEMyPvXhTKZrs7Aaea9swaYzTshVptGVFMco=&xsec_source=pc_user,祝绪丹11,,,自产笔记,金字塔眼膜,,,
67629974000000000b0140ad,30+ 抗衰秘籍 | 胶原补充刻不容缓,https://www.xiaohongshu.com/explore/67627d12000000001300c7ed?xsec_token=ABAP4QHz7kmPxo3vI-wUWWOXlmoZzzuBPv-EqqX750d80=&xsec_source=pc_user,不容缓,,,自产笔记,7D驱动饮,,,
6762a0b7000000001300a164,祝绪丹真能处！有眼周护理好物她是真说啊！,https://www.xiaohongshu.com/explore/67629974000000000b0140ad?xsec_token=ABbOhLkjygNSe1qHbrdZIlU6JC0P3Np-mplOhaUFx9UJY=&xsec_source=pc_user,祝绪丹12,,,自产笔记,金字塔眼膜,,,
6762a4e6000000000b023eb0,别再交粉红税了！男明星保养才是纯干货,https://www.xiaohongshu.com/explore/6762a0b7000000001300a164?app_platform=android&ignoreEngage=true&app_version=8.63.0&share_from_user_hidden=true&xsec_source=app_share&type=video&noteAttributes=goods&xsec_token=CBhKZOQi2MKSpJS9CdbODAwChjfWkNxAdXnVgEW2a6Tsk=&author_share=1&xhsshare=QQ&shareRedId=ODw3Qzo1OU42NzUyOTgwNjY6OTc4STlO&apptime=1734516923&share_id=034ef107e1e744dba3134fb03e595764,辰亦儒19,,,自产笔记,AGX抗糖饮,,,
676384d6000000000b016553,冬天发胖有元凶？不长肉指南请收好！,https://www.xiaohongshu.com/explore/6762a4e6000000000b023eb0?app_platform=android&ignoreEngage=true&app_version=8.65.0&share_from_user_hidden=true&xsec_source=app_share&type=normal&noteAttributes=goods&xsec_token=CBEMgkj6_r4E4MGtq3rUQc-DDbSvGQrdzgW1-QQYhGJXE=&author_share=1&xhsshare=QQ&shareRedId=Nz9FREg4RkJKSTdHPzgyP0c8QktFNzc9&apptime=1734517999&share_id=76f1afe4c91d49e29c8ee4af51a1b98e,不长肉,,,自产笔记,仙女冻,,,
67639025000000000902e36b,三抗天花板CP！早修垮、晚修暗！修出少女肌,https://www.xiaohongshu.com/explore/676384d6000000000b016553?xsec_token=ABCb7UK1haGzEEvIax8Rdge-S4Ggb0hiD47TKb9lIMolM=&xsec_source=pc_user,早修垮,,,自产笔记,AGT精华+面膜,,,
675ffde2000000000b0162a9,奚梦瑶可太会保养了！怪不得颜值一直在线！,三抗天花板CP！早修垮、晚修暗！修出少女肌 - 小红书,奚梦瑶13,,,自产笔记,AGX抗糖饮,,,
6763c97c000000000800dcf9,冬季黄金期打好了躺赢一年！轻松养出贵气感,https://www.xiaohongshu.com/explore/675ffde2000000000b0162a9?xsec_token=ABOMegJbF9UkUt2fW2Nov0OOv421Ouma-Dh0gZMyrLdIA=&xsec_source=pc_user,赢一年,,,自产笔记,X白组合,,,
6763e85c000000000800e342,关于风很大的抗糖饮，奚梦瑶有话讲！,https://www.xiaohongshu.com/explore/6763c97c000000000800dcf9?app_platform=android&ignoreEngage=true&app_version=8.65.0&share_from_user_hidden=true&xsec_source=app_share&type=normal&noteAttributes=goods&xsec_token=CBQxyX7QGkblRDkfPK2aPjbv4DQ1bASr8B_9aUJ-_7Cj8=&author_share=1&xhsshare=QQ&shareRedId=Nz9FREg4RkJKSTdHPzgyP0c8QktFNzc9&apptime=1734592903&share_id=3a2b64e0cf7f4e81ad886771b018c076,奚梦瑶14,,,自产笔记,AGX抗糖饮,,,
6763f87a00000000140203d2,30+速进！妈生紧嫩钻光肌全靠这面膜！,http://xhslink.com/a/3EmeHwoLeUX1,生紧嫩,,,自产笔记,AGT粉钻面膜,,,
6763ed6c000000000b0148ed,这个秋冬养肤技巧还不知道，恐怕要黑一辈子,http://xhslink.com/a/268PJeoqm9X1,黑一辈,,,自产笔记,白肌饮,,,
6764d56900000000140242c9,嫩的脸起飞，这对CP别太懂熟龄肌抗老,https://www.xiaohongshu.com/explore/6763ed6c000000000b0148ed?xsec_token=ABvA952WrJjsrj-WAhs87WAHO0KI35ROcurpxMGlkObk4=&xsec_source=pc_user,太懂熟,,,自产笔记,AGT精华+面膜,,,
6764d882000000000b02310a,申遗！水肿星人也能体验清晰下颚线的快乐了,https://www.xiaohongshu.com/explore/6764d56900000000140242c9?xsec_token=ABeys8bAOTf5Y6kDuRredPIBjYNtD1X6IPKx6vdAC2okE=&xsec_source=pc_user,下颚线,,,自产笔记,仙女冻,,,
6764cda0000000000b023f5e,跟着超模水灵灵变嫩！高效抗糖很简单,https://www.xiaohongshu.com/explore/6764d882000000000b02310a?app_platform=android&ignoreEngage=true&app_version=8.66.0&share_from_user_hidden=true&xsec_source=app_share&type=normal&noteAttributes=goods&xsec_token=CBT760OnQP4maQ9VpY-7h3RXfbi5Y8nbfEsTez4ZXXZ1g=&author_share=1&xhsshare=QQ&shareRedId=Nz9FREg4RkJKSTdHPzgyP0c8QktFNzc9&apptime=1734662280&share_id=585417e8c89347d9a4567acb7a835867,奚梦瑶15,,,自产笔记,AGX抗糖饮,,,
6764dd1a000000000900ff72,双眼一睁就是亮！合照轻松脱颖而出,https://www.xiaohongshu.com/explore/6764cda0000000000b023f5e?xsec_token=ABPtcg89kgd9wD8D7mwRdAhYhO2j9a4sjPMQ8lGWHTLQM=&xsec_source=pc_user,松脱颖,,,自产笔记,白肌饮,,,
6764e58a000000000b00d094,这抗糖饮还是太全面了，小脸真的回春了！！,https://www.xiaohongshu.com/explore/6764dd1a000000000900ff72?xsec_token=ABM6DrWZ4gP34tP5ueef2vnnIUJPkGdz-gKURJSeOjsuc=&xsec_source=pc_user,糖饮还是,,,自产笔记,AGX抗糖饮,,,
6764e227000000001300fe8c,三抗合一！重拾肌肤年轻态！,https://www.xiaohongshu.com/explore/6764e58a000000000b00d094?xsec_token=ABu-i3O4fdBCwp8SH_2BYjixWj846toIMW7iK9GgEhH4w=&xsec_source=pc_user,合一重,,,自产笔记,AGT精华+面膜,,,
67652843000000000900fe84,28+逆风翻盘！黄糙皮真的有救了！,https://www.xiaohongshu.com/explore/6764e227000000001300fe8c?xsec_token=AB_c-A0fRSz-zdu0WtxLAwTNo3nEVeUdP7sXGQrDWfFSQ=&xsec_source=pc_user,真的有,,,自产笔记,X白组合,,,
676517e7000000000b022017,拒绝“糖化焦虑”|超模年轻态的秘密有了,https://www.xiaohongshu.com/explore/67652843000000000900fe84?app_platform=android&ignoreEngage=true&app_version=8.66.0&share_from_user_hidden=true&xsec_source=app_share&type=normal&noteAttributes=goods&xsec_token=CB7NbLnA0z01nxHfP1ZJAswIThu0h-pExNxfAoXdStnK8=&author_share=1&xhsshare=QQ&shareRedId=Nz9FREg4RkJKSTdHPzgyP0c8QktFNzc9&apptime=1734682703&share_id=52b85370bbf74e1cba99d39ddd8e74b5,奚梦瑶22,,,自产笔记,AGX抗糖饮,,,
676b5b520000000009014300,熟龄肌抗老不知道怎么办？快来抄作业！,https://www.xiaohongshu.com/explore/676517e7000000000b022017?xsec_token=ABa5OkXjJDLKlGy_-N3xShS71zFuz-8SnKLHBN4dgblBk=&xsec_source=pc_collect,抄作业,,,自产笔记,AGT精华+面膜,,,
676cbb44000000000b0144df,懂行才会坚持内服！妈生嫩皮喝出来,https://www.xiaohongshu.com/explore/676b5b520000000009014300?xsec_token=ABFwnzI6_K8zZSv8u2juZVr1WvFsgSIjS9YfDw4QxOsAo=&xsec_source=pc_user,懂行才,,,自产笔记,X白组合,,,
676cc30f000000000800f1b2,白肌饮好牛！这个冬季请拿回属于你的肤色！,https://www.xiaohongshu.com/explore/676cbb44000000000b0144df?app_platform=android&ignoreEngage=true&app_version=8.66.1&share_from_user_hidden=true&xsec_source=app_share&type=normal&noteAttributes=goods&xsec_token=CBSsWzkBWqKjnPAmHqJSKLjOE3ZxvDIPVk22za_kVag1g=&author_share=1&xhsshare=QQ&shareRedId=Nz9FREg4RkJKSTdHPzgyP0c8QktFNzc9&apptime=1735179094&share_id=9fd183aafef34db7b760be8dc3db468c,请拿回,,,自产笔记,白肌饮,,,
676cbd54000000000b00fc24,管不住嘴的享福了！年底聚餐必须有它！,https://www.xiaohongshu.com/explore/676cc30f000000000800f1b2?xsec_token=ABqpPRWSLC8Ko3UnNeRLPCtxYjv7zsG7gd_LL_Kn_dAW8=&xsec_source=pc_like,年底聚,,,自产笔记,仙女冻,,,
676cf973000000001300e8f2,怪不得祝绪丹也在用...30＋大笑也能0眼纹！,https://www.xiaohongshu.com/explore/676cbd54000000000b00fc24?app_platform=android&ignoreEngage=true&app_version=8.66.1&share_from_user_hidden=true&xsec_source=app_share&type=normal&noteAttributes=goods&xsec_token=CBSsWzkBWqKjnPAmHqJSKLjK8ZsnxV3l4l5YOuXluYhlo=&author_share=1&xhsshare=QQ&shareRedId=Nz9FREg4RkJKSTdHPzgyP0c8QktFNzc9&apptime=1735179619&share_id=aa68c72661b04561a6bc61dc6591fbd9,祝绪丹13,,,自产笔记,金字塔眼膜,,,
676cf77600000000130196df,请查收!晓姿感谢季惊喜福袋已就位!,https://www.xiaohongshu.com/explore/676cf973000000001300e8f2?xsec_token=ABhZWq7nn2YcmLWZYaJ_3zYPPGYZF5dtVD2TN_3L4Sc1c=&xsec_source=pc_user,祝绪丹14,,,自产笔记,金字塔眼膜,,,
676d0dda000000000b017cd1,"熟龄肌真后悔没早点抗糖！拿捏年轻态密码
",https://www.xiaohongshu.com/explore/676cf77600000000130196df?xsec_token=ABLlFaoH0i6jTuGH7zn3Xr16hbuHZapBizmT0jrL-N-A8=&xsec_source=pc_user,点抗糖,,,自产笔记,AGX抗糖饮,,,
676d0dd4000000001300c0d8,新年感谢季|低效抗老?全能三抗才是硬道,https://www.xiaohongshu.com/explore/676d0dda000000000b017cd1?app_platform=android&ignoreEngage=true&app_version=8.66.1&share_from_user_hidden=true&xsec_source=app_share&type=normal&noteAttributes=goods&xsec_token=CBPy50fHj1qqM4w73yayzPnMucvL6xwe9pqWcM-npIXdU=&author_share=1&xhsshare=CopyLink&shareRedId=Nz9FREg4RkJKSTdHPzgyP0c8QktFNzc9&apptime=1735200225&share_id=623ee5498f054e979fca66d2d922d489,新年感,,,自产笔记,AGT精华+面膜,,,
676d097700000000140279bc,震惊祝绪丹32！这眼周状态也太好了,https://www.xiaohongshu.com/explore/676d0dd4000000001300c0d8?xsec_token=ABvcA711FvdpIMQNtNNCHUvzeBhrwOiUNSCdZTFvR,祝绪丹15,,,自产笔记,金字塔眼膜,,,
676d0b3b000000001300ed1e,眼部护理小能手来了 跟眼纹擦肩而过,震惊祝绪丹32！这眼周状态也太好了 - 小红书,肩而过,,,自产笔记,金字塔眼膜,,,
676d2c48000000000b00ed79,跟着超模学抗糖 素颜小脸嫩出新高度！,32 晓姿AXXZIA发布了一篇小红书笔记，快来看吧！ ?? bwhmggjmE99Phox ?? http://xhslink.com/a/TRF0r0syKqp2，复制本条信息，打开【小红书】App查看精彩内容！,奚梦瑶16,,,自产笔记,AGX抗糖饮,,,
676d354d000000000b00db1a,28+高阶内调组合出击！告别松弛 重焕光彩,https://www.xiaohongshu.com/explore/676d2c48000000000b00ed79?xsec_token=ABj_PDuotktLGLtxWtSMAnA8jBF2ei9e9WzAvfDh0NdkI=&xsec_source=pc_user,合出击,,,自产笔记,X白组合,,,
676d4431000000000b00c81e,听奚梦瑶的话！素颜赚足回头率！,https://www.xiaohongshu.com/explore/676d354d000000000b00db1a?app_platform=android&ignoreEngage=true&app_version=8.66.1&share_from_user_hidden=true&xsec_source=app_share&type=normal&noteAttributes=goods&xsec_token=CBPy50fHj1qqM4w73yayzPnCm5ELNc2OvAlU_RXe2eS-E=&author_share=1&xhsshare=QQ&shareRedId=Nz9FREg4RkJKSTdHPzgyP0c8QktFNzc9&apptime=1735210332&share_id=c1d59346247640e6980a9c4340cf69b3,奚梦瑶17,,,自产笔记,AGX抗糖饮,,,
676d1886000000000902fe38,星星眼就这么养成了？,https://www.xiaohongshu.com/explore/676d4431000000000b00c81e?app_platform=android&ignoreEngage=true&app_version=8.66.1&share_from_user_hidden=true&xsec_source=app_share&type=video&noteAttributes=goods&xsec_token=CBPy50fHj1qqM4w73yayzPnNnVoVbrRL5k0Vx7dpcqZTQ=&author_share=1&xhsshare=QQ&shareRedId=Nz9FREg4RkJKSTdHPzgyP0c8QktFNzc9&apptime=1735214153&share_id=e30fa1d5e47b40a385d057df86609640,这么养,,,自产笔记,金字塔眼膜,,,
676df66f000000000b017758,揭秘超模抗糖美丽大法！少女感具象化了,https://www.xiaohongshu.com/explore/676d1886000000000902fe38?xsec_token=ABNG9mEGuqX7JRQlFem7KK2fcm5KRTmTFTLiz8ezANeTk=&xsec_source=pc_user,奚梦瑶18,,,自产笔记,AGX抗糖饮,,,
676e405a000000000800e02d,不要“糖氧焦虑”|和辰亦儒开启抗糖嫩肤季,https://www.xiaohongshu.com/explore/676df66f000000000b017758?xsec_token=ABH6-ou63xA9qLoLMV1RKH5-WhFjjvldz_AZ1A4lgZasQ=&xsec_source=pc_user,辰亦儒20,,,自产笔记,AGX抗糖饮,,,
676e48e3000000000900d87b,抓住冬季养肤黄金期，后天也能逆袭白月光,https://www.xiaohongshu.com/explore/676e405a000000000800e02d?xsec_token=ABwy_CBvIhbPkdwwaPyvilXLECYqGHon6INF_xx9md28E=&xsec_source=pc_user,后天也,,,自产笔记,白肌饮,,,短剧
676e710600000000090167f6,一夜抗老？给脸蛋亿点点震撼！,https://www.xiaohongshu.com/explore/676e48e3000000000900d87b?xsec_token=AByEd4qtnpX3bbovt3_MJ1h2EjQKIF8DJ1B5jdvK2Naow=&xsec_source=pc_user,新年感,,,自产笔记,AGT粉钻面膜,,,
67720575000000000b0175c2,掌控花期？富养自己就看内养仙品,https://www.xiaohongshu.com/explore/676e710600000000090167f6?app_platform=android&ignoreEngage=true&app_version=8.63.0&share_from_user_hidden=true&xsec_source=app_share&type=normal&noteAttributes=goods&xsec_token=CBfS7QWD-UH1MUZUmelWJ7qRx2FPMVnXJ0BIyvAOlkIvc=&author_share=1&xhsshare=QQ&shareRedId=ODw3Qzo1OU42NzUyOTgwNjY6OTc4STlO&apptime=1735291152&share_id=f3bd6146d51b4f729c781e8abe299a38,控花期,,,自产笔记,7D驱动饮+AGX,,,
6773aaa50000000013019168,30+脸不垮！素颜像女大的法宝就是它！,https://www.xiaohongshu.com/explore/67720575000000000b0175c2?xsec_token=ABqJvlPqKy0Ddd8DY3oGitwtZ2wFOWLlXrwyRPx9FFcEY=&xsec_source=pc_user,法宝就,,,自产笔记,AGT粉钻面膜,,,
67760714000000000b00f29e,年前变美冲刺！还是超模奚梦瑶同款,https://www.xiaohongshu.com/explore/6773aaa50000000013019168?xsec_token=AByaRkPuqozbYC9A4m2yuMybW_ZlC4--E1fRIvit6DI8s=&xsec_source=pc_user,奚梦瑶19,,,自产笔记,AGX抗糖饮,,,
67764f54000000000900dbc7,内服的含金量还在上升！轻松打赢肤色翻身仗,年前变美冲刺！还是超模奚梦瑶同款 - 小红书,升轻松,,,自产笔记,白肌饮,,,
67765d35000000001300dc73,不是熟龄肌不建议用！三抗对老化杀伤拉满！,https://www.xiaohongshu.com/explore/67764f54000000000900dbc7?xsec_token=ABConyFVI1NRCbne8yPEjHq_XcJs2Mjh9meK984NgCh3Q=&xsec_source=pc_user,杀伤拉,,,自产笔记,AGT精华+面膜,,,
67766e30000000000b0169a2,超绝抗老！与女明星的距离就差这个内服...,https://www.xiaohongshu.com/explore/67765d35000000001300dc73?xsec_token=AB41EIL3EV4yjArYck2kOSvBtb0-m4qpPVdKm_L4K5_ac=&xsec_source=pc_user,奚梦瑶20,,,自产笔记,AGX抗糖饮,,,
67760e9e000000000b00ffac,感谢奚梦瑶！女明星的挖宝能力真的强！,https://www.xiaohongshu.com/explore/67766e30000000000b0169a2?xsec_token=ABKHpBuAFYPg8yWH4_aT9Vej0a3mQI-BZ4gcWPLZKlzEU=&xsec_source=pc_user,奚梦瑶21,,,自产笔记,AGX抗糖饮,,,
67774f89000000001301955a,肌龄满30-10的美丽秘密！就靠这对三抗CP,https://www.xiaohongshu.com/explore/67760e9e000000000b00ffac?app_platform=android&ignoreEngage=true&app_version=8.67.0&share_from_user_hidden=true&xsec_source=app_share&type=video&noteAttributes=goods&xsec_token=CB6UgxZz7YJ8VzqhmNSgfQmmx3IptyU_vvG53YIXjwlow=&author_share=1&xhsshare=QQ&shareRedId=Nz9FREg4RkJKSTdHPzgyP0c8QktFNzc9&apptime=1735790271&share_id=f8b8c714bbd24093bac5a079f3959e0b,满30,,,自产笔记,AGT精华+面膜,,,
67774d5b0000000009016cce,女明星梳妆台大公开！轻松爆改熟龄肌！,https://www.xiaohongshu.com/explore/67774f89000000001301955a?xsec_token=ABBTdxzBxranW_hDJVnfqy5TWKW3-y8wpaVV-k4O2gnM0=&xsec_source=pc_user,祝绪丹16,,,自产笔记,AGT粉钻精华,,,
677758d2000000000900e234,谁说冬天不能管理在线？一招破解美美过冬,https://www.xiaohongshu.com/explore/67774d5b0000000009016cce?xsec_token=AB7__5R83d2a1XVXBQGt76SSv61T-xlJ1US1TQeNKmAnk=&xsec_source=pc_user,解美美,,,自产笔记,仙女冻,,,
6777410d000000001402566a,祝绪丹同款眼膜！下个原书大女主就是你！,https://www.xiaohongshu.com/explore/677758d2000000000900e234?xsec_token=ABBTdxzBxranW_hDJVnfqy5WLeudh6FZ2L-geHqIGtaPY=&xsec_source=pc_user,祝绪丹17,,,自产笔记,金字塔眼膜,,,
67775b8e000000000b015097,黑黄皮的神！晓姿白肌饮带你闯进冷皮决赛圈,https://www.xiaohongshu.com/explore/6777410d000000001402566a?app_platform=android&ignoreEngage=true&app_version=8.67.0&share_from_user_hidden=true&xsec_source=app_share&type=normal&noteAttributes=goods&xsec_token=CBSPV_7T6f3RIzQRxOiTDunzWvEfW4fjWEDNR42cGSE6w=&author_share=1&xhsshare=QQ&shareRedId=ODw3Qzo1OU42NzUyOTgwNjY6OTc4STlO&apptime=1735868761&share_id=9b4ed3c642b64ae0a019b5d3b68fd625,决赛圈,,,自产笔记,白肌饮,,,
67779ece000000000900c950,跟着明星内服抗糖，让年龄只是数字,https://www.xiaohongshu.com/explore/67775b8e000000000b015097?xsec_token=ABnY6oMtk7JXJIDeOTFJVl7hv1uAkxzJlPp_67VcbTbXs=&xsec_source=pc_user,糖让年,,,自产笔记,AGX抗糖饮,,,
677782cf000000000902d8e9,天呐 结构型眼膜！熬夜垮累丑有救啦！,https://www.xiaohongshu.com/explore/67779ece000000000900c950?xsec_token=ABW_0cdZSH2SegZGPGdTTSwQBe6XtWwi9GEVcPi7AsRF8=&xsec_source=pc_user,丑有救,,,自产笔记,金字塔眼膜,,,
6777b32a000000000800feff,先抗糖再提亮！素颜自由的快乐必须到位~,https://www.xiaohongshu.com/explore/677782cf000000000902d8e9?app_platform=android&ignoreEngage=true&app_version=8.67.0&share_from_user_hidden=true&xsec_source=app_share&type=normal&noteAttributes=goods&xsec_token=CBSPV_7T6f3RIzQRxOiTDunyxrGxvn2gXe1vualqRHF8I=&author_share=1&xhsshare=QQ&shareRedId=ODw3Qzo1OU42NzUyOTgwNjY6OTc4STlO&apptime=1735886556&share_id=2126bf481d274feb92cba4464e3b27cf,须到位,,,自产笔记,X白组合,,,
6777b759000000000902f2c2,女星护眼秘籍大公开??双眼又亮又迷人,https://www.xiaohongshu.com/explore/6777b32a000000000800feff?xsec_token=ABnY6oMtk7JXJIDeOTFJVl7qqEAFl876uH-B7fnG-o_yo=&xsec_source=pc_user,祝绪丹18,,,自产笔记,金字塔眼膜,,,
6777c0530000000014022555,All in的快乐！让你1:1体验院线护肤的感觉,https://www.xiaohongshu.com/explore/6777b759000000000902f2c2?app_platform=android&ignoreEngage=true&app_version=8.67.0&share_from_user_hidden=true&xsec_source=app_share&type=video&noteAttributes=goods&xsec_token=CBSPV_7T6f3RIzQRxOiTDun__vmODce73e2VGIcZ0x51U=&author_share=1&xhsshare=QQ&shareRedId=ODw3Qzo1OU42NzUyOTgwNjY6OTc4STlO&apptime=1735898988&share_id=545375ca356d4e9e9ad712167b6b73ed,的快乐,,,自产笔记,护肤品横测,,,
677789b7000000000800ffc7,晓姿内服全家福重磅来袭！买到就是赚到！,https://www.xiaohongshu.com/explore/6777c0530000000014022555?app_platform=android&ignoreEngage=true&app_version=8.67.0&share_from_user_hidden=true&xsec_source=app_share&type=normal&noteAttributes=goods&xsec_token=CBSPV_7T6f3RIzQRxOiTDunzO6ZpqGAk-J7wGT7e40uUE=&author_share=1&xhsshare=QQ&shareRedId=ODw3Qzo1OU42NzUyOTgwNjY6OTc4STlO&apptime=1735901275&share_id=17bf49a801784cd8a23ecacc8913605d,全家福,,,自产笔记,合集,,,
6775ee67000000000b015e0e,贵气感如何养成？一定是内调＞外养！,https://www.xiaohongshu.com/explore/677789b7000000000800ffc7?xsec_token=ABT6HOX2x2ekHGk1sTgfKKk0C5lFUz5zzgUEYsZSqa9j0=&xsec_source=pc_collect,辰亦儒21,,,自产笔记,AGX抗糖饮,,,
677dd0d7000000001a036a5b,熟龄肌必看的晓姿护肤全线测评 高效抗老！,https://www.xiaohongshu.com/explore/6775ee67000000000b015e0e?app_platform=android&ignoreEngage=true&app_version=8.67.0&share_from_user_hidden=true&xsec_source=app_share&type=normal&noteAttributes=goods&xsec_token=CBgZlVb9DuToKMxHdSP47ToyO7unyfhsth2dgF3aLewbM=&author_share=1&xhsshare=QQ&shareRedId=Nz9FREg4RkJKSTdHPzgyP0c8QktFNzc9&apptime=1735782002&share_id=d8977f6f3a354c03a6aa5a78a4d416c6,评高效,,,自产笔记,护肤品横测,,,
677dd72d000000000900f2f3,这面膜鲨疯了！三抗拿捏高段位抗老~,https://www.xiaohongshu.com/explore/677dd0d7000000001a036a5b?xsec_token=AB5wUWWvviu4xOWxtW68xSRpEjUvtfSqF79JOgz68af54=&xsec_source=pc_user,位抗老,,,自产笔记,AGT粉钻面膜,,,
677e50e700000000170390cd,明星同款保养新思路，抗老先抗糖！,https://www.xiaohongshu.com/explore/677dd72d000000000900f2f3?xsec_token=ABNp8yNmp7rfKU8iEW_LwPArWY03NgbNUPrd3pcYNbTo0=&xsec_source=pc_user,辰亦儒22,,,自产笔记,AGX抗糖饮,,,
677e4bb5000000000b022a3d,28+年前冲刺皮肤好状态！少女肌锁脸上,https://www.xiaohongshu.com/explore/677e50e700000000170390cd?xsec_token=ABbErKUfd_k5dOroyX-GnqpeOWlQ56ebwVaB1RA3YCYhw=&xsec_source=pc_like,锁脸上,,,自产笔记,X白组合,,,
677f9814000000000b015acd,打赢眼周护理突击战|黑眼圈眼纹无路可逃,https://www.xiaohongshu.com/explore/677e4bb5000000000b022a3d?xsec_token=AB4v66UdMuJLaRWyHFoWybqq98Z5Tlolg5A06Tlp3DhBc=&xsec_source=pc_user,突击战,,,自产笔记,金字塔眼膜,,,
677f93cc000000000203ca16,内服养肤的含金量具象化！打赢色号逆袭战,https://www.xiaohongshu.com/explore/677f9814000000000b015acd?app_platform=android&ignoreEngage=true&app_version=8.68.0&share_from_user_hidden=true&xsec_source=app_share&type=video&noteAttributes=goods&xsec_token=CBp9z2WUQXAitPi_mPVPS2chJI0FFn9G6H7A3OXvt1PQM=&author_share=1&xhsshare=QQ&shareRedId=ODw3Qzo1OU42NzUyOTgwNjY6OTc4STlO&apptime=1736415324&share_id=adbc1d5e46f04866aa2dbc656f5de87b,打赢色,,,自产笔记,白肌饮,,,
677fa10d000000000b02310a,新晋大餐搭子就是它！轻而易举没开玩笑！,https://www.xiaohongshu.com/explore/677f93cc000000000203ca16?app_platform=android&ignoreEngage=true&app_version=8.67.0&share_from_user_hidden=true&xsec_source=app_share&type=normal&noteAttributes=goods&xsec_token=CBt0qEQ1RljYB4wnJWYEGq8tUX32twKFudbiVA_etSyjw=&author_share=1&xhsshare=QQ&shareRedId=Nz9FREg4RkJKSTdHPzgyP0c8QktFNzc9&apptime=1736414200&share_id=ae8b51fabf8a4dfb87820f291a42132c,举没开,,,自产笔记,仙女冻,,,
6780764900000000010025a0,30+垮脸翻盘！这对内服cp早入早美丽!,https://www.xiaohongshu.com/explore/677fa10d000000000b02310a?xsec_token=ABOIi5ttk1kvzbyZmacjrF0Qy8LVyridX_iH5f-Vy9AV8=&xsec_source=pc_user,入早美,,,自产笔记,7D驱动饮+AGX,,,
67807e75000000000203d8df,年前突击变美！聚会被夸美疯了！,30+垮脸翻盘！这对内服cp早入早美丽! - 小红书,击变美,,,自产笔记,AGX+益生菌+仙女冻,,,
67808504000000000b023421,新年高段位送礼！晓姿白肌饮当之无愧！,https://www.xiaohongshu.com/explore/67807e75000000000203d8df?app_platform=android&ignoreEngage=true&app_version=8.67.0&share_from_user_hidden=true&xsec_source=app_share&type=normal&noteAttributes=goods&xsec_token=CBsyhL0ZLeHoGoo0XOSgUA02di9NiN_0Uuan6TsaoN7Fw=&author_share=1&xhsshare=QQ&shareRedId=Nz9FREg4RkJKSTdHPzgyP0c8QktFNzc9&apptime=1736474235&share_id=1fa763b0f1214901aca310a3e44dc120,送礼,,,自产笔记,白肌饮,,,
67808042000000001703ce7b,斩黄气+抗糖双重奏，养出一眼美女！,https://www.xiaohongshu.com/explore/67808504000000000b023421?xsec_token=ABQRuybYz99qYcbZwk0I-QBDoix2LRAwWkESMFhTAKNA4=&xsec_source=pc_user,斩黄气,,,自产笔记,X白组合,,,
67808b47000000000b017167,逆转眼龄??祝绪丹爱用眼膜真的好牛！,https://www.xiaohongshu.com/explore/67808042000000001703ce7b?app_platform=android&ignoreEngage=true&app_version=8.67.0&share_from_user_hidden=true&xsec_source=app_share&type=normal&noteAttributes=goods&xsec_token=CBsyhL0ZLeHoGoo0XOSgUA01a_s4VM2Lc6GH_E_xwLhac=&author_share=1&xhsshare=QQ&shareRedId=Nz9FREg4RkJKSTdHPzgyP0c8QktFNzc9&apptime=1736474695&share_id=5736bf582c444b7592c615b43aee1ecb,祝绪丹19,,,自产笔记,金字塔眼膜,,,
678093b0000000000b00cb10,不允许任何一个爱熬夜的姐妹错过这个眼膜！,https://www.xiaohongshu.com/explore/67808b47000000000b017167?xsec_token=ABvi3jrZbjuIuQGsufoNp-IKje9VIuiz3vzPeimDvavzw=&xsec_source=pc_user,祝绪丹20,,,自产笔记,金字塔眼膜,,,
678081e60000000001002e9c,年前变美神助攻！入冬仪式感从肤色管理开始,不允许任何一个爱熬夜的姐妹错过这个眼膜！ - 小红书,神助攻,,,自产笔记,X白组合,,,
6780bca40000000020016951,"脸好紧好嫩… 跟着祝绪丹新年美貌具象化！
",https://www.xiaohongshu.com/explore/678081e60000000001002e9c?app_platform=android&ignoreEngage=true&app_version=8.67.0&share_from_user_hidden=true&xsec_source=app_share&type=video&noteAttributes=goods&xsec_token=CBsyhL0ZLeHoGoo0XOSgUA09FfTZoZ4Bki_EaYV8pzVBU=&author_share=1&xhsshare=QQ&shareRedId=Nz9FREg4RkJKSTdHPzgyP0c8QktFNzc9&apptime=1736475116&share_id=5773f43b59d24f6ab58abc1daad6ec80,祝绪丹21,,,自产笔记,AGT粉钻精华,,,
6780c13c000000000203c64f,喝出自然光感皮！晓姿白肌饮真的太顶了！,https://www.xiaohongshu.com/explore/6780bca40000000020016951?app_platform=ios&app_version=8.68.1&share_from_user_hidden=true&xsec_source=app_share&type=video&noteAttributes=goods&xsec_token=CBzfLCg6ZBXJNrXgfK02qIWLCKMQQyVD591pWEmqwcFOw=&author_share=1&xhsshare=CopyLink&shareRedId=N0hDQkU2RjtLPkk7Oj8wNjY0P0g7NTc8&apptime=1736490417&share_id=27a929467ef341feab5a57be66afeda6,喝出自,,,自产笔记,白肌饮,,,
6780caa9000000001703fd88,新年聚餐管理小妙招??大吃大喝无负担~,https://www.xiaohongshu.com/explore/6780c13c000000000203c64f?xsec_token=ABONZclP-uZUbrjoO_8UI4q7zQD18fc5RukytdDwcn0Qo=&xsec_source=pc_user,无负担,,,自产笔记,仙女冻,,,
6780d040000000002001a870,晓姿紧致焕亮cp公式！有效护肤的思路Get了,https://www.xiaohongshu.com/explore/6780caa9000000001703fd88?app_platform=android&ignoreEngage=true&app_version=8.67.0&share_from_user_hidden=true&xsec_source=app_share&type=normal&noteAttributes=goods&xsec_token=CBsyhL0ZLeHoGoo0XOSgUA079vyCgbnsbxu0027ooTLTk=&author_share=1&xhsshare=QQ&shareRedId=Nz9FREg4RkJKSTdHPzgyP0c8QktFNzc9&apptime=1736493839&share_id=3271255d63c44ecfbe2a9ea88f41efec,有效护,,,自产笔记,AGT精华+面膜,,,
6780e297000000001800f2ac,28+保养逆袭一步到位！宛如新生！,https://www.xiaohongshu.com/explore/6780d040000000002001a870?app_platform=android&ignoreEngage=true&app_version=8.68.0&share_from_user_hidden=true&xsec_source=app_share&type=normal&noteAttributes=goods&xsec_token=CB0DJYaJm5u_HWS4q_LhibUruK3VB2CXjsjJug6iUgDUE=&author_share=1&xhsshare=QQ&shareRedId=ODw3Qzo1OU42NzUyOTgwNjY6OTc4STlO&apptime=1736495244&share_id=a1e92a3ef8c74b7eb3724411ee26ffe9,如新生,,,自产笔记,AGX抗糖饮,,,
6780df31000000001703a5e0,年前突击变美！超模很有发言权！,https://www.xiaohongshu.com/explore/6780e297000000001800f2ac?xsec_token=AB9BVFvQ01Xh2vwCzjdiFeRufubjN8OkfYAyFxGwAAsm0=&xsec_source=pc_user,奚梦瑶23,,,自产笔记,AGX抗糖饮,,,
6780bf000000000017039500,28+抗老不走弯路 素颜自由的秘密武器,https://www.xiaohongshu.com/explore/6780df31000000001703a5e0?xsec_token=ABFQnksIFhM0mt5pbUrOuAj4wumQ_BqbOguMJaYWoIKW4=&xsec_source=pc_user,奚梦瑶24,,,自产笔记,AGX抗糖饮,,,
6780b94d000000000900f110,天选嫩肤cp！法令纹直接被润平！,https://www.xiaohongshu.com/explore/6780bf000000000017039500?app_platform=android&ignoreEngage=true&app_version=8.67.0&share_from_user_hidden=true&xsec_source=app_share&type=normal&noteAttributes=goods&xsec_token=CBsyhL0ZLeHoGoo0XOSgUA055pQi2p_txFpak7o3E5YdM=&author_share=1&xhsshare=QQ&shareRedId=Nz9FREg4RkJKSTdHPzgyP0c8QktFNzc9&apptime=1736490758&share_id=6f9e3cad41054e68961b2059de6afb32,被润平,,,自产笔记,AGT精华+面膜,,,
6780f1c4000000000100a774,内服冻龄有门槛，选对才能吃上红利~,https://www.xiaohongshu.com/explore/6780b94d000000000900f110?app_platform=android&ignoreEngage=true&app_version=8.68.0&share_from_user_hidden=true&xsec_source=app_share&type=normal&noteAttributes=goods&xsec_token=CB0DJYaJm5u_HWS4q_LhibUomjbNz2NWXtMsdCb07D-iM=&author_share=1&xhsshare=QQ&shareRedId=ODw3Qzo1OU42NzUyOTgwNjY6OTc4STlO&apptime=1736489390&share_id=c8430558a4a346d880a656c9533e49eb,上红利,,,自产笔记,7D驱动饮+AGX,,,
6780fea2000000001800fa12,跟着超模一起打卡，素颜状态嫩爆了,https://www.xiaohongshu.com/explore/6780f1c4000000000100a774?xsec_token=ABp5bX5i8pnWkLH1IWAxMqM7iLpwRlndTBysiyutLwrP8=&xsec_source=pc_user,奚梦瑶25,,,自产笔记,AGX抗糖饮,,,
6784b0320000000019037c54,忍不住囤货三次！学会三抗少女感常驻,https://www.xiaohongshu.com/explore/6780fea2000000001800fa12?app_platform=android&ignoreEngage=true&app_version=8.67.0&share_from_user_hidden=true&xsec_source=app_share&type=video&noteAttributes=goods&xsec_token=CBsyhL0ZLeHoGoo0XOSgUA0zgj04wTUvNb2WV5iZfWgMw=&author_share=1&xhsshare=CopyLink&shareRedId=Nz9FREg4RkJKSTdHPzgyP0c8QktFNzc9&apptime=1736507121&share_id=4704e24cf00c4c63b8042f17f2163e14,感常驻,,,自产笔记,AGT精华+面膜,,,
6784c2e3000000001703d1cd,28+女生速进！和垮脸说拜拜！,https://www.xiaohongshu.com/explore/6784b0320000000019037c54?app_platform=android&ignoreEngage=true&app_version=8.68.0&share_from_user_hidden=true&xsec_source=app_share&type=video&noteAttributes=goods&xsec_token=CBUanNbh-Ye8j6o52EsEFX95krBHlxO8pGGUKT3fRtOBQ=&author_share=1&xhsshare=QQ&shareRedId=ODw3Qzo1OU42NzUyOTgwNjY6OTc4STlO&apptime=1736750116&share_id=1abdf3a56ef543639e5263c7dbc86bcf,说拜拜,,,自产笔记,7D驱动饮,,,
677dd72d000000000900f2f3,这面膜鲨疯了！三抗拿捏高段位抗老~,https://www.xiaohongshu.com/explore/6784c2e3000000001703d1cd?app_platform=android&ignoreEngage=true&app_version=8.68.5&share_from_user_hidden=true&xsec_source=app_share&type=normal&xsec_token=CBaSTSHvBD3NFqSfSahZukTlWQBnvr9veUrnEiNnTYmzs=&author_share=1&xhsshare=CopyLink&shareRedId=Nz9FREg4RkJKSTdHPzgyP0c8QktFNzc9&apptime=1736753912&share_id=b77b6ae571b04fdc814e0e21c2b98327,这面膜,,,自产笔记,AGT粉钻面膜,,,
6787504e000000001802eab0,隐匿“眼龄” 让你比同龄人年轻十岁,https://www.xiaohongshu.com/explore/677dd72d000000000900f2f3?xsec_token=ABNp8yNmp7rfKU8iEW_LwPAmrQFB_6Kgg17_IjtVQq924=&xsec_source=pc_user,轻十岁,,,自产笔记,金字塔眼膜,,,
67876f65000000001c00d61f,抗糖+提亮 素颜好状态的秘密悟了！,https://www.xiaohongshu.com/explore/6787504e000000001802eab0?app_platform=android&ignoreEngage=true&app_version=8.68.0&share_from_user_hidden=true&xsec_source=app_share&type=normal&noteAttributes=goods&xsec_token=CBFOOj0nBAq1-F8BzyHRIcuOlBgQ-zc7poUQIXVhqnKwA=&author_share=1&xhsshare=QQ&shareRedId=ODw3Qzo1OU42NzUyOTgwNjY6OTc4STlO&apptime=1736921174&share_id=77bcecbd69ba4f498e50a7ec39c66ec9,秘密悟,,,自产笔记,X白组合,,,
67877633000000001c00e24c,28+熟龄肌！冲刺鸡蛋肌轻松走捷径！,https://www.xiaohongshu.com/explore/67876f65000000001c00d61f?xsec_token=ABg2XHlsVrneRWwS_Ui1eiuyRLZ-ARwFX76VnlZEkY4o8=&xsec_source=pc_user,冲刺鸡,,,自产笔记,X白组合,,,
678777b5000000001d0122d8,爱自己养出来！高回报内服！,28+熟龄肌！冲刺鸡蛋肌轻松走捷径！ - 小红书,爱自己,,,自产笔记,AGX抗糖饮,,,
678784bf0000000016036d4b,21天实力拿捏老化！35依旧少女颜！,https://www.xiaohongshu.com/explore/678777b5000000001d0122d8?xsec_token=ABaP4aE9AKXnxnvm5_Mgiwg481__xysZyQJy_8rm794tw=&xsec_source=pc_user,少女颜,,,自产笔记,AGT精华+面膜,,,
67887453000000001901f398,破局式抗老新思路，脸真垮不了一点！,https://www.xiaohongshu.com/explore/678784bf0000000016036d4b?xsec_token=AB76sF3stdzc5z47ibgs3bg-za1jf_htstkS6zNdmrvpE=&xsec_source=pc_user,局式抗,,,自产笔记,AGT精华+面膜,,,
67885885000000001801f8ad,全脸抛光谁懂啊！三抗面膜真的牛,https://www.xiaohongshu.com/explore/67887453000000001901f398?xsec_token=AB6N--pqjSv4WT8sd07DoZHkBXB1oSQd8R4r_jopHJEu4=&xsec_source=pc_user,光谁懂,,,自产笔记,AGT粉钻面膜,,,
6788b9a900000000180293fc,感谢祝绪丹！真get到眼纹橡皮擦了,https://www.xiaohongshu.com/explore/67885885000000001801f8ad?xsec_token=AB9pvEE5OF7QSlPvAGCD3PKql-Q3gBuUN9GEUyh4RprJ4=&xsec_source=pc_user,祝绪丹23,,,自产笔记,金字塔眼膜,,,
6788c56000000000160205ce,超模推荐的抗糖饮真的牛 素颜好状态拉满！,https://www.xiaohongshu.com/explore/6788b9a900000000180293fc?app_platform=android&ignoreEngage=true&app_version=8.68.0&share_from_user_hidden=true&xsec_source=app_share&type=video&noteAttributes=goods&xsec_token=CBNWPRolYUBZs9UiimM95oEJr1_ATP9YfTqkzJng94vws=&author_share=1&xhsshare=CopyLink&shareRedId=ODw3Qzo1OU42NzUyOTgwNjY6OTc4STlO&apptime=1737013683&share_id=3ad79ee3e0234e6d96646c1c092b7b83,奚梦瑶26,,,自产笔记,AGX抗糖饮,,,
6788ccb7000000001d012a6b,新年弯道超车！跟着奚梦瑶一起变美！,https://www.xiaohongshu.com/explore/6788c56000000000160205ce?xsec_token=AB6yqv8PDiR7U4ZeshDdgmD7afUFeC5c8O2vwBW1e5t-I=&xsec_source=pc_user,奚梦瑶27,,,自产笔记,AGX抗糖饮,,,
6788c1410000000018016fd5,终于挖到了女明星好状态的秘密！,https://www.xiaohongshu.com/explore/6788ccb7000000001d012a6b?xsec_token=ABP5xA74B_ZFKvkR0y30JSuOEnN2gGMQ7uKfDxU7GUkuY=&xsec_source=pc_user,祝绪丹25,,,自产笔记,金字塔眼膜,,,
6788dec300000000210004b6,硬控小黄鸭！内调外养一键解锁冷皮快乐,https://www.xiaohongshu.com/explore/6788c1410000000018016fd5?xsec_token=AB7j6FfAQE5BFjch57TERD-A773YNZHNMEhCPc1POsmUw=&xsec_source=pc_user,小黄鸭,,,自产笔记,白肌饮,,,
6788e22c00000000190141c2,祝绪丹神颜护肤指南！皮肤充盈紧致的秘?！,https://www.xiaohongshu.com/explore/6788dec300000000210004b6?xsec_token=AB7K-vsEhYEX39N3Vgm0a4003SamvPosEiyipeaLFTZ7M=&xsec_source=pc_user,祝绪丹27,,,自产笔记,AGT粉钻精华,,,
6788dd9600000000190119e7,敷出妈生好皮 皮肤水水嫩嫩紧致飞了！,https://www.xiaohongshu.com/explore/6788e22c00000000190141c2?xsec_token=AB0DGMFyeTyVmhJnoiMrmNWXmjBhaCeP9DunaiwX8fwXk=&xsec_source=pc_user,致飞了,,,自产笔记,AGT粉钻面膜,,,
6788df23000000001901759f,不允许还有人不知道这款“换脸”面膜,https://www.xiaohongshu.com/explore/6788dd9600000000190119e7?app_platform=android&ignoreEngage=true&app_version=8.68.0&share_from_user_hidden=true&xsec_source=app_share&type=normal&noteAttributes=goods&xsec_token=CBNWPRolYUBZs9UiimM95oEJUMVquwV_Iu9f0_EooHa-8=&author_share=1&xhsshare=QQ&shareRedId=ODw3Qzo1OU42NzUyOTgwNjY6OTc4STlO&apptime=1737022887&share_id=e2907c878b7f46edb1fe426fd6005d24,不允许,,,自产笔记,碳酸面膜,,,
6788d5a60000000018032806,明星少女眼秘籍 ??这眼膜开挂了！,https://www.xiaohongshu.com/explore/6788df23000000001901759f?app_platform=android&ignoreEngage=true&app_version=8.68.0&share_from_user_hidden=true&xsec_source=app_share&type=normal&noteAttributes=goods&xsec_token=CBNWPRolYUBZs9UiimM95oEB7SEc1rEZzgWOazTGTEhGw=&author_share=1&xhsshare=QQ&shareRedId=ODw3Qzo1OU42NzUyOTgwNjY6OTc4STlO&apptime=1737023271&share_id=3e05dd5df2c24a138ae5cb9e2212755a,祝绪丹26,,,自产笔记,金字塔眼膜,,,
678a1b100000000016022cc6,跟着明星抗糖打卡！多年暗黄垮狠狠制裁住了,https://www.xiaohongshu.com/explore/6788d5a60000000018032806?xsec_token=AB2v5l8VE4QS01p2ALOYVSwVep6UluOIAbvNP8wXe6bRk=&xsec_source=pc_user,奚梦瑶28,,,自产笔记,AGX抗糖饮,,,
678a233300000000190184a5,年度回购超三次，28+护肤选对定格少女肌！,https://www.xiaohongshu.com/explore/678a1b100000000016022cc6?xsec_token=ABK5vEpZXlLbcLr4w4ytBKvr3inABZRxI01ryu7Zv8WdA=&xsec_source=pc_user,超三次,,,自产笔记,合集,,,
678a2aeb000000001b00a8f3,老的慢的女人，都是内调出来的！,https://www.xiaohongshu.com/explore/678a233300000000190184a5?app_platform=android&ignoreEngage=true&app_version=8.68.0&share_from_user_hidden=true&xsec_source=app_share&type=normal&noteAttributes=goods&xsec_token=CBIl6F6NCbRBhPCU41rEjt-ZGQNJqpYUPm2UBis95lW_o=&author_share=1&xhsshare=QQ&shareRedId=ODw3Qzo1OU42NzUyOTgwNjY6OTc4STlO&apptime=1737106235&share_id=01b44d56b1ad461085263884f1e490a4,慢的女,,,自产笔记,7D驱动饮+AGX,,,
678a344200000000160327fe,"New friends, look here晓姿邀你新年焕新颜",https://www.xiaohongshu.com/explore/678a2aeb000000001b00a8f3?app_platform=ios&app_version=8.69&share_from_user_hidden=true&xsec_source=app_share&type=normal&noteAttributes=goods&xsec_token=CBnCMYP1-zDCi0SU7OA0K6pK0V_ePZZvqZh9VjrQ6UDUU=&author_share=1&xhsshare=CopyLink&shareRedId=ODoyOUk7R0w2NzUyOTgwNjczOThKPTxA&apptime=1737108299&share_id=84a46b7ed94449cf9a91a58f3831121d,New friends,,,自产笔记,合集,,,
678a3807000000001903273f,新年海吃安全感！快在快递停运前囤起来吧~,https://www.xiaohongshu.com/explore/678a344200000000160327fe?app_platform=android&ignoreEngage=true&app_version=8.68.0&share_from_user_hidden=true&xsec_source=app_share&type=normal&noteAttributes=goods&xsec_token=CBIl6F6NCbRBhPCU41rEjt-a8ezOxtTlDL0T7gGeD9acs=&author_share=1&xhsshare=QQ&shareRedId=ODw3Qzo1OU42NzUyOTgwNjY6OTc4STlO&apptime=1737110639&share_id=a7985bef3f5d430e83215a0a914c02b9,快在快,,,自产笔记,仙女冻,,,
678d0ca0000000001b009788,这内服是真懂黄黑皮，素颜好像擦粉了！,https://www.xiaohongshu.com/explore/678a3807000000001903273f?xsec_token=ABp1MdPk8Q_AGxxxESrjfxTTMrubp79hE-EHrZ6cOrdPc=&xsec_source=pc_user,好像擦,,,自产笔记,白肌饮,,,
67875149000000001b008dc0,172/54kg为了好身材 狠人减肥一天干点啥,https://www.xiaohongshu.com/explore/678d0ca0000000001b009788?xsec_token=AB9LXY_nrkIM8rNhnw41b-PjLorPnODnLRbMwmqL8awqc=&xsec_source=pc_user,狠人减,,,自产笔记,7D驱动饮,,,
678a26320000000016036242,28+姐妹闭眼抄！高回报护肤品看这一篇就够,https://www.xiaohongshu.com/explore/67875149000000001b008dc0?xsec_token=AB3T1lhIyvmuHORd09sALiBSyljV9bw70ba6_IDFUS43Q=&xsec_source=pc_user&source=web_user_page,抄高回,,,自产笔记,合集,,,
678dca60000000001b00a641,抗糖k老双保险，肌肤状态悄悄逆袭！,https://www.xiaohongshu.com/explore/678a26320000000016036242?app_platform=android&ignoreEngage=true&app_version=8.68.0&share_from_user_hidden=true&xsec_source=app_share&type=normal&noteAttributes=goods&xsec_token=CBIl6F6NCbRBhPCU41rEjt-VMYIgo8xm9BxsIsyoe0Mzg=&author_share=1&xhsshare=QQ&shareRedId=ODw3Qzo1OU42NzUyOTgwNjY6OTc4STlO&apptime=1737107012&share_id=3cc04d7f1910422781dad714f12e0f72,K老双,,,自产笔记,X白组合,,,
678eec07000000001800c44f,28+高效抗衰提亮！还得是晓姿补光灯CP！,https://www.xiaohongshu.com/explore/678dca60000000001b00a641?app_platform=android&ignoreEngage=true&app_version=8.69.1&share_from_user_hidden=true&xsec_source=app_share&type=video&noteAttributes=goods&xsec_token=CBi-9ldNpA46JewJ1pi9TumyNnxRfZrZMt3Unrs4aksMk=&author_share=1&xhsshare=QQ&shareRedId=Nz9FREg4RkJKSTdHPzgyP0c8QktFNzc9&apptime=1737345639&share_id=2637a699cb574527a99a0da8fa34a078&share_channel=qq,提高还得,,,自产笔记,X白组合,,,
678f511d000000001801a49f,拯救甜食党的糖化脸！新年不做黄黑皮??,https://www.xiaohongshu.com/explore/678eec07000000001800c44f?xsec_token=ABCyi1O1hszqhXTXrU1C-5uU6X0fDRxKSP7qQKyxDfVTA=&xsec_source=pc_user,脸新年,,,自产笔记,AGX抗糖饮,,,
678f5eff0000000018011276,过年狂炫攻略！碳糖油腻全走开！,https://www.xiaohongshu.com/explore/678f511d000000001801a49f?xsec_token=ABSFlIp37TJOI_A-hjUfwDdzXdJS8Gc7J-yAxyjV8Fa64=&xsec_source=pc_user,油腻全,,,自产笔记,仙女冻,,,
67904b620000000018013546,高段位嫩脸局 这俩组合内养提亮太猛啦,https://www.xiaohongshu.com/explore/678f5eff0000000018011276?xsec_token=ABS2NAciQlo_DuZPYp7RgAFcOsnG-tovnLs4YHhRHmPxE=&xsec_source=pc_user,局这俩,,,自产笔记,X白组合,,,
679054230000000018012b3e,保养的意义不是换头！而是高级贵气感,https://www.xiaohongshu.com/explore/67904b620000000018013546?app_platform=android&ignoreEngage=true&app_version=8.69.1&share_from_user_hidden=true&xsec_source=app_share&type=normal&noteAttributes=goods&xsec_token=CBJnH7oE3swo6pXcXCMyC4uEQ4G60ZibKyWjThX_HfV3k=&author_share=1&xhsshare=QQ&shareRedId=Nz9FREg4RkJKSTdHPzgyP0c8QktFNzc9&apptime=1737509735&share_id=e0da0b3bef3e4d20ae0b763c871112b7&share_channel=qq,换头而,,,自产笔记,X白组合,,,
6790cb5600000000290094b2,祝绪丹同款眼膜！有好东西她是真分享！,https://www.xiaohongshu.com/explore/679054230000000018012b3e?xsec_token=ABso6z7c0sm11lQ8Md80bKZ-WnL62dQWFjC8xa-WP-30I=&xsec_source=pc_user,祝绪丹28,,,自产笔记,金字塔眼膜,,,
6790c83a0000000029013410,挖到了！女明星眼部保养的秘密！,https://www.xiaohongshu.com/explore/6790cb5600000000290094b2?xsec_token=AB7IDt1LfshLudeRBR3wqy6tz5B98H-2OoLWYVAxcUjr0=&xsec_source=pc_user,祝绪丹29,,,自产笔记,金字塔眼膜,,,
6790c96400000000290175ab,嫩飞了!跟着祝绪丹保养真没错!,https://www.xiaohongshu.com/explore/6790c83a0000000029013410?xsec_token=AB5dFtS_Bf1odZyrm-uvj5e-rcbEAWgvQUrgJVfiX0OrU=&xsec_source=pc_user,祝绪丹30,,,自产笔记,金字塔眼膜,,,
6790cf300000000029025507,高效抗老抄近道，一键开启素颜冻龄模式！,https://www.xiaohongshu.com/explore/6790c96400000000290175ab?xsec_token=AB5dFtS_Bf1odZyrm-uvj5e0Irq73awZB0Q--n0svO7m4=&xsec_source=pc_user,近道一键,,,自产笔记,AGT粉钻面膜,,,
6790cd65000000002900e5c8,嫩眼直接开挂！祝绪丹你别太会安利！,https://www.xiaohongshu.com/explore/6790cf300000000029025507?xsec_token=ABDCafdRJuFhDZA7NyHVBpt9dbvkFdiVaXqq6vSU00Q5E=&xsec_source=pc_user,祝绪丹31,,,自产笔记,金字塔眼膜,,,
6790e71f000000002902e26b,跟着祝绪丹打卡！熬大夜也丑不了一点啊！,https://www.xiaohongshu.com/explore/6790cd65000000002900e5c8?xsec_token=ABnh6ZZz-qIJFs3M8qaNIz5qUEBBFK3HkjjycwVBoX2aA=&xsec_source=pc_user,祝绪丹32,,,自产笔记,AGT粉钻精华,,,
6.79058E+23,新年开局和冷皮锁死！进入黄金冬季倒计时！,https://www.xiaohongshu.com/explore/6790e71f000000002902e26b?app_platform=android&ignoreEngage=true&app_version=8.69.3&share_from_user_hidden=true&xsec_source=app_share&type=normal&noteAttributes=goods&xsec_token=CBvWbDAU3gDwmPcjwQqmfRAfiA2gpGihvjUkBj0H8FCQ4=&author_share=1&xhsshare=QQ&shareRedId=ODw3Qzo1OU42NzUyOTgwNjY6OTc4STlO&apptime=1737549609&share_id=40c7d635465e490f834d6fecae232a06&share_channel=qq,锁死进,,,自产笔记,白肌饮,,,
67919380000000002901eb9a,还得是祝绪丹同款啊！脸嫩的像换了张皮！,https://www.xiaohongshu.com/explore/679058310000000018018938?xsec_token=ABDKwdQDKFWMpf7TThaO5pnMlf3fqB5t_cpyEMIo89aWg=&xsec_source=pc_user,祝绪丹33,,,自产笔记,AGT粉钻精华,,,
6791a229000000001801836a,氧化危“肌”自救局！肤色直接next level！,https://www.xiaohongshu.com/explore/67919380000000002901eb9a?xsec_token=ABrDC7D-HbL99YyTiFMwQ0xIhSqKuEdMjCW4UMp8Yk1zA=&xsec_source=pc_user,氧化危,,,自产笔记,白肌饮,,,
6791e3f800000000290319d7,高回报嘭弹嫩肤搭子！用一次惊艳一次！,https://www.xiaohongshu.com/explore/6791a229000000001801836a?xsec_token=AB46KROlkrG8Z-H1jHOL52wo_So7timye49wKfi5JmU9o=&xsec_source=pc_like,惊艳一次,,,自产笔记,AGT精华+面膜,,,
6791ec3a000000001801b3dd,摆脱姨味，中年保持少女感的关键秘?,https://www.xiaohongshu.com/explore/6791e3f800000000290319d7?xsec_token=ABfOVMArFHiHVw3Mbrn6bhTSZ8ulANzP5yeQTB94TE0eg=&xsec_source=pc_user,味中年,,,自产笔记,X白组合,,,
6791f3480000000017039610,奚梦瑶素颜秘密大公开秘?抗糖很关键??,https://www.xiaohongshu.com/explore/6791ec3a000000001801b3dd?app_platform=android&ignoreEngage=true&app_version=8.69.1&share_from_user_hidden=true&xsec_source=app_share&type=normal&noteAttributes=goods&xsec_token=CBVn5yiJ8Xe-206DJXIc8Tk0h-BwHJX_bocCmCFN0AHUQ=&author_share=1&xhsshare=QQ&shareRedId=Nz9FREg4RkJKSTdHPzgyP0c8QktFNzc9&apptime=1737616570&share_id=712cb27085964b9fa5c5572c001b8d90&share_channel=qq,奚梦瑶29,,,自产笔记,AGX抗糖饮,,,
6791f82e0000000018018c33,跟着奚梦瑶学抗糖！！Get素颜少女肌！,https://www.xiaohongshu.com/explore/6791f3480000000017039610?xsec_token=ABftewrCGPsIjLTyxi4LRJRaVXkfarQZufAEZVprPMfa4=&xsec_source=pc_user,奚梦瑶30,,,自产笔记,AGX抗糖饮,,,
6791b2d40000000018004814,内服抗糖一小步，新年美丽一大步！,https://www.xiaohongshu.com/explore/6791f82e0000000018018c33?xsec_token=ABExyMJz7_uUkvcq5uIZ3QTdxSm4VJXCXO41aQJfSI2yo=&xsec_source=pc_collect,丽一大,,,自产笔记,AGX抗糖饮,,,
6791b4ea00000000180056ac,直球式补胶原+抗糖，才是肌肤扛老的尽头！,https://www.xiaohongshu.com/explore/6791b2d40000000018004814?app_platform=android&ignoreEngage=true&app_version=8.69.1&share_from_user_hidden=true&xsec_source=app_share&type=video&noteAttributes=goods&xsec_token=CBVn5yiJ8Xe-206DJXIc8Tk-5GnsNy39N9_E3Zgr2Mit0=&author_share=1&xhsshare=QQ&shareRedId=Nz9FREg4RkJKSTdHPzgyP0c8QktFNzc9&apptime=1737601755&share_id=8bf1d47e2e7546f0a3398fb02ce90c46&share_channel=qq,扛老的,,,自产笔记,7D驱动饮+AGX,,,
6792125d00000000290329fa,熟龄肌抗老不玩虚的！素颜怼脸拍都不怕~,https://www.xiaohongshu.com/explore/6791b4ea00000000180056ac?app_platform=android&ignoreEngage=true&app_version=8.69.1&share_from_user_hidden=true&xsec_source=app_share&type=normal&noteAttributes=goods&xsec_token=CBVn5yiJ8Xe-206DJXIc8TkxAGDJhunlDnPIUpfjqrLJA=&author_share=1&xhsshare=QQ&shareRedId=Nz9FREg4RkJKSTdHPzgyP0c8QktFNzc9&apptime=1737604358&share_id=2bbaf0e81b7c408b82f1bf03494f6d3c&share_channel=qq,脸拍都,,,自产笔记,AGT精华+面膜,,,
67921626000000001902d9b0,新年突击变美！内调养肤亲测真的有用,https://www.xiaohongshu.com/explore/6792125d00000000290329fa?xsec_token=ABL30hxK2UlDvGk7skfEnuSqTn4EXvBT-2kAJ7Lrh6cas=&xsec_source=pc_user,美内调,,,自产笔记,白肌饮,,,
6791ee6a000000001800d5c3,越素越有杀伤力！晓姿AGX抗糖饮的实力！,https://www.xiaohongshu.com/explore/67921626000000001902d9b0?app_platform=android&ignoreEngage=true&app_version=8.69.1&share_from_user_hidden=true&xsec_source=app_share&type=video&noteAttributes=goods&xsec_token=CBeWl30RhTGGKp4ItrQZzJ1j3vcDlf7cmOyafVbPSHerE=&author_share=1&xhsshare=QQ&shareRedId=Nz9FREg4RkJKSTdHPzgyP0c8QktFNzc9&apptime=1737627181&share_id=b7c8f4c3c3a94099a31721e9da7eb6bb&share_channel=qq,糖饮的,,,自产笔记,AGX抗糖饮,,,
67921e23000000001800fe41,2D干瘪脸变身7D嘭弹脸！胶原快充瓶！,越素越有杀伤力！晓姿AGX抗糖饮的实力！ - 小红书,快充瓶,,,自产笔记,7D驱动饮,,,
679221b800000000180186eb,养护卵巢=美貌翻倍，美丽捷径拿捏住！,https://www.xiaohongshu.com/explore/67921e23000000001800fe41?xsec_token=ABwSqF1kv8ZAEW4n47wVdDt0JO4xUEimGhw0ch0oRi0Bk=&xsec_source=pc_user,卵巢翻,,,自产笔记,软糖,,,
6792229000000000180064a0,28+也能做“没吃过苦”的少女，嫩翻了,https://www.xiaohongshu.com/explore/679221b800000000180186eb?xsec_token=ABwSqF1kv8ZAEW4n47wVdDt9tJTFPUQPldPWMVA2R2HL4=&xsec_source=pc_user,女嫩翻,,,自产笔记,AGX抗糖饮,,,
6792e88d00000000180085f0,肌肤焕亮的秘密秘? Get冷皮从内服开始,https://www.xiaohongshu.com/explore/6792229000000000180064a0?xsec_token=ABwSqF1kv8ZAEW4n47wVdDtxZnbJoYsXHFm79ZokL9grU=&xsec_source=pc_user,Get冷皮,,,自产笔记,白肌饮,,,
6791f2d5000000002a0037f0,强烈安利！贵妇用的眼膜，细纹黑眼圈眼袋88,https://www.xiaohongshu.com/explore/6792e88d00000000180085f0?app_platform=android&ignoreEngage=true&app_version=8.69.1&share_from_user_hidden=true&xsec_source=app_share&type=video&noteAttributes=goods&xsec_token=CBeWl30RhTGGKp4ItrQZzJ1rkRzh1hxAEFHbyLxcb9OOU=&author_share=1&xhsshare=QQ&shareRedId=Nz9FREg4RkJKSTdHPzgyP0c8QktFNzc9&apptime=1737681047&share_id=e7eda4bdc2e842e1a27e8d4b7498b8f8&share_channel=qq,安利贵,,,自产笔记,金字塔眼膜,,,
67933109000000002900e4c7,熬夜垮眼人快码住！速回少女嫩亮眼?,https://www.xiaohongshu.com/explore/6791f2d5000000002a0037f0?xsec_token=WB36ooIJ5PAr6Ox0aOwvTKzemiTzvQk9onjDHHMoz3AcE=&xsec_source=pc_wind,码住速回,,,自产笔记,金字塔眼膜,,,
679335f3000000002a003bdb,贵妇抗老届全线测评??无平替的院线护肤！,https://www.xiaohongshu.com/explore/67933109000000002900e4c7?xsec_token=ABnChZULMFGQ-MJTeWYPuSf3PuWyUUXQQip6z1MBaBv-4=&xsec_source=pc_user,测评无,,,自产笔记,美护合集,,,
67934c700000000029015084,抗老别乱套公式，直接磕这个官配CP！,https://www.xiaohongshu.com/explore/679335f3000000002a003bdb?xsec_token=ABNLv3cXjXOV6lWUqCZqt8L3nEjjAKeJCk8Ra2YFv8PSQ=&xsec_source=pc_user,公式直,,,自产笔记,AGT精华+面膜,,,
67935a81000000001800d858,内调养卵巢攻略！超长花期的秘密在这,https://www.xiaohongshu.com/explore/67934c700000000029015084?app_platform=android&ignoreEngage=true&app_version=8.69.3&share_from_user_hidden=true&xsec_source=app_share&type=video&noteAttributes=goods&xsec_token=CBsW6OLRbiVPDS5rorwjsLwhtzKFbmVMN0URqkmTsskkg=&author_share=1&xhsshare=QQ&shareRedId=ODw3Qzo1OU42NzUyOTgwNjY6OTc4STlO&apptime=1737706749&share_id=a1b5d6a4188c407fa366723d121cc25b&share_channel=qq,调养卵,,,自产笔记,软糖,,,
67935cae00000000170387fe,控糖的正确打开方式！在家也能变美！,https://www.xiaohongshu.com/explore/67935a81000000001800d858?app_platform=android&ignoreEngage=true&app_version=8.69.5&share_from_user_hidden=true&xsec_source=app_share&type=video&noteAttributes=goods&xsec_token=CBu8io9N229dUlfDBHNN4JT2zfRO6l_EOAbh2h56w-rgk=&author_share=1&xhsshare=QQ&shareRedId=Nz9FREg4RkJKSTdHPzgyP0c8QktFNzc9&apptime=1737710213&share_id=7d549cb9d3bf4ea1bdac90aa57254f14&share_channel=qq,方式在家,,,自产笔记,AGX抗糖饮,,,
67933726000000002902e4be,女明星同款！一套解决眼周肌肤问题,https://www.xiaohongshu.com/explore/67935cae00000000170387fe?xsec_token=ABPut0qpMUFVn4KWNxjCvTEZu45BhYg-DhoUq0A57H3JE=&xsec_source=pc_user,决眼周,,,自产笔记,金字塔眼膜,,,
6791f4930000000018009f9b,28+抗糖保养！抗糖≠戒糖也能拥有美丽！,https://www.xiaohongshu.com/explore/67933726000000002902e4be?xsec_token=ABZzQJ4zFhB0UeyX9ni4QyJGPgKtPz74CVYYCVDelIxdM=&xsec_source=pc_user,奚梦瑶31,,,自产笔记,AGX抗糖饮,,,
67a57e47000000001801a7c4,坚持抗糖+补胶原，脸嫩到感人！,https://www.xiaohongshu.com/explore/6791f4930000000018009f9b?app_platform=android&ignoreEngage=true&app_version=8.69.1&share_from_user_hidden=true&xsec_source=app_share&type=normal&noteAttributes=goods&xsec_token=CBVn5yiJ8Xe-206DJXIc8Tk3lJvlKxcRXif163F0ndkkM=&author_share=1&xhsshare=QQ&shareRedId=Nz9FREg4RkJKSTdHPzgyP0c8QktFNzc9&apptime=1737618602&share_id=044a7b131bfe4881bce8d2e6179de52a&share_channel=qq,胶原脸嫩,,,自产笔记,7D驱动饮+AGX,,,
67a5e9af000000001800e3a5,拿糖化脸没招？那就试试内服嫩肤这招！！,https://www.xiaohongshu.com/explore/67a57e47000000001801a7c4?xsec_token=ABxHfo5o-sw6UqWqsSmaFoJnL8NfCNA6-Jadeo1y0Rj-I=&xsec_source=pc_user,没招那就,,,自产笔记,AGX抗糖饮,,,
67a6af60000000002a0020e1,抗老就选这对CP 和嘭弹透嫩肌来个双向奔赴,https://www.xiaohongshu.com/explore/67a5e9af000000001800e3a5?app_platform=android&ignoreEngage=true&app_version=8.69.5&share_from_user_hidden=true&xsec_source=app_share&type=video&noteAttributes=goods&xsec_token=CB88kak6WXQgI8D1yprWrqtEaNyM1U3T0qcYCDWLy7yRs=&author_share=1&xhsshare=QQ&shareRedId=Nz9FREg4RkJKSTdHPzgyP0c8QktFNzc9&apptime=1738926523&share_id=a0fa8470bee4402db9e4d894aeea99fb&share_channel=qq,来个双向,,,自产笔记,AGT精华+面膜,,,
67a6b6780000000028036948,不怕老的直接划走！这面膜省去万元美美项目,https://www.xiaohongshu.com/explore/67a6af60000000002a0020e1?xsec_token=AB5eWm6AkHog2eZjF1ttwbdfDFxMPPPz3FJXDbx5GSxTs=&xsec_source=pc_user,万元美,,,自产笔记,AGT粉钻面膜,,,
67a6d3b2000000002a00f43e,2025直接“换脸”！就因为学会了祝绪丹的三,https://www.xiaohongshu.com/explore/67a6b6780000000028036948?xsec_token=ABIZntrID66nA_EYUSHKxL3MkRxLKpT65NWeuS3DMhobI=&xsec_source=pc_user,祝绪丹34,,,自产笔记,AGT粉钻精华,,,
67a6d872000000001701c548,黄黑大恩人 快来抓住春季养肤的黄金期！,2025直接“换脸”！就因为学会了祝绪丹的三 - 小红书,恩人快来,,,自产笔记,白肌饮,,,
67a6fd71000000002902eb39,25+眼周危机大爆发？眼周垮=颜值崩塌！,https://www.xiaohongshu.com/explore/67a6d872000000001701c548?app_platform=android&ignoreEngage=true&app_version=8.69.5&share_from_user_hidden=true&xsec_source=app_share&type=normal&xsec_token=CBFP9-oLtfoa-ouWhwy1nu34tacgKwJXj2Voi9f1YPeMs=&author_share=1&xhsshare=QQ&shareRedId=Nz9FREg4RkJKSTdHPzgyP0c8QktFNzc9&apptime=1738987640&share_id=1e2fb52b2d8543489a17d45e78bf9da3&share_channel=qq,祝绪丹35,,,自产笔记,金字塔眼膜,,,
67a70870000000002a00de76,鲨疯了！这眼膜一贴嫩过初恋~,https://www.xiaohongshu.com/explore/67a6fd71000000002902eb39?xsec_token=ABbXsrfr4puV-zTiGznsDD3YplsnPWW4EC3uCwc02kwts=&xsec_source=pc_user,过初恋,,,自产笔记,金字塔眼膜,,,
67a70c760000000018010717,熟龄肌急需！全方位掌握贵气感,https://www.xiaohongshu.com/explore/67a70870000000002a00de76?xsec_token=AB5E5LvEwCSTe2JnJcHBGJlKHPwBxKJ6ogOzGLqQWIAPk=&xsec_source=pc_user,掌握贵气,,,自产笔记,X白组合,,,
67a72732000000002902829f,30+保持美丽的秘密！三抗抗老缺一不可！,https://www.xiaohongshu.com/explore/67a70c760000000018010717?xsec_token=AB6q3OrSvFzNNOi4aAwdmX8sU6cAxcaMdF670RbvnsOUM=&xsec_source=pc_user,一不可,,,自产笔记,AGT精华+面膜,,,
67a732f70000000018008087,女明星真的好会喝！无龄感狠狠拿捏了！,https://www.xiaohongshu.com/explore/67a72732000000002902829f?app_platform=android&ignoreEngage=true&app_version=8.69.3&share_from_user_hidden=true&xsec_source=app_share&type=normal&noteAttributes=goods&xsec_token=CBK4nPNDyZsNF4Kw1EHvXXygM7eNYiDVUJtD6J95KYdLk=&author_share=1&xhsshare=QQ&shareRedId=ODw3Qzo1OU42NzUyOTgwNjY6OTc4STlO&apptime=1739007807&share_id=da805e7cc3c54b0f97706ad44a5bbd54&share_channel=qq,奚梦瑶32,,,自产笔记,AGX抗糖饮,,,
67a73ac0000000001800ee60,奚梦瑶保养好物分享，30+美出新高度的秘?,https://www.xiaohongshu.com/explore/67a732f70000000018008087?app_platform=android&ignoreEngage=true&app_version=8.69.5&share_from_user_hidden=true&xsec_source=app_share&type=normal&noteAttributes=goods&xsec_token=CBFij8iYyxsChkU8BryeO_Sn7peapbw4UkwhvfkYJ4tWc=&author_share=1&xhsshare=QQ&shareRedId=Nz9FREg4RkJKSTdHPzgyP0c8QktFNzc9&apptime=1739010826&share_id=02f0aa97721244aaba5b59a2f3d7b3f9&share_channel=qq,奚梦瑶33,,,自产笔记,AGX抗糖饮,,,
67a87135000000001701e3d6,肉肉女生集合！25年逆袭清单必须有它！,奚梦瑶保养好物分享，30+美出新高度的秘? - 小红书,单必须,,,自产笔记,仙女冻,,,
67a72ce500000000180044ea,像肤色焦虑说NO！拿捏美女同款冷皮！,肉肉女生集合！25年逆袭清单必须有它！ - 小红书,NO拿捏,,,自产笔记,白肌饮,,,
67a9586600000000290391dc,回购3次K老眼膜，眼嫩才是真减龄！,https://www.xiaohongshu.com/explore/67a72ce500000000180044ea?xsec_token=ABwP91ojE-mBfklcOoXpjbv-_yGe2nOLie5huXEJhlki4=&xsec_source=pc_user,老眼膜,,,自产笔记,金字塔眼膜,,,
67a9a1bf000000001701d607,去糖化脸=去姨味！终于悟了少女感的秘密,https://www.xiaohongshu.com/explore/67a9586600000000290391dc?app_platform=android&ignoreEngage=true&app_version=8.69.3&share_from_user_hidden=true&xsec_source=app_share&type=normal&noteAttributes=goods&xsec_token=CB26kdYYV3TmXij-9_6d2_UZFsIhtKTA2fNIFkSH0cNMM=&author_share=1&xhsshare=QQ&shareRedId=ODw3Qzo1OU42NzUyOTgwNjY6OTc4STlO&apptime=1739151468&share_id=175fdfc30dce46dbb5b9c0cff7767954&share_channel=qq,味终于,,,自产笔记,AGX抗糖饮,,,
67ab0faa0000000018010d1b,抓住产后黄金修护期！28+妈妈拒绝累老丑！,去糖化脸=去姨味！终于悟了少女感的秘密 - 小红书,累老丑,,,自产笔记,X白组合,,,
67ab1b39000000001701d466,do脸抗衰显假？选对方法！Get高级紧致小脸,https://www.xiaohongshu.com/explore/67ab0faa0000000018010d1b?app_platform=android&ignoreEngage=true&app_version=8.69.5&share_from_user_hidden=true&xsec_source=app_share&type=normal&noteAttributes=goods&xsec_token=CBKzjaXDQd0U868C0t_8ztNoUoTeqxjKPqq1sgjTkiee0=&author_share=1&xhsshare=QQ&shareRedId=Nz9FREg4RkJKSTdHPzgyP0c8QktFNzc9&apptime=1739264097&share_id=04d4c26f93d94399bea40978ec3c1f7d&share_channel=qq,显假选,,,自产笔记,AGX抗糖饮,,,
67abfa530000000029019d71,告别无效抗老，熟龄肌小脸也能又紧又嫩,https://www.xiaohongshu.com/explore/67ab1b39000000001701d466?xsec_token=ABK7GjgUuqchP4KrciC-maxzfWEqj_CQWMK0xETY_LOkI=&xsec_source=pc_user,肌小脸,,,自产笔记,AGT粉钻精华,,,
67ac3eb50000000017039d03,替你们试过了！晓姿白肌饮升级版真的鲨疯了,https://www.xiaohongshu.com/explore/67abfa530000000029019d71?xsec_token=ABMMB1NdbHYDmOdCT2M1_o6rFwfPBaHgyJpSAiMbWHGcs=&xsec_source=pc_user,真的鲨,,,自产笔记,光感白肌饮,,,
67ac46b80000000018009f21,好皮肤的尽头是内服！这对黄金cp封神了！,https://www.xiaohongshu.com/explore/67ac3eb50000000017039d03?xsec_token=ABYeowpN5LJh1RxH98J51aoyDC5f7T2ZM4F9222hq_j1I=&xsec_source=pc_user,黄金CP,,,自产笔记,X白组合,,,
67ac40e0000000001800dd1a,革新升级｜晓姿光感白肌饮凭实力出圈！,https://www.xiaohongshu.com/explore/67ac46b80000000018009f21?xsec_token=ABZ4wUHCSDsNsWqBjiEOABBWMEXzUzR-tf_K4UYGuWcvg=&xsec_source=pc_user,饮凭实,,,自产笔记,光感白肌饮,,,
67ac4e7c00000000180054e6,更适合黄黑皮的快乐水 素颜珍珠肌具象化！,https://www.xiaohongshu.com/explore/67ac40e0000000001800dd1a?xsec_token=ABxTaKkaw0DvIUEhl0xzBPYc_syrOv7z-1o3RtooU7MgI=&xsec_source=pc_user,水素颜,,,自产笔记,白肌饮,,,
67ac66ef000000001801816d,熟龄肌私藏的宝藏CP｜贵妇主打一个高端局,https://www.xiaohongshu.com/explore/67ac4e7c00000000180054e6?xsec_token=ABkFUDrtRxYoGfVowFWDkcS2LC-gtR8MwE4Oa8IXlYK-w=&xsec_source=pc_user,宝藏CP,,,自产笔记,X白组合,,,
67ad59be000000001703ac97,跟着超模学抗糖！脸真回春啦！！,https://www.xiaohongshu.com/explore/67ac66ef000000001801816d?app_platform=android&ignoreEngage=true&app_version=8.69.5&share_from_user_hidden=true&xsec_source=app_share&type=normal&noteAttributes=goods&xsec_token=CBT9V1cuiI0RSYw_31ba41rDdN46Hj5bKCUQsiJajK5uo=&author_share=1&xhsshare=QQ&shareRedId=Nz9FREg4RkJKSTdHPzgyP0c8QktFNzc9&apptime=1739351838&share_id=3abb7699062c4ae3b653ca8e65d4ad69&share_channel=qq,奚梦瑶34,,,自产笔记,AGX抗糖饮,,,
67ad6e750000000029025aa7,眼周全链路抗老！祝绪丹同款眼膜有点狠了,https://www.xiaohongshu.com/explore/67ad59be000000001703ac97?xsec_token=ABO3YrYBFz14j7ZZVWEkANZNRIKZDXD1QrjyXCW7wN1BY=&xsec_source=pc_user,祝绪丹36,,,自产笔记,金字塔眼膜,,,
67adc28a000000002900b74e,眼膜选对了，眼部状态直接开挂！,https://www.xiaohongshu.com/explore/67ad6e750000000029025aa7?app_platform=android&ignoreEngage=true&app_version=8.69.3&share_from_user_hidden=true&xsec_source=app_share&type=normal&noteAttributes=goods&xsec_token=CBQsi_wupr5agD-9MQ43nfxzz9iA3-MqNxUQXBj9Bjq-0=&author_share=1&xhsshare=QQ&shareRedId=ODw3Qzo1OU42NzUyOTgwNjY6OTc4STlO&apptime=1739419257&share_id=be01e4f136b6448490bab5ceb02caace&share_channel=qq,对了眼,,,自产笔记,冰美式眼膜,,,
67aeeef3000000001801aee8,扛老界的神=抗糖化+补胶原！打破瓶颈期,https://www.xiaohongshu.com/explore/67adc28a000000002900b74e?xsec_token=ABcaZYaVUTpKKZpA8ho2-cgjVmeCKMTYxbNx3i8hxmszY=&xsec_source=pc_user,化补胶,,,自产笔记,7D驱动饮+AGX,,,
67aef164000000002901bf4f,30+内调外养也能轻松驾驭！这内调绝了,https://www.xiaohongshu.com/explore/67aeeef3000000001801aee8?xsec_token=ABTMDxForLLsWHDazePHvJvNjEW-BNjMjvFCqNWj1AptU=&xsec_source=pc_user,驾驭这,,,自产笔记,AGX+粉钻面膜,,,
67af0e75000000002803ddc7,30+狠狠代入！硬核抗老冲进决赛圈~,https://www.xiaohongshu.com/explore/67aef164000000002901bf4f?app_platform=android&ignoreEngage=true&app_version=8.69.3&share_from_user_hidden=true&xsec_source=app_share&type=normal&noteAttributes=goods&xsec_token=CBQTC27RogBFvuRoyzxF8sCVVlJtWuftx7EsL2cb1c2TA=&author_share=1&xhsshare=QQ&shareRedId=ODw3Qzo1OU42NzUyOTgwNjY6OTc4STlO&apptime=1739518315&share_id=1a98bf9a0437478cbc77640f343f5b4a&share_channel=qq,冲进决,,,自产笔记,粉钻面膜,,,
67af104b00000000290270fd,晓姿抗老宝藏合集！好东西全在这了！,https://www.xiaohongshu.com/explore/67af0e75000000002803ddc7?xsec_token=ABBrXkB0ibjEjBEVJNn0lCZV5uge9_HaJ69ZxtLl-ERBE=&xsec_source=pc_user,全在这,,,自产笔记,AGT粉钻cp,,,
67b2890f000000001800960a,胶原流失一键暂停！内服开启素颜开挂模式,晓姿抗老宝藏合集！好东西全在这了！ - 小红书,暂停内服,,,自产笔记,7D驱动饮,,,
67b29279000000001801204d,抗糖=抗老！28+护肤的关键竟然是它！,https://www.xiaohongshu.com/explore/67b2890f000000001800960a?xsec_token=ABoru4gFr4x3vnft86HRZbpqXNa3labnaAEJC4katLefg=&xsec_source=pc_user&source=web_user_page,抗老+,,,自产笔记,AGX抗糖饮,,,
67b580dc000000002802b3aa,爆改眼周状态！星星眼养成就靠这眼膜,https://www.xiaohongshu.com/explore/67b29279000000001801204d?xsec_token=ABFgyeDDKcyAtVgWv8oJZtzRK0D301TqNLaVsBW00WwkQ=&xsec_source=pc_user,星星,,,自产笔记,金字塔眼膜,,,
67b594a8000000000603aadc,25+想要好皮肤！！一招选对，不花冤枉钱,https://www.xiaohongshu.com/explore/67b580dc000000002802b3aa?xsec_token=ABiq-fJWoJyoYuib85YVtvWe_Z-XD2KnI7NsQ3kSXmo8Q=&xsec_source=pc_user,一招选对,,,自产笔记,AGX抗糖饮,,,
67b5a613000000000903a8c8,抗老先抗糖！熬夜焦糖脸女孩看过来,https://www.xiaohongshu.com/explore/67b594a8000000000603aadc?xsec_token=ABdWH7v3XNjIzBImbKjHTbVJpY7jawPrS061NEjx2jm3s=&xsec_source=pc_user,脸女孩,,,自产笔记,AGX抗糖饮,,,
67b5aa16000000000903bf93,当我问deepseek如何保持身材……,https://www.xiaohongshu.com/explore/67b5a613000000000903a8c8?app_platform=android&ignoreEngage=true&app_version=8.70.0&share_from_user_hidden=true&xsec_source=app_share&type=video&noteAttributes=goods&xsec_token=CBR3BGEWnOA0hpYA9b-fw5IsSFDEmU-0B8m1bKHnFyU8g=&author_share=1&xhsshare=QQ&shareRedId=Nz9FREg4RkJKSTdHPzgyP0c8QktFNzc9&apptime=1739957782&share_id=888617854d714fffbd5c93755835b7bb&share_channel=qq,deepseek,,,自产笔记,仙女冻,,,
67b5afcb000000002a003655,贵妇抗老新思路！三抗协同，肌肤逆龄生长,https://www.xiaohongshu.com/explore/67b5aa16000000000903bf93?xsec_token=AB3GBMnSg9NhSXnbeFTFvr_6lOh24MQf5fyj5D-Nfm3p8=&xsec_source=pc_user,思路三,,,自产笔记,AGT精华+面膜,,,
67b5b8bb0000000029028073,祝绪丹进组都要带的眼膜！少女眼真的嫩,https://www.xiaohongshu.com/explore/67b5afcb000000002a003655?xsec_token=ABHrcWgM0VjAFvHK9mkhxsbdxiuiz7raSxGp5v0RPUfPk=&xsec_source=pc_user,祝绪丹38,,,自产笔记,金字塔眼膜,,,
67b5b581000000000d017b19,30天蜕变挑战！原来这些才是变美的窍门！,https://www.xiaohongshu.com/explore/67b5b8bb0000000029028073?xsec_token=AB2j_8732q52jPPFcehlTXirSDvlRcaMbUwKoBNtHYaVQ=&xsec_source=pc_user,蜕变挑战,,,自产笔记,仙女冻,,,
67b67f6c000000002902863f,眼膜这样敷！淡眼纹黑眼圈太猛了！！,https://www.xiaohongshu.com/explore/67b5b581000000000d017b19?app_platform=android&ignoreEngage=true&app_version=8.70.0&share_from_user_hidden=true&xsec_source=app_share&type=normal&noteAttributes=goods&xsec_token=CBR3BGEWnOA0hpYA9b-fw5IgJNF07_WASJwxuJTauDEt0=&author_share=1&xhsshare=QQ&shareRedId=Nz9FREg4RkJKSTdHPzgyP0c8QktFNzc9&apptime=1739961745&share_id=eea0c058658e44cbbbe423f299da4f0f&share_channel=qq,眼纹黑,,,自产笔记,金字塔眼膜,,,
67b68168000000002503e28c,抗衰不做无用功！这对抗老CP值得刻进DNA,https://www.xiaohongshu.com/explore/67b67f6c000000002902863f?xsec_token=ABOPSWTEotpmnnsFGwcSb7Ciec9QFLQWeU6ZrRyO9pA_Y=&xsec_source=pc_user,无用,,,自产笔记,AGT精华+面膜,,,
67b698d9000000002a00d7cb,抗老高端局！素颜重回透嫩饱满肌！,https://www.xiaohongshu.com/explore/67b68168000000002503e28c?xsec_token=ABt68gHZXfHPX-ZkmXqHnrF6vUe26SV-pRrRms34dEQC4=&xsec_source=pc_user,饱满肌,,,自产笔记,AGT粉钻面膜,,,
67b6e73a000000000d0161c7,有点小贵但真有用！糖化脸来！黄黑皮进！,https://www.xiaohongshu.com/explore/67b698d9000000002a00d7cb?xsec_token=ABiJL7gAMr4lOd_rWyAWO33dAXhpm9AqOJ09yuOj_pj-4=&xsec_source=pc_user,脸来黄,,,自产笔记,X白组合,,,
67b6fb4e000000000900e2b4,白白新革命！狙击黄气魔头教主又来了！,有点小贵但真有用！糖化脸来！黄黑皮进！ - 小红书,白白新,,,自产笔记,光感白肌饮,,,
67b6fc86000000000900ea1c,"狂补胶原！年龄焦虑？根本不存在
",https://www.xiaohongshu.com/explore/67b6fb4e000000000900e2b4?xsec_token=ABR-ZkDbv4UkO6r8PVIUuWwKbdqwlTWRhE6fhlP5eG1OE=&xsec_source=pc_user,存在,,,自产笔记,7D驱动饮,,,
67b703ed000000000d014730,晒不黑的秘密！发光肌养成计划！！,https://www.xiaohongshu.com/explore/67b6fc86000000000900ea1c?xsec_token=ABHRlLjkeBWQj6tlYp7gFt9_e6C3pxqrNusE7Ldw1agCQ=&xsec_source=pc_user,温暖的客栈1,,,自产笔记,光感白肌饮,,,
67b7d596000000000900f463,职场战士集合！你的眼睛正在交巨额工伤税…,https://www.xiaohongshu.com/explore/67b703ed000000000d014730?xsec_token=AB-qpXs80vXTQLjPXr1Krq6FHJgppC4C1ErgJ2peCH10M=&xsec_source=pc_user,工伤税,,,自产笔记,护眼丸,,,
67b7d282000000000d015a33,黄黑皮快醒醒！这个夏天逆袭冷皮！,https://www.xiaohongshu.com/explore/67b7d596000000000900f463?xsec_token=ABeOojeyXPigt8vU2Yiu_GC3JlnaYn9zfFJeqZJtA_jWM=&xsec_source=pc_user,醒醒,,,自产笔记,白肌饮,,,
67b7fa650000000003028e89,30还能少女感满满！还得是内调！,https://www.xiaohongshu.com/explore/67b7d282000000000d015a33?xsec_token=ABZ5ztprjN2cIfACVPYq6EsfMnj5BZ0oG591NUjiF7IjY=&xsec_source=pc_user,能少女,,,自产笔记,X白组合,,,
67b8224a000000002903c4f7,爆改垮脸后劲儿真大！跟着贵妇买果然有用！,https://www.xiaohongshu.com/explore/67b7fa650000000003028e89?share_from_user_hidden=true&xsec_source=app_share&type=normal&noteAttributes=goods&xsec_token=CBbChMeVsPANrwJRPqUgR1xac_kDAXHa6heBZYaYiY4d4=&author_share=1,贵妇买,,,自产笔记,AGT粉钻精华,,,
67b81d97000000000603cc41,晓姿内服逆龄天花板！28+女生抄作业时刻,https://www.xiaohongshu.com/explore/67b8224a000000002903c4f7?app_platform=android&ignoreEngage=true&app_version=8.70.0&share_from_user_hidden=true&xsec_source=app_share&type=video&noteAttributes=goods&xsec_token=CBWqHTEg4ynMdV6U8Pm9lepH5zawH5_YXryCyYhvxby9A=&author_share=1&xhsshare=CopyLink&shareRedId=ODw3Qzo1OU42NzUyOTgwNjY6OTc4STlO&apptime=1740120656&share_id=ae32f415d7b84de2a13a93b087ff13f4&share_channel=copy_link,业时刻,,,自产笔记,内服横测,,,
67b7eceb000000000603e5a0,30岁后美貌逆袭｜抗糖+降雄1年换头实录,https://www.xiaohongshu.com/explore/67b81d97000000000603cc41?app_platform=android&ignoreEngage=true&app_version=8.70.0&share_from_user_hidden=true&xsec_source=app_share&type=normal&noteAttributes=goods&xsec_token=CB6cDFN2lxeNEm-9la4_b5GpSro_yfgnZ2Nepn4Hqc8MA=&author_share=1&xhsshare=QQ&shareRedId=Nz9FREg4RkJKSTdHPzgyP0c8QktFNzc9&apptime=1740119475&share_id=a16c7d9cfe2148cab353f26a062df1c2&share_channel=qq,换头实,,,自产笔记,AGX+小粉果,,,
67b7d41b000000000602b46c,养巢后迎来爆发期，只有女生能懂的快乐,https://www.xiaohongshu.com/explore/67b7eceb000000000603e5a0?xsec_token=ABIpsIt51knIXvs5E5s2btVhiSl08VDFhW0YB6pq58zPw=&xsec_source=pc_user,来爆发,,,自产笔记,养雌小粉果,,,
67b82fb9000000000900e4a4,热辣先抗糖赢麻了！管不住嘴的有救了！,https://www.xiaohongshu.com/explore/67b7d41b000000000602b46c?app_platform=android&ignoreEngage=true&app_version=8.70.0&share_from_user_hidden=true&xsec_source=app_share&type=normal&noteAttributes=goods&xsec_token=CBugb8Hwu6S5bormuQO0NUS4BPqwhs_AGvI--E5nMTJvY=&author_share=1&xhsshare=QQ&shareRedId=Nz9FREg4RkJKSTdHPzgyP0c8QktFNzc9&apptime=1740100644&share_id=717fbd5e86074666a1cf4d3b177825ed&share_channel=qq,麻了管,,,自产笔记,AGX抗糖饮,,,
67b82ea5000000000602a779,跟着女明星抗糖 由内而外少女起来,https://www.xiaohongshu.com/explore/67b82fb9000000000900e4a4?xsec_token=ABWbuR2cAyk2reENSjwIL8Kxid8b2ZRzE7Foyoks01Jl8=&xsec_source=pc_user,而外少,,,自产笔记,AGX抗糖饮,,,
67b81f4e000000000b015ed2,美貌的尽头是养肝，春季护肝快上车！,https://www.xiaohongshu.com/explore/67b82ea5000000000602a779?xsec_token=ABBgqCXjy1l6B7aP2HlKZOim0eZt6UHAqfZfoVi-Szgw8=&xsec_source=pc_user,肝春季,,,自产笔记,护肝片,,,
67b853aa00000000290335dd,打开抗老新格局！三抗三补闭环式养肤！,https://www.xiaohongshu.com/explore/67b81f4e000000000b015ed2?xsec_token=AB82pLnaSE0SbWqHeUlzkOzgaemsQJTsN5ye_tvzINmcg=&xsec_source=pc_user,格局三,,,自产笔记,AGT精华+面膜,,,
67b869540000000009039f6d,28+贵妇的美丽底牌 长期漂亮是内调砸出来的,https://www.xiaohongshu.com/explore/67b853aa00000000290335dd?xsec_token=AB82pLnaSE0SbWqHeUlzkOzl2O2mLYspm4FgR8kh5BAE4=&xsec_source=pc_user,期漂亮,,,自产笔记,AGX+益生菌+仙女冻,,,
67b84b4d000000000b015845,暗沉封印解除术|快跟着贵妇抄作业！！,https://www.xiaohongshu.com/explore/67b869540000000009039f6d?app_platform=ios&app_version=8.69.4&share_from_user_hidden=true&xsec_source=app_share&type=normal&noteAttributes=goods&xsec_token=CBwAicZzcTNAIXrR-IgwLcyDpwujzmNR66q0QX1Wk9i-E=&author_share=1&xhsshare=CopyLink&shareRedId=N0s4Njc5SUo2NzUyOTgwNjY0OTdGPTlK&apptime=1740146491&share_id=54de1660362346f7ac36d8e3b1c03d62,暗沉封,,,自产笔记,白肌饮,,,
67be8a88000000001201c1ca,肤色自带柔光滤镜秘，这才是黄黑皮刚需呀！,https://www.xiaohongshu.com/explore/67b84b4d000000000b015845?xsec_token=ABROgUCupIBX__9a_V6i68HjuSZ-etbGQLF1Qmii4BIpU=&xsec_source=pc_user,光滤镜,,,自产笔记,白肌饮,,,
67be9e5b000000000e005a8e,28+贵妇回春术！戒不掉甜食的姐妹快来作弊,https://www.xiaohongshu.com/explore/67be8a88000000001201c1ca?app_platform=android&ignoreEngage=true&app_version=8.71.0&share_from_user_hidden=true&xsec_source=app_share&type=normal&noteAttributes=goods&xsec_token=CB7UE2e-qxCSEQniaO7EIWonNB56lKPvLMf3_9YPqY0-g=&author_share=1&xhsshare=QQ&shareRedId=Nz9FREg4RkJKSTdHPzgyP0c8QktFNzc9&apptime=1740540613&share_id=c8641bb70cc042f4b1c8eb6925f28972&share_channel=qq,春术戒,,,自产笔记,AGX抗糖饮,,,
67beb3750000000009014d21,抗糖狙击手上线！素颜直接激活逆龄外挂,https://www.xiaohongshu.com/explore/67be9e5b000000000e005a8e?app_platform=android&ignoreEngage=true&app_version=8.71.0&share_from_user_hidden=true&xsec_source=app_share&type=normal&xsec_token=CB7UE2e-qxCSEQniaO7EIWooOuKSN_Z0nFo7g42S-OJpA=&author_share=1&xhsshare=QQ&shareRedId=Nz9FREg4RkJKSTdHPzgyP0c8QktFNzc9&apptime=1740545631&share_id=d63281454f864134bbff5435f07811bf&share_channel=qq,激活逆,,,自产笔记,AGX抗糖饮,,,
67bebc60000000002900af27,长期囤！眼周年轻态的正确打开方式！,https://www.xiaohongshu.com/explore/67beb3750000000009014d21?xsec_token=ABR9GWufp3J_ZnpGUMJPxIggp9TCZFoua7dQmOdK_yQhE=&xsec_source=pc_user,周年轻,,,自产笔记,金字塔眼膜,,,
67bedf4e00000000290336e7,三抗抗老｜这面膜再垮的脸都能给你救回来,https://www.xiaohongshu.com/explore/67bebc60000000002900af27?xsec_token=AB_ox2Oq7WHsweKYlvzu18sNDrGefl4lVErkaBhufJ9u8=&xsec_source=pc_user,你救回,,,自产笔记,粉钻面膜,,,
67bfbeb20000000009014841,腰围报警器下岗！春天只做“杨柳腰”,三抗抗老｜这面膜再垮的脸都能给你救回来 - 小红书,杨柳腰,,,自产笔记,护肝片,,,
67bffa90000000001201e3ee,过年大吃大喝的痛，仙女冻帮你背！,https://www.xiaohongshu.com/explore/67bfbeb20000000009014841?xsec_token=AB3h_8c8G-SolvIB_fS5a7bxTbKKjuSO2b6JFmXwTLw0M=&xsec_source=pc_user,帮你背,,,自产笔记,仙女冻,,,
67c00ca9000000000603c0e6,贵妇级内服高定，30岁后迎来素颜钻光肌,https://www.xiaohongshu.com/explore/67bffa90000000001201e3ee?xsec_token=AB11BaVmtCkgMRksojyn018zTJzcpaHKTh_L1VDuLqVIw=&xsec_source=pc_user,高定30,,,自产笔记,X白组合,,,
67c019d6000000001201c745,KO糖化后 轻松实现了素颜自由！,https://www.xiaohongshu.com/explore/67c00ca9000000000603c0e6?xsec_token=AB6NAxOhVK-628Qo7UzKO4XZxIx2vRxc8H_lWPZCErA34=&xsec_source=pc_user,KO糖化,,,自产笔记,AGX抗糖饮,,,
67c01877000000002802babd,和饱满肌人生双向奔赴！抗老level被拔高了,https://www.xiaohongshu.com/explore/67c019d6000000001201c745?xsec_token=ABlQ4LdqJ2mcEX3zNuIwDerJJFAtJoaEGkSbJhBgcfKmQ=&xsec_source=pc_user,奔赴抗老,,,自产笔记,AGT精华+面膜,,,
67bfffe1000000000e0078fe,胶原+抗糖不偏科，才是好皮肤的作弊密码,https://www.xiaohongshu.com/explore/67c01877000000002802babd?xsec_token=ABYyo1Q2Js7Y32ZHQDh5U3HCYG8dER_adh7iJRuAyzc14=&xsec_source=pc_collect,不偏科,,,自产笔记,7D驱动饮+AGX,,,
67c11c0e000000000603d55a,眼睛清透像开滤镜！盯屏党狂囤的护眼黑科技,https://www.xiaohongshu.com/explore/67bfffe1000000000e0078fe?xsec_token=AB5gqdFKZqygp5Y-ENU5r1CWyCQO_8E2x8w_AqzeYpxEU=&xsec_source=pc_user,开滤镜,,,自产笔记,护眼丸,,,
67c11984000000001201c55a,美瞳党的续命护眼丸！润眼BUFF叠满的快乐～,https://www.xiaohongshu.com/explore/67c11c0e000000000603d55a?xsec_token=ABgf_yI_i1uxVFVgvEdWC-bUJDJ0wCBijKG_bKAAIC1QM=&xsec_source=pc_user,润眼,,,自产笔记,护眼丸,,,
67c124ff000000001201c059,贵妇圈开滤镜素颜秘?内服抗糖省去项目年卡,https://www.xiaohongshu.com/explore/67c11984000000001201c55a?xsec_token=ABWmXXORCz1bShh6eQrPS5l6nif3C9ZIhraW7Rvt2o1r4=&xsec_source=pc_user,去项目,,,自产笔记,AGX抗糖饮,,,
67c12e300000000006038749,30+姐系开挂｜糖化连夜卷铺盖,https://www.xiaohongshu.com/explore/67c124ff000000001201c059?xsec_token=ABnpNolqK882K0FWpoR7IbOjIW6CZ_luFI_a5hR8lfgDI=&xsec_source=pc_user,卷铺盖,,,自产笔记,AGX抗糖饮,,,
67c15475000000002803e002,38大促提前抢！晓姿抗老王炸组合粉钻CP来啦,https://www.xiaohongshu.com/explore/67c12e300000000006038749?app_platform=android&ignoreEngage=true&app_version=8.71.0&share_from_user_hidden=true&xsec_source=app_share&type=video&noteAttributes=goods&xsec_token=CBV4Pv3qFhql62q1HLPbHroowFGwO4jjO45o1Uo4xM2_c=&author_share=1&xhsshare=CopyLink&shareRedId=Nz9FREg4RkJKSTdHPzgyP0c8QktFNzc9&apptime=1740713723&share_id=aca1648db2574af7845570f79382bbfb&share_channel=copy_link,抢晓姿,,,自产笔记,AGT精华+面膜,,,
67c15ba4000000002602c37c,早C晚A过时了！黄气还得内御外修来拯救！,https://www.xiaohongshu.com/explore/67c15475000000002803e002?app_platform=android&ignoreEngage=true&app_version=8.71.0&share_from_user_hidden=true&xsec_source=app_share&type=normal&xsec_token=CBXnZHq1_P1Pn4FwElqkQQQOJnI0SLQBEWF39YcgHAsAE=&author_share=1&xhsshare=QQ&shareRedId=ODw3Qzo1OU42NzUyOTgwNjY6OTc4STlO&apptime=1740723324&share_id=bdb3f9601a6c43de8d4d54ae816fdefd&share_channel=qq,过时,,,自产笔记,AGX+粉钻面膜,,,
67c153c2000000000603bba3,明明在养肝，怎么美貌直冲上榜,https://www.xiaohongshu.com/explore/67c15ba4000000002602c37c?app_platform=android&ignoreEngage=true&app_version=8.71.0&share_from_user_hidden=true&xsec_source=app_share&type=normal&noteAttributes=goods&xsec_token=CBXnZHq1_P1Pn4FwElqkQQQJXEDqDN2cvo6CEMgUgiA1w=&author_share=1&xhsshare=QQ&shareRedId=ODw3Qzo1OU42NzUyOTgwNjY6OTc4STlO&apptime=1740725162&share_id=b1a42fa2e7cf49b7bb5b91ca87726684&share_channel=qq,直冲上,,,自产笔记,护肝片,,,
67c17bc0000000000e007fd1,全身焕亮新时代！女明星养肤好物大揭秘！,https://www.xiaohongshu.com/explore/67c153c2000000000603bba3?xsec_token=ABiIGeYPIVOmlqzR6bFFtapTh1p7ePlGVK6d-4jd7P3o8=&xsec_source=pc_user,颖儿1,,,自产笔记,光感白肌饮,,,
67c17de2000000000d0175e9,跟着颖儿学保养！自信露肤的秘密武器挖到了,https://www.xiaohongshu.com/explore/67c17bc0000000000e007fd1?xsec_token=AB-PDDapYEAEmQ-7BFzzq8vIUCd811n6EwydIjXvudbKY=&xsec_source=pc_user,颖儿2,,,自产笔记,光感白肌饮,,,
67c18151000000001203c8ef,颖儿的光感加速包 | 黄黑皮姐妹速抄作业！,https://www.xiaohongshu.com/explore/67c17de2000000000d0175e9?app_platform=android&ignoreEngage=true&app_version=8.71.0&share_from_user_hidden=true&xsec_source=app_share&type=video&noteAttributes=goods&xsec_token=CBV4Pv3qFhql62q1HLPbHroqR1PjiZDkY28guTV4WnEso=&author_share=1&xhsshare=QQ&shareRedId=Nz9FREg4RkJKSTdHPzgyP0c8QktFNzc9&apptime=1740733927&share_id=5476fe3b5da74994aa93936b2c51def9&share_channel=qq,颖儿3,,,自产笔记,光感白肌饮,,,
67c135ba000000002903beca,跟着贵妇拿捏三抗抗老！脸蛋又紧又嫩！,https://www.xiaohongshu.com/explore/67c18151000000001203c8ef?xsec_token=ABWmXXORCz1bShh6eQrPS5l70I9Hbuz6A6S1CD2SytFVA=&xsec_source=pc_user,抗抗老,,,自产笔记,AGT粉钻精华,,,
67c1993a000000001201f79a,妈生皮养成计划，皮肤通透的秘诀找到了！,https://www.xiaohongshu.com/explore/67c135ba000000002903beca?xsec_token=ABJieZT1TTmFQCy5EvcL1H6CZ4DwG4yjpfiEhN07f8jsg=&xsec_source=pc_user,成计划,,,自产笔记,X白组合,,,
67c194e7000000000d014213,熟龄肌抗老密码！比同龄人年轻的秘密武器！,https://www.xiaohongshu.com/explore/67c1993a000000001201f79a?xsec_token=AB-vXop3O-a3yVTEVbIv1L_rN8UpKz_sNjYlwKhG_9jSM=&xsec_source=pc_user,密码比,,,自产笔记,AGX+光感白肌饮,,,
67c5001c000000002902d62b,林允眼周护理大公开！眼纹党黑眼圈都来学！,https://www.xiaohongshu.com/explore/67c194e7000000000d014213?xsec_token=AB-vXop3O-a3yVTEVbIv1L_i2jsEMrFAzHjwc_YkRm2hU=&xsec_source=pc_user,林允1,,,自产笔记,金字塔眼膜,,,
67c5083f0000000029033401,黑眼圈+眼纹集体退！拿捏眼部反重力密码！,https://www.xiaohongshu.com/explore/67c5001c000000002902d62b?xsec_token=ABz7lwOd7rrXuD3SaqzO6AZpFHk6-6xg4nBAX2hLl0NzA=&xsec_source=pc_user,林允2,,,自产笔记,金字塔眼膜,,,
67c56e710000000009015d63,春季皮肤焕新黄金期?get冷皮的快乐！,https://www.xiaohongshu.com/explore/67c5083f0000000029033401?app_platform=android&ignoreEngage=true&app_version=8.72.0&share_from_user_hidden=true&xsec_source=app_share&type=normal&noteAttributes=goods&xsec_token=CBFMRqfvZrWX88vPSGZO2mU1hehvt8pp2yavms-owrbns=&author_share=1&xhsshare=QQ&shareRedId=ODw3Qzo1OU42NzUyOTgwNjY6OTc4STlO&apptime=1740965957&share_id=a1e8093363334d88ac7cb63663cf7e07&share_channel=qq,新黄金,,,自产笔记,白肌饮,,,
67c570a5000000000603e050,25+好皮肤秘诀！！贵妇内服直接抄作业,https://www.xiaohongshu.com/explore/67c56e710000000009015d63?xsec_token=ABl7VcXs7ARlRb1A1Z3wCNELUXCGVsx0QVMkh_BJYmBck=&xsec_source=pc_user,秘诀,,,自产笔记,AGX抗糖饮,,,
67c80ef9000000000602908c,糖化脸克星上线 这支早该进必囤清单！,https://www.xiaohongshu.com/explore/67c570a5000000000603e050?xsec_token=ABl7VcXs7ARlRb1A1Z3wCNEAoxWD1pNF9xFCKOMdOzWns=&xsec_source=pc_user,星上线,,,自产笔记,AGX抗糖饮,,,
67c8269d000000000d017e76,暗沉黄脸快来抄作业！get发光雪肌的秘密！,https://www.xiaohongshu.com/explore/67c80ef9000000000602908c?xsec_token=AB00LkxdCSSvTdls7r9wjp19FofLKNzfElLdPx6HVSvlg=&xsec_source=pc_user,温暖的客栈2,,,自产笔记,光感白肌饮,,,
67c80cb80000000007035730,黄黑皮刺客上线｜?全身牛奶肌真的可以实现,https://www.xiaohongshu.com/explore/67c8269d000000000d017e76?xsec_token=ABtAT2urtRllOogglII2OTXJELefsIh2B_oskZfirDxcs=&xsec_source=pc_user,温暖的客栈3,,,自产笔记,光感白肌饮,,,
67c8e965000000001201fc6c,戒不掉奶茶甜点？抗糖才是逆生长的必修课！,https://www.xiaohongshu.com/explore/67c80cb80000000007035730?xsec_token=ABMLnxIUUx7vuC-Z0DOGZ_JpDSC6uhun1YaYSPFby0pTI=&xsec_source=pc_user,甜点抗,,,自产笔记,AGX抗糖饮,,,
67c96ec6000000002503e1a7,黑眼圈橡皮擦！眼周年轻具象化了！,https://www.xiaohongshu.com/explore/67c8e965000000001201fc6c?xsec_token=ABlhYme9drjmYFh-NObqyaT59L9DBcSATLbmNDRMl4Yi0=&xsec_source=pc_user,橡皮擦,,,自产笔记,冰美式眼膜,,,
67ca42f8000000000e007785,贵妇护肤白砸钱？这份高效方案让你赢麻了！,https://www.xiaohongshu.com/explore/67c96ec6000000002503e1a7?app_platform=android&ignoreEngage=true&app_version=8.72.0&share_from_user_hidden=true&xsec_source=app_share&type=normal&noteAttributes=goods&xsec_token=CBdGPa38hFUrdOpOlYor65nZvz1fPIMGgTLNunM5qEcas=&author_share=1&xhsshare=QQ&shareRedId=ODw3Qzo1OU42NzUyOTgwNjY6OTc4STlO&apptime=1741254347&share_id=c78a5b73344742ad85522d2b1d25cb21&share_channel=qq,白砸钱,,,自产笔记,AGX+光感白肌饮,,,
67ca45eb0000000006038da4,谁说控糖难啊？这控糖实在太简单了！,https://www.xiaohongshu.com/explore/67ca42f8000000000e007785?app_platform=android&ignoreEngage=true&app_version=8.72.0&share_from_user_hidden=true&xsec_source=app_share&type=video&noteAttributes=goods&xsec_token=CBwn9_F3DIRtxcHOAHgBhC-7IpAehHZjHOSAaTW-LPEQ8=&author_share=1&xhsshare=QQ&shareRedId=Nz9FREg4RkJKSTdHPzgyP0c8QktFNzc9&apptime=1741308670&share_id=ce0bed4099f8495a9ae4bfeb3ebfde74&share_channel=qq,这控糖,,,自产笔记,AGX抗糖饮,,,
67c823ed000000000900cc77,揭秘女明星抗糖真相，打破保养信息差,https://www.xiaohongshu.com/explore/67ca45eb0000000006038da4?xsec_token=ABAobl-h3lB4zj-yJ_KluMKcjY0VON9zjUboqSv8fHOyk=&xsec_source=pc_user,糖真相,,,自产笔记,AGX抗糖饮,,,
67ca8a0c000000002a003269,眼周逆龄密码 解锁女明星同款“少女眼”,https://www.xiaohongshu.com/explore/67c823ed000000000900cc77?app_platform=android&ignoreEngage=true&app_version=8.72.0&share_from_user_hidden=true&xsec_source=app_share&type=normal&xsec_token=CBdFTIM8KneTKuvNjAmPG351SaFh_FuDZwHke7ymEGN_Y=&author_share=1&xhsshare=QQ&shareRedId=Nz9FREg4RkJKSTdHPzgyP0c8QktFNzc9&apptime=1741169648&share_id=93a5ce95d645468bb20e164307e294f1&share_channel=qq,林允3,,,自产笔记,金字塔眼膜,,,
67ca8fbd0000000006029078,黑黄皮的神！炫了这东西高光直接焊脸上！,https://www.xiaohongshu.com/explore/67ca8a0c000000002a003269?app_platform=android&ignoreEngage=true&app_version=8.72.0&share_from_user_hidden=true&xsec_source=app_share&type=normal&xsec_token=CBRJcy5W92DJNqKCp8g-JHFaCFYYhDXPqK-8jAhyT8u9Y=&author_share=1&xhsshare=QQ&shareRedId=ODw3Qzo1OU42NzUyOTgwNjY6OTc4STlO&apptime=1741326863&share_id=0470175ee3b7479ea1451944d0edc949&share_channel=qq,神炫了,,,自产笔记,白肌饮,,,
67ca895f00000000030292bd,刷到先自测！你是“糖化脸”还是“小黑皮”,https://www.xiaohongshu.com/explore/67ca8fbd0000000006029078?xsec_token=ABAobl-h3lB4zj-yJ_KluMKUC1I5Nw-CqNxMlrzIFtgho=&xsec_source=pc_user,小黑皮,,,自产笔记,AGX+光感白肌饮,,,
67ca8aca000000000b017e23,春夏露肤倒计时！光感肌从「内」开始养！,https://www.xiaohongshu.com/explore/67ca895f00000000030292bd?xsec_token=ABEBPpgeS199mP-LpnzIGabpMeJIJ79VZBlgGN0Tdp6zE=&xsec_source=pc_user,颖儿4,,,自产笔记,光感白肌饮,,,
67caa0c6000000000d015099,熟龄贵妇奢养内服合集！（真诚干货版）,https://www.xiaohongshu.com/explore/67ca8aca000000000b017e23?xsec_token=ABEBPpgeS199mP-LpnzIGabsnAgRpL8zTTNcyrthS1jI4=&xsec_source=pc_user,奢养内,,,自产笔记,合集,,,
67ca8d16000000000b014aa4,晓姿再放大招！颖儿同款透光肌秘诀大公开！,https://www.xiaohongshu.com/explore/67caa0c6000000000d015099?xsec_token=ABgB2ke6D261Qlb36DnfSXaOdGlVyvhZ5SD7mD2yDsqYg=&xsec_source=pc_user,颖儿5,,,自产笔记,光感白肌饮,,,
67caafa50000000007036114,产后颜值滑坡？补光灯CP助你重回颜值巅峰,https://www.xiaohongshu.com/explore/67ca8d16000000000b014aa4?app_platform=android&ignoreEngage=true&app_version=8.72.0&share_from_user_hidden=true&xsec_source=app_share&type=normal&noteAttributes=goods&xsec_token=CBwn9_F3DIRtxcHOAHgBhC-5RosQ8zzlhXP9SJ8qnAlnc=&author_share=1&xhsshare=QQ&shareRedId=Nz9FREg4RkJKSTdHPzgyP0c8QktFNzc9&apptime=1741327647&share_id=f165db1149914636a9d09cf6275f4579&share_channel=qq,滑坡补光,,,自产笔记,X白组合,,,
67caa538000000002a00d89f,28岁后眼周塌房?学林允给眼周焊在少女时代,https://www.xiaohongshu.com/explore/67caafa50000000007036114?app_platform=android&ignoreEngage=true&app_version=8.72.0&share_from_user_hidden=true&xsec_source=app_share&type=normal&noteAttributes=goods&xsec_token=CBwn9_F3DIRtxcHOAHgBhC-wtt9j8DlaWpvg8GkBJKckw=&author_share=1&xhsshare=QQ&shareRedId=Nz9FREg4RkJKSTdHPzgyP0c8QktFNzc9&apptime=1741336491&share_id=ea3dfcfd3b884c2ea55c00331fa736af&share_channel=qq,林允4,,,自产笔记,金字塔眼膜,,,
67cab2bf000000000603dfbe,《打工人の续眼术》眼睛喊疼的速来抄作业！,https://www.xiaohongshu.com/explore/67caa538000000002a00d89f?xsec_token=ABmDDx7M72M9Z1ZUGZEsvgWkryZvhks3xjnYrgKzexHSo=&xsec_source=pc_user,眼睛喊疼,,,自产笔记,护眼丸,,,
67cabb8f000000002901af39,熟龄肌听劝！这面膜真是抗老狠角色！,《打工人の续眼术》眼睛喊疼的速来抄作业！ - 小红书,肌听劝,,,自产笔记,AGT粉钻面膜,,,
67cac76d000000002a00f1bb,跟着林允解锁少女眼！别让眼睛出卖年龄!,https://www.xiaohongshu.com/explore/67cabb8f000000002901af39?xsec_token=ABnxb-XaoKGZg3EQK3GFWF_8UdqGsy5uQ5-JactrtJ6RM=&xsec_source=pc_user,林允5,,,自产笔记,金字塔眼膜,,,
67cacc84000000002902bf5c,28+别瞎护肤了！抗羰基化才是抗老尽头,https://www.xiaohongshu.com/explore/67cac76d000000002a00f1bb?xsec_token=ABTRq0qCRMGMjJTDLsnLsxjEspbxezDprb3Joy7HM_zCs=&xsec_source=pc_user,瞎护肤,,,自产笔记,AGT粉钻cp,,,
67cac9c7000000002a00fbc9,想get少女感好状态速来！买到就是赚到！,https://www.xiaohongshu.com/explore/67cacc84000000002902bf5c?app_platform=android&ignoreEngage=true&app_version=8.72.0&share_from_user_hidden=true&xsec_source=app_share&type=normal&noteAttributes=goods&xsec_token=CBRJcy5W92DJNqKCp8g-JHFbZoyjmu8tKu8_hDbcH__Gw=&author_share=1&xhsshare=QQ&shareRedId=ODw3Qzo1OU42NzUyOTgwNjY6OTc4STlO&apptime=1741343909&share_id=aed4a6147129478ab7ca7a144a8671b4&share_channel=qq,态速来,,,自产笔记,美护合集,,,
67ce3bf2000000000900d31e,奔三打工人的卵巢救星！内服养巢才是硬道理,https://www.xiaohongshu.com/explore/67cac9c7000000002a00fbc9?xsec_token=ABcivpEed4T-E8-pqZOWLf2kp0wxd0csVl1BDeJ2QA8Nc=&xsec_source=pc_user,巢救星,,,自产笔记,养雌小粉果,,,
67ce546a0000000006029485,黄黑皮化身小灯泡??抗糖提亮只搞快的！,奔三打工人的卵巢救星！内服养巢才是硬道理 - 小红书,搞快的,,,自产笔记,X白组合,,,
67ce8705000000000603d209,女明星保养领先10年！喝出光感冷皮的秘?,https://www.xiaohongshu.com/explore/67ce546a0000000006029485?xsec_token=AB1yBZ5hmhJBsAPkGF2U04CWe6H7n1aBvtuyYiHoA7oW8=&xsec_source=pc_user,颖儿6,,,自产笔记,白肌饮,,,
67cfb082000000000b016409,28+熟龄抗衰？ 还得直补胶原！,https://www.xiaohongshu.com/explore/67ce8705000000000603d209?xsec_token=ABqS8S8R1WiSagM_hxbk1RznVxP9wAwIiRyhYCNDwx53c=&xsec_source=pc_user,得直补,,,自产笔记,7D驱动饮,,,
67d0011e000000000703599a,内服界王炸单品！抗糖太容易了,https://www.xiaohongshu.com/explore/67cfb082000000000b016409?app_platform=android&ignoreEngage=true&app_version=8.73.0&share_from_user_hidden=true&xsec_source=app_share&type=normal&noteAttributes=goods&xsec_token=CBLYLPLWKcYe8NkKX4Mz9GoHHIkz8P_SigQQfxUJsKZmY=&author_share=1&xhsshare=QQ&shareRedId=Nz9FREg4RkJKSTdHPzgyP0c8QktFNzc9&apptime=1741664536&share_id=0793fbd735ef4fa5a776c99afbb8823c&share_channel=qq,糖太容,,,自产笔记,AGX抗糖饮,,,
67d101f80000000029009dab,拉起春夏防晒警戒线！抗糖盾牌守住透亮肌,https://www.xiaohongshu.com/explore/67d0011e000000000703599a?xsec_token=ABV5LJPG7pD8WXEGqD_o7ZQt54Ix1MPc0czqo35qsX9-U=&xsec_source=pc_user,警戒线,,,自产笔记,抗糖防晒,,,
67d23d6f000000000302a8f8,28+姐妹皮肤通透必需！亮的没边！,https://www.xiaohongshu.com/explore/67d101f80000000029009dab?app_platform=android&ignoreEngage=true&app_version=8.72.0&share_from_user_hidden=true&xsec_source=app_share&type=normal&noteAttributes=goods&xsec_token=CBiX-O_KpVBbXHux0NpdgQeiaebpZ11oAlIAQTJ2I_VoI=&author_share=1&xhsshare=QQ&shareRedId=ODw3Qzo1OU42NzUyOTgwNjY6OTc4STlO&apptime=1741750781&share_id=83a44b3ae2a146d7837d128ad8896398&share_channel=qq,亮的没,,,自产笔记,AGX+光感白肌饮,,,
67d2a8ce000000000603d112,开启保养加速健！怪不得越素越美的,https://www.xiaohongshu.com/explore/67d23d6f000000000302a8f8?xsec_token=ABQgMqHn-0QbhgBZA6Da6OEp5cx-MhRliwndvMkdk5l1g=&xsec_source=pc_user,越素越,,,自产笔记,AGX+小粉果,,,
67d2b52d000000000e0057c2,双管齐下的快乐谁懂啊！脸嫩到不行！！,https://www.xiaohongshu.com/explore/67d2a8ce000000000603d112?xsec_token=ABF2WWInR5NR_HST7biGLJFjpE_iuiO0EtHdifH81jyAI=&xsec_source=pc_user,齐下的,,,自产笔记,AGX+光感白肌饮,,,
67d2b7ef00000000030291a8,还在早C晚A？内抗糖外防光才是k老密码！,https://www.xiaohongshu.com/explore/67d2b52d000000000e0057c2?xsec_token=ABHcw0KVaJXXn9jEwf3GRSYpFUn75-rO83gFvwCT7IMUU=&xsec_source=pc_user,防光才,,,自产笔记,AGX+抗糖防晒,,,
67d381ea000000000b017102,糖化脸×黄黑皮×嫩滑少女肌等着你！,https://www.xiaohongshu.com/explore/67d2b7ef00000000030291a8?app_platform=android&ignoreEngage=true&app_version=8.73.0&share_from_user_hidden=true&xsec_source=app_share&type=normal&noteAttributes=goods&xsec_token=CBTflaZZCWjqAEGlB_tZtp7FxXowrYSmUzRJXoeBq9ASo=&author_share=1&xhsshare=QQ&shareRedId=Nz9FREg4RkJKSTdHPzgyP0c8QktFNzc9&apptime=1741863526&share_id=f5278c5a73c945a4a67d3f11ea71484a&share_channel=qq,等着你,,,自产笔记,AGX+光感白肌饮,,,
67d39e7f000000000602accf,30+真后悔没早点抗糖！素颜也被夸好看！,https://www.xiaohongshu.com/explore/67d381ea000000000b017102?xsec_token=ABLn_IWLSCYA7vSTRNBbdbvClory3pe-5q1P0iNtPGNCI=&xsec_source=pc_user,夸好看,,,自产笔记,AGX抗糖饮,,,
67d3a81e000000001b0394cd,抗老先抗羰基化！30+对付老态出乎意料的牛,https://www.xiaohongshu.com/explore/67d39e7f000000000602accf?xsec_token=ABWdQyLNDn675UDSJ8tT_WXqxl7nDjkhrRZyQTWzwkQ-k=&xsec_source=pc_user,意料的,,,自产笔记,AGT粉钻cp,,,
67d3aba90000000006038626,早C晚A过时了！胶原晚抗糖新潮流,https://www.xiaohongshu.com/explore/67d3a81e000000001b0394cd?xsec_token=AB2PXkuG9z8RXJ0dtDP96A4g_tbjAmsp8q20eT1gjVyuk=&xsec_source=pc_user,时了胶,,,自产笔记,7D驱动饮+AGX,,,
67d3e103000000001c00e463,跟着林允养成星星眼?眼纹黑眼圈退退退！,https://www.xiaohongshu.com/explore/67d3aba90000000006038626?xsec_token=ABG11CdkG893SrSJa6Q8BmHq_EXhwE_jn083kNbHLpRhg=&xsec_source=pc_collect,林允6,,,自产笔记,金字塔眼膜,,,
67d3d14a000000001d0177b5,"林允也在用的宝藏眼膜！好状态轻松拿捏
",跟着林允养成星星眼?眼纹黑眼圈退退退！ - 小红书,林允7,,,自产笔记,金字塔眼膜,,,
67d3d5db0000000006028b4b,真发光了。。跟风女明星最成功的一次！,https://www.xiaohongshu.com/explore/67d3d14a000000001d0177b5?xsec_token=ABC0TekHuhRkmLsxiQsssG5PVXsrBJ_VlT3EcAXqk7J7k=&xsec_source=pc_user,颖儿7,,,自产笔记,光感白肌饮,,,
67d3d872000000000603aa1e,内服尖子生|抗糖提亮快！准！狠！,https://www.xiaohongshu.com/explore/67d3d5db0000000006028b4b?xsec_token=ABZ3dG3MIIgSGa5lZ90WOO3TmWP6t91yxrtr-aljGzhcQ=&xsec_source=pc_user,快准狠,,,自产笔记,X白组合,,,
67d3db1d000000000900daa5,25+抗老底牌｜七层肌底灌胶原的作弊方案,https://www.xiaohongshu.com/explore/67d3d872000000000603aa1e?xsec_token=ABWdQyLNDn675UDSJ8tT_WXtlpHfhxi15dJDNDkGgPykU=&xsec_source=pc_user,作弊方,,,自产笔记,7D驱动饮,,,
67d0e403000000000603c579,轻熟肌抗糖自救指南｜28+素颜发光秘密武器,https://www.xiaohongshu.com/explore/67d3db1d000000000900daa5?xsec_token=ABq4Uks-Bq1o46q-tuT9A49JlnOxpxILnvkn1bbmf7MVc=&xsec_source=pc_user,救指南,,,自产笔记,AGX抗糖饮,,,
67d3d6f7000000001d014d83,林允你别太会了...已被同款眼膜硬控住??,https://www.xiaohongshu.com/explore/67d0e403000000000603c579?xsec_token=ABbEExl5FZYDz41jEpN6W4i9eH9fHXKATeerka7XSmxks=&xsec_source=pc_user,林允8,,,自产笔记,金字塔眼膜,,,
67d3d27300000000070347a9,黄黑皮的素颜快乐水！跟女明星颖儿get冷皮,https://www.xiaohongshu.com/explore/67d3d6f7000000001d014d83?xsec_token=ABDe__a_I7GwknirQcc68r-VSQiqn_WDlSdO2ZlVfd2a8=&xsec_source=pc_user,颖儿8,,,自产笔记,光感白肌饮,,,
67d3e13a000000000903bac0,露肤倒计时 ！内服一个月和黄黑皮byebye?,黄黑皮的素颜快乐水！跟女明星颖儿get冷皮 - 小红书,和黄黑,,,自产笔记,白肌饮,,,
67d3e6a7000000000900dee4,难怪女明星美的毫不费力！而你只差这一步！,https://www.xiaohongshu.com/explore/67d3e13a000000000903bac0?app_platform=android&ignoreEngage=true&app_version=8.73.0&share_from_user_hidden=true&xsec_source=app_share&type=normal&noteAttributes=goods&xsec_token=CB9rFSRNUwZsfVGVO0jtuLpVqotE29u5C3JV1aPxYbzSM=&author_share=1&xhsshare=QQ&shareRedId=Nz9FREg4RkJKSTdHPzgyP0c8QktFNzc9&apptime=1741939008&share_id=83565915e2924a7b9f0c96f318ce5fd0&share_channel=qq,颖儿9,,,自产笔记,白肌饮,,,
6603dc9b0000000012030efc,贵妇级内服高定，30岁后迎来素颜钻光肌,https://www.xiaohongshu.com/explore/67d3e6a7000000000900dee4?xsec_token=AB3X3n3lI__PlO4IbDhC22FW1oY7MzCJ7D-wIROTCKiQ8=&xsec_source=pc_user,高定30,,,自产笔记,X白组合,,,
67d3fa87000000000900de7b,冷皮+细腻质感，才是贵妇贵气感的主旋律！,https://www.xiaohongshu.com/explore/6603dc9b0000000012030efc?app_platform=android&ignoreEngage=true&app_version=8.73.0&share_from_user_hidden=true&xsec_source=app_share&type=normal&noteAttributes=goods&xsec_token=CBSotiAXs8-YjUZsvMU0k5D_JYIe4nzI04rh6J5WF2bgg=&author_share=1&xhsshare=QQ&shareRedId=Nz9FREg4RkJKSTdHPzgyP0c8QktFNzc9&apptime=1741945096&share_id=74945134cf2549e6b850f8063c7c5f61&share_channel=qq,贵气感,,,自产笔记,AGX+光感白肌饮,,,
67d3fc2c000000001d039018,高级SPA搬回家！1片碳酸面膜=10片普通面膜,https://www.xiaohongshu.com/explore/67d3fa87000000000900de7b?xsec_token=ABWPf9gOX3fc2t3VeVXY7vksPfriUVVVYksV33pfQgQdY=&xsec_source=pc_user,搬回家,,,自产笔记,碳酸面膜,,,
67d3ff6e000000001c007f03,糖化+胶原流失=加速衰老！内调外养要跟上！,https://www.xiaohongshu.com/explore/67d3fc2c000000001d039018?xsec_token=ABLn_IWLSCYA7vSTRNBbdbvAxnwsDeYfOFwqhuUEbQsEQ=&xsec_source=pc_user,外养要,,,自产笔记,AGX+粉钻面膜,,,
67d8c8af000000001e005430,素颜敢原相机怼脸拍 紧嫩少女肌秘诀大公开,https://www.xiaohongshu.com/explore/67d3ff6e000000001c007f03?xsec_token=ABTku_FrBq8A_owIiKEn4AL-2j-f6-CXs2n1yX962R5Ps=&xsec_source=pc_user,拍紧嫩,,,自产笔记,粉钻精华,,,
67da2b6c000000000d0169c1,熬夜奶茶刺客退散！抗糖饮反杀老化危机！,https://www.xiaohongshu.com/explore/67d8c8af000000001e005430?app_platform=android&ignoreEngage=true&app_version=8.72.0&share_from_user_hidden=true&xsec_source=app_share&type=video&noteAttributes=goods&xsec_token=CB5vMDZebwhAkMzcPMdPZoEmCWPv-RPJ4xTutKQGg_bic=&author_share=1&xhsshare=QQ&shareRedId=ODw3Qzo1OU42NzUyOTgwNjY6OTc4STlO&apptime=1742260413&share_id=5562e634e87643a48be81c7f8587ebd1&share_channel=qq,反杀老,,,自产笔记,AGX抗糖饮,,,
67da7218000000001e0080c0,三抗王炸！垮龄肌秒切妈生钻光肌的富婆机密,https://www.xiaohongshu.com/explore/67da2b6c000000000d0169c1?app_platform=android&ignoreEngage=true&app_version=8.73.0&share_from_user_hidden=true&xsec_source=app_share&type=normal&noteAttributes=goods&xsec_token=CB7hCIX8vqfK7rm0al4ybbYPansgiZEXBmMyitbO1vKcQ=&author_share=1&xhsshare=QQ&shareRedId=Nz9FREg4RkJKSTdHPzgyP0c8QktFNzc9&apptime=1742351232&share_id=fa13869c751d44548e5d59f5dfd6fd53&share_channel=qq,富婆机,,,自产笔记,AGT精华+面膜,,,
67da82ed000000000603b052,抓住春季焕肤黄金期，黄黑皮亮到发光不是梦,https://www.xiaohongshu.com/explore/67da7218000000001e0080c0?xsec_token=ABB17kj5wHt8Ji0AbizHY0K7-2I2B5T19cqGBBTqGq_xY=&xsec_source=pc_user,颖儿10,,,自产笔记,白肌饮,,,
67da91fd0000000007035685,熟龄肌K老信息差|方法用对效果翻倍,https://www.xiaohongshu.com/explore/67da82ed000000000603b052?xsec_token=ABHumAeOPJ9-4PMCBNt61vlGPjcEJnM7E-9OHnlFc8DPQ=&xsec_source=pc_collect,果翻倍,,,自产笔记,7D驱动饮+AGX,,,
67da93da000000001e00697d,28+女生必看 眼周保养偷懒＝颜值掉线！,https://www.xiaohongshu.com/explore/67da91fd0000000007035685?xsec_token=ABMm-f6IarUDz0kcy1butyqy4FIKcPZ5jkx14u16vHbmk=&xsec_source=pc_user,林允9,,,自产笔记,金字塔眼膜,,,
67da9624000000001d01c958,林允爱用眼膜，细纹黑眼圈真淡没了!,https://www.xiaohongshu.com/explore/67da93da000000001e00697d?app_platform=android&ignoreEngage=true&app_version=8.72.0&share_from_user_hidden=true&xsec_source=app_share&type=normal&noteAttributes=goods&xsec_token=CB5nOuDzldmj4_cWb_vK_4XcYh3LrC902viYaQjSF4Ad4=&author_share=1&xhsshare=QQ&shareRedId=ODw3Qzo1OU42NzUyOTgwNjY6OTc4STlO&apptime=1742377950&share_id=a19df86760804b66a1590058ff502202&share_channel=qq,林允10,,,自产笔记,金字塔眼膜,,,
67da863d000000000d015526,黄黑皮速来！亮成颖儿同款冷皮,https://www.xiaohongshu.com/explore/67da9624000000001d01c958?xsec_token=AB-pTA2lVP69khitukwJMdOaKVLBV7YJYZkqy0cOwZlWU=&xsec_source=pc_user,颖儿11,,,自产笔记,光感白肌饮,,,
67da8e5c000000000e0064ff,肌肤头号天敌竟是它！抗糖=K老核武器,https://www.xiaohongshu.com/explore/67da863d000000000d015526?xsec_token=ABpmKA3nxeKaOSb1xAZUNAdPVdLoZS24mxoqb3rba0Kug=&xsec_source=pc_user,核武器,,,自产笔记,AGX抗糖饮,,,
67da9950000000001c005736,林允的「眼龄作弊器」！养出少女眼的秘?,https://www.xiaohongshu.com/explore/67da8e5c000000000e0064ff?xsec_token=ABkJMi_5xwkpsIzcvOitIy4pkCp8_T4ZB150WNzxbiefk=&xsec_source=pc_user,林允11,,,自产笔记,金字塔眼膜,,,
67daa7d0000000000b0161b2,女明星内服坦白局，快跟着颖儿解锁光感冷皮,https://www.xiaohongshu.com/explore/67da9950000000001c005736?app_platform=android&ignoreEngage=true&app_version=8.72.0&share_from_user_hidden=true&xsec_source=app_share&type=video&noteAttributes=goods&xsec_token=CB5nOuDzldmj4_cWb_vK_4XTRGpwu7Lk0Ng-tBOtmRtI8=&author_share=1&xhsshare=QQ&shareRedId=ODw3Qzo1OU42NzUyOTgwNjY6OTc4STlO&apptime=1742379412&share_id=13f0f82d5b994cc1a2154bd087b6de15&share_channel=qq,颖儿12,,,自产笔记,光感白肌饮,,,
67db7869000000001203f203,30+更加关注长期主义！少女感内服安排起来,https://www.xiaohongshu.com/explore/67daa7d0000000000b0161b2?xsec_token=AB5RgbSdFDzqr8sSYxGm1zt-ZcxsK2PoCdZIhyPijuq3Q=&xsec_source=pc_user,主义少,,,自产笔记,AGX抗糖饮,,,
67dbe58b000000000b015e85,糖化终结年龄隐身！素颜开启反向逆生长,https://www.xiaohongshu.com/explore/67db7869000000001203f203?xsec_token=ABJh_PeYD8ws05MWOFGxfjZYesGFunhm73cw-i3kFPCzE=&xsec_source=pc_user,开启反向,,,自产笔记,AGX抗糖饮,,,
67dbff17000000000b017829,30+后抗糖新思路：科学抗糖≠戒掉所有甜,https://www.xiaohongshu.com/explore/67dbe58b000000000b015e85?xsec_token=AB6UZMiewpUUMwIiKMwySrMObrgIDvDNY6M4s8tHCsPHQ=&xsec_source=pc_user,思路科学,,,自产笔记,AGX抗糖饮,,,
67dcb723000000001d01d9ad,都市隶人抗老新策略！三抗抗老靠它一步到位,https://www.xiaohongshu.com/explore/67dbff17000000000b017829?app_platform=android&ignoreEngage=true&app_version=8.73.0&share_from_user_hidden=true&xsec_source=app_share&type=normal&noteAttributes=goods&xsec_token=CBWJVcRwro3EtpJUH3P7l0axJv2U083mQC6nNHqfPNJUU=&author_share=1&xhsshare=QQ&shareRedId=Nz9FREg4RkJKSTdHPzgyP0c8QktFNzc9&apptime=1742470946&share_id=6a9acc78bbf1479298c81017f36d1c6c&share_channel=qq,策略三,,,自产笔记,粉钻面膜,,,
67dcba17000000000302a856,糖化脸自救成功！素颜太贵气了！,https://www.xiaohongshu.com/explore/67dcb723000000001d01d9ad?xsec_token=ABiT-xlVGLYFLbrQaOj797nxKtj7HnoYXPezogUdNT3_U=&xsec_source=pc_user,成功素颜,,,自产笔记,AGX抗糖饮,,,
67dcc2b9000000001203c5cf,素颜开挂！晓姿内服全家桶带你美从口入~,https://www.xiaohongshu.com/explore/67dcba17000000000302a856?xsec_token=ABQ6FQcz3hcX3GpokKE_NEMGEDLJ2WSy-4u7OsenrpI6w=&xsec_source=pc_user,美从口,,,自产笔记,口服合集,,,
67dce08a000000000901569a,抗糖＋提亮??才是贵妇奢宠肌光密钥！,https://www.xiaohongshu.com/explore/67dcc2b9000000001203c5cf?xsec_token=ABedd7PFTqUCKslBtFQv8mT-sRyerfmERWokV3eCLllAE=&xsec_source=pc_user,宠肌光,,,自产笔记,X白组合,,,
67dcfd2f0000000009038819,仙品！一生追求通透亮的女人都快冲！,https://www.xiaohongshu.com/explore/67dce08a000000000901569a?xsec_token=ABTZ7x19Sl13DW2L7jIB1OZAhThOlKFWTpbmTZ65ytlLw=&xsec_source=pc_user,亮的女,,,自产笔记,AGX+光感白肌饮,,,
67dd041d0000000009014d73,别让过劳肥拖垮打工人，春季逆袭就现在！,https://www.xiaohongshu.com/explore/67dcfd2f0000000009038819?xsec_token=ABT5688a3CjeQctHDhoj9XYVtuQnOOy5xeZEOjUIwlU1k=&xsec_source=pc_user,拖垮打,,,自产笔记,仙女冻,,,
67dd241e000000000602be6e,黑历史成为过去，跟练打卡真能成合照反光板,https://www.xiaohongshu.com/explore/67dd041d0000000009014d73?app_platform=android&ignoreEngage=true&app_version=8.73.0&share_from_user_hidden=true&xsec_source=app_share&type=normal&noteAttributes=goods&xsec_token=CBBLEphWVehmULsxsGC5rdWn90X_IrlxstumRK87Akh-I=&author_share=1&xhsshare=QQ&shareRedId=Nz9FREg4RkJKSTdHPzgyP0c8QktFNzc9&apptime=1742537761&share_id=cb399cf71e6a45d3b825cd080f212360&share_channel=qq,照反光,,,自产笔记,白肌饮,,,
67dd230e000000000900e827,抗老必修课！一抗一补重回少女感,https://www.xiaohongshu.com/explore/67dd241e000000000602be6e?app_platform=android&ignoreEngage=true&app_version=8.73.0&share_from_user_hidden=true&xsec_source=app_share&type=normal&noteAttributes=goods&xsec_token=CBBLEphWVehmULsxsGC5rdWu8OljxbuWvnOs2kJdIZ9Z4=&author_share=1&xhsshare=QQ&shareRedId=Nz9FREg4RkJKSTdHPzgyP0c8QktFNzc9&apptime=1742545991&share_id=1674375816fc484fb1986e6ccc91baf5&share_channel=qq,一抗一,,,自产笔记,7D驱动饮+AGX,,,
67dd07d5000000001201e2aa,跟黄黑皮说分手！女明星素颜发光的秘密被扒,https://www.xiaohongshu.com/explore/67dd230e000000000900e827?app_platform=android&ignoreEngage=true&app_version=8.73.0&share_from_user_hidden=true&xsec_source=app_share&type=video&noteAttributes=goods&xsec_token=CBBLEphWVehmULsxsGC5rdWv6JqisK7QT98HtY5QhYud0=&author_share=1&xhsshare=QQ&shareRedId=Nz9FREg4RkJKSTdHPzgyP0c8QktFNzc9&apptime=1742545705&share_id=667de80ae88f48499509553b17acc533&share_channel=qq,女明星,,,自产笔记,光感白肌饮,,,
67dd34b1000000000603ef04,28+抗糖得抓紧！别等美貌离家出走才后悔！,跟黄黑皮说分手！女明星素颜发光的秘密被扒 - 小红书,抓紧别等,,,自产笔记,AGX抗糖饮,,,
67de6369000000000900dafe,内服胶原凭啥爆火？脸部紧致逆生长的秘密！,https://www.xiaohongshu.com/explore/67dd34b1000000000603ef04?app_platform=android&ignoreEngage=true&app_version=8.73.0&share_from_user_hidden=true&xsec_source=app_share&type=normal&noteAttributes=goods&xsec_token=CBBLEphWVehmULsxsGC5rdWuxYTpLQaejKs64_AmleT-Y=&author_share=1&xhsshare=QQ&shareRedId=Nz9FREg4RkJKSTdHPzgyP0c8QktFNzc9&apptime=1742550202&share_id=7e7afa282d4140e8a5aa17200660be67&share_channel=qq,逆生长,,,自产笔记,7D驱动饮,,,
67de73c6000000001d015e08,高段位垮脸消失术！抗老不走冤枉路！,https://www.xiaohongshu.com/explore/67de6369000000000900dafe?xsec_token=ABzscoZE8fSv5v7AWCn0tisPkFMJDn1wwS_7os3jpOKsE=&xsec_source=pc_user,走冤枉,,,自产笔记,粉钻cp,,,
67e0b322000000000900f2cf,"高段位嫩脸抗糖??素颜直接开挂！
",https://www.xiaohongshu.com/explore/67de73c6000000001d015e08?xsec_token=ABzscoZE8fSv5v7AWCn0tisEPWcx1bnTriXMdHbfc3Kxs=&xsec_source=pc_user,抗糖素颜,,,自产笔记,AGX抗糖饮,,,
67e24960000000001d006bfa,"防晒不是晒不黑就完了！用对素颜像开滤镜！
",高段位嫩脸抗糖??素颜直接开挂！ - 小红书,对素颜,,,自产笔记,抗糖防晒,,,
67e3c490000000001203dd59,和“黑”沾边的都找它！真太管事了！,https://www.xiaohongshu.com/explore/67e24960000000001d006bfa?xsec_token=ABHcNJaxZtqmRBTS8FGtvjWN4xASTclwRsEa3CLd_7L6o=&xsec_source=pc_user,管事了,,,自产笔记,白肌饮,,,
67e3c3de000000000d01613f,拒绝卵巢早衰焦虑！25+女生必囤的粉色能量,和“黑”沾边的都找它！真太管事了！ - 小红书,粉色能,,,自产笔记,小粉果,,,
67e4b17e000000001c00e4eb,只防晒不抗糖=白忙活！！这贵妇防晒开挂了,拒绝卵巢早衰焦虑！25+女生必囤的粉色能量 - 小红书,忙活这,,,自产笔记,抗糖防晒,,,
67e4b461000000001d007ec9,林允同款少女眼秘籍！垮眼姐妹速速集合,https://www.xiaohongshu.com/explore/67e4b17e000000001c00e4eb?xsec_token=ABtQbiSL54MLFh50ZueqcWHzWMYLqLRDbO9ujfPRa6gak=&xsec_source=pc_user,林允12,,,自产笔记,金字塔眼膜,,,
67e4b2de000000000d016bb4,大餐搭子已就位！终于找到胡吃海喝的底气,https://www.xiaohongshu.com/explore/67e4b461000000001d007ec9?app_platform=android&ignoreEngage=true&app_version=8.72.0&share_from_user_hidden=true&xsec_source=app_share&type=normal&xsec_token=CBMpC6xDGBRb6ja8K2ZQT_njMf32XAdiQbUx4U6VzrRco=&author_share=1&xhsshare=QQ&shareRedId=ODw3Qzo1OU42NzUyOTgwNjY6OTc4STlO&apptime=1743041638&share_id=515e4c05af7743cf93e7060073f14b82&share_channel=qq,吃海喝,,,自产笔记,仙女冻,,,
67e4c0e80000000003028245,胶原饮天花板！脸蛋原地「嘭」成婴儿肌！,https://www.xiaohongshu.com/explore/67e4b2de000000000d016bb4?app_platform=android&ignoreEngage=true&app_version=8.75.0&share_from_user_hidden=true&xsec_source=app_share&type=normal&noteAttributes=goods&xsec_token=CBpqXY1J8DY1Ze3ZUG1iia-MCyODKoubuiKV8rndJ7Owk=&author_share=1&xhsshare=QQ&shareRedId=Nz9FREg4RkJKSTdHPzgyP0c8QktFNzc9&apptime=1743041250&share_id=560b4e76f62943548d02ce100da039d0&share_channel=qq,成婴儿,,,自产笔记,7D驱动饮,,,
67e4ef08000000001a006c18,林允你真的有点实力...眼周敷一次嫩一次！,https://www.xiaohongshu.com/explore/67e4c0e80000000003028245?xsec_token=AB9Q2rd2sG849XiWh_B7DPVmnTKiPUAX9T_IGwDtZ1zxI=&xsec_source=pc_collect,林允13,,,自产笔记,金字塔眼膜,,,
67e4fa35000000001201dca2,摊牌了！其实贵妇保养就是在做这2件事,https://www.xiaohongshu.com/explore/67e4ef08000000001a006c18?app_platform=android&ignoreEngage=true&app_version=8.72.0&share_from_user_hidden=true&xsec_source=app_share&type=video&noteAttributes=goods&xsec_token=CBMpC6xDGBRb6ja8K2ZQT_nrNZnfrONneu0oj5lOxXq18=&author_share=1&xhsshare=CopyLink&shareRedId=ODw3Qzo1OU42NzUyOTgwNjY6OTc4STlO&apptime=1743056669&share_id=b26b53d81814433e94b9da27553a0eaa&share_channel=copy_link,摊牌了,,,自产笔记,AGX+7D,,,
67e502f2000000001c000a49,跟着林允入的眼膜…原来这才是眼纹橡皮擦,https://www.xiaohongshu.com/explore/67e4fa35000000001201dca2?xsec_token=ABywZ_PrVpMKyg5_ooHVvqni_ua7qQX5KDiDWviRuFLMY=&xsec_source=pc_user,林允14,,,自产笔记,金字塔眼膜,,,
67e4ebb7000000001b025dd4,熬夜追剧急救！一罐KO黑眼圈+肿眼泡！,跟着林允入的眼膜…原来这才是眼纹橡皮擦 - 小红书,眼圈肿,,,自产笔记,冰美式眼膜,,,
67e50d77000000000900dd0b,胶原蛋白连夜灌进皮肤里？晓姿真的有点东西,https://www.xiaohongshu.com/explore/67e4ebb7000000001b025dd4?xsec_token=ABANi2gC_26nyvxl3XFRWQcI5x_hU3Dgvt-zZhznSJ1CM=&xsec_source=pc_user,皮肤里,,,自产笔记,7D驱动饮,,,
67e51c66000000000d016ff3,挖到了！女明星发光牛奶肌的秘密！,https://www.xiaohongshu.com/explore/67e50d77000000000900dd0b?xsec_token=ABSwhS7KuS4B8jewu8wQsODjxW-oMySdDgVFjw5H724CY=&xsec_source=pc_user,颖儿13,,,自产笔记,白肌饮,,,
67e504f7000000000901509d,贵妇级抗糖！30+素颜也能发光的冻龄密钥,https://www.xiaohongshu.com/explore/67e51c66000000000d016ff3?xsec_token=ABspBpHKThfY9VD02whsdLI3eswmNmSAYVaICdvUCxZCM=&xsec_source=pc_user,能发光,,,自产笔记,AGX抗糖饮,,,
67e51f090000000006029c74,春季不扫黑六月黑三度！女明星冷皮秘快查收,贵妇级抗糖！30+素颜也能发光的冻龄密钥 - 小红书,颖儿14,,,自产笔记,白肌饮,,,
67e5228e00000000030297af,方法用对效果翻倍！贵妇圈公认的秘密,https://www.xiaohongshu.com/explore/67e51f090000000006029c74?xsec_token=ABh4YIq7Zf-xuyuk_bWs2MX4JMseGAGIORBYzBgSWgsRk=&xsec_source=pc_user,翻倍贵,,,自产笔记,AGX+光感白肌饮,,,
67e5ee69000000000900fd57,28+颜值保险：现在抗糖=未来冻龄,https://www.xiaohongshu.com/explore/67e5228e00000000030297af?xsec_token=ABwuP1-4rFJjoHLM78hwAWIXJ3U3bBhCoqNSJhrZIV2Fg=&xsec_source=pc_user,未来冻,,,自产笔记,AGX抗糖饮,,,
67e5f7f2000000001203c864,抗糖=抗衰！拒绝‘隐形衰老’??,https://www.xiaohongshu.com/explore/67e5ee69000000000900fd57?xsec_token=ABh4YIq7Zf-xuyuk_bWs2MX_7m0FivWWstFprr8yhZGLE=&xsec_source=pc_user,绝隐形,,,自产笔记,AGX抗糖饮,,,
67e5f341000000000603e517,夏天前开启最后冲刺！！亮不亮真得看这个,https://www.xiaohongshu.com/explore/67e5f7f2000000001203c864?xsec_token=ABCvrc6areLDDfjRXomkXhawXWAj_b0Jxf2g2froYK9sc=&xsec_source=pc_user,颖儿15,,,自产笔记,白肌饮,,,
67e600b5000000001b03d273,光抗糖抗氧=白搭??三抗合一才是素颜底气,夏天前开启最后冲刺！！亮不亮真得看这个 - 小红书,c,,,自产笔记,AGT粉钻cp,,,
67e63929000000000b014d85,节食实际更反弹？不忌嘴也能养成一眼美女,https://www.xiaohongshu.com/explore/67e600b5000000001b03d273?xsec_token=ABo5UTDUH4qRq1TMfq_erpFbOW0qtU0iszZK93HhxtjQw=&xsec_source=pc_user,一眼美,,,自产笔记,仙女冻,,,
67e644da000000000602a5b5,熬夜垮脸救星！素颜状态赢爆朋友圈~,https://www.xiaohongshu.com/explore/67e63929000000000b014d85?app_platform=android&ignoreEngage=true&app_version=8.76.0&share_from_user_hidden=true&xsec_source=app_share&type=normal&noteAttributes=goods&xsec_token=CBe2O_gw7ofaSGSStLZS_GdEZAhkPM8XA1o0NBPaZxdjs=&author_share=1&xhsshare=QQ&shareRedId=Nz9FREg4RkJKSTdHPzgyP0c8QktFNzc9&apptime=1743141167&share_id=18091c650451459795e764b52630aaa0&share_channel=qq,爆朋友,,,自产笔记,AGX抗糖饮,,,
67e64c8f000000001d02c9f1,30+姐姐保养秘籍！真把垮脸要素一锅端了,https://www.xiaohongshu.com/explore/67e644da000000000602a5b5?app_platform=android&ignoreEngage=true&app_version=8.76.0&share_from_user_hidden=true&xsec_source=app_share&type=video&noteAttributes=goods&xsec_token=CBe2O_gw7ofaSGSStLZS_GdJtpP_NJXKQTUSxYflLXTqI=&author_share=1&xhsshare=QQ&shareRedId=Nz9FREg4RkJKSTdHPzgyP0c8QktFNzc9&apptime=1743144181&share_id=6cdc4b789ec74b2a8479e6445759,锅端了,,,自产笔记,AGT粉钻精华,,,
67e65028000000000602a423,25+抗糖自救指南丨黄气脸逆袭的秘密！,https://www.xiaohongshu.com/explore/67e64c8f000000001d02c9f1?app_platform=android&ignoreEngage=true&app_version=8.72.0&share_from_user_hidden=true&xsec_source=app_share&type=normal&noteAttributes=goods&xsec_token=CBNI2DQuyFUUWgbkblIgDq8vGkpbhUUxClLHPCm_h7h3g=&author_share=1&xhsshare=QQ&shareRedId=ODw3Qzo1OU42NzUyOTgwNjY6OTc4STlO&apptime=1743146151&share_id=e8893583029f4f8ab91e4ba622b677e2&share_channel=qq,指南黄,,,自产笔记,AGX抗糖饮,,,
67e63d1e0000000006038a62,贵妇眼光真的毒！春日甩掉黄糙皮就看它俩,https://www.xiaohongshu.com/explore/67e65028000000000602a423?app_platform=android&ignoreEngage=true&app_version=8.76.0&share_from_user_hidden=true&xsec_source=app_share&type=video&noteAttributes=goods&xsec_token=CBe2O_gw7ofaSGSStLZS_GdADwSbMi3O98GE8r9h2k5is=&author_share=1&xhsshare=QQ&shareRedId=Nz9FREg4RkJKSTdHPzgyP0c8QktFNzc9&apptime=1743147054&share_id=8b28f17daa2e452da40cc08135e0a8c1&share_channel=qq,黄糙皮,,,自产笔记,AGX+光感白肌饮,,,
67e63be60000000003029ca3,抗糖提亮双管齐下！素颜也能贵女感?,https://www.xiaohongshu.com/explore/67e63d1e0000000006038a62?xsec_token=ABDHBvr4UCV95aQ-pI-8BWns5a_utCW4h8QYIuDD3tEO0=&xsec_source=pc_user,能贵女,,,自产笔记,X白组合,,,
67e9f8b9000000000b017a83,内服拯救糖化脸！每天喝奶茶还透亮的秘密…,https://www.xiaohongshu.com/explore/67e63be60000000003029ca3?xsec_token=ABo5UTDUH4qRq1TMfq_erpFeeOLv93vx0dmQucRSgRPdE=&xsec_source=pc_user&m_source=360pz,每天喝,,,自产笔记,AGX抗糖饮,,,
67eb44bc000000001c006919,减龄不做无用功，防晒+抗糖＝年轻密码,https://www.xiaohongshu.com/explore/67e9f8b9000000000b017a83?app_platform=android&ignoreEngage=true&app_version=8.76.0&share_from_user_hidden=true&xsec_source=app_share&type=video&noteAttributes=goods&xsec_token=CBxY80HImczPElCXMiJeBFInhBeSIbugjRLSSOr494DF4=&author_share=1&xhsshare=CopyLink&shareRedId=Nz9FREg4RkJKSTdHPzgyP0c8QktFNzc9&apptime=1743386813&share_id=39d2216bf33f4bd0bab4ab1bbb8af7da&share_channel=copy_link,年轻密码,,,自产笔记,AGX+抗糖防晒,,,
67ec954e000000001b03c2cc,肌肤保鲜只做表面？内服保养助你少女感拉满,https://www.xiaohongshu.com/explore/67eb44bc000000001c006919?app_platform=android&ignoreEngage=true&app_version=8.76.0&share_from_user_hidden=true&xsec_source=app_share&type=normal&noteAttributes=goods&xsec_token=CBufvnYnceknVTksi3ZXc-UY00RmddR310NUWKKogpn0c=&author_share=1&xhsshare=QQ&shareRedId=Nz9FREg4RkJKSTdHPzgyP0c8QktFNzc9&apptime=1743471809&share_id=f3ac74f7c8714b45b23951983aa86087&share_channel=qq,做表面,,,自产笔记,7D驱动饮,,,
67ece623000000001c02e3c8,悟了！原来明星看着年轻的秘密竟是用了它！,https://www.xiaohongshu.com/explore/67ec954e000000001b03c2cc?app_platform=android&ignoreEngage=true&app_version=8.76.0&share_from_user_hidden=true&xsec_source=app_share&type=normal&noteAttributes=goods&xsec_token=CBZwH6ds0YhKNFQHsI08b9V0xnMBsPMbjz9ye1kdREfG0=&author_share=1&xhsshare=QQ&shareRedId=Nz9FREg4RkJKSTdHPzgyP0c8QktFNzc9&apptime=1743557970&share_id=69cea13e401b48368e5acdad28f4d944&share_channel=qq,林允15,,,自产笔记,金字塔眼膜,,,
67ece9ef000000001c036f5d（已隐藏）,林允好会挑！有它眼周问题一扫而空,https://www.xiaohongshu.com/explore/67ece623000000001c02e3c8?xsec_token=ABa4QYjD7R-PmYfiSTO5tHpUNQXlntNa5HNWnF7qcG02w=&xsec_source=pc_user,林允16,,,自产笔记,金字塔眼膜,,,
67ecf570000000001b03db8b,抗糖提亮只认这对CP！轻松实现大逆袭！,https://www.xiaohongshu.com/explore/67ece9ef000000001c036f5d?xsec_token=ABdIV7HUDouyCoj-2dLx4XfKgLaCmMeNanv-tlXrLndQY=&xsec_source=pc_user,实现大,,,自产笔记,X白组合,,,
67ecf715000000001c0020db,"无惧年龄束缚，找准关键纵享年轻态
",https://www.xiaohongshu.com/explore/67ecf570000000001b03db8b?xsec_token=ABM1nD4m1aDTSBtkbNIaNwAAnWDC7UlOLUYzI-kcJpAYc=&xsec_source=pc_collect,享年轻,,,自产笔记,AGX+光感白肌饮,,,
67ede81b000000001d01de54,养巢作弊暗号！原来这才是花期校准的秘籍..,https://www.xiaohongshu.com/explore/67ecf715000000001c0020db?xsec_token=AB9MvXf6zdE-6lac0uaRhDIgnOxeOf371_ZPHol8etqs4=&xsec_source=pc_user,花期校,,,自产笔记,小粉果,,,
67edf45f000000001d03b294,贵妇保养内幕！一键开启肌肤高光时刻！,https://www.xiaohongshu.com/explore/67ede81b000000001d01de54?xsec_token=ABd4qFMgg5p2AMuxQr2aXsyrSOtF0faW1TL-HmesDyPbs=&xsec_source=pc_user,光时刻,,,自产笔记,光感白肌饮,,,
67edfe96000000001e006903,抗糖K老只搞快的！容貌焦虑退退退！,https://www.xiaohongshu.com/explore/67edf45f000000001d03b294?xsec_token=ABDGja2Y4-jUEtBhHu445q5BeZKbq_SVldm8vmQfr9gtI=&xsec_source=pc_user,焦虑退,,,自产笔记,AGX抗糖饮,,,
67ee2714000000001c035b6d,三抗狙击衰老！一键开启28+逆龄模式,https://www.xiaohongshu.com/explore/67edfe96000000001e006903?xsec_token=AB3O21gLzZRf3dJMAH1dLEv-cOBkh6DfdPrPMcjJ7zUKE=&xsec_source=pc_user&m_source=360pz,逆龄模式,,,自产笔记,AGT粉钻面膜,,,
67ee2e3e000000001e006a7d,一招逆袭透亮肌丨夏天迎接发光版的自己,https://www.xiaohongshu.com/explore/67ee2714000000001c035b6d?app_platform=android&ignoreEngage=true&app_version=8.72.0&share_from_user_hidden=true&xsec_source=app_share&type=normal&noteAttributes=goods&xsec_token=CBqkzNRXHIn1AMeonDy0PRg_N8cXAvayt9ci2j9yNXNtQ=&author_share=1&xhsshare=QQ&shareRedId=ODw3Qzo1OU42NzUyOTgwNjY6OTc4STlO&apptime=1743660843&share_id=31eff002c3304e3283017547119d2c20&share_channel=qq,发光版,,,自产笔记,白肌饮,,,
67ee022d000000001b03d6dd,原来K糖+补胶原才是不显年龄的密码！,https://www.xiaohongshu.com/explore/67ee2e3e000000001e006a7d?app_platform=android&ignoreEngage=true&app_version=8.76.0&share_from_user_hidden=true&xsec_source=app_share&type=normal&noteAttributes=goods&xsec_token=CBBbx-CE_ZkdvwRYuKtAiZSSU5pozwzMNhLxvcVQht04Q=&author_share=1&xhsshare=CopyLink&shareRedId=Nz9FREg4RkJKSTdHPzgyP0c8QktFNzc9&apptime=1743662663&share_id=98107da9b68f43fcb66738cac5c120d8&share_channel=copy_link,是不显,,,自产笔记,7D驱动饮+AGX,,,
67ee56ab000000001b0240e8,深扒女明星冷皮好物！光感白喝出来！,https://www.xiaohongshu.com/explore/67ee022d000000001b03d6dd?app_platform=android&ignoreEngage=true&app_version=8.76.0&share_from_user_hidden=true&xsec_source=app_share&type=video&noteAttributes=goods&xsec_token=CBBbx-CE_ZkdvwRYuKtAiZSYz3Cvb0K_tVOZFHmY5Eqcs=&author_share=1&xhsshare=QQ&shareRedId=Nz9FREg4RkJKSTdHPzgyP0c8QktFNzc9&apptime=1743651378&share_id=9d02bac09a2240c2919bbf3f46d91d31&share_channel=qq,颖儿16,,,自产笔记,光感白肌饮,,,
67ee585e000000001c001b94,颖儿你咋不早说！冷皮贵气感，一招拿下,https://www.xiaohongshu.com/explore/67ee56ab000000001b0240e8?xsec_token=AB3i3yVIlI_zSbVeS1XBbd_xjMqzxkJ51PKlP_dq-DdZc=&xsec_source=pc_user,颖儿17,,,自产笔记,光感白肌饮,,,
"67f32af6000000001e002bdf
替换笔记ID：67f6558c000000001a005fc3",早胶原晚抗糖！30+贵妇的颜值补充仓,https://www.xiaohongshu.com/explore/67ee585e000000001c001b94?app_platform=android&ignoreEngage=true&app_version=8.76.0&share_from_user_hidden=true&xsec_source=app_share&type=video&noteAttributes=goods&xsec_token=CBBbx-CE_ZkdvwRYuKtAiZSfU7Rzt8HR8mt8ca4MD-J3s=&author_share=1&xhsshare=QQ&shareRedId=Nz9FREg4RkJKSTdHPzgyP0c8QktFNzc9&apptime=1743673458&share_id=7f1208f745444e769d47d522c803dc49&share_channel=qq,补充仓,,,自产笔记,7D驱动饮+AGX,,,
67f37308000000001c03e613,两步养出贵妇同款素颜清透肌，赶紧学起来,https://www.xiaohongshu.com/explore/67f6558c000000001a005fc3?app_platform=android&ignoreEngage=true&app_version=8.77.0&share_from_user_hidden=true&xsec_source=app_share&type=normal&noteAttributes=goods&xsec_token=CB6gkLvyrlC8xptVuKhLrDJ9iIGx_7jpAobAaamoP1W5E=&author_share=1&xhsshare=QQ&shareRedId=Nz9FREg4RkJKSTdHPzgyP0c8QktFNzc9&apptime=1744197020&share_id=2e813393d266455dad384ffb97823377&share_channel=qq,学起来,,,自产笔记,AGX+光感白肌饮,,,
67f37491000000001d02f841,25+必看！抗糖为何成2025养肤顶流？,https://www.xiaohongshu.com/explore/67f37308000000001c03e613?xsec_token=ABU3tM_EUVwd_92Gt9fgHO5LwYjKs0R-mMshngbn5BJi0=&xsec_source=pc_user,养肤顶,,,自产笔记,AGX抗糖饮,,,
67f3966d000000001b03ed52,别再多花冤枉钱！口服胶原认准它！,25+必看！抗糖为何成2025养肤顶流？ - 小红书,认准它,,,自产笔记,7D驱动饮,,,
67f3a1f5000000001e0071eb,早胶原+晚抗糖！30+重启肌肤弹嫩黄金期,https://www.xiaohongshu.com/explore/67f3966d000000001b03ed52?xsec_token=AB9hoDblWinV1wL3aHDxRjC5vxSbrkh5R9StSMarJOFtk=&xsec_source=pc_user,弹嫩黄金,,,自产笔记,7D驱动饮+AGX,,,
67f4d5a4000000001b03c061,素颜封神密码解锁！28天养成行走反光板,https://www.xiaohongshu.com/explore/67f3a1f5000000001e0071eb?app_platform=android&ignoreEngage=true&app_version=8.77.0&share_from_user_hidden=true&xsec_source=app_share&type=video&noteAttributes=goods&xsec_token=CBN5DuDhp_BpWVpHTa9leFka1C4g5sKl-GxYM_CXtxAo4=&author_share=1&xhsshare=QQ&shareRedId=Nz9FREg4RkJKSTdHPzgyP0c8QktFNzc9&apptime=1744019962&share_id=5416bc572eea4fc2925016bed0a98de5&share_channel=qq,反光板,,,自产笔记,光感白肌饮,,,
67f5cab2000000001c009455,42岁|依旧和胶原死磕到底,https://www.xiaohongshu.com/explore/67f4d5a4000000001b03c061?xsec_token=ABZbli_BjxjY-JihypfyhjhI9neiJl3a8bpTpKr51nzjw=&xsec_source=pc_user,磕到底,,,自产笔记,7D驱动饮,,,
67f5dc76000000001d004f76,抗糖一年素颜抛光！甜食党美貌逆袭就靠它！,https://www.xiaohongshu.com/explore/67f5cab2000000001c009455?xsec_token=ABXNV2XGiJSVU3iBc_9fIGWR80FVm2CjD7OP-fZwtx6hQ=&xsec_source=pc_user,甜食党,,,自产笔记,AGX抗糖饮,,,
67f5e98c000000001b03dfd4,抗糖越早越狠！素颜能打才是真卷王！,https://www.xiaohongshu.com/explore/67f5dc76000000001d004f76?app_platform=android&ignoreEngage=true&app_version=8.77.0&share_from_user_hidden=true&xsec_source=app_share&type=normal&noteAttributes=goods&xsec_token=CB9IZY2zAH_9z6hrWehnpUsHBlMIQqYjPizFiYZl6_kek=&author_share=1&xhsshare=QQ&shareRedId=Nz9FREg4RkJKSTdHPzgyP0c8QktFNzc9&apptime=1744166017&share_id=bf05e64999db47c083c73eabbc29c7a9&share_channel=qq,是真卷,,,自产笔记,AGX抗糖饮,,,
67f62196000000001c01e6e7,选对产品=效果翻倍！30+无效护肤终结者,https://www.xiaohongshu.com/explore/67f5e98c000000001b03dfd4?xsec_token=ABFQU1OQYZKdlmR0lmId1nmUlEg_jH1dWB69k0uFKB8bM=&xsec_source=pc_user,终结者,,,自产笔记,美护合集,,,
67f72038000000001c00f233,胶原告急紧急制动！28+素颜直接开挂！,https://www.xiaohongshu.com/explore/67f62196000000001c01e6e7?xsec_token=ABAzU3Q2ypl7jsbUyK092k1Qq-Qhz3nkoewU7Dlerj0D4=&xsec_source=pc_user,急制动,,,自产笔记,7D驱动饮,,,
67f72c85000000001d000375,林允私藏眼膜流出！怪不得28+无惧高清镜头!,https://www.xiaohongshu.com/explore/67f72038000000001c00f233?app_platform=android&ignoreEngage=true&app_version=8.77.0&share_from_user_hidden=true&xsec_source=app_share&type=video&noteAttributes=goods&xsec_token=CBYVQKcQHC7-EkTLZs5guPipS8nObh5n52HAYxtwntchY=&author_share=1&xhsshare=QQ&shareRedId=Nz9FREg4RkJKSTdHPzgyP0c8QktFNzc9&apptime=1744248893&share_id=4039259c6c134327a769c5ae7c5aad97&share_channel=qq,林允17,,,自产笔记,金字塔眼膜,,,
67f7374b000000001b025358,肌肤逆龄新公式|抗糖+补胶原=嫩脸新引擎,https://www.xiaohongshu.com/explore/67f72c85000000001d000375?xsec_token=ABamJY0XwRhSha3i8c_yfWItQyxKR48MqPmStSXpbYp4c=&xsec_source=pc_user,新引擎,,,自产笔记,7D驱动饮+AGX,,,
67f38c79000000001c0070ed,"抗糖=戒甜？蒋欣教你边吃蛋糕边冻龄
",https://www.xiaohongshu.com/explore/%20?xsec_token=ABNpNon-ZfwDxqjOX2H1psMcv_86R1UlWUEWhBrRQRMcw=&xsec_source=pc_collect,蒋欣1,,,自产笔记,AGXI,,,
67f73fc0000000001c03f235,抗老真相 内外兼修才能守住面部"年轻三角",https://www.xiaohongshu.com/explore/67f38c79000000001c0070ed?xsec_token=AB7rA-VNJGpXCtUogXScGWFDRYo04NwuAqJKyXYppVAV0=&xsec_source=pc_user,蒋欣2,,,自产笔记,AGXI,,,
67f75f56000000001c01ca9f,晓姿美护首播！满减礼赠送不停，快来围观！,https://www.xiaohongshu.com/explore/67f73fc0000000001c03f235?app_platform=android&ignoreEngage=true&app_version=8.77.0&share_from_user_hidden=true&xsec_source=app_share&type=video&noteAttributes=goods&xsec_token=CBYVQKcQHC7-EkTLZs5guPikqZLtWNhdpNzrvrisK_g2s=&author_share=1&xhsshare=QQ&shareRedId=Nz9FREg4RkJKSTdHPzgyP0c8QktFNzc9&apptime=1744256974&share_id=81ef835f7ba14dc8b05a3a62ab23ab34&share_channel=qq,首播满减,,,自产笔记,活动笔记,,,
67f78ff8000000001c015c28,用一次嫩一次！脸紧到懵圈了！,https://www.xiaohongshu.com/explore/67f75f56000000001c01ca9f?app_platform=android&ignoreEngage=true&app_version=8.72.0&share_from_user_hidden=true&xsec_source=app_share&type=normal&noteAttributes=goods&xsec_token=CBpHfHCJs89VuPX4VYrJGxocj6m6qfoplB1p5F7_Ajj3w=&author_share=1&xhsshare=QQ&shareRedId=ODw3Qzo1OU42NzUyOTgwNjY6OTc4STlO&apptime=1744265110&share_id=c48aa1d0ba0c4b88b6f274ba7ae4ac98&share_channel=qq,懵圈了,,,自产笔记,碳酸面膜,,,
67f78f2c000000001d004f62,早抗糖晚胶原?磨皮感远超同龄人！,https://www.xiaohongshu.com/explore/67f78ff8000000001c015c28?app_platform=android&ignoreEngage=true&app_version=8.72.0&share_from_user_hidden=true&xsec_source=app_share&type=normal&xsec_token=CBpHfHCJs89VuPX4VYrJGxob0eMt5a_k5s1SQaX6LF5SE=&author_share=1&xhsshare=QQ&shareRedId=ODw3Qzo1OU42NzUyOTgwNjY6OTc4STlO&apptime=1744277499&share_id=cbd9a749d35c47f1ba2914ecf073c876&share_channel=qq,远超同,,,自产笔记,7D驱动饮+AGX,,,
67f72464000000001d017d40,垮脸终于吃上细糠了！补胶原才是少女感永动,https://www.xiaohongshu.com/explore/67f78f2c000000001d004f62?xsec_token=ABZqI2dsCTAhfWvrCN1qfHrT4-OzgTZ9UYGSBvp2t4_Co=&xsec_source=pc_user,终于吃,,,自产笔记,7D驱动饮,,,
67f87dc7000000001d025df4,一晒回到解放前？暴晒也有冷皮秘密原来是它,https://www.xiaohongshu.com/explore/67f72464000000001d017d40?xsec_token=ABoido8qRr4SazY7_i7dvn8Zp7Res5howYoCl44JPo5MY=&xsec_source=pc_user,颖儿18,,,自产笔记,光感白肌饮,,,
67f88203000000001b03b28b,好像对光感白肌悟了...黄黑真能再救一下！,https://www.xiaohongshu.com/explore/67f87dc7000000001d025df4?app_platform=android&ignoreEngage=true&app_version=8.77.0&share_from_user_hidden=true&xsec_source=app_share&type=normal&noteAttributes=goods&xsec_token=CBjPkAW2I7m5AJVuO9gO2-NlaI8z2Xwq5lLeLik5BGm2I=&author_share=1&xhsshare=QQ&shareRedId=Nz9FREg4RkJKSTdHPzgyP0c8QktFNzc9&apptime=1744338379&share_id=1df291c09b1444da881bf9eff245ce1f&share_channel=qq,颖儿19,,,自产笔记,光感白肌饮,,,
67f89787000000001d01fea8,天塌脸不塌！无痛美美内服真不是吹！,https://www.xiaohongshu.com/explore/67f88203000000001b03b28b?xsec_token=ABUR0j8rmzAbvPwbc0FlVo_xxo0udxx_UpZoXGIkWxv1Y=&xsec_source=pc_user,痛美美,,,自产笔记,AGX抗糖饮,,,
67f8b956000000001c02b841,衰老脸退退退！职场专属抗老CP申请出战！,天塌脸不塌！无痛美美内服真不是吹！ - 小红书,职场专属,,,自产笔记,AGT精华+面膜,,,
67f78a6f000000001c00b4bb,熟龄肌胶原也能自己长出来？全靠它！,https://www.xiaohongshu.com/explore/67f8b956000000001c02b841?app_platform=android&ignoreEngage=true&app_version=8.72.0&share_from_user_hidden=true&xsec_source=app_share&type=video&noteAttributes=goods&xsec_token=CB1ljelU6IgUOVuabF8Zp95SXn5KXs7DexAVp0kOInqj0=&author_share=1&xhsshare=QQ&shareRedId=ODw3Qzo1OU42NzUyOTgwNjY6OTc4STlO&apptime=1744353635&share_id=141833f59bf04ad780bb925633130f0b&share_channel=qq,自己长,,,自产笔记,7D驱动饮,,,
67f8d7fa000000001d0200e9,入夏冲刺开倍速！内服就服它！,https://www.xiaohongshu.com/explore/67f78a6f000000001c00b4bb?xsec_token=ABLsk1Qzwo2n2IDUWZLwvvitBMHMJR9dU_YmNZ2WXnAag=&xsec_source=pc_user,就服他,,,自产笔记,VF仙女冻,,,
67f8d87e000000001d004eb0,报恩级焕亮内服！惊艳的不像话！,https://www.xiaohongshu.com/explore/67f8d7fa000000001d0200e9?xsec_token=ABw8R8umv6JmzMNxnLfSfkWtSBSfpPep_WBzkGSnMlZvg=&xsec_source=pc_user,不像话,,,自产笔记,光感白肌饮,,,
67f8d3a1000000001d039ffe,不再被奶茶背刺！春游上镜妥妥c位！,https://www.xiaohongshu.com/explore/67f8d87e000000001d004eb0?xsec_token=ABw8R8umv6JmzMNxnLfSfkWsDaFBKXWQz2Rn-7ABA3cL4=&xsec_source=pc_user,上镜,,,自产笔记,AGX抗糖饮,,,
67f8e5ec000000001d02e05b,冷皮贵气感养成指南｜上镜的终极奥义,https://www.xiaohongshu.com/explore/67f8d3a1000000001d039ffe?app_platform=android&ignoreEngage=true&app_version=8.77.0&share_from_user_hidden=true&xsec_source=app_share&type=video&noteAttributes=goods&xsec_token=CBjPkAW2I7m5AJVuO9gO2-NrElPIV8vn-3IMnQey5IUEo=&author_share=1&xhsshare=CopyLink&shareRedId=Nz9FREg4RkJKSTdHPzgyP0c8QktFNzc9&apptime=1744360515&share_id=4d28c34cf36d4a3988196be4a3071c1c&share_channel=copy_link,终极,,,自产笔记,白肌饮,,,
67f8f0be000000001d02c66c,40+不垮脸，原来女明星是这样做的…,冷皮贵气感养成指南｜上镜的终极奥义 - 小红书,蒋欣3,,,自产笔记,AGXI,,,
67f8f50d000000001d018b40,蒋欣私藏！晓姿抗糖饮全新升级直接开挂！,https://www.xiaohongshu.com/explore/67f8f0be000000001d02c66c?xsec_token=AB0BjRrD9SXsrRS3qZDk1YMiV8F1Dwm6tdPD1-2Riuf_o=&xsec_source=pc_user,蒋欣4,,,自产笔记,AGXI,,,
67f8eba3000000001a006d55,贵妇级抗糖狙击战 黄气松垮感一键清理,https://www.xiaohongshu.com/explore/67f8f50d000000001d018b40?xsec_token=ABB7fVyB9BP1Em0P2rRLlw-bt5DBaiEfsWHpZw4K0psE0=&xsec_source=pc_user,蒋欣5,,,自产笔记,AGXI,,,
67f8f5fd000000001e00bbc2,"又嫩又亮？重返少女肌的秘密来啦~
",https://www.xiaohongshu.com/explore/67f8eba3000000001a006d55?app_platform=android&ignoreEngage=true&app_version=8.77.0&share_from_user_hidden=true&xsec_source=app_share&type=video&xsec_token=CBjPkAW2I7m5AJVuO9gO2-Nkc8Y6_QlMj-lH0f3fRNNMc=&author_share=1&xhsshare=QQ&shareRedId=Nz9FREg4RkJKSTdHPzgyP0c8QktFNzc9&apptime=1744366508&share_id=e18f669a1a0b436c972,秘密来啦,,,自产笔记,AGXI+光感白肌饮,,,
67f8f885000000001e00465b,黄黑皮发光计划已开启！关节也不放过！,https://www.xiaohongshu.com/explore/67f8f5fd000000001e00bbc2?xsec_token=ABnbNaw6M5Yf_MSynOpVELIy4J1er2c-RU1-QCfJpKoQ4=&xsec_source=pc_user,开启关,,,自产笔记,抗糖防晒+光感白肌饮,,,
67f911db000000001d01a97d,蒋欣抗糖秘诀大公开，40+依旧紧致！！,https://www.xiaohongshu.com/explore/67f8f885000000001e00465b?app_platform=android&ignoreEngage=true&app_version=8.77.0&share_from_user_hidden=true&xsec_source=app_share&type=normal&noteAttributes=goods&xsec_token=CBjPkAW2I7m5AJVuO9gO2-NuXZ9hbkBlvsDVXXpDkF8KY=&author_share=1&xhsshare=QQ&shareRedId=Nz9FREg4RkJKSTdHPzgyP0c8QktFNzc9&apptime=1744369800&share_id=eee00144080045dc896adde2fcbf1dc5&share_channel=qq,蒋欣6,,,自产笔记,AGXI,,,
67f916b1000000001c01f773,老不老就看眼，30+守住眼周防线??,https://www.xiaohongshu.com/explore/67f911db000000001d01a97d?xsec_token=ABc_HducRv5NQTerzpnuUy2qJRoCURa-WFsioHVtAizas=&xsec_source=pc_user,周防线,,,自产笔记,金字塔眼膜,,,
67fdd35e000000001d006f42,抗糖饮新时代！三项抗糖养出千金高级脸！,https://www.xiaohongshu.com/explore/67f916b1000000001c01f773?xsec_token=ABc_HducRv5NQTerzpnuUy2jdSSAPJOJaW3d-_UZo_dgk=&xsec_source=pc_user,蒋欣7,,,自产笔记,AGXI,,,
67fe1524000000001c03f656,甩掉糖化脸！素颜也能很抗打！????,https://www.xiaohongshu.com/explore/67fdd35e000000001d006f42?xsec_token=ABQAFQW-gtAvA7fD-65rT5yhauB3b1B0ERR1PTE2iPZMQ=&xsec_source=pc_user,抗打,,,自产笔记,AGX抗糖饮,,,
67fe16c9000000001d01e28e,精准护肤却无效？快试试这对补光灯cp！,https://www.xiaohongshu.com/explore/67fe1524000000001c03f656?xsec_token=AB1-9Y1RJoZ_t8Zm7_9chfCzcKBlXixqAhalLbLWNJbGI=&xsec_source=pc_user,无效,,,自产笔记,AGX+光感白肌饮,,,
67fe2baa000000001a004704,反糖特工出击，三相抗糖喝出“骨相女主”脸,https://www.xiaohongshu.com/explore/67fe16c9000000001d01e28e?xsec_token=AB1-9Y1RJoZ_t8Zm7_9chfC56T3xOFoF-Fd6mIa3gKiXg=&xsec_source=pc_user,蒋欣8,,,自产笔记,AGXI,,,
67fe2c7f000000001c007e27,抢先进入三相抗糖时代！让美貌具象化！,https://www.xiaohongshu.com/explore/67fe2baa000000001a004704?xsec_token=ABtIFk_safpynZBtBbGhATYHQmkJrNawRF95HxOVOMFN8=&xsec_source=pc_user,蒋欣9,,,自产笔记,AGXI,,,
67fe3b0b000000001c03f613,30+熟龄肌拒绝焦虑，快跟着蒋欣抗糖回春！,https://www.xiaohongshu.com/explore/67fe2c7f000000001c007e27?xsec_token=ABQMoaCTgQ1CFIcX6rD06AXkHAGhZq1JX5QMzV8BMHaWE=&xsec_source=pc_user,蒋欣10,,,自产笔记,AGXI,,,
6800549b000000001d014ad0,颖儿同款！黄黑皮一键重启光感肌有亿点快！,https://www.xiaohongshu.com/explore/67fe3b0b000000001c03f613?xsec_token=ABTuxqAvFLk1ohLG8zWPh_XUTybN175QiKlbBQt9F6CiY=&xsec_source=pc_user,颖儿20,,,自产笔记,光感白肌饮,,,
680058f8000000001d038321,内服才是高阶玩家底牌晓姿把肌龄焊死在25岁,https://www.xiaohongshu.com/explore/6800549b000000001d014ad0?app_platform=android&ignoreEngage=true&app_version=8.78.1&share_from_user_hidden=true&xsec_source=app_share&type=video&noteAttributes=goods&xsec_token=CBdXgj7ZWut0wdO2y7hDEoAQgufxTosZoamyye_92YKKY=&author_share=1&xhsshare=QQ&shareRedId=Nz9FREg4RkJKSTdHPzgyP0c8QktFNzc9&apptime=1744852131&share_id=08d93bc9bdf04c358bf259005e5bc505&share_channel=qq,高阶玩家,,,自产笔记,AGXI+光感白肌饮,,,
68006849000000001c031d2f,贵妇保养隐藏大招！不垮脸的神仙组合来啦,https://www.xiaohongshu.com/explore/680058f8000000001d038321?xsec_token=ABFheWaOnZW-h0ZnYOku-RPxQ3H_EZo1w8Oz-twxYsTB8=&xsec_source=pc_user,神仙组合,,,自产笔记,AGT粉钻CP,,,
68006d2c000000001b03fd69,补光灯CP升级回归！逆袭很简单,https://www.xiaohongshu.com/explore/68006849000000001c031d2f?app_platform=android&ignoreEngage=true&app_version=8.72.0&share_from_user_hidden=true&xsec_source=app_share&type=normal&noteAttributes=goods&xsec_token=CBMSCsG2dWXG7pjsNVmlXvuzi0BB08N7mnEVnosBw1exs=&author_share=1&xhsshare=QQ&shareRedId=ODw3Qzo1OU42NzUyOTgwNjY6OTc4STlO&apptime=1744857168&share_id=86feb06988de4448944d5a4c47ba36b7&share_channel=qq,升级回,,,自产笔记,AGXI+光感白肌饮,,,
68006f52000000001c00cfdf,抗糖才是妈生感底妆的开关！,https://www.xiaohongshu.com/explore/68006d2c000000001b03fd69?xsec_token=ABnoYMcW_iFaP9EWHVN1IhWku9Q19UoF0VmP7YQUdMAS4=&xsec_source=pc_user,妈生感,,,自产笔记,AGX抗糖饮,,,
6800a820000000001c02f39b,终于挖到林允的「眼周保鲜」秘籍了！,https://www.xiaohongshu.com/explore/68006f52000000001c00cfdf?xsec_token=ABA8_GltMjgQXCMNx5J5Pgag1P6YLER-lf6toQ7cgGeJA=&xsec_source=pc_user,林允19,,,自产笔记,金字塔眼膜,,,
6800bdfe000000001c01dbba,跟着林允get闪闪少女眼！眼周问题橡皮擦！,https://www.xiaohongshu.com/explore/6800a820000000001c02f39b?app_platform=android&ignoreEngage=true&app_version=8.72.0&share_from_user_hidden=true&xsec_source=app_share&type=video&noteAttributes=goods&xsec_token=CBMSCsG2dWXG7pjsNVmlXvu12hGrg-ZIaM5jvUU0pUnDM=&author_share=1&xhsshare=QQ&shareRedId=ODw3Qzo1OU42NzUyOTgwNjY6OTc4STlO&apptime=1744873511&share_id=f919e32fde6f4d6aad3a8c789c89c4cf&share_channel=qq,林允18,,,自产笔记,金字塔眼膜,,,
6800d660000000001c02ab43,林允好会挑！眼周问题达咩了,https://www.xiaohongshu.com/explore/6800bdfe000000001c01dbba?xsec_token=ABj0zTDkAGy3EZeQif9QuR4qunpJYqHBmNPeCbxBduO3o=&xsec_source=pc_user,林允16重发,,,自产笔记,金字塔眼膜,,,
6801b5d3000000001d0014ea,轻松逆转肌龄！这对焕亮嫩肤搭子真的爱了！,https://www.xiaohongshu.com/explore/6800d660000000001c02ab43?xsec_token=ABk8b1yzsdM1GhfAGjbBlrWJ3Wtj-kH4CXSjGefp4_MvA=&xsec_source=pc_user,搭子真,,,自产笔记,AGT精华+面膜,,,
680068c2000000001e00520a,满脸胶原，怎么不算垮脸自救成功呢？,https://www.xiaohongshu.com/explore/6801b5d3000000001d0014ea?xsec_token=ABVKYsEfzk5mj_xoPDYeR-HVHiH0pR9GYEB4jjmo6NGLQ=&xsec_source=pc_user,自救成,,,自产笔记,7D驱动饮,,,
6801c92c000000001b03f409,焕亮新纪元 瓷感透光肌养成秘！,https://www.xiaohongshu.com/explore/680068c2000000001e00520a?app_platform=android&ignoreEngage=true&app_version=8.78.1&share_from_user_hidden=true&xsec_source=app_share&type=normal&noteAttributes=goods&xsec_token=CBdXgj7ZWut0wdO2y7hDEoAfrqwZ_J4Y5H6cX2T4J3Ue0=&author_share=1&xhsshare=QQ&shareRedId=Nz9FREg4RkJKSTdHPzgyP0c8QktFNzc9&apptime=1744857295&share_id=f30d573b39804838897672680e798abc&share_channel=qq,养成秘,,,自产笔记,光感白肌饮,,,
6801e448000000001b038748,拯救黄黑皮姐妹 夏日养成透亮“光感肌”,https://www.xiaohongshu.com/explore/6801c92c000000001b03f409?xsec_token=ABVKYsEfzk5mj_xoPDYeR-HVli4e9OOMyplxZjUx5TstM=&xsec_source=pc_user,姐妹夏,,,自产笔记,光感白肌饮,,,
6801f091000000001d03a02e,熟龄肌断崖衰老急救！双饮解锁逆龄作弊秘?,https://www.xiaohongshu.com/explore/6801e448000000001b038748?app_platform=android&ignoreEngage=true&app_version=8.78.1&share_from_user_hidden=true&xsec_source=app_share&type=normal&noteAttributes=goods&xsec_token=CBDgm3w8CS6fx6O4cs4D_iJweTHfpmRPp0LAeRcQ1JSzc=&author_share=1&xhsshare=QQ&shareRedId=Nz9FREg4RkJKSTdHPzgyP0c8QktFNzc9&apptime=1744954481&share_id=fe5b579f435344c59bc4395786c08a80&share_channel=qq,双饮解,,,自产笔记,AGXI+7D,,,
6801f1d2000000001a005872,28+抗老警报｜你的真皮层正在「胶原断粮」,https://www.xiaohongshu.com/explore/6801f091000000001d03a02e?xsec_token=ABSH1JCyLwPSUvMNWGZcz_9FxqWLVnQ83Bf3eFL1wO2-0=&xsec_source=pc_user,胶原断,,,自产笔记,7D驱动饮,,,
6800c074000000001c02b9b2,女明星同款眼膜太香了！轻松get漫画少女眼,https://www.xiaohongshu.com/explore/6801f1d2000000001a005872?xsec_token=ABSH1JCyLwPSUvMNWGZcz_9M1VXVIB50P0vJxO3bzTyu4=&xsec_source=pc_user,眼膜太香,,,自产笔记,金字塔眼膜,,,
680213a0000000001d02297c,女明星冻龄坦白局，蒋欣教你高效保养,https://www.xiaohongshu.com/explore/6800c074000000001c02b9b2?app_platform=android&ignoreEngage=true&app_version=8.72.0&share_from_user_hidden=true&xsec_source=app_share&type=normal&noteAttributes=goods&xsec_token=CBMSCsG2dWXG7pjsNVmlXvuxnGyQvYVOrIKyi3kxfQffQ=&author_share=1&xhsshare=QQ&shareRedId=ODw3Qzo1OU42NzUyOTgwNjY6OTc4STlO&apptime=1744879738&share_id=0b2a5d1dadfc4e65967239d765028652&share_channel=qq,蒋欣11,,,自产笔记,AGXI,,,
68021696000000001c0048dd,蒋欣私下爱用内服分享！这个抗糖必须火！,https://www.xiaohongshu.com/explore/680213a0000000001d02297c?app_platform=android&ignoreEngage=true&app_version=8.78.1&share_from_user_hidden=true&xsec_source=app_share&type=normal&noteAttributes=goods&xsec_token=CBFiM2T_LUoskKxLHkabHtrqBvLKvdaMM7Ill9zgre7xU=&author_share=1&xhsshare=CopyLink&shareRedId=Nz9FREg4RkJKSTdHPzgyP0c8QktFNzc9&apptime=1744966582&share_id=801f57332f7140dbb8200b2a72b633f7&share_channel=copy_link,蒋欣12,,,自产笔记,AGXI,,,
6802179f000000001d01fa41,抗糖不狠=衰老稳赢！女明星三相抗糖大揭秘,https://www.xiaohongshu.com/explore/68021696000000001c0048dd?xsec_token=ABtjD50MhqpiFOQ7z78ZR6WTVgmQy9ZWYOiQ_cxLfwJEk=&xsec_source=pc_user,蒋欣13,,,自产笔记,AGXI,,,
680215bc000000001d018ed7,蒋欣保养思路太牛了！甜食放纵还能重建垮脸,https://www.xiaohongshu.com/explore/6802179f000000001d01fa41?app_platform=android&ignoreEngage=true&app_version=8.78.1&share_from_user_hidden=true&xsec_source=app_share&type=video&noteAttributes=goods&xsec_token=CBFiM2T_LUoskKxLHkabHtrtE9vCmB-HAmF34vy1VGL9s=&author_share=1&xhsshare=QQ&shareRedId=Nz9FREg4RkJKSTdHPzgyP0c8QktFNzc9&apptime=1744967589&share_id=62623dfeaa7a46c4b44212dc8458d630&share_channel=qq,蒋欣14,,,自产笔记,AGXI,,,
68021997000000001e0020d5,女明星蒋欣内调黑科技曝光！三相抗糖真的牛,https://www.xiaohongshu.com/explore/680215bc000000001d018ed7?app_platform=android&ignoreEngage=true&app_version=8.78.1&share_from_user_hidden=true&xsec_source=app_share&type=video&noteAttributes=goods&xsec_token=CBFiM2T_LUoskKxLHkabHtrhTM88XvBexTCtLn8a43o1s=&author_share=1&xhsshare=QQ&shareRedId=Nz9FREg4RkJKSTdHPzgyP0c8QktFNzc9&apptime=1744967104&share_id=03b63b5dbddb4870a6863e88a8b2bab1&share_channel=qq,蒋欣15,,,自产笔记,AGXI,,,
680223ec000000001e00728c,抗糖饮全新升级！女明星高级脸的秘密！,https://www.xiaohongshu.com/explore/68021997000000001e0020d5?app_platform=android&ignoreEngage=true&app_version=8.78.1&share_from_user_hidden=true&xsec_source=app_share&type=video&xsec_token=CBFiM2T_LUoskKxLHkabHtrmZ5RZ26wK4b4T2ryixDfbg=&author_share=1&xhsshare=QQ&shareRedId=Nz9FREg4RkJKSTdHPzgyP0c8QktFNzc9&apptime=1744968126&share_id=8bfa0095311b49969d75db9cb0b41ad0&share_channel=qq,蒋欣16,,,自产笔记,AGXI,,,
680228a0000000001d01f86f,贵妇姐姐的坦白局 三相抗糖逆转糖化危肌,https://www.xiaohongshu.com/explore/680223ec000000001e00728c?xsec_token=ABhOeel7RBRFp5Itgjm2OMThyEhOC3t0vX6PJQZdRDS38=&xsec_source=pc_user,化危机,,,自产笔记,AGXI,,,
68022d4a000000001a00648d,30+正确打开方式 三层抗糖构筑年轻地基,https://www.xiaohongshu.com/explore/680228a0000000001d01f86f?app_platform=android&ignoreEngage=true&app_version=8.78.1&share_from_user_hidden=true&xsec_source=app_share&type=normal&noteAttributes=goods&xsec_token=CBFiM2T_LUoskKxLHkabHtrkS57HyNElA1G3AYxu92SOg=&author_share=1&xhsshare=QQ&shareRedId=Nz9FREg4RkJKSTdHPzgyP0c8QktFNzc9&apptime=1744971940&share_id=ba0d3d80de764c80b3d34fc754ccd53f&share_channel=qq,年轻地,,,自产笔记,AGXI,,,
680598d4000000001c032320,反复爱上晓姿冰川玫瑰系列是抗老人的宿命！,https://www.xiaohongshu.com/explore/68022d4a000000001a00648d?app_platform=android&ignoreEngage=true&app_version=8.78.1&share_from_user_hidden=true&xsec_source=app_share&type=normal&noteAttributes=goods&xsec_token=CBFiM2T_LUoskKxLHkabHtrnLrdsZIf3aN5B549FAqr74=&author_share=1&xhsshare=QQ&shareRedId=Nz9FREg4RkJKSTdHPzgyP0c8QktFNzc9&apptime=1744973326&share_id=f1df081e4af24d9a99fb1656c6766329&share_channel=qq,反复爱,,,自产笔记,冰川玫瑰系列全家桶,,,
68059d30000000001d01b56c,晓姿内服全家桶，解锁由内而外的美丽,反复爱上晓姿冰川玫瑰系列是抗老人的宿命！ - 小红书,解锁由,,,自产笔记,口服合集,,,
68022253000000001b03cb2c,巢好＝年龄成秘！靠吃赢来好气色！,https://www.xiaohongshu.com/explore/68059d30000000001d01b56c?xsec_token=ABp4so6Oa8vT2EZ-DXzaUDUqgd5_A1JX-rHP_RMMdn6SU=&xsec_source=pc_user,来好气,,,自产笔记,养雌小粉果,,,
6805ba25000000001c01f6aa,暗沉垮脸扼杀在摇篮 焕亮紧致这CP一步到位,https://www.xiaohongshu.com/explore/68022253000000001b03cb2c?xsec_token=ABuHllmn8xK9osT7-K-xV_OHaOZ4TX1Eu9c3Bqh_3K2ow=&xsec_source=pc_user,在摇篮,,,自产笔记,AGT精华+面膜,,,
6805aad1000000001d019882,「黄金CP」全新升级！早白肌晚抗糖时代来了,https://www.xiaohongshu.com/explore/6805ba25000000001c01f6aa?app_platform=android&ignoreEngage=true&app_version=8.72.0&share_from_user_hidden=true&xsec_source=app_share&type=normal&noteAttributes=goods&xsec_token=CB2w39IbeyoLKkB8jtuTM7kDqgMBMyj9J2n69ybRpagPc=&author_share=1&xhsshare=QQ&shareRedId=ODw3Qzo1OU42NzUyOTgwNjY6OTc4STlO&apptime=1745205802&share_id=5c857f5ba12247beb8202a02462cda8f&share_channel=qq,全新升,,,自产笔记,AGXI+光感白肌饮,,,
6805ac67000000001d023b0d,抗糖党+黄黑皮想透亮！内服攻略来抄作业！,https://www.xiaohongshu.com/explore/6805aad1000000001d019882?app_platform=android&ignoreEngage=true&app_version=8.78.1&share_from_user_hidden=true&xsec_source=app_share&type=video&noteAttributes=goods&xsec_token=CBCevY9YWdL-WmAFlri2zUY9k3PWqCn6e6ykiL3pPiTNI=&author_share=1&xhsshare=CopyLink&shareRedId=Nz9FREg4RkJKSTdHPzgyP0c8QktFNzc9&apptime=1745201903&share_id=2ff982ae7f6f4ceeb4bdf3aa76282549&share_channel=copy_link,来抄作,,,自产笔记,X白组合,,,
6805ad6c000000001d023e20,黄黑皮爆改妈生冷皮丨入夏前逆袭透亮肌,https://www.xiaohongshu.com/explore/6805ac67000000001d023b0d?app_platform=android&ignoreEngage=true&app_version=8.78.1&share_from_user_hidden=true&xsec_source=app_share&type=normal&xsec_token=CBCevY9YWdL-WmAFlri2zUY6qhXgL_hwxutiEIm5SOC2U=&author_share=1&xhsshare=CopyLink&shareRedId=Nz9FREg4RkJKSTdHPzgyP0c8QktFNzc9&apptime=1745202289&share_id=5004d9c334484b84954731ffa8a63b4f&share_channel=copy_link,冷皮,,,自产笔记,白肌饮,,,
6805ee29000000001c03063e,没想到拯救底妆的竟然是一支防晒！,https://www.xiaohongshu.com/explore/6805ad6c000000001d023e20?app_platform=android&ignoreEngage=true&app_version=8.78.1&share_from_user_hidden=true&xsec_source=app_share&type=normal&noteAttributes=goods&xsec_token=CBCevY9YWdL-WmAFlri2zUY-RQkCwTvjZwrKWt7L5JzMs=&author_share=1&xhsshare=CopyLink&shareRedId=Nz9FREg4RkJKSTdHPzgyP0c8QktFNzc9&apptime=1745202545&share_id=5931a2ec43774e0bac414f0f4705c1ca&share_channel=copy_link,救底妆,,,自产笔记,抗糖防晒,,,
6806f843000000001c0028df,30岁的年龄20岁的皮肤，护肤有秘籍！,没想到拯救底妆的竟然是一支防晒！ - 小红书,有秘籍,,,自产笔记,AGXI+光感白肌饮,,,
68070bd4000000001c03dbf8,"夏日养白王炸CP?跟着韩女变白易如反掌！
",https://www.xiaohongshu.com/explore/6806f843000000001c0028df?xsec_token=ABNMX3a_FpvYGRYOJH9uklbrmbSOgGW05UtCkVGtPEDmg=&xsec_source=pc_user,白易如,,,自产笔记,抗糖防晒+光感白肌饮,,,
6807314e000000001c03c1cc,救不了老态脸？28+熟龄肌本命是三相抗糖！,https://www.xiaohongshu.com/explore/68070bd4000000001c03dbf8?xsec_token=AB-weM2zE8L0_yfeg2zxfwed7V6cUU6eCiVwoBLiO6azQ=&xsec_source=pc_user,本命是,,,自产笔记,AGXI,,,
6807407b000000001d01ca9a,打破k老瓶颈期！抗糖+补胶原=嫩脸的神,https://www.xiaohongshu.com/explore/6807314e000000001c03c1cc?xsec_token=ABxtdBKwzpcz5y1tOaN4WtQ9sCo1NK7gknz4zXA_1noAs=&xsec_source=pc_collect,抗糖补,,,自产笔记,AGXI+7D驱动饮,,,
68089198000000001d027bc6,颖儿同款光感机密！GET女明星冷皮悟了！,https://www.xiaohongshu.com/explore/6807407b000000001d01ca9a?app_platform=android&ignoreEngage=true&app_version=8.78.1&share_from_user_hidden=true&xsec_source=app_share&type=normal&noteAttributes=goods&xsec_token=CBTholoU07E8goKEds6NQVDtjFjgqjGqoG6a8P1PSAG3Q=&author_share=1&xhsshare=CopyLink&shareRedId=Nz9FREg4RkJKSTdHPzgyP0c8QktFNzc9&apptime=1745305770&share_id=c7c9043e40734e678ed9db02a181aab0&share_channel=copy_link,颖儿21,,,自产笔记,光感白肌饮,,,
680890bb000000001d01a856,开挂式内服！养出嘭弹牛奶肌！！,https://www.xiaohongshu.com/explore/68089198000000001d027bc6?xsec_token=ABzauKQKyDuTq72pifGhwxNT7hXsyI6cfuBd-2mP4vxso=&xsec_source=pc_collect,弹牛奶,,,自产笔记,X白组合,,,
6808cd2e000000001d006d8e,跟着女明星学变白，现成变美思路更容易！,https://www.xiaohongshu.com/explore/680890bb000000001d01a856?xsec_token=ABCpQpzZ5mAvrqc2oQUo9uAy0Fq5ynDKwDNHtl7TdcOdY=&xsec_source=pc_user,颖儿22,,,自产笔记,光感白肌饮,,,
6809a500000000001202dbe4,眼周干涸=少女感流失 25+抗老重点在眼睛,https://www.xiaohongshu.com/explore/6808cd2e000000001d006d8e?xsec_token=ABxzBLa38f0wwDiJ6ym2mLeq356Hcw5fMmd99HXkY-NB8=&xsec_source=pc_user,林允22,,,自产笔记,金字塔眼膜,,,
6809f2f9000000001d01af6a,黄黑皮的神！喝了这玩意亮到刹不住车！,https://www.xiaohongshu.com/explore/6809a500000000001202dbe4?app_platform=android&ignoreEngage=true&app_version=8.72.0&share_from_user_hidden=true&xsec_source=app_share&type=video&noteAttributes=goods&xsec_token=CBNzGBDcwdNNH9VIKWb9Cnw2nE7q_2UkvqJJCP-H2NOQM=&author_share=1&xhsshare=QQ&shareRedId=ODw3Qzo1OU42NzUyOTgwNjY6OTc4STlO&apptime=1745462548&share_id=5dcad6e1e6df46ceb0a8673731b54347&share_channel=qq,刹不住,,,自产笔记,光感白肌饮,,,
680ade56000000001c0034be,冻龄抗老真的不难！别等垮脸才后悔,https://www.xiaohongshu.com/explore/6809f2f9000000001d01af6a?app_platform=android&ignoreEngage=true&app_version=8.78.1&share_from_user_hidden=true&xsec_source=app_share&type=normal&noteAttributes=goods&xsec_token=CBfaL5dzt2eFk-JgUv-RHQVl9SPAgexuHk2UK1YOx79Xs=&author_share=1&xhsshare=CopyLink&shareRedId=Nz9FREg4RkJKSTdHPzgyP0c8QktFNzc9&apptime=1745482501&share_id=8a41d57f8c5547a8b8d9a6c3561f6d29&share_channel=copy_link,不难别等,,,自产笔记,AGXI,,,
680ae0df000000001c00811b,蒋欣私藏抗糖内服丨狂炫甜品也能素颜发光！,https://www.xiaohongshu.com/explore/680ade56000000001c0034be?xsec_token=ABhE7oXdLTKsxeX3JT5BsYnb8GBqXbX9kEMolwAUmSTjE=&xsec_source=pc_user,蒋欣17,,,自产笔记,AGXI,,,
680ae32e000000001c03faa9,28+跟着蒋欣打卡！拒绝陷入控糖焦虑！,https://www.xiaohongshu.com/explore/680ae0df000000001c00811b?app_platform=android&ignoreEngage=true&app_version=8.78.1&share_from_user_hidden=true&xsec_source=app_share&type=video&xsec_token=CBIuehlE7YRdmNDTu9VibO9aKNlI3UHH8PHCO-ZEGlYIs=&author_share=1&xhsshare=CopyLink&shareRedId=Nz9FREg4RkJKSTdHPzgyP0c8QktFNzc9&apptime=1745543396&share_id=89da21a47dfa4ceaa52f265e86ca78c8&share_channel=copy_link,蒋欣18,,,自产笔记,AGXI,,,
680ae7c3000000001c000a17,蒋欣同款三相抗糖！骨肉皮全层逆龄出击,https://www.xiaohongshu.com/explore/680ae32e000000001c03faa9?xsec_token=ABwqCMOhZJrY_sLEcPZcUDgxzW_616YB1hXe9JWaCidzo=&xsec_source=pc_user,蒋欣19,,,自产笔记,AGXI,,,
680aea87000000001c03ccef,夏天甜品自由的底气 蒋欣同款抗糖饮来撑腰,https://www.xiaohongshu.com/explore/680ae7c3000000001c000a17?xsec_token=ABTwY-HbO3w-IahsrV9mNK1M2lXuC116DP9cSwa-HkkOI=&xsec_source=pc_user,蒋欣20,,,自产笔记,AGXI,,,
680aed09000000001e007445,30+素颜指南|内外兼修打造钻光肌,https://www.xiaohongshu.com/explore/680aea87000000001c03ccef?app_platform=android&ignoreEngage=true&app_version=8.78.1&share_from_user_hidden=true&xsec_source=app_share&type=normal&noteAttributes=goods&xsec_token=CBIuehlE7YRdmNDTu9VibO9WC_6HQoyNCTsg9Quq7TbC4=&author_share=1&xhsshare=QQ&shareRedId=Nz9FREg4RkJKSTdHPzgyP0c8QktFNzc9&apptime=1745,造钻光肌,,,自产笔记,AGXI+光感白肌饮,,,
680af6d4000000001a005d3c,补光灯cp全新升级！谁喝谁嫩亮！,https://www.xiaohongshu.com/explore/680aed09000000001e007445?xsec_token=AB-NudYUhcNlQuKt9AVHYnk4h3f3JAZUO1nS9DUD4aPqs=&xsec_source=pc_user,升级谁喝,,,自产笔记,AGXI+光感白肌饮,,,
680afb31000000001d01af0f,贵妇宝藏内服！抗糖+胶原效果不要太夸张,https://www.xiaohongshu.com/explore/680af6d4000000001a005d3c?xsec_token=ABmvKLHf-imtsuPxzkl0BExKdURRjhF57CvOjvBmnaA3I=&xsec_source=pc_user,太夸张,,,自产笔记,AGXI+驱动饮,,,
680b2275000000001d0273d3,夏季焕亮黄金CP！瓷感透光肌就这么容易！,https://www.xiaohongshu.com/explore/680afb31000000001d01af0f?xsec_token=ABdZJLgI52ZHUvnAIDw4CQlVO42NCfUMv4jh9Xvd5hxUg=&xsec_source=pc_user,这么容,,,自产笔记,抗糖防晒+光感白肌饮,,,
680b37c6000000001d020695,抗糖化≠戒糖！终于悟到了保养的真正方式,https://www.xiaohongshu.com/explore/680b2275000000001d0273d3?xsec_token=AB4b2_DCdtRfpYh0zQrmavl_0r3QjnECDcJB1Q64gxarY=&xsec_source=pc_user,真正方式,,,自产笔记,AGXI,,,
680b3f87000000001c036a8b,拯救熬夜垮脸｜30+也能越熬越有气色,https://www.xiaohongshu.com/explore/680b37c6000000001d020695?xsec_token=ABtfyqjx1L1CBN7xyiaWPYgsCDP7Y_Nw-nObRCZdPrpcc=&xsec_source=pc_user,有气色,,,自产笔记,AGT粉钻面膜,,,
680b404f000000001c01c275,眼周重返青春！25+女生必备的淡纹眼膜来啦,https://www.xiaohongshu.com/explore/680b3f87000000001c036a8b?app_platform=android&ignoreEngage=true&app_version=8.72.0&share_from_user_hidden=true&xsec_source=app_share&type=normal&noteAttributes=goods&xsec_token=CBarEZOY530PIT17Qhoi8dfT47XdS7oHqiBimEj0qOESA=&author_share=1&xhsshare=QQ&shareRedId=ODw3Qzo1OU42NzUyOTgwNjY6OTc4STlO&apptime=1745567843&share_id=82c577ac1ce847c89635d7891db9968e&share_channel=qq,返青春,,,自产笔记,金字塔眼膜,,,
680b42d0000000001c037b17,黑眼圈榜一鲨手 熬夜党的眼部冰美式来了,https://www.xiaohongshu.com/explore/680b404f000000001c01c275?app_platform=android&ignoreEngage=true&app_version=8.72.0&share_from_user_hidden=true&xsec_source=app_share&type=normal&noteAttributes=goods&xsec_token=CBarEZOY530PIT17Qhoi8dffKl21lcciyG8dUHryScAl0=&author_share=1&xhsshare=QQ&shareRedId=ODw3Qzo1OU42NzUyOTgwNjY6OTc4STlO&apptime=1745567830&share_id=81b2b679e72d448c9d7fd73601dc02e2&share_channel=qq,美式来,,,自产笔记,冰美式眼膜,,,
680d9d81000000001d007a18,黄金cp联手！内提亮外防光妈生好皮回来啦！,https://www.xiaohongshu.com/explore/680b42d0000000001c037b17?app_platform=android&ignoreEngage=true&app_version=8.72.0&share_from_user_hidden=true&xsec_source=app_share&type=normal&noteAttributes=goods&xsec_token=CBarEZOY530PIT17Qhoi8dffKkIHpdPci1B0_iMGBF7ok=&author_share=1&xhsshare=QQ&shareRedId=ODw3Qzo1OU42NzUyOTgwNjY6OTc4STlO&apptime=1745568470&share_id=8a5801da69fa4c3495c1cdb1b0687c5a&share_channel=qq,回来啦,,,自产笔记,AGX+抗糖防晒,,,
680da045000000001b024393,内服外用不分家！抗糖+防晒才是真抗老！,https://www.xiaohongshu.com/explore/680d9d81000000001d007a18?xsec_token=ABOm5OklvYXFvGoWKgUxW3bRNpgTelJCJzwVAZOBCrKkk=&xsec_source=pc_user,不分家,,,自产笔记,AGXI+抗糖防晒,,,
680deb38000000001b03e2df,黄糙皮急救大法！贵妇甄选有两把刷子！,https://www.xiaohongshu.com/explore/680da045000000001b024393?xsec_token=ABjnPi5ZD_YImt4QrpvMgb_FBxVsKQGsNQARJzbGMqb2k=&xsec_source=pc_like,两把刷子,,,自产笔记,AGXI+光感白肌饮,,,
680da7b3000000001b03af47,嫩脸的尽头是抗糖！,https://www.xiaohongshu.com/explore/680deb38000000001b03e2df?xsec_token=ABAsfQQTwB8il9gs6ONJTWoSJo6HYNBDOmlB0C6c0bi7Q=&xsec_source=pc_user,脸的尽,,,自产笔记,AGX抗糖饮,,,
680ee1a40000000021004f74,变美内调我悟了！降??养??是关键！,https://www.xiaohongshu.com/explore/680da7b3000000001b03af47?xsec_token=ABAsfQQTwB8il9gs6ONJTWoVJGUFoO6JMA30H0eX09DOM=&xsec_source=pc_user,我悟了,,,自产笔记,小粉果,,,
680f42f3000000002101aae1,普通人牛奶肌成功上岸！光感白肌饮实力出圈,https://www.xiaohongshu.com/explore/680ee1a40000000021004f74?app_platform=android&ignoreEngage=true&app_version=8.78.1&share_from_user_hidden=true&xsec_source=app_share&type=normal&noteAttributes=goods&xsec_token=CB7Nm-qn6t-s2y7QZISmbXgTK2JJmQSolKV5FY1QYxjqo=&author_share=1&xhsshare=CopyLink&shareRedId=Nz9FREg4RkJKSTdHPzgyP0c8QktFNzc9&apptime=1745805749&share_id=ce29966b741b43a4ae158582044a9052&share_channel=copy_link,实力出,,,自产笔记,光感白肌饮,,,
681096ca000000002200713a,从骨到肉再到皮！构建抗糖金三角防御体系,https://www.xiaohongshu.com/explore/680f42f3000000002101aae1?xsec_token=ABBxcxL6M6_RLweqCzqOuDS_Ns30VoIMBFG4OHNFPztYA=&xsec_source=pc_search&source=web_user_page,防御体系,,,自产笔记,AGXI,,,
68109bd90000000023003a07,终于找到不糊脸的防晒，暴晒也能透亮发光,从骨到肉再到皮！构建抗糖金三角防御体系 - 小红书,亮发光,,,自产笔记,抗糖防晒,,,
68109cd90000000021005ca5,夏日黄糙皮自救指南！贵妇圈团宠有点东西,https://www.xiaohongshu.com/explore/68109bd90000000023003a07?xsec_token=ABVVkjk0x-z7C4hpxxb_xEtwPH4b4kjp4nllPuSoMdRxs=&xsec_source=pc_user,有点东西,,,自产笔记,AGXI+光感白肌饮,,,
6810a925000000002001d3b5,谁还不知道？抗衰是要内防外护,https://www.xiaohongshu.com/explore/68109cd90000000021005ca5?xsec_token=ABHLz1CeaXNSwiNGfL3gjBKueE8tBkGpTjTfmFr7FDd3c=&xsec_source=pc_user,内防外,,,自产笔记,AGXI+抗糖防晒,,,
681174a2000000002100c8a8,熟龄肌抗糖自救！重返少女肌,https://www.xiaohongshu.com/explore/6810a925000000002001d3b5?xsec_token=AB7Gg-a03GM8Zw0r97B_Q8kkQDsENvg_ZCvF1yUdZO0Ik=&xsec_source=pc_user,自救重,,,自产笔记,AGXI,,,
681176c2000000002100d010,解锁「三相抗糖」新纪元 垮脸黄气危机全击,熟龄肌抗糖自救！重返少女肌 - 小红书,蒋欣21,,,自产笔记,AGXI,,,
6810a42a000000002300d4f6,选对就是省钱，爆款解析！熟龄肌保养不踩雷,https://www.xiaohongshu.com/explore/681176c2000000002100d010?xsec_token=ABCitUibku-7HfFAi-LM6fAoTyIwjZLoeRntqDMsooL30=&xsec_source=pc_collect,不踩雷,,,自产笔记,美护合集,,,
68117ab2000000002202ef27,30岁重启胶原，这贵妇面膜专吃细纹？！,https://www.xiaohongshu.com/explore/6810a42a000000002300d4f6?app_platform=android&ignoreEngage=true&app_version=8.72.0&share_from_user_hidden=true&xsec_source=app_share&type=normal&xsec_token=CBYNahNsPV4bPxtsMePJ0xBayDbK9mI__nkZuz7R7hYFQ=&author_share=1&xhsshare=QQ&shareRedId=ODw3Qzo1OU42NzUyOTgwNjY6OTc4STlO&apptime=1745921069&share_id=3690365afabb400b96a086248e428935&share_channel=qq,吃细纹,,,自产笔记,AGT粉钻面膜,,,
68117d2500000000220273ea,皮肤透光指南 这才是高阶k衰解法！,https://www.xiaohongshu.com/explore/68117ab2000000002202ef27?app_platform=android&ignoreEngage=true&app_version=8.72.0&share_from_user_hidden=true&xsec_source=app_share&type=normal&noteAttributes=goods&xsec_token=CB9f83fxSqNDAZ6mU2BefjJENpvzJ9JTsKIwy9khlctSg=&author_share=1&xhsshare=QQ&shareRedId=ODw3Qzo1OU42NzUyOTgwNjY6OTc4STlO&apptime=1745975990&share_id=c721a84e9f1c4dc7bb565c2f0e969471&share_channel=qq,透光指南,,,自产笔记,AGXI+光感白肌饮,,,
68118132000000002001fa34,30+也能甜而不"黄" 蒋欣的抗糖秘籍竟是它,https://www.xiaohongshu.com/explore/68117d2500000000220273ea?app_platform=android&ignoreEngage=true&app_version=8.78.1&share_from_user_hidden=true&xsec_source=app_share&type=video&noteAttributes=goods&xsec_token=CBSB9gPN4olEhEGShY4Qfyi7XqQo211A3BS_qQbyA6mjs=&author_share=1&xhsshare=QQ&shareRedId=Nz9FREg4RkJKSTdHPzgyP0c8QktF,蒋欣22,,,自产笔记,AGXI,,,
68117fd10000000023016b98,这眼膜淡纹太猛了，林允你怎么不早说！,https://www.xiaohongshu.com/explore/68118132000000002001fa34?app_platform=android&ignoreEngage=true&app_version=8.78.1&share_from_user_hidden=true&xsec_source=app_share&type=video&noteAttributes=goods&xsec_token=CBSB9gPN4olEhEGShY4Qfyi70TaGYdiajJoHPPP7MW7Vo=&author_share=1&xhsshare=QQ&shareRedId=Nz9FREg4RkJKSTdHPzgyP0c8QktFNzc9&apptime=1745977654&share_id=910f0d8e23734e6d8ed2d3949a80af74&share_channel=qq,林允23,,,自产笔记,金字塔眼膜,,,
68117c300000000023015a6f,林允同款眼部回春术！一键嫩回卡姿兰大眼,https://www.xiaohongshu.com/explore/68117fd10000000023016b98?app_platform=android&ignoreEngage=true&app_version=8.72.0&share_from_user_hidden=true&xsec_source=app_share&type=video&noteAttributes=goods&xsec_token=CB9f83fxSqNDAZ6mU2BefjJIx6z26SPe-EDtxPrvJzHM0=&author_share=1&xhsshare=QQ&shareRedId=ODw3Qzo1OU42NzUyOTgwNjY6OTc4STlO&apptime=1745977311&share_id=606957246a1b4f129bb00abb9fa1e385&share_channel=qq,林允24,,,自产笔记,金字塔眼膜,,,
68117908000000002102e161（颖儿）,夏季露肤自由的底气！颖儿同款白肌饮来撑腰,https://www.xiaohongshu.com/explore/68117c300000000023015a6f?app_platform=android&ignoreEngage=true&app_version=8.72.0&share_from_user_hidden=true&xsec_source=app_share&type=video&noteAttributes=goods&xsec_token=CB9f83fxSqNDAZ6mU2BefjJM-H8VvG0Z2Drhzr8rkcXX8=&author_share=1&xhsshare=QQ&shareRedId=ODw3Qzo1OU42NzUyOTgwNjY6OTc4STlO&apptime=1745976653&share_id=b74ab8f81550476ca9d565bbf6fdf9d4&share_channel=qq,颖儿23,,,自产笔记,光感白肌饮,,,
68118c15000000002100bf92,想要全身白得彻底还得内外兼修！来抄作业！,https://www.xiaohongshu.com/explore/68117908000000002102e161?app_platform=android&ignoreEngage=true&app_version=8.78.1&share_from_user_hidden=true&xsec_source=app_share&type=video&noteAttributes=goods&xsec_token=CBSB9gPN4olEhEGShY4QfyixD9ImCKX4qDPeuRaDmCXdE=&author_share=1&xhsshare=QQ&shareRedId=Nz9FREg4RkJKSTdHPzgyP0c8QktFNzc9&apptime=1745975565&share_id=120b235b44dc4e10bad6712c18787bdd&share_channel=qq,内外兼,,,自产笔记,抗糖防晒+光感白肌饮,,,
6811884b000000002001e25a,抗糖就要苦哈哈？蒋欣教你甜品&冻龄兼得,https://www.xiaohongshu.com/explore/68118c15000000002100bf92?xsec_token=ABgptdNDiNmTYHz5KP3IMAArOHQ2xQkhct7EBylUNhVu4=&xsec_source=pc_user,蒋欣23,,,自产笔记,AGXI,,,
68118d70000000002001c23b,难怪女明星都抗得住镜头…,抗糖就要苦哈哈？蒋欣教你甜品&冻龄兼得 - 小红书,蒋欣24,,,自产笔记,AGXI,,,
6811945c0000000022037a4c,30+眼周保卫战 守住年龄密码从“睛”致开始,https://www.xiaohongshu.com/explore/68118d70000000002001c23b?xsec_token=ABITUbW4x00QqSYeavtclARtR0bQz7hVtr43Hecu9zfSU=&xsec_source=pc_user,保卫战,,,自产笔记,金字塔眼膜,,,
68119ea0000000002102fbd8,别“胶”虑了 嫩脸大作战有它就够了,https://www.xiaohongshu.com/explore/6811945c0000000022037a4c?app_platform=android&ignoreEngage=true&app_version=8.72.0&share_from_user_hidden=true&xsec_source=app_share&type=normal&noteAttributes=goods&xsec_token=CB9f83fxSqNDAZ6mU2BefjJKVKjWFRgxj4BGnSPYDJQbw=&author_share=1&xhsshare=QQ&shareRedId=ODw3Qzo1OU42NzUyOTgwNjY6OTc4STlO&apptime=1745982563&share_id=21fd8e31183f466eb8c6e7baaae3a479&share_channel=qq,就够了,,,自产笔记,7D驱动饮,,,
6811a0560000000023016387,"无惧熬夜暗垮糙！素颜也能透亮嫩
",https://www.xiaohongshu.com/explore/68119ea0000000002102fbd8?app_platform=android&ignoreEngage=true&app_version=8.78.1&share_from_user_hidden=true&xsec_source=app_share&type=normal&noteAttributes=goods&xsec_token=CBSB9gPN4olEhEGShY4Qfyi3GaNfq6I9d1noz6YDjuE7E=&author_share=1&xhsshare=QQ&shareRedId=Nz9FREg4RkJKSTdHPzgyP0c8QktFNzc9&apptime=1745985188&share_id=d9f29717ec1a4295830ec2ec370dca39&share_channel=qq,素颜也,,,自产笔记,AGT粉钻CP,,,
681192590000000022007d8e,蒋欣同款抗糖秘诀！！28天喝出无暇少女肌,https://www.xiaohongshu.com/explore/6811a0560000000023016387?xsec_token=ABwZGko0mqiBwBMqO-wUabaCVqh7eanbJ-DfM1zh6-zQs=&xsec_source=pc_user,蒋欣26,,,自产笔记,AGXI,,,
6811c471000000002001fd08,内提亮＋外防光素颜高光时刻？贵妇肌秘公开,https://www.xiaohongshu.com/explore/681192590000000022007d8e?xsec_token=AB-kbImUKlUuoKfd7OcldnexufQ7QFz_d0lZIc1xJaduM=&xsec_source=pc_user,秘公开,,,自产笔记,防晒+白肌饮,,,
6811c0440000000022007f57,抗糖还得跟着蒋欣选！肌肤紧致秘诀直接抄?,https://www.xiaohongshu.com/explore/6811c471000000002001fd08?xsec_token=ABOGrrAPrNgoPiSj3EHbTrdYXc6-04f1rhWxOjYAN3ciI=&xsec_source=pc_user,蒋欣25,,,自产笔记,AGXI,,,
6811e50d000000000900ef90（广告素材）,熟龄肌老化急救！双饮解锁美貌作弊秘?,https://www.xiaohongshu.com/explore/6811c0440000000022007f57?xsec_token=ABbid0LWabpqyMl3wxT-prrBpG5XIpG1XWBBIXd3gPzW0=&xsec_source=pc_user,急救双,,,自产笔记,AGXI+7D,,,
6811e766000000002102f547,补胶原+抗糖化=拿捏逆龄密码！,,抗糖化,,,自产笔记,AGXI+7D,,,
681c5ed2000000002001de0e,女明星变美法则｜颖儿的夏日发光tips,https://www.xiaohongshu.com/explore/6811e766000000002102f547?xsec_token=ABTw4AyMgrbYA6CpJdLT78SzWEWRMZntQLdpCn2Nvnz04=&xsec_source=pc_user,颖儿24,,,自产笔记,光感白肌饮,,,
681c68b9000000002101959e,颖儿同款牛奶肌神器！黑黄皮的救赎来了！,https://www.xiaohongshu.com/explore/681c5ed2000000002001de0e?xsec_token=AB8MtXJlytl35A7hCTv7YHNeG0NazLEoqTSg6E8r1UxmU=&xsec_source=pc_user,颖儿25,,,自产笔记,光感白肌饮,,,
681c75a20000000022027e4d,晓姿当家花旦又升级！黄黑垮脸跪谢！,https://www.xiaohongshu.com/explore/681c68b9000000002101959e?app_platform=android&ignoreEngage=true&app_version=8.81.0&share_from_user_hidden=true&xsec_source=app_share&type=video&noteAttributes=goods&xsec_token=CBQEUO5dzsukhZ5qyejlJ-A3rwGTT9DS9ljDNTP6KPaL8=&author_share=1&xhsshare=QQ&shareRedId=Nz9FREg4RkJKSTdHPzgyP0c8QktFNzc9&apptime=1746692290&share_id=f9dcf6b427614a44a27a4971f49178f7&share_channel=qq,当家花旦,,,自产笔记,AGXI+光感白肌饮,,,
681c9cda0000000021004ac1,精修不如内服！喝出来的透亮才是真干净!,晓姿当家花旦又升级！黄黑垮脸跪谢！ - 小红书,真干净,,,自产笔记,光感白肌饮,,,
681d53b7000000002100f640,25+垮脸下垂？来看看贵妇圈的抗老宝藏！,https://www.xiaohongshu.com/explore/681c9cda0000000021004ac1?xsec_token=ABwVQG33UtNfkdNo4FzVR85xvgoGPCmJMne6rbYU_4LtY=&xsec_source=pc_like,抗老宝,,,自产笔记,AGXI,,,
681d5a5800000000220362e7,用一次惊一次！三抗K老和饱满肌双向奔赴！,https://www.xiaohongshu.com/explore/681d53b7000000002100f640?xsec_token=ABsXR3FLsGTm90qU8JVaETt_GXFn595EOAYb2znpkrZgM=&xsec_source=pc_user,一次三,,,自产笔记,AGT粉钻cp,,,
681d79dd00000000210096d0,一键暂停胶原流失，素颜也能自信有底气,https://www.xiaohongshu.com/explore/681d5a5800000000220362e7?xsec_token=ABihUFGJ0gfXC7jpmt1yLW9Er2AiRNH4txyRH9xPayhx0=&xsec_source=pc_search&source=web_search_result_notes,有底气,,,自产笔记,7D驱动饮,,,
681d7013000000002001cf9d,又一个神仙组合！不黑别碰,https://www.xiaohongshu.com/explore/681d79dd00000000210096d0?xsec_token=ABgqBMJ2mmI9UhpYIGkBSoLQcLTL5jhr5OJ_ISRuyb-jE=&xsec_source=pc_user,组合不,,,自产笔记,抗糖防晒+光感白肌饮,,,
681da48a000000002300dc14,打破抗老瓶颈期！贵妇圈暗藏的小脸复活术,https://www.xiaohongshu.com/explore/681d7013000000002001cf9d?xsec_token=ABO0Lqk4XEpknum5W8mabkiA5rtnu-lqBfTmg1ST6O38Y=&xsec_source=pc_user,复活术,,,自产笔记,AGT粉钻CP,,,
681da576000000002300e133,抗老三缺一？熟龄肌垮脸元凶竟是羰基化！,https://www.xiaohongshu.com/explore/681da48a000000002300dc14?app_platform=android&ignoreEngage=true&app_version=8.81.0&share_from_user_hidden=true&xsec_source=app_share&type=normal&noteAttributes=goods&xsec_token=CBdTfIzhRBzKHKqha8wsqt8FnQLhqEgY3mbJSdVWTvza0=&author_share=1&xhsshare=QQ&shareRedId=ODw3Qzo1OU42NzUyOTgwNjY6OTc4STlO&apptime=1746773382&share_id=7692f6651add4ed38bce358fad468efb&share_channel=qq,三缺一,,,自产笔记,粉钻面膜,,,
681d9e19000000002100dbef,少女肌+千金感的养成原来只用靠一支ta！,https://www.xiaohongshu.com/explore/681da576000000002300e133?app_platform=android&ignoreEngage=true&app_version=8.81.0&share_from_user_hidden=true&xsec_source=app_share&type=normal&noteAttributes=goods&xsec_token=CBdTfIzhRBzKHKqha8wsqt8MTkOvcigA-xbSdTZhNo3ss=&author_share=1&xhsshare=QQ&shareRedId=ODw3Qzo1OU42NzUyOTgwNjY6OTc4STlO&apptime=1746773400&share_id=77acf188cd654bf5a931d5e6d5a2f9c6&share_channel=qq,靠一支,,,自产笔记,AGXI,,,
681da71500000000210098f3,新娘婚前内调变美计划 好肤色惊艳亲朋好友,28岁之后肌肤逐渐熟龄化 暗黄、细纹、垮脸接踵而至…… 护肤品当然满足不了需求 但真的不建议姐妹们一味跟风靠科技追求表面的快速效果 从内而外的才是属于自己的真正的美！ 参照女明星！???♀?好状态离不开抗糖+日常控糖 但普通人日常哪能离得开碳水和甜食、熬夜啊 - 别急！????有晓姿兜底 让你28+也能拿捏好状态！ 这次升级版的抗糖饮直接给你一步到位安排好了 晓姿AGXI抗糖饮 ?从骨相-肉相-皮相直接三相抗糖 糖化脸的姐妹像开启了一键P图 ??骨相 ??AG Herb Mix?+GML.山竹提取物 深入骨骼抗糖，改善皮肤弹性的同时保持骨质不流失 ??肉相 ??菱角皮提取物+山楂提取物 抑制糖化反应，抑制糖化产物（AGEs） ??胶原蛋白肽 直接补进小脸的胶原，保湿紧肤 ??皮相 ??茴香+绿茶+桑叶+橄榄叶提取物 四重植萃双抗出击 同时清除自由基，抗氧化、抗糖化 - 不仅get钻光细腻肌肤贵气感 同时兼顾透出来的少女好状态?? 内服三相抗糖真的很香！熟龄肌姐妹值得投资！ 现在下单3盒立减700+?? 还有敲~惊喜好礼相送 感谢@斯坦. 姐妹的喜爱和分享 #AGXI抗糖饮#蒋欣#蒋欣同款#AXXZIA#晓姿抗糖时代#晓姿#AGXI#抗糖#糖化脸 #内服好物 #年轻肌肤 #胶原蛋白 #抗糖 - 小红书,朋好友,,,自产笔记,光感白肌饮,,,
681d988f0000000023010e98,跟着林允学养眼周保养！好用到离谱！！,https://www.xiaohongshu.com/explore/681da71500000000210098f3?app_platform=android&ignoreEngage=true&app_version=8.81.0&share_from_user_hidden=true&xsec_source=app_share&type=video&noteAttributes=goods&xsec_token=CB_usOFG4llR1hX2RXl6M_NO8LZyXEyTMrODr-iPrdxjo=&author_share=1&xhsshare=QQ&shareRedId=Nz9FREg4RkJKSTdHPzgyP0c8QktFNzc9&apptime=1746773785&share_id=e5e5bd5fd81d47a09790c17be6389650&share_channel=qq,林允25,,,自产笔记,金字塔眼膜,,,
681dac130000000022004803,蒋欣同款抗糖：下午茶自由与美丽兼得的秘密,跟着林允学养眼周保养！好用到离谱！！ - 小红书,蒋欣27,,,自产笔记,AGXI,,,
681dab2d000000002100b31d,30+素颜逆袭！喝出妈生好皮的王炸组合,https://www.xiaohongshu.com/explore/681dac130000000022004803?app_platform=android&ignoreEngage=true&app_version=8.81.0&share_from_user_hidden=true&xsec_source=app_share&type=video&noteAttributes=goods&xsec_token=CB_usOFG4llR1hX2RXl6M_NMx6KtQHsREJI2DDR1lBOP0=&author_share=1&xhsshare=QQ&shareRedId=Nz9FREg4RkJKSTdHPzgyP0c8QktFNzc9&apptime=1746775066&share_id=0e2d6a0b8b614ce89553613eb25174c8&share_channel=qq,王炸组合,,,自产笔记,X白组合,,,
681d9f280000000022035649,锁定垮脸官配，30岁后有种娇生惯养的美,https://www.xiaohongshu.com/explore/681dab2d000000002100b31d?app_platform=android&ignoreEngage=true&app_version=8.81.0&share_from_user_hidden=true&xsec_source=app_share&type=normal&noteAttributes=goods&xsec_token=CB_usOFG4llR1hX2RXl6M_NP-n7lkMzGvKlBpjRJ62tAs=&author_share=1&xhsshare=QQ&shareRedId=Nz9FREg4RkJKSTdHPzgyP0c8QktFNzc9&apptime=1746775076&share_id=80c7299a3128462f9b21ca4baa895869&share_channel=qq,养的美,,,自产笔记,AGXI+粉钻面膜,,,
681daf410000000021008dac,KO糖化脸后 素颜仿佛自带PS精修感！,https://www.xiaohongshu.com/explore/681d9f280000000022035649?app_platform=android&ignoreEngage=true&app_version=8.81.0&share_from_user_hidden=true&xsec_source=app_share&type=normal&noteAttributes=goods&xsec_token=CBdTfIzhRBzKHKqha8wsqt8PH0eVc0QGbI5DbIHaS_iQA=&author_share=1&xhsshare=QQ&shareRedId=ODw3Qzo1OU42NzUyOTgwNjY6OTc4STlO&apptime=1746771758&share_id=efe98949b6a64ecdb4fb0746737aa20e&share_channel=qq,蒋欣30,,,自产笔记,AGXI,,,
681da049000000002202cdf6,眼纹党进！林允同款【嫩眼密码】原来是它,https://www.xiaohongshu.com/explore/681daf410000000021008dac?xsec_token=ABcsdk3Qcz49IEMqosPnG5y58akwId8QcSeBXNPEX-Mlk=&xsec_source=pc_collect,林允26,,,自产笔记,金字塔眼膜,,,
681dc8690000000022027ca3,贵妇圈美丽暗号：抗糖饮灌肌底+防晒开外挂,https://www.xiaohongshu.com/explore/681da049000000002202cdf6?app_platform=android&ignoreEngage=true&app_version=8.81.0&share_from_user_hidden=true&xsec_source=app_share&type=video&noteAttributes=goods&xsec_token=CBdTfIzhRBzKHKqha8wsqt8Kq7WLnXlaGarFidrDYxljU=&author_share=1&xhsshare=QQ&shareRedId=ODw3Qzo1OU42NzUyOTgwNjY6OTc4STlO&apptime=1746772048&share_id=aed485c9ede044879a09f2fd93da484f&share_channel=qq,暗号,,,自产笔记,AGXI+抗糖防晒,,,
681dcc69000000002001d50c,跟着蒋欣吃！不用戒甜也能向糖化脸告别,https://www.xiaohongshu.com/explore/681dc8690000000022027ca3?app_platform=android&ignoreEngage=true&app_version=8.81.0&share_from_user_hidden=true&xsec_source=app_share&type=video&noteAttributes=goods&xsec_token=CB_usOFG4llR1hX2RXl6M_NDorgdYU2sSfQjOmZyiaVC8=&author_share=1&xhsshare=QQ&shareRedId=Nz9FREg4RkJKSTdHPzgyP0c8QktFNzc9&apptime=1746782348&share_id=4204cc4ce6264d06984ba2fbfc520760&share_channel=qq,蒋欣28,,,自产笔记,AGXI,,,
681dcded000000002200754d,蒋欣的抗糖密码 让肌肤重回年轻态,https://www.xiaohongshu.com/explore/681dcc69000000002001d50c?xsec_token=ABOnd3MfYgkIoQyLVa6mrYOdWeQv-7XN5QfbXE7pgJCos=&xsec_source=pc_user,蒋欣29,,,自产笔记,AGXI,,,
681de5a900000000210085b6,抗老补胶原总无效？原来是少了这关键一步！,https://www.xiaohongshu.com/explore/681dcded000000002200754d?app_platform=android&ignoreEngage=true&app_version=8.81.0&share_from_user_hidden=true&xsec_source=app_share&type=normal&noteAttributes=goods&xsec_token=CB_usOFG4llR1hX2RXl6M_NJlcEUKK4rISAWI-SUSlfyA=&author_share=1&xhsshare=QQ&shareRedId=Nz9FREg4RkJKSTdHPzgyP0c8QktFNzc9&apptime=1746783849&share_id=cfa729832a1a4c058060b311abae518e&share_channel=qq,总无效,,,自产笔记,AGXI+7D,,,
681da319000000002101b076,抗糖提亮大震撼！原来美丽如此简单~,https://www.xiaohongshu.com/explore/681de5a900000000210085b6?xsec_token=ABIKv9AytgMDRVXltstbYFt7keEEsR-bTDO1QytawRQh8=&xsec_source=pc_user,大震撼,,,自产笔记,AGXI+光感白肌饮,,,
682150b0000000002202e140,尝到甜头了 用了它眼周直接年轻十岁！,https://www.xiaohongshu.com/explore/681da319000000002101b076?xsec_token=ABYV-yCOWP5-eDJ-mpf5Wp54DfLg4jaKm1OgX_g4a8uUU=&xsec_source=pc_user,接年轻,,,自产笔记,金字塔眼膜,,,
68215d1b0000000021006bc6,黄黑皮别焦虑！内白肌外防晒养成反光肌！,https://www.xiaohongshu.com/explore/682150b0000000002202e140?xsec_token=AB5ps4Bq-f6HmvRt68zxfRP2_g-BYDe-R2DB6R1GCwj3s=&xsec_source=pc_collect,晒养成,,,自产笔记,抗糖防晒+光感白肌饮,,,
68215fc6000000002100eb75,黄糙皮夏日自救指南，素颜也是嫩亮肌,https://www.xiaohongshu.com/explore/68215d1b0000000021006bc6?xsec_token=ABP3rAFlWsvTDXhD3QnAQ0alDqtZona6DtML1h4V8xFjg=&xsec_source=pc_user,皮夏日,,,自产笔记,光感白肌饮,,,
68219c4f000000002001f991,护肤白忙？肝净才是素颜透亮的密码！,黄糙皮夏日自救指南，素颜也是嫩亮肌 - 小红书,白忙肝,,,自产笔记,护肝片,,,
682296de00000000220078b1,护肤10年敌不过肌底糖化？肌龄作弊指南来了,https://www.xiaohongshu.com/explore/68219c4f000000002001f991?xsec_token=ABhUw65QLBw49bpMjWzMlSoxvmryESfVXZiI9__X9ZSKk=&xsec_source=pc_user,化肌龄,,,自产笔记,AGXI,,,
6822d7bd000000002001c1d0,内外同补才是高阶k老的正确解法,https://www.xiaohongshu.com/explore/682296de00000000220078b1?xsec_token=ABOqcQELLO2G9F05Lzb4hmMIO6L29UtWJH1TfNLC9DdHA=&xsec_source=pc_collect,正确解法,,,自产笔记,AGXI+光感白肌饮,,,
6823136800000000220051d1,只有长期熬夜的人，才知道这一盒的含金量,https://www.xiaohongshu.com/explore/6822d7bd000000002001c1d0?app_platform=android&ignoreEngage=true&app_version=8.82.0&share_from_user_hidden=true&xsec_source=app_share&type=normal&noteAttributes=goods&xsec_token=CB9xfUk7zCGJuuIMyxTWvOXZcGJAdo0-MomhH37qjQy3A=&author_share=1&xhsshare=QQ&shareRedId=Nz9FREg4RkJKSTdHPzgyP0c8QktFNzc9&apptime=1747113933&share_id=f8890cd58ee941098e7bca03570dd0b5&share_channel=qq,含金量,,,自产笔记,紫盾免疫粉,,,
66d834c1000000001f01842b（光感白肌已优化替换内容）,黄黑皮的神！喝完这支直接亮到发光,https://www.xiaohongshu.com/explore/6823136800000000220051d1?app_platform=android&ignoreEngage=true&app_version=8.82.0&share_from_user_hidden=true&xsec_source=app_share&type=normal&noteAttributes=goods&xsec_token=CBoWtGB3IerkwB6P6IvE-r6GYn5svqA6Q1fmbCAM6Ui4s=&author_share=1&xhsshare=QQ&shareRedId=Nz9FREg4RkJKSTdHPzgyP0c8QktFNzc9&apptime=1747129197&share_id=ace896a7d83c4666b25614ba7036f12b&share_channel=qq,皮的神,,,自产笔记,光感白肌饮,,,
682466c2000000002102f090,是谁还在无效抗糖？快跟蒋欣学冻龄！,https://www.xiaohongshu.com/explore/66d834c1000000001f01842b?xsec_token=ABx-E-Vf26OUbvrdb9ALxKXwSVF-ZWGwx8wqw2_rwtIlQ=&xsec_source=pc_like,蒋欣31,,,自产笔记,AGXI,,,
68246857000000002200443a,黯黄松弛bye！内服抗糖饮三阶抗衰很能打,https://www.xiaohongshu.com/explore/682466c2000000002102f090?xsec_token=ABBFnhykRNHd2oMobPF2RK9hnvuLfMgArf58bGYsaYgrI=&xsec_source=pc_user,蒋欣35,,,自产笔记,AGXI,,,
68246ec70000000020029424,抗糖新方向！女明星上镜的精髓在于皮贴骨！,https://www.xiaohongshu.com/explore/68246857000000002200443a?app_platform=android&ignoreEngage=true&app_version=8.82.0&share_from_user_hidden=true&xsec_source=app_share&type=normal&noteAttributes=goods&xsec_token=CBLq0LY0cLmn3WXnPOrKef_NnoGGDAYKEXTkBRifOXMcg=&author_share=1&xhsshare=QQ&shareRedId=Nz9FREg4RkJKSTdHPzgyP0c8QktFNzc9&apptime=1747375736&share_id=a4d220ddb8d848abb57224bb6b85f943&share_channel=qq,蒋欣32,,,自产笔记,AGXI,,,
68246c87000000002300eb9a,护肤5年！才发现三抗抗老的魅力！！,https://www.xiaohongshu.com/explore/68246ec70000000020029424?xsec_token=ABJiULs0qBzgvPsDc2qJs2Onkk8P-XJ0370vQLBpB0Vwc=&xsec_source=pc_user,抗抗老,,,自产笔记,AGT精华+面膜,,,
68253c3d000000002100061f,扒到蒋欣素颜密码！戒糖不如内服三相抗糖,https://www.xiaohongshu.com/explore/68246c87000000002300eb9a?app_platform=android&ignoreEngage=true&app_version=8.81.0&share_from_user_hidden=true&xsec_source=app_share&type=video&noteAttributes=goods&xsec_token=CBHGVJsvJAkePYbER6NOl7CT3UovbpHIg54zDkvCoqtXk=&author_share=1&xhsshare=QQ&shareRedId=ODw3Qzo1OU42NzUyOTgwNjY6OTc4STlO&apptime=1747217678&share_id=35a387177e9d40ca9c7d1032041ae8c8&share_channel=qq,蒋欣33,,,自产笔记,AGXI,,,
68254065000000002002a586,蒋欣同款上镜内服！又嫩又饱满！！,https://www.xiaohongshu.com/explore/68253c3d000000002100061f?app_platform=android&ignoreEngage=true&app_version=8.82.0&share_from_user_hidden=true&xsec_source=app_share&type=video&noteAttributes=goods&xsec_token=CBBCV3yB2q5F4YpScme_hZ3cMeiSoLSQRJytoowWPqhVw=&author_share=1&xhsshare=QQ&shareRedId=Nz9FREg4RkJKSTdHPzgyP0c8QktFNzc9&apptime=1747270820&share_id=28047d76394f4b33a8cd886f5aa0d91d&share_channel=qq,蒋欣34,,,自产笔记,AGXI,,,
68258e360000000023015d2e,"学习林允少女眼，告别眼周疲态感
",https://www.xiaohongshu.com/explore/68254065000000002002a586?xsec_token=AB626PyI11O_AsCURr0hCiG2nFbZ7YTVV890gnyq8aD5E=&xsec_source=pc_user,林允27,,,自产笔记,金字塔眼膜,,,
6825aaab000000002100a2ef,内调修护“防御盾” 筑起免疫墙从睡好开始,https://www.xiaohongshu.com/explore/68258e360000000023015d2e?xsec_token=ABPC_KKazkNAJHLe8VQ52RKeTsMLOkfRpOV52sX7uSP0s=&xsec_source=pc_user,防御盾,,,自产笔记,紫盾免疫粉,,,
6825bd5c000000002301ecb4,别错过这支抗糖防晒精华！底妆扒牢不暗沉！,https://www.xiaohongshu.com/explore/6825aaab000000002100a2ef?app_platform=android&ignoreEngage=true&app_version=8.82.0&share_from_user_hidden=true&xsec_source=app_share&type=video&noteAttributes=goods&xsec_token=CBBCV3yB2q5F4YpScme_hZ3fbfmNSTdDOW4HI3MZmPIXE=&author_share=1&xhsshare=QQ&shareRedId=Nz9FREg4RkJKSTdHPzgyP0c8QktFNzc9&apptime=1747298991&share_id=0862947fc96842f5ba9f7fa74d095cad&share_channel=qq,不暗沉,,,自产笔记,抗糖防晒,,,
6825ca2a0000000023003513,晓姿美护全家桶！一篇说透怎么选,https://www.xiaohongshu.com/explore/6825bd5c000000002301ecb4?xsec_token=ABD2COPKtcllgHRrafzDLI1TOimEEal3S_ja3obTpZqYw=&xsec_source=pc_collect,一篇说,,,自产笔记,美护合集,,,
68269ab4000000002001e865,补光灯CP革新升级 30+素颜也能赢麻！,https://www.xiaohongshu.com/explore/6825ca2a0000000023003513?app_platform=android&ignoreEngage=true&app_version=8.83.0&share_from_user_hidden=true&xsec_source=app_share&type=normal&noteAttributes=goods&xsec_token=CBBRMEMIhBLvqGPgZRPweRe4nsCChtf8nWQ82KWdgNz_w=&author_share=1&xhsshare=QQ&shareRedId=ODw3Qzo1OU42NzUyOTgwNjY6OTc4STlO&apptime=1747307055&share_id=245f34e54caf465b9ecd72bbeaa20bf6&share_channel=qq,革新升级,,,自产笔记,AGXI+光感白肌饮,,,
68269ec2000000002102d979,夏天不出片？用它，高露肤美图称霸朋友圈！,https://www.xiaohongshu.com/explore/68269ab4000000002001e865?xsec_token=ABnp7Y3-S0zaVQpkY4CefdRiU2ngpZ9WS6o8dBTjHjpXc=&xsec_source=pc_collect,夏天不出,,,自产笔记,AGXI+光感白肌饮,,,
6826aaa6000000002202de4f,熬夜垮脸急救！疲态脸也能重回少女肌,https://www.xiaohongshu.com/explore/68269ec2000000002102d979?xsec_token=ABrqw3swrkkqMzl_7m8dgXjHBNmSyfe8JmLktXzABhbZg=&xsec_source=pc_user,救疲态,,,自产笔记,粉钻面膜,,,
6826b7260000000021019d21,妈生磨皮滤镜？ 黄黑皮喝出透亮光泽感,https://www.xiaohongshu.com/explore/6826aaa6000000002202de4f?xsec_token=ABocrbgWZpTvsgxNLce729IkhCI7bHhZ3AoEJpHZjVa40=&xsec_source=pc_user,妈生磨,,,自产笔记,光感白肌饮,,,
6826db2400000000210073b3,美女的嘴真严啊！原来素人逆袭冷皮这么简单,https://www.xiaohongshu.com/explore/6826b7260000000021019d21?xsec_token=ABPcuoIBhenjeoJGiIIIb9lzeLUzYwpNauw6f_gnLC71M=&xsec_source=pc_user,真严啊,,,自产笔记,光感白肌饮,,,
6826f097000000002001e1f2,贵气感养成！保养是一场高阶投资,https://www.xiaohongshu.com/explore/6826db2400000000210073b3?app_platform=android&ignoreEngage=true&app_version=8.82.0&share_from_user_hidden=true&xsec_source=app_share&type=video&noteAttributes=goods&xsec_token=CBubRC-TrFwwCFKhy5HK26hVBm0W3rjjt4aCZGUYpyceQ=&author_share=1&xhsshare=QQ&shareRedId=Nz9FREg4RkJKSTdHPzgyP0c8QktFNzc9&apptime=1747376941&share_id=14fb1346d0514b9e8f51f00b0ac25090&share_channel=qq,高阶投资,,,自产笔记,AGXI+光感白肌饮,,,
6826fa0f000000002300cfc1,跟着富婆学抗老，靠这俩赚足素颜少女感！,https://www.xiaohongshu.com/explore/6826f097000000002001e1f2?xsec_token=ABoy3_PYbZVXwOiQdIWbAMkU-y3xb0-mSftTNHJAu7VN0=&xsec_source=pc_user,靠这俩,,,自产笔记,AGT精华+面膜,,,
68271d020000000022007944,不是抗老无效，而是你在无效抗老！,https://www.xiaohongshu.com/explore/6826fa0f000000002300cfc1?app_platform=android&ignoreEngage=true&app_version=8.83.0&share_from_user_hidden=true&xsec_source=app_share&type=video&noteAttributes=goods&xsec_token=CBsI1ma_yftEdp2Qq9DEljIy8cetReeGDstQzovLoo5ls=&author_share=1&xhsshare=QQ&shareRedId=ODw3Qzo1OU42NzUyOTgwNjY6OTc4STlO&apptime=1747384911&share_id=8548cb64fad0420883c32dee67648bbe&share_channel=qq,无效抗老,,,自产笔记,AGXI+光感白肌饮,,,
68270cf9000000002002aa58,戒糖vs抗糖？韩女不愿说的抗糖真相！,https://www.xiaohongshu.com/explore/68271d020000000022007944?xsec_token=ABqWNoMkwXbvEWKJcJmwSutTMiJ0o-V-pUAb7sw_nlru8=&xsec_source=pc_user,不愿说,,,自产笔记,AGXI,,,
682a8370000000002202cb5d,30+熟龄肌抗老局 粉钻CP带你逆风翻盘,https://www.xiaohongshu.com/explore/68270cf9000000002002aa58?xsec_token=ABSICSaOJjazn7ITBEJ1CINbmDL-midXkwZpFXhuuxPn8=&xsec_source=pc_user,带你逆风,,,自产笔记,粉钻cp,,,
682aa8ab0000000022006791,蒋欣私下抗糖好物曝光！维持美丽绝了！,https://www.xiaohongshu.com/explore/682a8370000000002202cb5d?xsec_token=ABuaGArKuivUIHmR08q9HhBqd9qrWPP2oYtXtWxi_iy0M=&xsec_source=pc_user,蒋欣36,,,自产笔记,AGXI,,,
682ae78000000000210023e1,救命！喝出妈生好皮的快乐谁懂！,https://www.xiaohongshu.com/explore/682aa8ab0000000022006791?xsec_token=AB5lNiIAWjLLH-JDPoNT6TUODW5muby0jcpimmsxSFqEo=&xsec_source=pc_user,生好皮,,,自产笔记,7D驱动饮,,,
682af0900000000023013578,眼嫩=人嫩！把黑眼圈、眼纹踢出群聊,https://www.xiaohongshu.com/explore/682ae78000000000210023e1?app_platform=android&ignoreEngage=true&app_version=8.82.0&share_from_user_hidden=true&xsec_source=app_share&type=normal&noteAttributes=goods&xsec_token=CBapB_Nx82nArYcsKBkDuhkQiTFDslQhJe64a4BJr0UEg=&author_share=1&xhsshare=QQ&shareRedId=Nz9FREg4RkJKSTdHPzgyP0c8QktFNzc9&apptime=1747642252&share_id=f7e35965dbfc44d2a0c3bdd7fc02d1c3&share_channel=qq,踢出群,,,自产笔记,金字塔眼膜,,,
682bce3000000000230039b4,眼周问题重拳出击！嫩出少女眼,眼嫩=人嫩！把黑眼圈、眼纹踢出群聊 - 小红书,重拳出,,,自产笔记,金字塔眼膜,,,
6827123900000000210004e6,风靡贵妇圈的青春保卫密码！细皮嫩肉并不难,https://www.xiaohongshu.com/explore/682bce3000000000230039b4?xsec_token=ABavyoLaA7YFA753a61CKwrPHMGEKlUuMSfZe2Tr7o1PM=&xsec_source=pc_user,春保卫,,,自产笔记,7D驱动饮+AGX,,,
682c43c1000000002200516e,28 +抗老必看！抗糖+补胶原＝嫩成初恋脸,https://www.xiaohongshu.com/explore/6827123900000000210004e6?app_platform=android&ignoreEngage=true&app_version=8.82.0&share_from_user_hidden=true&xsec_source=app_share&type=normal&noteAttributes=goods&xsec_token=CB708ajwnijKQc3kwCKvkZUgxDtlWVM3-rfjbPxtqe9II=&author_share=1&xhsshare=QQ&shareRedId=Nz9FREg4RkJKSTdHPzgyP0c8QktFNzc9&apptime=1747391038&share_id=122a4f957c9c4f7992d7e1a9150b1b1f&share_channel=qq,成初恋,,,自产笔记,7D驱动饮+AGX,,,
682d3816000000002001ed7a,想快乐干饭无压力？餐前这个作弊神器必须码,https://www.xiaohongshu.com/explore/682c43c1000000002200516e?xsec_token=ABX4usIYGIPu3il4Gd2U4hA_MTtmPRtiqMJxhHErDhRsQ=&xsec_source=pc_user,力餐前,,,自产笔记,仙女冻,,,
682d89120000000022036bee,被油膜感耽误的脸！不爱涂防晒的都快来囤它,https://www.xiaohongshu.com/explore/682d3816000000002001ed7a?xsec_token=ABuZQUkCh6l7B-i7QfC4knWCpA48SeX7Jh4e17YS5WZOw=&xsec_source=pc_collect,感耽误,,,自产笔记,抗糖防晒,,,
682d8d84000000002101b1e2,夏日透光肌大作战 全身焕亮就认准这对CP！,https://www.xiaohongshu.com/explore/682d89120000000022036bee?app_platform=android&ignoreEngage=true&app_version=8.83.0&share_from_user_hidden=true&xsec_source=app_share&type=normal&noteAttributes=goods&xsec_token=CBA4WkmnZ-CMN4IHOzF7XGorH9mbPJuJujVH2YBfpg8GE=&author_share=1&xhsshare=QQ&shareRedId=ODw3Qzo1OU42NzUyOTgwNjY6OTc4STlO&apptime=1747814681&share_id=c52923c2cbcb4a6e8ce0cf2ea90d4d7c&share_channel=qq,战全身,,,自产笔记,抗糖防晒+光感白肌饮,,,
682d8e25000000002101b638,原来补对胶原这么简单！素颜开启开挂模式,https://www.xiaohongshu.com/explore/682d8d84000000002101b1e2?xsec_token=ABciCPzlCQt67qU2iJ-gxwVYRx6bD8InrhGGfgVY8abxk=&xsec_source=pc_user,开启开,,,自产笔记,7D驱动饮,,,
682ec70a000000002001df8f,养不出的少女感，原来差的就是这三相抗糖！,https://www.xiaohongshu.com/explore/682d8e25000000002101b638?xsec_token=ABciCPzlCQt67qU2iJ-gxwVaOr3df-qL_a7OK0VgmneFI=&xsec_source=pc_user,蒋欣37,,,自产笔记,AGXI,,,
682ecc56000000002001ff91,爱吃甜不是原罪 不想老太快内服抗糖要安排,https://www.xiaohongshu.com/explore/682ec70a000000002001df8f?app_platform=android&ignoreEngage=true&app_version=8.83.0&share_from_user_hidden=true&xsec_source=app_share&type=normal&noteAttributes=goods&xsec_token=CBrTg_kZqEDC_M6NAy7VlAooTaYaIZ6vjgfjbwNT5Rj-4=&author_share=1&xhsshare=CopyLink&shareRedId=Nz9FREg4RkJKSTdHPzgyP0c8QktFNzc9&apptime=1747896110&share_id=b8da9eb842b24a8f964fa870112c49f5&share_channel=copy_link,蒋欣38,,,自产笔记,AGXI,,,
682ecfa10000000021007fe5,从肌底透光！黄黑皮618囤货指南快查收,https://www.xiaohongshu.com/explore/682ecc56000000002001ff91?app_platform=android&ignoreEngage=true&app_version=8.83.0&share_from_user_hidden=true&xsec_source=app_share&type=video&noteAttributes=goods&xsec_token=CBrTg_kZqEDC_M6NAy7VlAom4oGugPzke9-9JM1gTGb_Y=&author_share=1&xhsshare=QQ&shareRedId=Nz9FREg4RkJKSTdHPzgyP0c8QktFNzc9&apptime=1747897570&share_id=c176c5de1f6b40e595e2c9f50414be5e&share_channel=qq,快查收,,,自产笔记,光感白肌饮,,,
682eefd600000000210082c6,"晓姿小紫盾！为脆皮党的抵抗力保驾护航
",https://www.xiaohongshu.com/explore/682ecfa10000000021007fe5?app_platform=android&ignoreEngage=true&app_version=8.83.0&share_from_user_hidden=true&xsec_source=app_share&type=normal&noteAttributes=goods&xsec_token=CBrTg_kZqEDC_M6NAy7VlAorrRzq6NHhJA-mP7q0p_AXc=&author_share=1&xhsshare=QQ&shareRedId=Nz9FREg4RkJKSTdHPzgyP0c8QktFNzc9&apptime=1747898338&share_id=f238f00b018b4f24b341eb66aca7ca50&share_channel=qq,力保驾,,,自产笔记,小紫盾,,,
682fca09000000002202c376,熟龄肌自救指南！抗羰基化才是抗老终点！,https://www.xiaohongshu.com/explore/682eefd600000000210082c6?xsec_token=ABq_4BwpYeQCMfzp-akwXCze69FaZcu-TLlaeXxNKe8fw=&xsec_source=pc_user,老终点,,,自产笔记,AGT粉钻精华,,,
682fca170000000022006eda,素颜发光快乐水！黄黑皮都去喝！！,https://www.xiaohongshu.com/explore/682fca09000000002202c376?app_platform=android&ignoreEngage=true&app_version=8.84.0&share_from_user_hidden=true&xsec_source=app_share&type=video&noteAttributes=goods&xsec_token=CB4hHWQiLo-sr8U48iSZI6A0hpm463_7yEtAwkxKtWBwY=&author_share=1&xhsshare=QQ&shareRedId=ODw3Qzo1OU42NzUyOTgwNjY6OTc4STlO&apptime=1747962429&share_id=fef5e015e4d04a2bb7f2800ab9452792&share_channel=qq,水黄黑,,,自产笔记,光感白肌饮,,,
682edec8000000002202569b,这么打卡脸不垮？跟着蒋欣学抗糖真的绝！,https://www.xiaohongshu.com/explore/682fca170000000022006eda?xsec_token=AByju-H7WVUmGYXc57Q6_W-SdDzFWkt6NTBJ0BojTpc70=&xsec_source=pc_like,蒋欣39,,,自产笔记,AGXI,,,
682fd73800000000210071ba,30+黄糙脸急救！没它真的不行,https://www.xiaohongshu.com/explore/682edec8000000002202569b?app_platform=android&ignoreEngage=true&app_version=8.83.0&share_from_user_hidden=true&xsec_source=app_share&type=video&noteAttributes=goods&xsec_token=CBrTg_kZqEDC_M6NAy7VlAolv0MxXvrfTutU3yb_vDv9o=&author_share=1&xhsshare=QQ&shareRedId=Nz9FREg4RkJKSTdHPzgyP0c8QktFNzc9&apptime=1747902155&share_id=d215ef3aa3604436a591267abb3dd11a&share_channel=qq,救没它,,,自产笔记,7D+AGXI,,,
682fd4ce0000000022025ad6,拯救肌肤色差！告别露肤尴尬，素颜也发光,,尴尬素,,,自产笔记,光感白肌饮,,,
682fda9b000000002202a1a5,眼周问题一网打尽！解锁少女眼周状态！,https://www.xiaohongshu.com/explore/682fd4ce0000000022025ad6?app_platform=android&ignoreEngage=true&app_version=8.83.0&share_from_user_hidden=true&xsec_source=app_share&type=normal&noteAttributes=goods&xsec_token=CBOpb2xY3UdBZXCaUdzmuEPJuzE6qr-7Ihvxef2KfDu0g=&author_share=1&xhsshare=QQ&shareRedId=Nz9FREg4RkJKSTdHPzgyP0c8QktFNzc9&apptime=1747965139&share_id=daef260a1a104c71b1240969e0144aa6&share_channel=qq,网打进,,,自产笔记,金字塔眼膜,,,
682fda4b00000000200296e3,真抗糖去黄！这才是有效内调外养！,https://www.xiaohongshu.com/explore/682fda9b000000002202a1a5?xsec_token=ABKPuMVVu_P4cdY-jvX4TqtonVHHDvXDBe4uuux-DApIs=&xsec_source=pc_user,有效内调,,,自产笔记,AGXI,,,
682fe0090000000021018bdc,对话身体破局危 “肌” 从源头养出逆龄底气,https://www.xiaohongshu.com/explore/682fda4b00000000200296e3?xsec_token=ABKPuMVVu_P4cdY-jvX4TqtvCJqRnCfCLrXpiFKadg57U=&xsec_source=pc_user,源头养出,,,自产笔记,AGXI+光感白肌饮,,,
682ebed30000000021005a48,女明星梳妆台大公开！和蒋欣一起抗糖！,https://www.xiaohongshu.com/explore/682fe0090000000021018bdc?app_platform=android&ignoreEngage=true&app_version=8.83.0&share_from_user_hidden=true&xsec_source=app_share&type=video&noteAttributes=goods&xsec_token=CBOpb2xY3UdBZXCaUdzmuEPGSa55t-Ikoq_rXEOdRvgpI=&author_share=1&xhsshare=QQ&shareRedId=Nz9FREg4RkJKSTdHPzgyP0c8QktFNzc9&apptime=1747968017&share_id=bbddc89df539,蒋欣40,,,自产笔记,AGXI,,,
682fe4c4000000002100ec05,40岁的素颜比十年前还好！选对内服收益翻倍,https://www.xiaohongshu.com/explore/682ebed30000000021005a48?xsec_token=ABI-X_WN5-Bl2gtkd5W-rKQt-16UL9lhm7ZMrhSRCbWD0=&xsec_source=pc_user,收益翻倍,,,自产笔记,AGXI+光感白肌饮,,,
68303ec300000000210036b7,30+三相抗老秘籍！内服抗糖定格少女肌~,https://www.xiaohongshu.com/explore/682fe4c4000000002100ec05?app_platform=android&ignoreEngage=true&app_version=8.83.0&share_from_user_hidden=true&xsec_source=app_share&type=normal&noteAttributes=goods&xsec_token=CBOpb2xY3UdBZXCaUdzmuEPOct-ji-30C6SMu12NE9JhE=&author_share=1&xhsshare=QQ&shareRedId=Nz9FREg4RkJKSTdHPzgyP0c8QktFNzc9&apptime=1747969225&share_id=82890d3fca64432ea50b57c325de55b1&share_channel=qq,定格少,,,自产笔记,AGXI,,,
68304b410000000022027be8,比钻石更保值的是30+依然透光的少女肌！,https://www.xiaohongshu.com/explore/68303ec300000000210036b7?xsec_token=ABH3C0znrxRcdJQYPUGiYivm9BABBjd5PU8QPgxVGSgBo=&xsec_source=pc_user,更保值的,,,自产笔记,AGXI+光感白肌饮,,,
6833d4f50000000022024771,素颜发光肌养成指南｜天生黄黑皮姐妹爱了,https://www.xiaohongshu.com/explore/68304b410000000022027be8?xsec_token=AB_s5VTsI5CZctFSoYQ5qrsldm9tr3fRJ-a9Pd28aUSd8=&xsec_source=pc_user,妹爱了,,,自产笔记,光感白肌饮,,,
683405430000000021004f45,低能量人速速唤醒自己！做事效率翻倍！,https://www.xiaohongshu.com/explore/6833d4f50000000022024771?app_platform=android&ignoreEngage=true&app_version=8.83.0&share_from_user_hidden=true&xsec_source=app_share&type=video&noteAttributes=goods&xsec_token=CBh8hk2sWqYy0f4bQ20sAo-PdSeP6sbYvXgdcjnk7ez2k=&author_share=1&xhsshare=QQ&shareRedId=Nz9FREg4RkJKSTdHPzgyP0c8QktFNzc9&apptime=1748227321&share_id=2b4de4bc57104396af1d30ab2f7dc873&share_channel=qq,效率翻,,,自产笔记,小紫盾,,,
"原笔记id：680ade56000000001c0034be
68365fde0000000021007f55（广告素材）",冻龄抗老真的不难！别等垮脸才后悔,低能量人速速唤醒自己！做事效率翻倍！ - 小红书,不难别等,,,自产笔记,AGXI,,,
68367e240000000021018246,婚前变美突击！先刷到的姐妹先亮起来！,,美突击,,,自产笔记,光感白肌饮,,,
6836d8e800000000220040ea,抗老先抗糖！别等到衰老加剧才后悔！,婚前变美突击！先刷到的姐妹先亮起来！ - 小红书,先抗糖,,,自产笔记,AGXI,,,
6836df560000000022026a11,护肤新公式 内调外防拥有嫩透少女肌！,https://www.xiaohongshu.com/explore/6836d8e800000000220040ea?app_platform=android&ignoreEngage=true&app_version=8.83.0&share_from_user_hidden=true&xsec_source=app_share&type=normal&noteAttributes=goods&xsec_token=CBpxuevaiTiFaJPcKC7iy7lGgo0LGS_b_YG5MvFV5nCfM=&author_share=1&xhsshare=QQ&shareRedId=Nz9FREg4RkJKSTdHPzgyP0c8QktFNzc9&apptime=1748424940&share_id=8809cba61930430292d6a83adfd43d9c&share_channel=qq,式内调,,,自产笔记,AGXI+抗糖防晒,,,
6836f7510000000023014e39,救命！靠这眼膜把的“老态眼” 拽回少女感,https://www.xiaohongshu.com/explore/6836df560000000022026a11?xsec_token=AB1BQPEOfwfbfBKcmC9Iofk_UQ3zFl2N0hqUOJeT8-mYE=&xsec_source=pc_collect,拽回少,,,自产笔记,金字塔眼膜,,,
6837b95d000000002001d738,富养自己的2件事！活出大女主,https://www.xiaohongshu.com/explore/6836f7510000000023014e39?app_platform=android&ignoreEngage=true&app_version=8.84.0&share_from_user_hidden=true&xsec_source=app_share&type=normal&noteAttributes=goods&xsec_token=CBTf1DExQGw0EyWTb17lJN2_CB7uu580grHsALSwY_iNE=&author_share=1&xhsshare=QQ&shareRedId=ODw3Qzo1OU42NzUyOTgwNjY6OTc4STlO&apptime=1748432829&share_id=414514c234454cf4a1327a1161f5db49&share_channel=qq,大女主,,,自产笔记,7D+AGXI,,,
6837bd0e000000002200518b,黄黑皮逆袭冷皮攻略！双通路狙击反黑刺客,https://www.xiaohongshu.com/explore/6837b95d000000002001d738?xsec_token=ABBcP5M0wprVpelQGYsYPx6StWiMY-SdWnuowTLuuL6Ao=&xsec_source=pc_user,黑刺客,,,自产笔记,抗糖防晒+光感白肌饮,,,
6837b6af00000000220269eb,省钱还想高效变美？ 晓姿内服全家桶来啦！,https://www.xiaohongshu.com/explore/6837bd0e000000002200518b?app_platform=android&ignoreEngage=true&app_version=8.85.0&share_from_user_hidden=true&xsec_source=app_share&type=normal&noteAttributes=goods&xsec_token=CBMXMEQSyox7p9Qu5HIrgXbFXTE6vtkU9QaxgG_i4Kvf4=&author_share=1&xhsshare=QQ&shareRedId=Nz9FREg4RkJKSTdHPzgyP0c8QktFNzc9&apptime=1748483564&share_id=88a5284dc22c4f488c0847983417af82&share_channel=qq,还想高,,,自产笔记,口服合集,,,
6837fb8d0000000021007533,夏日焕亮新体验 内调喝出瓷感透光肌！,https://www.xiaohongshu.com/explore/6837b6af00000000220269eb?xsec_token=ABFDLDT0yB5O-SunS3MUBBYmLFbARYP72cZ60MZSlm_gs=&xsec_source=pc_user,验内调,,,自产笔记,光感白肌饮,,,
68382adf000000002301c2bc,居家就能四位数眼周项目？眼部回春不是梦！,https://www.xiaohongshu.com/explore/6837fb8d0000000021007533?xsec_token=ABYJbj844wsfOdbHAbXVwNAjsZWDk1k7dk5lEPoGB-juw=&xsec_source=pc_user,周项目,,,自产笔记,金字塔眼膜,,,
68382ee5000000002300cba6,熬夜脸还不知道它？这对晓姿粉钻CP专治垮脸,https://www.xiaohongshu.com/explore/68382adf000000002301c2bc?xsec_token=ABpjdY4EkABGk5IkSRFQfL8eLCOr7IbBqTZ7Qm1thWn5A=&xsec_source=pc_user,知道它,,,自产笔记,粉钻cp,,,
683830950000000022035f4c,它真的一条眼纹都不放过啊！,https://www.xiaohongshu.com/explore/68382ee5000000002300cba6?xsec_token=ABDLbTbfyEipq9tcWA-9UjcbzZGHvdkwMIEp7QQtjHGLo=&xsec_source=pc_user,放过啊,,,自产笔记,金字塔眼膜,,,
6839061e0000000023017944,比同龄人年轻10岁！只多做了一件事！！,它真的一条眼纹都不放过啊！ - 小红书,一件事,,,自产笔记,粉钻cp,,,
68391cab0000000021019049,30+无半点年龄感，蒋欣的抗糖好物竟是它！,https://www.xiaohongshu.com/explore/6839061e0000000023017944?xsec_token=ABTCB4HtlH7DraZgr9Jq9ahlu7n19lxL0w-UT8JIqVS-k=&xsec_source=pc_user,蒋欣41,,,自产笔记,AGXI,,,
6839265700000000210099c4,30＋好状态具象化！女明星蒋欣私下抗糖秘籍,https://www.xiaohongshu.com/explore/68391cab0000000021019049?xsec_token=AB8U--s3EVL19czYGuJazPDdugz9LPlHQkv8BmlLzdc_c=&xsec_source=pc_user,蒋欣42,,,自产笔记,AGXI,,,
683945f3000000002100229d,先是自己，再是妈妈。当妈后也要活得漂亮,https://www.xiaohongshu.com/explore/6839265700000000210099c4?xsec_token=ABIATTb5xHOdheNvgaCdAzpmK9wdj602YZGlDMQG3bvJ0=&xsec_source=pc_user,当妈后,,,自产笔记,AGXI+光感白肌饮,,,
6839292a000000002001d5bf,全身在发光，黄黑皮在它面前真的没有抵抗力,https://www.xiaohongshu.com/explore/683945f3000000002100229d?xsec_token=ABfz8yMtMGn0GDZ1XaLhiRhO8TC8_az7-1P_zfFbLCg_w=&xsec_source=pc_user,有抵抗,,,自产笔记,光感白肌饮,,,
683948be000000002100dbd6,贵妇抗糖新时代！重塑3D轮廓美学!,https://www.xiaohongshu.com/explore/6839292a000000002001d5bf?app_platform=android&ignoreEngage=true&app_version=8.85.1&share_from_user_hidden=true&xsec_source=app_share&type=normal&noteAttributes=goods&xsec_token=CBzikYiF6ap0YzhavgAAHEZxZjx6it6wZrgOOWSfcKwv0=&author_share=1&xhsshare=QQ&shareRedId=Nz9FREg4RkJKSTdHPzgyP0c8QktFNzc9&apptime=1748576566&share_id=d733dda7132c4d37a661acd13fca3c0a&share_channel=qq,时代重塑,,,自产笔记,AGXI,,,
68394d830000000021004649,30+抗糖新思路 从骨相到皮相焊住青春！,https://www.xiaohongshu.com/explore/683948be000000002100dbd6?xsec_token=ABIATTb5xHOdheNvgaCdAzplhc4sq2Bu8-InafsByjB7g=&xsec_source=pc_user,焊住青春,,,自产笔记,AGXI,,,
68394c8f000000002102fb4b,30+女生必看！抗糖+亮肤 才是漂亮的秘密,https://www.xiaohongshu.com/explore/68394d830000000021004649?app_platform=android&ignoreEngage=true&app_version=8.85.1&share_from_user_hidden=true&xsec_source=app_share&type=video&noteAttributes=goods&xsec_token=CBzikYiF6ap0YzhavgAAHEZ3iZKmTDskxM_491lqjFr2c=&author_share=1&xhsshare=QQ&shareRedId=Nz9FREg4RkJKSTdHPzgyP0c8QktFNzc9&apptime=1748585865&share_id=8796f049166748ec85d83185f1a4389d&share_channel=qq,肤才是,,,自产笔记,AGXI+光感白肌饮,,,
6839689400000000220067dc,蒋欣也在喝的抗糖饮，轻松拯救糙垮肌,https://www.xiaohongshu.com/explore/68394c8f000000002102fb4b?app_platform=android&ignoreEngage=true&app_version=8.85.1&share_from_user_hidden=true&xsec_source=app_share&type=normal&noteAttributes=goods&xsec_token=CBzikYiF6ap0YzhavgAAHEZ2ZLpjB6Aox6wgtBsoNZZds=&author_share=1&xhsshare=QQ&shareRedId=Nz9FREg4RkJKSTdHPzgyP0c8QktFNzc9&apptime=1748585875&share_id=944bf298a9e0406f9d9c84dfe2e97275&share_channel=qq,蒋欣43,,,自产笔记,AGXI,,,
6839192b000000002101bac7,"女明星肌肤透亮无糖感的秘密
",https://www.xiaohongshu.com/explore/6839689400000000220067dc?app_platform=android&ignoreEngage=true&app_version=8.85.1&share_from_user_hidden=true&xsec_source=app_share&type=video&noteAttributes=goods&xsec_token=CBzikYiF6ap0YzhavgAAHEZ7eT1Hiaqe0JIeV-B_1B094=&author_share=1&xhsshare=QQ&shareRedId=Nz9FREg4RkJKSTdHPzgyP0c8QktFNzc9&apptime=1748592792&share_id=20b5212ab2f044928009ec436ab53fe2&share_channel=qq,蒋欣44,,,自产笔记,AGXI,,,
683a96eb000000002300d75a,"淡细纹黑眼圈原来这么简单！28+都来用
",https://www.xiaohongshu.com/explore/6839192b000000002101bac7?app_platform=android&ignoreEngage=true&app_version=8.85.1&share_from_user_hidden=true&xsec_source=app_share&type=normal&noteAttributes=goods&xsec_token=CBzikYiF6ap0YzhavgAAHEZ6DcaT-YDDSpW5pZ_7mI7Xs=&author_share=1&xhsshare=CopyLink&shareRedId=Nz9FREg4RkJKSTdHPzgyP0c8QktFNzc9&apptime=1748572470&share_id=ffbc3c28e2604430951a92fa7868ffef&share_channel=copy_link,细纹黑,,,自产笔记,金字塔眼膜,,,
683eb5f2000000002100b85b,买贵不如买对！晓姿带你全方位变美！,https://www.xiaohongshu.com/explore/683a96eb000000002300d75a?xsec_token=ABkql7olheNNclGesphDZUMFxhWItODhPl-DJlUEalvrA=&xsec_source=pc_user,如买对,,,自产笔记,口服合集,,,
683fb582000000002100f306,胶原流失一键暂停！内服开启素颜开挂模式,https://www.xiaohongshu.com/explore/683eb5f2000000002100b85b?xsec_token=ABpEYOi7oaRKCcIDD0oNVCHDuaAT1S3UpotXJTSCMGko4=&xsec_source=pc_user,服开启,,,自产笔记,7D驱动饮,,,
683f9c560000000021007bfe,带娃力不从心？内调筑起“防护盾”,https://www.xiaohongshu.com/explore/683fb582000000002100f306?xsec_token=ABFzNN1xc3rDfI6syWOec8H5J3-woFadp2wi4e9cAAAmE=&xsec_source=pc_user,防护盾,,,自产笔记,小紫盾,,,
6841097f000000002100c63a,小脸包亮的！找到素颜美女的抗糖命脉了,https://www.xiaohongshu.com/explore/683f9c560000000021007bfe?xsec_token=ABLI_JjockLK4hSUogNRjRbm9rYGokhUZ9diIJ75n3d5g=&xsec_source=pc_user,命脉了,,,自产笔记,AGXI,,,
68410f20000000002202d9a8,抗衰老就在"眼"前｜别让眼纹出卖你的年龄,https://www.xiaohongshu.com/explore/6841097f000000002100c63a?app_platform=android&ignoreEngage=true&app_version=8.85.1&share_from_user_hidden=true&xsec_source=app_share&type=normal&noteAttributes=goods&xsec_token=CBmoBj4BnD5Jx3xdjv3YfpOVW52eVy9VcKCoc_SpUYWHE=&author_share=1&xhsshare=QQ&shareRedId=Nz9FREg4RkJKSTdHPzgyP0c8QktFNzc9&apptime=1749092742&share_id=600d34ab3c504a46aa90378df4ce3170&share_channel=qq,卖你的,,,自产笔记,金字塔眼膜,,,
684137950000000021005c8f,补胶原没它不行！全方位进阶素颜女神！,https://www.xiaohongshu.com/explore/68410f20000000002202d9a8?app_platform=android&ignoreEngage=true&app_version=8.85.1&share_from_user_hidden=true&xsec_source=app_share&type=video&noteAttributes=goods&xsec_token=CBwcPbZneSb4gcLIOjkbqL0nzT7_XmUGR7m1RxRtko1bw=&author_share=1&xhsshare=QQ&shareRedId=ODw3Qzo1OU42NzUyOTgwNjY6OTc4STlO&apptime=1749094185&share_id=612120fb9a804e8e8ec189de8285383e&share_channel=qq,全方位,,,自产笔记,7D驱动饮,,,
"原笔记：684142f3000000002002bdd8
广告素材：6854fc960000000012014cf9",状态越来越差 别怕！小紫盾帮你闪充抵抗力,补胶原没它不行！全方位进阶素颜女神！ - 小红书,帮你闪,,,自产笔记,小紫盾,,,
68416aa90000000022026db1,全新升级配方，喝出三维抗糖新高度,https://www.xiaohongshu.com/explore/684142f3000000002002bdd8?app_platform=android&ignoreEngage=true&app_version=8.85.1&share_from_user_hidden=true&xsec_source=app_share&type=normal&noteAttributes=goods&xsec_token=CBmoBj4BnD5Jx3xdjv3YfpOUPl1Kv86N5O8dnCkCDwy1I=&author_share=1&xhsshare=QQ&shareRedId=Nz9FREg4RkJKSTdHPzgyP0c8QktFNzc9&apptime=1749107449&share_id=75670aa8de42,方喝出,,,自产笔记,AGXI,,,
68423f54000000002100ff33,跟着蒋欣学保养！三相抗糖精准打击糖化脸,全新升级配方，喝出三维抗糖新高度 - 小红书,蒋欣45,,,自产笔记,AGXI,,,
68425b830000000022026237,抗糖才是熟龄肌刚需！解锁少女肌,https://www.xiaohongshu.com/explore/68423f54000000002100ff33?xsec_token=ABfyt2mdDFWKARHi908Tio29ArzY70_3OndHXJVT-XCDg=&xsec_source=pc_user,刚需解,,,自产笔记,AGXI,,,
6842390a00000000210074fd,熬夜塌方脸速进！又亮又紧一组双赢,https://www.xiaohongshu.com/explore/68425b830000000022026237?xsec_token=ABt59C-HY_rdXiQ8CHVWr-fPds2-ss72qV_8AwyHWNffs=&xsec_source=pc_user,一组双,,,自产笔记,AGXI+光感白肌饮,,,
684268c40000000021018daa,脆皮自救指南！别让睡眠拖垮抵抗力！,https://www.xiaohongshu.com/explore/6842390a00000000210074fd?app_platform=android&ignoreEngage=true&app_version=8.85.1&share_from_user_hidden=true&xsec_source=app_share&type=normal&noteAttributes=goods&xsec_token=CB8ufTyDKT5pCvx6Dz4MmHEtEDalDf_0GU7jrSylR6D2s=&author_share=1&xhsshare=QQ&shareRedId=Nz9FREg4RkJKSTdHPzgyP0c8QktFNzc9&apptime=1749170457&share_id=e97113fa9371461089c20203f73264e7&share_channel=qq,南别让,,,自产笔记,小紫盾,,,
684179bb00000000220252aa,蒋欣七年抗糖技巧！普通人也能get同款透亮,https://www.xiaohongshu.com/explore/684268c40000000021018daa?xsec_token=ABnP1IsxRWnifxL_vvJt2cSAhJpbk2ga5b252KdVqehwk=&xsec_source=pc_user,蒋欣46,,,自产笔记,AGXI,,,
684281b1000000002002a5cb,断甜≠抗糖！蒋欣的美丽秘诀直接抄,https://www.xiaohongshu.com/explore/684179bb00000000220252aa?xsec_token=AB82pgCl5HRa95Hf8jeaczllll4veDsc7SIlQZP5IEsrM=&xsec_source=pc_user,蒋欣47,,,自产笔记,AGXI,,,
68428f01000000002100bbe2,夏季冲刺事半功倍！横向发展不存在！,https://www.xiaohongshu.com/explore/684281b1000000002002a5cb?xsec_token=AB_M4kU3FlE6whP-tKY_OwUu41GRdWNVBL4A7nN5hxZZM=&xsec_source=pc_user,向发展,,,自产笔记,仙女冻,,,
684296f10000000022004915,黄黑皮一到露肤季就崩溃？内调才是透亮关键,https://www.xiaohongshu.com/explore/68428f01000000002100bbe2?xsec_token=ABe6flLtF4jA97fNL6MI2-ohNIwD8tFaqyj771vqCETjg=&xsec_source=pc_search&source=web_search_result_notes,崩溃内,,,自产笔记,光感白肌饮,,,
6842a5a9000000002101bfb5,黄黑皮必看！王炸CP 让你一键开启冷皮副本,https://www.xiaohongshu.com/explore/684296f10000000022004915?app_platform=android&ignoreEngage=true&app_version=8.85.1&share_from_user_hidden=true&xsec_source=app_share&type=normal&noteAttributes=goods&xsec_token=CB8ufTyDKT5pCvx6Dz4MmHEqqGSFzqkz7A0NdTNhI3EQE=&author_share=1&xhsshare=QQ&shareRedId=Nz9FREg4RkJKSTdHPzgyP0c8QktFNzc9&apptime=174,必看王,,,自产笔记,防晒+白肌饮,,,
6842abc0000000002001e842,熬夜星人必囤 双效守护睡眠和抵抗力,https://www.xiaohongshu.com/explore/6842a5a9000000002101bfb5?app_platform=android&ignoreEngage=true&app_version=8.85.1&share_from_user_hidden=true&xsec_source=app_share&type=normal&noteAttributes=goods&xsec_token=CB8ufTyDKT5pCvx6Dz4MmHEkiCkBy0eDwvZoixguRgzAQ=&author_share=1&xhsshare=QQ&shareRedId=Nz9FREg4RkJKSTdHPzgyP0c8QktFNzc9&apptime=1749198266&share_id=a266e6e963584c0fb32f7ce16411dd40&share_channel=qq,护睡眠,,,自产笔记,小紫盾,,,
6842b1960000000023003a80,眼部回春秘籍 不愧是女明星同款眼膜！,https://www.xiaohongshu.com/explore/6842abc0000000002001e842?xsec_token=AB7gaeOjJcSX0kj-onorkV5VIkfIzyJLjS-gIggbMAMz0=&xsec_source=pc_user,蔡文静1,,,自产笔记,金字塔眼膜,,,
6842b072000000002301e586,谢谢你啊蔡文静！这抗衰眼膜绝了?,https://www.xiaohongshu.com/explore/6842b1960000000023003a80?xsec_token=AB7gaeOjJcSX0kj-onorkV5dMP4V1YVoq778rWjPF77qk=&xsec_source=pc_user,蔡文静3,,,自产笔记,金字塔眼膜,,,
6842b5d3000000002101b659,30+素颜贵气感：抗糖+提亮才是终身美丽股,https://www.xiaohongshu.com/explore/6842b072000000002301e586?xsec_token=ABCAaATG0nX1Kj31p-Ph7IKYDZtGcdksC8Vzf3PhuUNrs=&xsec_source=pc_user,感抗糖,,,自产笔记,AGXI+光感白肌饮,,,
6842b015000000002301e30e,跟着女明星学居家眼部Spa大法！星星眼get!,https://www.xiaohongshu.com/explore/6842b5d3000000002101b659?app_platform=android&ignoreEngage=true&app_version=8.85.1&share_from_user_hidden=true&xsec_source=app_share&type=video&noteAttributes=goods&xsec_token=CB8ufTyDKT5pCvx6Dz4MmHEm7bjag8ICU7oEP5nm3GHW8=&author_share=1&xhsshare=QQ&shareRedId=Nz9FREg4RkJKSTdHPzgyP0c8QktFNzc9&apptime=1749202418&share_id=7ad3a98bd5474336be438e4a10dc67fc&share_channel=qq,蔡文静4,,,自产笔记,金字塔眼膜,,,
6842b8a2000000002301df3f,跟着蔡文静学眼周保养之后……,https://www.xiaohongshu.com/explore/6842b015000000002301e30e?xsec_token=ABnP1IsxRWnifxL_vvJt2cSDSGZPCGX3KKzinx1Hgd5xs=&xsec_source=pc_user,蔡文静2,,,自产笔记,金字塔眼膜,,,
6842bb1c000000002100b516,"女明星的冻龄秘籍！让你美出新高度?
",https://www.xiaohongshu.com/404?source=note&noteId=6842b8a2000000002301df3f&errorCode=-510002&app_platform=android&ignoreEngage=true&app_version=8.85.1&share_from_user_hidden=true&xsec_source=app_share&type=video&noteAttributes=goods&xsec_token=CBKfvtQB1ZZyC7mc5vUCcC9RhFFAUPzruavNWkzYmdXmM%3D&author_share=1&xhsshare=CopyLink&shareRedId=ODw3Qzo1OU42NzUyOTgwNjY6OTc4STlO&apptime=1749203213&share_id=1a1dc2668e0f4d53ad3f6eb76e7c5a2c&share_channel=copy_link,蒋欣48,,,自产笔记,AGXI,,,
68464b17000000002202d129,熬大夜不垮脸？三抗CP帮你稳赢肌龄,https://www.xiaohongshu.com/explore/6842bb1c000000002100b516?xsec_token=ABoXaLg-xuxgVr96OIXUtkZsas71VqUJDlb_FKkM9eD1w=&xsec_source=pc_user,知道它,,,自产笔记,AGT精华+面膜,,,
68469a9200000000200283e7,内外兼修真的猛！紫外线算是踢到铁板了,https://www.xiaohongshu.com/explore/68464b17000000002202d129?app_platform=android&ignoreEngage=true&app_version=8.85.1&share_from_user_hidden=true&xsec_source=app_share&type=normal&noteAttributes=goods&xsec_token=CB0sJIElqVk7qHKYkhgdlkUJIsfMmt3MPGEZu8TOYQ44Q=&author_share=1&xhsshare=QQ&shareRedId=ODw3Qzo1OU42NzUyOTgwNjY6OTc4STlO&apptime=1749437221&share_id=340ef9f1a48f42b6b189bbdedd708f65&share_channel=qq,到铁板,,,自产笔记,防晒+白肌饮,,,
68479e430000000022025208,早胶原晚抗糖！双重奢养焕回年轻肌底,https://www.xiaohongshu.com/explore/68469a9200000000200283e7?app_platform=android&ignoreEngage=true&app_version=8.86.0&share_from_user_hidden=true&xsec_source=app_share&type=video&noteAttributes=goods&xsec_token=CBKKDDQcsVBzWc3lSp9YnVso0nr363R-YmMtc0Yp9BCdw=&author_share=1&xhsshare=QQ&shareRedId=Nz9FREg4RkJKSTdHPzgyP0c8QktFNzc9&apptime=1749457561&share_id=29fed8f96b3a4e6d9ffa922c2fa3a890&share_channel=qq,轻肌底,,,自产笔记,7D+AGXI,,,
684783ab00000000220373e0,选对精华回报率巨高！实现贵气光泽肌！, https://www.xiaohongshu.com/explore/68479e430000000022025208?app_platform=android&ignoreEngage=true&app_version=8.86.0&share_from_user_hidden=true&xsec_source=app_share&type=video&noteAttributes=goods&xsec_token=CBEM4q85YRwWLjZXrzfYg0fRM3fMPz14NPV9wDA_kBqBA=&author_share=1&xhsshare=QQ&shareRedId=Nz9FREg4RkJKSTdHPzgyP0c8QktFNzc9&apptime=1749524041&share_id=dcc34becb1b9475fb5,高实现,,,自产笔记,AGT粉钻精华,,,
6848deb6000000002001ff9d,口服胶原到底好在哪？40+脸依旧嘭到发疯！,https://www.xiaohongshu.com/explore/684783ab00000000220373e0?app_platform=android&ignoreEngage=true&app_version=8.86.0&share_from_user_hidden=true&xsec_source=app_share&type=video&noteAttributes=goods&xsec_token=CB4ngQioSKleLzwS80gCLkvH-89vlEeaTStP3qxfw3J_8=&author_share=1&xhsshare=QQ&shareRedId=ODw3Qzo1OU42NzUyOTgwNjY6OTc4STlO&apptime=1749517273&share_id=0aabec0912854ddc87fd04f4c3a4f096&share_channel=qq,发疯,,,自产笔记,7D驱动饮,,,
68492cec000000002100fe7a,大龄跨专业法考生のvlog | 内服好物分享,https://www.xiaohongshu.com/explore/6848deb6000000002001ff9d?xsec_token=ABpmi5MtvMHPyC8nyf624ZSngwy7Eow8AKb4m43Qob7sc=&xsec_source=pc_user,法考生,,,自产笔记,养雌小粉果,,,
684947e4000000002100441f,贵妇保养新公式！透光肌养成记,https://www.xiaohongshu.com/explore/68492cec000000002100fe7a?app_platform=android&ignoreEngage=true&app_version=8.86.0&share_from_user_hidden=true&xsec_source=app_share&type=video&xsec_token=CBq6XqB8mjyzwpKYJBi02QpPnrPMwXYgbRGj3dqiPGnlk=&author_share=1&xhsshare=CopyLink&shareRedId=Nz9FREg4RkJKSTdHPzgyP0c8QktFNzc9&apptime=1749626129&share_id=fe834e430b664cc697f079db12ddf046&share_channel=copy_link,新公式,,,自产笔记,X白组合,,,
684a4290000000002202c0ac,女明星眼周回春术！在家也能养出漫画星星眼,https://www.xiaohongshu.com/explore/684947e4000000002100441f?xsec_token=ABtjxf_AOwa_KhSlzLjkoz1iuV2iEMjhaWiAw7Ig6dtGk=&xsec_source=pc_user,蔡文静5,,,自产笔记,金字塔眼膜,,,
68494070000000002001d61f,30+又亮又嫩！竟然还没靠YM？！,https://www.xiaohongshu.com/explore/684a4290000000002202c0ac?app_platform=android&ignoreEngage=true&app_version=8.86.0&share_from_user_hidden=true&xsec_source=app_share&type=normal&noteAttributes=goods&xsec_token=CB0dbbGQO4g-yfEOEOXGGx2fQZB-akQiVaU69D67w2jS0=&author_share=1&xhsshare=QQ&shareRedId=ODw3Qzo1OU42NzUyOTgwNjY6OTc4STlO&apptime=1749697174&share_id=b282936c00c8452e8e1c9bd73c6041ea&share_channel=qq,还没靠,,,自产笔记,X白组合,,,
684a4a42000000002001f33a,偷师女明星开挂式变美！素颜贵气感喝出来,30+又亮又嫩！竟然还没靠YM？！ - 小红书,蒋欣49,,,自产笔记,AGXI,,,
684a4d3f000000002202828c,跟着明星保养|蔡文静同款眼部护理大公开,https://www.xiaohongshu.com/explore/684a4a42000000002001f33a?xsec_token=ABayI_GuRH_RQbcm8lPAb9FaB_RH1mnaDfTkEUzGBadMg=&xsec_source=pc_user,蔡文静6,,,自产笔记,金字塔眼膜,,,
684a57d5000000002200659d,这才是糖化脸该吃的…冻龄抗老重回好状态,https://www.xiaohongshu.com/explore/684a4d3f000000002202828c?xsec_token=AB3X09V6GmwO_5neMdLedYQv_BfFcMSF6fFjMY7wqSEDQ=&xsec_source=pc_user,吃的冻,,,自产笔记,AGXI,,,
684a6e8c0000000022006161,撕开28+保养遮羞布！胶原+抗糖才是肌龄王炸,https://www.xiaohongshu.com/explore/684a57d5000000002200659d?xsec_token=ABtFETn4kyASrxqchfEZJae1j8tKb9pRRkJ7lRPCVPI2I=&xsec_source=pc_user,遮羞布,,,自产笔记,7D驱动饮+AGX,,,
684a73d8000000002301c00e,颜值分水岭！拒绝眼周护理无效努力,https://www.xiaohongshu.com/explore/684a6e8c0000000022006161?xsec_token=AB0CwQuTHUFDDMxO3QaVU6ZGCfMqL8hf1jLrHoEDBCJBs=&xsec_source=pc_user,蔡文静7,,,自产笔记,金字塔眼膜,,,
684a902f0000000022037ba8,硬控黑眼圈水肿 眼周时刻保持年轻态！,https://www.xiaohongshu.com/explore/684a73d8000000002301c00e?app_platform=android&ignoreEngage=true&app_version=8.86.0&share_from_user_hidden=true&xsec_source=app_share&type=video&noteAttributes=goods&xsec_token=CB0dbbGQO4g-yfEOEOXGGx2XNEXXq0a2oLgabOjiH8X9o=&author_share=1&xhsshare=QQ&shareRedId=ODw3Qzo1OU42NzUyOTgwNjY6OTc4STlO&apptime=1749709800&share_id=08286394dc4a43c5b714f5b273117915&,水肿眼周,,,自产笔记,冰美式眼膜,,,
684a91b10000000022024b60,大女主的本命内服，别让糖化脸偷走你的美,https://www.xiaohongshu.com/explore/684a902f0000000022037ba8?xsec_token=ABxud7adew6XIUs-IDg-cxQx5s4gLgKRRtKf-OYc0ZoTs=&xsec_source=pc_collect,大女主,,,自产笔记,AGXI,,,
684b78b20000000021018150,黄黑皮自救！逆袭冷皮的秘密大公开,https://www.xiaohongshu.com/explore/684a91b10000000022024b60?xsec_token=ABkgPSz545rEL6qydpQil1mIuI3P-Vyq62_KcTFRkBxBA=&xsec_source=pc_collect,逆袭冷,,,自产笔记,光感白肌饮,,,
684b9db40000000021005574,抗糖≠戒糖！学会有效抗糖美貌next level!,https://www.xiaohongshu.com/explore/684b78b20000000021018150?app_platform=android&ignoreEngage=true&app_version=8.86.0&share_from_user_hidden=true&xsec_source=app_share&type=normal&noteAttributes=goods&xsec_token=CB92BWVU8W4yRX8BhtLftARW7uEFawX3FLyWKtjlclgQU=&author_share=1&xhsshare=QQ&shareRedId=Nz9FREg4RkJKSTdHPzgyP0c8QktFNzc9&apptime=1749776568&share_id=d58b5b1073cd444092683a2248f3c476&share_channel=qq,美貌,,,自产笔记,AGXI,,,
684b9f410000000022004dcc,睡饱+免疫强=小紫盾给的凡尔赛底气！,https://www.xiaohongshu.com/explore/684b9db40000000021005574?xsec_token=AB5VULVFR1iuHlxNo1Yksav-qDLLXtPj2_iO4N3MX89eA=&xsec_source=pc_user,凡尔赛,,,自产笔记,小紫盾,,,
684bbb0d0000000020028882,夏季焕亮新体验 感受全身发光的魅力！,https://www.xiaohongshu.com/explore/684b9f410000000022004dcc?xsec_token=ABC4wP9Sc0pcb4FWVRcpXvZqIHGYtKLv2A7iOU4n1l8CU=&xsec_source=pc_user,身发光,,,自产笔记,光感白肌饮,,,
684bcb28000000002101a6fa,夏日养白有妙招！搞对思路轻松透亮,https://www.xiaohongshu.com/explore/684bbb0d0000000020028882?xsec_token=ABtXR7iDF1Dtg_jUQAb4TEJSgXSKG88tUXAWo5uApilK8=&xsec_source=pc_user,有妙招,,,自产笔记,抗糖防晒+光感白肌饮,,,
684bc970000000002202482f,抗糖+亮肤！熟龄肌逆生长！,https://www.xiaohongshu.com/explore/684bcb28000000002101a6fa?xsec_token=ABy3BzZi6EURust71tlUHdgkbKMqSz_D3BiyRNa0ojZgI=&xsec_source=pc_user,肌逆生,,,自产笔记,AGXI+光感白肌饮,,,
广告素材：684beb72000000002100977f,狂炫攻略！夏季逆袭就现在,https://www.xiaohongshu.com/explore/684bc970000000002202482f?xsec_token=ABK-L5lqLB16UrEgQqWQLSzhYrSdpfWtvjwKMvp27040o=&xsec_source=pc_user,就现在,,,自产笔记,仙女冻,,,
684b817f000000002300fda6,视觉减龄快狠准，这对CP上脸自带磨皮感！,,狠这对,,,自产笔记,AGT粉钻cp,,,
684bf3720000000022037d91,垮脸终结者！三抗才是抗老的王道,https://www.xiaohongshu.com/explore/684b817f000000002300fda6?app_platform=android&ignoreEngage=true&app_version=8.86.0&share_from_user_hidden=true&xsec_source=app_share&type=video&noteAttributes=goods&xsec_token=CBtBMJWmnLAoxB17MG5InWKjWm7hZqIOfvo7UKHvHHRCk=&author_share=1&xhsshare=QQ&shareRedId=ODw3Qzo1OU42NzUyOTgwNjY6OTc4STlO&apptime=1749778834&share_id=b31280dc615e4076a8df11dc7b47dd34&share_channel=qq,终结者,,,自产笔记,AGT粉钻CP,,,
684f7321000000002102c9f6,40+脸蛋稳如少女 看看女明星的冻龄密码,https://www.xiaohongshu.com/explore/684bf3720000000022037d91?xsec_token=ABLwrQX1fomXx54L6_urvlsgllYKF-R36OBXN7o5D4Sfg=&xsec_source=pc_user,星的冻,,,自产笔记,AGXI,,,
6850e14a0000000021019875,漂亮是养出来的！女明星同款养雌攻略来了,https://www.xiaohongshu.com/explore/684f7321000000002102c9f6?xsec_token=ABAbFAX3cfsqG2ifL8fLxCf7xB1r6shA6B_PfBI7vNTw8=&xsec_source=pc_collect,曹艳1,,,自产笔记,小粉果,,,
68528aa20000000024008bc6,保养没进展？选对方法保养像喝水一样容易,https://www.xiaohongshu.com/explore/6850e14a0000000021019875?xsec_token=ABygIxWa1JLElqqmSJxD2dWIeNhcr7J3qUpPsiO5OKk3Y=&xsec_source=pc_user,蒋欣50,,,自产笔记,AGXI,,,
68536c4c000000002203c370,早知道内调能闪到发光 婚礼前半年就该冲它, https://www.xiaohongshu.com/explore/68528aa20000000024008bc6?app_platform=android&ignoreEngage=true&app_version=8.87.6&share_from_user_hidden=true&xsec_source=app_share&type=video&noteAttributes=goods&xsec_token=CB9fl0dR1u1gvJ7R9rLzuWo0lLzrdIhXHzHIaU27e5t3o=&author_share=1&xhsshare=QQ&shareRedId=Nz9FREg4RkJKSTdHPzgyP0c8QktFNzc9&apptime=1750239911&share_id=fd8441fb718c45c585620f8869c,发光婚,,,自产笔记,光感白肌饮,,,
68536d8e000000001c0321b2,肌肤抗糖保险启动！暗沉垮脸退退退,https://www.xiaohongshu.com/explore/68536c4c000000002203c370?xsec_token=ABllSFWR3ZzvRuMyTr07W-UjFQOj8KxTIzX34KrG4OrBQ=&xsec_source=pc_user,退退退,,,自产笔记,AGXI,,,
685384b3000000002300593c,贵妇抗糖不走弯路！小脸越喝越亮！,https://www.xiaohongshu.com/explore/68536d8e000000001c0321b2?app_platform=android&ignoreEngage=true&app_version=8.87.6&share_from_user_hidden=true&xsec_source=app_share&type=video&noteAttributes=goods&xsec_token=CBrKjx-0pLZE5I30vJAaSZaufNSUNOyjkbeZNhAqnM40o=&author_share=1&xhsshare=QQ&shareRedId=Nz9FREg4RkJKSTdHPzgyP0c8QktFNzc9&apptime=1750298046&share_id=ffbeccee0f644c8b9c8c6a6f8a6f318e&share_channel=qq,弯路小,,,自产笔记,AGXI,,,
68538604000000000b02f193,女明星淡眼纹真的牛！松垂眼重拾少女感,贵妇抗糖不走弯路！小脸越喝越亮！ - 小红书,蔡文静8,,,自产笔记,金字塔眼膜,,,
684a23cd000000002002a1c1,跟着蒋欣学抗糖！把自己当成明星再养一次,https://www.xiaohongshu.com/explore/68538604000000000b02f193?app_platform=android&ignoreEngage=true&app_version=8.87.6&share_from_user_hidden=true&xsec_source=app_share&type=video&noteAttributes=goods&xsec_token=CBep6cUAt8gLjCvcmkowzPLdm9RHudKI1PFlUBv7PIXYE=&author_share=1&xhsshare=QQ&shareRedId=ODw3Qzo1OU42NzUyOTgwNjY6OTc4STlO&apptime=1750304267&share_id=35c6cdacc8e94497a5348e454ea5527e&share_channel=qq,蒋欣51,,,自产笔记,AGXI,,,
6853a30f000000001100059e,女明星减龄秘籍大公开 解锁明亮少女眼！,https://www.xiaohongshu.com/explore/684a23cd000000002002a1c1?xsec_token=ABSqVaCawjFRwUbC0iEivKqjFQKqoNS94sp3doRXY0sUE=&xsec_source=pc_user,蔡文静9,,,自产笔记,金字塔眼膜,,,
6853c34a000000001c035d83,冻龄清透 三相抗糖真的有点东西！,https://www.xiaohongshu.com/explore/6853a30f000000001100059e?xsec_token=ABwBr5JSZM3z5iZN4dE4qNGPWu7C7r4Okp9fDBywb9qUU=&xsec_source=pc_user,点东西,,,自产笔记,AGXI,,,
6854bbd5000000001c031f1b,入夏逆袭必修课！抗糖＋光感开启少女模式！,冻龄清透 三相抗糖真的有点东西！ - 小红书,必修课,,,自产笔记,AGXI+光感白肌饮,,,
68550202000000000d018013,这眼膜把抗老玩明白了！眼周越敷越嫩！,https://www.xiaohongshu.com/explore/6854bbd5000000001c031f1b?xsec_token=ABGXTXhtqbuRHLQtngqZbHRStWCABsZsLc_MPXEPmB33s=&xsec_source=pc_user,明白了,,,自产笔记,金字塔眼膜,,,
68551307000000001001055f,少女过头了！用过这俩才知道能有多嫩！,这眼膜把抗老玩明白了！眼周越敷越嫩！ - 小红书,有多嫩,,,自产笔记,AGT粉钻cp,,,
68551e6f000000002400ffe3,被追问无数次的焕亮秘籍！黄黑皮自救指南,https://www.xiaohongshu.com/explore/68551307000000001001055f?xsec_token=AB_OJ8ryo8rNQv_tOHXMG0jWcZpgMZ4kosvW5tJG6sDNE=&xsec_source=pc_user,焕亮秘,,,自产笔记,光感白肌饮,,,
685a3a58000000002400fba9,28+黄垮真相扎心了！内外双杀才是保养王道,https://www.xiaohongshu.com/explore/68551e6f000000002400ffe3?xsec_token=ABXAOTXOZo4ULp2oeWn7GC9X3njosxM6P15vrqI_fKG5I=&xsec_source=pc_user,双杀才,,,自产笔记,7D驱动饮+AGX,,,
685b4fba000000002400f535,晓姿内服不会选？看这篇一站式让状态在线,https://www.xiaohongshu.com/explore/685a3a58000000002400fba9?xsec_token=ABPtJ0qN9eDk0g3uH7-OUgAvOQUWPJbEu5EynPxVRv_Ss=&xsec_source=pc_user,不会选,,,自产笔记,口服合集,,,
685b8d61000000002203cd8a,高阶护肤精髓！晓姿CP重塑年轻发光肌,https://www.xiaohongshu.com/explore/685b4fba000000002400f535?app_platform=android&ignoreEngage=true&app_version=8.88.0&share_from_user_hidden=true&xsec_source=app_share&type=normal&noteAttributes=goods&xsec_token=CBBL26UC9znEaBG_5bj3_Lo73ompD212SjY-85lcQrZTU=&author_share=1&xhsshare=QQ&shareRedId=Nz9FREg4RkJKSTdHPzgyP0c8QktFNzc9&apptime=1750814721&share_id=4e2632442c72444484,精髓晓,,,自产笔记,AGXI+光感白肌饮,,,
685b590200000000110013b9,爆火的抗老新思路？三抗出击拿捏缎光肌,https://www.xiaohongshu.com/explore/685b8d61000000002203cd8a?xsec_token=ABNOELhZiDeyYIjOHhQvFCXSKz36oeS0rttmFqLpCRQr4=&xsec_source=pc_user,思路三,,,自产笔记,AGT精华+面膜,,,
685b6c6d000000002400b0e5,素颜发光外挂！轻松摆脱肌肤色差~,爆火的抗老新思路？三抗出击拿捏缎光肌 - 小红书,肌肤色,,,自产笔记,光感白肌饮,,,
685ba2b4000000002001b272,28+糖化暗沉 内调双通路才是素颜高定入场券,素颜发光外挂！轻松摆脱肌肤色差~ - 小红书,入场券,,,自产笔记,AGXI+光感白肌饮,,,
685a50ce000000001c03011b,脆皮人速囤！黛玉体质逆袭就靠它！,https://www.xiaohongshu.com/explore/685ba2b4000000002001b272?app_platform=android&ignoreEngage=true&app_version=8.88.0&share_from_user_hidden=true&xsec_source=app_share&type=normal&noteAttributes=goods&xsec_token=CBBL26UC9znEaBG_5bj3_Loyf4ApdFCN4ATXlcsjvGv7s=&author_share=1&xhsshare=QQ&shareRedId=Nz9FREg4RkJKSTdHPzgyP0c8QktFNzc9&apptime=1750835896&share_id=39075171d2c1490794591e870063820f&share_channel=qq,黛玉体,,,自产笔记,小紫盾,,,
685bb0b200000000200192b3,在小韩十年才懂，这是糖化脸真正的要吃的,https://www.xiaohongshu.com/explore/685a50ce000000001c03011b?app_platform=android&ignoreEngage=true&app_version=8.87.6&share_from_user_hidden=true&xsec_source=app_share&type=video&noteAttributes=goods&xsec_token=CB7XR-dV_sVrDhtyd_KCpfNVDE2FLH0Ijmsdkt0l1WBUE=&author_share=1&xhsshare=QQ&shareRedId=Nz9FREg4RkJKSTdHPzgyP0c8QktFNzc9&apptime=1750749396&share_id=f8116a13fed246fb9cc032e7d20e44f0&share_channel=qq,年才懂,,,自产笔记,AGX抗糖饮,,,
685bcbba000000001d00ca9a,从土气背景板到透亮反光板！内服才是真外挂,https://www.xiaohongshu.com/explore/685bb0b200000000200192b3?xsec_token=ABpFjSsBbu2AWU-4Pu7w3qxPu2ZtzxvB16pYmrsVrmp0o=&xsec_source=pc_user,板内服,,,自产笔记,光感白肌饮,,,
685c9ae60000000023006833,大牌出手！三重透光系统也太敢说,https://www.xiaohongshu.com/explore/685bcbba000000001d00ca9a?xsec_token=AB2wJC-rWv6E3u6gXPlyrBgQ-RF05UxPmzX0l71y4bkGQ=&xsec_source=pc_user,出手三,,,自产笔记,光感白肌饮,,,
685bc9e40000000020018e4e,女明星保养内幕丨蒋欣靠它美出新高度！,https://www.xiaohongshu.com/explore/685c9ae60000000023006833?xsec_token=ABCgetaUv1zwuLz4KkK8HeplZw6BKlJddZqQpWwivJCTY=&xsec_source=pc_user,蒋欣53,,,自产笔记,AGX抗糖饮,,,
685cadd90000000010027781,眼膜跟着明星选就对了，紧致嫩眼真的牛！,https://www.xiaohongshu.com/explore/685bc9e40000000020018e4e?xsec_token=ABJ2YE59_zhH9-aPAX3EgC4njttFcJGaqRZkhARfGDL4c=&xsec_source=pc_user,蔡文静10,,,自产笔记,金字塔眼膜,,,
685ca0c8000000001c035d9f,一天一瓶，胶原钻进真皮层！少女肌不请自来,https://www.xiaohongshu.com/explore/685cadd90000000010027781?xsec_token=ABh7rU63SxKDZiQMzrd_PvSt4TJtEoCLb7ZylGBnBgavU=&xsec_source=pc_user,真皮层,,,自产笔记,7D驱动饮,,,
685cc79b000000002400d3c4,胶原+糖化偷袭 瓶罐救不了的黄垮危机靠它俩,https://www.xiaohongshu.com/explore/685ca0c8000000001c035d9f?app_platform=android&ignoreEngage=true&app_version=8.89.0&share_from_user_hidden=true&xsec_source=app_share&type=video&noteAttributes=goods&xsec_token=CBKhXgD7o4r79pakb_TYH535rXjApWB95BEJncCzS-p1k=&author_share=1&xhsshare=QQ&shareRedId=Nz9FREg4RkJKSTdHPzgyP0c8QktFNzc9&apptime=1750900955&share_id=8dae60a68425407c936a4182787e280a&share_channel=qq,偷袭,,,自产笔记,7D+AGXI,,,
685d005f0000000022030b2c,抗糖=还原美貌 比同龄人脸少女好多,https://www.xiaohongshu.com/explore/685cc79b000000002400d3c4?app_platform=android&ignoreEngage=true&app_version=8.89.0&share_from_user_hidden=true&xsec_source=app_share&type=video&xsec_token=CBKhXgD7o4r79pakb_TYH53zSaHt6aLtHaTEiJSNK44Ck=&author_share=1&xhsshare=QQ&shareRedId=Nz9FREg4RkJKSTdHPzgyP0c8QktFNzc9&apptime=1750910879&share_id=a12de813c988477fb236d660905fcff0&share_channel=qq,女好多,,,自产笔记,AGX抗糖饮,,,
685deaad000000002203e657,七仙女的冻龄术大揭秘！,https://www.xiaohongshu.com/explore/685d005f0000000022030b2c?xsec_token=ABgocsMp7X5Roz9Eu4On9uiH6mpB-oUyYpo92FWVig8TM=&xsec_source=pc_user,曹艳2,,,自产笔记,养雌小粉果,,,
685d267b000000001d00fa04,学会抗糖，35岁皮肤比25岁还好！,https://www.xiaohongshu.com/explore/685deaad000000002203e657?xsec_token=ABluKRy4ZtB-lIlPEKe14NUZS7wtAusG-X-TZv,岁还好,,,自产笔记,AGXI,,,
685e40cf0000000024008705,为什么30＋依旧又亮又嫩？秘全在这条视频里,https://www.xiaohongshu.com/explore/685d267b000000001d00fa04?xsec_token=ABjYNq1ZKrK-wS3DF9nU8i9cilf9iJiIBCnene62oO6cw=&xsec_source=pc_user,在这条,,,自产笔记,X白组合,,,
685e425a000000001c037f6e,Do完还能垮？千万别忘了它！,https://www.xiaohongshu.com/explore/685e40cf0000000024008705?xsec_token=AB58yHuj_JFaEH1TASHY5BD0AI0CU3ZG-o0ATPpLuEMR4=&xsec_source=pc_user,忘了他,,,自产笔记,AGXI,,,
685e6454000000000d026ab4,天塌脸不塌！紧致嫩亮少女肌全靠ta！,https://www.xiaohongshu.com/explore/685e425a000000001c037f6e?xsec_token=AB4Xr4crysKjvIBuEYb45qYdcJDRiyyQPbyS5Et3fI07Y=&xsec_source=pc_user,不塌,,,自产笔记,粉钻cp,,,
6862365c00000000100132fc,防晒+抗糖，脸越晒越亮是什么操作？,天塌脸不塌！紧致嫩亮少女肌全靠ta！ - 小红书,感耽误,,,自产笔记,抗糖防晒,,,
68625fa1000000000b01cd56,30 +姐妹集合！三抗抗老让肌肤开启嘭弹模式,防晒+抗糖，脸越晒越亮是什么操作？ - 小红书,集合三,,,自产笔记,AGT粉钻面膜,,,
6863a650000000001c03610f,熬夜抵抗力崩盘？上班族的低能量急救条速领,https://www.xiaohongshu.com/explore/68625fa1000000000b01cd56?xsec_token=ABa0IlwbzrhBA3kDmYffeR002YjgNOoHBzX84mxqkycz4=&xsec_source=pc_user,崩盘上,,,自产笔记,小紫盾,,,
686495f0000000002400fc3a,夏日亮肤突围战！内外双护组合拳告别紫外线,熬夜抵抗力崩盘？上班族的低能量急救条速领 - 小红书,外双护,,,自产笔记,抗糖防晒+光感白肌饮,,,
6864a3b8000000002203f6c0,贵妇圈私藏！抗糖界秘密武器终于藏不住了！,https://www.xiaohongshu.com/explore/686495f0000000002400fc3a?app_platform=android&ignoreEngage=true&app_version=8.89.0&share_from_user_hidden=true&xsec_source=app_share&type=video&noteAttributes=goods&xsec_token=CBBmvAP3bCkJ0OJnZG1WcLE2LyiMQlwk3J3IYhunszPpI=&author_share=1&xhsshare=QQ&shareRedId=Nz9FREg4RkJKSTdHPzgyP0c8QktFNzc9&apptime=1751422457&share_id=92c56a4704184c6e8d11e6,私藏抗糖,,,自产笔记,AGXI,,,
6864a983000000002400c0e0,垮脸变黄？抗糖带你重回贵气感??,贵妇圈私藏！抗糖界秘密武器终于藏不住了！ - 小红书,变黄,,,自产笔记,AGXI,,,
6865cf9d0000000020018593,30+的胶原“断崖” 这次是真的被接住了,https://www.xiaohongshu.com/explore/6864a983000000002400c0e0?xsec_token=ABmw3ubS95pzIf_02VDdEP-hQIRb6xzgv2sagTed6u5P8=&xsec_source=pc_user,断崖这次,,,自产笔记,7D驱动饮,,,
6865d442000000002203e96e,腮红钱省了！妈生水光肌是它给的,30+的胶原“断崖” 这次是真的被接住了 - 小红书,它给的,,,自产笔记,养雌小粉果,,,
6865ed1a0000000022033186,晓姿内服双抗！贵妇肌好状态稳稳稳！,腮红钱省了！妈生水光肌是它给的 - 小红书,稳稳稳,,,自产笔记,AGXI+光感白肌饮,,,
6865ef3f0000000011000509,晓姿新号开播 100 天！破价福利剧透快码住,晓姿内服双抗！贵妇肌好状态稳稳稳！ - 小红书,活动笔记1,,,自产笔记,新号活动笔记,,,
6865efc6000000001d00d8cd,晓姿新号开播 100 天！破价福利剧透快码住,https://www.xiaohongshu.com/explore/6865ef3f0000000011000509?xsec_token=ABQc8y1ZzXyrHD_OqJihw-sYQ-M7zEfFxSl1akCXyK3JI=&xsec_source=pc_user,活动笔记2,,,自产笔记,新号活动笔记,,,
6866032c0000000012014c16,"眼膜届邪修！跟着明星养出同款星星少女眼！
",https://www.xiaohongshu.com/explore/6865efc6000000001d00d8cd?xsec_token=ABQc8y1ZzXyrHD_OqJihw-saMKmSlm2AV8fjCs0mVRoOg=&xsec_source=pc_user,蔡文静11,,,自产笔记,金字塔眼膜,,,
686616b8000000000d0243e2,同款get！蔡文静的星星眼原来是靠它！,https://www.xiaohongshu.com/explore/6866032c0000000012014c16?xsec_token=AB0jA-Yotd4IOiwOIMw3iyYBhZ5UbzpLig_zG9Vyd2e28=&xsec_source=pc_user,蔡文静12,,,自产笔记,金字塔眼膜,,,
68662a4f000000000b02c113,老态焦虑？三抗直接出击拿捏精致磨皮感,https://www.xiaohongshu.com/explore/686616b8000000000d0243e2?xsec_token=ABs2bvMYP-QwObMxx4Ty726VG41vtYZppnOPxog_fMnmc=&xsec_source=pc_user,磨皮感,,,自产笔记,AGT精华+面膜,,,
686633eb000000001c031805,30 +喝出少女肌！这抗糖饮焊死逆龄赛道,https://www.xiaohongshu.com/explore/68662a4f000000000b02c113?xsec_token=ABHGWjQBewqHcyVRi-BpuKbtKZ2jSeDzr71u7YvCWX2Hk=&xsec_source=pc_user,饮焊死,,,自产笔记,AGXI,,,
68663a50000000000b02eda6,教科书级别的眼膜 眼周保养事半功倍！,https://www.xiaohongshu.com/explore/686633eb000000001c031805?xsec_token=ABjZe2cbZKZHb3f8jEKg2K3aeQGvPg4gFL_XYA7iC8lzA=&xsec_source=pc_user,蔡文静13,,,自产笔记,金字塔眼膜,,,
6866446a000000000d027306,高回报眼膜 眼部冰美式真不是浪得虚名！,https://www.xiaohongshu.com/explore/68663a50000000000b02eda6?xsec_token=ABuAYVtYoMro_sd1fyacxYKOsgGx77rtt0CE14zTn0kIE=&xsec_source=pc_user,浪得虚名,,,自产笔记,冰美式眼膜,,,
68673e36000000002201e839,暗沉垮脸急救包！补光灯cp喝出嘭弹水光肌！,高回报眼膜 眼部冰美式真不是浪得虚名！ - 小红书,包补光,,,自产笔记,AGXI+光感白肌饮,,,
6867408a0000000012015a82,眼周年龄倒车请注意！结构性衰老克星！,https://www.xiaohongshu.com/explore/68673e36000000002201e839?app_platform=android&ignoreEngage=true&app_version=8.89.0&share_from_user_hidden=true&xsec_source=app_share&type=video&noteAttributes=goods&xsec_token=CBurPuVRTfiFkYm53jQkXnz2OX9XO5n-wyHmSAxb9oZY0=&author_share=1&xhsshare=QQ&shareRedId=Nz9FREg4RkJKSTdHPzgyP0c8QktFNzc9&apptime=1751596604&share_id=bd81154c4aec45f299a34a852070d70d&share_channel=qq,迅猛龙,,,自产笔记,金字塔眼膜,,,
68676fba000000001d00c03b,黄黑姐妹冷皮上岸！光感白肌不服不行！,https://www.xiaohongshu.com/explore/6867408a0000000012015a82?xsec_token=ABhJEkdbM_AP1yUGqIU350oxLMW09AFU-G3mbn4er2yHo=&xsec_source=pc_user,不服不,,,自产笔记,光感白肌饮,,,
6867a9530000000020019288,喝一支亮一点！坚持内服喜提发光牛奶肌！,https://www.xiaohongshu.com/explore/68676fba000000001d00c03b?xsec_token=ABp7-_d2PQndrL80a7R-95PclBoEsfSWaJo5V4X5g3YRk=&xsec_source=pc_user,亮一点,,,自产笔记,光感白肌饮,,,
686cd848000000002001a691,别让失眠透支免疫力？小紫盾帮你拯救脆难题,https://www.xiaohongshu.com/explore/6867a9530000000020019288?xsec_token=ABepYfEOjPxoYv1BiYLyZwr5BQ2sasxFM1P8870v8TFsQ=&xsec_source=pc_user,帮你拯救,,,自产笔记,小紫盾,,,
686cc1b9000000002001bf03,细纹松垮甩不掉？抗糖抗错层＝白花钱！,https://www.xiaohongshu.com/explore/686cd848000000002001a691?app_platform=android&ignoreEngage=true&app_version=8.90.0&share_from_user_hidden=true&xsec_source=app_share&type=normal&noteAttributes=goods&xsec_token=CBNr2X6t_BEu6sMwOIQ5AdOIraoYV_VM9zg-saC889usI=&author_share=1&xhsshare=QQ&shareRedId=Nz9FREg4RkJKSTdHPzgyP0c8QktFNzc9&apptime=1751963724&share_id=12c9f633ca1247dd88c6059a49c1f0e6&sh,白花钱,,,自产笔记,AGXI,,,
686cc7a0000000001d00c845,给黄黑皮一点震撼！夏天暴晒不黑巨透亮！,细纹松垮甩不掉？抗糖抗错层＝白花钱！ - 小红书,震撼夏天,,,自产笔记,抗糖防晒+光感白肌饮,,,
686ded1f000000000b02fe64,粉钻面膜你真的绝了！垮脸暗沉敷它就对了,给黄黑皮一点震撼！夏天暴晒不黑巨透亮！ - 小红书,暗沉敷,,,自产笔记,AGT粉钻面膜,,,
686e369800000000240093ef,只会外在防晒护肤？内调光感白肌才是真牛！,https://www.xiaohongshu.com/explore/686ded1f000000000b02fe64?app_platform=android&ignoreEngage=true&app_version=8.90.0&share_from_user_hidden=true&xsec_source=app_share&type=video&noteAttributes=goods&xsec_token=CBEEKxPvhejeXHfVmK_eIPCv7ksu-tXbRM-QDMffya_4U=&author_share=1&xhsshare=QQ&shareRedId=ODw3Qzo1OU42NzUyOTgwNjY6OTc4STlO&apptime=1752034596&share_id=9352ea5628bb4dcd9c0c952fe47184d4&share_channel=qq,护肤内调,,,自产笔记,光感白肌饮,,,
686e40c8000000001c03030d,黄黑皮爆改冷皮秘籍！就是光感白肌饮！,https://www.xiaohongshu.com/explore/686e369800000000240093ef?xsec_token=ABuUGxGLWdsVAHOeZBpHg7ixZhGwtu27cxyj6ZuKeERbs=&xsec_source=pc_user,就是光,,,自产笔记,光感白肌饮,,,
686f14360000000022032890,无痛do脸抗老秘籍！饱满透亮脸拿捏！,https://www.xiaohongshu.com/explore/686e40c8000000001c03030d?xsec_token=ABVcZDQ4rwH33tSarYtWtodo-VBiHC0bEXcwHdG-npT88=&xsec_source=pc_user,无痛,,,自产笔记,AGXI+光感白肌饮,,,
686f52930000000020019825,胶原不对=白补！分层补才是素颜高定入场券,https://www.xiaohongshu.com/explore/686f14360000000022032890?xsec_token=AB2e843oInnpKvI8Y56xcG5FeQ07G0-O_E1pDt4TdQF_8=&xsec_source=pc_user,白补分,,,自产笔记,7D驱动饮,,,
686f597a0000000010024cfc,眼周逆龄金字塔！抄蔡文静同款嫩眼术真香！,https://www.xiaohongshu.com/explore/686f52930000000020019825?xsec_token=ABXlQ0EqI4lYIgBI_aHv9r7SXAIIMDw1e6glBdYof48hQ=&xsec_source=pc_user,蔡文静15,,,自产笔记,金字塔眼膜,,,
686f5629000000000b01d029,眼纹真淡了！跟着蔡文静吃到眼周保养红利了,https://www.xiaohongshu.com/explore/686f597a0000000010024cfc?app_platform=android&ignoreEngage=true&app_version=8.91.0&share_from_user_hidden=true&xsec_source=app_share&type=video&noteAttributes=goods&xsec_token=CBV3kSxDgLeXlwj3Th_9pWpUeVrlBSJpnShP_kPCnzK_U=&author_share=1&xhsshare=QQ&shareRedId=ODw3Qzo1OU42NzUyOTgwNjY6OTc4STlO&apptime=1752127908&share_id=ba7d77cae1ff47ba816a32b9b5ea61b0&share_channel=qq,蔡文静16,,,自产笔记,金字塔眼膜,,,
686f8a23000000001d00d1d3,素颜比同龄人显嫩，抗老还得先抗糖！,https://www.xiaohongshu.com/explore/686f5629000000000b01d029?app_platform=android&ignoreEngage=true&app_version=8.91.0&share_from_user_hidden=true&xsec_source=app_share&type=normal&noteAttributes=goods&xsec_token=CBV3kSxDgLeXlwj3Th_9pWpbxnZ8f_Rst4edLIEZpbE90=&author_share=1&xhsshare=QQ&shareRedId=ODw3Qzo1OU42NzUyOTgwNjY6OTc4STlO&apptime=1752127030&share_id=c9c3d840fd5049558e9611415bfe6caa&share_channel=qq,人显嫩,,,自产笔记,AGXI,,,
686f8a79000000000d01a24d,晓姿告诉你：30＋熟龄肌如何精准分层抗老！,https://www.xiaohongshu.com/explore/686f8a23000000001d00d1d3?app_platform=android&ignoreEngage=true&app_version=8.90.0&share_from_user_hidden=true&xsec_source=app_share&type=video&noteAttributes=goods&xsec_token=CB-iimiHzdaExW0JsQbkDG8APkhsMExwk2HLO0ceYzgpo=&author_share=1&xhsshare=QQ&shareRedId=Nz9FREg4RkJKSTdHPzgyP0c8QktFNzc9&apptime=1752140385&share_id=32d2bc552a83480aa19f2c84ae296419&share_channel=qq,准分层,,,自产笔记,美护合集,,,
687062f9000000001d00f95b,无整感的美丽思路 精养抗糖是关键,https://www.xiaohongshu.com/explore/686f8a79000000000d01a24d?xsec_token=ABXlQ0EqI4lYIgBI_aHv9r7dWlcQ0GaXGC2P97rii_kEY=&xsec_source=pc_user,思路精,,,自产笔记,AGXI,,,
68706aae000000001c0320b0,抗糖+亮肤，黄黑皮也无惧“夏”马威！,https://www.xiaohongshu.com/explore/687062f9000000001d00f95b?app_platform=android&ignoreEngage=true&app_version=8.90.0&share_from_user_hidden=true&xsec_source=app_share&type=video&noteAttributes=goods&xsec_token=CBY0k7Xy1iixfcC_kEEUYnwgh5Am7iTkThHkMcEHMefb4=&author_share=1&xhsshare=QQ&shareRedId=Nz9FREg4RkJKSTdHPzgyP0c8QktFNzc9&apptime=1752195848&share_id=9bf75cacb,夏马威,,,自产笔记,X白组合,,,
6870b314000000002001805a,港姐抗老秘籍大公开 奔四也有好状态,抗糖+亮肤，黄黑皮也无惧“夏”马威！ - 小红书,公开奔,,,自产笔记,AGXI,,,
68745baa000000000d01858a,眼周防线靠它守护 轻松拥有小鹿眼！,https://www.xiaohongshu.com/explore/6870b314000000002001805a?xsec_token=AB5fYwSy8Sob8DMEA3qOgutb_6kByHCyyeTIFuMMlKBsI=&xsec_source=pc_user,小鹿眼,,,自产笔记,金字塔眼膜,,,
6874a63e000000002201d62b,拒绝防晒枷锁！轻松养出透亮反光肌,眼周防线靠它守护 轻松拥有小鹿眼！ - 小红书,枷锁,,,自产笔记,防晒+白肌饮,,,
6874aad9000000002001b6d2,晓姿内服全家福重磅来袭 脸蛋到状态通通开,拒绝防晒枷锁！轻松养出透亮反光肌 - 小红书,通通开,,,自产笔记,口服合集,,,
6875ae84000000001d00c0b2,"35+素颜逆龄秘密！垮脸暗沉速退散！
",https://www.xiaohongshu.com/explore/6874aad9000000002001b6d2?xsec_token=ABaFAGksE1IJZC-IpbThSGpdqjN0zM9zfm_FTvQzyBtwc=&xsec_source=pc_user,速退散,,,自产笔记,7D驱动饮+AGXI,,,
6875cd01000000001c030e13,睡眠免疫双下线？小紫盾帮你双向逆袭,https://www.xiaohongshu.com/explore/6875ae84000000001d00c0b2?xsec_token=ABnhaVmtUk5ncvV8gAaBAdyDJFMr1nbFE26v7q5iukSXI=&xsec_source=pc_user,双下线,,,自产笔记,小紫盾,,,
6875e0e000000000110039d3,在家也能给脸做spa！你离少女肌只差这对CP,https://www.xiaohongshu.com/explore/6875cd01000000001c030e13?app_platform=android&ignoreEngage=true&app_version=8.90.0&share_from_user_hidden=true&xsec_source=app_share&type=video&noteAttributes=goods&xsec_token=CBn_y07TbQDR4tsKBU9C_XjF3laR3J40c98tkPQfGlaRQ=&author_share=1&xhsshare=QQ&shareRedId=Nz9FREg4RkJKSTdHPzgyP0c8QktFNzc9&apptime=1752550680&share_id=e0f06e62633e,只差这,,,自产笔记,粉钻cp,,,
68785702000000001d00ecc8,高阶内服新思路 三层阻糖紧致肌底,在家也能给脸做spa！你离少女肌只差这对CP - 小红书,紧致肌,,,自产笔记,AGXI,,,
687852740000000023004fc9,不必戒甜！抗糖才是28+女孩的透亮肌密！,https://www.xiaohongshu.com/explore/68785702000000001d00ecc8?app_platform=android&ignoreEngage=true&app_version=8.90.0&share_from_user_hidden=true&xsec_source=app_share&type=normal&noteAttributes=goods&xsec_token=CBdlgndWTrEJFHox355EuqvlpSXAjYmZmjiTEc7t-upCU=&author_share=1&xhsshare=QQ&shareRedId=Nz9FREg4RkJKSTdHPzgyP0c8QktFNzc9&apptime=1752717062&share_id=acb8d4bbdac04be,戒甜抗,,,自产笔记,AGXI,,,
687869f1000000002400dc86,锁死这个补光灯CP！早晚搭配喝出透亮少女肌,不必戒甜！抗糖才是28+女孩的透亮肌密！ - 小红书,补光灯,,,自产笔记,AGXI+光感白肌饮,,,
68785fb6000000001d00e951,替大家试过了，抗糖真的可以改变外貌！,锁死这个补光灯CP！早晚搭配喝出透亮少女肌 - 小红书,改变外,,,自产笔记,AGXI,,,
6878a3a6000000001c030df2,肤色爆改！漂亮女生夏天都偷偷用内服开挂,https://www.xiaohongshu.com/explore/68785fb6000000001d00e951?xsec_token=ABl5nxue_1OAfmjxuXIxyarTS6qQMl6FL9CXMy1sS0spQ=&xsec_source=pc_user,爆改漂亮,,,自产笔记,光感白肌饮,,,
68799b2b000000002203279d,抗糖+提亮，这组CP把素颜高光焊脸上！,https://www.xiaohongshu.com/explore/6878a3a6000000001c030df2?xsec_token=ABrtiRY3UN1-rVj_45a_iNr9T_7FhyJP7jDKRW1bhWO9k=&xsec_source=pc_user,焊脸上,,,自产笔记,AGXI+光感白肌饮,,,
68799fd70000000010026ecf,蔡文静的眼周年轻秘诀 这眼膜建议人手一罐,抗糖+提亮，这组CP把素颜高光焊脸上！ - 小红书,蔡文静17,,,自产笔记,金字塔眼膜,,,
6879e60e0000000023004e21,抄贵妇抗衰同款抗糖！喝出透亮少女肌,https://www.xiaohongshu.com/explore/68799fd70000000010026ecf?xsec_token=ABtW106aGqBhqWrkVbnJSVisU7KatKNzOxar4rPdz51r4=&xsec_source=pc_user,同款抗,,,自产笔记,AGXI,,,
687a0bdb00000000230076c8,透光肌养成指南 全身焕亮只认这对CP！,抄贵妇抗衰同款抗糖！喝出透亮少女肌 - 小红书,认这对,,,自产笔记,抗糖防晒+光感白肌饮,,,
6879dee7000000000d026aee,明星私下爱用眼膜！淡纹紧致嫩眼真的牛！,https://www.xiaohongshu.com/explore/687a0bdb00000000230076c8?xsec_token=ABP0HNaKf4htgdmKYSGuNpWW4nOhFhDIqbEYaEGDwU_jU=&xsec_source=pc_user,蔡文静18,,,自产笔记,金字塔眼膜,,,
687d96230000000022030196,夏日阻黑秘籍！喝出透亮光感肌,https://www.xiaohongshu.com/explore/6879dee7000000000d026aee?xsec_token=ABNYL7bvtIrhaarUweBAALADCABWfk7vW3uOVJ01wS-T8=&xsec_source=pc_user,亮光感,,,自产笔记,光感白肌饮,,,
687da245000000002400dd93,拒绝黛玉体质！免疫墙&深睡双充指南,https://www.xiaohongshu.com/explore/687d96230000000022030196?app_platform=android&ignoreEngage=true&app_version=8.92.0&share_from_user_hidden=true&xsec_source=app_share&type=normal&noteAttributes=goods&xsec_token=CBFXxTMBVa4cNGP4bKAFSQYQQpem-uGI58eAeQFaBVOjI=&author_share=1&xhsshare=QQ&shareRedId=Nz9FREg4RkJKSTdHPzgyP0c8QktFNzc9&apptime=1753060908&share_id=cd3224f116a949c8a02be934a21695e,,,,自产笔记,小紫盾,,,
687dd783000000002201dfea,抗糖做得好？皮肤状态稳到老！,https://www.xiaohongshu.com/explore/687da245000000002400dd93?app_platform=android&ignoreEngage=true&app_version=8.92.0&share_from_user_hidden=true&xsec_source=app_share&type=video&noteAttributes=goods&xsec_token=CBFXxTMBVa4cNGP4bKAFSQYRRJqDvO8NW0_1Wpw_6Tf2g=&author_share=1&xhsshare=QQ&shareRedId=Nz9FREg4RkJKSTdHPzgyP0c8QktFNzc9&apptime=1753064012&share_id=457b12953f2047b5be26fc68cc8c4576&share_channel=qq,稳到老,,,自产笔记,AGXI,,,
687de7d9000000001c03798f,抗老没效果？试试这个高回报内服CP！,https://www.xiaohongshu.com/explore/687dd783000000002201dfea?app_platform=android&ignoreEngage=true&app_version=8.92.0&share_from_user_hidden=true&xsec_source=app_share&type=video&noteAttributes=goods&xsec_token=CBFXxTMBVa4cNGP4bKAFSQYf2RDdxrkEGL4A_N043RbEM=&author_share=1&xhsshare=QQ&shareRedId=Nz9FREg4RkJKSTdHPzgyP0c8QktFNzc9&apptime=1753077640&share_id=ce096fd54812432b833b4129cd01acc,报内服,,,自产笔记,7D驱动饮+AGXI,,,
687deade000000002001a62e,嫩脸秘诀公开！内服养肤高端局！,https://www.xiaohongshu.com/explore/687de7d9000000001c03798f?xsec_token=ABJwgb_vBAEL_iyq318GcXrDXiyNKZzDkpEzlv8Dsex_4=&xsec_source=pc_user,肤高端,,,自产笔记,7D驱动饮,,,
687df0c3000000000b01ce60,抗氧！抗糖！抗羰基化！三步回春逆转肌龄,嫩脸秘诀公开！内服养肤高端局！ - 小红书,转肌龄,,,自产笔记,AGT粉钻面膜,,,
687e0650000000000d018df4,抗衰眼膜接管眼周年龄！击退细纹暗沉倦态,抗氧！抗糖！抗羰基化！三步回春逆转肌龄 - 小红书,迅猛龙2,,,自产笔记,金字塔眼膜,,,
687f5949000000001d00d617,精准对抗糖化肌底，开启肌肤“富养”时代,抗衰眼膜接管眼周年龄！击退细纹暗沉倦态 - 小红书,富阳时,,,自产笔记,AGXI,,,
68804c60000000002001a164,夏日肤色大作战，找准方法养白没烦恼,精准对抗糖化肌底，开启肌肤“富养”时代 - 小红书,作战找,,,自产笔记,抗糖防晒+光感白肌饮,,,
688054e4000000002203dc3b,抗糖+补胶原齐上阵 少女脸溢出屏幕！,https://www.xiaohongshu.com/explore/68804c60000000002001a164?xsec_token=AByYawxfdhGARqHhHBG2Vmc68xiihrEjVOs6d-dtEDsy4=&xsec_source=pc_user,齐上阵,,,自产笔记,7D驱动饮+AGXI,,,
"6880797f000000002203ce11
新ID：6892c75d000000002302b629","说了N遍！重启肌龄还得靠内服！
新标题：30+了才知道，重启肌龄还得靠内服！",https://www.xiaohongshu.com/explore/688054e4000000002203dc3b?xsec_token=AB7n-_fzD0eif0mDCZxe9JGaua54pl2xXQ3JfxrgHr_YY=&xsec_source=pc_user,遍重启,,,自产笔记,X白组合,,,
68807e9d000000002001b5a7,黄黑皮28天逆天改命 用它秒变灯泡肌！,30+了才知道，重启肌龄还得靠内服！ - 小红书,命用它,,,自产笔记,光感白肌饮,,,
68808668000000002400ac44,30＋素颜显嫩妙招！抗糖＋白肌打造钻光肌！,黄黑皮28天逆天改命 用它秒变灯泡肌！ - 小红书,招抗糖,,,自产笔记,X白组合,,,
6880a0460000000010011371,迅猛龙眼周护理大公开！眼纹党黑眼圈都来学,https://www.xiaohongshu.com/explore/68808668000000002400ac44?xsec_token=AB1sBOI1UfQFZQhG3PMKzd3UKdSj0p9e0Y6exodyqTaHg=&xsec_source=pc_user,迅猛龙3,,,自产笔记,金字塔眼膜,,,
6880a024000000002400eab2,晓姿0元试喝通道开启！手把手教你白嫖攻略,迅猛龙眼周护理大公开！眼纹党黑眼圈都来学 - 小红书,,,,自产笔记,7D驱动饮+白肌饮,,,
688196d9000000002201ceaa,28天糖化脸回春计时：黄气老化大逆转！,晓姿0元试喝通道开启！手把手教你白嫖攻略 - 小红书,大逆转,,,自产笔记,AGXI,,,
6881ea190000000022032a52,三相抗糖真的牛 内服打卡28天直接服！,https://www.xiaohongshu.com/explore/688196d9000000002201ceaa?app_platform=android&ignoreEngage=true&app_version=8.92.0&share_from_user_hidden=true&xsec_source=app_share&type=normal&noteAttributes=goods&xsec_token=CBY5dn65T1-CmifeyIIHKGSuSqPjrIcV9qhoFcazD_cl4=&author_share=1&xhsshare=QQ&shareRedId=Nz9FREg4RkJKSTdHPzgyP0c8QktFNzc9&apptime=1753323234&share_id=0441c48ae1164ec0807b241b9247bd65&share_channel=qq,直接服,,,自产笔记,AGXI,,,
688207200000000010010a05,眼周救星！这个抗衰眼膜把美美钱都省了！,三相抗糖真的牛 内服打卡28天直接服！ - 小红书,迅猛龙4,,,自产笔记,金字塔眼膜,,,
6882d549000000002400e590,肌龄满30-10？晓姿补光灯CP立大功,https://www.xiaohongshu.com/explore/688207200000000010010a05?xsec_token=ABa7_3U0Mp23g4WcuxRkJUXAq2xS_WBBMzZUJCzQCjM74=&xsec_source=pc_user,立大功,,,自产笔记,AGXI+光感白肌饮,,,
688323b90000000023005479,黄黑皮顿悟：内外双修才能get瓷光肌！,https://www.xiaohongshu.com/explore/6882d549000000002400e590?xsec_token=ABbu0aAvvIltjUwBzwVT4WJrHBU-kTM0U9m45Q60aWOfI=&xsec_source=pc_user,顿悟内,,,自产笔记,抗糖防晒+光感白肌饮,,,
68832dbc00000000120161a4,有这支能抗糖的防晒精华，轻松养出发光肌！,https://www.xiaohongshu.com/explore/688323b90000000023005479?app_platform=android&ignoreEngage=true&app_version=8.92.0&share_from_user_hidden=true&xsec_source=app_share&type=video&noteAttributes=goods&xsec_token=CBbxbzmI8E6ukVMNSzE8PxUfQ8rQvFr1YMBWxmYmykUo0=&author_share=1&xhsshare=QQ&shareRedId=Nz9FREg4RkJKSTdHPzgyP0c8QktFNzc9&apptime=1753424834&share_id=9490d8e9c2c7426f94b23641b2aa439e&share_channel=qq,糖的防,,,自产笔记,抗糖防晒,,,
6883385b0000000023007507,告别“脖子分界线”韩女同款全身发光秘诀,有这支能抗糖的防晒精华，轻松养出发光肌！ - 小红书,界线韩,,,自产笔记,抗糖防晒+光感白肌饮,,,
68834dfb00000000110004a7,别让眼部状态暴漏年龄 三层焕变眼部状态,告别“脖子分界线”韩女同款全身发光秘诀 - 小红书,迅猛龙5,,,自产笔记,金字塔眼膜,,,
6886ec180000000022031423,三伏天想稳抵抗力？小紫盾让睡眠身体双在线,https://www.xiaohongshu.com/explore/68834dfb00000000110004a7?app_platform=android&ignoreEngage=true&app_version=8.92.0&share_from_user_hidden=true&xsec_source=app_share&type=normal&noteAttributes=goods&xsec_token=CB6HQp-q7rKqKc1AjMQfI6Q3YKYpt_2_Z7xIgiggAMc64=&author_share=1&xhsshare=QQ&shareRedId=ODw3Qzo1OU42NzUyOTgwNjY6OTc4STlO&apptime=1753435653&share_id=9d586d4bb90545dcb36b8c05a5333e08&,让睡眠,,,自产笔记,小紫盾,,,
688883a6000000002302c923,28+护肤新思路：早提亮+晚抗糖给足素颜底气,https://www.xiaohongshu.com/explore/6886ec180000000022031423?xsec_token=ABZKT-bVeugHQ287MQzMn262F0wuitW_bEcTKbcsoaFYM=&xsec_source=pc_user,颜底气,,,自产笔记,AGXI+光感白肌饮,,,
6889cb540000000023033826,不抗糖永远不知道自己能有多漂亮！,https://www.xiaohongshu.com/explore/688883a6000000002302c923?app_platform=android&ignoreEngage=true&app_version=8.92.0&share_from_user_hidden=true&xsec_source=app_share&type=normal&noteAttributes=goods&xsec_token=CBBBtJ4bHTPn5oPrard-rdluonB2wt-N5Zq9-8poQQJpo=&author_share=1&xhsshare=QQ&shareRedId=Nz9FREg4RkJKSTdHPzgyP0c8QktFNzc9&apptime=1753777081&share_id=d12f627d78e74063877fc240446be391&share_channel=qq,多漂亮,,,自产笔记,AGXI,,,
688ac3f4000000002500f50f,一罐亮眼焕活 告别倦容没精神,https://www.xiaohongshu.com/explore/6889cb540000000023033826?xsec_token=AB-X_N0nXKVduyBJEzPryvKNaz2EFHMrnYRTc5_29XRUI=&xsec_source=pc_user,迅猛龙7,,,自产笔记,金字塔眼膜,,,
688ad187000000002203b5e0,胶原蛋白卷王 内服在这一刻具象化了！,https://www.xiaohongshu.com/explore/688ac3f4000000002500f50f?app_platform=android&ignoreEngage=true&app_version=8.92.0&share_from_user_hidden=true&xsec_source=app_share&type=video&noteAttributes=goods&xsec_token=CBic0ZSVz3m9keyv6O_OtdganFnzIzTyJ2x7QuI1jZLxY=&author_share=1&xhsshare=QQ&shareRedId=ODw3Qzo1OU42NzUyOTgwNjY6OTc4STlO&apptime=1753924601&share_id=1e46f5fc7abd4c968e8b9542ccb727,象化了,,,自产笔记,7D驱动饮,,,
688b18d800000000230284d6,给黄黑皮一点震撼！越晒巨透亮！,胶原蛋白卷王 内服在这一刻具象化了！ - 小红书,震撼越,,,自产笔记,抗糖防晒+光感白肌饮,,,
688b256e0000000023036a2b,糖瘾姐妹的抗糖逆袭计划??击退糖分刺客,给黄黑皮一点震撼！越晒巨透亮！ - 小红书,分刺客,,,自产笔记,AGXI,,,
688b289700000000230226ba,真的没骗人...全身越喝越透亮,https://www.xiaohongshu.com/explore/688b256e0000000023036a2b?xsec_token=AB1gINkKQjjGDRVTn9om0F_v3kfERBdI2JjW_aRdKrJLU=&xsec_source=pc_user&source=web_user_page,越透亮,,,自产笔记,光感白肌饮,,,
688b2f680000000023037995,28+靠着邪修养颜法子逆天改命！,https://www.xiaohongshu.com/explore/688b289700000000230226ba?xsec_token=ABcVznCeKfBBE0BdQ8ZqUT9BJnY9lgTFu18SZxzCLxmI0=&xsec_source=pc_user,逆天改,,,自产笔记,AGXI+光感白肌饮,,,
688b3c9400000000220382b2,在东京跟着樱花妹内调--变美秘籍,https://www.xiaohongshu.com/explore/688b2f680000000023037995?xsec_token=ABb-xHgSIWhG8S8fFBcJW6ApFCD_cRpiBUBWZ-Q-weSVE=&xsec_source=pc_collect,变美秘,,,自产笔记,养雌小粉果,,,
688c350100000000230324d4,黄黑皮回购N次，28天打卡冷皮翻盘？！,https://www.xiaohongshu.com/discovery/item/688b3c9400000000220382b2?source=webshare&xhsshare=pc_web&xsec_token=AB9JLkdqCJCGLhuzwLNo9-ZblnkWv5PEqJkgI-YThtdjU=&xsec_source=pc_share,皮回购,,,自产笔记,光感白肌饮,,,
688c360b0000000025024cbd,蔡文静同款眼膜，淡纹去黑眼圈真的顶！！,https://www.xiaohongshu.com/explore/688c350100000000230324d4?app_platform=android&ignoreEngage=true&app_version=8.92.0&share_from_user_hidden=true&xsec_source=app_share&type=video&noteAttributes=goods&xsec_token=CBLyPeJQ5OuzLiI6kPbX6UD73M8P1o5ugHStiwO33avNY=&author_share=1&xhsshare=QQ&shareRedId=Nz9FREg4RkJKSTdHPzgyP0c8QktFNzc9&apptime=1754019118&share_id=94421aa8d6c04d5bac2368060ba982fb&share_channel=qq,蔡文静20,,,自产笔记,金字塔眼膜,,,
688c6603000000002501b7c8,贵妇圈疯抢！抗羰基化才是抗老终极答案,https://www.xiaohongshu.com/explore/688c360b0000000025024cbd?xsec_token=ABD4UAMZe2fObHYLq4n9oLmg8W_kRqzY0-bJpkPPLfJqU=&xsec_source=pc_user,终极答,,,自产笔记,AGT精华+面膜,,,
688c8bbf000000002302cb27,冻龄抗老真的不难！原来差的就是这三相抗糖,https://www.xiaohongshu.com/explore/688c6603000000002501b7c8?app_platform=android&ignoreEngage=true&app_version=8.92.0&share_from_user_hidden=true&xsec_source=app_share&type=video&noteAttributes=goods&xsec_token=CBAop6E8axDCQ9mz9jfHs_slUItUcD473Ai2_liaBbNHQ=&author_share=1&xhsshare=QQ&shareRedId=ODw3Qzo1OU42NzUyOTgwNjY6OTc4STlO&apptime=1754031639&share_id=6d67b987e7d44dfcb4dcc62e89ddc767&share_channel=qq,难原来,,,自产笔记,AGXI,,,
6890281f0000000023019b66,抵抗力up指南！睡眠小趴菜速囤！,https://www.xiaohongshu.com/explore/688c8bbf000000002302cb27?app_platform=android&ignoreEngage=true&app_version=8.92.0&share_from_user_hidden=true&xsec_source=app_share&type=normal&noteAttributes=goods&xsec_token=CBLyPeJQ5OuzLiI6kPbX6UD7KyMRitni8CGpbpKTUGrdE=&author_share=1&xhsshare=CopyLink&shareRedId=Nz9FREg4RkJKSTdHPzgyP0c8QktFNzc9&apptime=1754041284&share_id=299a90552e3f469888a4c241f2c03241&share_channel=copy_link,趴菜速,,,自产笔记,紫盾免疫粉,,,
68902cfc0000000023022520,补胶原＋抗糖显嫩cp!素颜细皮嫩肉具象化！,https://www.xiaohongshu.com/explore/6890281f0000000023019b66?xsec_token=ABux_j1KsEEcUcOwYAta4HHOrPzrTb2prIe9QTrWixmrk=&xsec_source=pc_user,肉具象,,,自产笔记,7D驱动饮+AGXI,,,
6891cd400000000023028b7f,抗糖=还原美貌 变美不交智商税,https://www.xiaohongshu.com/explore/68902cfc0000000023022520?xsec_token=ABC3Uxg29cYo2fDI4hntzX-w-GKGASFQ4xH5vKVMd1Igc=&xsec_source=pc_user,貌变美,,,自产笔记,AGXI,,,
68944b62000000002302dcfc,全能型防晒选手 轻松养成牛奶肌！,抗糖=还原美貌 变美不交智商税 - 小红书,选手轻,,,自产笔记,抗糖防晒,,,
689464770000000023023f88,抗糖无效？戒甜食不如锁三相横扫暗沉,全能型防晒选手 轻松养成牛奶肌！ - 小红书,相横扫,,,自产笔记,AGXI,,,
68946637000000002501fe3d,千万别停产！眼周年轻真的绝了！,抗糖无效？戒甜食不如锁三相横扫暗沉 - 小红书,蔡文静21,,,自产笔记,金字塔眼膜,,,
68945cd10000000023019807,抗糖+冷皮，才是养成一眼美女的标配！,https://www.xiaohongshu.com/explore/68946637000000002501fe3d?xsec_token=ABss9usJ6vC_kQ8AJz37MwTaOYeBZAm9N_0zEnZLzADDo=&xsec_source=pc_user,标配,,,自产笔记,AGXI+光感白肌饮,,,
68958e73000000002203a791,拯救肌肤色差难题！素颜也能自带高光,https://www.xiaohongshu.com/explore/68945cd10000000023019807?app_platform=android&ignoreEngage=true&app_version=8.92.0&share_from_user_hidden=true&xsec_source=app_share&type=video&noteAttributes=goods&xsec_token=CBgmFcPrxAiAVo9m4Pc2itkV5jcWyMKSv450mWfRJlV4A=&author_share=1&xhsshare=QQ&shareRedId=Nz9FREg4RkJKSTdHPzgyP0c8QktFNzc9&apptime=1754553557&share_id=4bc34488d6d643258f5b06fc9d061fa9&share_channel=qq,色差难题,,,自产笔记,光感白肌饮,,,
68959722000000002502b0c4,30+垮脸不用慌！这对神仙CP打破年龄焦虑,https://www.xiaohongshu.com/explore/68958e73000000002203a791?xsec_token=AB6DDZJx6NL4U8na7jcx0drpDd15yzKM2BrS8JxPN0cto=&xsec_source=pc_user,不用慌,,,自产笔记,AGT粉钻CP,,,
6895948a00000000230384e4,黄黑皮夏日露肤被劝退？全身焕亮还得是它！,30+垮脸不用慌！这对神仙CP打破年龄焦虑 - 小红书,被劝退,,,自产笔记,光感白肌饮,,,
68959ec4000000002203a342,抗糖+美白双buff叠满??内服小心机大公开~,黄黑皮夏日露肤被劝退？全身焕亮还得是它！ - 小红书,小心机,,,自产笔记,AGXI+光感白肌饮,,,
6895c39d000000002301bf35,黄黑皮逆袭透光肌！内养外防缺一不可...,抗糖+美白双buff叠满??内服小心机大公开~ - 小红书,逆袭透,,,自产笔记,抗糖防晒+光感白肌饮,,,
6.89943E+23,内焕外防解锁黄黑皮亮肤密码,黄黑皮逆袭透光肌！内养外防缺一不可... - 小红书,内焕外,,,自产笔记,抗糖防晒+光感白肌饮,,,
689993cd0000000023034bae,原来美貌的尽头是抗糖+补胶原！,https://www.xiaohongshu.com/explore/689942540000000023031413?app_platform=android&ignoreEngage=true&app_version=8.92.0&share_from_user_hidden=true&xsec_source=app_share&type=video&noteAttributes=goods&xsec_token=CBSl-wMYOWjoPnPLrZjwVIEf_u9U8RPSPLsJY7B-rdpck=&author_share=1&xhsshare=QQ&shareRedId=Nz9FREg4RkJKSTdHPzgyP0c8QktFNzc9,美貌尽头,,,自产笔记,7D驱动饮+AGXI,,,
689aa3be000000002502535b,砸钱无效？晓姿爆款天团抗老作业照抄,https://www.xiaohongshu.com/explore/689993cd0000000023034bae?xsec_token=ABw4v5n2J0mSfeTa-HURWZV9X8-sKPxci1QsKrAyc0moA=&xsec_source=pc_user,砸钱无效,,,自产笔记,美护合集,,,
,,https://www.xiaohongshu.com/explore/689aa3be000000002502535b?app_platform=android&ignoreEngage=true&app_version=8.92.0&share_from_user_hidden=true&xsec_source=app_share&type=normal&noteAttributes=goods&xsec_token=CBYrigXdRYcBMXb3FZ_LOGU1XNJUeOiaprg5enwXpitcY=&author_share=1&xhsshare=QQ&shareRedId=ODw3Qzo1OU42NzUyOTgwNjY6OTc4STlO&apptime=1754964946&share_id=f5d68208df224fe0b48d487bf7d4339b&share_channel=qq,,,,自产笔记,,,,
689be42e000000001b03e26c,30+依旧保持好状态？看看女明星的秘诀！,,张馨予1,,,自产笔记,AGXI,,,
689be69c000000001b0352f4,张馨予私藏好物！从骨到肉再到皮开挂体验,https://www.xiaohongshu.com/explore/689be42e000000001b03e26c?xsec_token=ABZkzHCOHJf2eQMqYitkP8e3GsR8AZLLwShkLhycdZsx8=&xsec_source=pc_search&source=unknown,张馨予3,,,自产笔记,AGXI,,,
689be7cf000000001b032779,感谢张馨予，内服抗糖素颜真能自带贵气感,https://www.xiaohongshu.com/explore/689be69c000000001b0352f4?xsec_token=ABWgOWFdVS3tCb50aSfWk6smlsK7248YeujPBZfSOaiHQ=&xsec_source=pc_user&m_source=ludashi,张馨予2,,,自产笔记,AGXI,,,
689c28ec000000001c005bd9,年轻态锁死这对CP就够了...拿捏透光少女脸,https://www.xiaohongshu.com/explore/689be7cf000000001b032779?app_platform=android&ignoreEngage=true&app_version=8.92.0&share_from_user_hidden=true&xsec_source=app_share&type=normal&noteAttributes=goods&xsec_token=CBc6bu-mmFV5DpRCcIXs5EOoFEVGDUGfl7i38PqrVOoQ0=&author_share=1&xhsshare=QQ&shareRedId=Nz9FREg4RkJKSTdHPzgyP0c8QktFNzc9&apptime=1755047891&share_id=212c272db12b44828680195cfb18af9d&share_channel=qq,年轻态,,,自产笔记,AGXI+光感白肌饮,,,
689c2db8000000001b0210d2,拿捏抗糖底层逻辑 透亮奶肌太轻松！,年轻态锁死这对CP就够了...拿捏透光少女脸 - 小红书,先抗糖,,,自产笔记,AGXI,,,
689d3e2d000000001b03734c,跟着张馨予长期投资抗糖，重启第二春！,拿捏抗糖底层逻辑 透亮奶肌太轻松！ - 小红书,张馨予4,,,自产笔记,AGXI,,,
689d4897000000001c00d5c1,张馨予保养秘诀分享！好状态竟是因为它？！,https://www.xiaohongshu.com/explore/689d3e2d000000001b03734c?app_platform=android&ignoreEngage=true&app_version=8.92.0&share_from_user_hidden=true&xsec_source=app_share&type=video&noteAttributes=goods&xsec_token=CBbytGHOrjiU_vbIxkhlKBwTTnpFbVA6pu51XN1CErjxc=&author_share=1&xhsshare=QQ&shareRedId=Nz9FREg4RkJKSTdHPzgyP0c8QktFNzc9&apptime=1755135540&share_id=8138582fcc77433f9cd84bf77864fe08&share_channel=qq,张馨予5,,,自产笔记,AGXI,,,
689d549a000000001c00a584,谁说抗糖就得忌口？来学习张馨予冻龄妙招,https://www.xiaohongshu.com/explore/689d4897000000001c00d5c1?xsec_token=ABQgIO9Yzwu8btrLkTPyLVIjtQ0zVj-DeRWq9umBwLsqA=&xsec_source=pc_user,张馨予6,,,自产笔记,AGXI,,,
689d7bee000000001c01259d,抗老先抗糖！跟着张馨予开启素颜回春模式！,https://www.xiaohongshu.com/explore/689d549a000000001c00a584?xsec_token=ABxgRZBnApDu80TwID_c8aYoGDpxFcx03i163IPTUxRzI=&xsec_source=pc_user,张馨予7,,,自产笔记,AGXI,,,
689d7b29000000001c03e197,三抗合一拿捏熟龄肌 嘭弹嫩一步到位！,https://www.xiaohongshu.com/explore/689d7bee000000001c01259d?app_platform=android&ignoreEngage=true&app_version=8.92.0&share_from_user_hidden=true&xsec_source=app_share&type=video&noteAttributes=goods&xsec_token=CBbytGHOrjiU_vbIxkhlKBwVEcmTXHDN5iyGQOD5-uueA=&author_share=1&xhsshare=QQ&shareRedId=Nz9FREg4RkJKSTdHPzgyP0c8QktFNzc9&apptime=1755151386&share_id=ec9cbee10ba64878b59a9fb4e8fd50e5&share_channel=qq,三抗合,,,自产笔记,粉钻面膜,,,
689d7e36000000001c00ccdb,抗糖+透亮双链路内调，30+保持少女感的秘密,https://www.xiaohongshu.com/explore/689d7b29000000001c03e197?xsec_token=ABq89SiSzYe9TUOQkeK8Yr4stQ0qDBpuutzOcEYP1hMVk=&xsec_source=pc_user,双链路,,,自产笔记,X白组合,,,
689d9a6b000000001c0370fb,30 +抗老先守眼！跟着明星一罐解锁少女眼！,抗糖+透亮双链路内调，30+保持少女感的秘密 - 小红书,先守眼,,,自产笔记,金字塔眼膜,,,
689daff6000000001d013440,明星保养｜蔡文静同款眼部护理,https://www.xiaohongshu.com/explore/689d9a6b000000001c0370fb?xsec_token=AByDo4TLdxyhE3AwdTQEm5I9y-PjcD9BlZjxhWvNBLbWg=&xsec_source=pc_user,蔡文静22,,,自产笔记,金字塔眼膜,,,
689e84b0000000001c03c04f,"换季初秋眼周危 “肌”，找准方法拿捏好状
",明星保养｜蔡文静同款眼部护理 - 小红书,换季初,,,自产笔记,金字塔眼膜,,,
689e8b7c000000001d0050bf,有点小钱可以选的 两大抗老真神,https://www.xiaohongshu.com/explore/689e84b0000000001c03c04f?xsec_token=AB1SCkrLZZQn-cEiQKiacmK1h_Vfm40N_CSOmrj8fibx0=&xsec_source=pc_user,有点小,,,自产笔记,AGT精华+面膜,,,
689e95a2000000001b0350a6,状态甩开同龄人的关键 全藏在卵巢保养里,https://www.xiaohongshu.com/explore/689e8b7c000000001d0050bf?xsec_token=ABC-OwayZh2b7Z39MuXwze6GVN4bml-jr5lIXc9aBGW_w=&xsec_source=pc_user,状态甩,,,自产笔记,养雌小粉果,,,
689e9419000000001c00ead6,抗糖有多久，皮肤就会回报你多少！,https://www.xiaohongshu.com/explore/689e95a2000000001b0350a6?app_platform=android&ignoreEngage=true&app_version=8.92.0&share_from_user_hidden=true&xsec_source=app_share&type=video&noteAttributes=goods&xsec_token=CBf15n7tqQ0ilJMfAgEhGg4g3nQyH5GSjztAizCoZYk54=&author_share=1&xhsshare=QQ&shareRedId=Nz9FREg4RkJKSTdHPzgyP0c8QktFNzc9&apptime=1755223463&share_id=0608621768bc4d4580ad6184787b56,多少,,,自产笔记,AGXI,,,
68a2c3ba000000001c004c01,全新升级|晓姿光感白肌饮把透光肌焊在脸上,https://www.xiaohongshu.com/explore/689e9419000000001c00ead6?xsec_token=ABpndhCmoaw6qzr7awWe8ptYwGCz6t4j21_PYVQ9VjswU=&xsec_source=pc_like,全新升,,,自产笔记,光感白肌饮,,,
68a41711000000001c03d7c9,30+垮眼回春指南！眼周饱满紧致0眼纹！,全新升级|晓姿光感白肌饮把透光肌焊在脸上 - 小红书,垮眼回,,,自产笔记,金字塔眼膜,,,
68a52dcd000000001b034b1f,内服界K衰卷王全新升级 帮你找到人生内服！,https://www.xiaohongshu.com/explore/68a41711000000001c03d7c9?xsec_token=ABpEbaWT0Ja428WrmhpN6cPmshzyhcMdjmUbtLSi6QwcQ=&xsec_source=pc_user,人生内,,,自产笔记,晓姿塑颜饮,,,
68a52e3f000000001c031963,别等垮脸才后悔！高效内调，还你胶原紧致脸,内服界K衰卷王全新升级 帮你找到人生内服！ - 小红书,还你胶,,,自产笔记,晓姿塑颜饮,,,
68a58f73000000001d01617b,眼周减龄正确方式！跟着明星拥有闪亮星星眼,https://www.xiaohongshu.com/explore/68a52e3f000000001c031963?xsec_token=ABoeAtBQQK_t7lgpW81wRPc38C3o_QydIlZ5KsCZ9GxYo=&xsec_source=pc_user,蔡文静23,,,自产笔记,金字塔眼膜,,,
68a58e89000000001b03504f,戒不了甜？跟着张馨予内服抗糖喝出美丽！,眼周减龄正确方式！跟着明星拥有闪亮星星眼 - 小红书,张馨予8,,,自产笔记,AGXI,,,
68a59728000000001b03c6a4,直接抄作业！跟张馨予get女明星同款少女感,https://www.xiaohongshu.com/explore/68a58e89000000001b03504f?app_platform=android&ignoreEngage=true&app_version=8.92.0&share_from_user_hidden=true&xsec_source=app_share&type=video&noteAttributes=goods&xsec_token=CBRDkg8QJh0CUHbq0-hgqSLLs5aDYZQI5YjvfM2zIS238=&author_share=1&xhsshare=QQ&shareRedId=Nz9FREg4RkJKSTdHPzgyP0c8QktFNzc9&apptime=1755680403&share_id=dad03236f3f24a638d94e632a152dbcd&share_channel=qq,张馨予9,,,自产笔记,AGXI,,,
68a42bd5000000001b032150,胶原饮重磅升级！多亏它出门频频被认成女大,直接抄作业！跟张馨予get女明星同款少女感 - 小红书,重磅升级,,,自产笔记,晓姿塑颜饮,,,
68a6b9d4000000001b03588f,三相抗糖+透光养护 熟龄肌素颜也能抗原相机,https://www.xiaohongshu.com/explore/68a42bd5000000001b032150?xsec_token=ABpEbaWT0Ja428WrmhpN6cPhrGCG68P4XijySgYjXgLDo=&xsec_source=pc_user,原相机,,,自产笔记,X白组合,,,
68a7d93e000000001d00c8b0,金字塔尖的抗老力 眼周有问题的有福了！,https://www.xiaohongshu.com/explore/68a6b9d4000000001b03588f?xsec_token=ABm8qoHxyApeVLVZN9bzg8EcwpF24Re2GolylIv7TxODc=&xsec_source=pc_user,有福了,,,自产笔记,金字塔眼膜,,,
68a80c22000000001c005182,立秋后做对这件事，黄黑皮也能逆袭！,金字塔尖的抗老力 眼周有问题的有福了！ - 小红书,立秋后,,,自产笔记,光感白肌饮,,,
68a7ced6000000001b01edbb,不愧是贵妇严选！三相抗糖逆袭好状态！,https://www.xiaohongshu.com/explore/68a80c22000000001c005182?xsec_token=ABpTIKw-iaCFddN6q5fWXt_yBsUbzS-QisXr8DkWWnDiA=&xsec_source=pc_user,不愧是,,,自产笔记,AGXI,,,
68a81e31000000001c03ce21,比双抗还猛！垮脸党也是吃上细糠了,不愧是贵妇严选！三相抗糖逆袭好状态！ - 小红书,靠这俩,,,自产笔记,AGT粉钻cp,,,
68a82b19000000001d00e7bd,28+抗衰翻车？抗氧抗糖治标不治本元凶竟是.,https://www.xiaohongshu.com/explore/68a81e31000000001c03ce21?app_platform=android&ignoreEngage=true&app_version=8.96.0&share_from_user_hidden=true&xsec_source=app_share&type=video&noteAttributes=goods&xsec_token=CBdX05ud8U58JU-qAeS0X4nAaC-cCPbadL-VoYVoo4UTo=&author_share=1&xhsshare=QQ&shareRedId=ODw3Qzo1OU42NzUyOTgwNjY6OTc4STlO&apptime=1755848256&share_id=ad6e8be7309649f1b56737a25694adb5&share_channel=qq,抗衰翻车,,,自产笔记,AGT粉钻面膜,,,
68a834de000000001c00ae1b,别让睡眠拖垮免疫力后腿 打工人速囤！,28+抗衰翻车？抗氧抗糖治标不治本元凶竟是. - 小红书,别让睡,,,自产笔记,紫盾免疫粉,,,
68a83735000000001b035d26,这对CP抗老封神！告别暗沉垮脸一步到位！,别让睡眠拖垮免疫力后腿 打工人速囤！ - 小红书,老封神,,,自产笔记,AGX+抗糖防晒,,,
68a83a59000000001b021c49,素颜直面原相机|是这组补光灯给的底气,https://www.xiaohongshu.com/explore/68a83735000000001b035d26?xsec_token=ABpTIKw-iaCFddN6q5fWXt_1Kz-rf8eNNJVvjdlihcdRQ=&xsec_source=pc_user,灯给的,,,自产笔记,X白组合,,,
68abd749000000001b03c376,把握秋日亮肤黄金期 由内让肤色亮回来,素颜直面原相机|是这组补光灯给的底气 - 小红书,金期由,,,自产笔记,光感白肌饮,,,
68abfde0000000001c034f8c,全能型防晒选手 轻松养成牛奶肌！,https://www.xiaohongshu.com/explore/68abd749000000001b03c376?app_platform=android&ignoreEngage=true&app_version=8.92.0&share_from_user_hidden=true&xsec_source=app_share&type=video&noteAttributes=goods&xsec_token=CBdQ5udwf055wlzhgOYziQO5BvJCe59FYqlosIxf5DlH0=&author_share=1&xhsshare=QQ&shareRedId=,全能型,,,自产笔记,抗糖防晒,,,
68ac174d000000001c011576,垮脸抗衰从这入手...开启人生第二个18岁,全能型防晒选手 轻松养成牛奶肌！ - 小红书,这入手,,,自产笔记,7D驱动饮+AGX,,,
68ac26d8000000001b021ca5,30+狂喜！用完这组嫩脸CP素颜状态人见夸,垮脸抗衰从这入手...开启人生第二个18岁 - 小红书,人见夸,,,自产笔记,7D驱动饮+AGXI,,,
68ac313e000000001c00f473,晓姿七夕宠粉攻略！护肤党狂喜?,30+狂喜！用完这组嫩脸CP素颜状态人见夸 - 小红书,粉攻略,,,自产笔记,,,,
68aed026000000001d002411,熟龄肌也是吃上细糠了 三抗合一喜提少女肌,晓姿七夕宠粉攻略！护肤党狂喜? - 小红书,喜提少,,,自产笔记,AGT粉钻面膜,,,
68afed4a000000001c00da0e,抗糖=养肤 跟着张馨予内调定格时光,熟龄肌也是吃上细糠了 三抗合一喜提少女肌 - 小红书,张馨予10,,,自产笔记,AGXI,,,
68aff390000000001c0126f2,一年省下万元护肤 这才是抗糖天花板！,https://www.xiaohongshu.com/explore/68afed4a000000001c00da0e?app_platform=android&ignoreEngage=true&app_version=8.92.0&share_from_user_hidden=true&xsec_source=app_share&type=video&noteAttributes=goods&xsec_token=CBn--3QmO-UxeWfA2kvrcUBLAFsFH7_jcIW3AcLFB_O08=&author_share=1&xhsshare=QQ&shareRedId=Nz9FREg4RkJKSTdHPzgyP0c8QktFNzc9&apptime=1756360014&share_id=d3732d1d1ec149a2a74f46f4cd11db90&s,万元护,,,自产笔记,AGXI,,,
68aff7a2000000001c0103eb,糖化黄脸？张馨予Vlog扒出的素颜发光答案..,https://www.xiaohongshu.com/explore/68aff390000000001c0126f2?xsec_token=ABJsu1oKGmv37JUJ2YpBRy3QI4XlbFgdRHun0EbtKi2Y8=&xsec_source=pc_user,张馨予11,,,自产笔记,AGXI,,,
68aff5da000000001b033244,跟着明星学抗糖！从未如此嫩过！,糖化黄脸？张馨予Vlog扒出的素颜发光答案.. - 小红书,张馨予12,,,自产笔记,AGXI,,,
68b02af1000000001b037700,破局抗老新思路，素颜简直杀疯了！！,https://www.xiaohongshu.com/explore/68aff5da000000001b033244?xsec_token=ABe-tCpYJbhQXV46JjUQ5MmwpRt3RpuWfUF7XlkxkbIZg=&xsec_source=pc_user&m_source=360pz,破局抗,,,自产笔记,X白组合,,,
68b0fd81000000001c008068（违禁重发）,黄黑皮逆袭！K糖美白内服小心机,https://www.xiaohongshu.com/explore/68b02af1000000001b037700?xsec_token=ABpk0YShLFvx_nW5SYq-3SLhw8FGfh_kiniZZTzXQVK7g=&xsec_source=pc_user,小心机,,,自产笔记,X白组合,,,
68b13c3d000000001c0101d7,28 +抗老别只护肤啦！补胶原+抗糖是关键！,黄黑皮逆袭！K糖美白内服小心机 - 小红书,只护肤,,,自产笔记,7D驱动饮+AGXI,,,
68b1432d000000001b01f871,三效k衰太权威！靠“三剑客”拿捏少女状态,https://www.xiaohongshu.com/explore/68b13c3d000000001c0101d7?xsec_token=ABjzrg9U_uidsnwy3H_Wum92gqYvA6QcSDCvpSvNwFnl8=&xsec_source=pc_user,太权威,,,自产笔记,御三家,,,
68b146f2000000001c030849,高回报晓姿新版塑颜饮 让你素颜直面原相机,三效k衰太权威！靠“三剑客”拿捏少女状态 - 小红书,高回报,,,自产笔记,晓姿塑颜饮,,,
68b14b8c000000001c008beb,提亮+抗糖才是绝杀，30岁后想不美都难！,https://www.xiaohongshu.com/explore/68b146f2000000001c030849?xsec_token=AB_WFWvedkKAV4A6n6LgSpjWDGUvx-bPpMLyWyfpNSeak=&xsec_source=pc_user,美都难,,,自产笔记,AGXI+光感白肌饮,,,
68b4ee05000000001c00a177,黄黑皮告别肤色焦虑！今秋实现冷皮自由,https://www.xiaohongshu.com/explore/68b14b8c000000001c008beb?app_platform=android&ignoreEngage=true&app_version=8.92.0&share_from_user_hidden=true&xsec_source=app_share&type=normal&noteAttributes=goods&xsec_token=CBWnYXGZAz8he3Os9S8EcFlJv7Skv5WXLq9LhMStQ6NaA=&author_share=1&xhsshare=QQ&shareRedId=Nz9FREg4RkJKSTdHPzgyP0c8QktFNzc9&apptime=1756449680&share_id=266f6207deee465e9cac8045bd397d1c&share_channel=qq,色焦虑,,,自产笔记,光感白肌饮,,,
68b537fd000000001d0045bf,干纹暗沉狂响警报？你漏了羰基化这个刺客,https://www.xiaohongshu.com/explore/68b4ee05000000001c00a177?app_platform=android&ignoreEngage=true&app_version=8.92.0&share_from_user_hidden=true&xsec_source=app_share&type=normal&noteAttributes=goods&xsec_token=CB190vgqdng1TNzS0PfhhTJt1PzdiSTusH1M9Y5DNZ7Fg=&author_share=1&xhsshare=QQ&shareRedId=Nz9FREg4RkJKSTdHPzgyP0c8QktFNzc9&apptime=1756687891&share_id=52402fef5ae5463d9557f80610225adc&share_channel=qq,警报你,,,自产笔记,AGT精华+面膜,,,
68b53baf000000001b037be3（违禁重发）,黄黑皮逆袭！抗糖美白内服公式大公开,https://www.xiaohongshu.com/explore/68b537fd000000001d0045bf?app_platform=android&ignoreEngage=true&app_version=8.96.0&share_from_user_hidden=true&xsec_source=app_share&type=video&noteAttributes=goods&xsec_token=CBtq-naroXBEh5Agu7rLNy9GXp7a0E7DTHilfQPoTzP00=&author_share=1&xhsshare=QQ&shareRedId=ODw3Qzo1OU42NzUyOTgwNjY6OTc4STlO&apptime=1756706830&share_id=26c7c8e6a9004fa8af913edc35acdae3&share_channel=qq,公式大公,,,自产笔记,X白组合,,,
68b53ea7000000001c037460,淡纹好搭子|眼部神器谁用谁知道,黄黑皮逆袭！抗糖美白内服公式大公开 - 小红书,好搭子,,,自产笔记,金字塔眼膜,,,
68b55160000000001c0050f1,熟龄肌抗老逆袭，喝出“年龄成谜”嘭弹力！,淡纹好搭子|眼部神器谁用谁知道 - 小红书,年龄成谜,,,自产笔记,7D驱动饮,,,
68b68fe9000000001c03dae0,眼嫩了真减龄，30岁没眼纹才是绝杀！,熟龄肌抗老逆袭，喝出“年龄成谜”嘭弹力！ - 小红书,真减龄,,,自产笔记,金字塔眼膜,,,
68b8fd34000000001b03f2da,抗糖不盲目 和张馨予一起抄底肌龄！,https://www.xiaohongshu.com/explore/68b68fe9000000001c03dae0?app_platform=android&ignoreEngage=true&app_version=8.96.0&share_from_user_hidden=true&xsec_source=app_share&type=video&noteAttributes=goods&xsec_token=CBl3JZhZAyFmopgt7rK8DqBX5J0z_UBNeeCiAFsC3Trlk=&author_share=1&xhsshare=QQ&shareRedId=ODw3Qzo1OU42NzUyOTgwNjY6OTc4STlO&apptime=1756794870&share_id=1e2cadef66f84457bb2439dc4391660b&share_channel=qq,张馨予13,,,自产笔记,AGXI,,,
68b811ec000000001d00c11c,眼纹救星|这眼膜把眼龄拉回25+！,https://www.xiaohongshu.com/explore/68b8fd34000000001b03f2da?xsec_token=AB4cpsfivqZGfgPLx30pJWrxMYZFk0rlFqQgFuD97nNF4=&xsec_source=pc_user,把眼龄,,,自产笔记,金字塔眼膜,,,
68b9463f000000001c0107fb,跟着张馨予学抗糖，不戒甜也能冻住好状态！,眼纹救星|这眼膜把眼龄拉回25+！ - 小红书,张馨予14,,,自产笔记,AGXI,,,
68b945a8000000001b033d04,樱花妹的同款邪修内服 真气血感焊死在脸上,跟着张馨予学抗糖，不戒甜也能冻住好状态！ - 小红书,死在脸,,,自产笔记,养雌小粉果,,,
68b95a71000000001c004170,素颜开挂的秘 补光灯CP 把肌龄狠狠焊在25！,樱花妹的同款邪修内服 真气血感焊死在脸上 - 小红书,狠狠焊,,,自产笔记,X白组合,,,
68ba33fe000000001b01c7ab,抗糖+透亮双修｜熟龄肌少女感喝出来！,https://www.xiaohongshu.com/explore/68b95a71000000001c004170?app_platform=android&ignoreEngage=true&app_version=8.92.0&share_from_user_hidden=true&xsec_source=app_share&type=normal&noteAttributes=goods&xsec_token=CBGho68Ltx_dAfu3IQu8NiqfECkjdksc0i3XWOsgKK4lk=&author_share=1&xhsshare=QQ&shareRedId=Nz9FREg4RkJKSTdHPzgyP0c8QktFNzc9&apptime=1756977781&share_id=0bd103d143994722b58577929586aa3e&share_channel=qq,修熟龄,,,自产笔记,X白组合,,,
68ba5df5000000001d007683,晓姿家爆款眼膜怎么选？最详攻略奉上！,https://www.xiaohongshu.com/explore/68ba33fe000000001b01c7ab?xsec_token=ABFx-NIVzIsmjtW9UIaYKKMh6kkKJhvw5D-cvrrzEFl74=&xsec_source=pc_user,攻略奉,,,自产笔记,金字塔+冰美式,,,
68ba74f4000000001b035260,28+对抗垮脸！晓姿新品轻松喝出饱满胶原感,https://www.xiaohongshu.com/explore/68ba5df5000000001d007683?xsec_token=ABKpJ7D1bYS0pUoo4OIszssROvVYLeOvJCCnKNpVjnSxE=&xsec_source=pc_collect,满胶原,,,自产笔记,塑颜饮,,,
68ba8cab000000001c00ae18,抓住秋日焕亮黄金期！喝掉暗沉黄气,28+对抗垮脸！晓姿新品轻松喝出饱满胶原感 - 小红书,沉黄气,,,自产笔记,光感白肌饮,,,
68ba9402000000001c033681,熬夜党疲惫感消失？低能量星人请吃！,抓住秋日焕亮黄金期！喝掉暗沉黄气 - 小红书,人请吃,,,自产笔记,紫盾免疫粉,,,
68ba9cdd000000001c006104,熟龄肌秋季别摆烂！这样保养轻松逆袭透亮,熬夜党疲惫感消失？低能量星人请吃！ - 小红书,别摆烂,,,自产笔记,光感白肌饮,,,
68baa632000000001d002b6e,告别眼部疲态 一罐开启眼周高光时刻,熟龄肌秋季别摆烂！这样保养轻松逆袭透亮 - 小红书,高光时,,,自产笔记,金字塔眼膜,,,
68be70e6000000001c00e20c,30岁后才明白，不补胶原真的别提抗老！！,https://www.xiaohongshu.com/explore/68baa632000000001d002b6e?app_platform=android&ignoreEngage=true&app_version=8.96.0&share_from_user_hidden=true&xsec_source=app_share&type=video&noteAttributes=goods&xsec_token=CBPfkZgUK0fdxPy3BSzG1NJ9t_tmnaDy0RIfVHC_1Nx2c=&author_share=1&xhsshare=QQ&shareRedId=ODw3Qzo1OU42NzUyOTgwNjY6OTc4STlO&apptime=1757062712&share_id=90a977d28bb7499696b184383e82def9&shar,提抗老,,,自产笔记,塑颜饮,,,
68be826f000000001c009963,胶原补得多≠补得对！补胶原没它真不行！,https://www.xiaohongshu.com/explore/68be70e6000000001c00e20c?app_platform=android&ignoreEngage=true&app_version=8.92.0&share_from_user_hidden=true&xsec_source=app_share&type=normal&noteAttributes=goods&xsec_token=CB8IykqAPsECR4gDzLRE6cy9dWTb_pLFRjP-INzyUnC5Y=&author_share=1&xhsshare=QQ&shareRedId=Nz9FREg4RkJKSTdHPzgyP0c8QktFNzc9&apptime=1757311210&share_id=35469979bce64cce907eb7ae22b36d03&share_channel=qq,补得对,,,自产笔记,塑颜饮,,,
68c0d3c6000000001b023c65,28+逆龄秘诀！三重饮由内而外喝出第二春,胶原补得多≠补得对！补胶原没它真不行！ - 小红书,第二春,,,自产笔记,御三家,,,
68c0ec40000000001b020e3a,晓姿内服不会选？御三家精准匹配你的需求！,https://www.xiaohongshu.com/explore/68c0d3c6000000001b023c65?app_platform=android&ignoreEngage=true&app_version=8.92.0&share_from_user_hidden=true&xsec_source=app_share&type=video&noteAttributes=goods&xsec_token=CByrB42hBe9xosl5pnYos1awaDmz1NKAwV1-FaRhqImOM=&author_share=1&xhsshare=QQ&shareRedId=Nz9FREg4RkJKSTdHPzgyP0c8QktFNzc9&apptime=1757467634&share_id=6077fcdf8b0f4395a637a04f105e5d4f&share_channel=qq,不会选,,,自产笔记,御三家,,,
68c0f067000000001b022936,多少猪蹄都不如这一支！胶原补进真皮层,https://www.xiaohongshu.com/explore/68c0ec40000000001b020e3a?xsec_token=AB7uK5jfxClnI4be5a7VWU2MTUMLMWhKw8XDPguwuZtW8=&xsec_source=pc_user,一支胶,,,自产笔记,塑颜饮,,,
68c221f1000000001c035a3a,28+想重回水润嘭弹肌 晓姿王炸CP驾到！,https://www.xiaohongshu.com/explore/68c0f067000000001b022936?app_platform=android&ignoreEngage=true&app_version=8.92.0&share_from_user_hidden=true&xsec_source=app_share&type=normal&noteAttributes=goods&xsec_token=CByrB42hBe9xosl5pnYos1a1g0UXVdkU5x7I980znDiGo=&author_share=1&xhsshare=QQ&shareRedId=Nz9FREg4RkJKSTdHPzgyP0c8QktFNzc9&apptime=1757474927&share_id=ec590f72d55447e59e03996c3fab8be8&share_channel=qq,想重回,,,自产笔记,AGT粉钻cp,,,
68c263c7000000001d015a26,三层扫清眼周障碍！才是蒋欣一眼显贵的秘籍,https://www.xiaohongshu.com/explore/68c221f1000000001c035a3a?app_platform=android&ignoreEngage=true&app_version=8.96.0&share_from_user_hidden=true&xsec_source=app_share&type=video&noteAttributes=goods&xsec_token=CBSQ7Tc29UGMayoPxRZpKjhlfsGORo85eOVKIIfoW_Agg=&author_share=1&xhsshare=QQ&shareRedId=ODw3Qzo1OU42NzUyOTgwNjY6OTc4STlO&apptime=1757553147&share_id=afddd06d7e784ff3954621509079122c&share_channel=qq,蒋欣3,,,自产笔记,金字塔眼膜,,,
68c29264000000001c03c53c,别让眼纹出卖年龄！蒋欣同款眼膜锁住年轻态,https://www.xiaohongshu.com/explore/68c263c7000000001d015a26?app_platform=android&ignoreEngage=true&app_version=8.96.0&share_from_user_hidden=true&xsec_source=app_share&type=video&noteAttributes=goods&xsec_token=CBSQ7Tc29UGMayoPxRZpKjhpO9i9D8vGExygRqs-C_mxo=&author_share=1&xhsshare=QQ&shareRedId=ODw3Qzo1OU42NzUyOTgwNjY6OTc4STlO&apptime=1757569997&share_id=b0da44487eab4fc1b7795fb4,蒋欣4,,,自产笔记,金字塔眼膜,,,
68c379ca000000001c032ca8,抗糖真的有用！跟张馨予一起赢回素颜美丽,别让眼纹出卖年龄！蒋欣同款眼膜锁住年轻态 - 小红书,张馨予17,,,自产笔记,AGXI,,,
68c3874e000000001c009e44,抗糖+补胶原齐上阵 让你拥有第二个青春期！,https://www.xiaohongshu.com/explore/68c379ca000000001c032ca8?app_platform=android&ignoreEngage=true&app_version=8.92.0&share_from_user_hidden=true&xsec_source=app_share&type=normal&noteAttributes=goods&xsec_token=CB8pJ8qnCSslIg0qUkRr58dtuysZeQO_ANc-kzCyWcCxI=&author_share=1&xhsshare=QQ&shareRedId=Nz9FREg4RkJKSTdHPzgyP0c8QktFNzc9&apptime=1757641165&share_id=316efca6d24b482fb7a65a15cc,青春期,,,自产笔记,AGXI+塑颜饮,,,
68ca0b960000000007028efc,糖化脸打住！K老不内服真的不行！,https://www.xiaohongshu.com/explore/68c3874e000000001c009e44?xsec_token=ABYtOYzexQZfVdO-b6lmoD6ZtnZTEOnFA2NMdKNlKHoAE=&xsec_source=pc_user,真的不,,,自产笔记,AGXI,,,
68c3a510000000001b03cde5,告别糖氧暗黄！认准这套黄金CP,糖化脸打住！K老不内服真的不行！ - 小红书,暗黄认,,,自产笔记,X白组合,,,
68c3abd4000000001c004000,补胶原高端局！后悔30+才遇到它,告别糖氧暗黄！认准这套黄金CP - 小红书,遇到它,,,自产笔记,塑颜饮,,,
68c3cec6000000001b03c280,素颜暗沉蜡黄？晓姿双通路闭环抗糖提亮,补胶原高端局！后悔30+才遇到它 - 小红书,素颜暗,,,自产笔记,X白组合,,,
68c42557000000001d0012ef,"蒋欣同款眼膜大揭秘！眼纹党都去用！
",素颜暗沉蜡黄？晓姿双通路闭环抗糖提亮 - 小红书,蒋欣5,,,自产笔记,金字塔眼膜,,,
68c7ae63000000001b01dd56（违禁删除）,日夜K老黄金搭配|喝完都不用开美颜,蒋欣同款眼膜大揭秘！眼纹党都去用！ - 小红书,K老黄,,,自产笔记,AGXI+塑颜饮,,,
68c8ffe6000000000e00fd73,贵妇圈不老的秘密！抗糖化逆袭少女肌！,日夜K老黄金搭配|喝完都不用开美颜 - 小红书,不老的,,,自产笔记,AGXI,,,
68ca71a9000000000e00fb18（违禁重发）,K老黄金搭配|喝完跟美颜相机说bye,https://www.xiaohongshu.com/explore/68c8ffe6000000000e00fd73?xsec_token=ABtk0qKOeGUp4LYm_jCR_U5h7jwII-8NXqO3tB1T8WMKg=&xsec_source=pc_user,K老黄,,,自产笔记,AGXI+塑颜饮,,,
68ca76940000000012022326,30+抗老别瞎忙！这套CP才是熬夜垮脸救星,K老黄金搭配|喝完跟美颜说bye - 小红书,别瞎忙,,,自产笔记,AGT粉钻cp,,,
68ca8531000000000b013d8a,28+抗老底牌｜肌底分层喂饱胶原才是王道,https://www.xiaohongshu.com/explore/68ca76940000000012022326?xsec_token=ABT-_Hd7_atgmCIepCmK4Z0RR3g8r-a4SY-Reina-YwOc=&xsec_source=pc_user,底牌肌,,,自产笔记,塑颜饮,,,
68cab3d8000000000e022e82,美容圈爆瓜？不做轮廓固定的人都做啥了,https://www.xiaohongshu.com/explore/68ca8531000000000b013d8a?app_platform=android&ignoreEngage=true&app_version=8.92.0&share_from_user_hidden=true&xsec_source=app_share&type=video&noteAttributes=goods&xsec_token=CBOZdjjNMd4cDcZLgf4u9ZcuSzRrkR1djPryZIphWEyHY=&author_share=1&xhsshare=QQ&shareRedId=Nz9FREg4RkJKSTdHPzgyP0c8QktFNzc9&apptime=1758102887&share_id=10818bab14af437586816f8d8a02823e&share_channel=qq,都做啥,,,自产笔记,塑颜饮,,,
68cca8ae000000001300be96,明星眼部护理宝藏思路 多维扫除眼周疲态,https://www.xiaohongshu.com/explore/68cab3d8000000000e022e82?xsec_token=ABck15yPXWqp6XaQ3bEXpMStADO8iWgc3KQkC1_E8UDNU=&xsec_source=pc_user,代斯1,,,自产笔记,金字塔眼膜,,,
68ccade6000000000e030273,28+抗糖胶原两手抓！报恩内服养成少女肌,https://www.xiaohongshu.com/explore/68cca8ae000000001300be96?app_platform=android&ignoreEngage=true&app_version=8.96.0&share_from_user_hidden=true&xsec_source=app_share&type=video&noteAttributes=goods&xsec_token=CBHZHJZqWA543wOg5X_urUPUsy56v_xdDX8uxKZq6K7u4=&author_share=1&xhsshare=QQ&shareRedId=ODw3Qzo1OU42NzUyOTgwNjY6OTc4STlO&apptime=1758242996&share_id=67577cff640d42a589121ea,两手抓,,,自产笔记,AGXI+塑颜饮,,,
68ccac1e000000000e033a9a,贵妇K老「抗糖先行」换季逆袭好状态,https://www.xiaohongshu.com/explore/68ccade6000000000e030273?xsec_token=ABBU-WbypG04gR2OsAmIheW46u-pycp6QurCfh4t_-plg=&xsec_source=pc_user,贵妇K,,,自产笔记,AGXI,,,
68cca6ff000000000e03272d,糖化脸别慌 张馨予同款抗糖饮逆袭少女肌,贵妇K老「抗糖先行」换季逆袭好状态 - 小红书,张馨予18,,,自产笔记,AGXI,,,
68cccf0a000000000e025f40,熟龄肌抄底肌龄 内服才是抗老的终极答案,https://www.xiaohongshu.com/explore/68cca6ff000000000e03272d?app_platform=android&ignoreEngage=true&app_version=8.92.0&share_from_user_hidden=true&xsec_source=app_share&type=video&noteAttributes=goods&xsec_token=CBSSnosYsA7uf7hsKslu_MEFojC1ULlKOs9Pje6PcFyFI=&author_share=1&xhsshare=QQ&shareRedId=Nz9FREg4RkJKSTdHPzgyP0c8QktFNzc9&apptime=1758242568&share_id=1d0ccf4c958a434b990841bf7f0c3d2f&share_channel=qq,内服才,,,自产笔记,X白组合,,,
68ccd56c000000001202dd66,眼周问题一举拿下！垮眼回春的正确思路,https://www.xiaohongshu.com/explore/68cccf0a000000000e025f40?xsec_token=ABBU-WbypG04gR2OsAmIheWw-3LUSZKLd8EXkWT2IQyJA=&xsec_source=pc_user,眼周问,,,自产笔记,金字塔眼膜,,,
68cd021d000000000702bfe8,晓姿宠粉进行时ing...直播专场福利！,眼周问题一举拿下！垮眼回春的正确思路 - 小红书,进行时,,,自产笔记,活动笔记,,,
68cd00dd000000000702b7a9,30+肌龄觉醒｜三重时光逆袭术,https://www.xiaohongshu.com/explore/68cd021d000000000702bfe8?app_platform=android&ignoreEngage=true&app_version=8.92.0&share_from_user_hidden=true&xsec_source=app_share&type=video&xsec_token=CB3B4fjii-lmzjbCR4AXvdenLdFE861LOrn1mXtEj_BzE=&author_share=1&xhsshare=QQ&shareRedId=Nz9FREg4RkJKSTdHPzgyP0c8QktFNzc9&apptime=1758265901&share_id=8fd9a34b13c243b2aeed28b24b295993&share_channel=qq,龄觉醒,,,自产笔记,御三家,,,
68ccf1a30000000011014b87,28+ 脸又黄又垮？一招逆转疲态肌！,30+肌龄觉醒｜三重时光逆袭术 过了30后突然发现肌肤肉眼可见的粗糙松垮 这不仅仅是因为年龄增长 而是因为??胶原告急+糖化攻击+黑色素沉淀的三重暴击 搞懂衰老原因，才能在抗衰的路上少走弯路 想要真正逆转肌龄，只做一样远远不够！ ??晓姿御三家强势来袭！ 早中晚24h长效守护???? - ??早-晓姿光感白肌饮 三重透光系统，为后续打好地基 ?内层-抗氧焕亮 甜瓜提取物＋水晶番茄提取物 补充SOD、抑制自由基、抗氧化 抗紫外线 ?中层-滤黑美白 苹果多酚含OPC＋酵母提取物 减少黑色素生成、抗光老 美白，抗氧化 ?外层-水润充盈 胶原蛋白肽+透明质酸钠 皮肤补水，提升光泽度 改善肤色不均 不仅是脸，而是全身上下透出来的光亮感? - ??午-全新升级晓姿塑颜饮 狂补胶原！脸蛋视觉上向上走 ?高奢抗衰成分麦角硫因 抵御自由基，延缓衰老 ?PQQ 抗光老，外稳住轮廓框架 ?8000mg三重小分子胶原肽 不仅能补胶原，还能有助于促胶原，保护胶原不流失，改善毛孔粗大 ?弹性蛋白+维生素B6 增加皮肤弹性 抗氧化 肌底稳稳当当地把胶原都撑上去了?? 肌肤肉眼可见的紧致皮肉贴合度 - ??晚- 晓姿AGXI抗糖饮 根源扫除黄气，骨、肉、皮三相抗糖 ?骨相 GML.山竹提取物+ AG herb Mix? 保持骨质不流失、改善皮肤弹性 ?肉相 菱角皮提取物+山楂提取物 抑制糖化反应 抑制糖化产物（AGEs） ?胶原蛋白肽 锁水保湿 延缓皮肤衰老 ?皮相 茴香+绿茶+桑叶+橄榄叶提取物 清除自由基 给糖化反应踩刹车！按下肌肤暂停键?? - 晨间透光 · 午时塑型 · 黄昏抗糖 主打一个闭环操作?? 每天早中晚各1支 单独用每个都好，但组合起来效果开挂 素颜也能嘭、弹、透、亮? 这才是30+追求的妈生好皮感?? ??现直播间活动进行中 组合下单立减千元 还有多重贵妇豪礼相送！ ??????一起开启逆时之旅吧 产品可从小红书购入~ #晓姿 #AXXZIA #晓姿光感白肌饮 #晓姿塑颜饮 #晓姿AGXI抗糖饮 #内服好物 #1年1度购物狂欢 #晓姿麦角硫因 - 小红书,黄又垮,,,自产笔记,御三家,,,
68d113740000000007028be8,暗沉松垮黄气？「御三家」助你焕活贵妇感,https://www.xiaohongshu.com/explore/68ccf1a30000000011014b87?xsec_token=ABhZkeGBW6RY3i75oNjMQ3Ce3D0LdjYi-uu5Fhxu5fas0=&xsec_source=pc_user,暗沉松,,,自产笔记,御三家,,,
68d49c650000000012017bd1,新品驾到！掌管眼周衰老的神终于来了！,暗沉松垮黄气？「御三家」助你焕活贵妇感 - 小红书,品驾到,,,自产笔记,8D抗糖眼霜,,,
68d4df4b000000000e023ae3,别踩保养坑了！跟着张馨予喝出透亮好肤质,https://www.xiaohongshu.com/explore/68d49c650000000012017bd1?xsec_token=ABePM3Q4joE_nNP6-iFq5qOI4DAiRR1oEOGWSUZTTc8V8=&xsec_source=pc_user,张馨予19,,,自产笔记,AGXI,,,
68d4e179000000001201ecf4,淡了真的淡了 养出来的眼周4D感真不是吹的,别踩保养坑了！跟着张馨予喝出透亮好肤质 - 小红书,杨单1,,,自产笔记,金字塔眼膜,,,
68d50de00000000007029cf5,不愧是张馨予推荐，坚持喝脸真的好嫩！,淡了真的淡了 养出来的眼周4D感真不是吹的 - 小红书,张馨予20,,,自产笔记,AGXI,,,
68d5f85d000000001203054d,震惊！蒋欣眼周状态这么好 原来是因为它,https://www.xiaohongshu.com/explore/68d50de00000000007029cf5?xsec_token=AB1wL8B9iNPnye98ws0jtCUohu5dJY0T1rjk5HkApVOoU=&xsec_source=pc_user,蒋欣6,,,自产笔记,金字塔眼膜,,,
68d606fd00000000120318d0,跟着明星变美！学习眼周结构抗衰新思路,https://www.xiaohongshu.com/explore/68d5f85d000000001203054d?xsec_token=ABEyQOc3XDN1KMakNfdPdWWWKvCUJAZo7UTMlfL8wJzdE=&xsec_source=pc_user,蒋欣7,,,自产笔记,金字塔眼膜,,,
68d63e2900000000130066e9,一罐搞定眼周衰老！少女眼轻而易举！,https://www.xiaohongshu.com/explore/68d606fd00000000120318d0?xsec_token=ABxyEqQudPhYJudozFe4YW5SuapTZoVoPzMLfi2nPNoPY=&xsec_source=pc_user,蒋欣8,,,自产笔记,金字塔眼膜,,,
68d650de000000000e030ce9,懒人变美不折腾！靠它稳稳拿捏胶原感,https://www.xiaohongshu.com/explore/68d63e2900000000130066e9?xsec_token=ABvhutiJ4-jDBipCjQOmJLZGTUBJ87RD61Gl7PAwq_8uE=&xsec_source=pc_user,不折腾,,,自产笔记,塑颜饮,,,
68d8887800000000110150d4,三步拆解肌肤问题 养出亮！嘭！净！,懒人变美不折腾！靠它稳稳拿捏胶原感 - 小红书,问题养,,,自产笔记,御三家,,,
68d8b1d9000000000e00daff,熟龄肌自救指南！让30岁成为理想的18岁！,https://www.xiaohongshu.com/explore/68d8887800000000110150d4?app_platform=android&ignoreEngage=true&app_version=8.92.0&share_from_user_hidden=true&xsec_source=app_share&type=normal&noteAttributes=goods&xsec_token=CBPqmCoJRTXscFmkONnw45SVGXohAmOhacTxnxQMAq21c=&author_share=1&xhsshare=QQ&shareRedId=Nz9FREg4RkJKSTdHPzgyP0c8QktFNzc9&apptime=1759021181&share_id=997cb4c55926407c890b30360f683,指南让,,,自产笔记,御三家,,,
68d896ff000000000e027c92,抗糖胶原同补的结果...素颜透嫩紧致具象化,https://www.xiaohongshu.com/explore/68d8b1d9000000000e00daff?xsec_token=ABIJB1fT_JujZNhqZd3gRmFYvKlOoYkcDD9bZXz-WgH-g=&xsec_source=pc_user,结果素,,,自产笔记,AGXI+塑颜饮,,,
68d8da160000000011014f4f,25+素颜狂喜！早晚CP助你恢复娇嫩好皮！！,https://www.xiaohongshu.com/explore/68d896ff000000000e027c92?xsec_token=ABs-Nfh2uKSqfNOYfpywar7dg_uAOJYAUbO1lXCOKYcpE=&xsec_source=pc_search&source=web_note_detail_r10,嫩好皮,,,自产笔记,AGXI+塑颜饮,,,
68d8ef67000000001101dcfc,K衰尽头真的是内服！双通路帮你美出新高度,https://www.xiaohongshu.com/explore/68d8da160000000011014f4f?xsec_token=ABhp6q9kvyIMCPc8P5HA8Bqenja7TcNjphSWQLO5Z9aAg=&xsec_source=pc_user,内服双,,,自产笔记,AGXI+光感白肌饮,,,
68db38dc000000000e026285,好夸张的内服!好状态喝出来的实力！,https://www.xiaohongshu.com/explore/68d8ef67000000001101dcfc?app_platform=android&ignoreEngage=true&app_version=8.92.0&share_from_user_hidden=true&xsec_source=app_share&type=normal&noteAttributes=goods&xsec_token=CBPqmCoJRTXscFmkONnw45SXGGD6dRkBUlT4WBF9V9y5k=&author_share=1&xhsshare=QQ&shareRedId=Nz9FREg4RkJKSTdHPzgyP0c8QktFNzc9&apptime=1759047532&share_id=0bc66600151e4f6189d4d620,喝出来,,,自产笔记,塑颜饮,,,
68dba2f30000000005012f08,学会内服保养，30+才是颜值巅峰期！,好夸张的内服!好状态喝出来的实力！ - 小红书,巅峰期,,,自产笔记,AGXI+光感白肌饮,,,
68dba74a0000000005010e4d,还得是女明星啊!张馨予在抗糖这事上太牛了,https://www.xiaohongshu.com/explore/68dba2f30000000005012f08?xsec_token=ABB1miN4XWO3zx9yt_ftrXvxt8lx_rZYzTBPQ2aGGaldA=&xsec_source=pc_user,张馨予23,,,自产笔记,AGXI,,,
68dba4bf00000000040286de,关于抗糖这件事 说点大实话！,https://www.xiaohongshu.com/explore/68dba74a0000000005010e4d?xsec_token=AB3tf7pMRAim7ceqnvRr4RCeEvEq0v99uQOvZTuRf8dgw=&xsec_source=pc_user,张馨予21,,,自产笔记,AGXI,,,
68dbaa6700000000040228b8,跟着张馨予学保养，拿捏女明星同款变美秘诀,https://www.xiaohongshu.com/explore/68dba4bf00000000040286de?xsec_token=ABKyS8dhhnQlg6smo04JuO8OizFzMICSoZPAx92-jdYRY=&xsec_source=pc_user,张馨予22,,,自产笔记,AGXI,,,
68e603e300000000050016b8,35+素颜自带紧致柔光感 只做了一件事...,https://www.xiaohongshu.com/explore/68dbaa6700000000040228b8?xsec_token=ABCXEDiSHpPh86Qoa2jreZ1JXkPT7x8MTSKLzVR1U3XsU=&xsec_source=pc_user,自带紧,,,自产笔记,塑颜饮,,,
68e758b700000000050038fa,张馨予同款，30+透亮好皮肤的秘诀竟是它！,35+素颜自带紧致柔光感 只做了一件事... - 小红书,张馨予23,,,自产笔记,AGXI,,,
68e7806a0000000007021e51,28天打卡实测！纹路垮脸又被狠狠教育了,https://www.xiaohongshu.com/explore/68e758b700000000050038fa?xsec_token=ABZz0TD0LN-k_O1PtqRj_alVcjnxItDJI4BvRw7SPCC18=&xsec_source=pc_collect,教育了,,,自产笔记,AGT粉钻面膜,,,
68e85e300000000004013108,晓姿焕颜三剑客 分时内调拿捏少女肌！,28天打卡实测！纹路垮脸又被狠狠教育了 - 小红书,三剑客,,,自产笔记,御三家,,,
68e861600000000004029d0b,边补边锁胶原双buff！解锁真?贵气饱满脸！,https://www.xiaohongshu.com/explore/68e85e300000000004013108?xsec_token=ABm-Hk5NFbYmLJ6qJulOj0KBdzt5fie2cnXrQZTLZIKzI=&xsec_source=pc_user,解锁真,,,自产笔记,塑颜饮,,,
68e865670000000004016eca,晓姿直播专场必囤清单！承包你全年美丽,https://www.xiaohongshu.com/explore/68e861600000000004029d0b?xsec_token=ABFlBndZnpTUtfaw9EyE44mvL7kjPHU9GIPMUPwYbR0Q8=&xsec_source=pc_user,全年美丽,,,自产笔记,活动笔记,,,
68e8a95000000000040028e7,黄黑皮逆袭关键：抗氧抗糖双通路养出透亮感,https://www.xiaohongshu.com/explore/68e865670000000004016eca?app_platform=android&ignoreEngage=true&app_version=9.3.0&share_from_user_hidden=true&xsec_source=app_share&type=normal&xsec_token=CBs_xtBd8RJKXcF805yH0_eeA2BiB8olbFfX5xbe0uXgg=&author_share=1&xhsshare=QQ&shareRedId=Nz9FREg4RkJKSTdHPzgyP0c8QktFNzc9&apptime=1760060816&share_id=5398155abb774567adf9dd36586c1c72&share_channel=qq,逆袭关键,,,自产笔记,AGXI+光感白肌饮,,,
68e8d6ca0000000007015a1c,没人比女明星更懂养眼！高回报眼膜谁不心动,黄黑皮逆袭关键：抗氧抗糖双通路养出透亮感 - 小红书,蒋欣10,,,自产笔记,金字塔眼膜,,,
68e8d7f8000000000703037e,紧致淡纹两手抓！不愧是明星化妆师也用,没人比女明星更懂养眼！高回报眼膜谁不心动 - 小红书,杨单2,,,自产笔记,金字塔眼膜,,,
68e9a48e0000000007014b19,明星化妆师爱用好物！养出同款星星眼,https://www.xiaohongshu.com/explore/68e8d7f8000000000703037e?xsec_token=ABQky3XEzbUG6L9cYP6Y2xH7XbMue6ubNs86ovaHodfTY=&xsec_source=pc_user,杨单3,,,自产笔记,金字塔眼膜,,,
68e9ad170000000005003ae1,AXXZIA晓姿|已加入1年1度购物狂欢直播间,明星化妆师爱用好物！养出同款星星眼 - 小红书,购物狂,,,自产笔记,活动笔记,,,
68e9d5f2000000000703443e,揭秘：明星化妆师包里的眼膜“拉”回年轻态,https://www.xiaohongshu.com/explore/68e9ad170000000005003ae1?app_platform=android&ignoreEngage=true&app_version=9.3.0&share_from_user_hidden=true&xsec_source=app_share&type=normal&xsec_token=CBm1_HB57fzd9p2CztjXVzeZ__hstwZEluXd4QSEA3lYQ=&author_share=1&xhsshare=QQ&shareRedId=Nz9FREg4RkJKSTdHPzgyP0c8QktFNzc9&apptime=1760144675&share_id=97fea0bb0d88413d92e7d6aa9893c3bb&share_channel=qq,杨单4,,,自产笔记,金字塔眼膜,,,
68ea00c3000000000402bba1,不早说内服抗糖这么牛！明星都在喝的含金量,揭秘：明星化妆师包里的眼膜“拉”回年轻态 - 小红书,张馨予24,,,自产笔记,AGXI,,,
68ea05d200000000040214d6,30+抗老卷王！嘭弹+透亮双通路偷回少女感,不早说内服抗糖这么牛！明星都在喝的含金量 - 小红书,抗老卷王,,,自产笔记,AGXI+塑颜饮,,,
68ea146f00000000050128ab,扒到了女明星同款抗糖好物！后悔没早用！,30+抗老卷王！嘭弹+透亮双通路偷回少女感 - 小红书,张馨予25,,,自产笔记,AGXI,,,
68ea1ab2000000000401382f,只补不留=白搭！高回报胶原搭子认准它！,https://www.xiaohongshu.com/explore/68ea146f00000000050128ab?xsec_token=ABvyPe3nfG7t-qUYNihLCAejSZHjsjyT2kQxgAxSwHaCQ=&xsec_source=pc_user,只补不留,,,自产笔记,塑颜饮,,,
68e9bfd8000000000700c8bc,别让熬夜掏空脸！ 跟代斯get嘭弹细腻好状态,https://www.xiaohongshu.com/explore/68ea1ab2000000000401382f?xsec_token=ABtJehDbOIW-__5oB8vsW98YSOa2YGnwHho5_9fjErry0=&xsec_source=pc_user,代斯面膜1,,,自产笔记,AGT粉钻面膜,,,
68e9e06c000000000703763b,30+还只盯糖氧双抗？揭秘女明星的护肤秘诀,https://www.xiaohongshu.com/explore/68e9bfd8000000000700c8bc?xsec_token=ABdFT6qpKAp0j5w34rbcAEQnufOaIrtXnIO5DcnL3fwgQ=&xsec_source=pc_user,代斯面膜2,,,自产笔记,AGT粉钻面膜,,,
68ec5c6c0000000005013fa4,用内服给肌底打气 帮你重新找回少女感！,30+还只盯糖氧双抗？揭秘女明星的护肤秘诀 - 小红书,打气帮,,,自产笔记,塑颜饮,,,
68ecbb340000000004002210,素颜透光+撑起肌底！这CP彻底拿捏美貌秘籍,https://www.xiaohongshu.com/explore/68ec5c6c0000000005013fa4?app_platform=android&ignoreEngage=true&app_version=9.3.0&share_from_user_hidden=true&xsec_source=app_share&type=normal&noteAttributes=goods&xsec_token=CBPL65Bzhf3Nj97ZcBGpYITEePSeMHZNNPipHbvT7Z1sw=&author_share=1&xhsshare=QQ&shareRedId=Nz9FREg4RkJKSTdHPzgyP0c8QktFNzc9&apptime=1760320716&share_id=7b80170de7fb4e0289e5e28ab846f203&share_channel=qq,彻底拿,,,自产笔记,AGXI+塑颜饮,,,
68ecbcc80000000004022fa5,内养外护 双通路帮你肤色超车！,https://www.xiaohongshu.com/explore/68ecbb340000000004002210?app_platform=android&ignoreEngage=true&app_version=9.3.0&share_from_user_hidden=true&xsec_source=app_share&type=normal&noteAttributes=goods&xsec_token=CBPL65Bzhf3Nj97ZcBGpYITJoNV1dM4_vV4yUWeQzGumM=&author_share=1&xhsshare=QQ&shareRedId=Nz9FREg4RkJKSTdHPzgyP0c8QktFNzc9&apptime=1760344912&share_id=5f52fa231fb2421ca10b90c0e6fa6b2e&share_channel=qq,肤色超,,,自产笔记,抗糖防晒+光感白肌饮,,,
68ef40e20000000004016b48,全链路掐断糖化危机 好状态不请自来！,https://www.xiaohongshu.com/explore/68ecbcc80000000004022fa5?xsec_token=ABJqy0vaEM_f9nzTDOEocwgXXEfD-IK7HLuLb_o0a0I1M=&xsec_source=pc_user,张馨予26,,,自产笔记,AGXI,,,
68ef4732000000000700dfeb,"秋冬干糙暗沉？小心下一步是垮脸
",https://www.xiaohongshu.com/explore/68ef40e20000000004016b48?xsec_token=ABGvRBUPvjuwqrLXRHm8HE-bnSUQkJdgPLQsw_vSPbCsQ=&xsec_source=pc_user,下一步,,,自产笔记,AGT粉钻cp,,,
68ef47000000000005011060,30＋素颜无龄感！全靠张馨予同款抗糖饮！,https://www.xiaohongshu.com/explore/68ef4732000000000700dfeb?xsec_token=ABmdFdEJ8G8DwvlHw80ALIz6G5zK2FMAySkmoUqb6otWQ=&xsec_source=pc_user,张馨予27,,,自产笔记,AGXI,,,
68ef517200000000050112c7,抗糖=延续美丽！跟张馨予养出细腻透亮感！,https://www.xiaohongshu.com/explore/68ef47000000000005011060?xsec_token=ABWq_aHrjeXMBnpuEwGkryYnbvn5ySL0oZVQTMJ0cawUU=&xsec_source=pc_user,张馨予28,,,自产笔记,AGXI,,,
68ef606900000000040236ce,糖化脸别乱抹！内服抗糖才是素颜发光答案,https://www.xiaohongshu.com/explore/68ef517200000000050112c7?app_platform=android&ignoreEngage=true&app_version=9.3.2&share_from_user_hidden=true&xsec_source=app_share&type=video&noteAttributes=goods&xsec_token=CBd4PgLTJAuFJRV8eU5ushjNl_fG0ng8jyNW2UIgsB1_s=&author_share=1&xhsshare=QQ&shareRedId=Nz9FREg4RkJKSTdHPzgyP0c8QktFNzc9&apptime=1760514445&share_id=e72432cfe9e346f4bf0f7e12a9d1be6b&share_channel=qq,发光答,,,自产笔记,AGXI,,,
68ef61890000000007034b78,代斯护肤小秘诀居然是…素颜状态美我一大跳,糖化脸别乱抹！内服抗糖才是素颜发光答案 - 小红书,代斯面膜3,,,自产笔记,AGT粉钻面膜,,,
68ecd1660000000007022333,AXXZIA晓姿|已加入1年1度购物狂欢直播间,代斯护肤小秘诀居然是…素颜状态美我一大跳 - 小红书,狂欢直,,,自产笔记,美护合集,,,
68f052d10000000005013daa,黄垮脸听句劝！双十一囤这个变美快人一步！,https://www.xiaohongshu.com/explore/68ecd1660000000007022333?xsec_token=ABlZlevNYM5B1TqcX9e2lCdM9sXq_XRxBrPMJf7ZpeMm0=&xsec_source=pc_user,快人一,,,自产笔记,AGXI+光感白肌饮,,,
68f1e56d00000000050380e7,从黄垮脸到透光肌！30+高效变美一组到位,https://www.xiaohongshu.com/explore/68f052d10000000005013daa?xsec_token=ABWfWVFuQ71AtiWLqu-6Pa1MxnoA_s7geqYvqCT0AXG1c=&xsec_source=pc_user,组到位,,,自产笔记,御三家,,,
68f5a570000000000402ba94,??贵妇听劝！熟龄肌进阶保养一套就够了!,从黄垮脸到透光肌！30+高效变美一组到位 - 小红书,贵妇听劝,,,自产笔记,御三家,,,
68f5f8f60000000005011638,气血感焊在脸上？这次真找对路子了！,??贵妇听劝！熟龄肌进阶保养一套就够了! - 小红书,气血感,,,自产笔记,养雌小粉果,,,
68f6e129000000000503a847,三步拿捏紧致少女肌 嘭弹饱满具象化！,气血感焊在脸上？这次真找对路子了！ - 小红书,三步拿,,,自产笔记,塑颜饮,,,
68f75a480000000004001cc6,换季免疫告急？请收下这份脆皮自救指南！,https://www.xiaohongshu.com/explore/68f6e129000000000503a847?xsec_token=AB1FIPOf_UdcTuQMjqOFwknOUch6csSNG2eSF_W79Nqus=&xsec_source=pc_user,告急请,,,自产笔记,小紫盾,,,
68f89e340000000007032491,高回报嫩脸提亮搭子 素颜狠狠赶超同龄人！,https://www.xiaohongshu.com/explore/68f75a480000000004001cc6?xsec_token=ABIYLdLPnV-Gi2ad5sH7xHP02mPr69xHsJTtvOrLGB4Cs=&xsec_source=pc_user,提亮搭,,,自产笔记,AGT粉钻cp,,,
68f97ae10000000007002e42,眼周保养天花板！跟着女明星告别纹垮衰！,https://www.xiaohongshu.com/explore/68f89e340000000007032491?xsec_token=ABeAwPA-Kx-0Z3kMy3dPLmTNAXuflDKT-NFJ1ZhBXCTr4=&xsec_source=pc_user,蒋欣12,,,自产笔记,金字塔眼膜,,,
68f97eaf0000000007003aa6,眼部回春术|蒋欣私藏的眼周急救神器太绝了,眼周保养天花板！跟着女明星告别纹垮衰！ - 小红书,蒋欣13,,,自产笔记,金字塔眼膜,,,
68f9852c0000000005032fe4,坚持护肤≠有效保养！还有谁在做表面功夫？,眼部回春术|蒋欣私藏的眼周急救神器太绝了 - 小红书,坚持护肤,,,自产笔记,AGXI,,,
68f988920000000007020896,学会三抗抗老，30+的状态竟比20+还好！,坚持护肤≠有效保养！还有谁在做表面功夫？ - 小红书,代斯面膜5,,,自产笔记,AGT粉钻面膜,,,
68f98b1c0000000005038186,糖化脸有救了！贵妇抗糖真的毫不费力！,学会三抗抗老，30+的状态竟比20+还好！ - 小红书,有救了,,,自产笔记,AGXI,,,
68f99647000000000503111a,暗黄垮脸功课快来抄 能拯救美貌的高端局cp,糖化脸有救了！贵妇抗糖真的毫不费力！ - 小红书,快来抄,,,自产笔记,AGXI+塑颜饮,,,
68f9cfca0000000004015d35,内外双护开启冷皮模式 瓷感透光肌具象化！,暗黄垮脸功课快来抄 能拯救美貌的高端局cp - 小红书,瓷感透,,,自产笔记,抗糖防晒+光感白肌饮,,,
68f9d3800000000004029102,离谱！胶原流失靠它回春！素颜自拍再没怕过,https://www.xiaohongshu.com/explore/68f9cfca0000000004015d35?xsec_token=ABbiPElfi14VDe77K93_5MpHwaVCeQ8TpXgnss-BB9vSc=&xsec_source=pc_user,再没怕,,,自产笔记,塑颜饮,,,
68f9d7330000000005002d50,30+脸显老气？抗糖＋白肌=透亮显嫩！,https://www.xiaohongshu.com/explore/68f9d3800000000004029102?app_platform=android&ignoreEngage=true&app_version=9.3.2&share_from_user_hidden=true&xsec_source=app_share&type=video&noteAttributes=goods&xsec_token=CBCrq3cnSrIYywcEHj_bGV7dLXZhKF4E4YOoyM-ywtLcM=&author_share=1&xhsshare=CopyLink&shareRedId=Nz9FREg4RkJKSTdHPzgyP0c8QktFNzc9&apptime=1761203083&share_id=5e6fa40748174161b4ba68126b5ffcc4&share_channel=copy_link,抗糖白,,,自产笔记,X白组合,,,
68f9eb38000000000700ef97,三效抗衰一步到位！28+也能拥有妈生好皮！,https://www.xiaohongshu.com/explore/68f9d7330000000005002d50?xsec_token=ABhjVjYho5w_2hCXE_LqzyoUeBd_3fqJxYO9kXXBngQaU=&xsec_source=pc_user,生好皮,,,自产笔记,AGT粉钻面膜,,,
68f9f2530000000007001a89,别让眼周出卖你！跟着张悦儿敷出冻龄明眸,三效抗衰一步到位！28+也能拥有妈生好皮！ - 小红书,周出卖,,,自产笔记,金字塔眼膜,,,
68f9fee30000000005003593,深扒晓姿热门内服！这个双11选对不踩坑！,https://www.xiaohongshu.com/explore/68f9f2530000000007001a89?app_platform=android&ignoreEngage=true&app_version=9.4.0&share_from_user_hidden=true&xsec_source=app_share&type=video&noteAttributes=goods&xsec_token=CBScqzHVjMfq39muR7uKK0FBdf1XEPeMzYKzH4UxmcaMo=&author_share=1&xhsshare=QQ&shareRedId=ODw3Qzo1OU42NzUyOTgwNjY6OTc4STlO&apptime=1761210975&share_id=877ed12f938d45a39c6cdeb7e04083fc&share_channel=qq,深扒晓,,,自产笔记,口服合集,,,
68fae8f40000000004023d89,跟着明星学抗糖！变美原来这么简单！,深扒晓姿热门内服！这个双11选对不踩坑！ - 小红书,张馨予29,,,自产笔记,AGXI,,,
68faee3b000000000402a8f9,别让“甜”偷走轮廓，跟着张馨予养出好状态,https://www.xiaohongshu.com/explore/68fae8f40000000004023d89?xsec_token=ABUu9sjwDElRR5eNDXn6jW8n0fxYCgs9pQfV_praR0W2Q=&xsec_source=pc_user,张馨予30,,,自产笔记,AGXI,,,
68fb1a2d0000000005033e75,告别松垮暗沉！嘭弹+透亮双通路拿捏少女肌,别让“甜”偷走轮廓，跟着张馨予养出好状态 - 小红书,告别松,,,自产笔记,AGXI+塑颜饮,,,
68fb1f7f000000000700b6d4,三抗合一专治熬夜垮脸！嫩脸提拉一步到位~,告别松垮暗沉！嘭弹+透亮双通路拿捏少女肌 - 小红书,专治熬,,,自产笔记,粉钻面膜,,,
68fb1e7600000000070399a4,秋冬垮脸还粗糙暗沉？这对cp来抚平！,https://www.xiaohongshu.com/explore/68fb1f7f000000000700b6d4?app_platform=android&ignoreEngage=true&app_version=9.4.0&share_from_user_hidden=true&xsec_source=app_share&type=video&noteAttributes=goods&xsec_token=CB0QSuLH2r7MfGdN52szkWFGaZ2X_yTVx5gBDOKF6Zc0k=&author_share=1&xhsshare=CopyLink&shareRedId=ODw3Qzo1OU42NzUyOTgwNjY6OTc4STlO&apptime=1761288088&share_id=9dfd04b95050408f9c5b419cb7833df1&share_channel=copy_link,来抚平,,,自产笔记,粉钻面膜,,,
68fb46c60000000004023ad8,换季不慌 别让身体总在电量告急边缘挣扎,秋冬垮脸还粗糙暗沉？这对cp来抚平！ - 小红书,换季不,,,自产笔记,小紫盾,,,
68fb51f00000000004029841,素颜生图像精修？晓姿塑颜饮太懂女生,https://www.xiaohongshu.com/explore/68fb46c60000000004023ad8?app_platform=android&ignoreEngage=true&app_version=9.3.2&share_from_user_hidden=true&xsec_source=app_share&type=normal&noteAttributes=goods&xsec_token=CB_YcXVx3CdEQe3_EkDs0E-ffvjRgjhNe7u7PxHNNG6oc=&author_share=1&xhsshare=QQ&shareRedId=Nz9FREg4RkJKSTdHPzgyP0c8QktFNzc9&apptime=1761298121&share_id=784a47a34cbd4f0abfcd88235c96b942&share_channel=qq,懂女生,,,自产笔记,塑颜饮,,,
68ff2a5c000000000400792f,一招逆转“松垮脸” ！帮你轻松找回少女肌,素颜生图像精修？晓姿塑颜饮太懂女生 - 小红书,一招逆,,,自产笔记,塑颜饮,,,
68ff30d70000000004003b28,补雌也有邪修？少女感一键拉满了,一招逆转“松垮脸” ！帮你轻松找回少女肌 - 小红书,拉满了,,,自产笔记,养雌小粉果,,,
6901a84c0000000005000ae9,30+暗黄糙？你离透光肌只差这一支抗糖饮！,补雌也有邪修？少女感一键拉满了 - 小红书,你离透,,,自产笔记,AGX抗糖饮,,,
6901c4c7000000000700e3d1,不允许有人还不知道晓姿已经出三抗了！！,30+暗黄糙？你离透光肌只差这一支抗糖饮！ - 小红书,不允许,,,自产笔记,粉钻面膜,,,
6901d5dd0000000005011152,张馨予同款内服！35+也能喝出匀净肌,https://www.xiaohongshu.com/explore/6901c4c7000000000700e3d1?xsec_token=ABXLmAjFVWVWN4LrvJk4d_Xohm0EmXb63h84kOKfuaehQ=&xsec_source=pc_user,张馨予32,,,自产笔记,AGX抗糖饮,,,
6901da3a000000000503bf68,抗糖不盲目 来快来抄张悦儿素颜发光的答案.,张馨予同款内服！35+也能喝出匀净肌 - 小红书,不盲目,,,自产笔记,AGX抗糖饮,,,
6901df3000000000050113d5,明星抗糖秘籍藏不住了！不戒嘴也能素颜美！,抗糖不盲目 来快来抄张悦儿素颜发光的答案. - 小红书,张馨予33,,,自产笔记,AGX抗糖饮,,,
6901e0d40000000004022dba,女明星的保养实话！张馨予也在喝的内服抗糖,https://www.xiaohongshu.com/explore/6901df3000000000050113d5?xsec_token=AB23_hc0GAUZxhSQWjC9Eb5R5YFske-hLXpdlceAilFOs=&xsec_source=pc_user,张馨予34,,,自产笔记,AGX抗糖饮,,,
6901e14b0000000005030ca1,秋冬焕肤抄近道！黄黑皮素颜高光轻松喝出来,https://www.xiaohongshu.com/explore/6901e0d40000000004022dba?app_platform=android&ignoreEngage=true&app_version=9.3.2&share_from_user_hidden=true&xsec_source=app_share&type=video&noteAttributes=goods&xsec_token=CBtqXNNZjfK4nioCabn8EKrF_suAnsrQxDpQ3NpeU267w=&author_share=1&xhsshare=QQ&shareRedId=Nz9FREg4RkJKSTdHPzgyP0c8QktFNzc9&apptime=1761730904&share_id=3475b69a172047a180a9fe6f01de6ff8&share_channel=qq,高光轻,,,自产笔记,光感白肌饮,,,
6902c7f800000000070165f6,还得是张悦儿！自用推荐的抗糖防晒有点东西,https://www.xiaohongshu.com/explore/6901e14b0000000005030ca1?xsec_token=ABxL8aH4Fdz-qajsebTerXti-KBzT-_SmWu21xHpn4vQg=&xsec_source=pc_user,还得是,,,自产笔记,抗糖防晒,,,
6902d0f5000000000703a18c,打开抗衰思路！眼周年轻才是真年轻！,还得是张悦儿！自用推荐的抗糖防晒有点东西 - 小红书,眼周年,,,自产笔记,金字塔眼膜,,,
6902fe8d0000000007000e8e,眼周塌房急救！挖到蒋欣Vlog里分层抗老眼膜,打开抗衰思路！眼周年轻才是真年轻！ - 小红书,蒋欣14,,,自产笔记,金字塔眼膜,,,
690306ab0000000004013a41,一天一支的后果就是…光感冷皮照进现实！！,眼周塌房急救！挖到蒋欣Vlog里分层抗老眼膜 - 小红书,一天一支,,,自产笔记,光感白肌饮,,,
6902fdb80000000007014344,淡眼纹太快了，打卡女明星眼周保养！,一天一支的后果就是…光感冷皮照进现实！！ - 小红书,代斯3,,,自产笔记,金字塔眼膜,,,
69031b67000000000700e22e,被代斯反复种草的这罐，熬夜垮脸真救回来,https://www.xiaohongshu.com/explore/6902fdb80000000007014344?xsec_token=ABHa0nemNzSZARkG1_LRJCEA6ueSJfuGfhdszpi1EHFvI=&xsec_source=pc_user,代斯面膜7,,,自产笔记,AGT粉钻面膜,,,
6904037a00000000050303da,30+疲态肌正确发力！把少女肌焊在脸上！,被代斯反复种草的这罐，熬夜垮脸真救回来 - 小红书,正确发,,,自产笔记,御三家,,,
6.90319E+23,晓姿限时专场活动加码 速速来直播间薅羊毛,30+疲态肌正确发力！把少女肌焊在脸上！ - 小红书,活动加码,,,自产笔记,活动笔记,,,
690431720000000004007f46,建议把提亮精华换成它！急性子邪修白肌！,https://www.xiaohongshu.com/explore/690318630000000005030076?xsec_token=ABB1Yql0bXonrjyjXtCrRBDEJ8lfWyBX30wmdaqmoyQb0=&xsec_source=pc_collect,建议把,,,自产笔记,白肌饮,,,
690455cd0000000004001d8d,内服黄金组合拳！抗氧又抗糖嫩到发光！,https://www.xiaohongshu.com/explore/690431720000000004007f46?app_platform=android&ignoreEngage=true&app_version=9.3.2&share_from_user_hidden=true&xsec_source=app_share&type=normal&noteAttributes=goods&xsec_token=CBq638UOy7_sxClrnkY4jbA1t5x88OSQwzJm9sUwq18_8=&author_share=1&xhsshare=QQ&shareRedId=Nz9FREg4RkJKSTdHPzgyP0c8QktFNzc9&apptime=1761882487&share_id=e0fcf7929d9b4d5abeaa46e9d679a7cf&share_channel=qq,组合拳,,,自产笔记,X白组合,,,
690462af00000000050128f5,戒到emo黄气还在 你的抗糖可能输在了起跑线,https://www.xiaohongshu.com/explore/690455cd0000000004001d8d?xsec_token=ABWf_6eAudxpXK5MIu-hjQbXnS-vo6EKwxe3Nvn3FPRRY=&xsec_source=pc_user,黄气还在,,,自产笔记,AGX抗糖饮,,,
6904620e000000000701622e,满分眼膜！好不好用效果说话,https://www.xiaohongshu.com/explore/690462af00000000050128f5?app_platform=android&ignoreEngage=true&app_version=9.3.2&share_from_user_hidden=true&xsec_source=app_share&type=video&noteAttributes=goods&xsec_token=CBq638UOy7_sxClrnkY4jbA7NAbDuTEAET4vJzV2CZwVA=&author_share=1&xhsshare=QQ&shareRedId=Nz9FREg4RkJKSTdHPzgyP0c8QktFNzc9&apptime=1761895090&share_id=0ab9b73b8cef4d2d8bc1ac97b4461e37&share_channel=qq,满分眼膜,,,自产笔记,金字塔眼膜,,,
6905772e00000000040210fe,这什么邪修抗老啊，太强悍了！,满分眼膜！好不好用效果说话 - 小红书,这什么,,,自产笔记,AGX+光感白肌饮,,,
6905b7d6000000000700cc6c,这一刻垮脸党起立！原来三抗抗老如此简单！,https://www.xiaohongshu.com/explore/6905772e00000000040210fe?xsec_token=ABqPO67TZGOpwDeDv6HjdliaqzCuNyy4Q3MswWQvF-QVg=&xsec_source=pc_collect,党起立,,,自产笔记,AGT粉钻CP,,,
690821b30000000004023e31,想要亮＋紧＋嫩？三步抓住青春密码！,https://www.xiaohongshu.com/explore/6905b7d6000000000700cc6c?xsec_token=AB7tTD66N8AB5zKdCVdNW5c98fpbVLRjW2E5wPQpzc0s0=&xsec_source=pc_user,想要亮,,,自产笔记,御三家,,,
690853dd0000000005033847,贵妇圈k老高端局 松垮垂终于有救了！,https://www.xiaohongshu.com/explore/690821b30000000004023e31?xsec_token=ABWvLfgR8sdcW3TvWyfijd6zIK3k0tGBybnlbmqZKBItk=&xsec_source=pc_user,有救了,,,自产笔记,塑颜饮,,,
69086dee00000000070381e6,高回报嫩脸秘密武器！谁还不知道三抗？,贵妇圈k老高端局 松垮垂终于有救了！ - 小红书,秘密武器,,,自产笔记,AGT粉钻面膜,,,
6.90872E+23,秋冬防晒最爱的一支 毫不费力get伪素颜好皮,高回报嫩脸秘密武器！谁还不知道三抗？ - 小红书,秋冬防,,,自产笔记,抗糖防晒,,,
6908758c000000000501231e,疲态脸都来喝！内服K老才是捷径！！,秋冬防晒最爱的一支 毫不费力get伪素颜好皮 - 小红书,都来喝,,,自产笔记,塑颜饮,,,
6909a6620000000004016bd2,脆皮党别硬抗！换季也能稳稳度过！,疲态脸都来喝！内服K老才是捷径！！ - 小红书,脆皮党,,,自产笔记,小紫盾,,,
6909ab4e0000000004012b19,原来女生显嫩的密码是 “养雌”??,脆皮党别硬抗！换季也能稳稳度过！ - 小红书,原来女,,,自产笔记,养雌小粉果,,,
6909b4950000000007002f3a,抓住秋冬黄金期！熟龄肌轻松逆袭,原来女生显嫩的密码是 “养雌”?? - 小红书,抓住秋,,,自产笔记,抗糖防晒,,,
6909d004000000000700c7c0,代斯太会了！！眼周逆龄跟着学准没错,抓住秋冬黄金期！熟龄肌轻松逆袭 - 小红书,代斯4,,,自产笔记,金字塔眼膜,,,
690b03c20000000007000948,还得是女明星啊！用完一罐皮肤嫩飞了......,https://www.xiaohongshu.com/explore/6909d004000000000700c7c0?xsec_token=ABq4khQQtKDsfU7QvCmaijjsgtyjSitZ1z70v2wIEQFiw=&xsec_source=pc_user,代斯面膜9,,,自产笔记,AGT粉钻面膜,,,
6909c6830000000004014237,张悦儿告诉你：30＋如何抗糖抗老！,还得是女明星啊！用完一罐皮肤嫩飞了...... - 小红书,告诉你,,,自产笔记,AGX抗糖饮,,,
690c03a10000000007038d74,全链路搞定眼周衰老 少女星星眼轻而易举！,https://www.xiaohongshu.com/explore/6909c6830000000004014237?xsec_token=ABWZfuoczuJhc0gtlpU5TmghSy0BxouUbKd5OHUnRa8pc=&xsec_source=pc_user,全链路,,,自产笔记,金字塔眼膜,,,
690c353f0000000007014d9d,眼周问题全垒打！女明星真的很会选,https://www.xiaohongshu.com/explore/690c03a10000000007038d74?xsec_token=ABnUwyJ-uW2aVEP2URGijkfqYjnl_DM8fj5y6f6b34sV8=&xsec_source=pc_user,蒋欣17,,,自产笔记,金字塔眼膜,,,
690c4a8f0000000005001713,喝出来的少女肌 熟龄肌姐妹的素颜杀手锏,眼周问题全垒打！女明星真的很会选 - 小红书,素颜杀,,,自产笔记,AGX抗糖饮,,,
690c5c770000000005000fb1,30+暗、黄、糙？年轻感真的是靠养出来的！,https://www.xiaohongshu.com/explore/690c4a8f0000000005001713?xsec_token=ABnUwyJ-uW2aVEP2URGijkfhsZcFJnAmWH-P12loi8AxE=&xsec_source=pc_user,年轻感,,,自产笔记,AGX抗糖饮,,,
690d66a10000000004013ec3,抗糖毫不费力！内服的含金量还在上升！,https://www.xiaohongshu.com/explore/690c5c770000000005000fb1?xsec_token=ABIvZgL-Jq6Vn6N8WE4LmvpURzLLQ6IyKg0Tppn_4J8CY=&xsec_source=pc_user,不费力,,,自产笔记,AGX抗糖饮,,,
690d964200000000040012c6,就这个亮白爽！黑黄皮遇见它真的会走不动道,抗糖毫不费力！内服的含金量还在上升！ - 小红书,就这个,,,自产笔记,光感白肌饮,,,
690d9621000000000702311c,"秋冬护肤黑科技！熟龄危肌选它准没错
",就这个亮白爽！黑黄皮遇见它真的会走不动道 - 小红书,黑科技,,,自产笔记,AGT粉钻面膜,,,
690dc6610000000005031927,只打高端局！三管齐下给K衰界一点震撼！,https://www.xiaohongshu.com/explore/690d9621000000000702311c?xsec_token=ABy2K88UkchKXdngiiKZlEIBZ83tU_IUqmZuFOQ1XdHF4=&xsec_source=pc_user,齐下给,,,自产笔记,御三家,,,
690dc7f30000000005013500,告别疲态黄垮脸！30+逆转嘭弹发光肌,只打高端局！三管齐下给K衰界一点震撼！ - 小红书,黄垮脸,,,自产笔记,御三家,,,
690dc743000000000401665a,麦角硫因+胶原双管齐下 青春少女感焊在脸上,告别疲态黄垮脸！30+逆转嘭弹发光肌 - 小红书,双管齐,,,自产笔记,塑颜饮,,,
690dca9300000000040112ee,逆袭少女感内服，比同龄人显小的关键！,https://www.xiaohongshu.com/explore/690dc743000000000401665a?xsec_token=ABctBH_-i9X1yxuOBbtubZvYDe6LRZXiBOnpgD79vnD5Y=&xsec_source=pc_user,感内服,,,自产笔记,御三家,,,
690dc97600000000040002a1,打工人告别脆皮！好睡+免疫up,https://www.xiaohongshu.com/explore/690dca9300000000040112ee?xsec_token=ABxnnRHjaav64rYYp2m6A7uh19TdUw8UAgKCSdIaNvy3k=&xsec_source=pc_user,告别脆,,,自产笔记,小紫盾,,,
690da0060000000005001602,"进博会专属！晓姿抗糖饮抄底价 错过等一年
",https://www.xiaohongshu.com/explore/690dc97600000000040002a1?xsec_token=ABFlUplugV4TdwDmBCkApYvpVXw-X9KhgALs6BJHvlPlk=&xsec_source=pc_user,会专属,,,自产笔记,AGX抗糖饮,,,
691186890000000004021fbc,秋冬敏肌美白？弯道超车一定要试试它！,https://www.xiaohongshu.com/explore/690da0060000000005001602?xsec_token=ABeMVCrcvc9-4sKS609G2T6Cs-xs3T7KVyYsMPTiKNIhc=&xsec_source=pc_user,敏肌美,,,自产笔记,光感白肌饮,,,
6911b1d10000000004006f3c,急性子快节奏焕亮大法 黄黑皮弯道超车！！,秋冬敏肌美白？弯道超车一定要试试它！ - 小红书,急性子,,,自产笔记,光感白肌饮,,,
6911c6f60000000004010c2b,贵妇K衰！熟龄肌进阶保养有它就够了！！,https://www.xiaohongshu.com/explore/6911b1d10000000004006f3c?app_platform=android&ignoreEngage=true&app_version=9.6.0&share_from_user_hidden=true&xsec_source=app_share&type=video&noteAttributes=goods&xsec_token=CBgNfpJvn27EnpD61MakBfm8Jt9VcTvVMbQg6MPcxBrNY=&author_share=1&xhsshare=QQ&shareRedId=Nz9FREg4RkJKSTdHPzgyP0c8QktFNzc9&apptime=1762767324&share_id=3347dbe3d1c545b5ae73f3d1b64e612d&share_channel=qq,进阶保,,,自产笔记,塑颜饮,,,
6912acaa0000000005030d4c,职场打工人刚需！！靠元气三宝实现健康KPI,贵妇K衰！熟龄肌进阶保养有它就够了！！ - 小红书,人刚需,,,自产笔记,元气金三宝,,,
691442d00000000005031642,这什么邪修液态麦角硫因？皮肤紧到发光,https://www.xiaohongshu.com/explore/6912acaa0000000005030d4c?app_platform=android&ignoreEngage=true&app_version=9.6.0&share_from_user_hidden=true&xsec_source=app_share&type=video&noteAttributes=goods&xsec_token=CBKtaKfU66YaMzbU_kvVoYN5_eEePdxziGeHvUdK24S4U=&author_share=1&xhsshare=QQ&shareRedId=Nz9FREg4RkJKSTdHPzgyP0c8QktFNzc9&apptime=1762831543&share_id=326510ad351745b080e568c6c22fffe3&share_channel=qq,邪修液,,,自产笔记,塑颜饮,,,
691456a30000000005003a7a,抗老真相公开|胶原和麦角硫因才是冻龄关键,https://www.xiaohongshu.com/explore/691442d00000000005031642?app_platform=android&ignoreEngage=true&app_version=9.6.0&share_from_user_hidden=true&xsec_source=app_share&type=normal&noteAttributes=goods&xsec_token=CBQe6ErBw_ktQ2QgcnqUC5faoiPayuWRYBKLfx1YKHNbU=&author_share=1&xhsshare=QQ&shareRedId=Nz9FREg4RkJKSTdHPzgyP0c8QktFNzc9&apptime=1762937213&share_id=e0e0788c7f154731a464c032bc1a8037&share_channel=qq,相公开,,,自产笔记,塑颜饮,,,
6914716a0000000004015fba,一键狙击黄垮脸！贵妇高阶内服有它就够了！,https://www.xiaohongshu.com/explore/691456a30000000005003a7a?xsec_token=ABo5vAOkMk4IwMXVzhmcZPRbCfJEqKx55YuIyBjurIUKg=&xsec_source=pc_user,狙击黄,,,自产笔记,AGXI+光感白肌饮,,,
69153a7e0000000005010be8,这才是28+该选的内服...抗老更游刃有余,一键狙击黄垮脸！贵妇高阶内服有它就够了！ - 小红书,游刃有,,,自产笔记,御三家,,,
691585a1000000000700bcc7,女明星严选果然权威！跟着蒋欣解锁星星眼！,https://www.xiaohongshu.com/explore/69153a7e0000000005010be8?app_platform=android&ignoreEngage=true&app_version=9.6.0&share_from_user_hidden=true&xsec_source=app_share&type=video&noteAttributes=goods&xsec_token=CBQIYx9GkmOP2YKUvZ3TEGDv_EYfSJvlYSWql8Y5Tb-XQ=&author_share=1&xhsshare=QQ&shareRedId=Nz9FREg4RkJKSTdHPzgyP0c8QktFNzc9&apptime=1762998917&share_id=dd237ce85a754adaad55cf829895b377&share_channel=qq,蒋欣18,,,自产笔记,金字塔眼膜,,,
691586a70000000007015a92,明星化妆师抗老宝藏！帮你层层逆转岁月痕迹,女明星严选果然权威！跟着蒋欣解锁星星眼！ - 小红书,杨单5,,,自产笔记,金字塔眼膜,,,
69158f510000000005000c16,熟龄肌美貌坦白局｜好皮肤真是“喝”出来的,明星化妆师抗老宝藏！帮你层层逆转岁月痕迹 - 小红书,坦白局,,,自产笔记,AGX抗糖饮,,,
6.91598E+23,30＋必看！三抗保养才是抄底肌龄的底层逻辑,https://www.xiaohongshu.com/explore/69158f510000000005000c16?app_platform=android&ignoreEngage=true&app_version=9.6.0&share_from_user_hidden=true&xsec_source=app_share&type=video&noteAttributes=goods&xsec_token=CBQIYx9GkmOP2YKUvZ3TEGDpO4zNRLNlTc_Ksa6e8PxvE=&author_share=1&xhsshare=QQ&shareRedId=Nz9FREg4RkJKSTdHPzgyP0c8QktFNzc9&apptime=1763020633&share_id=4e55e3f8470c4c95a9db0ad60cd69a29&share_channel=qq,必看三,,,自产笔记,AGT粉钻cp,,,
6915af53000000000703a42d,眼周塌房救星，这眼膜把美美钱都省了！,https://www.xiaohongshu.com/explore/691598290000000007014411?xsec_token=ABKPw2FkmK9p8k8uhd0_WYzuP8n5Y7dWyrRAgr_1MCBLs=&xsec_source=pc_user,代斯12,,,自产笔记,金字塔眼膜,,,
69153bc7000000000503a049,干货｜双修保养才是王道！,眼周塌房救星，这眼膜把美美钱都省了！ - 小红书,是王道,,,自产笔记,AGXI+塑颜饮,,,
69169cb40000000007037737,不黄不垮的不建议用 脸嫩到像PS精修！,干货｜双修保养才是王道！ - 小红书,建议用,,,自产笔记,AGT粉钻面膜,,,
6916a0a70000000005039885,免疫低+睡眠浅 打工人破局指南来了！,https://www.xiaohongshu.com/explore/69169cb40000000007037737?xsec_token=ABKo_qw38w-fOEoWPy5TC7PXPAdozOtbf_EYPx1jgcE-8=&xsec_source=pc_user,南来了,,,自产笔记,小紫盾,,,
6916d06f0000000004006731,脸垮没轮廓？这个内服让你吃出妈生紧致感！,https://www.xiaohongshu.com/explore/6916a0a70000000005039885?app_platform=android&ignoreEngage=true&app_version=9.6.0&share_from_user_hidden=true&xsec_source=app_share&type=video&noteAttributes=goods&xsec_token=CBVW-wrs4sYL-Ub_O1NiXPBY_4a9Pm-D_5oTtowtgHkwU=&author_share=1&xhsshare=QQ&shareRedId=Nz9FREg4RkJKSTdHPzgyP0c8QktFNzc9&apptime=1763090605&share_id=00e0f91c4588465a92ded5d73de97639&share_channel=qq,没轮廓,,,自产笔记,塑颜饮,,,
6916d0f5000000000700064f,蜡黄垮脸这样给脸蛋补充能量 用完嫩回女大,脸垮没轮廓？这个内服让你吃出妈生紧致感！ - 小红书,回女大,,,自产笔记,AGT粉钻面膜,,,
6916f5200000000005030b09,黄黑皮逆袭｜原来99%的人都踩过变美误区,蜡黄垮脸这样给脸蛋补充能量 用完嫩回女大 - 小红书,变美误区,,,自产笔记,光感白肌饮,,,
691711330000000004013fdd,30+如何分层有效的抗衰！帮你避开智商税,https://www.xiaohongshu.com/explore/6916f5200000000005030b09?xsec_token=ABgAokrO6jrH3PEkbgG34qKMw7bKfYuN44A8icFmQ67Q0=&xsec_source=pc_user,智商税,,,自产笔记,御三家,,,
691bee190000000005000b20,糖化惹的祸！还是要抗糖专家出马,30+如何分层有效的抗衰！帮你避开智商税 - 小红书,惹的祸,,,自产笔记,AGXI,,,
691d95aa000000001e02ea00,补光灯CP|抗糖+焕亮，莹润少女肌轻松拿下！,糖化惹的祸！还是要抗糖专家出马 - 小红书,莹润少,,,自产笔记,X白,,,
691eaf68000000001e0040ee,每次都被蒋欣的素颜震惊到 同款眼膜扒到了,补光灯CP|抗糖+焕亮，莹润少女肌轻松拿下！ - 小红书,蒋欣19,,,自产笔记,金字塔眼膜,,,
691eb31d000000001e020557,摊牌了...秋冬这个白肌思路真有用！,https://www.xiaohongshu.com/explore/691eaf68000000001e0040ee?app_platform=android&ignoreEngage=true&app_version=9.4.0&share_from_user_hidden=true&xsec_source=app_share&type=normal&noteAttributes=goods&xsec_token=CBlUBoOIB9-bHJkqo_QskH6hWvmcT5Znfigw-Kwpm3qdA=&author_share=1&xhsshare=QQ&shareRedId=ODw3Qzo1OU42NzUyOTgwNjY6OTc4STlO&apptime=1763618754&share_id=e866e1bd49c94576bf63b6558b3bec19&share_channel=qq,摊牌了,,,自产笔记,光感白肌饮,,,
691eb47b000000001d039a42,精准扫除眼周衰老 重回精致少女眼！,https://www.xiaohongshu.com/explore/691eb31d000000001e020557?xsec_token=ABut2cs5FJ8cSBPyGz0T19IHgVO2_4ms9pR65kWfH7y7w=&xsec_source=pc_user,代斯13,,,自产笔记,金字塔眼膜,,,
691fbfad000000001e0387a2,脆皮人刚需！换季难受+睡不好的都来看,https://www.xiaohongshu.com/explore/691eb47b000000001d039a42?xsec_token=AB2gjGlDEws8maJF7fpMotMS9DJ1MkHeh_msVMZLVeC78=&xsec_source=pc_user,人刚需,,,自产笔记,小紫盾,,,
691fd6c9000000001e00a6c5,秋冬养肤黄金期，告别松垮黄气找回少女肌,脆皮人刚需！换季难受+睡不好的都来看 - 小红书,秋冬养,,,自产笔记,AGT粉钻面膜,,,
6920038c000000001f00b52e,终结糖化垮脸！三相抗糖焊住少女感！,秋冬养肤黄金期，告别松垮黄气找回少女肌 - 小红书,终结糖,,,自产笔记,AGXI,,,
692008cf000000001d03f551,你的抗老只做1/3？三抗合一才是拽回年轻,终结糖化垮脸！三相抗糖焊住少女感！ - 小红书,抗老只,,,自产笔记,AGT粉钻面膜,,,
69240de4000000001e030ee2,抗老别搞太复杂！液态麦角硫因一支搞定,https://www.xiaohongshu.com/explore/692008cf000000001d03f551?app_platform=android&ignoreEngage=true&app_version=9.4.0&share_from_user_hidden=true&xsec_source=app_share&type=video&noteAttributes=goods&xsec_token=CBUurO8dbdbKez-hN21wUqPHDJlnHWnbueKI12RbqwQ38=&author_share=1&xhsshare=QQ&shareRedId=ODw3Qzo1OU42NzUyOTgwNjY6OTc4STlO&apptime=1763707109&share_id=dd97695fbdd64c81afb9ce2bba0cec96&share_channel=qq,太复杂,,,自产笔记,塑颜饮,,,
6924251c000000001e02b48f,不同年龄内服保养怎么选？快来抄作业！,https://www.xiaohongshu.com/explore/69240de4000000001e030ee2?app_platform=android&ignoreEngage=true&app_version=9.6.0&share_from_user_hidden=true&xsec_source=app_share&type=normal&noteAttributes=goods&xsec_token=CBqBGP1FsLQGz3q72sT_iB84vFXurJQW57OQBzqBLS-uc=&author_share=1&xhsshare=QQ&shareRedId=Nz9FREg4RkJKSTdHPzgyP0c8QktFNzc9&apptime=1763970541&share_id=957df8d350024e13a52701ca0f56f74a&share_channel=qq,年龄内,,,自产笔记,御三家,,,
6924298b000000001e01193b,用一次惊艳一次！嫩肤届的邪修cp谁还没用上？,https://www.xiaohongshu.com/explore/6924251c000000001e02b48f?xsec_token=ABvq8Pao3euIOoE_OKghfi73R_-p4UUtzFUQuO3YyiNaY=&xsec_source=pc_user,没用上,,,自产笔记,粉钻cp,,,
69251579000000001e02df3a,30+无痛重启年轻态？内服麦角琉因才是真K老,用一次惊艳一次！嫩肤届的邪修cp谁还没用上 - 小红书,无痛重,,,自产笔记,塑颜饮,,,
69254884000000001e00981a,30+护肤选对=省钱！一篇教你晓姿爆款怎么选,https://www.xiaohongshu.com/explore/69251579000000001e02df3a?xsec_token=ABLKJmnqpCN1Dl_Xdisqdi47SV5YT8TVXSCzM6TIhzxwU=&xsec_source=pc_user,对省钱,,,自产笔记,美护合集,,,
69256209000000001f00c6b5,口服内调保养清单，选对=少走弯路！,30+护肤选对=省钱！一篇教你晓姿爆款怎么选 - 小红书,养清单,,,自产笔记,御三家,,,
69269d4b000000001e0205f9,30+素颜上到新高度！这内服有点东西！？,口服内调保养清单，选对=少走弯路！ - 小红书,高度这,,,自产笔记,AGXI+光感白肌饮,,,
"6927bbd3000000001e031865（重发）
原id：691fbfad000000001e0387a2",脆皮人刚需！换季不适+睡不好的都来看,30+素颜上到新高度！这内服有点东西！？ - 小红书,人刚需,,,自产笔记,小紫盾,,,
6927e7af000000001e015f41,熟龄肌必入的细糠！天塌脸不塌！,脆皮人刚需！换季不适+睡不好的都来看 - 小红书,细糠,,,自产笔记,粉钻面膜,,,
69281868000000001f0070fd,30+黄垮脸闭眼冲！素颜透嫩的底气是它给的,https://www.xiaohongshu.com/explore/6927e7af000000001e015f41?xsec_token=ABJ6D_tRLiPBA5TjHuFqwHxjbCqzAXeno2vIaOKK-3asA=&xsec_source=pc_user,闭眼冲,,,自产笔记,AGXI,,,
6928184a000000001e017ed7,蒋欣太会了！眼纹真的消失了！,30+黄垮脸闭眼冲！素颜透嫩的底气是它给的 - 小红书,蒋欣20,,,自产笔记,金字塔眼膜,,,
69281fe0000000001e028ca6,冬天这样做，开春前白成一道光！,https://www.xiaohongshu.com/explore/6928184a000000001e017ed7?xsec_token=ABHTpYNL4Xt6w3fikRRrZEWnUWBoSbLelBcwAOJ_peATQ=&xsec_source=pc_user,这样做,,,自产笔记,光感白肌饮,,,
69291f6c000000001f00a1f2,养雌自律，才是30+姐姐状态满分的秘密,https://www.xiaohongshu.com/explore/69281fe0000000001e028ca6?xsec_token=AB3rAebu3NdEpzlB-80oGQDVNcGtyzk-UF8omfQD7HnTk=&xsec_source=pc_user,雌自律,,,自产笔记,小粉果,,,
692939f3000000001e0236fe,从质疑到回购！30+素颜也能美出新高度！,https://www.xiaohongshu.com/explore/69291f6c000000001f00a1f2?app_platform=android&ignoreEngage=true&app_version=9.6.0&share_from_user_hidden=true&xsec_source=app_share&type=video&noteAttributes=goods&xsec_token=CB_cUZUiamwq-Uyg-2a5VsIN6oYCOJB0PMtzlw3BwYc4w=&author_share=1&xhsshare=&shareRedId=Nz9FREg4RkJKSTdHPzgyP0c8QktFNzc9&apptime=1764302702&share_id=bc15c3ea4f1c4e2a8e06fac2cfa67537&share_channel=qq,从质疑,,,自产笔记,AGX+光感白肌饮,,,
69293dd1000000001e035ef9,抗糖不抗它=白忙活！KO暗黄糙的真相在这！,https://www.xiaohongshu.com/explore/692939f3000000001e0236fe?app_platform=android&ignoreEngage=true&app_version=9.6.0&share_from_user_hidden=true&xsec_source=app_share&type=normal&noteAttributes=goods&xsec_token=CB_cUZUiamwq-Uyg-2a5VsIEYLJG2QBVgoOn6Zs-TaXVk=&author_share=1&shareRedId=Nz9FREg4RkJKSTdHPzgyP0c8QktFNzc9&apptime=1764309499&share_id=10444228afd24a6ba96cbce2bf924b83&share_channel=copy_link&appuid=59cde3b9db2e6029a99da214&xhsshare=CopyLink,白忙活,,,自产笔记,AGXI,,,
6929647b000000001f00f320,懒人抗糖真香了！从骨缝透出来的透亮感！,抗糖不抗它=白忙活！KO暗黄糙的真相在这！ - 小红书,真香了,,,自产笔记,AGXI,,,
692970b5000000001e02c0c2,30+还能气血感满满？靠的竟是它！,懒人抗糖真香了！从骨缝透出来的透亮感！ - 小红书,满满靠,,,自产笔记,小粉果,,,
692979aa000000001e02b07b,内服真的有用！素颜好皮直接吻上来！！,https://www.xiaohongshu.com/explore/692970b5000000001e02c0c2?xsec_token=AB9yxrIICF9jMTbqscdY8x0wTHO39xKxZGKqCOaMP2u0o=&xsec_source=pc_user,吻上来,,,自产笔记,塑颜饮,,,
69296ae8000000001f0065cb,给脆皮党一点点震撼！打工人进,内服真的有用！素颜好皮直接吻上来！！ - 小红书,工人进,,,自产笔记,小紫盾,,,
692ce991000000001f00a4bc,早P晚A才是K老尽头！30+姐妹锁死这个公式,给脆皮党一点点震撼！打工人进 - 小红书,老尽头,,,自产笔记,AGXI+塑颜饮,,,
692d5820000000001e024ecc,液态麦角硫因牛！建议脸垮皮松的都走走捷径,早P晚A才是K老尽头！30+姐妹锁死这个公式 - 小红书,牛建议,,,自产笔记,塑颜饮,,,
692d644c000000001f00b00d,30+素颜上到新高度??这内服有点东西！,液态麦角硫因牛！建议脸垮皮松的都走走捷径 - 小红书,高度这,,,自产笔记,塑颜饮,,,
692e6217000000001e00de17,敷完巨嫩！！熬夜脸爆改弹嫩水光肌,30+素颜上到新高度??这内服有点东西！ - 小红书,弹嫩水,,,自产笔记,粉钻面膜,,,
692e8c7b000000001e00f6ff,眼周一松老十岁？用它找回20岁的紧致眼态,敷完巨嫩！！熬夜脸爆改弹嫩水光肌 - 小红书,代斯14,,,自产笔记,金字塔眼膜,,,
692e80a4000000001d03fd2c,冬季全能战神！干纹黑眼圈肿眼泡一举拿下,眼周一松老十岁？用它找回20岁的紧致眼态 - 小红书,一举拿,,,自产笔记,冰美式眼膜,,,
692f8e9a000000001e021a3a,养雌=养情绪！拒绝内耗，做掌控心情大女主,https://www.xiaohongshu.com/explore/692e80a4000000001d03fd2c?app_platform=android&ignoreEngage=true&app_version=9.4.0&share_from_user_hidden=true&xsec_source=app_share&type=normal&noteAttributes=goods&xsec_token=CBX7ES_RNBoWVj9e6xBGL98JFBiGm-11X-ZD_24WwReso=&author_share=1&xhsshare=QQ&shareRedId=ODw3Qzo1OU42NzUyOTgwNjY6OTc4STlO&apptime=1764655278&share_id=4b633d59732b40dfb2288f0028fd826f&share_channel=qq,大女主,,,自产笔记,养雌小粉果,,,
692fad67000000001f008dec,脆皮打工人进！这才是流感季回血的神器,养雌=养情绪！拒绝内耗，做掌控心情大女主 - 小红书,工人进,,,自产笔记,小紫盾,,,
6930d9e0000000001d03d18d,无限回购眼霜！松垮细纹直接包圆解决,脆皮打工人进！这才是流感季回血的神器 - 小红书,细纹直,,,自产笔记,8D抗糖眼霜,,,
69313f23000000001e02189b,流感增免疫 我有三不要??,无限回购眼霜！松垮细纹直接包圆解决 - 小红书,三不要,,,自产笔记,小紫盾,,,
69315abb000000001e00c8ab,解锁少女感明眸，跟着蒋欣选就对了！,流感增免疫 我有三不要?? - 小红书,蒋欣22,,,自产笔记,金字塔眼膜,,,
69315fb3000000001d03edf3,破案了！这才是女明星眼周抗老的终点站！,解锁少女感明眸，跟着蒋欣选就对了！ - 小红书,蒋欣23,,,自产笔记,金字塔眼膜,,,
693238ef000000001e002957,就做这一件事！打破护肤瓶颈，get年轻肌！,https://www.xiaohongshu.com/explore/69315fb3000000001d03edf3?app_platform=android&ignoreEngage=true&app_version=9.4.0&share_from_user_hidden=true&xsec_source=app_share&type=video&noteAttributes=goods&xsec_token=CBMpeuXDB1lbOilnGBtMD8s9vrn3ivCtz5PQMm19GaWSg=&author_share=1&xhsshare=QQ&shareRedId=ODw3Qzo1OU42NzUyOTgwNjY6OTc4STlO&apptime=1764843450&share_id=65634093c24e4a3aab2f98535b30e2da&share_channel=qq,年轻肌,,,自产笔记,AGT粉钻面膜,,,
6932abfd000000001e004291,从松垮到紧致！给眼周做足“K衰普拉提”,https://www.xiaohongshu.com/explore/693238ef000000001e002957?xsec_token=AB-D45VRgkSmU4RsY7EB8QyPBl8ueIIqMGex7cnP_c5V8=&xsec_source=pc_user,普拉提,,,自产笔记,金字塔眼膜+8D抗糖眼霜,,,
6932adef000000001e034c4e,不要轻易尝试抗糖！不然皮肤会嫩到发光！,从松垮到紧致！给眼周做足“K衰普拉提” - 小红书,糖不然,,,自产笔记,AGXI,,,
6938df7f000000001e02c525,应对冷空气+流感暴击！脆皮党的福音来了,https://www.xiaohongshu.com/explore/6932adef000000001e034c4e?xsec_token=ABQL7bzSQ4p_HTawwZOm2ixadAyrs-VlRybfsTvD8QVV4=&xsec_source=pc_user,冷空气,,,自产笔记,小紫盾,,,
69390be0000000001e034e1e,邪修！液态麦角硫因的抗衰含金量还在提升,应对冷空气+流感暴击！脆皮党的福音来了 - 小红书,邪修,,,自产笔记,塑颜饮,,,
693a1624000000001e0275f5,30+抗糖不必苦苦忌嘴 美食与好状态都要！,邪修！液态麦角硫因的抗衰含金量还在提升 - 小红书,不必苦,,,自产笔记,AGXI,,,
693a2bc9000000001e03a939,无法拒绝的焕亮内服|这个新年请弯道超车！,https://www.xiaohongshu.com/explore/693a1624000000001e0275f5?xsec_token=ABv_I0dYR-HFEFEXeq8iXzizW4xAzabPaBtygXNShirAg=&xsec_source=pc_user,无法拒绝,,,自产笔记,光感白肌饮,,,
693a2ccf000000001e026848,救命！给原相机一点素颜透亮肌的震撼,无法拒绝的焕亮内服|这个新年请弯道超车！ - 小红书,救命,,,自产笔记,光感白肌饮,,,
693a84e1000000001e01544e,一份打三份工！这个面膜用完脸嫩到掐出水..,救命！给原相机一点素颜透亮肌的震撼 - 小红书,掐出水,,,自产笔记,AGT粉钻面膜,,,
693a85bb000000001e000480,垮脸又垮眼？这对新cp让你重返青春好状态!,一份打三份工！这个面膜用完脸嫩到掐出水.. - 小红书,让你重,,,自产笔记,AGT粉钻面膜+金字塔眼膜,,,
693b7001000000001e000130,拒绝眼周拖后腿！靠这一罐金字塔重回少女感,垮脸又垮眼？这对新cp让你重返青春好状态! - 小红书,拖后腿,,,自产笔记,金字塔眼膜,,,
693b867c000000001f007d11,抗老别瞎花钱！麦角硫因+PQQ+胶原蛋白是关,拒绝眼周拖后腿！靠这一罐金字塔重回少女感 - 小红书,瞎花钱,,,自产笔记,塑颜饮,,,
693babb0000000001e02d26e,透亮肌底养护法 轻松拿捏高级素颜感,https://www.xiaohongshu.com/explore/693b867c000000001f007d11?xsec_token=ABBDnFZd5I3nxlbe9sDaoVjJn3dhVxLt2eUilKFQmuQCk=&xsec_source=pc_user,素颜感,,,自产笔记,X白组合,,,
693be277000000001e039af5,抗衰界的铁三角，28+冻龄密码全靠它,https://www.xiaohongshu.com/explore/693babb0000000001e02d26e?app_platform=android&ignoreEngage=true&app_version=9.11.2&share_from_user_hidden=true&xsec_source=app_share&type=video&noteAttributes=goods&xsec_token=CBTeJlnEoFccwzul4jvM3m4vlE3OnmLclRIt-x21piBhg=&author_share=1&xhsshare=&shareRedId=Nz9FREg4RkJKSTdHPzgyP0c8QktFNzc9&apptime=1765518259&share_id=ea3fa443c1e84b02a5c832bfe9845a6d&share_channel=qq,铁三角,,,自产笔记,御三家,,,
693fd029000000001f00447a,“糖化脸”如何自救??方法用对事半功倍,抗衰界的铁三角，28+冻龄密码全靠它 - 小红书,半功倍,,,自产笔记,AGXI,,,
69420b2e000000001f0060da,抗糖做得好，脸蛋焊回年轻质感！,“糖化脸”如何自救??方法用对事半功倍 - 小红书,轻质感,,,自产笔记,AGXI,,,
69425626000000001e02b0ac,抗糖=养肤 熟龄肌算是踢到铁板了！,抗糖做得好，脸蛋焊回年轻质感！ - 小红书,铁板了,,,自产笔记,AGX抗糖饮,,,
69426863000000001f004043,教科书级抗老组合！还得是晓姿御三家！,https://www.xiaohongshu.com/explore/69425626000000001e02b0ac?app_platform=android&ignoreEngage=true&app_version=9.11.2&share_from_user_hidden=true&xsec_source=app_share&type=video&noteAttributes=goods&xsec_token=CBTu7t0H3KRB64hkDu_vYW-F0yadk4lLtL1RN0RbR0DNw=&author_share=1&xhsshare=&shareRedId=Nz9FREg4RkJKSTdHPzgyP0c8QktFNzc9&apptime=1765955115&share_id=28727d9264754868a9fd2009e5e7b46d&share_channel=qq,老组合,,,自产笔记,御三家,,,
69427d90000000001e0146e9,精准KO眼周问题，学蒋欣轻松get紧致星星眼,https://www.xiaohongshu.com/explore/69426863000000001f004043?app_platform=android&ignoreEngage=true&app_version=9.11.2&share_from_user_hidden=true&xsec_source=app_share&type=video&noteAttributes=goods&xsec_token=CBTu7t0H3KRB64hkDu_vYW-M2mCv_vTTAacrR8PN9gSEc=&author_share=1&xhsshare=&shareRedId=Nz9FREg4RkJKSTdHPzgyP0c8QktFNzc9&apptime=1765959796&share_id=f4a6919f61ec4ce592852669a91ade02&share_channel=qq,蒋欣25,,,自产笔记,金字塔眼膜,,,
69434f47000000001e0177f3,熬夜累丑垮脸必看！比粉底液更白嫩1000倍。,精准KO眼周问题，学蒋欣轻松get紧致星星眼 - 小红书,必看比,,,自产笔记,AGT粉钻面膜,,,
6943b6b1000000001e00c106,纹路松垮的“解药” 三抗开启肌肤保鲜模式,熬夜累丑垮脸必看！比粉底液更白嫩1000倍。 - 小红书,保鲜模,,,自产笔记,AGT粉钻面膜,,,
6943cbf9000000001e026f56,创飞熟龄肌松垮脸！麦角硫因谁喝谁嫩！,https://www.xiaohongshu.com/explore/6943b6b1000000001e00c106?xsec_token=ABA3y2_wZ3fNWfoK5xifT3wYrNvCYMpZdzdsQZs9-NpLk=&xsec_source=pc_user,松垮脸,,,自产笔记,塑颜饮,,,
6944f552000000001f007d6f,黄黑逆袭！内调外防教你养出「上镜冷白感」,创飞熟龄肌松垮脸！麦角硫因谁喝谁嫩！ - 小红书,不装了,,,自产笔记,防晒+白肌饮,,,
6945210a000000001e029abb,暗黄垮脸姐妹请把这套补光灯cp焊脸上！,https://www.xiaohongshu.com/explore/6944f552000000001f007d6f?xsec_token=ABeHfpplYphi9uKdeRvuGLb7Vci5T6wVad90liG51QrWM=&xsec_source=pc_user,灯焊脸,,,自产笔记,X白组合,,,
69453af9000000001f00621e,晓姿双旦直播大场！年终美丽囤货终极指南！,暗黄垮脸姐妹请把这套补光灯cp焊脸上！ - 小红书,年终美丽,,,自产笔记,活动笔记,,,
6948a0ea000000001e0011a3,和透亮肌肤双向奔赴 素颜也能发光的秘诀,https://www.xiaohongshu.com/explore/69453af9000000001f00621e?xsec_token=ABBTjk-dwp4-ZEn5tfBqZwbr-Agwsw_7lWRcT5yqQfJF0=&xsec_source=pc_user,双向奔赴,,,自产笔记,AGT粉钻面膜,,,
694a39b8000000001e0210c1,熟龄肌抗糖捷径 内服的含金量还在上升,https://www.xiaohongshu.com/explore/6948a0ea000000001e0011a3?app_platform=android&ignoreEngage=true&app_version=9.4.0&share_from_user_hidden=true&xsec_source=app_share&type=video&noteAttributes=goods&xsec_token=CBNiWlAkKJreJT8aDbxraOJpK4_8BdF76lEYbRPGMq4-k=&author_share=1&xhsshare=&shareRedId=ODw3Qzo1OU42NzUyOTgwNjY6OTc4STlO&apptime=1766367478&share_id=c0582c49b86f41198303632f57540652&share_channel=qq,在上升,,,自产笔记,AGX抗糖饮,,,
694a372c000000001e033e73,熟龄肌防老底牌：就靠这支液态「麦角硫因」,https://www.xiaohongshu.com/explore/694a39b8000000001e0210c1?app_platform=android&ignoreEngage=true&app_version=9.11.2&share_from_user_hidden=true&xsec_source=app_share&type=video&noteAttributes=goods&xsec_token=CBSC4XIJUYaashmwSPINzxquMFI1dKZnML-cYqOOLFC6w=&author_share=1&xhsshare=&shareRedId=Nz9FREg4RkJKSTdHPzgyP0c8QktFNzc9&apptime=1766472124&share_id=789f26a3756a4f67a0fee08eb7a34da2&share_channel=qq,老底牌,,,自产笔记,塑颜饮,,,
694b3c15000000001e002ff3,眼周逆龄教科书！堪比行走的“眼综合”！,https://www.xiaohongshu.com/explore/694a372c000000001e033e73?app_platform=android&ignoreEngage=true&app_version=9.11.2&share_from_user_hidden=true&xsec_source=app_share&type=video&noteAttributes=goods&xsec_token=CBSC4XIJUYaashmwSPINzxqnHmEFRY20Zn3wayzeWqj-c=&author_share=1&xhsshare=&shareRedId=Nz9FREg4RkJKSTdHPzgyP0c8QktFNzc9&apptime=1766471478&share_id=144bc45359c1457eb07d5e756068deb2&share_channel=qq,教科书,,,自产笔记,4D眼膜+抗糖眼霜,,,
694b6652000000001e00d46a,别乱买！28+抗老跟着晓姿清单闭眼入,https://www.xiaohongshu.com/explore/694b3c15000000001e002ff3?xsec_token=ABbnRK7m8z3WDhdoHHkBnwf2R30qWMAlvOMbOBDs_ByQw=&xsec_source=pc_user,单闭眼,,,自产笔记,美护合集,,,
694b833a000000001e028ab0,不踩雷！晓姿热门内服一篇讲清怎么选,https://www.xiaohongshu.com/explore/694b6652000000001e00d46a?app_platform=android&ignoreEngage=true&app_version=9.4.0&share_from_user_hidden=true&xsec_source=app_share&type=normal&noteAttributes=goods&xsec_token=CBJ_3Jq8fLZKnjhiBw8aQgMWn0ZmBW-cHGRjDEVdVgi2E=&author_share=1&xhsshare=&shareRedId=ODw3Qzo1OU42NzUyOTgwNjY6OTc4STlO&apptime=1766549100&share_id=8433817c778c4a428593c1bef406f811&share_channel=qq,不踩雷,,,自产笔记,口服合集,,,
694ba0b5000000001e0070c8,28+抗老破局！这套CP把垮脸拉回紧致线,不踩雷！晓姿热门内服一篇讲清怎么选 - 小红书,老破局,,,自产笔记,AGT粉钻cp,,,
694ba43b000000001e013242,30+告别眼周干垮纹！补促锁三步嫩回少女眼,28+抗老破局！这套CP把垮脸拉回紧致线 - 小红书,告别眼,,,自产笔记,抗糖眼霜,,,
694bbb5b000000001e0263a7,松垮脸抗糖做得好，真比同龄人嫩的早！,30+告别眼周干垮纹！补促锁三步嫩回少女眼 - 小红书,嫩的早,,,自产笔记,AGX抗糖饮,,,
694c9e43000000001f00c190,一天一支的后果就是 过年前让冷皮照进现实,https://www.xiaohongshu.com/explore/694bbb5b000000001e0263a7?xsec_token=ABkmTGHoNDz4bnNIx2KJBx-vy1Nvrqjmavrk3FkbEsiXY=&xsec_source=pc_user,冷皮照,,,自产笔记,白肌饮,,,
694c9f26000000001e02e372,高回报内服 肌肤无龄感的秘诀就在他们身上,一天一支的后果就是 过年前让冷皮照进现实 - 小红书,他们身,,,自产笔记,御三家,,,
694ca0bc000000001e0240f5,护肤救不了的暗黄垮脸，被这对CP救回了,高回报内服 肌肤无龄感的秘诀就在他们身上 - 小红书,救回了,,,自产笔记,AGXI+塑颜饮,,,
694cd32e000000001e00d741,贵妇同款邪修抗老！素颜有种从没吃过苦的美,护肤救不了的暗黄垮脸，被这对CP救回了 - 小红书,修抗老,,,自产笔记,AGT粉钻面膜,,,
694d09e9000000001e031fb2,砸了上万护肤品，最后竟被这组内服救了…,https://www.xiaohongshu.com/explore/694cd32e000000001e00d741?xsec_token=AB-cc7KSZAGfUmLblemiph4bUGz8vFjdl9TkugUX4HsuQ=&xsec_source=pc_user,内服救,,,自产笔记,X白组合,,,
694dfe74000000001e022117,K老邪修！这瓶 “轮廓精修饮” 把P图会员省了,https://www.xiaohongshu.com/explore/694d09e9000000001e031fb2?app_platform=android&ignoreEngage=true&app_version=9.13.1&share_from_user_hidden=true&xsec_source=app_share&type=video&noteAttributes=goods&xsec_token=CBUNaa2ys3qZ4hQ_uDGkVY3YLPBseOHUgAeXxV5lw2Tq4=&author_share=1&xhsshare=&shareRedId=Nz9FREg4RkJKSTdHPzgyP0c8QktFNzc9&apptime=1766656641&share_id=3b16195843784c15a9ca63897d1247c4&share_channel=qq,会员省,,,自产笔记,塑颜饮,,,
"694e058a000000001e0300db
新ID：695a07c7000000001e02ea49",花期续费密码？靠塑颜饮美的就是这么轻松！,https://www.xiaohongshu.com/explore/694dfe74000000001e022117?xsec_token=ABYZA7h2q41T-vqz9StrTFGb0jx1ed02PLOIoWRkMEUUE=&xsec_source=pc_user,密码靠,,,自产笔记,塑颜饮,,,
694e525d000000001f0050fa,从脆皮到高能量铁人，职场人只需做对这一件,https://www.xiaohongshu.com/explore/695a07c7000000001e02ea49?xsec_token=ABjjTbYnn88OcyyVOQ9kND7f3xLx4ieUokGd5UR8xid68=&xsec_source=pc_user,这一件,,,自产笔记,小紫盾,,,
6951eb56000000001e0207b4,晓姿热门内服大揭秘 精准拿捏原生少女感！,https://www.xiaohongshu.com/explore/694e525d000000001f0050fa?app_platform=android&ignoreEngage=true&app_version=9.13.1&share_from_user_hidden=true&xsec_source=app_share&type=video&noteAttributes=goods&xsec_token=CB6CrEeIWpqFDMWRKoe3qL6oeZxuihGtNKSd_j4uBZBjo=&author_share=1&xhsshare=&shareRedId=Nz9FREg4RkJKSTdHPzgyP0c8QktFNzc9&apptime=1766740583&share_id=8c3c3661bb4c4e04ac8ba80dc6284a6a&share_channel=qq,大揭秘,,,自产笔记,口服合集,,,
69524d1e000000001e000225,秋冬防晒底妆CP 分分钟get伪素颜,https://www.xiaohongshu.com/explore/6951eb56000000001e0207b4?xsec_token=ABTYwNyKIt5ag69xBAWhzIoTcnqc3NZVTYuv9KW_XtTD0=&xsec_source=pc_user,伪素颜,,,自产笔记,抗糖防晒,,,
695254e9000000001e017683,错过哭晕！晓姿低价囤全年，迎接过年好状态,秋冬防晒底妆CP 分分钟get伪素颜 - 小红书,囤全年,,,自产笔记,活动笔记,,,
69539e22000000001f00efee,素颜贵气感思路 抗糖才是终极玩法！,错过哭晕！晓姿低价囤全年，迎接过年好状态 - 小红书,感思路,,,自产笔记,AGX抗糖饮,,,
6954b9de000000001f00619d,内服K衰的终点：就在这支液态麦角硫因,https://www.xiaohongshu.com/explore/69539e22000000001f00efee?xsec_token=ABz2oZ7sdpfY-AxkRCHDSla0M5dk2W27XSKKSEJLTp-gs=&xsec_source=pc_user,终点就,,,自产笔记,塑颜饮,,,
6954c46f000000001e02389a,麦角硫因+三相抗糖 早晚接力喝出素颜底气,内服K衰的终点：就在这支液态麦角硫因 - 小红书,颜底气,,,自产笔记,AGXI+塑颜饮,,,
6954c5a6000000001f0067f7,30+抗老需要组合拳！御三家逆龄守护,https://www.xiaohongshu.com/explore/6954c46f000000001e02389a?xsec_token=ABS5YLZZvWCutpCrxiUZlx15o_-c29SpRBkN6NYobLrJM=&xsec_source=pc_user,三家逆,,,自产笔记,御三家,,,
6954ccef000000001e012751,抗老护肤别乱买！28+紧致嫩脸选晓姿爆款cp,30+抗老需要组合拳！御三家逆龄守护 - 小红书,别乱买,,,自产笔记,AGT精华+面膜,,,
6954cccc000000001e025635,黄气退散！内调养出的贵气感才是真顶奢,抗老护肤别乱买！28+紧致嫩脸选晓姿爆款cp - 小红书,真顶奢,,,自产笔记,白肌饮,,,
6954ea5c000000001e006679,别让眼周老态毁新年，用它状态远超同龄人！,https://www.xiaohongshu.com/explore/6954cccc000000001e025635?app_platform=android&ignoreEngage=true&app_version=9.13.1&share_from_user_hidden=true&xsec_source=app_share&type=video&noteAttributes=goods&xsec_token=CBvyILUPCTNveBhkiLfvzXmCrWp684tNZsI-XRe9sV-q0=&author_share=1&xhsshare=&shareRedId=Nz9FREg4RkJKSTdHPzgyP0c8QktFNzc9&apptime=1767165138&share_id=04848ef18f494ac084e88c355ada7ac6&share_channel=qq,新年用,,,自产笔记,抗糖眼霜,,,
6954f034000000001d03eea6,30 + 不跑院！面膜敷出 “嘭弹脸”！,别让眼周老态毁新年，用它状态远超同龄人！ - 小红书,面膜敷出,,,自产笔记,AGT粉钻面膜,,,
6959e1cb000000001e0043c8,用了眼霜还长纹??那是你没遇见它！！！,30 + 不跑院！面膜敷出 “嘭弹脸”！ - 小红书,还长纹,,,自产笔记,金字塔眼膜,,,
695a2638000000001e02e1c2,30+的皮肤续航力?补光灯CP轻松拿下！,用了眼霜还长纹??那是你没遇见它！！！ - 小红书,续航力,,,自产笔记,X白组合,,,
695c6090000000000a028f71,一盒精准KO眼周松垮干纹问题！养出星星眼,https://www.xiaohongshu.com/explore/695a2638000000001e02e1c2?xsec_token=ABOtgZXTx08-FvAFTx1CtKpm8tQVtl9BBkCoFSxkQtRVo=&xsec_source=pc_user,一盒准,,,自产笔记,金字塔眼膜,,,
695f14e1000000001a02f0a7,年底变美冲刺从抗糖开始！新年惊艳所有人！,一盒精准KO眼周松垮干纹问题！养出星星眼 - 小红书,年底变美,,,自产笔记,AGX抗糖饮,,,
695f4517000000000e00e565,年前颜值提速buff！从??到??光速养成,https://www.xiaohongshu.com/explore/695f14e1000000001a02f0a7?xsec_token=AB6SZrjAI-V-yeQnTSeMuD7r5y1spGCkPeNV6PxNW8txs=&xsec_source=pc_user,光速养成,,,自产笔记,白肌饮,,,
69605145000000000a029065,30+抗老先护眼！眼周变嫩的小捷径,https://www.xiaohongshu.com/explore/695f4517000000000e00e565?xsec_token=ABFgQ8aElX97MiPxY2cgFQw6mA8xu6i2garT5m3zdg_Cw=&xsec_source=pc_user,小捷径,,,自产笔记,金字塔眼膜,,,
696057d7000000000d00b67f,口服液态麦角硫因 给抗老来点真实力！,30+抗老先护眼！眼周变嫩的小捷径 - 小红书,真实力,,,自产笔记,塑颜饮,,,
69606b0b000000001a03095b,30+带娃渡劫流感！博士奶爸亲测免疫好物,https://www.xiaohongshu.com/explore/696057d7000000000d00b67f?xsec_token=ABxrkx-0SEgUy6u4M-N8dJ7DlUrYK9ETAQJ34TeCfdpgY=&xsec_source=pc_user,渡劫流,,,自产笔记,小紫盾,,,
69606f69000000000b01070c,1k+眼霜从此打入冷宫！这罐金字塔太有实力,30+带娃渡劫流感！博士奶爸亲测免疫好物 - 小红书,从此打,,,自产笔记,金字塔眼膜,,,
6960ad10000000001a027f26,一天一支喝出紧致细腻！30+素颜也敢怼镜拍,1k+眼霜从此打入冷宫！这罐金字塔太有实力 - 小红书,也敢怼,,,自产笔记,塑颜饮,,,
6960c58f000000001a037d8f,熟龄肌的逆龄小心机：全靠内服续花期,一天一支喝出紧致细腻！30+素颜也敢怼镜拍 - 小红书,续花期,,,自产笔记,口服合集,,,
6960ca13000000000e03e15a,30+职场妈妈续航密码！好身体+好睡眠是底气,https://www.xiaohongshu.com/explore/6960c58f000000001a037d8f?xsec_token=ABxrkx-0SEgUy6u4M-N8dJ7MyMFRLUQuambNpqFbamGNg=&xsec_source=pc_user,续航密码,,,自产笔记,小紫盾,,,
6960d313000000001a02483c,内服cp锁亖这俩！直接盘活熬夜蜡黄脸！,https://www.xiaohongshu.com/explore/6960ca13000000000e03e15a?xsec_token=AB5UID9XztrpY5edVVb7o2oIUtnFNLcOzbtiCggcpUuPo=&xsec_source=pc_user,直接盘,,,自产笔记,X白组合,,,
6960d26d000000001a035d41,30+有点小钱的老己，这才是内服的高端玩家,内服cp锁亖这俩！直接盘活熬夜蜡黄脸！ - 小红书,有点小,,,自产笔记,X白组合,,,
6960d1c0000000000e03da57,少女感好气色已定型！还得是内服调养！,30+有点小钱的老己，这才是内服的高端玩家 - 小红书,已定型,,,自产笔记,X白组合,,,
6960d116000000001a01e630,补光灯CP 秋冬弯道超车的内服抗衰搭子,少女感好气色已定型！还得是内服调养！ - 小红书,抗衰搭子,,,自产笔记,X白组合,,,
6960d025000000001a02f70a,晓姿补光灯CP 明星贵妇都在偷喝的透亮神器,补光灯CP 秋冬弯道超车的内服抗衰搭子 - 小红书,透亮神器,,,自产笔记,X白组合,,,
696496cd000000000a02e310,熟龄肌抗老标准答案！三抗合一真的牛！,晓姿补光灯CP 明星贵妇都在偷喝的透亮神器 - 小红书,真的牛,,,自产笔记,AGT粉钻面膜,,,
696497ff000000001a0248c5,一步快速变美！过年逆袭妈生好皮惊艳众人,https://www.xiaohongshu.com/explore/696496cd000000000a02e310?xsec_token=AB1XNKH1PRyrxAiRV2bDqWqe8_iSIx6AsK0DiRjaCSZ6o=&xsec_source=pc_user,惊艳众人,,,自产笔记,AGX抗糖饮,,,
6965b3f7000000000e00c5f3,30+抗老新思路??分层狙击松弛与暗黄,一步快速变美！过年逆袭妈生好皮惊艳众人 - 小红书,分层狙击,,,自产笔记,AGXI+塑颜饮,,,
6965ab4f000000001a025fb8,比do脸稳，比护肤品深！解锁少女感新招数,30+抗老新思路??分层狙击松弛与暗黄 - 小红书,解锁少女,,,自产笔记,AGXI+塑颜饮,,,
6966f741000000000a0332a2,最近皮肤嫩到爆的秘?秘诀...贵妇面膜体验,https://www.xiaohongshu.com/explore/6965ab4f000000001a025fb8?app_platform=android&ignoreEngage=true&app_version=9.16.0&share_from_user_hidden=true&xsec_source=app_share&type=video&noteAttributes=goods&xsec_token=CBooL_YMmVBG_BNOTHv6cgkUO5cBH84F69FXDncVzDatc=&author_share=1&xhsshare=&shareRedId=Nz9FREg4RkJKSTdHPzgyP0c8QktFNzc9&apptime=1768270680&share_id=be6ed631299b4062a7621bda76b47255&share_channel=qq,爆的秘,,,自产笔记,AGT粉钻面膜,,,
69672bf7000000000903883a,贵妇级嫩眼术！眼周糖化才是显老元凶,最近皮肤嫩到爆的秘?秘诀...贵妇面膜体验 - 小红书,嫩眼术,,,自产笔记,抗糖眼霜,,,
69676296000000000c036567,眼周老态显龄？这组CP精准K衰锁住少女眼,https://www.xiaohongshu.com/explore/69672bf7000000000903883a?app_platform=android&ignoreEngage=true&app_version=9.15.0&share_from_user_hidden=true&xsec_source=app_share&type=video&noteAttributes=goods&xsec_token=CBW0NofjWMPX1qI_7K6bEJ3atimTouhEV1aWqrfKZvbIc=&author_share=1&xhsshare=&shareRedId=ODw3Qzo1OU42NzUyOTgwNjY6OTc4STlO&apptime=1768369148&share_id=37344d4b52b04159a7d5adc47bfb7149&share_channel=qq,眼周老,,,自产笔记,眼部横测,,,
696761ea000000001a022cc6,30+美肌内调公式 抗糖和白肌让年轻不止亿步,眼周老态显龄？这组CP精准K衰锁住少女眼 - 小红书,内调公式,,,自产笔记,X白组合,,,
69689b4d000000000d00ae68,暗沉不均全拜拜！内服断黑养出雪肌美人,https://www.xiaohongshu.com/explore/696761ea000000001a022cc6?xsec_token=AB-F0AZXcC-czUAS6sk9ueML62qfg2v6VoUPlSUODvOL8=&xsec_source=pc_user,雪肌美人,,,自产笔记,白肌饮,,,
6968c035000000000c0372a6,砸锅卖铁也要回购的抗老精华！,暗沉不均全拜拜！内服断黑养出雪肌美人 - 小红书,抗老精华,,,自产笔记,粉钻精华,,,
6969b366000000000e03ee30,年前突击变美！全靠三剑客养出细嫩好状态,https://www.xiaohongshu.com/explore/6968c035000000000c0372a6?xsec_token=ABv89yszHyuaaXSBclH1lj9RIjjyYu1P9wP579X2-gDoo=&xsec_source=pc_user,剑客养出,,,自产笔记,御三家,,,
6969d0a3000000000e00ec76,衰老怕的从来不是年龄 而是“内里塌了”,年前突击变美！全靠三剑客养出细嫩好状态 - 小红书,内里塌,,,自产笔记,塑颜饮,,,
6969f257000000000e00fe9a,从“糖化脸”到“灯泡肌”，只用做这一件事,https://www.xiaohongshu.com/explore/6969d0a3000000000e00ec76?xsec_token=ABU4zu-PZRYJgSJ2UT1py4kXsDTljEUe0CXchLjjeGE04=&xsec_source=pc_user,这一件事,,,自产笔记,AGXI,,,
696a05e7000000001a02d926,开始早补麦角硫因+晚抗糖后脸算是嫩到头了,从“糖化脸”到“灯泡肌”，只用做这一件事 - 小红书,算是嫩,,,自产笔记,AGXI+塑颜饮,,,
696a0fd9000000001a031c73,一篇教会！年末弯道超车的内服变美新思路 - 小红书,开始早补麦角硫因+晚抗糖后脸算是嫩到头了 - 小红书,教会年末,,,自产笔记,口服合集,,,
69698cc5000000000a0303bd,抗老淡纹高端局...邪修眼膜是真有实力??,一篇教会！年末弯道超车的内服变美新思路 - 小红书,有实力,,,自产笔记,金字塔眼膜,,,
697099fb000000000a03e4ba,去黄提亮天花板！一键开启老己建模脸蛋,抗老淡纹高端局...邪修眼膜是真有实力?? - 小红书,建模脸,,,自产笔记,粉钻面膜,,,
6970986b000000001a02019b,备婚冲刺！爱你老己！素颜嫩到发光,去黄提亮天花板！一键开启老己建模脸蛋 - 小红书,备婚冲刺,,,自产笔记,AGX抗糖饮,,,
6970a022000000001a0238f0,抗老还在靠P图？这支三合一还是太夯了,备婚冲刺！爱你老己！素颜嫩到发光 - 小红书,太夯了,,,自产笔记,塑颜饮,,,
69717275000000001a029e51,糖化脸？不知道，但我的皮肤很曼妙！！,抗老还在靠P图？这支三合一还是太夯了 - 小红书,很曼妙,,,自产笔记,AGX抗糖饮,,,
69717446000000000d00855b,距离过年不到一个月！你白到什么程度了？,https://www.xiaohongshu.com/explore/69717275000000001a029e51?xsec_token=ABMqRdaT5ZRcmTN79YpHLNUbN3ESM7ZC90YXcKHMkmjy0=&xsec_source=pc_user,什么程,,,自产笔记,白肌饮,,,
69718c7d000000001a02604e,30+保养双buff！早紧晚抗养出嘭弹少女肌,https://www.xiaohongshu.com/explore/69717446000000000d00855b?xsec_token=AB9njPFhs0IA-9Dl1rqQRj2znqQmNgYYVEC_lw3SfYAL4=&xsec_source=pc_user,保养双,,,自产笔记,AGXI+塑颜饮,,,
6971dd19000000001a02eb48,30+拒绝发腮垮脸！get紧致小V脸喝它！, https://www.xiaohongshu.com/discovery/item/69718c7d000000001a02604e?source=webshare&xhsshare=pc_web&xsec_token=ABR3fU0EsLkBD4kV5YPW6BUoah39heis1cu4XXlxzUvVE=&xsec_source=pc_share,拒绝发腮,,,自产笔记,塑颜饮,,,
6971dfce000000000a030ebf,眼周松垮显老？用它轻松熨平岁月痕迹,30+拒绝发腮垮脸！get紧致小V脸喝它！ - 小红书,月痕迹,,,自产笔记,金字塔眼膜,,,
6971e9990000000009038a6e,熟龄肌「撑脸」王炸！让肌肤喝饱年轻能量,眼周松垮显老？用它轻松熨平岁月痕迹 - 小红书,年轻能,,,自产笔记,粉钻面膜,,,
6972e692000000000903b646,30+抗衰还在只卷脸蛋？眼周才是颜值地基！,https://www.xiaohongshu.com/explore/6971e9990000000009038a6e?xsec_token=AB04RztnH_cwHnh1Y3dV0tsF-j9x-i9nSdZ7x6nUuL5SQ=&xsec_source=pc_user,卷脸蛋,,,自产笔记,金字塔眼膜,,,
697312bf000000001a034b74,精准狙杀复合老态，一套重现：亮！嫩！紧！,30+抗衰还在只卷脸蛋？眼周才是颜值地基！ - 小红书,复合老态,,,自产笔记,御三家,,,
6973103b000000000e03f349,婚前变美计划！就差这组补光灯cp！,https://www.xiaohongshu.com/explore/697312bf000000001a034b74?app_platform=android&ignoreEngage=true&app_version=9.16.0&share_from_user_hidden=true&xsec_source=app_share&type=video&noteAttributes=goods&xsec_token=CBg-yIGJ8eCUpN4Bp2VRGPFY_i4Hx6nq7gCa94Lh6MJKg=&author_share=1&xhsshare=&shareRedId=Nz9FREg4RkJKSTdHPzgyP0c8QktFNzc9&apptime=1769149131&share_id=63f57a8d65a847ee9bfbe571a3f84574&share_channel=qq,变美计划,,,自产笔记,X白组合,,,
697337f3000000000e00f671,如何快速提升免疫力秘?！有了它事半功倍,https://www.xiaohongshu.com/explore/6973103b000000000e03f349?xsec_token=AB51XvdL5vNNBrbUhEi95JcOLiRd_1zBTObGQ9gHhAkF8=&xsec_source=pc_user,它事半,,,自产笔记,小紫盾,,,
6973386e000000001a035faa,春节变美别瞎忙??悄悄养出“灯泡肌”,如何快速提升免疫力秘?！有了它事半功倍 - 小红书,悄悄养,,,自产笔记,AGXI,,,
697339a8000000001a01f358,抗暗沉保卫战！30+透亮秘籍在这里,春节变美别瞎忙??悄悄养出“灯泡肌” - 小红书,保卫战,,,自产笔记,白肌饮,,,
697851a4000000001a0215c0,黛玉体质自救指南 免疫力up的硬核武器！,抗暗沉保卫战！30+透亮秘籍在这里 - 小红书,核武器,,,自产笔记,小紫盾,,,
6979597f000000000e03c61a,抗糖是不是智商税？几月后皮肤的差距见分晓,https://www.xiaohongshu.com/explore/697851a4000000001a0215c0?xsec_token=ABSTSbJWXY9nWvk9M6t63kGeJvKJ2GR5ax2F1zXiBCZEo=&xsec_source=pc_user,见分晓,,,自产笔记,AGXI,,,
6979663a000000001a0319ee,找准抗老底层逻辑！紧致骨相养出来,https://www.xiaohongshu.com/explore/6979597f000000000e03c61a?xsec_token=AB1-ckW-uU8vA2hl3cKf7zxjCWQAvru1WxtkiEGxXwxww=&xsec_source=pc_user,逻辑紧,,,自产笔记,塑颜饮,,,
6979788c000000000e00ce74,护肤的尽头是口服 抗糖到位脸蛋透亮细嫩,找准抗老底层逻辑！紧致骨相养出来 - 小红书,口服抗,,,自产笔记,AGXI,,,
6979bbe6000000000a03cb8c,一篇搞定抗老难题！晓姿让你稳驻年轻状态,护肤的尽头是口服 抗糖到位脸蛋透亮细嫩 - 小红书,搞定抗老,,,自产笔记,美护合集,,,
6969e2d8000000000b011862,30+眼部抗老！让眼神比年龄更带电的秘密,一篇搞定抗老难题！晓姿让你稳驻年轻状态 - 小红书,更带电,,,自产笔记,金字塔眼膜,,,
697ac03f000000000a02ee36,满30-10岁？原来是跳出了这个抗老误区！,30+眼部抗老！让眼神比年龄更带电的秘密 - 小红书,跳出了,,,自产笔记,AGT粉钻cp,,,
697b112e000000001a02b1bf,年前变美冲刺倒计时！全身状态管理看这篇,https://www.xiaohongshu.com/explore/697ac03f000000000a02ee36?xsec_token=AB5_aEKK6q6QZNoxM4o3B14RVs8wzbw74xH2_RCvytQZA=&xsec_source=pc_user,冲刺倒计,,,自产笔记,口服合集,,,
697b1206000000001a02f5b4,随橙想呢！这反耳给了老己的脸蛋很多透亮,年前变美冲刺倒计时！全身状态管理看这篇 - 小红书,随橙想,,,自产笔记,AGX抗糖饮,,,
697b1ff1000000001a036009,30岁颜值一定下坡？靠内调稳住好状态！,随橙想呢！这反耳给了老己的脸蛋很多透亮 - 小红书,定下坡,,,自产笔记,AGXI+塑颜饮,,,
697c0b3d000000001a0237ec,30+姐姐别傻了！抗老该换内服战场了！,30岁颜值一定下坡？靠内调稳住好状态！ - 小红书,别傻了,,,自产笔记,X白组合,,,
697c0d3a000000000a032694,跟风王灿兮入的晓姿眼膜，眼纹真的淡了！,https://www.xiaohongshu.com/explore/697c0b3d000000001a0237ec?xsec_token=ABOD7SWzxaTdyFUt_sL1TsR2vz4eeoheFyIs_rf6_cqPE=&xsec_source=pc_user,王灿兮1,,,自产笔记,金字塔眼膜,,,
697c444a000000002802347b,30+新年逆袭上镜脸，清透+焕亮全拿下！,77 【跟风王灿兮入的晓姿眼膜，眼纹真的淡了！ - 晓姿AXXZIA | 小红书 - 你的生活兴趣社区】 ?? EI4iQMxLMht0bTZ ?? https://www.xiaohongshu.com/discovery/item/697c0d3a000000000a032694?source=webshare&xhsshare=pc_web&xsec_token=ABezPeJsgYqyet6dIw2PT2SWsL5nXUb0Yp3VIuJhkvjZ0=&xsec_source=pc_share,逆袭上镜,,,自产笔记,AGXI+光感白肌饮,,,
697c71fb000000002801fa0c,脸嫩疯了！抗老算是被晓姿玩明白了！,30+新年逆袭上镜脸，清透+焕亮全拿下！ - 小红书,玩明白,,,自产笔记,御三家,,,
697c72ee000000000a0286b1,王灿同款贵妇眼膜！眼周问题终结者,https://www.xiaohongshu.com/explore/697c71fb000000002801fa0c?xsec_token=ABOD7SWzxaTdyFUt_sL1TsR5c0TZKBRp4WxTDzcOaGk8g=&xsec_source=pc_user,王灿兮2,,,自产笔记,金字塔眼膜,,,
697ff249000000000b0119ee,懂行的都在囤！眼纹、松垮、黑眼圈out！,王灿同款贵妇眼膜！眼周问题终结者 - 小红书,黑眼圈,,,自产笔记,金字塔眼膜,,,
697ffdc1000000000e00cf26,麦角硫因抗衰太夸张！30+不靠Y美也能逆袭！,https://www.xiaohongshu.com/explore/697ff249000000000b0119ee?xsec_token=ABypJ3HM6d3ztKHDy6_ERf1MpHGH6o7EU2nbuvgSfVQ8A=&xsec_source=pc_user,抗衰太,,,自产笔记,塑颜饮,,,
6980440a000000000a02a845,恭喜中奖啦！晓姿贵妇面膜免费送！,https://www.xiaohongshu.com/explore/697ffdc1000000000e00cf26?xsec_token=ABjmx3XHA-8sJ8Ord28YxLNyEgV3mCitMThWIHO0I4wco=&xsec_source=pc_user,,,,自产笔记,绷带面膜,,,
6980561e000000000a031854,30+垮脸救星！麦角硫因打赢轮廓保卫战,恭喜中奖啦！晓姿贵妇面膜免费送！ - 小红书,保卫战,,,自产笔记,塑颜饮,,,
69807001000000001a0305fb,30+分层抗衰更高效！御三家给你素颜抗打底, https://www.xiaohongshu.com/discovery/item/6980561e000000000a031854?source=webshare&xhsshare=pc_web&xsec_token=ABtd246WgVftyk_YPwbuJfowmcXGCyezaDAQFmBVWxwV4=&xsec_source=pc_share,更有效,,,自产笔记,御三家,,,
6980720e000000001a020ff9,30+素颜敢原相机的秘密 竟是麦角硫因+抗糖,30+分层抗衰更高效！御三家给你素颜抗打底 - 小红书,机的秘,,,自产笔记,AGXI+塑颜饮,,,
698172d1000000002801e246,想年轻，怎么能少了抗糖！！,30+素颜敢原相机的秘密 竟是麦角硫因+抗糖 - 小红书,年轻怎,,,自产笔记,AGX抗糖饮,,,
6982ae33000000001a02f73c,黄金抗糖焕亮CP，一组实现美丽开挂??,想年轻，怎么能少了抗糖！！ - 小红书,美丽开挂,,,自产笔记,AGXI+光感白肌饮,,,
6982afc7000000002801ed6d,接住这波“马上”好运?从脸开始发光,黄金抗糖焕亮CP，一组实现美丽开挂?? - 小红书,开始发,,,自产笔记,AGXI,,,
6983f5de000000001a02c60a,熟龄肌傻瓜式内调 | 轻松美回18岁,接住这波“马上”好运?从脸开始发光 - 小红书,瓜式内调,,,自产笔记,御三家,,,
698461d0000000000e03d03c,打破内调无用僵局！分层抗衰紧致少女肌！, https://www.xiaohongshu.com/discovery/item/6983f5de000000001a02c60a?source=webshare&xhsshare=pc_web&xsec_token=ABDisbceqb3fPe4VhA95lPwqKPKslKdiB7AA9KCBWSuzQ=&xsec_source=pc_share,无用僵局,,,自产笔记,御三家,,,
6985358b000000000c03697e,美到开窍！解决细纹干纹跟着王灿兮用就对了,https://www.xiaohongshu.com/explore/698461d0000000000e03d03c?xsec_token=AB8Tb0OsWFp69_AvCsBqo1huh4tcs9QkgCZt6JBNsnx44=&xsec_source=pc_user,王灿兮3,,,自产笔记,金字塔眼膜,,,
698540d90000000028023f1f,当妈妈≠放弃美丽！不要蜡黄，要：自带光芒,美到开窍！解决细纹干纹跟着王灿兮用就对了 - 小红书,放弃美丽,,,自产笔记,光感白肌饮,,,
69854bfa000000000a02be1c,艺人的嘴可真严！这么好用的眼膜一句不提,https://www.xiaohongshu.com/explore/698540d90000000028023f1f?app_platform=android&ignoreEngage=true&app_version=9.16.0&share_from_user_hidden=true&xsec_source=app_share&type=video&noteAttributes=goods&xsec_token=CBDC2-TF9d_UxFas4XeSJXd1364fq00teHw42pppuFDk0=&author_share=1&back_chain_id=goods_video_share&xhsshare=&shareRedId=Nz9FREg4RkJKSTdHPzgyP0c8QktFNzc9&apptime=1770340588&share_id=2939d38e6b8542fa9a0cbbc9342d2ac9&share_channel=qq,王灿兮4,,,自产笔记,金字塔眼膜,,,
6985aade0000000009038d6e,这面膜抗老简直是以一敌三的存在！,https://www.xiaohongshu.com/explore/69854bfa000000000a02be1c?xsec_token=AB52Dsmy6_V_R06WcLFLsZj6mkem89iaC7mxlCay7QsAo=&xsec_source=pc_user,一敌三,,,自产笔记,粉钻面膜,,,
6985b07b0000000028009a10,邪修抗老就是快??皮肤嫩亮到起飞！,https://www.xiaohongshu.com/explore/6985aade0000000009038d6e?xsec_token=AB52Dsmy6_V_R06WcLFLsZj8Ej4xV9bZ1ljAVRdPMwlLs=&xsec_source=pc_user,就是快,,,自产笔记,AGXI+塑颜饮,,,
6985b5cc000000000b0117f8,30 +有娃还能眼周无纹？王灿同款眼膜太会了,邪修抗老就是快??皮肤嫩亮到起飞！ - 小红书,王灿兮5,,,自产笔记,金字塔眼膜,,,
6985b9cf000000000a02cdf7,熟龄肌抗老|三抗锁龄 开启肌肤年轻态,30 +有娃还能眼周无纹？王灿同款眼膜太会了 - 小红书,锁龄开,,,自产笔记,AGT粉钻面膜,,,
698948ec000000000d00acfb,内服版轮廓普拉提 喝出紧致小v脸,熟龄肌抗老|三抗锁龄 开启肌肤年轻态 - 小红书,内服版,,,自产笔记,塑颜饮,,,
69894be4000000001a034385,30+轮廓重塑术 从内源定格年轻线,https://www.xiaohongshu.com/explore/698948ec000000000d00acfb?xsec_token=AB6PbkwVI52ZdeA4yqHai73SQ8uD5yWAP-XKSiySEaXBQ=&xsec_source=pc_user,年轻线,,,自产笔记,塑颜饮,,,
69899df9000000001a024e92,告别“小病猫”轻轻松松提升宝宝免疫力,https://www.xiaohongshu.com/explore/69894be4000000001a034385?xsec_token=AB6PbkwVI52ZdeA4yqHai73UJIzaTBOP-TRDv7d8bM1Vw=&xsec_source=pc_user,升宝宝,,,自产笔记,小紫盾,,,
698a7fe0000000001a037fc9,28+能稳住肌龄 靠的是晓姿补光灯内服！,告别“小病猫”轻轻松松提升宝宝免疫力 - 小红书,靠的是,,,自产笔记,AGXI+光感白肌饮,,,
698aa4dc000000001a01d0fb,抗衰邪修太权威！！嘭弹感真的回来了！！,https://www.xiaohongshu.com/explore/698a7fe0000000001a037fc9?xsec_token=ABbofPOmXLgmbszl7iAr_x9bq66FXvD5Uc7sJ7-42rCLc=&xsec_source=pc_user,太权威,,,自产笔记,塑颜饮,,,
698ae279000000000e00c1a0,当妈妈≠放弃美丽！不要蜡黄，要：自带光芒,抗衰邪修太权威！！嘭弹感真的回来了！！ - 小红书,自带光芒,,,自产笔记,光感白肌饮,,,
698ae6dd0000000028022910,内服抗糖认准它！黄垮脸喝回透亮婴儿肌,https://www.xiaohongshu.com/explore/698ae279000000000e00c1a0?app_platform=android&ignoreEngage=true&app_version=9.16.0&share_from_user_hidden=true&xsec_source=app_share&type=video&noteAttributes=goods&xsec_token=CBna1uuIJGHZlSOJhjbtKuD-e3GrnilV8FUlbX3d_J7XI=&author_share=1&back_chain_id=goods_video_share&xhsshare=&shareRedId=Nz9FREg4RkJKSTdHPzgyP0c8QktFNzc9&apptime=1770709631&share_id=1bbe7254720643f69fbcfce13480d309&share_channel=qq,婴儿肌,,,自产笔记,AGXI抗糖饮,,,
698aea5b00000000280239d8,看不出年龄的秘密武器！就靠这一招,内服抗糖认准它！黄垮脸喝回透亮婴儿肌 - 小红书,这一招,,,自产笔记,AGXI抗糖饮,,,
698be439000000002801c534,糖化黄垮脸有救了！透亮细腻不止亿步！,看不出年龄的秘密武器！就靠这一招 - 小红书,不止亿步,,,自产笔记,AGX抗糖饮,,,
698bedac000000000a02d58a,美妆博主梳妆台的常驻CP！锁死！,https://www.xiaohongshu.com/explore/698be439000000002801c534?xsec_token=AB243-eK0n_6AE5_DHA4eHPGkCt7dkXHuZyvYqDjJM9LE=&xsec_source=pc_user,梳妆台,,,自产笔记,抗糖防晒+冰美式眼膜,,,
698becfe000000001a02ade4,垮脸暗沉双重暴击？双管齐下终结黄垮危肌！,美妆博主梳妆台的常驻CP！锁死！ - 小红书,双重暴击,,,自产笔记,AGXI+塑颜饮,,,
698bfb64000000001a01ce2b,黄黑皮拜拜 ?每天1支让你越喝越美,垮脸暗沉双重暴击？双管齐下终结黄垮危肌！ - 小红书,皮拜拜,,,自产笔记,白肌饮,,,
698c1a24000000001a0342e0,贵妇级内服从抗糖开始！解锁年轻感！,黄黑皮拜拜 ?每天1支让你越喝越美 - 小红书,年轻感,,,自产笔记,AGX抗糖饮,,,
698c1b9d000000000b009d9f,扒到了！王灿兮眼周0细纹的秘密,https://www.xiaohongshu.com/explore/698c1a24000000001a0342e0?xsec_token=AB3vBvc1x7yzFVzLgbxTqXxJVARNRT-KMb6yrs_-gsIjs=&xsec_source=pc_user,王灿兮7,,,自产笔记,金字塔眼膜,,,
698c1dfa000000001d024451,王灿兮都在敷的眼膜！全靠它撑回少女眼,扒到了！王灿兮眼周0细纹的秘密 - 小红书,王灿兮8,,,自产笔记,金字塔眼膜,,,
698c25a1000000000903bf33,30+老阿姨怒囤3罐！眼周普拉提还得是它！, https://www.xiaohongshu.com/discovery/item/698c1dfa000000001d024451?source=webshare&xhsshare=pc_web&xsec_token=YB7v7OIpotriGSXcKfdM9ZaT8xTL1uS466djvYSCD81BA=&xsec_source=pc_share,王灿兮9,,,自产笔记,金字塔眼膜,,,
698c2c77000000001a0351b0,30+抗衰别交智商税｜熟龄肌逆龄密码全靠它,30+老阿姨怒囤3罐！眼周普拉提还得是它！ - 小红书,全靠它,,,自产笔记,御三家,,,
698c2be0000000002802020d,一篇帮你省下四位数，精准囤对不囤贵,30+抗衰别交智商税｜熟龄肌逆龄密码全靠它 - 小红书,不囤贵,,,自产笔记,口服合集,,,
698c4bb8000000002802126d,30颜值下滑？早紧致晚抗糖=肌龄如少女！,一篇帮你省下四位数，精准囤对不囤贵 - 小红书,早紧致,,,自产笔记,AGXI+塑颜饮,,,
698d3fb3000000000a02fe78,底妆清透的秘密！晓姿这支抗糖防晒太会了！,https://www.xiaohongshu.com/explore/698c4bb8000000002802126d?xsec_token=AB3vBvc1x7yzFVzLgbxTqXxBMQCfss9fZVh4glpwYu8JY=&xsec_source=pc_user,太会了,,,自产笔记,抗糖防晒,,,
698d493b000000000d0095bc,"黄气散退！每天一支把富家女好皮焊脸上！
",https://www.xiaohongshu.com/explore/698d3fb3000000000a02fe78?xsec_token=ABDJYtJXP9KH24oPkVKsEYZLVmByFWKCcHX5eZbwIEH1M=&xsec_source=pc_user,每天一支,,,自产笔记,AGX抗糖饮,,,
698d4d86000000002801caed,开春惊艳全场，脸不垮是真的显年轻,https://www.xiaohongshu.com/explore/698d493b000000000d0095bc?xsec_token=ABvAxKTd-kNraiQkMFRdjxQstLKG0ephnSIzUl77vSijI=&xsec_source=pc_user,开春惊艳,,,自产笔记,塑颜饮,,,
698d4ff4000000001a026a71,出片不挑角度的秘诀是液态麦角硫因…, https://www.xiaohongshu.com/discovery/item/698d4d86000000002801caed?source=webshare&xhsshare=pc_web&xsec_token=ABP3w3admhXau7tR2mj1aOsPnsbla4hr1-MZllc2m5aG4=&xsec_source=pc_share,出片不,,,自产笔记,塑颜饮,,,
698d765b000000001a022a26,30+拼命搞钱的同时，别忘了给身体留份底气,出片不挑角度的秘诀是液态麦角硫因… - 小红书,拼命搞钱,,,自产笔记,小紫盾,,,
698d6b9f000000001a01ed3a,30+垮脸真不是老了！是麦角硫因没补到位,30+拼命搞钱的同时，别忘了给身体留份底气 - 小红书,补到位,,,自产笔记,塑颜饮,,,
698d6f8d000000001a01fcb6,年末免疫充能！小紫盾助你状态满分迎新年！,https://www.xiaohongshu.com/explore/698d6b9f000000001a01ed3a?app_platform=ios&app_version=9.19.3&share_from_user_hidden=true&xsec_source=app_share&type=video&noteAttributes=goods&xsec_token=CBOmF5IrlkC6MpG5O3owTSgb47wQm_BJgjZxAKuWyYyk0=&author_share=1&back_chain_id=goods_video_share&xhsshare=QQ&shareRedId=N0dIRTs5SkA3OEdHOjg3OT43TEk6OUw7&apptime=1770876050&share_id=808aca267da0446ea73c8cce2327d51f,充能小,,,自产笔记,小紫盾,,,
698d814c000000000a02f080,别再乱抗老！三抗精华才是显嫩关键,年末免疫充能！小紫盾助你状态满分迎新年！ - 小红书,抗老三,,,自产笔记,AGT粉钻cp,,,
698c28c8000000000d00b46f,新年素颜赢麻?暗黄肌内调新思路,别再乱抗老！三抗精华才是显嫩关键 - 小红书,新思路,,,自产笔记,白肌饮,,,
699ea4ff000000001a030694,新年开运好礼，晓姿直播间真能「碰」到！,新年素颜赢麻?暗黄肌内调新思路 - 小红书,,,,自产笔记,不投,,,
699eae68000000000e03f9f6,好消息！这次晓姿直播间福利玩这么大！,https://www.xiaohongshu.com/explore/699ea4ff000000001a030694?xsec_token=ABontwSzeyKYZQL6BFUX2bw3TDjOCDieeW6d1E1ZSrfv8=&xsec_source=pc_user,这么大,,,自产笔记,活动笔记,,,
699ebdc6000000000e00c235,过敏脆皮进！全家全年靠它守住身体防线,https://www.xiaohongshu.com/explore/699eae68000000000e03f9f6?xsec_token=ABqIftbIGytMXBNXA7KjLRE5HdG-nh_1PPjNGwkN2Gng0=&xsec_source=pc_user,身体防线,,,自产笔记,小紫盾,,,
699fe461000000000e00d8ea,女神节悦己专场！晓姿限时大促加礼不加价,过敏脆皮进！全家全年靠它守住身体防线 - 小红书,不加价,,,自产笔记,活动笔记,,,
699ffc5a000000001a025f61,30+悦己真相：抗糖才是抗老的底层逻辑,女神节悦己专场！晓姿限时大促加礼不加价 - 小红书,底层逻辑,,,自产笔记,AGX抗糖饮,,,
69a0058e000000002202f9c2,38女神节必囤抗老套组??三相抗老全拿捏,30+悦己真相：抗糖才是抗老的底层逻辑 - 小红书,老套组,,,自产笔记,AGT粉钻cp,,,
69a103f4000000001a030018,28天冲刺变美！晓姿爆款内服哪一款适合你？,38女神节必囤抗老套组??三相抗老全拿捏 - 小红书,适合你,,,自产笔记,合集,,,
69a1079c000000002202de0f,用空三罐才敢说：它真的能淡化眼纹,https://www.xiaohongshu.com/explore/69a103f4000000001a030018?xsec_token=ABqWS1HidHVTTjX1zdcl5gBf3TEbfIbE948ZUU9mAlGDw=&xsec_source=pc_user,用空三,,,自产笔记,金字塔眼膜,,,
69a12e2e000000000e00fa8b,当我让点点ai 给我推荐暗沉垮脸内服,用空三罐才敢说：它真的能淡化眼纹 - 小红书,给我推,,,自产笔记,白肌饮,,,
69a13527000000000d00a76b,?30+素颜被夸爆了！这个法子是真管用！,当我让点点ai 给我推荐暗沉垮脸内服 - 小红书,真管用,,,自产笔记,塑颜饮,,,
69a1367d0000000026031f20,分层对抗眼周衰老 一罐拿捏素颜显贵真相,?30+素颜被夸爆了！这个法子是真管用！ - 小红书,王灿兮10,,,自产笔记,金字塔眼膜,,,
69a2610b000000002801d08d,戒糖失败N次后……终于被这款抗糖饮救了！,https://www.xiaohongshu.com/explore/69a1367d0000000026031f20?xsec_token=ABYD-O8bavkykSuUAUYrgQ2ChfUbjbgFtkXl8aYWYxTt8=&xsec_source=pc_user,终于被,,,自产笔记,AGX抗糖饮,,,
69a28cf9000000002202f383,内服喝了半年还是没效果？原来喝法错了！！,戒糖失败N次后……终于被这款抗糖饮救了！ - 小红书,喝法错,,,自产笔记,AGXI+光感白肌饮,,,
69a2af8e000000002303a4a5,开春美出圈！懂内服的女人，年龄真的成谜, https://www.xiaohongshu.com/discovery/item/69a28cf9000000002202f383?source=webshare&xhsshare=pc_web&xsec_token=ABhDiCGR_cCFfXamXiigspD0SEOKc4dGjYfj5tVylbp78=&xsec_source=pc_share,真的成,,,自产笔记,AGXI+塑颜饮,,,
69a4e772000000001a01fb8e,高阶内调全攻略！抗衰养颜还得看它！,https://www.xiaohongshu.com/discovery/item/69a2af8e000000002303a4a5?source=webshare&xhsshare=pc_web&xsec_token=ABhDiCGR_cCFfXamXiigspDwKDNrnMVT2yppxqgXAFYgE=&xsec_source=pc_share,全靠它,,,自产笔记,御三家,,,
69a4ecb7000000000e00e151,抗老去黄总没效果？原来你只做对了一半！,高阶内调全攻略！抗衰养颜还得看它！ - 小红书,没效果,,,自产笔记,AGXI+塑颜饮,,,
69a505f3000000001a0281aa,内服外养双拿捏！30+的美丽进阶秘诀！,https://www.xiaohongshu.com/explore/69a4ecb7000000000e00e151?xsec_token=AB0Yce59Ow4AP-eRplyfAYucmolKDdnEaA3CmU_PrTFeA=&xsec_source=pc_user,双拿捏,,,自产笔记,塑颜饮,,,
69a8e288000000001a02097e,回购+++ 补光灯cp抗糖提亮让你素颜美得过分,https://www.xiaohongshu.com/explore/69a505f3000000001a0281aa?xsec_token=ABHEMFyClDmFdqShYvBBkS23espaecoNYpXoWfR0XWU-c=&xsec_source=pc_user,提亮让,,,自产笔记,X白组合,,,
69a8e557000000001a01c612,坚持三相抗糖28天...给暗沉肌亿点震撼！,https://www.xiaohongshu.com/explore/69a8e288000000001a02097e?xsec_token=ABeC8EvT6xuKRyQ-0WEwNjtsRklqzWmcaZM7S3U_WCYSo=&xsec_source=pc_user,抗糖给,,,自产笔记,AGX抗糖饮,,,
69a92cad000000001a02c125,坚持吃了28天，轻松养出透亮“灯泡肌”,https://www.xiaohongshu.com/explore/69a8e557000000001a01c612?xsec_token=ABeC8EvT6xuKRyQ-0WEwNjtpx7H2SSgODxOxHtXG4-M_M=&xsec_source=pc_user,坚持吃,,,自产笔记,X白组合,,,
69a933cc0000000022039c2d,拯救眼周干垮纹 补促锁闭环养出星星眼,坚持吃了28天，轻松养出透亮“灯泡肌” - 小红书,星星眼,,,自产笔记,抗糖眼霜,,,
69a9489f000000002603e51d,干细纹连夜出逃！38大促最该囤的眼膜出现了,https://www.xiaohongshu.com/explore/69a933cc0000000022039c2d?xsec_token=ABb2Y7EALzM9092f8iH-LcHFER3Z5cA78vzycX_6VJP1A=&xsec_source=pc_user,出现了,,,自产笔记,金字塔眼膜,,,
69aa7c85000000001a0256f1,麦角硫因避坑指南！液态真的很能打,干细纹连夜出逃！38大促最该囤的眼膜出现了 - 小红书,很能打,,,自产笔记,塑颜饮,,,
69aa82b9000000001a02a813,深扒30+抗老秘诀！紧致+透亮全都要！, https://www.xiaohongshu.com/discovery/item/69aa7c85000000001a0256f1?source=webshare&xhsshare=pc_web&xsec_token=YBk-9lY_H4AU59r1FMuLpkHvz937pE7T9y6f3pwVGwSjA=&xsec_source=pc_share,全部要,,,自产笔记,新GQ,,,
69aa8823000000001a01f455,熟龄肌垮脸原理我悟了！对症下药真的夯！,https://www.xiaohongshu.com/explore/69aa82b9000000001a02a813?xsec_token=ABE2A_uBVWeoILwb_8Ih47kcGQfIldXaauvgK6rNsszXw=&xsec_source=pc_user,真的夯,,,自产笔记,塑颜饮,,,
69aa8b99000000000e03e55e,春天悄悄养肤，素颜自带柔光滤镜,熟龄肌垮脸原理我悟了！对症下药真的夯！ - 小红书,悄悄养肤,,,自产笔记,白肌饮,,,
69ae6a15000000001a035ba6,原相机敢怼脸拍？肌底重启少女感全靠它们,春天悄悄养肤，素颜自带柔光滤镜 - 小红书,重启少女,,,自产笔记,御三家,,,
69ae6ff7000000002303b454,眼周养得好，男友在高考！拥有星星眼的密码,原相机敢怼脸拍？肌底重启少女感全靠它们 - 小红书,养得好,,,自产笔记,金字塔眼膜,,,
69af7780000000002202faf1,深扒晓姿热门美护产品 高效变美真的不难！,眼周养得好，男友在高考！拥有星星眼的密码 - 小红书,真的不难,,,自产笔记,美护合集,,,
69afd70f000000002800a3f0,宝妈逆袭！熬夜黄脸直接亮到发光,深扒晓姿热门美护产品 高效变美真的不难！ - 小红书,到发光,,,自产笔记,AGX抗糖饮,,,
69b12ec5000000000601e472,快醒醒吧！抗糖抗不对！比同龄人老十岁,宝妈逆袭！熬夜黄脸直接亮到发光 - 小红书,抗不对,,,自产笔记,AGX抗糖饮,,,
69b2531d000000000800e844,打卡内服第90天，喝出春日冷白氛围感,https://www.xiaohongshu.com/explore/69b12ec5000000000601e472?xsec_token=ABSwqEd-G0IcRrPCJwGFYIPAsJlACiM4pgT764NY8wcYo=&xsec_source=pc_user,喝出春,,,自产笔记,光感白肌饮,,,
69b2559c000000002202f732,一个月无痛上岸！就这个细腻透亮爽!,打卡内服第90天，喝出春日冷白氛围感 - 小红书,无痛上岸,,,自产笔记,AGT粉钻面膜,,,
69b3692c0000000009021a94,35像20出头？！1招教你比同龄人年轻,一个月无痛上岸！就这个细腻透亮爽! - 小红书,人年轻,,,自产笔记,AGXI+塑颜饮,,,
69b37dff0000000006008f8e,内服跟风最成功的一次！抗老的尽头是抗糖！,35像20出头？！1招教你比同龄人年轻 - 小红书,内服跟风,,,自产笔记,AGX抗糖饮,,,
69b372480000000006009a75,还在涂涂抹抹？No！内服抗老才是年轻密码！,https://www.xiaohongshu.com/explore/69b37dff0000000006008f8e?xsec_token=ABjISoirZEmWFNitcKIh3q7e_aVijYRD0NTYMw3Q28jyg=&xsec_source=pc_like,还在涂,,,自产笔记,X白组合,,,
69b3a32c000000002302422c,春季变美别乱买，直接抄这套思路！！,https://www.xiaohongshu.com/explore/69b372480000000006009a75?xsec_token=ABjISoirZEmWFNitcKIh3q7YRqg_gkfQ3P7V2LVEfGsto=&xsec_source=pc_like,别乱买,,,自产笔记,御三家,,,
69b3a40a000000002301e21a,花粉敏敏退退退！靠小紫盾舒服一整年, https://www.xiaohongshu.com/discovery/item/69b3a32c000000002302422c?source=webshare&xhsshare=pc_web&xsec_token=YBdJ6LM87Ie4h3QcfYxViUN9NNF2nmTJa08ZLTmXk1vKk=&xsec_source=pc_share,花粉敏,,,自产笔记,小紫盾,,,
69b3a492000000001d01ac06,扒明星同款好物！一贴“偷”走10年眼周龄,花粉敏敏退退退！靠小紫盾舒服一整年 - 小红书,眼周龄,,,自产笔记,金字塔眼膜,,,
69b38b63000000001b0200ab,30+学会这个内调公式|素颜状态真的赢麻了！,扒明星同款好物！一贴“偷”走10年眼周龄 - 小红书,公式素,,,自产笔记,AGXI+塑颜饮,,,
69b3ae2f000000001d019f2f,三分做七分养！项目后防晒选对才稳,https://www.xiaohongshu.com/explore/69b38b63000000001b0200ab?app_platform=android&ignoreEngage=true&app_version=9.20.0&share_from_user_hidden=true&xsec_source=app_share&type=video&noteAttributes=goods&xsec_token=CBBugmpBlTCV566uWyKdNIoAJb-13DRI-B2Xxdlx07Msc=&author_share=1&back_chain_id=goods_video_share&shareRedId=Nz9FREg4RkJKSTdHPzgyP0c8QktFNzc9&apptime=1773374373&share_id=1ab34a78af69439da12242b74cfb0e43&share_channel=copy_link&appuid=59cde3b9db2e6029a99da214&xhsshare=CopyLink,对才稳,,,自产笔记,抗糖防晒,,,
69b3ae52000000002003bf6c,30+垮脸别乱补！麦角硫因才是关键?,https://www.xiaohongshu.com/explore/69b3ae2f000000001d019f2f?xsec_token=ABSDl9KzVWio6VR8ZlKjUd1ZEs2VqPwWamfdtMfgpCX_A=&xsec_source=pc_user,别乱补,,,自产笔记,塑颜饮,,,
69b3dcb7000000002302591e,当妈妈≠放弃美丽！不要蜡黄，要：自带光芒,30+垮脸别乱补！麦角硫因才是关键? - 小红书,自带光芒,,,自产笔记,光感白肌饮,,,
69b77d4e0000000021005b69,春日喝出紧致肌｜麦角硫因实测不踩雷,https://www.xiaohongshu.com/explore/69b3dcb7000000002302591e?xsec_token=WBXCUIBxclJ7DKTJcwAWQWBeClOtJnCUQQNhlKMP7XrXg=&xsec_source=pc_wind,实测不,,,自产笔记,塑颜饮,,,
69b8a79c00000000220241ca,抗糖抗氧正确打开方式！细腻透亮抄底肌龄！, https://www.xiaohongshu.com/discovery/item/69b77d4e0000000021005b69?source=webshare&xhsshare=pc_web&xsec_token=ABJNKh_CDQ7LZSNb1Pt11UTuxBnk150K5EKwPyyHC8KKA=&xsec_source=pc_share,正确打,,,自产笔记,X白组合,,,
69ba6805000000001d019db8,春日限定好运｜晓姿小银伞防晒0元送！,https://www.xiaohongshu.com/explore/69b8a79c00000000220241ca?xsec_token=ABkwpg9-jh7sdmLS-tpoYIHWkDzvAnijNvntp8xDj-Ils=&xsec_source=pc_user,,,,自产笔记,抽奖不投,,,
69bb5f79000000002301e38a,不用P图！黄黑皮也能拿捏春日氛围感,https://www.xiaohongshu.com/explore/69ba6805000000001d019db8?xsec_token=ABUpMHQqloAnjbicRF25MA2w26Uj5TGXvMszQ3xk0EJB0=&xsec_source=pc_user,氛围感,,,自产笔记,光感白肌饮,,,
69bba28e000000002800b645,抗老的底层是抗糖！黄垮脸从肌底亮起来,不用P图！黄黑皮也能拿捏春日氛围感 - 小红书,抗老底层,,,自产笔记,AGX抗糖饮,,,
69bbbbb1000000002302362b,回春嫩眼邪修！垮眼终结者,抗老的底层是抗糖！黄垮脸从肌底亮起来 - 小红书,终结者,,,自产笔记,金字塔眼膜,,,
69bbc589000000001d01f6d9,底妆好不好跟手法无关！抗糖防晒刷新新认知,回春嫩眼邪修！垮眼终结者 - 小红书,底妆好,,,自产笔记,抗糖防晒,,,
69bce852000000002003836b,抗老标配御三家！打下30+逆龄王炸公式！,https://www.xiaohongshu.com/explore/69bbc589000000001d01f6d9?xsec_token=AB6X4FIO_emZ6aYSgkgw_5iVHzNwtGRUrP8Y_0btUtr7A=&xsec_source=pc_user,炸公式,,,自产笔记,御三家,,,
69bceb8800000000200392b1,用一次爱一次的面膜，嫩的不知天地为何物了,抗老标配御三家！打下30+逆龄王炸公式！ - 小红书,爱一次,,,自产笔记,AGT粉钻面膜,,,
69bcc6520000000022026af1,30+内服抗老CP? 透亮紧致全都有！, https://www.xiaohongshu.com/discovery/item/69bceb8800000000200392b1?source=webshare&xhsshare=pc_web&xsec_token=ABCCR-HFn7RX1sJxvmksTgJaYeVCAW-hf2cFe-il0R1UE=&xsec_source=pc_share,全都有,,,自产笔记,X白组合,,,
69bd0433000000001e00fb34,原来顶美维持美貌的秘诀是抗糖！！,30+内服抗老CP? 透亮紧致全都有！ - 小红书,美貌的,,,自产笔记,AGX抗糖饮,,,
69bd035e000000001b022abc,普通女生如何逆袭人群中第一眼美女？,https://www.xiaohongshu.com/explore/69bd0433000000001e00fb34?xsec_token=ABvKBrotbLTOdMkwBeCoUDCia9QcSvIyxGQpUtzALgV7g=&xsec_source=pc_user,逆袭人群,,,自产笔记,光感白肌饮,,,
69c0e11b000000002003aa84,抗衰届狠角色 麦角硫因才是轮廓紧致的关键,https://www.xiaohongshu.com/explore/69bd035e000000001b022abc?xsec_token=ABvKBrotbLTOdMkwBeCoUDCt9jJfOddg9PIuJQAZxJVu8=&xsec_source=pc_user,狠角色,,,自产笔记,塑颜饮,,,
69c25c81000000001b021d51,30像20！揭秘逆龄生长！真不是智商税...,https://www.xiaohongshu.com/explore/69c0e11b000000002003aa84?xsec_token=ABSgeXD189ui6W0klr0L49xr9-9WK61YQaj6etGMRqng0=&xsec_source=pc_user,生长真,,,自产笔记,AGXI+塑颜饮,,,
69c3225900000000230168dc,难怪明星贵妇都在冲！这支抗糖饮谁喝谁嫩！,30像20！揭秘逆龄生长！真不是智商税... - 小红书,都在冲,,,自产笔记,AGX抗糖饮,,,
69c321410000000023016766,晓姿宠粉大促来袭！一篇教你变美不花冤枉钱,难怪明星贵妇都在冲！这支抗糖饮谁喝谁嫩！ - 小红书,冤枉钱,,,自产笔记,活动笔记,,,
69c32e460000000023006183,晓姿宠粉专场来啦！福利加码再加码,晓姿宠粉大促来袭！一篇教你变美不花冤枉钱 - 小红书,再加码,,,自产笔记,活动笔记,,,
69c482800000000020039ba0,糖氧双抗形成逆龄闭环 少女肌焊在脸上,晓姿宠粉专场来啦！福利加码再加码 - 小红书,成逆龄,,,自产笔记,X白组合,,,
69c488db000000001e00e2b7,黄黑皮逆袭 春日养出通透好肤色?,https://www.xiaohongshu.com/explore/69c482800000000020039ba0?xsec_token=AB5VX1tTlHfP5pwCyQEuFCBpIU9N_6SofXc4i6poibtT8=&xsec_source=pc_user,好肤色,,,自产笔记,光感白肌饮,,,
69c48a62000000001f006c67,春敏人终于熬出头了！花粉季喷嚏鼻塞全拜拜,黄黑皮逆袭 春日养出通透好肤色? - 小红书,熬出头,,,自产笔记,紫盾免疫粉,,,
69c4efde0000000023024fb9,边防晒边养肤！余茵你真的好会选！,https://www.xiaohongshu.com/explore/69c48a62000000001f006c67?xsec_token=ABq_AqNCbwVX0mqNO4px0y1bBhjJ2mDSEGoz-q5Y9vpzI=&xsec_source=pc_user,余茵1,,,自产笔记,抗糖防晒,,,
69c4f332000000001d01dfe0,直击眼周“事故”现场，轻松拿捏回春秘诀,边防晒边养肤！余茵你真的好会选！ - 小红书,回春秘诀,,,自产笔记,金字塔眼膜,,,
69c4f40a000000001b023777,抗老不费力？内服麦角硫因太懂垮脸党了,直击眼周“事故”现场，轻松拿捏回春秘诀 - 小红书,不费力,,,自产笔记,塑颜饮,,,
69c4fd3900000000210057aa,拒绝底妆暗沉，防晒+养肤+妆前一支搞定！,抗老不费力？内服麦角硫因太懂垮脸党了 - 小红书,余茵2,,,自产笔记,抗糖防晒,,,
69c5df29000000002003967c,30+抗衰不将就！提亮、紧致、抗糖一步到位,https://www.xiaohongshu.com/explore/69c4fd3900000000210057aa?xsec_token=ABjJpvi2_jlbNQv_rVM8hSNS7J3K4KugLs2VKBLOmNq38=&xsec_source=pc_user,将就提,,,自产笔记,御三家,,,
69c6299f000000002003a253,油痘肌注意！不戒糖也能get贵妇同款嫩脸?,https://www.xiaohongshu.com/explore/69c5df29000000002003967c?xsec_token=AB5TbQN4kbICRFF1LmqRJWw7pohXEBdfgnK8xr4J_aGgM=&xsec_source=pc_user,不戒糖,,,自产笔记,AGX抗糖饮,,,
69c6436c000000001a0367a5,跟风麦角硫因没效果？到底是不是智商税！,https://www.xiaohongshu.com/explore/69c6299f000000002003a253?app_platform=android&ignoreEngage=true&app_version=9.21.0&share_from_user_hidden=true&xsec_source=app_share&type=normal&noteAttributes=goods&xsec_token=CB8TT1nz_sY-z-KRNiwCvIPqbYsMj2MtBkyOfuv4ttf3A=&author_share=1&back_chain_id=goods_note_share&xhsshare=&shareRedId=Nz9FREg4RkJKSTdHPzgyP0c8QktFNzc9&apptime=1774594471&share_id=63c1e784dfb5474493daca3d6c74abeb&share_channel=qq,跟风麦,,,自产笔记,塑颜饮,,,
69ca3f8b000000002301e91a,少女感UP 抗糖+麦角硫因让肌肤开启逆龄模式,https://www.xiaohongshu.com/explore/69c6436c000000001a0367a5?xsec_token=ABKTvv667NY9pgJbM0KkiO3poajX1jsnWpp703_NESOrY=&xsec_source=pc_collect,肌肤开,,,自产笔记,抗糖饮+塑颜饮,,,
69cb821e000000001b0037c2,一步搞定眼周护理 宋祖儿上镜显贵气的秘籍,少女感UP 抗糖+麦角硫因让肌肤开启逆龄模式 - 小红书,宋祖儿1,,,自产笔记,金字塔眼膜,,,
69cc7cae0000000021005974,扒出来了！宋祖儿同款明亮双眼的秘籍?,https://www.xiaohongshu.com/explore/69cb821e000000001b0037c2?xsec_token=AB_vMY3u79wy7SjWTR1m23nOAEyCAs5ksuqgYwoilLsDk=&xsec_source=pc_user,宋祖儿2,,,自产笔记,金字塔眼膜,,,
69cb78b200000000210048c4,宋祖儿私藏眼膜！难怪状态这么好,扒出来了！宋祖儿同款明亮双眼的秘籍? - 小红书,宋祖儿3,,,自产笔记,金字塔眼膜,,,
69ccd5fc000000001d01c1f2,拒绝底妆暗沉，防晒+养肤+妆前一支搞定！,宋祖儿私藏眼膜！难怪状态这么好 - 小红书,余茵3,,,自产笔记,抗糖防晒,,,
69ccdb6a000000001b001a9f,边防晒边养肤！余茵你真的好会选！,https://www.xiaohongshu.com/explore/69ccd5fc000000001d01c1f2?xsec_token=WBKHsyMBUyuu6FhvQI7-r3ukDAUu8GMiRLNZBu1ibAIkA=&xsec_source=pc_wind,余茵4,,,自产笔记,抗糖防晒,,,
69cdd7e80000000021038b88,我终于摸透这个补剂的正确吃法！！！?,边防晒边养肤！余茵你真的好会选！ - 小红书,正确吃,,,自产笔记,小紫盾,,,
69cdd39c0000000023014e51,暗黄垮脸救星·熟肌龄抗老算被晓姿玩明白了,https://www.xiaohongshu.com/explore/69cdd7e80000000021038b88?xsec_token=WBMCEZaQNJO0Nz-mzs7JSdeEkhOWeeLNTzClmgPOV-vHw=&xsec_source=pc_wind,抗老算,,,自产笔记,御三家,,,
69cdcf9f000000001e00c4ba,甩掉黄气垮态！「少女肌」秘籍直接焊脸上！,https://www.xiaohongshu.com/explore/69cdd39c0000000023014e51?xsec_token=ABO2jezW62-T9S5K4QL-wHL6wbx5gT0YDCj04TGlcsiZo=&xsec_source=pc_user,甩掉黄,,,自产笔记,AGX抗糖饮,,,
69ce1c9a000000002302423b,祖儿用空21罐的眼膜！爆改眼周纹路黑眼圈,甩掉黄气垮态！「少女肌」秘籍直接焊脸上！ - 小红书,宋祖儿4,,,自产笔记,金字塔眼膜,,,
69ce264800000000210078c7,淡纹消肿还能KO松垮眼！难怪宋祖儿这么偏爱,https://www.xiaohongshu.com/explore/69ce1c9a000000002302423b?xsec_token=ABM2r14xRALdrzDJSEBzEkErkbkGngYtGA7gXD6_HXtmQ=&xsec_source=pc_user,宋祖儿5,,,自产笔记,金字塔眼膜,,,
69ce2cba000000002302111f,祖儿保养秘籍大公开！眼周好状态还得是它！,https://www.xiaohongshu.com/explore/69ce264800000000210078c7?xsec_token=ABwsiXMtKM9EVB98r9Ma3B5dqpkNHLq6p3A6apwPlSP7c=&xsec_source=pc_user,宋祖儿6,,,自产笔记,金字塔眼膜,,,
69ce3889000000001d01eaf1,在家就能做的眼周灌肤！松垮眼纹退退退！,祖儿保养秘籍大公开！眼周好状态还得是它！ - 小红书,在家就,,,自产笔记,眼霜+金字塔眼膜,,,
69cf189d000000002202bf80,30+姐姐狂安利！轻松拿捏抗老+提亮！,https://www.xiaohongshu.com/explore/69ce3889000000001d01eaf1?xsec_token=AB2cyVpYqvZ1sS2vsuM6_1VD8RFWETegN6kFomjQQAwus=&xsec_source=pc_user,安利轻,,,自产笔记,白肌饮+塑颜饮,,,
69cf303a000000002301714c,黄黑皮速进！内调焕亮一招逆袭灯泡肌！,https://www.xiaohongshu.com/explore/69cf189d000000002202bf80?xsec_token=ABRgQguflfBEnpvTHELQFoHTFjzzkw55WExERQXPjxTsE=&xsec_source=pc_user,速进,,,自产笔记,白肌饮,,,
69cf389e000000001f0020cc,脸垮别再硬扛了！内服抗老才是新出路??,黄黑皮速进！内调焕亮一招逆袭灯泡肌！ - 小红书,硬抗了,,,自产笔记,塑颜饮,,,
69cf67520000000023016f64,告别表层护肤！30+的通透贵气全靠内养完胜,https://www.xiaohongshu.com/explore/69cf389e000000001f0020cc?xsec_token=ABKsw1NG6F-pkl201JTLbONEidSg6LQ7A6hC7CXMohZgQ=&xsec_source=pc_user,全靠内,,,自产笔记,塑颜饮,,,
69cf6965000000001e00c255,短剧女主私藏！片场暴晒不黑素颜透亮的秘密,告别表层护肤！30+的通透贵气全靠内养完胜 - 小红书,余茵5,,,自产笔记,抗糖防晒,,,
69cf67f4000000002301725e,内服黄金组合拳！活该别人年轻又透亮,短剧女主私藏！片场暴晒不黑素颜透亮的秘密 - 小红书,活该别,,,自产笔记,X白组合,,,
69cf7a73000000001a02e44b,内焕亮外防御 两步打造出瓷感透光肌！,内服黄金组合拳！活该别人年轻又透亮 - 小红书,透光肌,,,自产笔记,白肌+防晒,,,
69cf914d0000000023015641,抗糖+补麦角硫因！30+素颜逆生长！,https://www.xiaohongshu.com/explore/69cf7a73000000001a02e44b?xsec_token=ABV--HRVBvDMg1zb0qxRErxrWUGZFEWVBgToYQNw1Pd-Y=&xsec_source=pc_user,补麦角,,,自产笔记,抗糖饮+塑颜饮,,,
69d4ae39000000002301682b,一篇教你晓姿内服怎么选！水灵灵吃出好状态,https://www.xiaohongshu.com/explore/69cf914d0000000023015641?xsec_token=ABvVj9TRvCOvbnaFzMgV_a-r3noBqO5ilrwm7xwoKCM1Q=&xsec_source=pc_user,一篇教,,,自产笔记,口服合集,,,
69d5c6780000000023005d82,易累易困易感冒？你的防御该升级了,https://www.xiaohongshu.com/explore/69d4ae39000000002301682b?xsec_token=ABzOP0SmwM91g_wZfKOxHKIuEaTu2xbr-B6q72_lAGe0I=&xsec_source=pc_user,升级了,,,自产笔记,小紫盾,,,
69d6160a000000002301f13a,怪不得贵妇都在喝！抗糖真是毫不费力,https://www.xiaohongshu.com/explore/69d5c6780000000023005d82?xsec_token=AB391feA1dTBQTEslypNs6sh7v6EN_pY6gZXOl7JLpA-A=&xsec_source=pc_user,怪不得,,,自产笔记,AGX抗糖饮,,,
69d7053a000000002202603d,宋祖儿用空 21 罐！这眼膜直接焊在眼周,怪不得贵妇都在喝！抗糖真是毫不费力 - 小红书,宋祖儿7,,,自产笔记,金字塔眼膜,,,
69d70637000000001b001615,跟余茵学防晒正确打开方式！抗糖养肤双在线, https://www.xiaohongshu.com/discovery/item/69d7053a000000002202603d?source=webshare&xhsshare=pc_web&xsec_token=YBWO0G_ewDORCWnacvA1BHyO7pCxbj_QtnlTmZUaQpZ6s=&xsec_source=pc_share,余茵6,,,自产笔记,抗糖防晒,,,
69d70c74000000001a02cdfd,变美还得看小韩！韩女水光肌秘密大拆解！,跟余茵学防晒正确打开方式！抗糖养肤双在线 - 小红书,看小韩,,,自产笔记,AGX抗糖饮,,,
69d70f93000000001a033c42,防晒抗糖一支搞定，女演员拍戏都在偷偷用?,变美还得看小韩！韩女水光肌秘密大拆解！ - 小红书,余茵7,,,自产笔记,抗糖防晒,,,
69d707e8000000001b001e78,跟着祖儿眼周保养！这眼膜真的太抗打了,防晒抗糖一支搞定，女演员拍戏都在偷偷用? - 小红书,宋祖儿8,,,自产笔记,金字塔眼膜,,,
69d76b440000000021004cd5,根源锁住眼周年轻态！解锁贵妇级眼护,https://www.xiaohongshu.com/explore/69d707e8000000001b001e78?xsec_token=ABx6qJ9_h29hmbVbXiv_HJn3mn29y18xgI8EDM5bDVbPQ=&xsec_source=pc_userhttps://www.xiaohongshu.com/explore/69d707e8000000001b001e78?xsec_token=ABx6qJ9_h29hmbVbXiv_HJn3mn29y18xgI8EDM5bDVbPQ=&xsec_source=pc_user,根源锁,,,自产笔记,8D抗糖眼霜,,,
69d70d13000000001a02d123,原来祖儿一直用的是它！眼周干纹都被浸润了,根源锁住眼周年轻态！解锁贵妇级眼护 - 小红书,宋祖儿9,,,自产笔记,金字塔眼膜,,,
69d865380000000022026aed,精准扫黑养白白，内服真的不是智商税！,https://www.xiaohongshu.com/explore/69d70d13000000001a02d123?xsec_token=ABm5Jkqus3knz4pD2n7lkTF0FufigLt3z84kGm8TEP9j4=&xsec_source=pc_user,养白白,,,自产笔记,白肌饮,,,
69d864730000000023015e43,30+肌肤细腻全身发光？原来真能抄近道！,精准扫黑养白白，内服真的不是智商税！ - 小红书,抄近道,,,自产笔记,X白组合,,,
69d88f7e00000000230054fc,晓姿高定内养合集 从内到外帮你焕发好状态,30+肌肤细腻全身发光？原来真能抄近道！ - 小红书,从内到,,,自产笔记,口服合集,,,
69d895e4000000001a02e76c,学女星逆生长？麦角硫因+抗糖锁住年轻容颜,https://www.xiaohongshu.com/explore/69d88f7e00000000230054fc?xsec_token=ABHmCZU6LeGSTG5uQvbE4NWCKMuXP29aXbNT2C2a_S9IQ=&xsec_source=pc_user,学女星,,,自产笔记,AGXI+塑颜饮,,,
69dc96f1000000002301f332,抗老第一步！把糖化脸养回透亮少女肌,https://www.xiaohongshu.com/explore/69d895e4000000001a02e76c?xsec_token=ABwB-3dOHxLzOm_8rPbnatLg1ZjhGvORIACafwbRcZZLE=&xsec_source=pc_user,步把糖,,,自产笔记,AGX抗糖饮,,,
69dcadcf000000001d01e2d9,赢麻了！这组CP直接把好状态焊在脸上！?,https://www.xiaohongshu.com/explore/69dc96f1000000002301f332?xsec_token=ABEjwDa5mrU_HVB01RVUrFHUva7eQ-_f5VA0z3Dsc0rwY=&xsec_source=pc_user,在脸上,,,自产笔记,粉钻cp,,,
69dc84f60000000021038ea9,敷完了眼嫩了！宋祖儿眼周保养公式好绝,赢麻了！这组CP直接把好状态焊在脸上！? - 小红书,宋祖儿10,,,自产笔记,金字塔眼膜,,,
69dd97fa00000000230065af,把钱花在刀刃上！日本的麦角硫因属实夯,https://www.xiaohongshu.com/explore/69dc84f60000000021038ea9?xsec_token=YBSKgKxN_WKCutLyuIv_DIhwXbs6TlkPGIpOztCJCQP58%3D&xsec_source=pc_creatormng,刀刃上,,,自产笔记,塑颜饮,,,
69dd9735000000001a037880,熟龄肌悟了：内源出击才能守住皮肤支撑,把钱花在刀刃上！日本的麦角硫因属实夯 - 小红书,出击才,,,自产笔记,塑颜饮,,,
69df029c0000000023007b2b,早抗氧晚抗糖！内服界的早C晚A透亮感绝了,https://www.xiaohongshu.com/explore/69dd9735000000001a037880?xsec_token=ABvShxmGX8enssOVk1tR0YnWMZxCpyf9Znec_Kj478f7Q=&xsec_source=pc_user,感觉了,,,自产笔记,X白组合,,,
69df2a68000000001f001ad8,25岁是道分水岭！不抗糖，脸真的会悄悄垮掉,早抗氧晚抗糖！内服界的早C晚A透亮感绝了 - 小红书,悄悄垮,,,自产笔记,AGX抗糖饮,,,
69df38cf000000002302116b,28+拒绝护肤无用功！干垮黄糙露头就秒！,25岁是道分水岭！不抗糖，脸真的会悄悄垮掉 - 小红书,护肤无,,,自产笔记,粉钻面膜,,,
69df4b9b000000001a02c4f8,一个真相：你忽视抗糖的每一刻都在悄悄催老,28+拒绝护肤无用功！干垮黄糙露头就秒！ - 小红书,悄悄催,,,自产笔记,AGX抗糖饮,,,
69e0d73b0000000022026d00,拒绝断崖式衰老！早中晚分时内调嫩回少女肌,一个真相：你忽视抗糖的每一刻都在悄悄催老 - 小红书,衰老早,,,自产笔记,御三家,,,
69e19b12000000001f000b71,30+一键逆龄回春 早紧致晚抗糖少女肌焊在脸,拒绝断崖式衰老！早中晚分时内调嫩回少女肌 - 小红书,回春早,,,自产笔记,新GQ,,,
69e1a81a000000002003b43e,熟龄肌该吃的细糠！一支重塑弹嫩精致少女肌,https://www.xiaohongshu.com/explore/69e19b12000000001f000b71?xsec_token=ABhBerCaZcyulIZW89ExxYrcGwK-PMS1XGkDcmJYl9YxU=&xsec_source=pc_user,重塑弹,,,自产笔记,塑颜饮,,,
69e1a9fd000000001a03466c,原来女明星一支就能搞定防晒+养肤！,https://www.xiaohongshu.com/explore/69e1a81a000000002003b43e?xsec_token=ABhBerCaZcyulIZW89ExxYrboPX10vsCf_qELpLupo6mM=&xsec_source=pc_user,余茵8,,,自产笔记,抗糖防晒,,,
69e1ac590000000021038242,余茵太懂懒人了！一支搞定妆前+防晒+养肤,原来女明星一支就能搞定防晒+养肤！ - 小红书,余茵9,,,自产笔记,抗糖防晒,,,
69e1c8d6000000001f005b6c,不靠Y美依旧年轻！液态麦角硫因才高效！, https://www.xiaohongshu.com/discovery/item/69e1ac590000000021038242?source=webshare&xhsshare=pc_web&xsec_token=WB9hy-0CkoAgr93hsdAemW8y7GlxOu3vBlsiwTX0YVl7E=&xsec_source=pc_share,年轻液,,,自产笔记,塑颜饮,,,
69e1c8540000000021039609,女演员同款抗糖防晒！出门一支就够了,https://www.xiaohongshu.com/explore/69e1c8d6000000001f005b6c?xsec_token=ABIWUZkCWjBHUmfhUQU_34xMHwQKhRANBI_kQGK8QhXb8=&xsec_source=pc_user,余茵10,,,自产笔记,抗糖防晒,,,
69e1d57f000000002200e764,祖儿多次回购的眼膜！对付眼纹黑眼圈真牛,女演员同款抗糖防晒！出门一支就够了 - 小红书,宋祖儿11,,,自产笔记,金字塔眼膜,,,
69e1d1fb0000000023027108,眼纹松垮、黑眼圈全被它按住！祖儿同款眼膜,https://www.xiaohongshu.com/explore/69e1d57f000000002200e764?xsec_token=ABIWUZkCWjBHUmfhUQU_34xN_NDUyXD_UJORlb8rWpOXo=&xsec_source=pc_user,宋祖儿12,,,自产笔记,金字塔眼膜,,,
69e1f5cd000000001a03495b,按下肌肤糖化的暂停键?把胶原蛋白锁在脸上,https://www.xiaohongshu.com/explore/69e1d1fb0000000023027108?app_platform=android&ignoreEngage=true&app_version=9.15.0&share_from_user_hidden=true&xsec_source=app_share&type=video&noteAttributes=goods&xsec_token=CBXgYnOR7aNHFnzCOkXyVSub36d7NLpFqPWxDVfzsWFzU=&author_share=1&back_chain_id=goods_video_share&xhsshare=&shareRedId=ODw3Qzo1OU42NzUyOTgwNjY6OTc4STlO&apptime=1776407047&share_id=5acbb2ac2cfa4a72bff8d0a28dd6a2ae&share_channel=qq,暂停键,,,自产笔记,AGX抗糖饮,,,
69e1fd19000000001f007a9e,黄黑皮大作战！养成全身白白滑嫩皮肤！,按下肌肤糖化的暂停键?把胶原蛋白锁在脸上 - 小红书,大作战,,,自产笔记,白肌饮,,,
69e5bd460000000023025521,眼周保养黄金cp！一组搞定淡纹+紧致+提亮,https://www.xiaohongshu.com/explore/69e1fd19000000001f007a9e?xsec_token=ABOfR6bLSOAfVSrcP0sqxZtLVUAi6r1Iv-QmqyWh09YSw=&xsec_source=pc_user,搞懂淡,,,自产笔记,眼霜+金字塔眼膜,,,
69e5d792000000001e00d431,35+比20岁更美了！尝到了内服保养的甜头,眼周保养黄金cp！一组搞定淡纹+紧致+提亮 - 小红书,到了内,,,自产笔记,7D驱动饮+白肌饮,,,
69e5da8000000000230135e7,春日眼周开挂！晓姿冰美式眼膜0元宠粉送,https://www.xiaohongshu.com/explore/69e5d792000000001e00d431?xsec_token=ABiNO-xkVLMnblTwzxCd5Hc-hFYhrsqrsZhVVa3St9P0Q=&xsec_source=pc_user,,,,自产笔记,冰美式眼膜,,,
69e76363000000002301fea6,跟风喝了28天白肌饮，全身亮到反光.....,春日眼周开挂！晓姿冰美式眼膜0元宠粉送 - 小红书,跟风喝,,,自产笔记,光感白肌饮,,,
69e81e52000000002301edd4,实测坚持抗糖后 暗黄糙脸被狠狠教育了！,https://www.xiaohongshu.com/explore/69e76363000000002301fea6?xsec_token=AB5-tH8KFl7VprREeWe4XT_PveY4RmzLKfi8iB7Qh9BIY=&xsec_source=pc_user,坚持抗,,,自产笔记,AGX抗糖饮,,,
69e994fa000000002202a21c,想焕白？先提亮！内调外养养出妈生冷皮,https://www.xiaohongshu.com/explore/69e81e52000000002301edd4?xsec_token=ABXBAF0cgnvi_0AhBRXGYioVp6fEeIfDNICyOcu_Q_Yu8=&xsec_source=pc_user,先提亮,,,自产笔记,防晒+白肌,,,
69e9da6d0000000020013004,女演员拍戏暴晒不黑，原来用的是抗糖防晒！,https://www.xiaohongshu.com/explore/69e994fa000000002202a21c?xsec_token=ABOi64Ah0tDeO404zGY7A14QIjdAXaGdYW5jn1ptXWpTs=&xsec_source=pc_user,余茵11,,,自产笔记,抗糖防晒,,,
69e9e659000000001e00c731,上镜不用挑角度，每一面都嘭！润！透！,https://www.xiaohongshu.com/explore/69e9da6d0000000020013004?xsec_token=WB5b6T74QnwfYRkzspxIHbqAOkxEHzyoUzS1D8qXN7GfY=&xsec_source=pc_wind,挑角度,,,自产笔记,X白组合,,,
69e9df06000000001b02338f,防晒界的抗糖尖子生，轻松养成牛奶肌,上镜不用挑角度，每一面都嘭！润！透！ - 小红书,余茵12,,,自产笔记,抗糖防晒,,,
69eb048a000000001f00241b,30+夏季老的快？内服麦角硫因帮你扛,防晒界的抗糖尖子生，轻松养成牛奶肌 - 小红书,老的快,,,自产笔记,塑颜饮,,,
69eb0b2a0000000012012800,告别假充盈，真饱满还得靠内服麦角硫因,https://www.xiaohongshu.com/explore/69eb048a000000001f00241b?xsec_token=ABK84g0gh-sE1zPoA5ZkHKo12ZwyCXLNU-t1p4ouIWy3U=&xsec_source=pc_user,假轻盈,,,自产笔记,塑颜饮,,,
69eb1130000000001f004f08,28天重获少女感？按问题选晓姿就对了！, https://www.xiaohongshu.com/discovery/item/69eb0b2a0000000012012800?source=webshare&xhsshare=pc_web&xsec_token=YBryMm2FWD5VIpN1ZEY507dVQEIuMx7V6N-lryVZZQfRo=&xsec_source=pc_share,重获少,,,自产笔记,口服合集,,,
69eadd790000000012012805,宋祖儿同款·眼周紧致透亮的秘密藏不住了,28天重获少女感？按问题选晓姿就对了！ - 小红书,宋祖儿13,,,自产笔记,金字塔眼膜,,,
69ead0180000000012012801,别盲目叠涂了！黄垮脸的“后悔药”找到了,https://www.xiaohongshu.com/explore/69eadd790000000012012805?xsec_token=ABhC3bA9NDefbLjFsE4AW6D9PJSz6KpcXwSKE9QBPIQuw=&xsec_source=pc_user,找到了,,,自产笔记,AGT粉钻面膜,,,
69eb30cb00000000220248bb,私人飞机管家长期漂亮的技巧：有效抗糖！,https://www.xiaohongshu.com/explore/69ead0180000000012012801?xsec_token=ABhC3bA9NDefbLjFsE4AW6D16SDjdqOghjEV0rJgMQUBY=&xsec_source=pc_user,翰娜1,,,自产笔记,AGX抗糖饮,,,
69eb0dad0000000019032401,眼纹松垮，竟是因为糖？抗糖到位，眼龄倒退,https://www.xiaohongshu.com/explore/69eb30cb00000000220248bb?xsec_token=ABSB4sOt_bdTddmZ4kvJrxOhj6K_9Ri5P_6MkyEVtkDQs=&xsec_source=pc_user,松垮竟,,,自产笔记,抗糖眼霜,,,
69eb272f000000001f004377,聚会都被追着问！35+冻龄秘诀真的藏不住了,https://www.xiaohongshu.com/explore/69eb0dad0000000019032401?app_platform=android&ignoreEngage=true&app_version=9.15.0&share_from_user_hidden=true&xsec_source=app_share&type=video&noteAttributes=goods&xsec_token=CBpLT7MwbOvrYPhcUQYUyp74bLsXm4njYgORbBNReRaTA=&author_share=1&back_chain_id=goods_video_share&xhsshare=&shareRedId=ODw3Qzo1OU42NzUyOTgwNjY6OTc4STlO&apptime=1777012151&share_id=21b1fedcf6444ba09faf819a2c7da361&share_channel=qq,追着问,,,自产笔记,塑颜饮,,,
69eedcb20000000023016a84,抗老去黄没效果？姐妹你可能只做对了一半,https://www.xiaohongshu.com/explore/69eb272f000000001f004377?xsec_token=AB4o-5xx8iIVplpuZD6n2kFnmBr_QfWBcZArcr8yD6Ub0=&xsec_source=pc_user,做对了,,,自产笔记,AGXI+塑颜饮,,,
69ef28aa0000000035025dc8,惊艳！晓姿新品眼膜真不给顽固眼纹一点机会,抗老去黄没效果？姐妹你可能只做对了一半 - 小红书,真不给,,,自产笔记,抗糖眼膜,,,
69ef304f000000001e00d5bf,拒绝发腮垮脸！30+爆改弹嫩紧致肌,https://www.xiaohongshu.com/explore/69ef28aa0000000035025dc8?xsec_token=ABfNrv6BpjhGiy8MVgkPzNsZLhPF92pI5dVN_KZC5ZNeU=&xsec_source=pc_user,发腮垮,,,自产笔记,塑颜饮,,,
69f0239c000000001f00533a,拜托！熟龄肌抗老不靠项目真的太好了,拒绝发腮垮脸！30+爆改弹嫩紧致肌 - 小红书,太好了,,,自产笔记,御三家,,,
69f04bbb000000003501e745,宋祖儿空罐21盒的眼膜！建议熟龄肌人手一罐,拜托！熟龄肌抗老不靠项目真的太好了 - 小红书,宋祖儿14,,,自产笔记,金字塔眼膜,,,
69f16c51000000001e00d160,养白最后的黄金期?悄悄逆袭全身肤色,https://www.xiaohongshu.com/explore/69f04bbb000000003501e745?xsec_token=ABQZEn8m7kG2ALAf3q2zuARag264-dkhGDGAJxqAHoG3I=&xsec_source=pc_user,黄金期,,,自产笔记,光感白肌饮,,,
69f19a2800000000220265a1,蜡黄脸无限回购 轻松养出透亮感！,https://www.xiaohongshu.com/explore/69f16c51000000001e00d160?xsec_token=AByjztjH_CeZPfF4HqRFv-J3aiQNt2UF8pFwJB7aVx6-g=&xsec_source=pc_user,无限回,,,自产笔记,AGX抗糖饮,,,
69f19ba80000000035039e69,告别无效护肤！三抗合一才是 30+ 逆龄思路,蜡黄脸无限回购 轻松养出透亮感！ - 小红书,无效护,,,自产笔记,粉钻面膜,,,
69f1c44c000000001b021115,内服比外用香多了！喝出素颜能打的通透感,告别无效护肤！三抗合一才是 30+ 逆龄思路 - 小红书,香多了,,,自产笔记,X白组合,,,
69f2bbbe000000003503253b,比do脸还香的抗衰思路，黄气松垮一键清零,内服比外用香多了！喝出素颜能打的通透感 - 小红书,一键清,,,自产笔记,AGT精华+面膜,,,
69f2ec67000000002202bd06,挖到演员拍戏同款防晒！晒不黑还养肤！,比do脸还香的抗衰思路，黄气松垮一键清零 - 小红书,余茵13,,,自产笔记,抗糖防晒,,,
69f2ebc8000000002202b9ec,30+狂喜！液态麦角硫因让你“嘭”到尖叫,https://www.xiaohongshu.com/explore/69f2ec67000000002202bd06?xsec_token=WBsq__IUjADodc3KySiutvxytG6SaCIHhmzgeKI4O31FU=&xsec_source=pc_wind,到尖叫,,,自产笔记,塑颜饮,,,
69f2f01c000000001a02dc22,分时精修锁住少女脸 30+必备逆龄CP！,30+狂喜！液态麦角硫因让你“嘭”到尖叫 - 小红书,必备逆,,,自产笔记,AGXI+塑颜饮,,,
69f2f3660000000022029fca,拒绝高压日常内耗 睡眠免疫双在线,https://www.xiaohongshu.com/explore/69f2f01c000000001a02dc22?xsec_token=ABQgWeFquSC6HAjMIYovCqKIdyM2vCo9H3hwEUC2iPO9E=&xsec_source=pc_user,双在线,,,自产笔记,小紫盾,,,
69f2f5a7000000001e00ffab,28天靠内服把黄糙垮喝回去...年龄30皮肤20,https://www.xiaohongshu.com/explore/69f2f3660000000022029fca?xsec_token=ABlpvN0r_CMMVaXFhgshkDD32rkg0oG1gnG3xJCZdwF4c=&xsec_source=pc_user,喝回去,,,自产笔记,御三家,,,
69f2fe1f0000000035026bbb,别只敷黑眼圈！晓姿新品眼膜专克顽固表情纹,https://www.xiaohongshu.com/explore/69f2f5a7000000001e00ffab?xsec_token=ABDVOz90gUmrhF1vZBmlyeHIY8G81iYMzhM6xj9pSB7-g=&xsec_source=pc_user,表情纹,,,自产笔记,抗糖眼膜,,,
69fbf2880000000023004ca2,晓姿养颜内服大合集！帮你一招解放年龄焦虑,别只敷黑眼圈！晓姿新品眼膜专克顽固表情纹 - 小红书,大合集,,,自产笔记,口服合集,,,
69fc50e9000000002301558a,戒掉熬夜内耗，找回成年人松弛感,晓姿养颜内服大合集！帮你一招解放年龄焦虑 - 小红书,松弛感,,,自产笔记,小紫盾,,,
69fc5b410000000036003831,跟着女明星学眼部保养！宋祖儿太权威了！,戒掉熬夜内耗，找回成年人松弛感 - 小红书,宋祖儿15,,,自产笔记,金字塔眼膜,,,
69fc67b20000000035020545,终于找到了！宋祖儿同款眼周紧致秘籍,https://www.xiaohongshu.com/explore/69fc5b410000000036003831?xsec_token=ABkMOgSi-rXvuWbu4pANW8lUM521GYAaOh2d2XXEvT4e8=&xsec_source=pc_user,宋祖儿16,,,自产笔记,金字塔眼膜,,,
69fc726b000000001f00529b,节后黄黑皮急救|这样做居然真能变白??,终于找到了！宋祖儿同款眼周紧致秘籍 - 小红书,真能变,,,自产笔记,白肌饮,,,
69fda3ef000000001e00fccf,素颜生图依旧透嫩亮？快跟着王鹤润学抗糖！,节后黄黑皮急救|这样做居然真能变白?? - 小红书,王鹤润1,,,自产笔记,AGX抗糖饮,,,
69fda848000000002301f0b8,避开抗糖智商税！翻身秒杀同龄人！,https://www.xiaohongshu.com/explore/69fda3ef000000001e00fccf?xsec_token=ABeB30NnKD3S7iiL4p5JvvAbYeAapy9AKYNJxkE2716ZI=&xsec_source=pc_user,王鹤润2,,,自产笔记,AGX抗糖饮,,,
69fe89ff000000001b023ebc,夏日暗沉垮脸守护！晓姿7D驱动饮0元送！,https://www.xiaohongshu.com/explore/69fda848000000002301f0b8?xsec_token=AB8tVRyV9Jkeb_mOLJ9vcPWnoWptOhjBGIPw2AmTDyTHs=&xsec_source=pc_user,,,,自产笔记,7D驱动饮,,,
663dd1b9000000001e02463b,一支抗糖?防晒，30+轻松打造清透好皮肤,,原来是大姨呀,,,转载笔记,抗糖防晒,,,
663f22bc000000001e01c4d0,轻松掉秤塑造漫画身材，有这一支就够啦！,,⑥唱,,,转载笔记,VF仙女冻,,,
59cde3b9db2e6029a99da214,5月美美出行翻包 what's in my bag?,,堂小舒,,,转载笔记,VF仙女冻,,,
66473bfd000000001303f753,眼部衰老退！退！退！无惧熬夜熊猫眼~,,败家才能白富美,,,转载笔记,转载笔记,,,
66473d74000000001303c6dc,告别繁琐，贵妇快乐水打造紧致水润肌~,,闷声花大钱,,,转载笔记,转载笔记,,,
664dc9fb000000001303fe25,叮！夏天驾到，看看最近又收到了什么？,,宋伊人,,,转载笔记,产品合集,,,
664dd26200000000150096c7,新鲜出炉的爱用物分享快来看看吧~,,张佳宁Karlina,,,转载笔记,产品合集,,,
66505b7d000000000c01ae7c,身材不会骗人，跟袁姗姗一起nextlevel,,袁姗姗,,,转载笔记,VF仙女冻,,,
665064e7000000000f00d1b6,无限回购的晓姿用过的都说好！！！！,,罗予彤,,,转载笔记,产品合集,,,
6650655b0000000015013c36,好用到哭了！这些用了就离不开的晓姿！,,王佑硕,,,转载笔记,产品合集,,,
6657f84d000000001501223a,日本女生约会小心机，夏日防晒秘籍！！,,宫岛Rurika??,,,转载笔记,小银伞防晒,,,
66598dec000000001303f380,感谢晓姿！眼周嘭弹紧致，素颜真的在发光,,曾宥臻,,,转载笔记,产品合集,,,
665a87e5000000001303e0ee,抗糖防晒赢麻了！黑不了一点！,,许龄月,,,转载笔记,抗糖防晒,,,
665a86cf000000001500affd,配享太庙的防晒卷王！硬控紫外线狂晒不黑,,苏晓彤,,,转载笔记,抗糖防晒,,,
665d3e01000000000f00d1b4,黄黑皮姐妹的夏日守护神来了,,毛绒脆脆蟹,,,转载笔记,抗糖防晒,,,
665d3c26000000000f00ffd1,夏日午后|来杯DIY贵妇逆龄漂亮水,,Bobo0113,,,转载笔记,7D驱动饮,,,
66598ffb000000000c018d0c,女明星爱用好物分享！养出少女眼的秘?！,,王鹤润,,,转载笔记,金字塔眼膜,,,
66600809000000000f00f2a1,眼纹橡皮擦！女明星超爱的眼膜2.0！,,陈瑶,,,转载笔记,金字塔眼膜,,,
6662ce68000000001500808b,沉浸式抗衰？内服好物藏不住了！,,辛波小咔,,,转载笔记,7D驱动饮,,,
6662d084000000000f00c196,针对性内服？保持少女肌的秘?,,jj,,,转载笔记,AGX抗糖饮,,,
6662d381000000000f00e564,贵妇级内服宝藏 入手它的姐妹有福了！,,"
qwjoanna",,,转载笔记,AGX抗糖饮,,,
6662c582000000000f00c3f2,25+女生熬夜垮脸自救指南,,新品、25+垮脸,,,转载笔记,7D驱动饮,,,
666ac89c000000001d01b31b,真后悔没早吃！轻盈体态原来这么简单！,,ZoeZhouzhou,,,转载笔记,VF仙女冻,,,
666a994e000000001c022ed5,身材管理的有福了！轻断食姐妹的活爹！,,沈建国,,,转载笔记,VF仙女冻,,,
666ba44b000000001c020523,黄黑皮的姐妹们！快来上逆袭顺风车！,,Tyou ran哈比,,,转载笔记,抗糖防晒,,,
666bda09000000001c022203,垮脸姐妹请进来！养出素颜发光肌~-,,毛哥毛小毛,,,转载笔记,AGX抗糖饮,,,
666bfe1c000000001d01902d,逆龄宝藏单品|垮脸姐妹都在要链接！,,霹雳wa哇,,,转载笔记,AGX抗糖饮,,,
6672ac63000000001c023843,发光肌＋胶原脸！冻龄连招一键式回春！,,JJ、彭王者,,,转载笔记,X白组合,,,
6672af87000000001d017ab8,黄金内服cp！这把是高端抗衰局??,,JJ、辛波小咔,,,转载笔记,7D驱动饮+AGX,,,
6673fe6c000000001c03522a,"挑对眼膜??眼周垮态问题一网打尽！
",,,,,转载笔记,金字塔眼膜,,,
6674e3d6000000001d01911e,抗糖从女大抓起，养出素颜少女肌,,Ziki则熹,,,转载笔记,AGX抗糖饮,,,
6675413a000000001c034edd,朋友：和你出来炫饭要卷死谁？！,,及七七Katie,,,转载笔记,VF仙女冻,,,
667d013c000000001d0168ed,夏日防晒来啦！早八人别错过能抗糖的防晒！,,??曼曼子,,,转载笔记,抗糖防晒,,,
667cff76000000001c036c1d,夏日阳光公敌！防晒还养肤？晓姿求你别太卷,,Nic xiao,,,转载笔记,小银伞防晒,,,
667e16ee000000001c029aea,越减越上头，so下来真的穿什么都好看,,Gillianss,,,转载笔记,VF仙女冻,,,
668283c600000000050075ba,日常翻包 | 包内私藏防晒好物分享,,丹小懒的日常??,,,转载笔记,小银伞防晒,,,
6686074a000000000a02770a,一白遮三丑的白肌饮来喽！！！,,彭王者,,,转载笔记,白肌饮,,,
668642f70000000005006155,贵妇眼膜真的妙！眼周细纹连夜跑,,dy,,,转载笔记,金字塔眼膜,,,
6687979a0000000005004acd,眼周抗老要趁早！贵妇眼膜重拳出击！,,徐卷卷,,,转载笔记,金字塔眼膜,,,
6687bcfc000000000a007246,防晒界的全能ace 黄黑皮必备！！,,姜大禾,,,转载笔记,抗糖防晒,,,
669101d90000000025005e33,AGTHEORY｜玫瑰系列粉钻精华,,,,,转载笔记,小粉钻,,,
6691013d0000000025002190,新品|冰川玫瑰三抗系列，定义护肤新时代,,,,,转载笔记,AGT全系列,,,
669484a400000000250010b7,晓姿三抗系列小粉砖面膜，逆龄紧塑新纪元,,,,,转载笔记,小粉砖精华面膜,,,
669a1e200000000025004ffa,月入六万 “小富婆”vlog 很喜欢自由的状态,,不可食用小猫??,,,转载笔记,冰美式眼膜,,,
669a35b2000000000a00490c,AGTHEORY晓姿冰川玫瑰三抗系列｜7.22上线,,,,,转载笔记,AGT全系列,,,
669a34b2000000002500353e,和陈瑶一起解锁少女眼的秘籍！,,,,,转载笔记,金字塔眼膜,,,
669a0d35000000000a007cbf,VLOG?把自己当女主来养 养出干净舒服的气,,Atuo_颜料,,,转载笔记,7D驱动饮,,,
669a16d00000000025004e78,防晒届的扛把子｜用了肤色已经next level了,,晴崽,,,转载笔记,小银伞防晒,,,
669e188e000000000a025020,AGX抗糖|跟随主播探秘还原素颜美貌的秘?,,直播切片,,,转载笔记,AGX抗糖饮,,,
66a09fff0000000003026b56,AGX抗糖|跟随主播探秘还原素颜美貌的秘?,,直播切片,,,转载笔记,AGX抗糖饮,,,
66a2031b000000002701f747,打工人周末Vlog,,晴崽,,,转载笔记,小银伞防晒,,,
66a2037400000000270103ea,告别疲态！25+模特眼部抗衰指南～,,斯坦,,,转载笔记,金字塔眼膜,,,
66a3710500000000050336e0,内服扛把子|养成“白雪公主”,,,,,转载笔记,白肌饮,,,
,暴晒不黑！防晒有它就够了，易黑党进!,,,,,转载笔记,小银伞防晒,,,
66b49305000000000502336c,学会清理体内糖化，快速焕新重启！,,,,,转载笔记,AGX抗糖饮,,,
66bc71350000000025033ed6,我的夏日搭子,,王影璐,,,转载笔记,小银伞防晒,,,
66bd6c070000000005022090,糖化脸拜拜啦，素颜也能嫩回20+,,Naomimimi,,,转载笔记,AGX抗糖饮,,,
66c6a5f8000000001d03adbf,创飞熊猫眼！这眼膜真爱了！,,村井钩子,,,转载笔记,冰美式眼膜,,,
,"routine|模特日常眼部护理?上镜星星眼养成
",,爱吃面包小蛋糕,,,转载笔记,金字塔眼膜,,,
66c6f8b9000000001f015970,"再一次被抗糖防晒的显著效果给震撼到！
",,一颗草莓,,,转载笔记,抗糖防晒,,,
66c6fa17000000001f016bd7,原来抗糖这么顶！素颜状态已经next level,,许曦木,,,转载笔记,AGX抗糖饮,,,
66d0574e000000001d03b65c,“冰美式”眼膜，熬夜眼睛好搭子,,小刘的流水日记,,,转载笔记,冰美式眼膜,,,
66d1387a000000001d03bbd8,买支防晒连精华都省了，真的越涂越嫩,,Nic xiao,,,转载笔记,小银伞防晒,,,
66d9707e0000000025033ff3,挖到了抗糖逆龄好物，少女肌get,,fanfan不烦,,,转载笔记,AGX抗糖饮,,,
66d975f400000000270015c5,Vlog.24岁裸辞后我决定重新养自己一遍?,,就叫阿鱼??,,,转载笔记,护眼丸,,,
66dfb35d00000000260320d3,眼周嫩滑|跟张馨予一起解锁星星眼秘诀,,张馨予,,,转载笔记,金字塔眼膜,,,
66dfbd58000000001e01b838,快来和张馨予探索眼周紧致好状态,,张馨予,,,转载笔记,金字塔眼膜,,,
66e2888f000000001e0187e1,??永远会被玫瑰治愈,,小Snow,,,转载笔记,粉钻cp,,,
66e5299e000000001e01ab53,晓姿新品粉钻CP！让肌肤吃上回春红利！,,张曼慢慢长胖,,,转载笔记,粉钻cp,,,
66f4d624000000001902f9be,被这支防晒硬控了大半辈子！,,一只小奶熊,,,转载笔记,抗糖防晒,,,
66f4d7b6000000001902dcd4,谢谢！突然对防晒失去了兴趣。。,,重生之年世兰,,,转载笔记,抗糖防晒,,,
6708d6a0000000001902f82d,女明星同款眼部护理全流程！眼周K老大满贯,,小姨妈_阿h,,,转载笔记,金字塔眼膜,,,
6708d5d3000000001a022ec7,这就是贵妇级防晒吗？既能防晒还能养肤??,,菡猪睡了,,,转载笔记,抗糖防晒,,,
670a2af70000000016021475,享受甜品的同时也要拒绝糖化！,,灰灰eidolonnn,,,转载笔记,X白组合,,,
671205a8000000001402f13e,女人衰老从卵巢开始！贵妇养护还得看晓姿！,,桃子养生日记,,,转载笔记,养雌小粉果,,,
6715e9bd0000000021009047,34+姐姐2步告别焦糖肌???油敷教程??,,Celine陈筠卿,,,转载笔记,AGT精华+面膜,,,
67176c1b000000002401a22e,热知识：一年四季都要防晒,,Im大溪,,,转载笔记,抗糖防晒,,,
671873f3000000001b02c58d,通宵不睡觉也不能忘了爱自己??,,羊elsa,,,转载笔记,护肝片,,,
6722056e000000001b02a6a4,秋冬也不能忽略防晒，这支三合一真的爱惨了,,一只茄,,,转载笔记,抗糖防晒,,,
6724738f000000001901b5b1,眼膜界的“冰美式”？好用到发癫了……,https://www.xiaohongshu.com/explore/6724738f000000001901b5b1?xsec_token=ABARJqSCBIr_0sg5VSK634R2P9Ev0fYonbMKJT7Ea78sw=&xsec_source=pc_user,肉肉Rrr_rou,,,转载笔记,冰美式眼膜,,,
6724a92e000000003c01ba45,长期抗糖后，对漂亮产生执念了…,https://www.xiaohongshu.com/explore/6724a92e000000003c01ba45?xsec_token=ABARJqSCBIr_0sg5VSK634R1pIvvxAOXCovVIwVTWxU6M=&xsec_source=pc_user,邱怡怡宝,,,转载笔记,AGX抗糖饮,,,
672c2b00000000003c01b2d6,30+自律女生也能嫩回18岁？抗糖是关键！,https://www.xiaohongshu.com/explore/672c2b00000000003c01b2d6?app_platform=android&ignoreEngage=true&app_version=8.59.0&share_from_user_hidden=true&xsec_source=app_share&type=video&xsec_token=CBXzSMiRQsvK6_LyUMT8jO9ae3IclegWiez-sFI2lLhiA=&author_share=1&xhsshare=CopyLink&shareRedId=Nz9FREg4RkJKSTdHPzgyP0c8QktFNzc9&apptime=1730948105&share_id=153c2caf1faf4dc1a1b0d53115b17c32,最酷汤圆,,,转载笔记,AGX抗糖饮,,,
672c2be7000000003c017dd9,嫩出新高度！爱自己才是长期坚持的意义~,https://www.xiaohongshu.com/explore/672c2be7000000003c017dd9?app_platform=android&ignoreEngage=true&app_version=8.59.0&share_from_user_hidden=true&xsec_source=app_share&type=video&xsec_token=CBXzSMiRQsvK6_LyUMT8jO9W5K_E47YXCY4JK-0PxqWRs=&author_share=1&xhsshare=CopyLink&shareRedId=Nz9FREg4RkJKSTdHPzgyP0c8QktFNzc9&apptime=1730948116&share_id=d5662cc506984ee796fe350041244084,大脸公主??,,,转载笔记,AGX抗糖饮,,,
672c7aff000000001a01ebd2,关于我皮肤为什么这么好的原因......,https://www.xiaohongshu.com/explore/672c7aff000000001a01ebd2?xsec_token=ABVVNaqoh8x_DWRGJRy8fqSMnkPoSueohkIOl8jnSnSiE=&xsec_source=pc_user,Oooooop,,,转载笔记,粉钻cp,,,
672c799a000000001901a054,空乘Vlog|欢迎收看??我白折腾的一天??,https://www.xiaohongshu.com/explore/672c799a000000001901a054?xsec_token=ABVVNaqoh8x_DWRGJRy8fqSCATpyMdnDEsetkVv-TIGSo=&xsec_source=pc_user,小刘的流水日记,,,转载笔记,金字塔眼膜,,,
67345194000000003c01f8d1,贵妇圈吹爆了的内服！真这么好用？,贵妇圈吹爆了的内服！真这么好用？ - 小红书,小liya呀,,,转载笔记,X白组合,,,
6734738c000000003c01f6fa,养卵巢=养年轻?养出姨妈规律气色美,养卵巢=养年轻?养出姨妈规律气色美 - 小红书,江姜好,,,转载笔记,养雌小粉果,,,
67345194000000003c01f8d1,,https://www.xiaohongshu.com/explore/673d84200000000002018cfd?xsec_token=ABbtb0Qfmx-dBZJ8dYqPDA6UjR_m2SrXi_Ap4TklhZ-ig=&xsec_source=pc_user,化妆师Rachel,,,转载笔记,AGX抗糖饮,,,
673d86c5000000000202c2f4,,https://www.xiaohongshu.com/explore/673d86c5000000000202c2f4?xsec_token=ABbtb0Qfmx-dBZJ8dYqPDA6d5S7KYav117nexHMbq130A=&xsec_source=pc_user,Whale_鲸鲸,,,转载笔记,VF仙女冻,,,
673d881200000000020381ae,,https://www.xiaohongshu.com/explore/673d881200000000020381ae?xsec_token=ABbtb0Qfmx-dBZJ8dYqPDA6cikg7NHooR6dWbmXDuPKqc=&xsec_source=pc_user,不是虾虾,,,转载笔记,护肝片,,,
6749b6e200000000020180eb,日常翻包vlog?|秋日??氛围感包包??～,https://www.xiaohongshu.com/explore/6749b6e200000000020180eb?xsec_token=ABKstAJUJYTU9vibnZpvFiaT07Jpw20d33zqvcfyQmwl8=&xsec_source=pc_user,丹小懒的日常??,,,转载笔记,护眼丸,,,
6749b63e000000000202cbdb,你出生的第一百天 也是我们当父母的一百天,https://www.xiaohongshu.com/explore/6749b63e000000000202cbdb?xsec_token=ABKstAJUJYTU9vibnZpvFiaZ09PV62Simqu6Tf7AQFVHQ=&xsec_source=pc_user,黄雪纯Yoga（当妈版）,,,转载笔记,白肌饮pro,,,
674faca90000000008006fcd,干皮抗舒适区！晓姿粉钻CP功不可没！,https://www.xiaohongshu.com/explore/674faca90000000008006fcd?xsec_token=AB1FVGaeWMdrC0Z-U5GRRyd0ig2YFAQFPa5LmuFxjCTYM=&xsec_source=pc_user,崽耶,,,转载笔记,粉钻cp,,,
67579c210000000002024d64,vlog：）00后日入五位数模特一周拍摄日常,https://www.xiaohongshu.com/explore/67579c210000000002024d64?xsec_token=ABiNu4xoxNkpPy31yPiQmjkd5yyCbeWmOdMX2Sg00rsns=&xsec_source=pc_user,喜二滋,,,转载笔记,X白组合,,,
6758f7d4000000000603f0d1,跟着女明星学眼周急救|眼纹真的淡啦…,https://www.xiaohongshu.com/explore/6758f7d4000000000603f0d1?xsec_token=ABR1y1ibV-jTiLqVM9eZTrRFSj-hW6SBnEthnKEKpFO9U=&xsec_source=pc_user,王小花的胖鱼,,,转载笔记,金字塔眼膜,,,
67590a13000000000102a0e3,高段位细胞级内服，焕活肌肤年轻态,https://www.xiaohongshu.com/explore/67590a13000000000102a0e3?xsec_token=ABDhja2-3Pn_Mx77A9cuhMYuFLDb6VIvk6BHuoFMT4xbQ=&xsec_source=pc_user,小白花miu,,,转载笔记,X白组合,,,
6763e10c000000000b00cb0b,养护小花园的秘密来啦~养巢人闭眼冲！,https://www.xiaohongshu.com/explore/6763e10c000000000b00cb0b?app_platform=android&ignoreEngage=true&app_version=8.66.0&share_from_user_hidden=true&xsec_source=app_share&type=video&xsec_token=CBQxyX7QGkblRDkfPK2aPjbquaopnuoQDCZDppiqNVpX0=&author_share=1&xhsshare=CopyLink&shareRedId=Nz9FREg4RkJKSTdHPzgyP0c8QktFNzc9&apptime=1734598931&share_id=2bd9679884874d1b933f44f0308c1b39,谷芽谷芽,,,转载笔记,养雌小粉果,,,
6763e1fc000000001300840f,好心态决定一切！眼部护理才是年轻的秘诀！,https://www.xiaohongshu.com/explore/6763e1fc000000001300840f?app_platform=android&ignoreEngage=true&app_version=8.63.0&share_from_user_hidden=true&xsec_source=app_share&type=video&noteAttributes=goods&xsec_token=CBj4BxzgTrBcsToDD4kCb1czoLlcOQOsBUFLBd9WjIfq0=&author_share=1&xhsshare=CopyLink&shareRedId=ODw3Qzo1OU42NzUyOTgwNjY6OTc4STlO&apptime=1734599175&share_id=1fa394aa679d457a835fb061673d91dd,你的吱崽,,,转载笔记,金字塔眼膜,,,
6769119b000000000b01577e,晓姿驱动饮才是素颜党的神！！垮脸党速来！,https://www.xiaohongshu.com/explore/6769119b000000000b01577e?xsec_token=AB1PMSDmmHPgw6so52E0vhyOVZrfyNeQWyiqIPk55GQkE=&xsec_source=pc_user,柠柯KEKE,,,转载笔记,7D驱动饮,,,
6769180e000000000b0238bf,您的肤色“保镖”已就位！喝出妈生牛奶肌！,https://www.xiaohongshu.com/explore/6769180e000000000b0238bf?xsec_token=ABRYDDfPCIKfY1-gVDpx3cSazwRqOiYGHCP0k2ZOGEtFM=&xsec_source=pc_user,shuuuii,,,转载笔记,白肌饮,,,
6773bd70000000000900ca02,什么??下颌线喝出来了！,https://www.xiaohongshu.com/explore/6773bd70000000000900ca02?xsec_token=AB2BZS2NmtLfrY8v9BvYyFeKQsxXOcAMD4ovEfYA1d-qE=&xsec_source=pc_user,人间清醒Max,,,转载笔记,7D驱动饮,,,
6777536d0000000013008dcb,熬夜脸自救上岸！嫩脸特种兵就是它！,https://www.xiaohongshu.com/explore/6777536d0000000013008dcb?xsec_token=ABgPWitO0ZuzU0QJE1XirCjOU-ETlPo-paArtVwYnz0-8=&xsec_source=pc_user,机智的肥羊,,,转载笔记,AGT粉钻面膜,,,
6777520c000000000b0161a7,轻松爆改黄黑皮！靠它变冷皮还是太超过了！,https://www.xiaohongshu.com/explore/6777520c000000000b0161a7?xsec_token=AB438_K8qtuslH_TZdJRaWpIQVCyW4lcxXwmioDqcOO3w=&xsec_source=pc_user&source=web_user_page,李鉴霏GoGo,,,转载笔记,白肌饮,,,
677e574400000000010023c9,黄黑垮快来！不止脸部！这次让你全身蜕变！,https://www.xiaohongshu.com/explore/677e574400000000010023c9?xsec_token=ABtJxWdBbUsiNjckTDTwkTueQ2AFF-pkdLSpNpWK4niWE=&xsec_source=pc_user,Sophine大洪、鸡腿宝,,,转载笔记,X白组合,,,
6780f44d000000000b01750d,细纹拜拜！重现少女?眼,https://www.xiaohongshu.com/explore/6780f44d000000000b01750d?xsec_token=ABvnryr-QvedEI9ikRfzf2yY2Z6jJuXnGo_elsoUH1FuA=&xsec_source=pc_user,"
krysti是纯纯子",,,转载笔记,金字塔眼膜,,,
6785b7f7000000000b02013d,抗糖的威力还是被低估了！,https://www.xiaohongshu.com/explore/6785b7f7000000000b02013d?xsec_token=ABqFZGPP6lqmH6_Ld4bkHrnzZZz1vv-pXM5C5Pj-h1Fa0=&xsec_source=pc_user,一头蒜,,,转载笔记,AGX抗糖饮,,,
6788b77d000000001d010b8c,NightRoutine|28+精致姐姐下班后奢宠护理,https://www.xiaohongshu.com/explore/6788b77d000000001d010b8c?app_platform=android&ignoreEngage=true&app_version=8.68.5&share_from_user_hidden=true&xsec_source=app_share&type=video&noteAttributes=goods&xsec_token=CBB7ZVCphuWAMcV_5_awv_aX0nteknXA0liK1TCsyhpwI=&author_share=1&xhsshare=CopyLink&shareRedId=Nz9FREg4RkJKSTdHPzgyP0c8QktFNzc9&apptime=1737013129&share_id=c57b715efd6e458d860e950045f8e5a7,九九睡不醒,,,转载笔记,白肌饮,,,
6789f6cc000000001802a420,黑眼圈眼纹??看看中国在英留学生怎么做,https://www.xiaohongshu.com/explore/6789f6cc000000001802a420?xsec_token=ABNd_psO8BVFFHgeezSSCWsrFczx_C6xMpO8Rxeh4YWKA=&xsec_source=pc_user,Nico妮妮,,,转载笔记,金字塔眼膜,,,
678df058000000001602f02e,出席活动也别忘了眼部状态保养哦~,https://www.xiaohongshu.com/explore/678df058000000001602f02e?app_platform=android&ignoreEngage=true&app_version=8.69.1&share_from_user_hidden=true&xsec_source=app_share&type=video&noteAttributes=goods&xsec_token=CBZ1_FDbTvqzcsyF_XQY5yvUqahSjhT8G3y0PmMxVQ7zo=&author_share=1&xhsshare=CopyLink&shareRedId=ODw3Qzo1OU42NzUyOTgwNjY6OTc4STlO&apptime=1737355369&share_id=7d76cc9238c74d7a9ac976be771d1592&share_channel=copy_link,czy头上有两个坑,,,转载笔记,金字塔眼膜,,,
6792209a000000001801bef9,年前美美哒！晓姿白肌饮Pro尊嘟牛！,https://www.xiaohongshu.com/explore/6792209a000000001801bef9?app_platform=android&ignoreEngage=true&app_version=8.69.1&share_from_user_hidden=true&xsec_source=app_share&type=video&noteAttributes=goods&xsec_token=CBeWl30RhTGGKp4ItrQZzJ1kBv1Uri49kHgYzYbtTxpZI=&author_share=1&xhsshare=CopyLink&shareRedId=Nz9FREg4RkJKSTdHPzgyP0c8QktFNzc9&apptime=1737629862&share_id=ead88653a8614dfcb01de8c2e7904150&share_channel=copy_link,黄焖渽民饭,,,转载笔记,白肌饮,,,
6792fa1500000000290131e5,幸福感来源??今天也有好好护肤～,幸福感来源??今天也有好好护肤 - 小红书,一勺欣,,,转载笔记,粉钻cp,,,
67b575fb000000001201fb34,新年vlog??小情侣和朋友跨年 吃饭逛超市,https://www.xiaohongshu.com/explore/67b575fb000000001201fb34?xsec_token=AB1K4FlatWadaIy74aDf3GIp-30_npm-HqRPWHdA1Yg7k=&xsec_source=pc_user,Babycc,,,转载笔记,白肌饮,,,
67b559210000000006038dbe,vlog丨好状态是我的底气??,https://www.xiaohongshu.com/explore/67b559210000000006038dbe?xsec_token=AB1K4FlatWadaIy74aDf3GIhriWcRHl0hYPqbadH0L37E=&xsec_source=pc_user,若语Rae,,,转载笔记,AGX抗糖饮,,,
67b847f90000000029015df4,春夏必备的轻薄防晒，用它画个高级感千金妆,https://www.xiaohongshu.com/explore/67b847f90000000029015df4?xsec_token=ABX-6lI8j23LjJEg-0bk0i7GTUAo85Yb6U8fNingxwJX8=&xsec_source=pc_user,魏奕白Vera,,,转载笔记,抗糖防晒,,,
67be7ce70000000028036aa2,night vlog｜幸福感来源，今天也有好好护肤,https://www.xiaohongshu.com/explore/67be7ce70000000028036aa2?xsec_token=ABemT8xuFUyo984kCu-w2Kdg18ZW1YO8cuNjtzQWMxDxs=&xsec_source=pc_collect,一勺欣,,,转载笔记,粉钻cp,,,
67be7e3d000000002902574f,vlog｜gap时间好喜欢慢悠悠的日子,https://www.xiaohongshu.com/explore/67be7e3d000000002902574f?xsec_token=ABemT8xuFUyo984kCu-w2KdrROppds_prNz-SfrZJqWiw=&xsec_source=pc_collect,羊elsa,,,转载笔记,金字塔眼膜,,,
67be890e0000000006038975,晓姿AGX抗糖饮｜糖化bye-bye，透亮肌GET！,https://www.xiaohongshu.com/explore/67be890e0000000006038975?xsec_token=ABLuOQzOzmauYnNHvUGL0A3vvYP1kYu2J3-SdPkmJCneg=&xsec_source=pc_user,婧威vivi,,,转载笔记,AGX抗糖饮,,,
67c801660000000029013d53,贵妇抗老新宠！晓姿粉钻CP鲨疯了！,https://www.xiaohongshu.com/explore/67c801660000000029013d53?app_platform=android&ignoreEngage=true&app_version=8.72.0&share_from_user_hidden=true&xsec_source=app_share&type=video&noteAttributes=goods&xsec_token=CBDphMI8weLL1faqBJZA0fhn-pXzotYKEEfuWjh5ACysQ=&author_share=1&xhsshare=CopyLink&shareRedId=ODw3Qzo1OU42NzUyOTgwNjY6OTc4STlO&apptime=1741160811&share_id=05962fac526445e0b7370c37a6300739&share_channel=copy_link,Babyq,,,转载笔记,粉钻cp,,,
67c8008d000000002902d0f4,内抗糖外焕亮！晓姿王炸CP横空出世！,https://www.xiaohongshu.com/explore/67c8008d000000002902d0f4?app_platform=android&ignoreEngage=true&app_version=8.72.0&share_from_user_hidden=true&xsec_source=app_share&type=video&noteAttributes=goods&xsec_token=CBDphMI8weLL1faqBJZA0fhigWKaDU3Lp85GcaJLkxkiw=&author_share=1&xhsshare=CopyLink&shareRedId=ODw3Qzo1OU42NzUyOTgwNjY6OTc4STlO&apptime=1741160595&share_id=5c8c6ff2a6d944418de213265be8b861&share_channel=copy_link,"6??唱 
薇薇啊",,,转载笔记,抗糖饮+粉钻面膜,,,
67c823ed000000000900cc77,揭秘女明星抗糖真相，打破保养信息差,https://www.xiaohongshu.com/explore/67c823ed000000000900cc77?app_platform=android&ignoreEngage=true&app_version=8.72.0&share_from_user_hidden=true&xsec_source=app_share&type=normal&xsec_token=CBdFTIM8KneTKuvNjAmPG351SaFh_FuDZwHke7ymEGN_Y=&author_share=1&xhsshare=QQ&shareRedId=Nz9FREg4RkJKSTdHPzgyP0c8QktFNzc9&apptime=1741169648&share_id=93a5ce95d645468bb20e164307e294f1&share_channel=qq,_irinazengx,,,转载笔记,AGX抗糖饮,,,
67c97df9000000002803fd65,粉金富贵花|谁懂这支防晒的含金量??,https://www.xiaohongshu.com/explore/67c97df9000000002803fd65?xsec_token=ABax_T8-0g3sMkuMDRQ4xS0qkOm8Nhzk9J0qHL5FA-1no=&xsec_source=pc_user,奇迹小谁,,,转载笔记,抗糖防晒,,,
67c9845d000000000900cadd,过了30岁这些东西就买好的！,https://www.xiaohongshu.com/explore/67c9845d000000000900cadd?xsec_token=ABax_T8-0g3sMkuMDRQ4xS0iF_xj-4netWVBEiZWEsVGE=&xsec_source=pc_user,小朱本人,,,转载笔记,光感白肌饮,,,
67d242d5000000000b017050,模特拍摄day 晒太阳暴走2w+,https://www.xiaohongshu.com/explore/67d242d5000000000b017050?xsec_token=ABqkOK8SWtuFMrttJZwL9jZQQEeRSSjUOTurRUcr3oH08=&xsec_source=pc_collect,周粥cube,,,转载笔记,光感白肌饮,,,
67d245bd000000000603ef49,比同龄人年轻十岁的方法,https://www.xiaohongshu.com/explore/67d245bd000000000603ef49?xsec_token=ABqkOK8SWtuFMrttJZwL9jZbH-V2SOgORASkfjPyViEY0=&xsec_source=pc_collect,Lakifei,,,转载笔记,7D驱动饮,,,
67d28ed5000000001e004578,GRWM for bed?,https://www.xiaohongshu.com/explore/67d28ed5000000001e004578?xsec_token=AB6SN3OIhVFsskIgGsh6P4YWU_WVwi5NqB7ChxQVldHBw=&xsec_source=pc_collect,Clemmie,,,转载笔记,粉钻cp,,,
67d28f5a000000000900e9aa,160 93｜维持体重｜铁锅炖大鹅??吃到肚子,https://www.xiaohongshu.com/explore/67d28f5a000000000900e9aa?xsec_token=AB6SN3OIhVFsskIgGsh6P4Yb7bQf2zNlTePdVWZaqCwT4=&xsec_source=pc_collect,酸野泡焦,,,转载笔记,养雌小粉果,,,
67d9357a0000000003029101,38购物分享???和春天一起复苏的还有购物,https://www.xiaohongshu.com/explore/67d9357a0000000003029101?xsec_token=ABVykudVmAm-Jx-yNGuUqbSh5kF22V9SQXy9bO486368E=&xsec_source=pc_user,拾柒,,,转载笔记,光感白肌饮,,,
67d934a4000000001203fd55,42岁｜2025，姐的脸又紧了,https://www.xiaohongshu.com/explore/67d934a4000000001203fd55?xsec_token=ABVykudVmAm-Jx-yNGuUqbShkW7eEgu1e5QbrBVs1dlkw=&xsec_source=pc_user,周芳芳芳,,,转载笔记,7D驱动饮,,,
67d91ed9000000001e0097c4,Vlog 沉浸式出门??治愈系 Morning routin,https://www.xiaohongshu.com/explore/67d91ed9000000001e0097c4?app_platform=android&ignoreEngage=true&app_version=8.72.0&share_from_user_hidden=true&xsec_source=app_share&type=video&noteAttributes=goods&xsec_token=CB6aLgIFMg3liFDXxEOVF908eJVjJrpk9e3H8kIjaWu3U=&author_share=1&xhsshare=CopyLink&shareRedId=ODw3Qzo1OU42NzUyOTgwNjY6OTc4STlO&apptime=1742282493&share_id=85432c16536449b1bd5d33c7db482345&share_channel=copy_link,"小豆子Tammy
",,,转载笔记,粉钻cp,,,
67d93683000000000602a82a,赶在露肤季前！打赢肤色逆袭战??,https://www.xiaohongshu.com/explore/67d93683000000000602a82a?xsec_token=ABVykudVmAm-Jx-yNGuUqbSlqa8WCpmJdd2IfEbP88Lsk=&xsec_source=pc_user,"好迷人
Lara元气蛋",,,转载笔记,AGX+光感白肌饮,,,
67ece481000000001c02a88b,无工具版眼部护理分享，养出无纹星星眼,https://www.xiaohongshu.com/explore/67ece481000000001c02a88b?xsec_token=ABa4QYjD7R-PmYfiSTO5tHpU8GRPTrfregFypp-llSu9U=&xsec_source=pc_user,潘艺桐是一颗珍珠,,,转载笔记,金字塔眼膜,,,
67ece336000000001c033e28,ins网感氛围草莓牛奶妆??粉嘟嘟的春日妆,https://www.xiaohongshu.com/explore/67ece336000000001c033e28?xsec_token=ABa4QYjD7R-PmYfiSTO5tHpZMZHIvbicNERF5U_YTwwHA=&xsec_source=pc_user,竹秋,,,转载笔记,抗糖防晒,,,
67f4de83000000001c01c4af,淡颜一定要尝试一次！！黑发红唇中式气血感,淡颜一定要尝试一次！！黑发红唇中式气血感 - 小红书,小常,,,转载笔记,抗糖防晒,,,
67f5c7f9000000001c015244,抗糖防晒当隔离？暴晒底妆也纹丝不动！,https://www.xiaohongshu.com/explore/67f5c7f9000000001c015244?xsec_token=ABFQU1OQYZKdlmR0lmId1nmao61UOVrVoKZN1SSPsWosg=&xsec_source=pc_user,小叶多多,,,转载笔记,抗糖防晒,,,
67f5e8aa000000001c00e6a8,富养自己内调抗糖还原贵妇质感,https://www.xiaohongshu.com/explore/67f5e8aa000000001c00e6a8?xsec_token=ABFQU1OQYZKdlmR0lmId1nmbAenWkC2DcZU-ob7t5kNZM=&xsec_source=pc_user,人间清醒Max,,,转载笔记,AGX抗糖饮,,,
680095dc000000001c02e27a,眼周护理，就选晓姿4D金字塔眼膜！,https://www.xiaohongshu.com/explore/680095dc000000001c02e27a?app_platform=android&ignoreEngage=true&app_version=8.72.0&share_from_user_hidden=true&xsec_source=app_share&type=video&noteAttributes=goods&xsec_token=CBMSCsG2dWXG7pjsNVmlXvu1EBBX4dhgReSM9oS7VKk8A=&author_share=1&xhsshare=CopyLink&shareRedId=ODw3Qzo1OU42NzUyOTgwNjY6OTc4STlO&apptime=1744868870&share_id=1e15ae2d92f4462baa27ddc2acbda29a&share_channel=copy_link,大布欧aiko,,,转载笔记,金字塔眼膜,,,
6808400d000000001c01654d,30+找对方法，简单一步紧致淡纹,https://www.xiaohongshu.com/explore/6808400d000000001c01654d?app_platform=android&ignoreEngage=true&app_version=8.72.0&share_from_user_hidden=true&xsec_source=app_share&type=video&noteAttributes=goods&xsec_token=CBtOFn9VKquQrYNm1zww7PiogTqrmvi0HZrPoh6v567sA=&author_share=1&xhsshare=CopyLink&shareRedId=ODw3Qzo1OU42NzUyOTgwNjY6OTc4STlO&apptime=1745371156&share_id=cc1e40f5c5a1409f877e70a0b6859638&share_channel=copy_link,辣一布布,,,转载笔记,金字塔眼膜,,,
680842c5000000001d0049c5,10w人看过白月光教程??一键养出光感冷皮,https://www.xiaohongshu.com/explore/680842c5000000001d0049c5?app_platform=android&ignoreEngage=true&app_version=8.78.1&share_from_user_hidden=true&xsec_source=app_share&type=video&noteAttributes=goods&xsec_token=CBF8ZhOnwzsLZP8HXKMQ9U7JFujuTaBvTKidnroigt0NI=&author_share=1&xhsshare=CopyLink&shareRedId=Nz9FREg4RkJKSTdHPzgyP0c8QktFNzc9&apptime=1745371859&share_id=7f51368f760349ac9bf9354943098774&share_channel=copy_link,在下肥兔兔,,,转载笔记,光感白肌饮,,,
680f535100000000230003bc,春日贵气感神妆少不了这个轻薄防晒！,https://www.xiaohongshu.com/explore/680f535100000000230003bc?xsec_token=AB3eenRnZ7FfppI__42Q98eBSLcByXr1Vg3RBRqMheQsY=&xsec_source=pc_user,爱吃芋圆lo,,,转载笔记,抗糖防晒,,,
681b0fa500000000220287b0,防晒还能抗糖？晒黑老化毁底妆统统走开！,https://www.xiaohongshu.com/explore/681b0fa500000000220287b0?xsec_token=ABFmkG6I8fKBG9DrQI-ieKs0vwzsxS24JC8ue8MG3WX7g=&xsec_source=pc_user,瞌睡小汁^,,,转载笔记,抗糖防晒,,,
68259922000000002300014a,拆快递vlog??不愧是眼膜界的冰美式！,https://www.xiaohongshu.com/explore/68259922000000002300014a?app_platform=android&ignoreEngage=true&app_version=8.81.0&share_from_user_hidden=true&xsec_source=app_share&type=video&noteAttributes=goods&xsec_token=CBBRMEMIhBLvqGPgZRPweRe3M74LEjmXLnDdqBmA0CxZk=&author_share=1&xhsshare=CopyLink&shareRedId=ODw3Qzo1OU42NzUyOTgwNjY6OTc4STlO&apptime=1747294506&share_id=1b8ac06ae2794040ae90a5af40926cb4&share_channel=copy_link,摇摇猪崽,,,转载笔记,冰美式眼膜,,,
6825a91f0000000021005e40,胶原产品不会选？看这个视频就够了！,https://www.xiaohongshu.com/explore/6825a91f0000000021005e40?xsec_token=ABl6Xu_J78lxRpl-LH6WzREBLi9aL1W5AuNRam7fKQugU=&xsec_source=pc_user,雅姐是我,,,转载笔记,7D驱动饮,,,
682c4f93000000002300f35f,小富裕女生上海逛吃护肤日??｜养出好皮肤,https://www.xiaohongshu.com/explore/682c4f93000000002300f35f?xsec_token=AB-VcadnJ_gF4IR57B5ChtWHTQaOBj6Poht1jWPDHalHI=&xsec_source=pc_user,薇薇啊,,,转载笔记,金字塔眼膜,,,
682d86c000000000210185a2,vlog丨模特小豪夏日美丽秘籍！,https://www.xiaohongshu.com/explore/682d86c000000000210185a2?app_platform=android&ignoreEngage=true&app_version=8.83.0&share_from_user_hidden=true&xsec_source=app_share&type=video&noteAttributes=goods&xsec_token=CBuLoIqB6pvkmbfeMBoN0U1EYRKAvupQUQsyl_axRSYTI=&author_share=1&xhsshare=CopyLink&shareRedId=Nz9FREg4RkJKSTdHPzgyP0c8QktFNzc9&apptime=1747814090&share_id=b00e94fbe0654473be44b2aca3b7c6f3&share_channel=copy_link,秘制小豪宝,,,转载笔记,光感白肌饮,,,
682d26b8000000002100efab,化脂肪为贵气～最具性价比的月度to-do,https://www.xiaohongshu.com/explore/682d26b8000000002100efab?xsec_token=AB0MHa3f-MyraVgR9WXmvemZdElXWZv4Bv8J8l6c-mCRM=&xsec_source=pc_user,有竹-,,,转载笔记,AGX抗糖饮,,,
6837fc2b0000000021019884,说真的！跟东京女生一样生活真的会变漂亮,https://www.xiaohongshu.com/explore/6837fc2b0000000021019884?xsec_token=ABxB-iqPTXf7awPI7o-60KjWKlgt4CEAAvZ13CYxV0M-8=&xsec_source=pc_user,Yoshiiie,,,转载笔记,软糖,,,
683801c300000000230118ca,天赋型选手！靠防晒就能打出的妈生透光肌！,https://www.xiaohongshu.com/explore/683801c300000000230118ca?xsec_token=ABYclpGXK0y-IFltwpaRsHNWDXYNL2fTv1mOwNIuLggD0=&xsec_source=pc_user,Fann_,,,转载笔记,抗糖防晒,,,
684fe2d70000000021004519,婚前14天肌底抛光术！抗糖直接封神,https://www.xiaohongshu.com/explore/684fe2d70000000021004519?xsec_token=AB2Y8rOo2E_uW9kC-LG4slgBSRAljkWDTQReeaNXaGmb8=&xsec_source=pc_user,西米没有露_（备婚版）,,,转载笔记,AGX抗糖饮,,,
684fe8800000000022005df5,胶原逆生长的秘密，都在这一瓶里了！,胶原逆生长的秘密，都在这一瓶里了！ - 小红书,郭久九,,,转载笔记,7D驱动饮,,,
685a732b000000000b01f88f,贵妇挚爱的抗糖防晒，透亮白净一夏就靠它！,https://www.xiaohongshu.com/explore/685a732b000000000b01f88f?xsec_token=ABzWOaZirZHcP-98iLKxQyZ4owCnGe1VNf9RlXLvA1tiA=&xsec_source=pc_user,Momoko章元元,,,转载笔记,抗糖防晒,,,
685a792f000000002201f7f4,产后养好卵巢，妈生通透少女感开挂式起飞,https://www.xiaohongshu.com/explore/685a792f000000002201f7f4?xsec_token=ABzWOaZirZHcP-98iLKxQyZ1-5l3BSvIUuxqp_cEZlpzM=&xsec_source=pc_user,毛哥毛小毛,,,转载笔记,养雌小粉果,,,
686246a2000000002400f7bb,透光感的尽头是内调！全身冷皮认准这支！,https://www.xiaohongshu.com/explore/686246a2000000002400f7bb?xsec_token=ABO91IpzWHVlhRMA44x-1BjfIaIg7Iv-MtKREjf4e_65k=&xsec_source=pc_user,是靖靖子呀,,,转载笔记,光感白肌饮,,,
68635c50000000002201df38,30岁冻龄无压力 真正喝进去的胶原才真管用,https://www.xiaohongshu.com/explore/68635c50000000002201df38?xsec_token=ABCU0_S7jeH6FNUeu44Gnu3H7v5SyBwrzMcEFS5Cp2t5E=&xsec_source=pc_user,糖豆默默君,,,转载笔记,7D驱动饮,,,
686f10a20000000023004fca,vlog ·?·?我独日记一天要做100件事！,vlog ·?·?我独日记??一天要做100件事！ - 小红书,权问问,,,转载笔记,AGXI抗糖饮,,,
687613d7000000000d025a1e,GRWM｜适合钝感五官的清冷感小烟熏妆,https://www.xiaohongshu.com/explore/687613d7000000000d025a1e?xsec_token=ABxZbsmu_x5EXz0ngZHJFNl5w_PtVkf2XrQtWDZ3vjkLo=&xsec_source=pc_user,唐有戏,,,转载笔记,抗糖防晒,,,
687744c4000000002001b101,素颜赢麻了！这小粉果是懂妈生好皮的！,https://www.xiaohongshu.com/explore/687744c4000000002001b101?app_platform=android&ignoreEngage=true&app_version=8.90.0&share_from_user_hidden=true&xsec_source=app_share&type=video&noteAttributes=goods&xsec_token=CBSpRTPsGWHPZ6zjmnMTzLYkWgRJoqeD_MFixpZVGp4-0=&author_share=1&xhsshare=CopyLink&shareRedId=Nz9FREg4RkJKSTdHPzgyP0c8QktFNzc9&apptime=1752646886&share_id=18a77938ed454db98f586279377a2aa7&share_channel=copy_link,椰梨yeli,,,转载笔记,养雌小粉果,,,
6886d3dc000000001c031d7b,喝出少女肌！快跟我一起！,https://www.xiaohongshu.com/explore/6886d3dc000000001c031d7b?xsec_token=ABk1X-3m18Km3zssEHIO-6EG1WTaZc5Ri9ohlyTgzlinw=&xsec_source=pc_user,姜白开,,,转载笔记,7D驱动饮,,,
688718a6000000000d01833d,抗氧！抗糖！抗羰基化！三步拥有少女肌,https://www.xiaohongshu.com/explore/688718a6000000000d01833d?xsec_token=ABYt1C-eX0sW1BpWKut5t9Fm4xKlGciQqx8vqBInLLJwY=&xsec_source=pc_user,网盘素材,,,转载笔记,粉钻cp,,,
688894d9000000002501e1ad,"大夏天出cos,妆面得有活人感",https://www.xiaohongshu.com/explore/688894d9000000002501e1ad?xsec_token=ABbJstAN4VlIeeG8sTrFtd385ao_hQ_OAKLG5uzIA7M5M=&xsec_source=pc_user,万能的安陵君,,,转载笔记,抗糖防晒,,,
689948060000000022023f81,告别暗沉脸，内调才是王道?,https://www.xiaohongshu.com/explore/689948060000000022023f81?xsec_token=ABzQjLTrA7ektPeHcMBkhly-hIPUMlC5kBiX94MVzp0zg=&xsec_source=pc_user,花神,,,转载笔记,光感白肌饮,,,
6899acb7000000002501f6bd,云南旅居vlog??喜欢旅途中那些短暂的相遇,https://www.xiaohongshu.com/explore/6899acb7000000002501f6bd?xsec_token=ABE8p86q9Ye_XpiQIkwaZbQZprV1x3wv5QYp133r8XNIE=&xsec_source=pc_user,阿曼达罗-,,,转载笔记,金字塔眼膜,,,
689ad5a1000000002500c340,打破抗老瓶颈期！三抗嫩肤是真牛,https://www.xiaohongshu.com/explore/689ad5a1000000002500c340?xsec_token=ABtnTdSN6-5Oui4zU_8UWsnYDb18usNaG9mdsVC4R_bgs=&xsec_source=pc_user,一天八杯水??,,,转载笔记,粉钻面膜,,,
689c15ee000000001b01e211,"36男coser皮下素颜长这样？喝对胶原
",https://www.xiaohongshu.com/explore/689c15ee000000001b01e211?xsec_token=AB2BPLn2GO7ssletSIV9BYjBuFmayzqAlFC8II-arJvcY=&xsec_source=pc_user,,,,转载笔记,7D驱动饮,,,
689bf6aa000000001b03cfd8,"产后颜值逆袭！每天一颗恢复好状态
",https://www.xiaohongshu.com/explore/689bf6aa000000001b03cfd8?xsec_token=AB2W3GmWEBkfE3YXXPBWP7AXT6cEE6uGEudacxkApuXdU=&xsec_source=pc_user,,,,转载笔记,软糖,,,
689c374b000000001d014b29,大夏天！谁懂这种通透日杂妆的含金量,大夏天！谁懂这种通透日杂妆的含金量 - 小红书,叫我点,,,转载笔记,抗糖防晒,,,
68a56fa7000000001b01eb12,这才是女明星的抗老模式！晓姿带你一键Get,https://www.xiaohongshu.com/explore/68a56fa7000000001b01eb12?app_platform=android&ignoreEngage=true&app_version=8.92.0&share_from_user_hidden=true&xsec_source=app_share&type=normal&noteAttributes=goods&xsec_token=CBRDkg8QJh0CUHbq0-hgqSLCXrxSq_uvwlU4ax8VH6WFw=&author_share=1&xhsshare=CopyLink&shareRedId=Nz9FREg4RkJKSTdHPzgyP0c8QktFNzc9&apptime=1755672672&share_id=a667954c3cac490c8d69a711e1eb4a56&share_channel=copy_link,AXXZIA晓姿,,,转载笔记,AGX抗糖饮,,,
68a5704d000000001b01f008,抗糖新时代！快来解锁女明星同款高阶内服！,https://www.xiaohongshu.com/explore/68a5704d000000001b01f008?app_platform=android&ignoreEngage=true&app_version=8.92.0&share_from_user_hidden=true&xsec_source=app_share&type=video&noteAttributes=goods&xsec_token=CBRDkg8QJh0CUHbq0-hgqSLL36ojmjvQxPkIgs7IwMhOg=&author_share=1&xhsshare=CopyLink&shareRedId=Nz9FREg4RkJKSTdHPzgyP0c8QktFNzc9&apptime=1755672661&share_id=8880e6c579774ddf991eba2d6b6e0338&share_channel=copy_link,AXXZIA晓姿,,,转载笔记,AGX抗糖饮,,,
68a43430000000001c0349e4,淡纹+紧致！晓姿4D眼膜真·眼周回春术！,https://www.xiaohongshu.com/explore/68a43430000000001c0349e4?xsec_token=ABiL3zrVRa5lcaGFMozWDeA8U3TqO23oCkEqyCBe4enwo=&xsec_source=pc_user,是叁,,,转载笔记,金字塔眼膜,,,
68a43374000000001d00d4fc,抗糖+防晒二合一！夏日素颜神器！,https://www.xiaohongshu.com/explore/68a43374000000001d00d4fc?xsec_token=ABiL3zrVRa5lcaGFMozWDeA4ydSLA99ErmXVmmAFTPl9w=&xsec_source=pc_user,一只酸奶棣,,,转载笔记,抗糖防晒,,,
68ae7896000000001d0106c1,Night routine|睡前一小时沉浸式抗老,Night routine|睡前一小时沉浸式抗老 - 小红书,周困困不困,,,转载笔记,粉钻cp,,,
68b103aa000000001b03675b,"晓姿御三家丨保养要显贵，内调就不能太基础
",https://www.xiaohongshu.com/explore/68b103aa000000001b03675b?xsec_token=ABfc5r1oLQ3mzBlaGls4KKkfCzrJFA04FEzESi5_KbJYw=&xsec_source=pc_user,AXXZIA晓姿,,,转载笔记,晓姿三姐妹,,,
68b6aac2000000001d0051b8,超绝肤感！晓姿你是懂防晒的,https://www.xiaohongshu.com/explore/68b6aac2000000001d0051b8?xsec_token=ABUKjj-mH7xiseyOmdJwe56s6dR5-6znxINrzJyGuCCIM=&xsec_source=pc_user,,,,转载笔记,抗糖防晒,,,
68b7d895000000001b036276,"一胎宝妈赢麻了！小粉果拿捏好状态！
",https://www.xiaohongshu.com/explore/68b7d895000000001b036276?xsec_token=ABDVh9sJmD6WcXO4jX9L0-5E5L0Hz7EPZswnKrp6WHfnE=&xsec_source=pc_user,,,,转载笔记,养雌小粉果,,,
68ba8674000000001d00ff5a,三抗出击精准抗老！脸蛋由内而外嘭弹透亮~,https://www.xiaohongshu.com/explore/68ba8674000000001d00ff5a?xsec_token=ABD4q7KwXC71dnZiPeqdtXgJUlqv7M86gPfnRR01_3ptk=&xsec_source=pc_user,"

稚名真由理",,,转载笔记,粉钻面膜,,,
68959722000000002502b0c4,30+垮脸不用慌！这对神仙CP打破年龄焦虑,https://www.xiaohongshu.com/explore/68959722000000002502b0c4?xsec_token=ABeGe_u4YP20Y6OIFG7sdJsxlTVv246SA6vz1GugKjlfE=&xsec_source=pc_user,Sandanow,,,转载笔记,粉钻cp,,,
68b64285000000001d017660,????纽约留学日记｜一日花销vlog,????纽约留学日记｜一日花销vlog - 小红书,陈汤圆,,,转载笔记,金字塔眼膜,,,
68b68640000000001d0043f0,,#晓姿 #AXXZIA #护肤保养 #晓姿4D金字塔眼膜 #晓姿眼膜 - 小红书,Anne今天早睡了吗,,,转载笔记,金字塔眼膜,,,
68b68758000000001b021839,,#晓姿 #晓姿AGXI抗糖饮 #抗糖 #美丽由内而外 #AXXZIA - 小红书,KK洁洁子,,,转载笔记,AGX抗糖饮,,,
68b68725000000001c033bfb,Venus Recipe丨28天安全美白，权威检测见证,Venus Recipe丨28天安全美白，权威检测见证 - 小红书,品宣号,,,转载笔记,白肌饮,,,
68b645c4000000001b037cc5,东京逛街vlog|日本女生近期流行什么,东京逛街vlog|日本女生近期流行什么 - 小红书,即将有双下巴的天天,,,转载笔记,7D驱动饮,,,
68b6444d000000001b022843,,#心力#女帝思维#晓姿美白饮#吸引力法则#晓姿光感白肌饮#爱自己#女性成长#girlstalk - 小红书,野生老板,,,转载笔记,白肌饮,,,
68bfa508000000001c031379,晓姿×蒋欣丨双眸如诗，定格时光,https://www.xiaohongshu.com/explore/68bfa508000000001c031379?xsec_token=AB8mE_ZMWYBQRJTcN9f097cQb65QKM2_jK4Rp-m-3u-ww=&xsec_source=pc_user,,,,转载笔记,金字塔眼膜,,,
68bfa473000000001b021f29,蒋欣同款｜护眼秘籍大公开！??,https://www.xiaohongshu.com/explore/68bfa473000000001b021f29?xsec_token=ABZj4Hz-vFl9kyn1UnYHUL4zfRbl1FHoJpbD3qcXJD_vE=&xsec_source=pc_user,蒋欣,,,转载笔记,金字塔眼膜,,,
68bfe52c000000001d00fc9e,晓姿×蒋欣丨时刻保持“眼”值在线！,https://www.xiaohongshu.com/explore/68bfe52c000000001d00fc9e?xsec_token=ABM0MY-4GPNux6ENUzmiFl1K0MrT-xghJ6ooeqdQlslNs=&xsec_source=pc_user,蒋欣,,,转载笔记,金字塔眼膜,,,
68bfc28f000000001d00f918,晓姿×蒋欣丨明眸不惧时光，欣享晓姿之美,https://www.xiaohongshu.com/explore/68bfc28f000000001d00f918?xsec_token=ABfgjMeZYB6iuUcHeowrL_6JLWAFQJ3TxNM0dr0PrbGN8=&xsec_source=pc_user,蒋欣,,,转载笔记,金字塔眼膜,,,
68c26758000000001c03cd39,跟着富婆学抗老，垮脸党也是吃上细糠了,https://www.xiaohongshu.com/discovery/item/68c26758000000001c03cd39?source=webshare&xhsshare=pc_web&xsec_token=ABXVbRKBGpQ6lEy0CAFEa5H-JokQctl5bYP84gjnJSlAw=&xsec_source=pc_share,爱冲浪的暴躁牛,,,转载笔记,粉钻面膜,,,
68c92b4e0000000011017336,高回报晓姿新版塑颜饮！让我素颜敢开原相机,https://www.xiaohongshu.com/explore/68c92b4e0000000011017336?xsec_token=ABZxV6irFC2kbAx7RMXWTrLv2rMxTgGihQlcUm9iEBSPc=&xsec_source=pc_user,一只猕猴桃瓜瓜,,,转载笔记,塑颜饮,,,
68c92ba7000000001101f10c,35+素颜敢原相机的秘密，竟是轮廓精修水,https://www.xiaohongshu.com/explore/68c92ba7000000001101f10c?xsec_token=ABZxV6irFC2kbAx7RMXWTrLpSg2cPS-_zpFcaXeJUKXjo=&xsec_source=pc_user,快樂逃跑了,,,转载笔记,塑颜饮,,,
68c92c01000000000e0306b6,人。。。你可以放心睡了,https://www.xiaohongshu.com/explore/68c92c01000000000e0306b6?xsec_token=ABZxV6irFC2kbAx7RMXWTrLtNWY7HFB6-NgJ_fT41QRLk=&xsec_source=pc_user,隐姓埋名刘亦菲,,,转载笔记,小紫盾,,,
68ca07b2000000000e00d2ac,Vlog｜165·97斤??美业人自律一天吃什么？,https://www.xiaohongshu.com/explore/68ca07b2000000000e00d2ac?xsec_token=ABOon5d8vPgKeNX9SZpYxgz86iY106AgBpkgDuQF72roA=&xsec_source=pc_user,Michelle打工日记（变美版,,,转载笔记,AGXI抗糖饮,,,
68ca07fe00000000110171d7,????vlog｜东京上班日记沉浸式过一天,https://www.xiaohongshu.com/explore/68ca07fe00000000110171d7?xsec_token=ABOon5d8vPgKeNX9SZpYxgzzyL5SNW70LpjQbstIGKr3c=&xsec_source=pc_user,迷走野郎,,,转载笔记,养雌小粉果,,,
68ca4cf00000000013006dcd,抗糖搭配管理?????有效内调外养,https://www.xiaohongshu.com/explore/68ca4cf00000000013006dcd?app_platform=android&ignoreEngage=true&app_version=8.96.0&share_from_user_hidden=true&xsec_source=app_share&type=video&xsec_token=CBOpuM7L6_DGNVcyWF4VkLtzowzfHTUdcFf2RZbzApdAk=&author_share=1&xhsshare=CopyLink&shareRedId=ODw3Qzo1OU42NzUyOTgwNjY6OTc4STlO&apptime=1758088441&share_id=468295a856b14113a8e3c84adca89c6d&share_channel=copy_link,刘虞佳,,,转载笔记,粉钻面膜,,,
68ccc4ca00000000120324b3,贵妇级爱用防晒大盘点，防晒自带抗糖养肤！,https://www.xiaohongshu.com/explore/68ccc4ca00000000120324b3?app_platform=android&ignoreEngage=true&app_version=8.96.0&share_from_user_hidden=true&xsec_source=app_share&type=video&noteAttributes=goods&xsec_token=CBHZHJZqWA543wOg5X_urUPclh_i4dOpjtM0MhTNniARY=&author_share=1&xhsshare=QQ&shareRedId=ODw3Qzo1OU42NzUyOTgwNjY6OTc4STlO&apptime=1758250232&share_id=9b9182b9b50a4c54b9bb07809c25230a&share_channel=qq,小松木木,,,转载笔记,抗糖防晒,,,
68ccc6ec000000001201eb1a,户外运动护肤必入！换季防晒别忽略！,https://www.xiaohongshu.com/explore/68ccc6ec000000001201eb1a?app_platform=android&ignoreEngage=true&app_version=8.96.0&share_from_user_hidden=true&xsec_source=app_share&type=video&noteAttributes=goods&xsec_token=CBHZHJZqWA543wOg5X_urUPSmGZWF5zqwz0tmGKhH81lQ=&author_share=1&xhsshare=QQ&shareRedId=ODw3Qzo1OU42NzUyOTgwNjY6OTc4STlO&apptime=1758250740&share_id=3065039454584846b64b840de0ed6b7b&share_channel=qq,丧美Gemini,,,转载笔记,抗糖防晒,,,
68d25f9f0000000013005941,直播预告 ｜ AXXZIA晓姿? 沈梦辰,直播预告 ｜ AXXZIA晓姿? 沈梦辰 - 小红书,沈梦辰,,,转载笔记,金字塔眼膜,,,
68d497fd000000000e00dcf5,狂炫美食还能稳住状态 全靠这支抗糖救星,https://www.xiaohongshu.com/explore/68d497fd000000000e00dcf5?xsec_token=ABlvzbYn-h94R96Pd73un1Zk6EZ4Y0Bm0h9Nxs7yGTOYs=&xsec_source=pc_user,张馨予,,,转载笔记,AGX抗糖饮,,,
68d5e79c000000000e022a7b,38岁独居|日子很好，我很我。（转载投放）,38岁独居|日子很好，我很我。 - 小红书,桃子,,,转载笔记,AGXI抗糖饮,,,
68d5e8a4000000000e031d74,护肤不如内服抗糖？一篇带你了解抗糖化！（转载投放）,https://www.xiaohongshu.com/explore/68d5e8a4000000000e031d74?xsec_token=ABRmLIe823eQzw-4KKB4yvnZky-t8_nY4kEd6a-vO8GYQ=&xsec_source=pc_user,小雨的成分碎碎念,,,转载笔记,AGXI抗糖饮,,,
68d5ef7a000000001300b7f8,假期出游都带什么稳住身体&皮肤好状态！,假期出游都带什么稳住身体&amp;皮肤好状态！ - 小红书,颜夏禾,,,转载笔记,小紫盾,,,
68d63ee7000000000b011618,第二盒，脆皮也变皮实了。。。,第二盒，脆皮也变皮实了。。。 - 小红书,一颗草莓,,,转载笔记,小紫盾,,,
68d651b6000000000e00e033,抗老核心还得是抗糖！晓姿开价真划算,https://www.xiaohongshu.com/explore/68d651b6000000000e00e033?app_platform=android&ignoreEngage=true&app_version=8.92.0&share_from_user_hidden=true&xsec_source=app_share&type=video&xsec_token=CBw3WTMW9xrgKzHkmkiu7-Ju6Nbuawa11w7B2SG1pXefo=&author_share=1&xhsshare=QQ&shareRedId=Nz9FREg4RkJKSTdHPzgyP0c8QktFNzc9&apptime=1758876089&share_id=caee60aa99804579b5d6cb7e96434d2c&share_channel=qq,,,,转载笔记,AGXI抗糖饮,,,
68d6409b000000000e032173,重磅消息??晓姿家抗衰又卷起来了,重磅消息??晓姿家抗衰又卷起来了 - 小红书,一只圆崽,,,转载笔记,塑颜饮,,,
68d913250000000011014094,服了…喝完拍照都不用开瘦脸了！！！,https://www.xiaohongshu.com/explore/68d913250000000011014094?xsec_token=ABmFga88R7ExMsKucYHW-6YP0fXsbzMLV2xMYmldv2Nbg=&xsec_source=pc_user,,,,转载笔记,塑颜饮,,,
68d9172100000000120303dc,剧组vlog??跟着六金yE云体验剧组的一天,https://www.xiaohongshu.com/explore/68d9172100000000120303dc?xsec_token=ABmFga88R7ExMsKucYHW-6YPIjSri7XJzxuxCiQDmG8t8=&xsec_source=pc_user,,,,转载笔记,金字塔眼膜,,,
68e6213700000000050014cf,婆婆刚50 正是当育儿嫂的好年纪,https://www.xiaohongshu.com/explore/68e6213700000000050014cf?xsec_token=AB87ZNSr-JSBPq51XeeXdSW97PToQu18MKOB_CA41cyVw=&xsec_source=pc_user,,,,转载笔记,AGXI抗糖饮,,,
68e7803c0000000004001b22,????打工vlog：TikTok牛马打工日记,https://www.xiaohongshu.com/explore/68e7803c0000000004001b22?xsec_token=ABThOMKkzs9W0BHY5JlXfZ5oIlNMg5-iiCFG7cHkqNbWM=&xsec_source=pc_user,海伦马,,,转载笔记,白肌饮,,,
68e85aaf0000000005032883,想要素颜出门？高阶内服小粉果来帮你~,https://www.xiaohongshu.com/explore/68e85aaf0000000005032883?app_platform=android&ignoreEngage=true&app_version=9.3.0&share_from_user_hidden=true&xsec_source=app_share&type=normal&noteAttributes=goods&xsec_token=CBs_xtBd8RJKXcF805yH0_eS27pcR8N7ZkuxgGUgSI6jc=&author_share=1&xhsshare=CopyLink&shareRedId=Nz9FREg4RkJKSTdHPzgyP0c8QktFNzc9&apptime=1760058046&share_id=f19923f357f440c7893c4d17e7447912&share_channel=copy_link,碳水爱面包,,,转载笔记,养雌小粉果,,,
68ee200f0000000004014549,十五的月亮今天圆 来看总裁发疯日常,https://www.xiaohongshu.com/explore/68ee200f0000000004014549?xsec_token=ABF3ndhbfO3457OnppaxXhINvgqJdUpaIk6i7mIianX3g=&xsec_source=pc_user,,,,转载笔记,产品合集,,,
68ee218a0000000004012ff9,30+贵妇保养核心，垮脸被“焊”回紧致透亮,https://www.xiaohongshu.com/explore/68ee218a0000000004012ff9?xsec_token=ABF3ndhbfO3457OnppaxXhINbXWnJmmxEjD5P7Z3EqO6E=&xsec_source=pc_user,,,,转载笔记,AGXI抗糖饮,,,
68eeef640000000007008298,晓姿×蒋欣闪耀大阪?道顿堀,https://www.xiaohongshu.com/explore/68eeef640000000007008298?xsec_token=ABF3ndhbfO3457OnppaxXhIHhryCXLLHQ-jnQQ-7DpNsU=&xsec_source=pc_user,,,,转载笔记,金字塔眼膜,,,
68f0b8980000000007021874,晓姿携手蒋欣，解锁眼龄闪耀活力,https://www.xiaohongshu.com/explore/68f0b8980000000007021874?xsec_token=ABGSoH37szhqfKrCFYmkNtvS3kX1GAQxWeZtqXUyBXc7E=&xsec_source=pc_user,,,,转载笔记,产品合集,,,
68f0c140000000000701581d,明星级保养密码，晓姿为你少女感续航,https://www.xiaohongshu.com/explore/68f0c140000000000701581d?xsec_token=ABGSoH37szhqfKrCFYmkNtvcIUnsP37LBcnr4rlp0ELJM=&xsec_source=pc_user,,,,转载笔记,产品合集,,,
68f0c5520000000007022b2a,晓姿粉钻面膜，解锁少女胶原感,https://www.xiaohongshu.com/explore/68f0c5520000000007022b2a?xsec_token=ABGSoH37szhqfKrCFYmkNtvRod-KhbtQC98CCddSnLBG0=&xsec_source=pc_user,,,,转载笔记,粉钻面膜,,,
68f725960000000007030ce3,30+抗老还得死磕轮廓！胶原弹力续航成功~,https://www.xiaohongshu.com/explore/68ef789100000000040024ac?xsec_token=AB7XLCe9IRUnA0k-DuP2oGr0_sMC-w0fleYK0eG1kp_0o=&xsec_source=pc_user,,,,转载笔记,塑颜饮,,,
68ef78ea00000000040058da,熟龄肌抗老！这胶原饮把脸“提”起来了,https://www.xiaohongshu.com/explore/68ef78ea00000000040058da?xsec_token=AB7XLCe9IRUnA0k-DuP2oGr0yAhhtSo8hxOwPh7jajMs8=&xsec_source=pc_user,,,,转载笔记,塑颜饮,,,
68f9d4d5000000000703441e,三抗出击拿捏钻光肌！素颜出门更有底气啦,https://www.xiaohongshu.com/explore/68f9d4d5000000000703441e?xsec_token=ABpB1tmIUOJbVmHV3iIdWuSfw-lLGgKgdPXtho7L87iUc=&xsec_source=pc_user,,,,转载笔记,粉钻面膜,,,
68f9fc260000000004029b7b,跟着张悦儿打卡出行好物，贵妇上镜秘密,https://www.xiaohongshu.com/explore/68f9fc260000000004029b7b?app_platform=android&ignoreEngage=true&app_version=9.3.2&share_from_user_hidden=true&xsec_source=app_share&type=video&xsec_token=CBCrq3cnSrIYywcEHj_bGV7VIBcFq2Ds5eN5SVdzRRQzo=&author_share=1&xhsshare=QQ&shareRedId=Nz9FREg4RkJKSTdHPzgyP0c8QktFNzc9&apptime=1761213483&share_id=4c7dd618c673488d8c96eec197cbec3c&share_channel=qq,,,,转载笔记,合集,,,
68fadb440000000005031527,share. ?大促买啥抄作业！明星同款透光感,https://www.xiaohongshu.com/explore/68fadb440000000005031527?xsec_token=ABlODphjGpdP2zaaeZ4jvw1NN0EXZhja4N6y2WA0idbnk=&xsec_source=pc_user,,,,转载笔记,白肌饮,,,
690aeb7a0000000004014f31,妈耶...垮脸快来囤这款麦角硫因吧！！！,https://www.xiaohongshu.com/explore/690aeb7a0000000004014f31?app_platform=android&ignoreEngage=true&app_version=9.6.0&share_from_user_hidden=true&xsec_source=app_share&type=normal&noteAttributes=goods&xsec_token=CBwSs06w63QA7JIZDr0L1b8of9wzQtDgmRzDvZtNvavKc=&author_share=1&xhsshare=CopyLink&shareRedId=Nz9FREg4RkJKSTdHPzgyP0c8QktFNzc9&apptime=1762323865&share_id=6d386c297ba444e39bfe24a408bd2292&share_channel=copy_link,,,,转载笔记,塑颜饮,,,
690aecdd000000000503b3bc,低能量脆皮老鼠人有救了！重拾满格活力！,https://www.xiaohongshu.com/explore/690aecdd000000000503b3bc?xsec_token=ABu5Ts9izRqe7iH5T4S2Nj7qPtjFRirm9o91xvUNjEHF8=&xsec_source=pc_user,,,,转载笔记,小紫盾,,,
690aed910000000004002fff,垮脸人的高阶晓姿内服！谁还没试过！！,https://www.xiaohongshu.com/explore/690aed910000000004002fff?xsec_token=ABu5Ts9izRqe7iH5T4S2Nj7vKC4fjlIl2_dK_ylUd_Py0=&xsec_source=pc_user,,,,转载笔记,AGX抗糖饮,,,
690af0a20000000007038fc7,秋冬明媚妆感的底气是：抗糖防晒能养肤,https://www.xiaohongshu.com/explore/690af0a20000000007038fc7?app_platform=android&ignoreEngage=true&app_version=9.4.0&share_from_user_hidden=true&xsec_source=app_share&type=video&noteAttributes=goods&xsec_token=CBXvwDWqJ3PKl8tIiw2iPHAlr2SMJg2HLXOnKTX9gyKDA=&author_share=1&xhsshare=CopyLink&shareRedId=ODw3Qzo1OU42NzUyOTgwNjY6OTc4STlO&apptime=1762324652&share_id=3cf05bc734fc49c78496069b89436008&share_channel=copy_link,,,,转载笔记,抗糖防晒,,,
6912d20e000000000503b8b1,"自爆，戴军翻红后接了什么商单
",https://www.xiaohongshu.com/explore/6912d20e000000000503b8b1?xsec_token=ABOEIL-a8A4B1uiWw30r61AntibV6x4zY_KhkVkHcxF6Q=&xsec_source=pc_user,,,,转载笔记,AGXI+塑颜饮,,,
691c2a68000000001e0353fc,40 + 养稳卵巢！气色情绪双在线,40 + 养稳卵巢！气色情绪双在线 - 小红书,,,,转载笔记,养雌小粉果,,,
691d7956000000001f006fd6,上海 citywalk + 日常养白素颜也要有好状态,上海 citywalk + 日常养白素颜也要有好状态 - 小红书,,,,转载笔记,白肌饮,,,
6929423c000000001f00ce9d,28+悟了！麦角硫因+PQQ+胶原才是抗老王炸,https://www.xiaohongshu.com/explore/6929423c000000001f00ce9d?xsec_token=AB9yxrIICF9jMTbqscdY8x090KMF93zuRzjRdbcCHjC4E=&xsec_source=pc_user,,,,转载笔记,塑颜饮,,,
692970f9000000001e003ef6,眼膜界的冰美式！消肿淡黑紧致太全能了,https://www.xiaohongshu.com/explore/692970f9000000001e003ef6?app_platform=android&ignoreEngage=true&app_version=9.4.0&share_from_user_hidden=true&xsec_source=app_share&type=normal&noteAttributes=goods&xsec_token=CBOt8al-FS_XsIad1XmNqgfYK2IL62pe76Hv9AxGV38ag=&author_share=1&xhsshare=QQ&shareRedId=ODw3Qzo1OU42NzUyOTgwNjY6OTc4STlO&apptime=1764323586&share_id=316c16b2c5bf4c36b21634c8efbbefdf&share_channel=qq,,,,转载笔记,冰美式眼膜,,,
69327313000000001e024b8b,外狠p图不如内修肌底 素颜也要扛住原相机！,https://www.xiaohongshu.com/explore/69327313000000001e024b8b?xsec_token=ABQhB4GEzKyv71fEgLxaF8gRaTgq4xG-2cm5G9Rd-BgME=&xsec_source=pc_user,,,,转载笔记,塑颜饮,,,
69328a9f000000001d03f1eb,不爱敷面膜，这种能急救且特别有效的除外！,不爱敷面膜，这种能急救且特别有效的除外！ - 小红书,,,,转载笔记,粉钻面膜,,,
69328835000000001e021c0e,脆皮体质逆袭！小紫盾24h守护元气状态,脆皮体质逆袭！小紫盾24h守护元气状态 - 小红书,,,,转载笔记,小紫盾,,,
693291d7000000001e02547c,不要给女生扣帽子！女性也可以做的很完美！,https://www.xiaohongshu.com/explore/693291d7000000001e02547c?xsec_token=ABQhB4GEzKyv71fEgLxaF8gU12Qhft62Nga52OaJohGxs=&xsec_source=pc_user,,,,转载笔记,养雌小粉果,,,
6937b7ea000000001e028599,晓姿金三宝丨为你的健康账户存入金三宝,https://www.xiaohongshu.com/explore/6937b7ea000000001e028599?xsec_token=ABsSBQBB546PzckiGZ6NZbz2pOT23CJXwzlNO9ElIyqy8=&xsec_source=pc_user,,,,转载笔记,金三宝,,,
6937b8b6000000001f00607b,晓姿双十二丨低能量星人必备好物,https://www.xiaohongshu.com/explore/6937b8b6000000001f00607b?xsec_token=ABsSBQBB546PzckiGZ6NZbz0_AYzLIBisiiQubh3j1KYE=&xsec_source=pc_user,,,,转载笔记,小紫盾,,,
6938cb22000000001e016e3a,night routine?睡前的高效K糖护理跟练??,https://www.xiaohongshu.com/explore/6938cb22000000001e016e3a?xsec_token=AB8aTChqaSdW3cJ6-zRNRaIig0G4MxyBQOQLOOTVyhEbM=&xsec_source=pc_user,,,,转载笔记,美护合集,,,
693fc93f000000001e0330d4,爱你老己 周一见,https://www.xiaohongshu.com/explore/693fc93f000000001e0330d4?app_platform=android&ignoreEngage=true&app_version=9.11.2&share_from_user_hidden=true&xsec_source=app_share&type=normal&noteAttributes=goods&xsec_token=CBlPKKRVvJt8Z1F1bzQmLQmtNCtzEkFLc098ZnCwa6l7U=&author_share=1&xhsshare=&shareRedId=Nz9FREg4RkJKSTdHPzgyP0c8QktFNzc9&apptime=1765787973&share_id=2b87568d6f98419682d39e11ca7680fd&share_channel=qq,,,,转载笔记,小紫盾,,,
69420525000000001e024e28,vlog.11月！生活就是这样忙忙闲忙忙忙忙啊…,vlog.11月！生活就是这样忙忙闲忙忙忙忙啊 - 小红书,,,,转载笔记,白肌饮,,,
6942126c000000001e034e6b,无惧黄黑！“美白buff”帮你养出透亮少女肌,https://www.xiaohongshu.com/explore/6942126c000000001e034e6b?xsec_token=ABen82P1c4ZZK18MJiltNrnl-0-S2yJSn29F8VBNweWiU=&xsec_source=pc_user,,,,转载笔记,AGX抗糖饮,,,
6943620f000000001e0065c2,晓姿4D金字塔眼膜！25+姐妹必备！,https://www.xiaohongshu.com/explore/6943620f000000001e0065c2?app_platform=android&ignoreEngage=true&app_version=9.4.0&share_from_user_hidden=true&xsec_source=app_share&type=video&noteAttributes=goods&xsec_token=CBnXxoZSVUVwLolQMiGQK3a88DLYAkKYlniZhoQL8PI-k=&author_share=1&shareRedId=ODw3Qzo1OU42NzUyOTgwNjY6OTc4STlO&apptime=1766023702&share_id=11f695e4bca7476d9fe4cb247672e371&share_channel=copy_link&appuid=665c705e0000000007004d3e&xhsshare=CopyLink,半途鹅飞,,,转载笔记,金字塔眼膜,,,
694360e6000000001f005140,30+高精力女性内服！懂你的晓姿来啦~,https://www.xiaohongshu.com/explore/694360e6000000001f005140?app_platform=android&ignoreEngage=true&app_version=9.11.2&share_from_user_hidden=true&xsec_source=app_share&type=video&noteAttributes=goods&xsec_token=CB-qu3IiWa-82f4D9Yumrhb6DF4xfhbAxyj8N4MkNBHuc=&author_share=1&shareRedId=Nz9FREg4RkJKSTdHPzgyP0c8QktFNzc9&apptime=1766023404&share_id=0f1b473056b44f57b86ede1fc6b98be6&share_channel=copy_link&appuid=59cde3b9db2e6029a99da214&xhsshare=CopyLink,小Q仔,,,转载笔记,小紫盾,,,
6949eae5000000001e010e3e,空姐vlog??下班后幸福开始具像化啦~,https://www.xiaohongshu.com/explore/6949eae5000000001e010e3e?app_platform=android&ignoreEngage=true&app_version=9.4.0&share_from_user_hidden=true&xsec_source=app_share&type=video&noteAttributes=goods&xsec_token=CB2ihhGWRQHEWIaCW2-lyPIWO36eqsFGZGPhvvYMrF4IY=&author_share=1&xhsshare=&shareRedId=ODw3Qzo1OU42NzUyOTgwNjY6OTc4STlO&apptime=1766451952&share_id=ac3afe52f4f54a6cbd078e90bee7e804&share_channel=qq,,,,转载笔记,粉钻cp,,,
6949ecbc000000001e025f1b,陪我过一天??LOEWE的vic晚宴,https://www.xiaohongshu.com/explore/6949ecbc000000001e025f1b?app_platform=android&ignoreEngage=true&app_version=9.11.2&share_from_user_hidden=true&xsec_source=app_share&type=video&noteAttributes=goods&xsec_token=CBdlcexvw0HqenyTL_pZrTVTFSff2lIKfAlwlR6qZP8yc=&author_share=1&xhsshare=&shareRedId=Nz9FREg4RkJKSTdHPzgyP0c8QktFNzc9&apptime=1766452421&share_id=1d572117bd2243bab5f6b4425c8a09b4&share_channel=qq,,,,转载笔记,AGX抗糖饮,,,
694a5cba000000001f00f0dc,Venus Recipe丨冬日的惊喜在悄悄靠近,https://www.xiaohongshu.com/explore/694a5cba000000001f00f0dc?xsec_token=ABs7-zsrCp0dOnf1Sgf1V6gLFh2gt00H7HaARHXzmVRy8=&xsec_source=pc_user,,,,转载笔记,塑颜饮,,,
694c9ba3000000001f0060b6,告别经期渡劫！PMS被它拿捏的死死的！,https://www.xiaohongshu.com/explore/694c9ba3000000001f0060b6?xsec_token=ABeoS6D95i59tKMSZOKnB85aNwadN0oPFGQqfE3CgIW9A=&xsec_source=pc_user,,,,转载笔记,养雌小粉果,,,
695f766a000000001a0268e6,黄皮天菜内服！速来解锁抗糖逻辑,https://www.xiaohongshu.com/explore/695f766a000000001a0268e6?app_platform=android&ignoreEngage=true&app_version=9.13.1&share_from_user_hidden=true&xsec_source=app_share&type=normal&noteAttributes=goods&xsec_token=CBso0IcOIZMjXgyW5zwpHzVzZ0SXKJYKBigtYaaMrDaTQ=&author_share=1&shareRedId=Nz9FREg4RkJKSTdHPzgyP0c8QktFNzc9&apptime=1767863940&share_id=d25dfe62b301456c82e790a39ed02e52&share_channel=copy_link&appuid=59cde3b9db2e6029a99da214&xhsshare=CopyLink,,,,转载笔记,AGX抗糖饮,,,
6960ad8c000000000c0361f1,美到开窍！解锁减龄少女眼的秘密！,https://www.xiaohongshu.com/explore/6960ad8c000000000c0361f1?app_platform=android&ignoreEngage=true&app_version=9.15.0&share_from_user_hidden=true&xsec_source=app_share&type=video&noteAttributes=goods&xsec_token=CBaxRf-H0PzKqmKAI41scQbhwZmEDYgbFoaSlVBHMme5c=&author_share=1&shareRedId=ODw3Qzo1OU42NzUyOTgwNjY6OTc4STlO&apptime=1767943619&share_id=34a54120aef642e782e2c843ef4392d3&share_channel=copy_link&appuid=665c705e0000000007004d3e&xhsshare=CopyLink,,,,转载笔记,金字塔眼膜,,,
69604f96000000001a0205d0,黄气脸速来！一招教你养成贵气感！！,https://www.xiaohongshu.com/explore/69604f96000000001a0205d0?app_platform=android&ignoreEngage=true&app_version=9.16.0&share_from_user_hidden=true&xsec_source=app_share&type=video&noteAttributes=goods&xsec_token=CBqFEuHRdtyk9FP_bmvdT253gdARCw_YLZA-Cv3bCP1Gs=&author_share=1&shareRedId=Nz9FREg4RkJKSTdHPzgyP0c8QktFNzc9&apptime=1767919515&share_id=bd6dc475139d4d30b37f0c35c679310c&share_channel=copy_link&appuid=59cde3b9db2e6029a99da214&xhsshare=CopyLink,,,,转载笔记,白肌饮,,,
695f75a0000000000e03c0cf,养巢人速来自救！别再不爱惜自己的身体啦~,https://www.xiaohongshu.com/explore/695f75a0000000000e03c0cf?app_platform=android&ignoreEngage=true&app_version=9.13.1&share_from_user_hidden=true&xsec_source=app_share&type=video&noteAttributes=goods&xsec_token=CBso0IcOIZMjXgyW5zwpHzV9xjLljXZ4DO-5bVRBcvrdw=&author_share=1&shareRedId=Nz9FREg4RkJKSTdHPzgyP0c8QktFNzc9&apptime=1767863928&share_id=b6b605256fe74cda969cd381b05b42ed&share_channel=copy_link&appuid=59cde3b9db2e6029a99da214&xhsshare=CopyLink,,,,转载笔记,养雌小粉果,,,
6960ac9e000000000a029cb3,秋冬底妆好搭子！真！六边形战士！,https://www.xiaohongshu.com/explore/6960ac9e000000000a029cb3?app_platform=android&ignoreEngage=true&app_version=9.15.0&share_from_user_hidden=true&xsec_source=app_share&type=video&noteAttributes=goods&xsec_token=CBaxRf-H0PzKqmKAI41scQbrsKewUaUUrawprMqoCYWeo=&author_share=1&shareRedId=ODw3Qzo1OU42NzUyOTgwNjY6OTc4STlO&apptime=1767943643&share_id=13b869ccefae4b08981f67b794a21744&share_channel=copy_link&appuid=665c705e0000000007004d3e&xhsshare=CopyLink,,,,转载笔记,抗糖防晒,,,
6981a5ad0000000022021965,赶due带娃两不误｜宝爸的防流感秘密武器?,https://www.xiaohongshu.com/discovery/item/6981a5ad0000000022021965?source=webshare&xhsshare=pc_web&xsec_token=ABLzPwbaiOY_DHgNKlD5mHJbADa-ZbaEU2Ob_XZGD9N_g=&xsec_source=pc_share,,,,转载笔记,小紫盾,,,
6981b6710000000022039c92,长期主义必用单品 | 我的全年底妆好搭子,https://www.xiaohongshu.com/discovery/item/6981b6710000000022039c92?source=webshare&xhsshare=pc_web&xsec_token=ABLzPwbaiOY_DHgNKlD5mHJd9beR0rR3gloJHit92pONo=&xsec_source=pc_share,,,,转载笔记,抗糖防晒,,,
6985a028000000001a036e3c,袁姗姗自用｜早中晚这样喝，素颜也能透着光,袁姗姗自用｜早中晚这样喝，素颜也能透着光 - 小红书,明星袁姗姗,,,转载笔记,御三家,,,
6985ac9600000000280084f3,黄皮抗糖捷径 第一眼美女速成法则！,黄皮抗糖捷径 第一眼美女速成法则！ - 小红书,,,,转载笔记,AGX抗糖饮,,,
698bedac000000000a02d58a,美妆博主梳妆台的常驻CP！锁死！,美妆博主梳妆台的常驻CP！锁死！ - 小红书,,,,转载笔记,冰美式+抗糖防晒,,,
699eb203000000000e03cc3a,懒人逆袭新招！快成喝成反光板了,懒人逆袭新招！快成喝成反光板了 - 小红书,,,,转载笔记,光感白肌饮,,,
69b0dd56000000000c0082be,黄黑皮逆袭！内调外养养出透亮好皮肤,黄黑皮逆袭！内调外养养出透亮好皮肤 - 小红书,,,,转载笔记,光感白肌饮,,,
69b13dad000000000c0162c4,内服新思路 液态麦角硫因的含金量还在上升,内服新思路 液态麦角硫因的含金量还在上升 - 小红书,,,,转载笔记,塑颜饮,,,
69b76bef000000002302553f,全网无代餐的抗糖防晒！一支搞定妆前工作,https://www.xiaohongshu.com/explore/69b76bef000000002302553f?xsec_token=ABpcIdFQXE9sC3HKOhMiywmKpd-t3e5ya5jjZYxf3arpE=&xsec_source=pc_user,,,,转载笔记,抗糖防晒,,,
69bcad380000000023004c48,内服抗衰大Battle！麦角硫因凭什么赢？,内服抗衰大Battle！麦角硫因凭什么赢？ - 小红书,,,,转载笔记,塑颜饮,,,
69bce6cf000000002301717f,告别蜡黄暗沉，素颜也能拥有匀净透亮感,https://www.xiaohongshu.com/explore/69bce6cf000000002301717f?xsec_token=ABLUNwCPICkh35TCAHqJRIXpmNbko_DMZQzxL8zYfryXE=&xsec_source=pc_user,,,,转载笔记,光感白肌饮,,,
69bd17ed000000001d0199c4,不用叠妆前！底妆透亮的秘密竟是它…,https://www.xiaohongshu.com/explore/69bd17ed000000001d0199c4?xsec_token=ABsd_GqC_mfHBNzZgWvUCDoUpC6ODbYM8nWe7FWoHrZyc=&xsec_source=pc_user,,,,转载笔记,抗糖防晒,,,
69c1ffe70000000022028457,日本生活vlog?日系女生的生理期好物分享?,https://www.xiaohongshu.com/explore/69c1ffe70000000022028457?xsec_token=AB-0Xczrt43yI8vQiDxqJHoyV22pX2jMUyFJHlK80k-IE=&xsec_source=pc_user,,,,转载笔记,养雌小粉果,,,
69c337ae0000000023015941,富婆圈抗糖密码 | 内调才是养肤天花板,https://www.xiaohongshu.com/explore/69c337ae0000000023015941?xsec_token=ABhN2yfB1lzVFSF1FmcKoys55YWYnLOE8buJtqq2XDsgI=&xsec_source=pc_user,,,,转载笔记,AGX抗糖饮,,,
69c345ce000000001b000eef,晓姿三抗有东西 这脸也水灵得太夸张了吧！,晓姿三抗有东西 这脸也水灵得太夸张了吧！ - 小红书,,,,转载笔记,粉钻面膜,,,
69b799fa0000000022029cd2,90%的病都跟它有关！换季养免疫=养命??,90%的病都跟它有关！换季养免疫=养命?? - 小红书,,,,转载笔记,小紫盾,,,
69cb805f0000000028008be3,蜡黄暗沉一锅端！有它素颜也能白到透光！,https://www.xiaohongshu.com/explore/69cb805f0000000028008be3?app_platform=android&ignoreEngage=true&app_version=9.21.0&share_from_user_hidden=true&xsec_source=app_share&type=video&noteAttributes=goods&xsec_token=CBw6MxUK73F7TF--Dli2x4lg46EmyxuLuGyXvop1lr3HU=&author_share=1&back_chain_id=goods_video_share&shareRedId=Nz9FREg4RkJKSTdHPzgyP0c8QktFNzc9&apptime=1774944373&share_id=9f9ee472da3844c29eb213dac2c10aa6&share_channel=copy_link&appuid=59cde3b9db2e6029a99da214&xhsshare=CopyLink,,,,转载笔记,光感白肌饮,,,
69ccee0900000000230209dc,狠狠防住紫外线！一支搞定底妆+抗糖的防晒,狠狠防住紫外线！一支搞定底妆+抗糖的防晒 - 小红书,,,,转载笔记,抗糖防晒,,,
69d4bac60000000023021ff9,用一次就沦陷，干瘪垮脸直接力挽狂澜！,用一次就沦陷，干瘪垮脸直接力挽狂澜！ - 小红书,,,,转载笔记,粉钻cp,,,
69d5a3f90000000022027135,上镜不焦虑 晓姿帮你养成全身透光肌,https://www.xiaohongshu.com/explore/69d5a3f90000000022027135?xsec_token=ABDS21sULyGSnHvULlC4rciolpw6LBq0IYrqr4KZpece4=&xsec_source=pc_user,,,,转载笔记,光感白肌饮,,,
69ddd49b000000001d018e84,初舞台前几天，呆女士都在干嘛？请看VCR,初舞台前几天，呆女士都在干嘛？请看VCR - 小红书,明星代斯,,,转载笔记,抗糖防晒,,,
69e0a57d000000002100666a,?morningroutine｜asmr沉浸式晚间护眼频道,?morningroutine｜asmr沉浸式晚间护眼频道 - 小红书,,,,转载笔记,冰美式眼膜,,,
69e193a20000000020038977,28天爆改暗黄皮！通透肌养成指南,https://www.xiaohongshu.com/explore/69e193a20000000020038977?xsec_token=ABhBerCaZcyulIZW89ExxYrfwLkgoCy_uv6lUutC7kKFQ=&xsec_source=pc_user,,,,转载笔记,光感白肌饮,,,
69e196d300000000230272e0,30+ 脸垮黄气重？三抗才是抗老好帮手！,https://www.xiaohongshu.com/explore/69e196d300000000230272e0?xsec_token=ABhBerCaZcyulIZW89ExxYrcaNyYtchUdjutrsDER9coM=&xsec_source=pc_user,,,,转载笔记,粉钻cp,,,
69e6e0b7000000001f004f1e,偷偷躺赢同龄人！内调抗糖才是抗老终极思路,https://www.xiaohongshu.com/explore/69e6e0b7000000001f004f1e?xsec_token=ABiWRkzvLSXGnle8odsqxEXOQbrFQc_ky7voZvb0gs7Cw=&xsec_source=pc_user,,,,转载笔记,AGX抗糖饮,,,
69e87bb00000000023025d81,熬夜党该品的细糠！！亮紧嫩一站式拿捏！！,熬夜党该品的细糠！！亮紧嫩一站式拿捏！！ - 小红书,,,,转载笔记,粉钻cp,,,
69f07871000000003501e819,告别熬夜眼 让眼睛持续“发光”的秘密！,https://www.xiaohongshu.com/explore/69f07871000000003501e819?xsec_token=ABQZEn8m7kG2ALAf3q2zuARbgd7cN64oGOwZMir2NGI6o=&xsec_source=pc_user,,,,转载笔记,冰美式眼膜,,,
69f1e0ef0000000036000a2b,神太翻包记 | mini lindy包包里有什么,https://www.xiaohongshu.com/explore/69f1e0ef0000000036000a2b?xsec_token=ABk6HHa0rB-ZS7n2NPcosF1S4YBTa9dYuLF873tT49kzQ=&xsec_source=pc_user,,,,转载笔记,抗糖防晒,,,
69e81fad000000001e00e61a,90%人都不知道的焕亮秘籍！黄黑皮速抄作业,90%人都不知道的焕亮秘籍！黄黑皮速抄作业 - 小红书,,,,转载笔记,白肌饮,,,
69fda78f0000000022028152,黄黑皮速速进！逆袭冷皮就是这么简单！,https://www.xiaohongshu.com/explore/69fda78f0000000022028152?xsec_token=ABz2eywH54-BQXNU20aRBZpu5aTFRQd5vc89kAt9RCuOQ=&xsec_source=pc_user,,,,转载笔记,白肌饮,,,
