创意ID,创意名称,创意状态,创意审核状态,广告类型,推广目标,创意类型,笔记/素材ID,作者ID,笔记类型,商品ID,计划名称,计划ID,创意创建时间,消费,展现量,点击量,点击率,平均点击成本,平均千次展示费用,直播间观看次数,直播间观看成本,直播间平均停留时长,直播间新增粉丝数量,直播间5s观看次数,直播间5s观看成本,直播间评论次数,直播间30s观看次数,直播间30s观看成本,7日总商品访客量,7日总商品访客成本,7日总商品加购量,7日总商品加购成本,7日总下单订单量,7日总下单订单成本,7日总下单金额,7日总下单ROI,7日总支付订单量,7日总支付订单成本,7日总支付金额,7日总支付ROI,直播间直接下单订单量,直播间直接下单订单成本,直播间直接下单金额,直播间直接下单ROI,直播间直接支付订单量,直播间直接支付订单成本,直播间直接支付金额,直播间直接支付ROI,店铺新客商品访问量,店铺新客支付订单量,店铺新客支付金额
-,合计1591条记录,-,-,-,-,-,-,-,-,-,-,-,-,565.67,2654,144,5.43%,3.93,213.14,11,51.42,0.17,0,7,80.81,0,0,0.0,4,141.42,1,565.67,0,0.0,0.0,0.0,0,0.0,0.0,0.0,0,0.0,0.0,0.0,0,0.0,0.00,0.0,4,0,0.0
4665233368,智R托管-君君来啦-AGXI-定向-26.5.8-达人直投,有效,审核通过,通投,商品7日总支付ROI,笔记（商品组件）,692e9bcb000000001e0098ec,63ccb44700000000260068ba,图文笔记,"67eb97e85d35ce0001a96c29,67f62ea104afe30001b8d8ed",智R托管-达人图文-AGXI-定向-26.5.8-达人直投,192576891,2026-05-08 17:40:41,9.88,34,4,11.76%,2.47,290.59,0,0.00,0.0,0,0,0.0,0,0,0.0,0,0.0,0,0.0,0,0.0,0.0,0.0,0,0.0,0.0,0.0,0,0.0,0.0,0.0,0,0.0,0.00,0.0,0,0,0.0
4665233367,智R托管-美丽小玉-AGXI-定向-26.5.8-达人直投,有效,审核通过,通投,商品7日总支付ROI,笔记（商品组件）,69297a20000000001e0103f8,5b51c15ae8ac2b42933a7fb3,图文笔记,"67eb97e85d35ce0001a96c29,67f62ea104afe30001b8d8ed",智R托管-达人图文-AGXI-定向-26.5.8-达人直投,192576891,2026-05-08 17:40:41,10.41,48,6,12.5%,1.74,216.88,1,10.41,0.2,0,1,10.41,0,0,0.0,0,0.0,0,0.0,0,0.0,0.0,0.0,0,0.0,0.0,0.0,0,0.0,0.0,0.0,0,0.0,0.00,0.0,0,0,0.0
4645738187,智R托管-王鹤润rain-AGXI-系统-26.5.7-达人直投,审核状态异常,审核拒绝,通投,商品7日总支付ROI,笔记（商品组件）,69fac4f300000000360005ad,56d792871c07df14860fcc5a,视频笔记,"67eb97e85d35ce0001a96c29,67f62ea104afe30001b8d8ed",智R托管-王鹤润rain-AGXI-系统-26.5.7-达人直投,192086809,2026-05-07 10:14:16,22.53,23,1,4.35%,22.53,979.57,1,22.53,0.1,0,1,22.53,0,0,0.0,0,0.0,0,0.0,0,0.0,0.0,0.0,0,0.0,0.0,0.0,0,0.0,0.0,0.0,0,0.0,0.00,0.0,0,0,0.0
4635852263,智R托管-今天开心了没-光感白肌饮-系统-26.4.22-达人直投,有效,审核通过,通投,商品7日总支付ROI,笔记（商品组件）,69e08b2c000000001f00493b,63542425000000001802a63f,视频笔记,"67bd894629b9f70001b66fed,67a96f5af4fe140001803e33",智R托管-达人合集-光感白肌饮-系统-26.4.22-达人直投,187928942,2026-05-06 15:26:02,4.56,168,3,1.79%,1.52,27.14,0,0.00,0.0,0,0,0.0,0,0,0.0,0,0.0,0,0.0,0,0.0,0.0,0.0,0,0.0,0.0,0.0,0,0.0,0.0,0.0,0,0.0,0.00,0.0,0,0,0.0
4635852262,智R托管-怎么吃不饱-光感白肌饮-系统-26.4.22-达人直投,有效,审核通过,通投,商品7日总支付ROI,笔记（商品组件）,69d8a51b000000002200d999,5ca4800d0000000016007b4f,图文笔记,"67bd894629b9f70001b66fed,67a96f5af4fe140001803e33",智R托管-达人合集-光感白肌饮-系统-26.4.22-达人直投,187928942,2026-05-06 15:26:02,1.01,158,9,5.7%,0.11,6.39,0,0.00,0.0,0,0,0.0,0,0,0.0,0,0.0,0,0.0,0,0.0,0.0,0.0,0,0.0,0.0,0.0,0,0.0,0.0,0.0,0,0.0,0.00,0.0,0,0,0.0
4634746696,智R托管-周小闹-AGXI-系统-26.5.6-达人直投,审核状态异常,审核拒绝,通投,商品7日总支付ROI,笔记（商品组件）,69f1bd770000000036031d8a,5aeab9b8e8ac2b7fd2732a56,视频笔记,"67eb97e85d35ce0001a96c29,67f62ea104afe30001b8d8ed",智R托管-周小闹-AGXI-系统-26.5.6-达人直投,191846654,2026-05-06 13:49:59,0.00,0,0,0.0%,0.0,0.0,0,0.00,0.0,0,0,0.0,0,0,0.0,0,0.0,0,0.0,0,0.0,0,0.0,0,0.0,0,0.0,0,0.0,0,0.0,0,0.0,0.00,0.0,0,0,0
4632889726,智R托管-小岁-AGXI-系统-26.5.6-达人直投,有效,审核通过,通投,商品7日总支付ROI,笔记（商品组件）,69cb3dbf00000000210054e7,634157fa000000001802ff07,视频笔记,"67eb97e85d35ce0001a96c29,67f62ea104afe30001b8d8ed",智R托管-达人合集-AGXI-系统-26.5.6-达人直投,191773297,2026-05-06 10:36:34,0.02,59,2,3.39%,0.01,0.34,0,0.00,0.0,0,0,0.0,0,0,0.0,0,0.0,0,0.0,0,0.0,0.0,0.0,0,0.0,0.0,0.0,0,0.0,0.0,0.0,0,0.0,0.00,0.0,0,0,0.0
4632889725,智R托管-小周快点用-AGXI-系统-26.5.6-达人直投,有效,审核通过,通投,商品7日总支付ROI,笔记（商品组件）,69cf6931000000001b001387,65fe80e1000000000b00c3e5,视频笔记,"67eb97e85d35ce0001a96c29,67f62ea104afe30001b8d8ed",智R托管-达人合集-AGXI-系统-26.5.6-达人直投,191773297,2026-05-06 10:36:34,0.71,60,4,6.67%,0.18,11.83,0,0.00,0.0,0,0,0.0,0,0,0.0,0,0.0,0,0.0,0,0.0,0.0,0.0,0,0.0,0.0,0.0,0,0.0,0.0,0.0,0,0.0,0.00,0.0,0,0,0.0
4632889724,智R托管-乐芒果-AGXI-系统-26.5.6-达人直投,有效,审核通过,通投,商品7日总支付ROI,笔记（商品组件）,69cf569b0000000022003abc,67c680e6000000000a03c6ff,图文笔记,"67eb97e85d35ce0001a96c29,67f62ea104afe30001b8d8ed",智R托管-达人合集-AGXI-系统-26.5.6-达人直投,191773297,2026-05-06 10:36:34,85.94,235,16,6.81%,5.37,365.7,2,42.97,0.27,0,2,42.97,0,0,0.0,1,85.94,0,0.0,0,0.0,0.0,0.0,0,0.0,0.0,0.0,0,0.0,0.0,0.0,0,0.0,0.00,0.0,1,0,0.0
4632889723,智R托管-冰糖柔柔子-AGXI-系统-26.5.6-达人直投,有效,审核通过,通投,商品7日总支付ROI,笔记（商品组件）,69d350460000000022028e63,66c961cd000000001d0206de,图文笔记,"67eb97e85d35ce0001a96c29,67f62ea104afe30001b8d8ed",智R托管-达人合集-AGXI-系统-26.5.6-达人直投,191773297,2026-05-06 10:36:34,10.96,28,3,10.71%,3.65,391.43,0,0.00,0.0,0,0,0.0,0,0,0.0,0,0.0,0,0.0,0,0.0,0.0,0.0,0,0.0,0.0,0.0,0,0.0,0.0,0.0,0,0.0,0.00,0.0,0,0,0.0
4632889722,智R托管-荔枝冰茶-AGXI-系统-26.5.6-达人直投,暂停,审核通过,通投,商品7日总支付ROI,笔记（商品组件）,69d4e9300000000023004503,654a20bd00000000020139c9,图文笔记,"67eb97e85d35ce0001a96c29,67f62ea104afe30001b8d8ed",智R托管-达人合集-AGXI-系统-26.5.6-达人直投,191773297,2026-05-06 10:36:34,0.00,0,0,0.0%,0.0,0.0,0,0.00,0.0,0,0,0.0,0,0,0.0,0,0.0,0,0.0,0,0.0,0,0.0,0,0.0,0,0.0,0,0.0,0,0.0,0,0.0,0.00,0.0,0,0,0
4632889721,智R托管-一颗甜甜圈-AGXI-系统-26.5.6-达人直投,有效,审核通过,通投,商品7日总支付ROI,笔记（商品组件）,69d73f5c000000002103b4ad,5ba98cff0a5c4a0001134be2,视频笔记,"67eb97e85d35ce0001a96c29,67f62ea104afe30001b8d8ed",智R托管-达人合集-AGXI-系统-26.5.6-达人直投,191773297,2026-05-06 10:36:34,1.30,40,3,7.5%,0.43,32.5,1,1.30,0.05,0,0,0.0,0,0,0.0,0,0.0,0,0.0,0,0.0,0.0,0.0,0,0.0,0.0,0.0,0,0.0,0.0,0.0,0,0.0,0.00,0.0,0,0,0.0
4632889720,智R托管-黑魔仙-AGXI-系统-26.5.6-达人直投,有效,审核通过,通投,商品7日总支付ROI,笔记（商品组件）,69df63a9000000001f000f30,593e70e850c4b4231a0c391f,图文笔记,"67eb97e85d35ce0001a96c29,67f62ea104afe30001b8d8ed",智R托管-达人合集-AGXI-系统-26.5.6-达人直投,191773297,2026-05-06 10:36:34,118.34,144,9,6.25%,13.15,821.81,0,0.00,0.0,0,0,0.0,0,0,0.0,0,0.0,0,0.0,0,0.0,0.0,0.0,0,0.0,0.0,0.0,0,0.0,0.0,0.0,0,0.0,0.00,0.0,0,0,0.0
4632889719,智R托管-萧枫-AGXI-系统-26.5.6-达人直投,有效,审核通过,通投,商品7日总支付ROI,笔记（商品组件）,69df2996000000001b023330,6121c65e0000000001014761,视频笔记,"67eb97e85d35ce0001a96c29,67f62ea104afe30001b8d8ed",智R托管-达人合集-AGXI-系统-26.5.6-达人直投,191773297,2026-05-06 10:36:34,6.47,43,4,9.3%,1.62,150.47,0,0.00,0.0,0,0,0.0,0,0,0.0,0,0.0,0,0.0,0,0.0,0.0,0.0,0,0.0,0.0,0.0,0,0.0,0.0,0.0,0,0.0,0.00,0.0,0,0,0.0
4632327342,智R托管-mumusays-AGXI-系统-26.5.6-达人直投,有效,审核通过,通投,商品7日总支付ROI,笔记（商品组件）,687624750000000013011d57,5f8e5c67000000000101e352,视频笔记,"67eb97e85d35ce0001a96c29,67f62ea104afe30001b8d8ed",智R托管-合集-AGXI-系统-26.5.6-达人直投,191761215,2026-05-06 10:04:13,0.03,84,1,1.19%,0.03,0.36,0,0.00,0.0,0,0,0.0,0,0,0.0,0,0.0,0,0.0,0,0.0,0.0,0.0,0,0.0,0.0,0.0,0,0.0,0.0,0.0,0,0.0,0.00,0.0,0,0,0.0
4632327341,智R托管-teteee-AGXI-系统-26.5.6-达人直投,有效,审核通过,通投,商品7日总支付ROI,笔记（商品组件）,69e5e6c5000000002103bad1,5a8babb24eacab2350d2aa8c,视频笔记,"67eb97e85d35ce0001a96c29,67f62ea104afe30001b8d8ed",智R托管-合集-AGXI-系统-26.5.6-达人直投,191761215,2026-05-06 10:04:13,1.50,73,1,1.37%,1.5,20.55,0,0.00,0.0,0,0,0.0,0,0,0.0,0,0.0,0,0.0,0,0.0,0.0,0.0,0,0.0,0.0,0.0,0,0.0,0.0,0.0,0,0.0,0.00,0.0,0,0,0.0
4632327340,智R托管-叶子雯Rowan-AGXI-系统-26.5.6-达人直投,有效,审核通过,通投,商品7日总支付ROI,笔记（商品组件）,69e881f400000000220015e5,5902ae0f6a6a695f5768b7df,视频笔记,"67eb97e85d35ce0001a96c29,67f62ea104afe30001b8d8ed",智R托管-合集-AGXI-系统-26.5.6-达人直投,191761215,2026-05-06 10:04:13,0.46,13,0,0.0%,0.0,35.38,0,0.00,0.0,0,0,0.0,0,0,0.0,0,0.0,0,0.0,0,0.0,0.0,0.0,0,0.0,0.0,0.0,0,0.0,0.0,0.0,0,0.0,0.00,0.0,0,0,0.0
4632327339,智R托管-吉吉的生活琐记-AGXI-系统-26.5.6-达人直投,有效,审核通过,通投,商品7日总支付ROI,笔记（商品组件）,69e9f3b9000000001f031801,598019c65e87e7470014aea7,视频笔记,"67eb97e85d35ce0001a96c29,67f62ea104afe30001b8d8ed",智R托管-合集-AGXI-系统-26.5.6-达人直投,191761215,2026-05-06 10:04:13,1.52,50,8,16.0%,0.19,30.4,1,1.52,0.02,0,0,0.0,0,0,0.0,0,0.0,0,0.0,0,0.0,0.0,0.0,0,0.0,0.0,0.0,0,0.0,0.0,0.0,0,0.0,0.00,0.0,0,0,0.0
4632327338,智R托管-圆师傅-AGXI-系统-26.5.6-达人直投,有效,审核通过,通投,商品7日总支付ROI,笔记（商品组件）,69ef213900000000230173d7,5a55b5634eacab24ad8fe69d,视频笔记,"67eb97e85d35ce0001a96c29,67f62ea104afe30001b8d8ed",智R托管-合集-AGXI-系统-26.5.6-达人直投,191761215,2026-05-06 10:04:13,1.24,56,3,5.36%,0.41,22.14,0,0.00,0.0,0,0,0.0,0,0,0.0,0,0.0,0,0.0,0,0.0,0.0,0.0,0,0.0,0.0,0.0,0,0.0,0.0,0.0,0,0.0,0.00,0.0,0,0,0.0
4632327337,智R托管-蚊蚊朋友圈-AGXI-系统-26.5.6-达人直投,有效,审核通过,通投,商品7日总支付ROI,笔记（商品组件）,69ef43f5000000003700e64d,60c9638d000000000100b98e,图文笔记,"67eb97e85d35ce0001a96c29,67f62ea104afe30001b8d8ed",智R托管-合集-AGXI-系统-26.5.6-达人直投,191761215,2026-05-06 10:04:13,0.04,60,1,1.67%,0.04,0.67,0,0.00,0.0,0,0,0.0,0,0,0.0,0,0.0,0,0.0,0,0.0,0.0,0.0,0,0.0,0.0,0.0,0,0.0,0.0,0.0,0,0.0,0.00,0.0,0,0,0.0
4632327336,智R托管-克里斯拖-AGXI-系统-26.5.6-达人直投,有效,审核通过,通投,商品7日总支付ROI,笔记（商品组件）,69f03428000000003601fce7,5a191bb64eacab1d1678e6e6,视频笔记,"67eb97e85d35ce0001a96c29,67f62ea104afe30001b8d8ed",智R托管-合集-AGXI-系统-26.5.6-达人直投,191761215,2026-05-06 10:04:13,8.86,180,13,7.22%,0.68,49.22,0,0.00,0.0,0,0,0.0,0,0,0.0,0,0.0,0,0.0,0,0.0,0.0,0.0,0,0.0,0.0,0.0,0,0.0,0.0,0.0,0,0.0,0.00,0.0,0,0,0.0
4632327335,智R托管-Ruiren蕤人-AGXI-系统-26.5.6-达人直投,有效,审核通过,通投,商品7日总支付ROI,笔记（商品组件）,690c4c850000000007023d0e,59fa3f3c4eacab5cb162c630,视频笔记,"67eb97e85d35ce0001a96c29,67f62ea104afe30001b8d8ed",智R托管-合集-AGXI-系统-26.5.6-达人直投,191761215,2026-05-06 10:04:13,3.11,11,1,9.09%,3.11,282.73,0,0.00,0.0,0,0,0.0,0,0,0.0,0,0.0,0,0.0,0,0.0,0.0,0.0,0,0.0,0.0,0.0,0,0.0,0.0,0.0,0,0.0,0.00,0.0,0,0,0.0
4566753170,智R搜索-实现大-新X白-系统-26.4.30,暂停,审核通过,搜索,商品7日总支付ROI,笔记（商品组件）,67ecf570000000001b03db8b,59cde3b9db2e6029a99da214,图文笔记,"67f6247db2c30c00015cbc5d,6858efa562560900014a4305,67a96fff17cfa0000166a95f,67f62ea104afe30001b8d8ed,68a595d130bf8c0001e0f7ed",智R搜索-合集-新X白-系统-26.4.30,190480711,2026-04-30 10:53:23,0.00,0,0,0.0%,0.0,0.0,0,0.00,0.0,0,0,0.0,0,0,0.0,0,0.0,0,0.0,0,0.0,0,0.0,0,0.0,0,0.0,0,0.0,0,0.0,0,0.0,0.00,0.0,0,0,0
4566360561,智R搜索-全都有-新X白-系统-26.4.30,被计划暂停,审核通过,搜索,商品7日总支付ROI,笔记（商品组件）,69bcc6520000000022026af1,59cde3b9db2e6029a99da214,图文笔记,"6858efa562560900014a4305,67f6247db2c30c00015cbc5d",智R搜索-合集-新X白-系统-26.4.30,190480711,2026-04-30 10:16:13,0.00,0,0,0.0%,0.0,0.0,0,0.00,0.0,0,0,0.0,0,0,0.0,0,0.0,0,0.0,0,0.0,0,0.0,0,0.0,0,0.0,0,0.0,0,0.0,0,0.0,0.00,0.0,0,0,0
4566360560,智R搜索-正确打-新X白-系统-26.4.30,被计划暂停,审核通过,搜索,商品7日总支付ROI,笔记（商品组件）,69b8a79c00000000220241ca,59cde3b9db2e6029a99da214,图文笔记,"6858efa562560900014a4305,67f6247db2c30c00015cbc5d",智R搜索-合集-新X白-系统-26.4.30,190480711,2026-04-30 10:16:13,0.00,0,0,0.0%,0.0,0.0,0,0.00,0.0,0,0,0.0,0,0,0.0,0,0.0,0,0.0,0,0.0,0,0.0,0,0.0,0,0.0,0,0.0,0,0.0,0,0.0,0.00,0.0,0,0,0
4566360559,智R搜索-逆袭上镜-新X白-系统-26.4.30,被计划暂停,审核通过,搜索,商品7日总支付ROI,笔记（商品组件）,697c444a000000002802347b,59cde3b9db2e6029a99da214,图文笔记,"6858efa562560900014a4305,67f6247db2c30c00015cbc5d",智R搜索-合集-新X白-系统-26.4.30,190480711,2026-04-30 10:16:13,0.00,0,0,0.0%,0.0,0.0,0,0.00,0.0,0,0,0.0,0,0,0.0,0,0.0,0,0.0,0,0.0,0,0.0,0,0.0,0,0.0,0,0.0,0,0.0,0,0.0,0.00,0.0,0,0,0
4545313445,智R托管-美貌的-AGXI-定向-26.4.28,被计划暂停,审核通过,通投,商品7日总支付ROI,笔记（商品组件）,69bd0433000000001e00fb34,59cde3b9db2e6029a99da214,视频笔记,"67eb97e85d35ce0001a96c29,67f62e4eec137400010dc1cb,67f62ea104afe30001b8d8ed",智R托管-优质合集-AGXI-定向-26.4.28,189931245,2026-04-28 17:15:36,0.00,0,0,0.0%,0.0,0.0,0,0.00,0.0,0,0,0.0,0,0,0.0,0,0.0,0,0.0,0,0.0,0,0.0,0,0.0,0,0.0,0,0.0,0,0.0,0,0.0,0.00,0.0,0,0,0
4545313444,智R托管-暂停键-AGXI-定向-26.4.28,被计划暂停,审核通过,通投,商品7日总支付ROI,笔记（商品组件）,69e1f5cd000000001a03495b,59cde3b9db2e6029a99da214,视频笔记,"67eb97e85d35ce0001a96c29,67f62e4eec137400010dc1cb,67f62ea104afe30001b8d8ed",智R托管-优质合集-AGXI-定向-26.4.28,189931245,2026-04-28 17:15:36,0.00,0,0,0.0%,0.0,0.0,0,0.00,0.0,0,0,0.0,0,0,0.0,0,0.0,0,0.0,0,0.0,0,0.0,0,0.0,0,0.0,0,0.0,0,0.0,0,0.0,0.00,0.0,0,0,0
4545313443,智R托管-步把糖-AGXI-定向-26.4.28,被计划暂停,审核通过,通投,商品7日总支付ROI,笔记（商品组件）,69dc96f1000000002301f332,59cde3b9db2e6029a99da214,视频笔记,"67eb97e85d35ce0001a96c29,67f62e4eec137400010dc1cb,67f62ea104afe30001b8d8ed",智R托管-优质合集-AGXI-定向-26.4.28,189931245,2026-04-28 17:15:36,0.00,0,0,0.0%,0.0,0.0,0,0.00,0.0,0,0,0.0,0,0,0.0,0,0.0,0,0.0,0,0.0,0,0.0,0,0.0,0,0.0,0,0.0,0,0.0,0,0.0,0.00,0.0,0,0,0
4545313442,智R托管-年轻怎-AGXI-定向-26.4.28,被计划暂停,审核通过,通投,商品7日总支付ROI,笔记（商品组件）,698172d1000000002801e246,59cde3b9db2e6029a99da214,图文笔记,"67eb97e85d35ce0001a96c29,67f62e4eec137400010dc1cb,67f62ea104afe30001b8d8ed",智R托管-优质合集-AGXI-定向-26.4.28,189931245,2026-04-28 17:15:36,0.00,0,0,0.0%,0.0,0.0,0,0.00,0.0,0,0,0.0,0,0,0.0,0,0.0,0,0.0,0,0.0,0,0.0,0,0.0,0,0.0,0,0.0,0,0.0,0,0.0,0.00,0.0,0,0,0
4545313441,智R托管-抗不对-AGXI-定向-26.4.28,被计划暂停,审核通过,通投,商品7日总支付ROI,笔记（商品组件）,69b12ec5000000000601e472,59cde3b9db2e6029a99da214,视频笔记,"67eb97e85d35ce0001a96c29,67f62e4eec137400010dc1cb,67f62ea104afe30001b8d8ed",智R托管-优质合集-AGXI-定向-26.4.28,189931245,2026-04-28 17:15:36,0.00,0,0,0.0%,0.0,0.0,0,0.00,0.0,0,0,0.0,0,0,0.0,0,0.0,0,0.0,0,0.0,0,0.0,0,0.0,0,0.0,0,0.0,0,0.0,0,0.0,0.00,0.0,0,0,0
4545313440,智R托管-悄悄垮-AGXI-定向-26.4.28,被计划暂停,审核通过,通投,商品7日总支付ROI,笔记（商品组件）,69df2a68000000001f001ad8,59cde3b9db2e6029a99da214,视频笔记,"67eb97e85d35ce0001a96c29,67f62e4eec137400010dc1cb,67f62ea104afe30001b8d8ed",智R托管-优质合集-AGXI-定向-26.4.28,189931245,2026-04-28 17:15:36,0.00,0,0,0.0%,0.0,0.0,0,0.00,0.0,0,0,0.0,0,0,0.0,0,0.0,0,0.0,0,0.0,0,0.0,0,0.0,0,0.0,0,0.0,0,0.0,0,0.0,0.00,0.0,0,0,0
4545313439,智R托管-会报答-AGXI-定向-26.4.28,被计划暂停,审核通过,通投,商品7日总支付ROI,笔记（商品组件）,69cf88c5000000001d01e603,59cde3b9db2e6029a99da214,视频笔记,"67eb97e85d35ce0001a96c29,67f62e4eec137400010dc1cb,67f62ea104afe30001b8d8ed",智R托管-优质合集-AGXI-定向-26.4.28,189931245,2026-04-28 17:15:36,0.00,0,0,0.0%,0.0,0.0,0,0.00,0.0,0,0,0.0,0,0,0.0,0,0.0,0,0.0,0,0.0,0,0.0,0,0.0,0,0.0,0,0.0,0,0.0,0,0.0,0.00,0.0,0,0,0
4545313438,智R托管-看小韩-AGXI-定向-26.4.28,被计划暂停,审核通过,通投,商品7日总支付ROI,笔记（商品组件）,69d70c74000000001a02cdfd,59cde3b9db2e6029a99da214,视频笔记,"67eb97e85d35ce0001a96c29,67f62e4eec137400010dc1cb,67f62ea104afe30001b8d8ed",智R托管-优质合集-AGXI-定向-26.4.28,189931245,2026-04-28 17:15:36,0.00,0,0,0.0%,0.0,0.0,0,0.00,0.0,0,0,0.0,0,0,0.0,0,0.0,0,0.0,0,0.0,0,0.0,0,0.0,0,0.0,0,0.0,0,0.0,0,0.0,0.00,0.0,0,0,0
4545313437,智R托管-甩掉黄-AGXI-定向-26.4.28,被计划暂停,审核通过,通投,商品7日总支付ROI,笔记（商品组件）,69cdcf9f000000001e00c4ba,59cde3b9db2e6029a99da214,图文笔记,"67eb97e85d35ce0001a96c29,67f62e4eec137400010dc1cb,67f62ea104afe30001b8d8ed",智R托管-优质合集-AGXI-定向-26.4.28,189931245,2026-04-28 17:15:36,0.00,0,0,0.0%,0.0,0.0,0,0.00,0.0,0,0,0.0,0,0,0.0,0,0.0,0,0.0,0,0.0,0,0.0,0,0.0,0,0.0,0,0.0,0,0.0,0,0.0,0.00,0.0,0,0,0
4527121258,智R托管-曼曼子-AGXI-系统-26.4.27-达人直投,有效,审核通过,通投,商品7日总支付ROI,笔记（商品组件）,69a94b080000000016008b95,6243fe540000000010004359,视频笔记,"67f62ea104afe30001b8d8ed,67eb97e85d35ce0001a96c29",智R托管-曼曼子-AGXI-系统-26.4.27-达人直投,189414726,2026-04-27 10:32:59,24.38,386,13,3.37%,1.88,63.16,1,24.38,0.15,0,1,24.38,0,0,0.0,0,0.0,0,0.0,0,0.0,0.0,0.0,0,0.0,0.0,0.0,0,0.0,0.0,0.0,0,0.0,0.00,0.0,0,0,0.0
4465188416,智R托管-山药丝丝-光感白肌饮-系统-26.4.22-达人直投,暂停,审核通过,通投,商品7日总支付ROI,笔记（商品组件）,69d4e067000000001a02c495,5af2f40f11be10339c86a447,图文笔记,"67bd894629b9f70001b66fed,67a96f5af4fe140001803e33",智R托管-达人合集-光感白肌饮-系统-26.4.22-达人直投,187928942,2026-04-22 09:37:17,32.21,57,6,10.53%,5.37,565.09,0,0.00,0.0,0,0,0.0,0,0,0.0,0,0.0,0,0.0,0,0.0,0.0,0.0,0,0.0,0.0,0.0,0,0.0,0.0,0.0,0,0.0,0.00,0.0,0,0,0.0
4465188415,智R托管-桥蔓-光感白肌饮-系统-26.4.22-达人直投,暂停,审核通过,通投,商品7日总支付ROI,笔记（商品组件）,69c0b88d0000000022027fcf,6184030300000000100040b3,图文笔记,"67bd894629b9f70001b66fed,67a96f5af4fe140001803e33",智R托管-达人合集-光感白肌饮-系统-26.4.22-达人直投,187928942,2026-04-22 09:37:17,0.00,0,0,0.0%,0.0,0.0,0,0.00,0.0,0,0,0.0,0,0,0.0,0,0.0,0,0.0,0,0.0,0,0.0,0,0.0,0,0.0,0,0.0,0,0.0,0,0.0,0.00,0.0,0,0,0
4465188414,智R托管-地道姐k-光感白肌饮-系统-26.4.22-达人直投,暂停,审核通过,通投,商品7日总支付ROI,笔记（商品组件）,69cf72aa0000000021038d3f,5a5a03324eacab79c4981043,视频笔记,"67bd894629b9f70001b66fed,67a96f5af4fe140001803e33",智R托管-达人合集-光感白肌饮-系统-26.4.22-达人直投,187928942,2026-04-22 09:37:17,0.00,0,0,0.0%,0.0,0.0,0,0.00,0.0,0,0,0.0,0,0,0.0,0,0.0,0,0.0,0,0.0,0,0.0,0,0.0,0,0.0,0,0.0,0,0.0,0,0.0,0.00,0.0,0,0,0
4465188413,智R托管-粘豆包公主-光感白肌饮-系统-26.4.22-达人直投,有效,审核通过,通投,商品7日总支付ROI,笔记（商品组件）,69cf8112000000001d01f0e6,63fb1225000000001f0313d3,图文笔记,"67bd894629b9f70001b66fed,67a96f5af4fe140001803e33",智R托管-达人合集-光感白肌饮-系统-26.4.22-达人直投,187928942,2026-04-22 09:37:17,15.01,15,2,13.33%,7.51,1000.67,0,0.00,0.0,0,0,0.0,0,0,0.0,0,0.0,0,0.0,0,0.0,0.0,0.0,0,0.0,0.0,0.0,0,0.0,0.0,0.0,0,0.0,0.00,0.0,0,0,0.0
4465188412,智R托管-ForU_Style-光感白肌饮-系统-26.4.22-达人直投,暂停,审核通过,通投,商品7日总支付ROI,笔记（商品组件）,69cfa24a0000000021004de5,605ff6ed000000000100a50d,图文笔记,"67bd894629b9f70001b66fed,67a96f5af4fe140001803e33",智R托管-达人合集-光感白肌饮-系统-26.4.22-达人直投,187928942,2026-04-22 09:37:17,0.00,0,0,0.0%,0.0,0.0,0,0.00,0.0,0,0,0.0,0,0,0.0,0,0.0,0,0.0,0,0.0,0,0.0,0,0.0,0,0.0,0,0.0,0,0.0,0,0.0,0.00,0.0,0,0,0
4465188411,智R托管-玉轩-光感白肌饮-系统-26.4.22-达人直投,暂停,审核通过,通投,商品7日总支付ROI,笔记（商品组件）,69cf3b9a000000001f006b54,67d7f2d1000000000e01fff1,视频笔记,"67bd894629b9f70001b66fed,67a96f5af4fe140001803e33",智R托管-达人合集-光感白肌饮-系统-26.4.22-达人直投,187928942,2026-04-22 09:37:17,0.00,0,0,0.0%,0.0,0.0,0,0.00,0.0,0,0,0.0,0,0,0.0,0,0.0,0,0.0,0,0.0,0,0.0,0,0.0,0,0.0,0,0.0,0,0.0,0,0.0,0.00,0.0,0,0,0
4465188410,智R托管-屋里dd-光感白肌饮-系统-26.4.22-达人直投,暂停,审核通过,通投,商品7日总支付ROI,笔记（商品组件）,69cf6543000000001a03686e,61eff0ac0000000010007090,视频笔记,"67bd894629b9f70001b66fed,67a96f5af4fe140001803e33",智R托管-达人合集-光感白肌饮-系统-26.4.22-达人直投,187928942,2026-04-22 09:37:17,0.00,0,0,0.0%,0.0,0.0,0,0.00,0.0,0,0,0.0,0,0,0.0,0,0.0,0,0.0,0,0.0,0,0.0,0,0.0,0,0.0,0,0.0,0,0.0,0,0.0,0.00,0.0,0,0,0
4465188409,智R托管-午夜玫瑰-光感白肌饮-系统-26.4.22-达人直投,有效,审核通过,通投,商品7日总支付ROI,笔记（商品组件）,69cf5c59000000001d01d107,665473bc00000000070051e5,图文笔记,"67bd894629b9f70001b66fed,67a96f5af4fe140001803e33",智R托管-达人合集-光感白肌饮-系统-26.4.22-达人直投,187928942,2026-04-22 09:37:17,33.87,79,7,8.86%,4.84,428.73,1,33.87,0.3,0,1,33.87,0,0,0.0,1,33.87,0,0.0,0,0.0,0.0,0.0,0,0.0,0.0,0.0,0,0.0,0.0,0.0,0,0.0,0.00,0.0,1,0,0.0
4465188408,智R托管-馒头大汉堡-光感白肌饮-系统-26.4.22-达人直投,暂停,审核通过,通投,商品7日总支付ROI,笔记（商品组件）,69cdf15c0000000021011299,611c5983000000000101c552,图文笔记,"67bd894629b9f70001b66fed,67a96f5af4fe140001803e33",智R托管-达人合集-光感白肌饮-系统-26.4.22-达人直投,187928942,2026-04-22 09:37:17,0.00,0,0,0.0%,0.0,0.0,0,0.00,0.0,0,0,0.0,0,0,0.0,0,0.0,0,0.0,0,0.0,0,0.0,0,0.0,0,0.0,0,0.0,0,0.0,0,0.0,0.00,0.0,0,0,0
4442600855,智R托管-深扒晓-横测笔记-系统-26.4.20,被计划暂停,审核通过,通投,商品7日总支付ROI,笔记（商品组件）,68f9fee30000000005003593,59cde3b9db2e6029a99da214,图文笔记,"681c861f8da761000133f1fb,6748224252f26600016f5a21,67eb97e85d35ce0001a96c29,68a594b62eb6de000174964c,67bd86679759260001a41644,68a595d130bf8c0001e0f7ed",智R托管-深扒晓-横测笔记-系统-26.4.20,187418863,2026-04-20 15:27:04,0.00,0,0,0.0%,0.0,0.0,0,0.00,0.0,0,0,0.0,0,0,0.0,0,0.0,0,0.0,0,0.0,0,0.0,0,0.0,0,0.0,0,0.0,0,0.0,0,0.0,0.00,0.0,0,0,0
4439951376,智R搜索-步把糖-AGXI-系统-26.4.20,被计划暂停,审核通过,搜索,商品7日总支付ROI,笔记（商品组件）,69dc96f1000000002301f332,59cde3b9db2e6029a99da214,视频笔记,"67f62ea104afe30001b8d8ed,67eb97e85d35ce0001a96c29",智R搜索-合集-AGXI-系统-26.4.20,187349358,2026-04-20 11:59:33,0.00,0,0,0.0%,0.0,0.0,0,0.00,0.0,0,0,0.0,0,0,0.0,0,0.0,0,0.0,0,0.0,0,0.0,0,0.0,0,0.0,0,0.0,0,0.0,0,0.0,0.00,0.0,0,0,0
4439951375,智R搜索-悄悄垮-AGXI-系统-26.4.20,被计划暂停,审核通过,搜索,商品7日总支付ROI,笔记（商品组件）,69df2a68000000001f001ad8,59cde3b9db2e6029a99da214,视频笔记,"67f62ea104afe30001b8d8ed,67eb97e85d35ce0001a96c29",智R搜索-合集-AGXI-系统-26.4.20,187349358,2026-04-20 11:59:33,0.00,0,0,0.0%,0.0,0.0,0,0.00,0.0,0,0,0.0,0,0,0.0,0,0.0,0,0.0,0,0.0,0,0.0,0,0.0,0,0.0,0,0.0,0,0.0,0,0.0,0.00,0.0,0,0,0
4439951374,智R搜索-看小韩-AGXI-系统-26.4.20,被计划暂停,审核通过,搜索,商品7日总支付ROI,笔记（商品组件）,69d70c74000000001a02cdfd,59cde3b9db2e6029a99da214,视频笔记,"67f62ea104afe30001b8d8ed,67eb97e85d35ce0001a96c29",智R搜索-合集-AGXI-系统-26.4.20,187349358,2026-04-20 11:59:33,0.00,0,0,0.0%,0.0,0.0,0,0.00,0.0,0,0,0.0,0,0,0.0,0,0.0,0,0.0,0,0.0,0,0.0,0,0.0,0,0.0,0,0.0,0,0.0,0,0.0,0.00,0.0,0,0,0
4439951373,智R搜索-会报答-AGXI-系统-26.4.20,被计划暂停,审核通过,搜索,商品7日总支付ROI,笔记（商品组件）,69cf88c5000000001d01e603,59cde3b9db2e6029a99da214,视频笔记,"67f62ea104afe30001b8d8ed,67eb97e85d35ce0001a96c29",智R搜索-合集-AGXI-系统-26.4.20,187349358,2026-04-20 11:59:33,0.00,0,0,0.0%,0.0,0.0,0,0.00,0.0,0,0,0.0,0,0,0.0,0,0.0,0,0.0,0,0.0,0,0.0,0,0.0,0,0.0,0,0.0,0,0.0,0,0.0,0.00,0.0,0,0,0
4406075795,智R托管-山药丝丝-光感白肌饮-系统-26.4.17-达人直投,被计划暂停,审核通过,通投,商品7日总支付ROI,笔记（商品组件）,69d4e067000000001a02c495,5af2f40f11be10339c86a447,图文笔记,"67bd894629b9f70001b66fed,67a96f5af4fe140001803e33",智R托管-达人合集-光感白肌饮-系统-26.4.17-达人直投,186732577,2026-04-17 11:29:21,0.00,0,0,0.0%,0.0,0.0,0,0.00,0.0,0,0,0.0,0,0,0.0,0,0.0,0,0.0,0,0.0,0,0.0,0,0.0,0,0.0,0,0.0,0,0.0,0,0.0,0.00,0.0,0,0,0
4406075794,智R托管-桥蔓-光感白肌饮-系统-26.4.17-达人直投,被计划暂停,审核通过,通投,商品7日总支付ROI,笔记（商品组件）,69c0b88d0000000022027fcf,6184030300000000100040b3,图文笔记,"67bd894629b9f70001b66fed,67a96f5af4fe140001803e33",智R托管-达人合集-光感白肌饮-系统-26.4.17-达人直投,186732577,2026-04-17 11:29:21,0.00,0,0,0.0%,0.0,0.0,0,0.00,0.0,0,0,0.0,0,0,0.0,0,0.0,0,0.0,0,0.0,0,0.0,0,0.0,0,0.0,0,0.0,0,0.0,0,0.0,0.00,0.0,0,0,0
4406075793,智R托管-地道姐k-光感白肌饮-系统-26.4.17-达人直投,被计划暂停,审核通过,通投,商品7日总支付ROI,笔记（商品组件）,69cf72aa0000000021038d3f,5a5a03324eacab79c4981043,视频笔记,"67bd894629b9f70001b66fed,67a96f5af4fe140001803e33",智R托管-达人合集-光感白肌饮-系统-26.4.17-达人直投,186732577,2026-04-17 11:29:21,0.00,0,0,0.0%,0.0,0.0,0,0.00,0.0,0,0,0.0,0,0,0.0,0,0.0,0,0.0,0,0.0,0,0.0,0,0.0,0,0.0,0,0.0,0,0.0,0,0.0,0.00,0.0,0,0,0
4406075792,智R托管-七妖妖-光感白肌饮-系统-26.4.17-达人直投,被计划暂停,审核通过,通投,商品7日总支付ROI,笔记（商品组件）,69d5d096000000001a03732e,65e6d48b000000001700e75a,图文笔记,"67bd894629b9f70001b66fed,67a96f5af4fe140001803e33",智R托管-达人合集-光感白肌饮-系统-26.4.17-达人直投,186732577,2026-04-17 11:29:21,0.00,0,0,0.0%,0.0,0.0,0,0.00,0.0,0,0,0.0,0,0,0.0,0,0.0,0,0.0,0,0.0,0,0.0,0,0.0,0,0.0,0,0.0,0,0.0,0,0.0,0.00,0.0,0,0,0
4406075791,智R托管-豆蔻年华-光感白肌饮-系统-26.4.17-达人直投,暂停,审核通过,通投,商品7日总支付ROI,笔记（商品组件）,69c394d500000000210105d8,5a546c0e11be100285b0dedc,图文笔记,"67bd894629b9f70001b66fed,67a96f5af4fe140001803e33",智R托管-达人合集-光感白肌饮-系统-26.4.17-达人直投,186732577,2026-04-17 11:29:21,0.00,0,0,0.0%,0.0,0.0,0,0.00,0.0,0,0,0.0,0,0,0.0,0,0.0,0,0.0,0,0.0,0,0.0,0,0.0,0,0.0,0,0.0,0,0.0,0,0.0,0.00,0.0,0,0,0
4406075790,智R托管-粘豆包公主-光感白肌饮-系统-26.4.17-达人直投,被计划暂停,审核通过,通投,商品7日总支付ROI,笔记（商品组件）,69cf8112000000001d01f0e6,63fb1225000000001f0313d3,图文笔记,"67bd894629b9f70001b66fed,67a96f5af4fe140001803e33",智R托管-达人合集-光感白肌饮-系统-26.4.17-达人直投,186732577,2026-04-17 11:29:21,0.00,0,0,0.0%,0.0,0.0,0,0.00,0.0,0,0,0.0,0,0,0.0,0,0.0,0,0.0,0,0.0,0,0.0,0,0.0,0,0.0,0,0.0,0,0.0,0,0.0,0.00,0.0,0,0,0
4406075789,智R托管-ForU_Style-光感白肌饮-系统-26.4.17-达人直投,被计划暂停,审核通过,通投,商品7日总支付ROI,笔记（商品组件）,69cfa24a0000000021004de5,605ff6ed000000000100a50d,图文笔记,"67bd894629b9f70001b66fed,67a96f5af4fe140001803e33",智R托管-达人合集-光感白肌饮-系统-26.4.17-达人直投,186732577,2026-04-17 11:29:21,0.00,0,0,0.0%,0.0,0.0,0,0.00,0.0,0,0,0.0,0,0,0.0,0,0.0,0,0.0,0,0.0,0,0.0,0,0.0,0,0.0,0,0.0,0,0.0,0,0.0,0.00,0.0,0,0,0
4406075788,智R托管-YStylegroove-光感白肌饮-系统-26.4.17-达人直投,被计划暂停,审核通过,通投,商品7日总支付ROI,笔记（商品组件）,69cf9cb1000000001d01e8a6,58e1eea150c4b479def8564f,图文笔记,"67bd894629b9f70001b66fed,67a96f5af4fe140001803e33",智R托管-达人合集-光感白肌饮-系统-26.4.17-达人直投,186732577,2026-04-17 11:29:21,0.00,0,0,0.0%,0.0,0.0,0,0.00,0.0,0,0,0.0,0,0,0.0,0,0.0,0,0.0,0,0.0,0,0.0,0,0.0,0,0.0,0,0.0,0,0.0,0,0.0,0.00,0.0,0,0,0
4406075787,智R托管-明星同款制造局-光感白肌饮-系统-26.4.17-达人直投,被计划暂停,审核通过,通投,商品7日总支付ROI,笔记（商品组件）,69cfa619000000002300685b,5c530f1d0000000011023418,图文笔记,"67bd894629b9f70001b66fed,67a96f5af4fe140001803e33",智R托管-达人合集-光感白肌饮-系统-26.4.17-达人直投,186732577,2026-04-17 11:29:21,0.00,0,0,0.0%,0.0,0.0,0,0.00,0.0,0,0,0.0,0,0,0.0,0,0.0,0,0.0,0,0.0,0,0.0,0,0.0,0,0.0,0,0.0,0,0.0,0,0.0,0.00,0.0,0,0,0
4406075786,智R托管-ChicXDaily-光感白肌饮-系统-26.4.17-达人直投,暂停,审核通过,通投,商品7日总支付ROI,笔记（商品组件）,69cf9e930000000023007ee6,62d4e735000000000e00e1ad,图文笔记,"67bd894629b9f70001b66fed,67a96f5af4fe140001803e33",智R托管-达人合集-光感白肌饮-系统-26.4.17-达人直投,186732577,2026-04-17 11:29:21,0.00,0,0,0.0%,0.0,0.0,0,0.00,0.0,0,0,0.0,0,0,0.0,0,0.0,0,0.0,0,0.0,0,0.0,0,0.0,0,0.0,0,0.0,0,0.0,0,0.0,0.00,0.0,0,0,0
4406075785,智R托管-玉轩-光感白肌饮-系统-26.4.17-达人直投,被计划暂停,审核通过,通投,商品7日总支付ROI,笔记（商品组件）,69cf3b9a000000001f006b54,67d7f2d1000000000e01fff1,视频笔记,"67bd894629b9f70001b66fed,67a96f5af4fe140001803e33",智R托管-达人合集-光感白肌饮-系统-26.4.17-达人直投,186732577,2026-04-17 11:29:21,0.00,0,0,0.0%,0.0,0.0,0,0.00,0.0,0,0,0.0,0,0,0.0,0,0.0,0,0.0,0,0.0,0,0.0,0,0.0,0,0.0,0,0.0,0,0.0,0,0.0,0.00,0.0,0,0,0
4406075784,智R托管-屋里dd-光感白肌饮-系统-26.4.17-达人直投,被计划暂停,审核通过,通投,商品7日总支付ROI,笔记（商品组件）,69cf6543000000001a03686e,61eff0ac0000000010007090,视频笔记,"67bd894629b9f70001b66fed,67a96f5af4fe140001803e33",智R托管-达人合集-光感白肌饮-系统-26.4.17-达人直投,186732577,2026-04-17 11:29:21,0.00,0,0,0.0%,0.0,0.0,0,0.00,0.0,0,0,0.0,0,0,0.0,0,0.0,0,0.0,0,0.0,0,0.0,0,0.0,0,0.0,0,0.0,0,0.0,0,0.0,0.00,0.0,0,0,0
4406075783,智R托管-strawberryrabbit-光感白肌饮-系统-26.4.17-达人直投,暂停,审核通过,通投,商品7日总支付ROI,笔记（商品组件）,69cf7bb5000000001a02a8ba,5e47a132000000000100903b,图文笔记,"67bd894629b9f70001b66fed,67a96f5af4fe140001803e33",智R托管-达人合集-光感白肌饮-系统-26.4.17-达人直投,186732577,2026-04-17 11:29:21,0.00,0,0,0.0%,0.0,0.0,0,0.00,0.0,0,0,0.0,0,0,0.0,0,0.0,0,0.0,0,0.0,0,0.0,0,0.0,0,0.0,0,0.0,0,0.0,0,0.0,0.00,0.0,0,0,0
4406075782,智R托管-午夜玫瑰-光感白肌饮-系统-26.4.17-达人直投,被计划暂停,审核通过,通投,商品7日总支付ROI,笔记（商品组件）,69cf5c59000000001d01d107,665473bc00000000070051e5,图文笔记,"67bd894629b9f70001b66fed,67a96f5af4fe140001803e33",智R托管-达人合集-光感白肌饮-系统-26.4.17-达人直投,186732577,2026-04-17 11:29:21,0.00,0,0,0.0%,0.0,0.0,0,0.00,0.0,0,0,0.0,0,0,0.0,0,0.0,0,0.0,0,0.0,0,0.0,0,0.0,0,0.0,0,0.0,0,0.0,0,0.0,0.00,0.0,0,0,0
4406075781,智R托管-馒头大汉堡-光感白肌饮-系统-26.4.17-达人直投,被计划暂停,审核通过,通投,商品7日总支付ROI,笔记（商品组件）,69cdf15c0000000021011299,611c5983000000000101c552,图文笔记,"67bd894629b9f70001b66fed,67a96f5af4fe140001803e33",智R托管-达人合集-光感白肌饮-系统-26.4.17-达人直投,186732577,2026-04-17 11:29:21,0.00,0,0,0.0%,0.0,0.0,0,0.00,0.0,0,0,0.0,0,0,0.0,0,0.0,0,0.0,0,0.0,0,0.0,0,0.0,0,0.0,0,0.0,0,0.0,0,0.0,0.00,0.0,0,0,0
4406075780,智R托管-Kid&Rosansa-光感白肌饮-系统-26.4.17-达人直投,被计划暂停,审核通过,通投,商品7日总支付ROI,笔记（商品组件）,69ca2b87000000002800aade,5d400d5f0000000001001547,图文笔记,"67bd894629b9f70001b66fed,67a96f5af4fe140001803e33",智R托管-达人合集-光感白肌饮-系统-26.4.17-达人直投,186732577,2026-04-17 11:29:21,0.00,0,0,0.0%,0.0,0.0,0,0.00,0.0,0,0,0.0,0,0,0.0,0,0.0,0,0.0,0,0.0,0,0.0,0,0.0,0,0.0,0,0.0,0,0.0,0,0.0,0.00,0.0,0,0,0
4406211437,智R托管-应允熙-AGXI-系统-26.4.17-达人直投,被计划暂停,审核通过,通投,商品7日总支付ROI,笔记（商品组件）,69b283660000000023039d45,662b042b00000000070041f6,视频笔记,"67f62ea104afe30001b8d8ed,67eb97e85d35ce0001a96c29",智R托管-达人合集-AGXI-系统-26.4.17-达人直投,186746328,2026-04-17 11:24:53,0.00,0,0,0.0%,0.0,0.0,0,0.00,0.0,0,0,0.0,0,0,0.0,0,0.0,0,0.0,0,0.0,0,0.0,0,0.0,0,0.0,0,0.0,0,0.0,0,0.0,0.00,0.0,0,0,0
4406211436,智R托管-曼曼子-AGXI-系统-26.4.17-达人直投,被计划暂停,审核通过,通投,商品7日总支付ROI,笔记（商品组件）,69a94b080000000016008b95,6243fe540000000010004359,视频笔记,"67f62ea104afe30001b8d8ed,67eb97e85d35ce0001a96c29",智R托管-达人合集-AGXI-系统-26.4.17-达人直投,186746328,2026-04-17 11:24:53,0.00,0,0,0.0%,0.0,0.0,0,0.00,0.0,0,0,0.0,0,0,0.0,0,0.0,0,0.0,0,0.0,0,0.0,0,0.0,0,0.0,0,0.0,0,0.0,0,0.0,0.00,0.0,0,0,0
4406211435,智R托管-dy-AGXI-系统-26.4.17-达人直投,暂停,审核通过,通投,商品7日总支付ROI,笔记（商品组件）,69a5279c0000000015021543,5d0e3d8b0000000011013eba,视频笔记,"67f62ea104afe30001b8d8ed,67eb97e85d35ce0001a96c29",智R托管-达人合集-AGXI-系统-26.4.17-达人直投,186746328,2026-04-17 11:24:53,0.00,0,0,0.0%,0.0,0.0,0,0.00,0.0,0,0,0.0,0,0,0.0,0,0.0,0,0.0,0,0.0,0,0.0,0,0.0,0,0.0,0,0.0,0,0.0,0,0.0,0.00,0.0,0,0,0
4406211434,智R托管-牛又面-AGXI-系统-26.4.17-达人直投,被计划暂停,审核通过,通投,商品7日总支付ROI,笔记（商品组件）,69b1138a0000000015031f14,566adef3b8c8b45434d8c641,视频笔记,"67f62ea104afe30001b8d8ed,67eb97e85d35ce0001a96c29",智R托管-达人合集-AGXI-系统-26.4.17-达人直投,186746328,2026-04-17 11:24:53,0.00,0,0,0.0%,0.0,0.0,0,0.00,0.0,0,0,0.0,0,0,0.0,0,0.0,0,0.0,0,0.0,0,0.0,0,0.0,0,0.0,0,0.0,0,0.0,0,0.0,0.00,0.0,0,0,0
4406211433,智R托管-林游锐-AGXI-系统-26.4.17-达人直投,被计划暂停,审核通过,通投,商品7日总支付ROI,笔记（商品组件）,69b7aa3f0000000021013d49,5b34d8944eacab5f02e7c04b,视频笔记,"67f62ea104afe30001b8d8ed,67eb97e85d35ce0001a96c29",智R托管-达人合集-AGXI-系统-26.4.17-达人直投,186746328,2026-04-17 11:24:53,0.00,0,0,0.0%,0.0,0.0,0,0.00,0.0,0,0,0.0,0,0,0.0,0,0.0,0,0.0,0,0.0,0,0.0,0,0.0,0,0.0,0,0.0,0,0.0,0,0.0,0.00,0.0,0,0,0
4406211432,智R托管-小鱼就蒜-AGXI-系统-26.4.17-达人直投,被计划暂停,审核通过,通投,商品7日总支付ROI,笔记（商品组件）,69abb78f000000000e03d200,5c17097300000000060052c8,视频笔记,"67f62ea104afe30001b8d8ed,67eb97e85d35ce0001a96c29",智R托管-达人合集-AGXI-系统-26.4.17-达人直投,186746328,2026-04-17 11:24:53,0.00,0,0,0.0%,0.0,0.0,0,0.00,0.0,0,0,0.0,0,0,0.0,0,0.0,0,0.0,0,0.0,0,0.0,0,0.0,0,0.0,0,0.0,0,0.0,0,0.0,0.00,0.0,0,0,0
4406211431,智R托管-这个人我不认识-AGXI-系统-26.4.17-达人直投,被计划暂停,审核通过,通投,商品7日总支付ROI,笔记（商品组件）,69a5428f000000000e03dafa,55b5ea83a75c9536254291d3,视频笔记,"67f62ea104afe30001b8d8ed,67eb97e85d35ce0001a96c29",智R托管-达人合集-AGXI-系统-26.4.17-达人直投,186746328,2026-04-17 11:24:53,0.00,0,0,0.0%,0.0,0.0,0,0.00,0.0,0,0,0.0,0,0,0.0,0,0.0,0,0.0,0,0.0,0,0.0,0,0.0,0,0.0,0,0.0,0,0.0,0,0.0,0.00,0.0,0,0,0
4370957366,智R托管-JellyYiiii-塑颜饮-系统-26.4.14-达人直投,被计划暂停,审核通过,通投,商品7日总支付ROI,笔记（商品组件）,69b224fe00000000150218ce,5a4b73884eacab48c8325461,视频笔记,"68a5957036ab3b00019db5de,68a59525d3dd4d00012b6c02,699eb39600e7430001880192,68a594b62eb6de000174964c",智R托管-达人合集-塑颜饮-系统-26.4.14-达人直投,186012773,2026-04-14 16:30:33,0.00,0,0,0.0%,0.0,0.0,0,0.00,0.0,0,0,0.0,0,0,0.0,0,0.0,0,0.0,0,0.0,0,0.0,0,0.0,0,0.0,0,0.0,0,0.0,0,0.0,0.00,0.0,0,0,0
4370957365,智R托管-巧可厉-塑颜饮-系统-26.4.14-达人直投,被计划暂停,审核通过,通投,商品7日总支付ROI,笔记（商品组件）,69aaa6da00000000160082c9,5b20c44111be101f528b540f,视频笔记,"68a5957036ab3b00019db5de,68a59525d3dd4d00012b6c02,699eb39600e7430001880192,68a594b62eb6de000174964c",智R托管-达人合集-塑颜饮-系统-26.4.14-达人直投,186012773,2026-04-14 16:30:33,0.00,0,0,0.0%,0.0,0.0,0,0.00,0.0,0,0,0.0,0,0,0.0,0,0.0,0,0.0,0,0.0,0,0.0,0,0.0,0,0.0,0,0.0,0,0.0,0,0.0,0.00,0.0,0,0,0
4370957364,智R托管-小作宝-塑颜饮-系统-26.4.14-达人直投,被计划暂停,审核通过,通投,商品7日总支付ROI,笔记（商品组件）,69a69860000000001d01268d,616941e10000000002018ed7,视频笔记,"68a5957036ab3b00019db5de,68a59525d3dd4d00012b6c02,699eb39600e7430001880192,68a594b62eb6de000174964c",智R托管-达人合集-塑颜饮-系统-26.4.14-达人直投,186012773,2026-04-14 16:30:33,0.00,0,0,0.0%,0.0,0.0,0,0.00,0.0,0,0,0.0,0,0,0.0,0,0.0,0,0.0,0,0.0,0,0.0,0,0.0,0,0.0,0,0.0,0,0.0,0,0.0,0.00,0.0,0,0,0
4370957363,智R智R托管-是Muii-塑颜饮-系统-26.4.14-达人直投,被计划暂停,审核通过,通投,商品7日总支付ROI,笔记（商品组件）,69a68a76000000001a023e12,6285bb620000000021027503,视频笔记,"68a5957036ab3b00019db5de,68a59525d3dd4d00012b6c02,699eb39600e7430001880192,68a594b62eb6de000174964c",智R托管-达人合集-塑颜饮-系统-26.4.14-达人直投,186012773,2026-04-14 16:30:33,0.00,0,0,0.0%,0.0,0.0,0,0.00,0.0,0,0,0.0,0,0,0.0,0,0.0,0,0.0,0,0.0,0,0.0,0,0.0,0,0.0,0,0.0,0,0.0,0,0.0,0.00,0.0,0,0,0
4370957362,智R托管-晚风二三三-塑颜饮-系统-26.4.14-达人直投,被计划暂停,审核通过,通投,商品7日总支付ROI,笔记（商品组件）,69a7a49f000000001503ad9b,59ded8cb20e88f15ea864f6b,视频笔记,"68a5957036ab3b00019db5de,68a59525d3dd4d00012b6c02,699eb39600e7430001880192,68a594b62eb6de000174964c",智R托管-达人合集-塑颜饮-系统-26.4.14-达人直投,186012773,2026-04-14 16:30:33,0.00,0,0,0.0%,0.0,0.0,0,0.00,0.0,0,0,0.0,0,0,0.0,0,0.0,0,0.0,0,0.0,0,0.0,0,0.0,0,0.0,0,0.0,0,0.0,0,0.0,0.00,0.0,0,0,0
4370957361,智R托管-今天早点睡-塑颜饮-系统-26.4.14-达人直投,被计划暂停,审核通过,通投,商品7日总支付ROI,笔记（商品组件）,69a94492000000001503197f,59bcf47744363b61a5edb12e,视频笔记,"68a5957036ab3b00019db5de,68a59525d3dd4d00012b6c02,699eb39600e7430001880192,68a594b62eb6de000174964c",智R托管-达人合集-塑颜饮-系统-26.4.14-达人直投,186012773,2026-04-14 16:30:33,0.00,0,0,0.0%,0.0,0.0,0,0.00,0.0,0,0,0.0,0,0,0.0,0,0.0,0,0.0,0,0.0,0,0.0,0,0.0,0,0.0,0,0.0,0,0.0,0,0.0,0.00,0.0,0,0,0
4370957360,智R托管-这个人我不认识-塑颜饮-系统-26.4.14-达人直投,被计划暂停,审核拒绝,通投,商品7日总支付ROI,笔记（商品组件）,69a94b58000000000d009760,55b5ea83a75c9536254291d3,视频笔记,"68a5957036ab3b00019db5de,68a59525d3dd4d00012b6c02,699eb39600e7430001880192,68a594b62eb6de000174964c",智R托管-达人合集-塑颜饮-系统-26.4.14-达人直投,186012773,2026-04-14 16:30:33,0.00,0,0,0.0%,0.0,0.0,0,0.00,0.0,0,0,0.0,0,0,0.0,0,0.0,0,0.0,0,0.0,0,0.0,0,0.0,0,0.0,0,0.0,0,0.0,0,0.0,0.00,0.0,0,0,0
4369920677,智R托管-奇思妙想娇-光感白肌饮-系统-26.4.14-转载,被计划暂停,审核通过,通投,商品7日总支付ROI,笔记（商品组件）,69cb805f0000000028008be3,59cde3b9db2e6029a99da214,视频笔记,"67a96f5af4fe140001803e33,69296c253dc5360001551142,67bd894629b9f70001b66fed",智R托管-奇思妙想娇-光感白肌饮-系统-26.4.14-转载,186008413,2026-04-14 15:22:42,0.00,0,0,0.0%,0.0,0.0,0,0.00,0.0,0,0,0.0,0,0,0.0,0,0.0,0,0.0,0,0.0,0,0.0,0,0.0,0,0.0,0,0.0,0,0.0,0,0.0,0.00,0.0,0,0,0
4369598348,智R托管-好肤色-光感白肌饮-系统-26.4.14优化,被计划暂停,审核通过,通投,商品7日总支付ROI,笔记（商品组件）,69c488db000000001e00e2b7,59cde3b9db2e6029a99da214,图文笔记,"67bd894629b9f70001b66fed,67a96f5af4fe140001803e33",智R托管-好肤色-光感白肌饮-系统-26.4.14优化,185991623,2026-04-14 15:15:14,0.00,0,0,0.0%,0.0,0.0,0,0.00,0.0,0,0,0.0,0,0,0.0,0,0.0,0,0.0,0,0.0,0,0.0,0,0.0,0,0.0,0,0.0,0,0.0,0,0.0,0.00,0.0,0,0,0
4365511284,智R托管-阿豆dodo-光感白肌饮-系统-26.4.14-达人直投,被计划暂停,审核通过,通投,商品7日总支付ROI,笔记（商品组件）,69917731000000000e03d569,635159a2000000001802ccbc,图文笔记,"67bd894629b9f70001b66fed,67a96f5af4fe140001803e33",智R托管-达人合集-光感白肌饮-系统-26.4.14-达人直投,185874245,2026-04-14 09:32:01,0.00,0,0,0.0%,0.0,0.0,0,0.00,0.0,0,0,0.0,0,0,0.0,0,0.0,0,0.0,0,0.0,0,0.0,0,0.0,0,0.0,0,0.0,0,0.0,0,0.0,0.00,0.0,0,0,0
4365511283,智R托管-郑小璐-光感白肌饮-系统-26.4.14-达人直投,被计划暂停,审核通过,通投,商品7日总支付ROI,笔记（商品组件）,69906423000000001d0123c3,5a3fc364e8ac2b1a8a0ed0fe,视频笔记,"67bd894629b9f70001b66fed,67a96f5af4fe140001803e33",智R托管-达人合集-光感白肌饮-系统-26.4.14-达人直投,185874245,2026-04-14 09:32:01,0.00,0,0,0.0%,0.0,0.0,0,0.00,0.0,0,0,0.0,0,0,0.0,0,0.0,0,0.0,0,0.0,0,0.0,0,0.0,0,0.0,0,0.0,0,0.0,0,0.0,0.00,0.0,0,0,0
4365511282,智R托管-花er-光感白肌饮-系统-26.4.14-达人直投,暂停,审核通过,通投,商品7日总支付ROI,笔记（商品组件）,6976df6a000000002800a5fc,5b36aac311be10236a2a8d8b,图文笔记,"67bd894629b9f70001b66fed,67a96f5af4fe140001803e33",智R托管-达人合集-光感白肌饮-系统-26.4.14-达人直投,185874245,2026-04-14 09:32:01,0.00,0,0,0.0%,0.0,0.0,0,0.00,0.0,0,0,0.0,0,0,0.0,0,0.0,0,0.0,0,0.0,0,0.0,0,0.0,0,0.0,0,0.0,0,0.0,0,0.0,0.00,0.0,0,0,0
4365511281,智R托管-小绿-光感白肌饮-系统-26.4.14-达人直投,被计划暂停,审核通过,通投,商品7日总支付ROI,笔记（商品组件）,6982bd03000000000a033508,5b21ce8111be1023635032a1,图文笔记,"67bd894629b9f70001b66fed,67a96f5af4fe140001803e33",智R托管-达人合集-光感白肌饮-系统-26.4.14-达人直投,185874245,2026-04-14 09:32:01,0.00,0,0,0.0%,0.0,0.0,0,0.00,0.0,0,0,0.0,0,0,0.0,0,0.0,0,0.0,0,0.0,0,0.0,0,0.0,0,0.0,0,0.0,0,0.0,0,0.0,0.00,0.0,0,0,0
4365511280,智R托管-留学刘亦菲-光感白肌饮-系统-26.4.14-达人直投,被计划暂停,审核通过,通投,商品7日总支付ROI,笔记（商品组件）,6978803b000000000b01106e,5ba4cc01bcc1190001633092,视频笔记,"67bd894629b9f70001b66fed,67a96f5af4fe140001803e33",智R托管-达人合集-光感白肌饮-系统-26.4.14-达人直投,185874245,2026-04-14 09:32:01,0.00,0,0,0.0%,0.0,0.0,0,0.00,0.0,0,0,0.0,0,0,0.0,0,0.0,0,0.0,0,0.0,0,0.0,0,0.0,0,0.0,0,0.0,0,0.0,0,0.0,0.00,0.0,0,0,0
4365511279,智R托管-羊小鱼-光感白肌饮-系统-26.4.14-达人直投,被计划暂停,审核通过,通投,商品7日总支付ROI,笔记（商品组件）,6985b77b000000000c037f98,59cca8ab6eea88546317628e,图文笔记,"67bd894629b9f70001b66fed,67a96f5af4fe140001803e33",智R托管-达人合集-光感白肌饮-系统-26.4.14-达人直投,185874245,2026-04-14 09:32:01,0.00,0,0,0.0%,0.0,0.0,0,0.00,0.0,0,0,0.0,0,0,0.0,0,0.0,0,0.0,0,0.0,0,0.0,0,0.0,0,0.0,0,0.0,0,0.0,0,0.0,0.00,0.0,0,0,0
4358141825,智R托管-糖三月-光感白肌饮-定向-26.4.13-达人直投,被计划暂停,审核通过,通投,商品7日总支付ROI,笔记（商品组件）,69c384950000000021004ae3,65d3167e000000000401d628,图文笔记,"67bd894629b9f70001b66fed,67a96f5af4fe140001803e33,67bd86679759260001a41644",智R托管-达人合集-光感白肌饮-定向-26.4.13-达人直投,185735033,2026-04-13 15:49:06,0.00,0,0,0.0%,0.0,0.0,0,0.00,0.0,0,0,0.0,0,0,0.0,0,0.0,0,0.0,0,0.0,0,0.0,0,0.0,0,0.0,0,0.0,0,0.0,0,0.0,0.00,0.0,0,0,0
4358141824,智R托管-柠檬汽水啾-光感白肌饮-定向-26.4.13-达人直投,暂停,审核通过,通投,商品7日总支付ROI,笔记（商品组件）,69c51172000000002103a95a,660d125a000000000b00e8b7,图文笔记,"67bd894629b9f70001b66fed,67a96f5af4fe140001803e33,67bd86679759260001a41644",智R托管-达人合集-光感白肌饮-定向-26.4.13-达人直投,185735033,2026-04-13 15:49:06,0.00,0,0,0.0%,0.0,0.0,0,0.00,0.0,0,0,0.0,0,0,0.0,0,0.0,0,0.0,0,0.0,0,0.0,0,0.0,0,0.0,0,0.0,0,0.0,0,0.0,0.00,0.0,0,0,0
4358141823,智R托管-星禾小野-光感白肌饮-定向-26.4.13-达人直投,被计划暂停,审核通过,通投,商品7日总支付ROI,笔记（商品组件）,69cc8e10000000002102d090,58cb29255e87e72436e00ae8,图文笔记,"67bd894629b9f70001b66fed,67a96f5af4fe140001803e33,67bd86679759260001a41644",智R托管-达人合集-光感白肌饮-定向-26.4.13-达人直投,185735033,2026-04-13 15:49:06,0.00,0,0,0.0%,0.0,0.0,0,0.00,0.0,0,0,0.0,0,0,0.0,0,0.0,0,0.0,0,0.0,0,0.0,0,0.0,0,0.0,0,0.0,0,0.0,0,0.0,0.00,0.0,0,0,0
4358141822,智R托管-熊哥痴汉-光感白肌饮-定向-26.4.13-达人直投,被计划暂停,审核通过,通投,商品7日总支付ROI,笔记（商品组件）,69c9ed82000000001a032eb0,52ff9922b4c4d65a7e933cba,视频笔记,"67bd894629b9f70001b66fed,67a96f5af4fe140001803e33,67bd86679759260001a41644",智R托管-达人合集-光感白肌饮-定向-26.4.13-达人直投,185735033,2026-04-13 15:49:06,0.00,0,0,0.0%,0.0,0.0,0,0.00,0.0,0,0,0.0,0,0,0.0,0,0.0,0,0.0,0,0.0,0,0.0,0,0.0,0,0.0,0,0.0,0,0.0,0,0.0,0.00,0.0,0,0,0
4358141821,智R托管-钱小福-光感白肌饮-定向-26.4.13-达人直投,被计划暂停,审核通过,通投,商品7日总支付ROI,笔记（商品组件）,69c63910000000001a029c11,64c1d1da000000001403cd38,视频笔记,"67bd894629b9f70001b66fed,67a96f5af4fe140001803e33,67bd86679759260001a41644",智R托管-达人合集-光感白肌饮-定向-26.4.13-达人直投,185735033,2026-04-13 15:49:06,0.00,0,0,0.0%,0.0,0.0,0,0.00,0.0,0,0,0.0,0,0,0.0,0,0.0,0,0.0,0,0.0,0,0.0,0,0.0,0,0.0,0,0.0,0,0.0,0,0.0,0.00,0.0,0,0,0
4358141820,智R托管-青木鱼-光感白肌饮-定向-26.4.13-达人直投,被计划暂停,审核通过,通投,商品7日总支付ROI,笔记（商品组件）,69c49af60000000021007825,60cc62e700000000010008fa,图文笔记,"67bd894629b9f70001b66fed,67a96f5af4fe140001803e33,67bd86679759260001a41644",智R托管-达人合集-光感白肌饮-定向-26.4.13-达人直投,185735033,2026-04-13 15:49:06,0.00,0,0,0.0%,0.0,0.0,0,0.00,0.0,0,0,0.0,0,0,0.0,0,0.0,0,0.0,0,0.0,0,0.0,0,0.0,0,0.0,0,0.0,0,0.0,0,0.0,0.00,0.0,0,0,0
4358141819,智R托管-大莹家-光感白肌饮-定向-26.4.13-达人直投,被计划暂停,审核通过,通投,商品7日总支付ROI,笔记（商品组件）,69c39078000000002800adf4,665c7de50000000003030b0c,视频笔记,"67bd894629b9f70001b66fed,67a96f5af4fe140001803e33,67bd86679759260001a41644",智R托管-达人合集-光感白肌饮-定向-26.4.13-达人直投,185735033,2026-04-13 15:49:06,0.00,0,0,0.0%,0.0,0.0,0,0.00,0.0,0,0,0.0,0,0,0.0,0,0.0,0,0.0,0,0.0,0,0.0,0,0.0,0,0.0,0,0.0,0,0.0,0,0.0,0.00,0.0,0,0,0
4358141818,智R托管-这个人我不认识-光感白肌饮-定向-26.4.13-达人直投,被计划暂停,审核通过,通投,商品7日总支付ROI,笔记（商品组件）,69b7b3bb000000001f00686b,55b5ea83a75c9536254291d3,视频笔记,"67bd894629b9f70001b66fed,67a96f5af4fe140001803e33,67bd86679759260001a41644",智R托管-达人合集-光感白肌饮-定向-26.4.13-达人直投,185735033,2026-04-13 15:49:06,0.00,0,0,0.0%,0.0,0.0,0,0.00,0.0,0,0,0.0,0,0,0.0,0,0.0,0,0.0,0,0.0,0,0.0,0,0.0,0,0.0,0,0.0,0,0.0,0,0.0,0.00,0.0,0,0,0
4357768189,智R托管-花花肠粉-光感白肌饮-系统-26.4.13-达人直投,有效,审核通过,通投,商品7日总支付ROI,笔记（商品组件）,69c10031000000001a034329,5d6344ee000000000101adf5,视频笔记,"67bd894629b9f70001b66fed,67a96f5af4fe140001803e33,67bd86679759260001a41644",智R托管-优质合集-光感白肌饮-系统-26.4.13-达人直投,185739419,2026-04-13 15:37:17,0.96,33,1,3.03%,0.96,29.09,0,0.00,0.0,0,0,0.0,0,0,0.0,0,0.0,0,0.0,0,0.0,0.0,0.0,0,0.0,0.0,0.0,0,0.0,0.0,0.0,0,0.0,0.00,0.0,0,0,0.0
4357768188,智R托管-mumusays-光感白肌饮-系统-26.4.13-达人直投,暂停,审核通过,通投,商品7日总支付ROI,笔记（商品组件）,69c0f317000000001a020203,5f8e5c67000000000101e352,视频笔记,"67bd894629b9f70001b66fed,67a96f5af4fe140001803e33,67bd86679759260001a41644",智R托管-优质合集-光感白肌饮-系统-26.4.13-达人直投,185739419,2026-04-13 15:37:17,0.00,0,0,0.0%,0.0,0.0,0,0.00,0.0,0,0,0.0,0,0,0.0,0,0.0,0,0.0,0,0.0,0,0.0,0,0.0,0,0.0,0,0.0,0,0.0,0,0.0,0.00,0.0,0,0,0
4357768187,智R托管-王亚平-光感白肌饮-系统-26.4.13-达人直投,暂停,审核通过,通投,商品7日总支付ROI,笔记（商品组件）,69a80196000000002202f221,5a2e52e6b1da143d384b724b,视频笔记,"67bd894629b9f70001b66fed,67a96f5af4fe140001803e33,67bd86679759260001a41644",智R托管-优质合集-光感白肌饮-系统-26.4.13-达人直投,185739419,2026-04-13 15:37:17,0.00,0,0,0.0%,0.0,0.0,0,0.00,0.0,0,0,0.0,0,0,0.0,0,0.0,0,0.0,0,0.0,0,0.0,0,0.0,0,0.0,0,0.0,0,0.0,0,0.0,0.00,0.0,0,0,0
4357869928,智R托管-金富江Kimdelvey-光感白肌饮-系统-26.4.13-达人直投,有效,审核通过,通投,商品7日总支付ROI,笔记（商品组件）,69aa8d74000000001a035743,5b877f40304bcc0001af2845,视频笔记,"67bd894629b9f70001b66fed,67a96f5af4fe140001803e33,67bd86679759260001a41644",智R托管-优质合集-光感白肌饮-系统-26.4.13-达人直投,185739419,2026-04-13 15:34:50,0.31,11,0,0.0%,0.0,28.18,0,0.00,0.0,0,0,0.0,0,0,0.0,0,0.0,0,0.0,0,0.0,0.0,0.0,0,0.0,0.0,0.0,0,0.0,0.0,0.0,0,0.0,0.00,0.0,0,0,0.0
4357869927,智R托管-羊小鱼-光感白肌饮-系统-26.4.13-达人直投,有效,审核通过,通投,商品7日总支付ROI,笔记（商品组件）,6985b77b000000000c037f98,59cca8ab6eea88546317628e,图文笔记,"67bd894629b9f70001b66fed,67a96f5af4fe140001803e33,67bd86679759260001a41644",智R托管-优质合集-光感白肌饮-系统-26.4.13-达人直投,185739419,2026-04-13 15:34:50,0.00,24,0,0.0%,0.0,0.0,0,0.00,0.0,0,0,0.0,0,0,0.0,0,0.0,0,0.0,0,0.0,0.0,0.0,0,0.0,0.0,0.0,0,0.0,0.0,0.0,0,0.0,0.00,0.0,0,0,0.0
4357869926,智R托管-小绿-光感白肌饮-系统-26.4.13-达人直投,有效,审核通过,通投,商品7日总支付ROI,笔记（商品组件）,6982bd03000000000a033508,5b21ce8111be1023635032a1,图文笔记,"67bd894629b9f70001b66fed,67a96f5af4fe140001803e33,67bd86679759260001a41644",智R托管-优质合集-光感白肌饮-系统-26.4.13-达人直投,185739419,2026-04-13 15:34:50,0.00,13,0,0.0%,0.0,0.0,0,0.00,0.0,0,0,0.0,0,0,0.0,0,0.0,0,0.0,0,0.0,0.0,0.0,0,0.0,0.0,0.0,0,0.0,0.0,0.0,0,0.0,0.00,0.0,0,0,0.0
4357869925,智R托管-李喵喵miaomiao-光感白肌饮-系统-26.4.13-达人直投,有效,审核通过,通投,商品7日总支付ROI,笔记（商品组件）,67c68e1e0000000029029df3,5657c430e4251d04a5103a9c,图文笔记,"67bd894629b9f70001b66fed,67a96f5af4fe140001803e33,67bd86679759260001a41644",智R托管-优质合集-光感白肌饮-系统-26.4.13-达人直投,185739419,2026-04-13 15:34:50,29.10,48,6,12.5%,4.85,606.25,0,0.00,0.0,0,0,0.0,0,0,0.0,0,0.0,0,0.0,0,0.0,0.0,0.0,0,0.0,0.0,0.0,0,0.0,0.0,0.0,0,0.0,0.00,0.0,0,0,0.0
4356519331,智R托管-杨富贵儿-AGXI-系统-26.4.13-达人直投,暂停,审核通过,通投,商品7日总支付ROI,笔记（商品组件）,6981d023000000000a02a362,6555d497000000001103d5a9,图文笔记,"67f62ea104afe30001b8d8ed,67eb97e85d35ce0001a96c29",智R托管-达人合集-AGXI-系统-26.4.13-达人直投,185694799,2026-04-13 14:24:35,0.00,0,0,0.0%,0.0,0.0,0,0.00,0.0,0,0,0.0,0,0,0.0,0,0.0,0,0.0,0,0.0,0,0.0,0,0.0,0,0.0,0,0.0,0,0.0,0,0.0,0.00,0.0,0,0,0
4356519330,智R托管-应允熙-AGXI-系统-26.4.13-达人直投,被计划暂停,审核通过,通投,商品7日总支付ROI,笔记（商品组件）,69b283660000000023039d45,662b042b00000000070041f6,视频笔记,"67f62ea104afe30001b8d8ed,67eb97e85d35ce0001a96c29",智R托管-达人合集-AGXI-系统-26.4.13-达人直投,185694799,2026-04-13 14:24:35,0.00,0,0,0.0%,0.0,0.0,0,0.00,0.0,0,0,0.0,0,0,0.0,0,0.0,0,0.0,0,0.0,0,0.0,0,0.0,0,0.0,0,0.0,0,0.0,0,0.0,0.00,0.0,0,0,0
4356519329,智R托管-汉堡不饱-AGXI-系统-26.4.13-达人直投,暂停,审核通过,通投,商品7日总支付ROI,笔记（商品组件）,69a2935b000000002303b4ac,67029e6a000000000d0272c5,图文笔记,"67f62ea104afe30001b8d8ed,67eb97e85d35ce0001a96c29",智R托管-达人合集-AGXI-系统-26.4.13-达人直投,185694799,2026-04-13 14:24:35,0.00,0,0,0.0%,0.0,0.0,0,0.00,0.0,0,0,0.0,0,0,0.0,0,0.0,0,0.0,0,0.0,0,0.0,0,0.0,0,0.0,0,0.0,0,0.0,0,0.0,0.00,0.0,0,0,0
4356519328,智R托管-曼曼子-AGXI-系统-26.4.13-达人直投,被计划暂停,审核通过,通投,商品7日总支付ROI,笔记（商品组件）,69a94b080000000016008b95,6243fe540000000010004359,视频笔记,"67f62ea104afe30001b8d8ed,67eb97e85d35ce0001a96c29",智R托管-达人合集-AGXI-系统-26.4.13-达人直投,185694799,2026-04-13 14:24:35,0.00,0,0,0.0%,0.0,0.0,0,0.00,0.0,0,0,0.0,0,0,0.0,0,0.0,0,0.0,0,0.0,0,0.0,0,0.0,0,0.0,0,0.0,0,0.0,0,0.0,0.00,0.0,0,0,0
4356519327,智R托管-dy-AGXI-系统-26.4.13-达人直投,暂停,审核通过,通投,商品7日总支付ROI,笔记（商品组件）,69a5279c0000000015021543,5d0e3d8b0000000011013eba,视频笔记,"67f62ea104afe30001b8d8ed,67eb97e85d35ce0001a96c29",智R托管-达人合集-AGXI-系统-26.4.13-达人直投,185694799,2026-04-13 14:24:35,0.00,0,0,0.0%,0.0,0.0,0,0.00,0.0,0,0,0.0,0,0,0.0,0,0.0,0,0.0,0,0.0,0,0.0,0,0.0,0,0.0,0,0.0,0,0.0,0,0.0,0.00,0.0,0,0,0
4356519326,智R托管-牛又面-AGXI-系统-26.4.13-达人直投,被计划暂停,审核通过,通投,商品7日总支付ROI,笔记（商品组件）,69b1138a0000000015031f14,566adef3b8c8b45434d8c641,视频笔记,"67f62ea104afe30001b8d8ed,67eb97e85d35ce0001a96c29",智R托管-达人合集-AGXI-系统-26.4.13-达人直投,185694799,2026-04-13 14:24:35,0.00,0,0,0.0%,0.0,0.0,0,0.00,0.0,0,0,0.0,0,0,0.0,0,0.0,0,0.0,0,0.0,0,0.0,0,0.0,0,0.0,0,0.0,0,0.0,0,0.0,0.00,0.0,0,0,0
4356519325,智R托管-林游锐-AGXI-系统-26.4.13-达人直投,被计划暂停,审核通过,通投,商品7日总支付ROI,笔记（商品组件）,69b7aa3f0000000021013d49,5b34d8944eacab5f02e7c04b,视频笔记,"67f62ea104afe30001b8d8ed,67eb97e85d35ce0001a96c29",智R托管-达人合集-AGXI-系统-26.4.13-达人直投,185694799,2026-04-13 14:24:35,0.00,0,0,0.0%,0.0,0.0,0,0.00,0.0,0,0,0.0,0,0,0.0,0,0.0,0,0.0,0,0.0,0,0.0,0,0.0,0,0.0,0,0.0,0,0.0,0,0.0,0.00,0.0,0,0,0
4356519324,智R托管-小鱼就蒜-AGXI-系统-26.4.13-达人直投,被计划暂停,审核通过,通投,商品7日总支付ROI,笔记（商品组件）,69abb78f000000000e03d200,5c17097300000000060052c8,视频笔记,"67f62ea104afe30001b8d8ed,67eb97e85d35ce0001a96c29",智R托管-达人合集-AGXI-系统-26.4.13-达人直投,185694799,2026-04-13 14:24:35,0.00,0,0,0.0%,0.0,0.0,0,0.00,0.0,0,0,0.0,0,0,0.0,0,0.0,0,0.0,0,0.0,0,0.0,0,0.0,0,0.0,0,0.0,0,0.0,0,0.0,0.00,0.0,0,0,0
4356519323,智R托管-这个人我不认识-AGXI-系统-26.4.13-达人直投,被计划暂停,审核通过,通投,商品7日总支付ROI,笔记（商品组件）,69a5428f000000000e03dafa,55b5ea83a75c9536254291d3,视频笔记,"67f62ea104afe30001b8d8ed,67eb97e85d35ce0001a96c29",智R托管-达人合集-AGXI-系统-26.4.13-达人直投,185694799,2026-04-13 14:24:35,0.00,0,0,0.0%,0.0,0.0,0,0.00,0.0,0,0,0.0,0,0,0.0,0,0.0,0,0.0,0,0.0,0,0.0,0,0.0,0,0.0,0,0.0,0,0.0,0,0.0,0.00,0.0,0,0,0
4354828209,智R托管-imsammie-AGXI-系统-26.4.13-达人直投,暂停,审核通过,通投,商品7日总支付ROI,笔记（商品组件）,699ead45000000002602d9e9,59eef5ede8ac2b7e968ae7ff,图文笔记,"67f62ea104afe30001b8d8ed,67eb97e85d35ce0001a96c29",智R托管-合集-AGXI-系统-26.4.13-达人直投,185681747,2026-04-13 11:55:07,0.00,0,0,0.0%,0.0,0.0,0,0.00,0.0,0,0,0.0,0,0,0.0,0,0.0,0,0.0,0,0.0,0,0.0,0,0.0,0,0.0,0,0.0,0,0.0,0,0.0,0.00,0.0,0,0,0
4354828208,智R托管-mumusays-AGXI-系统-26.4.13-达人直投,被计划暂停,审核通过,通投,商品7日总支付ROI,笔记（商品组件）,687624750000000013011d57,5f8e5c67000000000101e352,视频笔记,"67eb97e85d35ce0001a96c29,67f62ea104afe30001b8d8ed",智R托管-合集-AGXI-系统-26.4.13-达人直投,185681747,2026-04-13 11:55:07,0.00,0,0,0.0%,0.0,0.0,0,0.00,0.0,0,0,0.0,0,0,0.0,0,0.0,0,0.0,0,0.0,0,0.0,0,0.0,0,0.0,0,0.0,0,0.0,0,0.0,0.00,0.0,0,0,0
4354828207,智R托管-Ruiren蕤人-AGXI-系统-26.4.13-达人直投,被计划暂停,审核通过,通投,商品7日总支付ROI,笔记（商品组件）,690c4c850000000007023d0e,59fa3f3c4eacab5cb162c630,视频笔记,"67eb97e85d35ce0001a96c29,67f62ea104afe30001b8d8ed",智R托管-合集-AGXI-系统-26.4.13-达人直投,185681747,2026-04-13 11:55:07,0.00,0,0,0.0%,0.0,0.0,0,0.00,0.0,0,0,0.0,0,0,0.0,0,0.0,0,0.0,0,0.0,0,0.0,0,0.0,0,0.0,0,0.0,0,0.0,0,0.0,0.00,0.0,0,0,0
4354072044,智R托管-玩明白-御三家-系统-26.4.13,被计划暂停,审核通过,通投,商品7日总支付ROI,笔记（商品组件）,697c71fb000000002801fa0c,59cde3b9db2e6029a99da214,图文笔记,"68a595d130bf8c0001e0f7ed,68a594b62eb6de000174964c,67eb97e85d35ce0001a96c29,67a96f5af4fe140001803e33",智R托管-合集-御三家-系统-26.4.13,185660971,2026-04-13 10:38:22,0.00,0,0,0.0%,0.0,0.0,0,0.00,0.0,0,0,0.0,0,0,0.0,0,0.0,0,0.0,0,0.0,0,0.0,0,0.0,0,0.0,0,0.0,0,0.0,0,0.0,0.00,0.0,0,0,0
4354072043,智R托管-全靠它-御三家-系统-26.4.13,被计划暂停,审核通过,通投,商品7日总支付ROI,笔记（商品组件）,698c2c77000000001a0351b0,59cde3b9db2e6029a99da214,图文笔记,"68a595d130bf8c0001e0f7ed,68a59525d3dd4d00012b6c02,67f62e4eec137400010dc1cb,67a96f5af4fe140001803e33",智R托管-合集-御三家-系统-26.4.13,185660971,2026-04-13 10:38:22,0.00,0,0,0.0%,0.0,0.0,0,0.00,0.0,0,0,0.0,0,0,0.0,0,0.0,0,0.0,0,0.0,0,0.0,0,0.0,0,0.0,0,0.0,0,0.0,0,0.0,0.00,0.0,0,0,0
4310134325,智R搜索-智商税-御三家-定向-26.4.9,暂停,审核通过,搜索,商品7日总支付ROI,笔记（商品组件）,691711330000000004013fdd,59cde3b9db2e6029a99da214,视频笔记,"68a595d130bf8c0001e0f7ed,68a59525d3dd4d00012b6c02,67f62e4eec137400010dc1cb,67a96f5af4fe140001803e33",智R搜索-合集-御三家-定向-26.4.9,184966757,2026-04-09 15:31:20,0.00,0,0,0.0%,0.0,0.0,0,0.00,0.0,0,0,0.0,0,0,0.0,0,0.0,0,0.0,0,0.0,0,0.0,0,0.0,0,0.0,0,0.0,0,0.0,0,0.0,0.00,0.0,0,0,0
4310134324,智R搜索-玩明白-御三家-定向-26.4.9,被计划暂停,审核通过,搜索,商品7日总支付ROI,笔记（商品组件）,697c71fb000000002801fa0c,59cde3b9db2e6029a99da214,图文笔记,"68a595d130bf8c0001e0f7ed,68a59525d3dd4d00012b6c02,67f62e4eec137400010dc1cb,67a96f5af4fe140001803e33",智R搜索-合集-御三家-定向-26.4.9,184966757,2026-04-09 15:31:20,0.00,0,0,0.0%,0.0,0.0,0,0.00,0.0,0,0,0.0,0,0,0.0,0,0.0,0,0.0,0,0.0,0,0.0,0,0.0,0,0.0,0,0.0,0,0.0,0,0.0,0.00,0.0,0,0,0
4310134323,智R搜索-将就提-御三家-定向-26.4.9,被计划暂停,审核通过,搜索,商品7日总支付ROI,笔记（商品组件）,69c5df29000000002003967c,59cde3b9db2e6029a99da214,图文笔记,"68a595d130bf8c0001e0f7ed,68a59525d3dd4d00012b6c02,67f62e4eec137400010dc1cb,67a96f5af4fe140001803e33",智R搜索-合集-御三家-定向-26.4.9,184966757,2026-04-09 15:31:20,0.00,0,0,0.0%,0.0,0.0,0,0.00,0.0,0,0,0.0,0,0,0.0,0,0.0,0,0.0,0,0.0,0,0.0,0,0.0,0,0.0,0,0.0,0,0.0,0,0.0,0.00,0.0,0,0,0
4310134322,智R搜索-全靠它-御三家-定向-26.4.9,被计划暂停,审核通过,搜索,商品7日总支付ROI,笔记（商品组件）,698c2c77000000001a0351b0,59cde3b9db2e6029a99da214,图文笔记,"68a595d130bf8c0001e0f7ed,68a59525d3dd4d00012b6c02,67f62e4eec137400010dc1cb,67a96f5af4fe140001803e33",智R搜索-合集-御三家-定向-26.4.9,184966757,2026-04-09 15:31:20,0.00,0,0,0.0%,0.0,0.0,0,0.00,0.0,0,0,0.0,0,0,0.0,0,0.0,0,0.0,0,0.0,0,0.0,0,0.0,0,0.0,0,0.0,0,0.0,0,0.0,0.00,0.0,0,0,0
4306160273,智R托管-大雪预报-光感白肌饮-系统-26.4.9-转载,有效,审核通过,通投,商品7日总支付ROI,笔记（商品组件）,69bce6cf000000002301717f,59cde3b9db2e6029a99da214,视频笔记,"67a96f5af4fe140001803e33,69296c253dc5360001551142,67bd894629b9f70001b66fed",智R托管-合集-光感白肌饮-系统-26.4.9-转载,184868137,2026-04-09 09:45:04,20.04,26,1,3.85%,20.04,770.77,0,0.00,0.0,0,0,0.0,0,0,0.0,0,0.0,0,0.0,0,0.0,0.0,0.0,0,0.0,0.0,0.0,0,0.0,0.0,0.0,0,0.0,0.00,0.0,0,0,0.0
4306160272,智R托管-奇思妙想娇-光感白肌饮-系统-26.4.9-转载,有效,审核通过,通投,商品7日总支付ROI,笔记（商品组件）,69cb805f0000000028008be3,59cde3b9db2e6029a99da214,视频笔记,"67a96f5af4fe140001803e33,69296c253dc5360001551142,67bd894629b9f70001b66fed",智R托管-合集-光感白肌饮-系统-26.4.9-转载,184868137,2026-04-09 09:45:04,65.35,128,5,3.91%,13.07,510.55,3,21.78,0.17,0,1,65.35,0,0,0.0,1,65.35,1,65.35,0,0.0,0.0,0.0,0,0.0,0.0,0.0,0,0.0,0.0,0.0,0,0.0,0.00,0.0,1,0,0.0
4306160271,智R托管-逆袭内-光感白肌饮-系统-26.4.9-转载,暂停,审核通过,通投,商品7日总支付ROI,笔记（商品组件）,69b0dd56000000000c0082be,59cde3b9db2e6029a99da214,视频笔记,"67a96f5af4fe140001803e33,69296c253dc5360001551142,67bd894629b9f70001b66fed",智R托管-合集-光感白肌饮-系统-26.4.9-转载,184868137,2026-04-09 09:45:04,0.00,0,0,0.0%,0.0,0.0,0,0.00,0.0,0,0,0.0,0,0,0.0,0,0.0,0,0.0,0,0.0,0,0.0,0,0.0,0,0.0,0,0.0,0,0.0,0,0.0,0.00,0.0,0,0,0
4306154322,智R托管-年轻怎-AGXI-系统-26.4.9,暂停,审核通过,通投,商品7日总支付ROI,笔记（商品组件）,698172d1000000002801e246,59cde3b9db2e6029a99da214,图文笔记,"67eb97e85d35ce0001a96c29,67f62e4eec137400010dc1cb,67f62ea104afe30001b8d8ed",智R托管-优质合集-AGXI-系统-26.4.9,184842852,2026-04-09 09:42:00,0.00,0,0,0.0%,0.0,0.0,0,0.00,0.0,0,0,0.0,0,0,0.0,0,0.0,0,0.0,0,0.0,0,0.0,0,0.0,0,0.0,0,0.0,0,0.0,0,0.0,0.00,0.0,0,0,0
4306154321,智R托管-抗不对-AGXI-系统-26.4.9,被计划暂停,审核通过,通投,商品7日总支付ROI,笔记（商品组件）,69b12ec5000000000601e472,59cde3b9db2e6029a99da214,视频笔记,"67eb97e85d35ce0001a96c29,67f62e4eec137400010dc1cb,67f62ea104afe30001b8d8ed",智R托管-优质合集-AGXI-系统-26.4.9,184842852,2026-04-09 09:42:00,0.00,0,0,0.0%,0.0,0.0,0,0.00,0.0,0,0,0.0,0,0,0.0,0,0.0,0,0.0,0,0.0,0,0.0,0,0.0,0,0.0,0,0.0,0,0.0,0,0.0,0.00,0.0,0,0,0
4306154320,智R托管-甩掉黄-AGXI-系统-26.4.9,暂停,审核通过,通投,商品7日总支付ROI,笔记（商品组件）,69cdcf9f000000001e00c4ba,59cde3b9db2e6029a99da214,图文笔记,"67eb97e85d35ce0001a96c29,67f62e4eec137400010dc1cb,67f62ea104afe30001b8d8ed",智R托管-优质合集-AGXI-系统-26.4.9,184842852,2026-04-09 09:42:00,0.00,0,0,0.0%,0.0,0.0,0,0.00,0.0,0,0,0.0,0,0,0.0,0,0.0,0,0.0,0,0.0,0,0.0,0,0.0,0,0.0,0,0.0,0,0.0,0,0.0,0.00,0.0,0,0,0
4306154319,智R托管-美貌的-AGXI-系统-26.4.9,暂停,审核通过,通投,商品7日总支付ROI,笔记（商品组件）,69bd0433000000001e00fb34,59cde3b9db2e6029a99da214,视频笔记,"67eb97e85d35ce0001a96c29,67f62e4eec137400010dc1cb,67f62ea104afe30001b8d8ed",智R托管-优质合集-AGXI-系统-26.4.9,184842852,2026-04-09 09:42:00,0.00,0,0,0.0%,0.0,0.0,0,0.00,0.0,0,0,0.0,0,0,0.0,0,0.0,0,0.0,0,0.0,0,0.0,0,0.0,0,0.0,0,0.0,0,0.0,0,0.0,0.00,0.0,0,0,0
4306021110,智R搜索-全都有-新X白-系统-26.4.9,被计划暂停,审核通过,搜索,商品7日总支付ROI,笔记（商品组件）,69bcc6520000000022026af1,59cde3b9db2e6029a99da214,图文笔记,"6858efa562560900014a4305,67f6247db2c30c00015cbc5d",智R搜索-合集-新X白-系统-26.4.9,184842452,2026-04-09 09:25:07,0.00,0,0,0.0%,0.0,0.0,0,0.00,0.0,0,0,0.0,0,0,0.0,0,0.0,0,0.0,0,0.0,0,0.0,0,0.0,0,0.0,0,0.0,0,0.0,0,0.0,0.00,0.0,0,0,0
4306021109,智R搜索-正确打-新X白-系统-26.4.9,被计划暂停,审核通过,搜索,商品7日总支付ROI,笔记（商品组件）,69b8a79c00000000220241ca,59cde3b9db2e6029a99da214,图文笔记,"6858efa562560900014a4305,67f6247db2c30c00015cbc5d",智R搜索-合集-新X白-系统-26.4.9,184842452,2026-04-09 09:25:07,0.00,0,0,0.0%,0.0,0.0,0,0.00,0.0,0,0,0.0,0,0,0.0,0,0.0,0,0.0,0,0.0,0,0.0,0,0.0,0,0.0,0,0.0,0,0.0,0,0.0,0.00,0.0,0,0,0
4306021108,智R搜索-逆袭上镜-新X白-系统-26.4.9,被计划暂停,审核通过,搜索,商品7日总支付ROI,笔记（商品组件）,697c444a000000002802347b,59cde3b9db2e6029a99da214,图文笔记,"6858efa562560900014a4305,67f6247db2c30c00015cbc5d",智R搜索-合集-新X白-系统-26.4.9,184842452,2026-04-09 09:25:07,0.00,0,0,0.0%,0.0,0.0,0,0.00,0.0,0,0,0.0,0,0,0.0,0,0.0,0,0.0,0,0.0,0,0.0,0,0.0,0,0.0,0,0.0,0,0.0,0,0.0,0.00,0.0,0,0,0
4265829839,直播间托管-活该别-新X白-系统-26.4.5,暂停,审核拒绝,通投,商品7日总支付ROI,笔记（商品组件）,69cf67f4000000002301725e,59cde3b9db2e6029a99da214,图文笔记,"67f6247db2c30c00015cbc5d,6858efa562560900014a4305",直播间托管-活该别-新X白-系统-26.4.5,184278661,2026-04-05 21:03:28,0.00,0,0,0.0%,0.0,0.0,0,0.00,0.0,0,0,0.0,0,0,0.0,0,0.0,0,0.0,0,0.0,0,0.0,0,0.0,0,0.0,0,0.0,0,0.0,0,0.0,0.00,0.0,0,0,0
4213226428,智R托管-光速养成-光感白肌饮-系统-26.4.1优化,被计划暂停,审核通过,通投,商品7日总支付ROI,笔记（商品组件）,695f4517000000000e00e565,59cde3b9db2e6029a99da214,图文笔记,"67a96f5af4fe140001803e33,67a96fff17cfa0000166a95f,67bd894629b9f70001b66fed",智R托管-光速养成-光感白肌饮-系统-26.4.1优化,183483960,2026-04-01 11:05:35,0.00,0,0,0.0%,0.0,0.0,0,0.00,0.0,0,0,0.0,0,0,0.0,0,0.0,0,0.0,0,0.0,0,0.0,0,0.0,0,0.0,0,0.0,0,0.0,0,0.0,0.00,0.0,0,0,0
4188590923,智R搜索-正确打-新X白-系统-26.3.30,暂停,审核通过,搜索,商品7日总支付ROI,笔记（商品组件）,69b8a79c00000000220241ca,59cde3b9db2e6029a99da214,图文笔记,"6858efa562560900014a4305,67f6247db2c30c00015cbc5d",智R搜索-合集-新X白-系统-26.3.16,180180753,2026-03-30 11:02:13,0.00,0,0,0.0%,0.0,0.0,0,0.00,0.0,0,0,0.0,0,0,0.0,0,0.0,0,0.0,0,0.0,0,0.0,0,0.0,0,0.0,0,0.0,0,0.0,0,0.0,0.00,0.0,0,0,0
4188590922,智R搜索-全都有-新X白-系统-26.3.30,暂停,审核通过,搜索,商品7日总支付ROI,笔记（商品组件）,69bcc6520000000022026af1,59cde3b9db2e6029a99da214,图文笔记,"6858efa562560900014a4305,67f6247db2c30c00015cbc5d",智R搜索-合集-新X白-系统-26.3.16,180180753,2026-03-30 11:02:13,0.00,0,0,0.0%,0.0,0.0,0,0.00,0.0,0,0,0.0,0,0,0.0,0,0.0,0,0.0,0,0.0,0,0.0,0,0.0,0,0.0,0,0.0,0,0.0,0,0.0,0.00,0.0,0,0,0
4188175433,智R托管-铁锅顿佩奇-光感白肌饮-系统-26.3.30-达人直投,被计划暂停,审核通过,通投,商品7日总支付ROI,笔记（商品组件）,69b393440000000023012005,5f126f230000000001007f70,图文笔记,"67bd894629b9f70001b66fed,67a96f5af4fe140001803e33",智R托管-达人合集-光感白肌饮-系统-26.3.30-达人直投,183013892,2026-03-30 10:28:37,0.00,0,0,0.0%,0.0,0.0,0,0.00,0.0,0,0,0.0,0,0,0.0,0,0.0,0,0.0,0,0.0,0,0.0,0,0.0,0,0.0,0,0.0,0,0.0,0,0.0,0.00,0.0,0,0,0
4188175432,智R托管-刁钻小姨子-光感白肌饮-系统-26.3.30-达人直投,被计划暂停,审核通过,通投,商品7日总支付ROI,笔记（商品组件）,69b25cf1000000002603ca7f,5ef3026f000000000100373d,图文笔记,"67bd894629b9f70001b66fed,67a96f5af4fe140001803e33",智R托管-达人合集-光感白肌饮-系统-26.3.30-达人直投,183013892,2026-03-30 10:28:37,0.00,0,0,0.0%,0.0,0.0,0,0.00,0.0,0,0,0.0,0,0,0.0,0,0.0,0,0.0,0,0.0,0,0.0,0,0.0,0,0.0,0,0.0,0,0.0,0,0.0,0.00,0.0,0,0,0
4188175431,智R托管-Puffomeino-光感白肌饮-系统-26.3.30-达人直投,被计划暂停,审核通过,通投,商品7日总支付ROI,笔记（商品组件）,69ae9dbd000000001d02628f,6136bf7100000000020274c1,视频笔记,"67bd894629b9f70001b66fed,67a96f5af4fe140001803e33",智R托管-达人合集-光感白肌饮-系统-26.3.30-达人直投,183013892,2026-03-30 10:28:37,0.00,0,0,0.0%,0.0,0.0,0,0.00,0.0,0,0,0.0,0,0,0.0,0,0.0,0,0.0,0,0.0,0,0.0,0,0.0,0,0.0,0,0.0,0,0.0,0,0.0,0.00,0.0,0,0,0
4188175430,智R托管-奇思妙想娇-光感白肌饮-系统-26.3.30-达人直投,被计划暂停,审核通过,通投,商品7日总支付ROI,笔记（商品组件）,69aaede7000000002602d03b,5aef2c0811be107e4fd7393d,视频笔记,"67bd894629b9f70001b66fed,67a96f5af4fe140001803e33",智R托管-达人合集-光感白肌饮-系统-26.3.30-达人直投,183013892,2026-03-30 10:28:37,0.00,0,0,0.0%,0.0,0.0,0,0.00,0.0,0,0,0.0,0,0,0.0,0,0.0,0,0.0,0,0.0,0,0.0,0,0.0,0,0.0,0,0.0,0,0.0,0,0.0,0.00,0.0,0,0,0
4188175429,智R托管-金富江Kimdelvey-光感白肌饮-系统-26.3.30-达人直投,被计划暂停,审核通过,通投,商品7日总支付ROI,笔记（商品组件）,69aa8d74000000001a035743,5b877f40304bcc0001af2845,视频笔记,"67bd894629b9f70001b66fed,67a96f5af4fe140001803e33",智R托管-达人合集-光感白肌饮-系统-26.3.30-达人直投,183013892,2026-03-30 10:28:37,0.00,0,0,0.0%,0.0,0.0,0,0.00,0.0,0,0,0.0,0,0,0.0,0,0.0,0,0.0,0,0.0,0,0.0,0,0.0,0,0.0,0,0.0,0,0.0,0,0.0,0.00,0.0,0,0,0
4188175428,智R托管-李喵喵miaomiao-光感白肌饮-系统-26.3.30-达人直投,被计划暂停,审核通过,通投,商品7日总支付ROI,笔记（商品组件）,67c68e1e0000000029029df3,5657c430e4251d04a5103a9c,图文笔记,"67bd894629b9f70001b66fed,67a96f5af4fe140001803e33",智R托管-达人合集-光感白肌饮-系统-26.3.30-达人直投,183013892,2026-03-30 10:28:37,0.00,0,0,0.0%,0.0,0.0,0,0.00,0.0,0,0,0.0,0,0,0.0,0,0.0,0,0.0,0,0.0,0,0.0,0,0.0,0,0.0,0,0.0,0,0.0,0,0.0,0.00,0.0,0,0,0
4187847891,智R托管-喝出春-光感白肌饮-系统-26.3.30,暂停,审核通过,通投,商品7日总支付ROI,笔记（商品组件）,69b2531d000000000800e844,59cde3b9db2e6029a99da214,图文笔记,"67a96f5af4fe140001803e33,67a96fff17cfa0000166a95f,67bd894629b9f70001b66fed",智R托管-喝出春-光感白肌饮-系统-26.3.30,183027620,2026-03-30 10:20:48,0.00,0,0,0.0%,0.0,0.0,0,0.00,0.0,0,0,0.0,0,0,0.0,0,0.0,0,0.0,0,0.0,0,0.0,0,0.0,0,0.0,0,0.0,0,0.0,0,0.0,0.00,0.0,0,0,0
4157812647,智R托管-君君来啦-AGXI-系统-26.3.17-达人直投,被计划暂停,审核通过,通投,商品7日总支付ROI,笔记（商品组件）,692e9bcb000000001e0098ec,63ccb44700000000260068ba,图文笔记,"67f62ea104afe30001b8d8ed,67eb97e85d35ce0001a96c29",智R托管-合集-AGXI-系统-26.3.17-达人直投,180430248,2026-03-27 14:07:39,0.00,0,0,0.0%,0.0,0.0,0,0.00,0.0,0,0,0.0,0,0,0.0,0,0.0,0,0.0,0,0.0,0,0.0,0,0.0,0,0.0,0,0.0,0,0.0,0,0.0,0.00,0.0,0,0,0
4157812646,智R托管-imsammie-AGXI-系统-26.3.17-达人直投,被计划暂停,审核通过,通投,商品7日总支付ROI,笔记（商品组件）,699ead45000000002602d9e9,59eef5ede8ac2b7e968ae7ff,图文笔记,"67f62ea104afe30001b8d8ed,67eb97e85d35ce0001a96c29",智R托管-合集-AGXI-系统-26.3.17-达人直投,180430248,2026-03-27 14:07:39,0.00,0,0,0.0%,0.0,0.0,0,0.00,0.0,0,0,0.0,0,0,0.0,0,0.0,0,0.0,0,0.0,0,0.0,0,0.0,0,0.0,0,0.0,0,0.0,0,0.0,0.00,0.0,0,0,0
4157812645,智R托管-黄小雨-AGXI-系统-26.3.17-达人直投,被计划暂停,审核拒绝,通投,商品7日总支付ROI,笔记（商品组件）,69aa5e85000000001a02bd5e,5a90e739e8ac2b1ad3fc3adc,视频笔记,"67f62ea104afe30001b8d8ed,67eb97e85d35ce0001a96c29",智R托管-合集-AGXI-系统-26.3.17-达人直投,180430248,2026-03-27 14:07:39,0.00,0,0,0.0%,0.0,0.0,0,0.00,0.0,0,0,0.0,0,0,0.0,0,0.0,0,0.0,0,0.0,0,0.0,0,0.0,0,0.0,0,0.0,0,0.0,0,0.0,0.00,0.0,0,0,0
4143368293,智R搜索-成逆龄-新X白-系统-26.3.26,暂停,审核通过,搜索,商品7日总支付ROI,笔记（商品组件）,69c482800000000020039ba0,59cde3b9db2e6029a99da214,图文笔记,"67f6247db2c30c00015cbc5d,6858efa562560900014a4305,69296c253dc5360001551142,67f62e4eec137400010dc1cb",智R搜索-合集-新X白-系统-26.3.16,180180753,2026-03-26 09:37:18,0.00,0,0,0.0%,0.0,0.0,0,0.00,0.0,0,0,0.0,0,0,0.0,0,0.0,0,0.0,0,0.0,0,0.0,0,0.0,0,0.0,0,0.0,0,0.0,0,0.0,0.00,0.0,0,0,0
4133742516,智R托管-左左Tracie-AGXI-系统-26.3.25-转载,被计划暂停,审核通过,通投,商品7日总支付ROI,笔记（商品组件）,69c337ae0000000023015941,59cde3b9db2e6029a99da214,视频笔记,"67f62ea104afe30001b8d8ed,67eb97e85d35ce0001a96c29",智R托管-左左Tracie-AGXI-系统-26.3.25-转载,182175276,2026-03-25 11:22:27,0.00,0,0,0.0%,0.0,0.0,0,0.00,0.0,0,0,0.0,0,0,0.0,0,0.0,0,0.0,0,0.0,0,0.0,0,0.0,0,0.0,0,0.0,0,0.0,0,0.0,0.00,0.0,0,0,0
4121833138,智R托管-抗糖给-AGXI-系统-26.3.24,暂停,审核通过,通投,商品7日总支付ROI,笔记（商品组件）,69a8e557000000001a01c612,59cde3b9db2e6029a99da214,视频笔记,"67f62ea104afe30001b8d8ed,67eb97e85d35ce0001a96c29",智R托管-抗糖给-AGXI-系统-26.3.24,181952819,2026-03-24 10:51:58,0.00,0,0,0.0%,0.0,0.0,0,0.00,0.0,0,0,0.0,0,0,0.0,0,0.0,0,0.0,0,0.0,0,0.0,0,0.0,0,0.0,0,0.0,0,0.0,0,0.0,0.00,0.0,0,0,0
4101609702,智R托管-深扒晓-横测笔记-系统-26.3.22优化,被计划暂停,审核通过,搜索,商品7日总支付ROI,笔记（商品组件）,68f9fee30000000005003593,59cde3b9db2e6029a99da214,图文笔记,"67f62e4eec137400010dc1cb,67a96f5af4fe140001803e33,68a59525d3dd4d00012b6c02,681c861f8da761000133f1fb,6748224252f26600016f5a21",智R搜索-深扒晓-横测笔记-系统-26.3.22优化,181612313,2026-03-22 10:34:11,0.00,0,0,0.0%,0.0,0.0,0,0.00,0.0,0,0,0.0,0,0,0.0,0,0.0,0,0.0,0,0.0,0,0.0,0,0.0,0,0.0,0,0.0,0,0.0,0,0.0,0.00,0.0,0,0,0
4082571220,智R托管-喝出春-光感白肌饮-系统-26.3.20,暂停,审核通过,通投,商品7日总支付ROI,笔记（商品组件）,69b2531d000000000800e844,59cde3b9db2e6029a99da214,图文笔记,"67a96f5af4fe140001803e33,67a96fff17cfa0000166a95f,67bd894629b9f70001b66fed",智R托管-合集-光感白肌饮-系统-26.3.20,181293866,2026-03-20 14:45:14,0.00,0,0,0.0%,0.0,0.0,0,0.00,0.0,0,0,0.0,0,0,0.0,0,0.0,0,0.0,0,0.0,0,0.0,0,0.0,0,0.0,0,0.0,0,0.0,0,0.0,0.00,0.0,0,0,0
4082571219,智R托管-光速养成-光感白肌饮-系统-26.3.20,暂停,审核通过,通投,商品7日总支付ROI,笔记（商品组件）,695f4517000000000e00e565,59cde3b9db2e6029a99da214,图文笔记,"67a96f5af4fe140001803e33,67a96fff17cfa0000166a95f,67bd894629b9f70001b66fed",智R托管-合集-光感白肌饮-系统-26.3.20,181293866,2026-03-20 14:45:14,0.00,0,0,0.0%,0.0,0.0,0,0.00,0.0,0,0,0.0,0,0,0.0,0,0.0,0,0.0,0,0.0,0,0.0,0,0.0,0,0.0,0,0.0,0,0.0,0,0.0,0.00,0.0,0,0,0
4078923790,智R托管-底层逻辑-AGXI-定向-26.3.20,暂停,审核通过,通投,商品7日总支付ROI,笔记（商品组件）,699ffc5a000000001a025f61,59cde3b9db2e6029a99da214,图文笔记,"67f62ea104afe30001b8d8ed,67eb97e85d35ce0001a96c29",智R托管-合集复制-AGXI-定向-26.3.20,181198416,2026-03-20 09:19:19,0.00,0,0,0.0%,0.0,0.0,0,0.00,0.0,0,0,0.0,0,0,0.0,0,0.0,0,0.0,0,0.0,0,0.0,0,0.0,0,0.0,0,0.0,0,0.0,0,0.0,0.00,0.0,0,0,0
4078923789,智R托管-张馨予24-AGXI-定向-26.3.20,暂停,审核通过,通投,商品7日总支付ROI,笔记（商品组件）,68ea00c3000000000402bba1,59cde3b9db2e6029a99da214,图文笔记,"67f62ea104afe30001b8d8ed,67eb97e85d35ce0001a96c29",智R托管-合集复制-AGXI-定向-26.3.20,181198416,2026-03-20 09:19:19,0.00,0,0,0.0%,0.0,0.0,0,0.00,0.0,0,0,0.0,0,0,0.0,0,0.0,0,0.0,0,0.0,0,0.0,0,0.0,0,0.0,0,0.0,0,0.0,0,0.0,0.00,0.0,0,0,0
4051484183,智R托管-包子和皮蛋-塑颜饮-系统-26.3.17-达人直投,暂停,审核通过,通投,商品7日总支付ROI,笔记（商品组件）,6984309a000000000e00fd56,611f6d77000000000101ec3c,视频笔记,"68a59525d3dd4d00012b6c02,68a5957036ab3b00019db5de",智R托管-达人合集-塑颜饮-系统-26.3.17-达人直投,180598193,2026-03-17 17:52:23,0.00,0,0,0.0%,0.0,0.0,0,0.00,0.0,0,0,0.0,0,0,0.0,0,0.0,0,0.0,0,0.0,0,0.0,0,0.0,0,0.0,0,0.0,0,0.0,0,0.0,0.00,0.0,0,0,0
4051484182,智R托管-糯叽球球-塑颜饮-系统-26.3.17-达人直投,暂停,审核通过,通投,商品7日总支付ROI,笔记（商品组件）,6985c3b3000000001a02c7ec,5cfb257c0000000018007e01,图文笔记,"68a59525d3dd4d00012b6c02,68a5957036ab3b00019db5de",智R托管-达人合集-塑颜饮-系统-26.3.17-达人直投,180598193,2026-03-17 17:52:23,0.00,0,0,0.0%,0.0,0.0,0,0.00,0.0,0,0,0.0,0,0,0.0,0,0.0,0,0.0,0,0.0,0,0.0,0,0.0,0,0.0,0,0.0,0,0.0,0,0.0,0.00,0.0,0,0,0
4051484181,智R托管-Vicky-塑颜饮-系统-26.3.17-达人直投,被计划暂停,审核通过,通投,商品7日总支付ROI,笔记（商品组件）,698d6ee0000000000b00bbcf,6171590c0000000002018fad,视频笔记,"68a59525d3dd4d00012b6c02,68a5957036ab3b00019db5de",智R托管-达人合集-塑颜饮-系统-26.3.17-达人直投,180598193,2026-03-17 17:52:23,0.00,0,0,0.0%,0.0,0.0,0,0.00,0.0,0,0,0.0,0,0,0.0,0,0.0,0,0.0,0,0.0,0,0.0,0,0.0,0,0.0,0,0.0,0,0.0,0,0.0,0.00,0.0,0,0,0
4051484180,智R托管-徐珺雯-塑颜饮-系统-26.3.17-达人直投,被计划暂停,审核通过,通投,商品7日总支付ROI,笔记（商品组件）,6982d3a9000000001a031950,64982906000000000b017fcc,视频笔记,"68a59525d3dd4d00012b6c02,68a5957036ab3b00019db5de",智R托管-达人合集-塑颜饮-系统-26.3.17-达人直投,180598193,2026-03-17 17:52:23,0.00,0,0,0.0%,0.0,0.0,0,0.00,0.0,0,0,0.0,0,0,0.0,0,0.0,0,0.0,0,0.0,0,0.0,0,0.0,0,0.0,0,0.0,0,0.0,0,0.0,0.00,0.0,0,0,0
4051484179,智R托管-一颗甜甜圈-塑颜饮-系统-26.3.17-达人直投,暂停,审核通过,通投,商品7日总支付ROI,笔记（商品组件）,698d6b30000000001503bf83,5ba98cff0a5c4a0001134be2,视频笔记,"68a59525d3dd4d00012b6c02,68a5957036ab3b00019db5de",智R托管-达人合集-塑颜饮-系统-26.3.17-达人直投,180598193,2026-03-17 17:52:23,0.00,0,0,0.0%,0.0,0.0,0,0.00,0.0,0,0,0.0,0,0,0.0,0,0.0,0,0.0,0,0.0,0,0.0,0,0.0,0,0.0,0,0.0,0,0.0,0,0.0,0.00,0.0,0,0,0
4051484178,智R托管-张恬宇Abbie-塑颜饮-系统-26.3.17-达人直投,暂停,审核通过,通投,商品7日总支付ROI,笔记（商品组件）,6982fba1000000000a03ce62,5a64cf23e8ac2b0ca49c8157,视频笔记,"68a59525d3dd4d00012b6c02,68a5957036ab3b00019db5de",智R托管-达人合集-塑颜饮-系统-26.3.17-达人直投,180598193,2026-03-17 17:52:23,0.00,0,0,0.0%,0.0,0.0,0,0.00,0.0,0,0,0.0,0,0,0.0,0,0.0,0,0.0,0,0.0,0,0.0,0,0.0,0,0.0,0,0.0,0,0.0,0,0.0,0.00,0.0,0,0,0
4051484177,智R托管-黑不溜秋圆圆-塑颜饮-系统-26.3.17-达人直投,被计划暂停,审核通过,通投,商品7日总支付ROI,笔记（商品组件）,6980791400000000220384f3,6659e9a00000000007005a99,图文笔记,"68a59525d3dd4d00012b6c02,68a5957036ab3b00019db5de",智R托管-达人合集-塑颜饮-系统-26.3.17-达人直投,180598193,2026-03-17 17:52:23,0.00,0,0,0.0%,0.0,0.0,0,0.00,0.0,0,0,0.0,0,0,0.0,0,0.0,0,0.0,0,0.0,0,0.0,0,0.0,0,0.0,0,0.0,0,0.0,0,0.0,0.00,0.0,0,0,0
4051484176,智R托管-xinnnxinnn-塑颜饮-系统-26.3.17-达人直投,暂停,审核通过,通投,商品7日总支付ROI,笔记（商品组件）,69815740000000002202d063,5fa3efe70000000001008e2a,视频笔记,"68a59525d3dd4d00012b6c02,68a5957036ab3b00019db5de",智R托管-达人合集-塑颜饮-系统-26.3.17-达人直投,180598193,2026-03-17 17:52:23,0.00,0,0,0.0%,0.0,0.0,0,0.00,0.0,0,0,0.0,0,0,0.0,0,0.0,0,0.0,0,0.0,0,0.0,0,0.0,0,0.0,0,0.0,0,0.0,0,0.0,0.00,0.0,0,0,0
4051484175,智R托管-陈一琦kiki-塑颜饮-系统-26.3.17-达人直投,暂停,审核通过,通投,商品7日总支付ROI,笔记（商品组件）,698da4c0000000000d008c78,5b021ee34eacab253a19162c,视频笔记,"68a59525d3dd4d00012b6c02,68a5957036ab3b00019db5de",智R托管-达人合集-塑颜饮-系统-26.3.17-达人直投,180598193,2026-03-17 17:52:23,0.00,0,0,0.0%,0.0,0.0,0,0.00,0.0,0,0,0.0,0,0,0.0,0,0.0,0,0.0,0,0.0,0,0.0,0,0.0,0,0.0,0,0.0,0,0.0,0,0.0,0.00,0.0,0,0,0
4051484174,智R托管-小七是甜妹-塑颜饮-系统-26.3.17-达人直投,暂停,审核通过,通投,商品7日总支付ROI,笔记（商品组件）,697c530f00000000220331bf,5e2d92c0000000000100a9de,图文笔记,"68a59525d3dd4d00012b6c02,68a5957036ab3b00019db5de",智R托管-达人合集-塑颜饮-系统-26.3.17-达人直投,180598193,2026-03-17 17:52:23,0.00,0,0,0.0%,0.0,0.0,0,0.00,0.0,0,0,0.0,0,0,0.0,0,0.0,0,0.0,0,0.0,0,0.0,0,0.0,0,0.0,0,0.0,0,0.0,0,0.0,0.00,0.0,0,0,0
4051484173,智R托管-挖宝狐妖-塑颜饮-系统-26.3.17-达人直投,被计划暂停,审核通过,通投,商品7日总支付ROI,笔记（商品组件）,697c798e000000002103d0e3,6228c00d0000000010006dd2,图文笔记,"68a59525d3dd4d00012b6c02,68a5957036ab3b00019db5de",智R托管-达人合集-塑颜饮-系统-26.3.17-达人直投,180598193,2026-03-17 17:52:23,0.00,0,0,0.0%,0.0,0.0,0,0.00,0.0,0,0,0.0,0,0,0.0,0,0.0,0,0.0,0,0.0,0,0.0,0,0.0,0,0.0,0,0.0,0,0.0,0,0.0,0.00,0.0,0,0,0
4051484172,智R托管-桃桃乌龙茶-塑颜饮-系统-26.3.17-达人直投,被计划暂停,审核通过,通投,商品7日总支付ROI,笔记（商品组件）,697c4760000000000a02c8df,64536e4b000000001400ca9e,图文笔记,"68a59525d3dd4d00012b6c02,68a5957036ab3b00019db5de",智R托管-达人合集-塑颜饮-系统-26.3.17-达人直投,180598193,2026-03-17 17:52:23,0.00,0,0,0.0%,0.0,0.0,0,0.00,0.0,0,0,0.0,0,0,0.0,0,0.0,0,0.0,0,0.0,0,0.0,0,0.0,0,0.0,0,0.0,0,0.0,0,0.0,0.00,0.0,0,0,0
4051165046,智R托管-Puffomeino-光感白肌饮-系统-26.3.17-达人直投,被计划暂停,审核通过,通投,商品7日总支付ROI,笔记（商品组件）,69ae9dbd000000001d02628f,6136bf7100000000020274c1,视频笔记,"67bd894629b9f70001b66fed,67a96f5af4fe140001803e33",智R托管-达人合集-光感白肌饮-系统-26.3.17-达人直投,180582486,2026-03-17 17:40:02,0.00,0,0,0.0%,0.0,0.0,0,0.00,0.0,0,0,0.0,0,0,0.0,0,0.0,0,0.0,0,0.0,0,0.0,0,0.0,0,0.0,0,0.0,0,0.0,0,0.0,0.00,0.0,0,0,0
4051165045,智R托管-奇思妙想娇-光感白肌饮-系统-26.3.17-达人直投,被计划暂停,审核通过,通投,商品7日总支付ROI,笔记（商品组件）,69aaede7000000002602d03b,5aef2c0811be107e4fd7393d,视频笔记,"67bd894629b9f70001b66fed,67a96f5af4fe140001803e33",智R托管-达人合集-光感白肌饮-系统-26.3.17-达人直投,180582486,2026-03-17 17:40:02,0.00,0,0,0.0%,0.0,0.0,0,0.00,0.0,0,0,0.0,0,0,0.0,0,0.0,0,0.0,0,0.0,0,0.0,0,0.0,0,0.0,0,0.0,0,0.0,0,0.0,0.00,0.0,0,0,0
4051165044,智R托管-金富江Kimdelvey-光感白肌饮-系统-26.3.17-达人直投,被计划暂停,审核通过,通投,商品7日总支付ROI,笔记（商品组件）,69aa8d74000000001a035743,5b877f40304bcc0001af2845,视频笔记,"67bd894629b9f70001b66fed,67a96f5af4fe140001803e33",智R托管-达人合集-光感白肌饮-系统-26.3.17-达人直投,180582486,2026-03-17 17:40:02,0.00,0,0,0.0%,0.0,0.0,0,0.00,0.0,0,0,0.0,0,0,0.0,0,0.0,0,0.0,0,0.0,0,0.0,0,0.0,0,0.0,0,0.0,0,0.0,0,0.0,0.00,0.0,0,0,0
4051165043,智R托管-张茶茶是如何-光感白肌饮-系统-26.3.17-达人直投,被计划暂停,审核通过,通投,商品7日总支付ROI,笔记（商品组件）,69a95697000000001a0203e8,666688300000000003032014,图文笔记,"67bd894629b9f70001b66fed,67a96f5af4fe140001803e33",智R托管-达人合集-光感白肌饮-系统-26.3.17-达人直投,180582486,2026-03-17 17:40:02,0.00,0,0,0.0%,0.0,0.0,0,0.00,0.0,0,0,0.0,0,0,0.0,0,0.0,0,0.0,0,0.0,0,0.0,0,0.0,0,0.0,0,0.0,0,0.0,0,0.0,0.00,0.0,0,0,0
4051165042,智R托管-9_net-光感白肌饮-系统-26.3.17-达人直投,暂停,审核通过,通投,商品7日总支付ROI,笔记（商品组件）,69a94fe100000000220233b3,5677ba39b8ce1a771fd40fd3,视频笔记,"67bd894629b9f70001b66fed,67a96f5af4fe140001803e33",智R托管-达人合集-光感白肌饮-系统-26.3.17-达人直投,180582486,2026-03-17 17:40:02,0.00,0,0,0.0%,0.0,0.0,0,0.00,0.0,0,0,0.0,0,0,0.0,0,0.0,0,0.0,0,0.0,0,0.0,0,0.0,0,0.0,0,0.0,0,0.0,0,0.0,0.00,0.0,0,0,0
4051165041,智R托管-林樱珊-光感白肌饮-系统-26.3.17-达人直投,被计划暂停,审核通过,通投,商品7日总支付ROI,笔记（商品组件）,69a737aa000000000e03cdd5,5cd54b9b000000001701e940,视频笔记,"67bd894629b9f70001b66fed,67a96f5af4fe140001803e33",智R托管-达人合集-光感白肌饮-系统-26.3.17-达人直投,180582486,2026-03-17 17:40:02,0.00,0,0,0.0%,0.0,0.0,0,0.00,0.0,0,0,0.0,0,0,0.0,0,0.0,0,0.0,0,0.0,0,0.0,0,0.0,0,0.0,0,0.0,0,0.0,0,0.0,0.00,0.0,0,0,0
4051165040,智R托管-旺旺水蜜淘-光感白肌饮-系统-26.3.17-达人直投,被计划暂停,审核通过,通投,商品7日总支付ROI,笔记（商品组件）,69a68b40000000002202c8c6,66fdb482000000001d031c09,图文笔记,"67bd894629b9f70001b66fed,67a96f5af4fe140001803e33",智R托管-达人合集-光感白肌饮-系统-26.3.17-达人直投,180582486,2026-03-17 17:40:02,0.00,0,0,0.0%,0.0,0.0,0,0.00,0.0,0,0,0.0,0,0,0.0,0,0.0,0,0.0,0,0.0,0,0.0,0,0.0,0,0.0,0,0.0,0,0.0,0,0.0,0.00,0.0,0,0,0
4051165039,智R托管-举个栗子-光感白肌饮-系统-26.3.17-达人直投,被计划暂停,审核通过,通投,商品7日总支付ROI,笔记（商品组件）,69a658a7000000001d027b5b,60f93c1f000000000100008d,图文笔记,"67bd894629b9f70001b66fed,67a96f5af4fe140001803e33",智R托管-达人合集-光感白肌饮-系统-26.3.17-达人直投,180582486,2026-03-17 17:40:02,0.00,0,0,0.0%,0.0,0.0,0,0.00,0.0,0,0,0.0,0,0,0.0,0,0.0,0,0.0,0,0.0,0,0.0,0,0.0,0,0.0,0,0.0,0,0.0,0,0.0,0.00,0.0,0,0,0
4051165038,智R托管-白雪是我-光感白肌饮-系统-26.3.17-达人直投,被计划暂停,审核通过,通投,商品7日总支付ROI,笔记（商品组件）,69a5119b000000001b016508,54314fd4d6e4a97ec30dbd38,视频笔记,"67bd894629b9f70001b66fed,67a96f5af4fe140001803e33",智R托管-达人合集-光感白肌饮-系统-26.3.17-达人直投,180582486,2026-03-17 17:40:02,0.00,0,0,0.0%,0.0,0.0,0,0.00,0.0,0,0,0.0,0,0,0.0,0,0.0,0,0.0,0,0.0,0,0.0,0,0.0,0,0.0,0,0.0,0,0.0,0,0.0,0.00,0.0,0,0,0
4051165037,智R托管-盐析-光感白肌饮-系统-26.3.17-达人直投,被计划暂停,审核通过,通投,商品7日总支付ROI,笔记（商品组件）,69a53547000000001a028988,565b1c58b8ce1a28c034272b,图文笔记,"67bd894629b9f70001b66fed,67a96f5af4fe140001803e33",智R托管-达人合集-光感白肌饮-系统-26.3.17-达人直投,180582486,2026-03-17 17:40:02,0.00,0,0,0.0%,0.0,0.0,0,0.00,0.0,0,0,0.0,0,0,0.0,0,0.0,0,0.0,0,0.0,0,0.0,0,0.0,0,0.0,0,0.0,0,0.0,0,0.0,0.00,0.0,0,0,0
4051165036,智R托管-Yennie-光感白肌饮-系统-26.3.17-达人直投,被计划暂停,审核通过,通投,商品7日总支付ROI,笔记（商品组件）,69a53ff500000000220309b9,5f3b26830000000001003dd5,图文笔记,"67bd894629b9f70001b66fed,67a96f5af4fe140001803e33",智R托管-达人合集-光感白肌饮-系统-26.3.17-达人直投,180582486,2026-03-17 17:40:02,0.00,0,0,0.0%,0.0,0.0,0,0.00,0.0,0,0,0.0,0,0,0.0,0,0.0,0,0.0,0,0.0,0,0.0,0,0.0,0,0.0,0,0.0,0,0.0,0,0.0,0.00,0.0,0,0,0
4051165035,智R托管-一位甜心-光感白肌饮-系统-26.3.17-达人直投,被计划暂停,审核通过,通投,商品7日总支付ROI,笔记（商品组件）,69a50136000000002202f868,59e0e04b20e88f2380899473,视频笔记,"67bd894629b9f70001b66fed,67a96f5af4fe140001803e33",智R托管-达人合集-光感白肌饮-系统-26.3.17-达人直投,180582486,2026-03-17 17:40:02,0.00,0,0,0.0%,0.0,0.0,0,0.00,0.0,0,0,0.0,0,0,0.0,0,0.0,0,0.0,0,0.0,0,0.0,0,0.0,0,0.0,0,0.0,0,0.0,0,0.0,0.00,0.0,0,0,0
4051165034,智R托管-炸毛土豆卷-光感白肌饮-系统-26.3.17-达人直投,被计划暂停,审核通过,通投,商品7日总支付ROI,笔记（商品组件）,69a158670000000015022e69,61f380480000000021024b2d,图文笔记,"67bd894629b9f70001b66fed,67a96f5af4fe140001803e33",智R托管-达人合集-光感白肌饮-系统-26.3.17-达人直投,180582486,2026-03-17 17:40:02,0.00,0,0,0.0%,0.0,0.0,0,0.00,0.0,0,0,0.0,0,0,0.0,0,0.0,0,0.0,0,0.0,0,0.0,0,0.0,0,0.0,0,0.0,0,0.0,0,0.0,0.00,0.0,0,0,0
4051165033,智R托管-大雪预报-光感白肌饮-系统-26.3.17-达人直投,被计划暂停,审核通过,通投,商品7日总支付ROI,笔记（商品组件）,69a112e50000000022020406,61400660000000000202672d,视频笔记,"67bd894629b9f70001b66fed,67a96f5af4fe140001803e33",智R托管-达人合集-光感白肌饮-系统-26.3.17-达人直投,180582486,2026-03-17 17:40:02,0.00,0,0,0.0%,0.0,0.0,0,0.00,0.0,0,0,0.0,0,0,0.0,0,0.0,0,0.0,0,0.0,0,0.0,0,0.0,0,0.0,0,0.0,0,0.0,0,0.0,0.00,0.0,0,0,0
4051165032,智R托管-十千-光感白肌饮-系统-26.3.17-达人直投,被计划暂停,审核通过,通投,商品7日总支付ROI,笔记（商品组件）,69a00056000000002203253d,6503bf4e000000001603b320,视频笔记,"67bd894629b9f70001b66fed,67a96f5af4fe140001803e33",智R托管-达人合集-光感白肌饮-系统-26.3.17-达人直投,180582486,2026-03-17 17:40:02,0.00,0,0,0.0%,0.0,0.0,0,0.00,0.0,0,0,0.0,0,0,0.0,0,0.0,0,0.0,0,0.0,0,0.0,0,0.0,0,0.0,0,0.0,0,0.0,0,0.0,0.00,0.0,0,0,0
4051165031,智R托管-Luuu6-光感白肌饮-系统-26.3.17-达人直投,被计划暂停,审核通过,通投,商品7日总支付ROI,笔记（商品组件）,69a13c900000000028020589,59880bca5e87e771fcad55c1,图文笔记,"67bd894629b9f70001b66fed,67a96f5af4fe140001803e33",智R托管-达人合集-光感白肌饮-系统-26.3.17-达人直投,180582486,2026-03-17 17:40:02,0.00,0,0,0.0%,0.0,0.0,0,0.00,0.0,0,0,0.0,0,0,0.0,0,0.0,0,0.0,0,0.0,0,0.0,0,0.0,0,0.0,0,0.0,0,0.0,0,0.0,0.00,0.0,0,0,0
4051165030,智R托管-梦想是当蒸蛋-光感白肌饮-系统-26.3.17-达人直投,被计划暂停,审核通过,通投,商品7日总支付ROI,笔记（商品组件）,699ffb66000000002203a738,6306f0e4000000001200ee4d,图文笔记,"67bd894629b9f70001b66fed,67a96f5af4fe140001803e33",智R托管-达人合集-光感白肌饮-系统-26.3.17-达人直投,180582486,2026-03-17 17:40:02,0.00,0,0,0.0%,0.0,0.0,0,0.00,0.0,0,0,0.0,0,0,0.0,0,0.0,0,0.0,0,0.0,0,0.0,0,0.0,0,0.0,0,0.0,0,0.0,0,0.0,0.00,0.0,0,0,0
4051165029,智R托管-肤白貌美小lulu-光感白肌饮-系统-26.3.17-达人直投,被计划暂停,审核通过,通投,商品7日总支付ROI,笔记（商品组件）,69a0007f0000000026032434,641851d7000000001102381f,图文笔记,"67bd894629b9f70001b66fed,67a96f5af4fe140001803e33",智R托管-达人合集-光感白肌饮-系统-26.3.17-达人直投,180582486,2026-03-17 17:40:02,0.00,0,0,0.0%,0.0,0.0,0,0.00,0.0,0,0,0.0,0,0,0.0,0,0.0,0,0.0,0,0.0,0,0.0,0,0.0,0,0.0,0,0.0,0,0.0,0,0.0,0.00,0.0,0,0,0
4046301302,智R托管-kexiner是可欣-AGXI-系统-26.3.17-达人直投,被计划暂停,审核通过,通投,商品7日总支付ROI,笔记（商品组件）,6955125d000000001f007702,5b07b930e8ac2b4b62712337,视频笔记,"67eb97e85d35ce0001a96c29,67f62ea104afe30001b8d8ed",智R托管-合集-AGXI-系统-26.3.17-达人直投,180430248,2026-03-17 10:05:49,0.00,0,0,0.0%,0.0,0.0,0,0.00,0.0,0,0,0.0,0,0,0.0,0,0.0,0,0.0,0,0.0,0,0.0,0,0.0,0,0.0,0,0.0,0,0.0,0,0.0,0.00,0.0,0,0,0
4046301301,智R托管-mumusays-AGXI-系统-26.3.17-达人直投,被计划暂停,审核通过,通投,商品7日总支付ROI,笔记（商品组件）,687624750000000013011d57,5f8e5c67000000000101e352,视频笔记,"67eb97e85d35ce0001a96c29,67f62ea104afe30001b8d8ed",智R托管-合集-AGXI-系统-26.3.17-达人直投,180430248,2026-03-17 10:05:49,0.00,0,0,0.0%,0.0,0.0,0,0.00,0.0,0,0,0.0,0,0,0.0,0,0.0,0,0.0,0,0.0,0,0.0,0,0.0,0,0.0,0,0.0,0,0.0,0,0.0,0.00,0.0,0,0,0
4046301300,智R托管-Sinuo-AGXI-系统-26.3.17-达人直投,被计划暂停,审核通过,通投,商品7日总支付ROI,笔记（商品组件）,686f6d1300000000100252e5,58bf0aa650c4b453c0c4085a,视频笔记,"67eb97e85d35ce0001a96c29,67f62ea104afe30001b8d8ed",智R托管-合集-AGXI-系统-26.3.17-达人直投,180430248,2026-03-17 10:05:49,0.00,0,0,0.0%,0.0,0.0,0,0.00,0.0,0,0,0.0,0,0,0.0,0,0.0,0,0.0,0,0.0,0,0.0,0,0.0,0,0.0,0,0.0,0,0.0,0,0.0,0.00,0.0,0,0,0
4046301299,智R托管-Ruiren蕤人-AGXI-系统-26.3.17-达人直投,被计划暂停,审核通过,通投,商品7日总支付ROI,笔记（商品组件）,690c4c850000000007023d0e,59fa3f3c4eacab5cb162c630,视频笔记,"67eb97e85d35ce0001a96c29,67f62ea104afe30001b8d8ed",智R托管-合集-AGXI-系统-26.3.17-达人直投,180430248,2026-03-17 10:05:49,0.00,0,0,0.0%,0.0,0.0,0,0.00,0.0,0,0,0.0,0,0,0.0,0,0.0,0,0.0,0,0.0,0,0.0,0,0.0,0,0.0,0,0.0,0,0.0,0,0.0,0.00,0.0,0,0,0
4034963901,智R搜索-逆袭上镜-新X白-系统-26.3.16,被计划暂停,审核通过,搜索,商品7日总支付ROI,笔记（商品组件）,697c444a000000002802347b,59cde3b9db2e6029a99da214,图文笔记,"67f6247db2c30c00015cbc5d,67f62e4eec137400010dc1cb,67f631353d8f3800016fb4f9",智R搜索-合集-新X白-系统-26.3.16,180180753,2026-03-16 10:13:15,0.00,0,0,0.0%,0.0,0.0,0,0.00,0.0,0,0,0.0,0,0,0.0,0,0.0,0,0.0,0,0.0,0,0.0,0,0.0,0,0.0,0,0.0,0,0.0,0,0.0,0.00,0.0,0,0,0
4034963900,智R搜索-实现大-新X白-系统-26.3.16,暂停,审核通过,搜索,商品7日总支付ROI,笔记（商品组件）,67ecf570000000001b03db8b,59cde3b9db2e6029a99da214,图文笔记,"67f6247db2c30c00015cbc5d,6858efa562560900014a4305",智R搜索-合集-新X白-系统-26.3.16,180180753,2026-03-16 10:13:15,0.00,0,0,0.0%,0.0,0.0,0,0.00,0.0,0,0,0.0,0,0,0.0,0,0.0,0,0.0,0,0.0,0,0.0,0,0.0,0,0.0,0,0.0,0,0.0,0,0.0,0.00,0.0,0,0,0
4034761827,智R托管-黄小雨-AGXI-系统-26.3.16-达人直投,被计划暂停,审核拒绝,通投,商品7日总支付ROI,笔记（商品组件）,69aa5e85000000001a02bd5e,5a90e739e8ac2b1ad3fc3adc,视频笔记,"67f62ea104afe30001b8d8ed,67eb97e85d35ce0001a96c29",智R托管-达人合集-AGXI-系统-26.3.16-达人直投,180175273,2026-03-16 09:18:43,0.00,0,0,0.0%,0.0,0.0,0,0.00,0.0,0,0,0.0,0,0,0.0,0,0.0,0,0.0,0,0.0,0,0.0,0,0.0,0,0.0,0,0.0,0,0.0,0,0.0,0.00,0.0,0,0,0
4034761826,智R托管-imsammie-AGXI-系统-26.3.16-达人直投,被计划暂停,审核通过,通投,商品7日总支付ROI,笔记（商品组件）,699ead45000000002602d9e9,59eef5ede8ac2b7e968ae7ff,图文笔记,"67f62ea104afe30001b8d8ed,67eb97e85d35ce0001a96c29",智R托管-达人合集-AGXI-系统-26.3.16-达人直投,180175273,2026-03-16 09:18:43,0.00,0,0,0.0%,0.0,0.0,0,0.00,0.0,0,0,0.0,0,0,0.0,0,0.0,0,0.0,0,0.0,0,0.0,0,0.0,0,0.0,0,0.0,0,0.0,0,0.0,0.00,0.0,0,0,0
4034761825,智R托管-一只梁不了-AGXI-系统-26.3.16-达人直投,暂停,审核通过,通投,商品7日总支付ROI,笔记（商品组件）,69a95a27000000001600a7a4,5b32010511be107cf599da03,视频笔记,"67f62ea104afe30001b8d8ed,67eb97e85d35ce0001a96c29",智R托管-达人合集-AGXI-系统-26.3.16-达人直投,180175273,2026-03-16 09:18:43,0.00,0,0,0.0%,0.0,0.0,0,0.00,0.0,0,0,0.0,0,0,0.0,0,0.0,0,0.0,0,0.0,0,0.0,0,0.0,0,0.0,0,0.0,0,0.0,0,0.0,0.00,0.0,0,0,0
4034761824,智R托管-大心Kissis-AGXI-系统-26.3.16-达人直投,暂停,审核通过,通投,商品7日总支付ROI,笔记（商品组件）,69a55c55000000000d00987f,567365e9a40e181c06baa79f,视频笔记,"67f62ea104afe30001b8d8ed,67eb97e85d35ce0001a96c29",智R托管-达人合集-AGXI-系统-26.3.16-达人直投,180175273,2026-03-16 09:18:43,0.00,0,0,0.0%,0.0,0.0,0,0.00,0.0,0,0,0.0,0,0,0.0,0,0.0,0,0.0,0,0.0,0,0.0,0,0.0,0,0.0,0,0.0,0,0.0,0,0.0,0.00,0.0,0,0,0
4034761823,智R托管-芝士懒懒猫-AGXI-系统-26.3.16-达人直投,被计划暂停,审核拒绝,通投,商品7日总支付ROI,笔记（商品组件）,69801675000000002202d288,68217ab60000000007002f9e,图文笔记,"67f62ea104afe30001b8d8ed,67eb97e85d35ce0001a96c29",智R托管-达人合集-AGXI-系统-26.3.16-达人直投,180175273,2026-03-16 09:18:43,0.00,0,0,0.0%,0.0,0.0,0,0.00,0.0,0,0,0.0,0,0,0.0,0,0.0,0,0.0,0,0.0,0,0.0,0,0.0,0,0.0,0,0.0,0,0.0,0,0.0,0.00,0.0,0,0,0
4034761822,智R托管-我不是赵晗琪-AGXI-系统-26.3.16-达人直投,暂停,审核通过,通投,商品7日总支付ROI,笔记（商品组件）,699fdfc40000000028020cd3,5ac19d4ce8ac2b1bb23e35ce,视频笔记,"67f62ea104afe30001b8d8ed,67eb97e85d35ce0001a96c29",智R托管-达人合集-AGXI-系统-26.3.16-达人直投,180175273,2026-03-16 09:18:43,0.00,0,0,0.0%,0.0,0.0,0,0.00,0.0,0,0,0.0,0,0,0.0,0,0.0,0,0.0,0,0.0,0,0.0,0,0.0,0,0.0,0,0.0,0,0.0,0,0.0,0.00,0.0,0,0,0
4034761821,智R托管-高子衿Iris-AGXI-系统-26.3.16-达人直投,暂停,审核通过,通投,商品7日总支付ROI,笔记（商品组件）,698aa3a3000000001600bd9a,5c6bdb4c0000000011032bce,视频笔记,"67f62ea104afe30001b8d8ed,67eb97e85d35ce0001a96c29",智R托管-达人合集-AGXI-系统-26.3.16-达人直投,180175273,2026-03-16 09:18:43,0.00,0,0,0.0%,0.0,0.0,0,0.00,0.0,0,0,0.0,0,0,0.0,0,0.0,0,0.0,0,0.0,0,0.0,0,0.0,0,0.0,0,0.0,0,0.0,0,0.0,0.00,0.0,0,0,0
4034761820,智R托管-jejeuna-AGXI-系统-26.3.16-达人直投,暂停,审核拒绝,通投,商品7日总支付ROI,笔记（商品组件）,6984588c000000000e00ff21,58b40aa711b4e75c61d4509c,视频笔记,"67f62ea104afe30001b8d8ed,67eb97e85d35ce0001a96c29",智R托管-达人合集-AGXI-系统-26.3.16-达人直投,180175273,2026-03-16 09:18:43,0.00,0,0,0.0%,0.0,0.0,0,0.00,0.0,0,0,0.0,0,0,0.0,0,0.0,0,0.0,0,0.0,0,0.0,0,0.0,0,0.0,0,0.0,0,0.0,0,0.0,0.00,0.0,0,0,0
4034761819,智R托管-舒舒zizi-AGXI-系统-26.3.16-达人直投,暂停,审核通过,通投,商品7日总支付ROI,笔记（商品组件）,698edfc3000000000a03c066,5f3e6c5000000000010041aa,视频笔记,"67f62ea104afe30001b8d8ed,67eb97e85d35ce0001a96c29",智R托管-达人合集-AGXI-系统-26.3.16-达人直投,180175273,2026-03-16 09:18:43,0.00,0,0,0.0%,0.0,0.0,0,0.00,0.0,0,0,0.0,0,0,0.0,0,0.0,0,0.0,0,0.0,0,0.0,0,0.0,0,0.0,0,0.0,0,0.0,0,0.0,0.00,0.0,0,0,0
4034761818,智R托管-婧威vivi-AGXI-系统-26.3.16-达人直投,暂停,审核通过,通投,商品7日总支付ROI,笔记（商品组件）,698d51900000000016008bfc,581eec0f82ec3959241a3da2,视频笔记,"67f62ea104afe30001b8d8ed,67eb97e85d35ce0001a96c29",智R托管-达人合集-AGXI-系统-26.3.16-达人直投,180175273,2026-03-16 09:18:43,0.00,0,0,0.0%,0.0,0.0,0,0.00,0.0,0,0,0.0,0,0,0.0,0,0.0,0,0.0,0,0.0,0,0.0,0,0.0,0,0.0,0,0.0,0,0.0,0,0.0,0.00,0.0,0,0,0
3985767252,智R搜索-kexiner是可欣-AGXI-系统-26.3.11-达人直投,被计划暂停,审核通过,搜索,商品7日总支付ROI,笔记（商品组件）,6955125d000000001f007702,5b07b930e8ac2b4b62712337,视频笔记,"67f62ea104afe30001b8d8ed,67eb97e85d35ce0001a96c29",智R搜索-达人合集-AGXI-系统-26.3.11-达人直投,179249064,2026-03-11 11:13:33,0.00,0,0,0.0%,0.0,0.0,0,0.00,0.0,0,0,0.0,0,0,0.0,0,0.0,0,0.0,0,0.0,0,0.0,0,0.0,0,0.0,0,0.0,0,0.0,0,0.0,0.00,0.0,0,0,0
3985767251,智R搜索-奶油调色盘-AGXI-系统-26.3.11-达人直投,被计划暂停,审核通过,搜索,商品7日总支付ROI,笔记（商品组件）,698058f20000000022021969,684e9864000000001b01ace4,图文笔记,"67f62ea104afe30001b8d8ed,67eb97e85d35ce0001a96c29",智R搜索-达人合集-AGXI-系统-26.3.11-达人直投,179249064,2026-03-11 11:13:33,0.00,0,0,0.0%,0.0,0.0,0,0.00,0.0,0,0,0.0,0,0,0.0,0,0.0,0,0.0,0,0.0,0,0.0,0,0.0,0,0.0,0,0.0,0,0.0,0,0.0,0.00,0.0,0,0,0
3985767250,智R搜索-Ruiren蕤人-AGXI-系统-26.3.11-达人直投,被计划暂停,审核通过,搜索,商品7日总支付ROI,笔记（商品组件）,690c4c850000000007023d0e,59fa3f3c4eacab5cb162c630,视频笔记,"67f62ea104afe30001b8d8ed,67eb97e85d35ce0001a96c29",智R搜索-达人合集-AGXI-系统-26.3.11-达人直投,179249064,2026-03-11 11:13:33,0.00,0,0,0.0%,0.0,0.0,0,0.00,0.0,0,0,0.0,0,0,0.0,0,0.0,0,0.0,0,0.0,0,0.0,0,0.0,0,0.0,0,0.0,0,0.0,0,0.0,0.00,0.0,0,0,0
3985767249,智R搜索-guo33333333-AGXI-系统-26.3.11-达人直投,被计划暂停,审核通过,搜索,商品7日总支付ROI,笔记（商品组件）,68760db0000000000b01cf63,570115c284edcd6fe657a255,视频笔记,"67f62ea104afe30001b8d8ed,67eb97e85d35ce0001a96c29",智R搜索-达人合集-AGXI-系统-26.3.11-达人直投,179249064,2026-03-11 11:13:33,0.00,0,0,0.0%,0.0,0.0,0,0.00,0.0,0,0,0.0,0,0,0.0,0,0.0,0,0.0,0,0.0,0,0.0,0,0.0,0,0.0,0,0.0,0,0.0,0,0.0,0.00,0.0,0,0,0
3985767248,智R搜索-mumusays-AGXI-系统-26.3.11-达人直投,被计划暂停,审核通过,搜索,商品7日总支付ROI,笔记（商品组件）,687624750000000013011d57,5f8e5c67000000000101e352,视频笔记,"67f62ea104afe30001b8d8ed,67eb97e85d35ce0001a96c29",智R搜索-达人合集-AGXI-系统-26.3.11-达人直投,179249064,2026-03-11 11:13:33,0.00,0,0,0.0%,0.0,0.0,0,0.00,0.0,0,0,0.0,0,0,0.0,0,0.0,0,0.0,0,0.0,0,0.0,0,0.0,0,0.0,0,0.0,0,0.0,0,0.0,0.00,0.0,0,0,0
3985767247,智R搜索-野生老板-AGXI-系统-26.3.11-达人直投,暂停,审核通过,搜索,商品7日总支付ROI,笔记（商品组件）,691e839d000000001b03065f,61c47223000000001000d751,视频笔记,"67f62ea104afe30001b8d8ed,67eb97e85d35ce0001a96c29",智R搜索-达人合集-AGXI-系统-26.3.11-达人直投,179249064,2026-03-11 11:13:33,0.00,0,0,0.0%,0.0,0.0,0,0.00,0.0,0,0,0.0,0,0,0.0,0,0.0,0,0.0,0,0.0,0,0.0,0,0.0,0,0.0,0,0.0,0,0.0,0,0.0,0.00,0.0,0,0,0
3985767246,智R搜索-君君来啦-AGXI-系统-26.3.11-达人直投,被计划暂停,审核通过,搜索,商品7日总支付ROI,笔记（商品组件）,692e9bcb000000001e0098ec,63ccb44700000000260068ba,图文笔记,"67f62ea104afe30001b8d8ed,67eb97e85d35ce0001a96c29",智R搜索-达人合集-AGXI-系统-26.3.11-达人直投,179249064,2026-03-11 11:13:33,0.00,0,0,0.0%,0.0,0.0,0,0.00,0.0,0,0,0.0,0,0,0.0,0,0.0,0,0.0,0,0.0,0,0.0,0,0.0,0,0.0,0,0.0,0,0.0,0,0.0,0.00,0.0,0,0,0
3985757166,智R托管-每天一支-AGXI-定向-26.3.11,暂停,审核通过,通投,商品7日总支付ROI,笔记（商品组件）,698d493b000000000d0095bc,59cde3b9db2e6029a99da214,图文笔记,"67f62ea104afe30001b8d8ed,67eb97e85d35ce0001a96c29",智R托管-合集-AGXI-定向-26.3.11,179265164,2026-03-11 11:08:41,0.00,0,0,0.0%,0.0,0.0,0,0.00,0.0,0,0,0.0,0,0,0.0,0,0.0,0,0.0,0,0.0,0,0.0,0,0.0,0,0.0,0,0.0,0,0.0,0,0.0,0.00,0.0,0,0,0
3985757165,智R托管-底层逻辑-AGXI-定向-26.3.11,暂停,审核通过,通投,商品7日总支付ROI,笔记（商品组件）,699ffc5a000000001a025f61,59cde3b9db2e6029a99da214,图文笔记,"67f62ea104afe30001b8d8ed,67eb97e85d35ce0001a96c29",智R托管-合集-AGXI-定向-26.3.11,179265164,2026-03-11 11:08:41,0.00,0,0,0.0%,0.0,0.0,0,0.00,0.0,0,0,0.0,0,0,0.0,0,0.0,0,0.0,0,0.0,0,0.0,0,0.0,0,0.0,0,0.0,0,0.0,0,0.0,0.00,0.0,0,0,0
3985757164,智R托管-抗糖给-AGXI-定向-26.3.11,暂停,审核通过,通投,商品7日总支付ROI,笔记（商品组件）,69a8e557000000001a01c612,59cde3b9db2e6029a99da214,视频笔记,"67f62ea104afe30001b8d8ed,67eb97e85d35ce0001a96c29",智R托管-合集-AGXI-定向-26.3.11,179265164,2026-03-11 11:08:41,0.00,0,0,0.0%,0.0,0.0,0,0.00,0.0,0,0,0.0,0,0,0.0,0,0.0,0,0.0,0,0.0,0,0.0,0,0.0,0,0.0,0,0.0,0,0.0,0,0.0,0.00,0.0,0,0,0
3985757163,智R托管-张馨予24-AGXI-定向-26.3.11,暂停,审核通过,通投,商品7日总支付ROI,笔记（商品组件）,68ea00c3000000000402bba1,59cde3b9db2e6029a99da214,图文笔记,"67f62ea104afe30001b8d8ed,67eb97e85d35ce0001a96c29",智R托管-合集-AGXI-定向-26.3.11,179265164,2026-03-11 11:08:41,0.00,0,0,0.0%,0.0,0.0,0,0.00,0.0,0,0,0.0,0,0,0.0,0,0.0,0,0.0,0,0.0,0,0.0,0,0.0,0,0.0,0,0.0,0,0.0,0,0.0,0.00,0.0,0,0,0
3985757162,智R托管-天打卡-AGXI-定向-26.3.11,暂停,审核通过,通投,商品7日总支付ROI,笔记（商品组件）,695b208f0000000022022aae,59cde3b9db2e6029a99da214,视频笔记,"67f62ea104afe30001b8d8ed,67eb97e85d35ce0001a96c29",智R托管-合集-AGXI-定向-26.3.11,179265164,2026-03-11 11:08:41,0.00,0,0,0.0%,0.0,0.0,0,0.00,0.0,0,0,0.0,0,0,0.0,0,0.0,0,0.0,0,0.0,0,0.0,0,0.0,0,0.0,0,0.0,0,0.0,0,0.0,0.00,0.0,0,0,0
3985757161,智R托管-年底变美-AGXI-定向-26.3.11,暂停,审核通过,通投,商品7日总支付ROI,笔记（商品组件）,695f14e1000000001a02f0a7,59cde3b9db2e6029a99da214,图文笔记,"67f62ea104afe30001b8d8ed,67eb97e85d35ce0001a96c29",智R托管-合集-AGXI-定向-26.3.11,179265164,2026-03-11 11:08:41,0.00,0,0,0.0%,0.0,0.0,0,0.00,0.0,0,0,0.0,0,0,0.0,0,0.0,0,0.0,0,0.0,0,0.0,0,0.0,0,0.0,0,0.0,0,0.0,0,0.0,0.00,0.0,0,0,0
3985599835,智R托管-逆袭上镜-新X白-系统-26.3.11,暂停,审核通过,通投,商品7日总支付ROI,笔记（商品组件）,697c444a000000002802347b,59cde3b9db2e6029a99da214,图文笔记,"67f6247db2c30c00015cbc5d,6858efa562560900014a4305",智R托管-合集-新X白-系统-26.3.11,179244310,2026-03-11 11:02:12,0.00,0,0,0.0%,0.0,0.0,0,0.00,0.0,0,0,0.0,0,0,0.0,0,0.0,0,0.0,0,0.0,0,0.0,0,0.0,0,0.0,0,0.0,0,0.0,0,0.0,0.00,0.0,0,0,0
3985599834,智R托管-喝法错-新X白-系统-26.3.11,暂停,审核通过,通投,商品7日总支付ROI,笔记（商品组件）,69a28cf9000000002202f383,59cde3b9db2e6029a99da214,图文笔记,"67f6247db2c30c00015cbc5d,6858efa562560900014a4305",智R托管-合集-新X白-系统-26.3.11,179244310,2026-03-11 11:02:12,0.00,0,0,0.0%,0.0,0.0,0,0.00,0.0,0,0,0.0,0,0,0.0,0,0.0,0,0.0,0,0.0,0,0.0,0,0.0,0,0.0,0,0.0,0,0.0,0,0.0,0.00,0.0,0,0,0
3985599833,智R托管-调绝了-新X白-系统-26.3.11,暂停,审核通过,通投,商品7日总支付ROI,笔记（商品组件）,696edf90000000000e00d045,59cde3b9db2e6029a99da214,视频笔记,"67f6247db2c30c00015cbc5d,6858efa562560900014a4305",智R托管-合集-新X白-系统-26.3.11,179244310,2026-03-11 11:02:12,0.00,0,0,0.0%,0.0,0.0,0,0.00,0.0,0,0,0.0,0,0,0.0,0,0.0,0,0.0,0,0.0,0,0.0,0,0.0,0,0.0,0,0.0,0,0.0,0,0.0,0.00,0.0,0,0,0
3985599832,智R托管-实现大-新X白-系统-26.3.11,暂停,审核通过,通投,商品7日总支付ROI,笔记（商品组件）,67ecf570000000001b03db8b,59cde3b9db2e6029a99da214,图文笔记,"67f6247db2c30c00015cbc5d,6858efa562560900014a4305",智R托管-合集-新X白-系统-26.3.11,179244310,2026-03-11 11:02:12,0.00,0,0,0.0%,0.0,0.0,0,0.00,0.0,0,0,0.0,0,0,0.0,0,0.0,0,0.0,0,0.0,0,0.0,0,0.0,0,0.0,0,0.0,0,0.0,0,0.0,0.00,0.0,0,0,0
3974246588,智R托管-金富江Kimdelvey-光感白肌饮-系统-26.3.10-达人直投,被计划暂停,审核通过,通投,商品7日总支付ROI,笔记（商品组件）,69aa8d74000000001a035743,5b877f40304bcc0001af2845,视频笔记,"67bd894629b9f70001b66fed,67a96f5af4fe140001803e33",智R托管-金富江Kimdelvey-光感白肌饮-系统-26.3.10-达人直投,179003950,2026-03-10 09:05:45,0.00,0,0,0.0%,0.0,0.0,0,0.00,0.0,0,0,0.0,0,0,0.0,0,0.0,0,0.0,0,0.0,0,0.0,0,0.0,0,0.0,0,0.0,0,0.0,0,0.0,0.00,0.0,0,0,0
3931289362,智R托管-胡斑-光感白肌饮-系统-26.3.5-达人直投,暂停,审核通过,通投,商品7日总支付ROI,笔记（商品组件）,699eaac6000000002602cb61,5aae1a26e8ac2b78e5d667f0,视频笔记,"67bd894629b9f70001b66fed,67a96f5af4fe140001803e33",智R托管-达人合集-光感白肌饮-系统-26.3.5-达人直投,178113732,2026-03-05 18:02:16,0.00,0,0,0.0%,0.0,0.0,0,0.00,0.0,0,0,0.0,0,0,0.0,0,0.0,0,0.0,0,0.0,0,0.0,0,0.0,0,0.0,0,0.0,0,0.0,0,0.0,0.00,0.0,0,0,0
3931289361,智R托管-吃口抹茶-光感白肌饮-系统-26.3.5-达人直投,暂停,审核通过,通投,商品7日总支付ROI,笔记（商品组件）,6989a9f9000000000e00fabc,6697650100000000030339d9,图文笔记,"67bd894629b9f70001b66fed,67a96f5af4fe140001803e33",智R托管-达人合集-光感白肌饮-系统-26.3.5-达人直投,178113732,2026-03-05 18:02:16,0.00,0,0,0.0%,0.0,0.0,0,0.00,0.0,0,0,0.0,0,0,0.0,0,0.0,0,0.0,0,0.0,0,0.0,0,0.0,0,0.0,0,0.0,0,0.0,0,0.0,0.00,0.0,0,0,0
3931289360,智R托管-Alice-光感白肌饮-系统-26.3.5-达人直投,暂停,审核通过,通投,商品7日总支付ROI,笔记（商品组件）,698d9c1a000000000a028312,5c6294fa00000000120058f8,视频笔记,"67bd894629b9f70001b66fed,67a96f5af4fe140001803e33",智R托管-达人合集-光感白肌饮-系统-26.3.5-达人直投,178113732,2026-03-05 18:02:16,0.00,0,0,0.0%,0.0,0.0,0,0.00,0.0,0,0,0.0,0,0,0.0,0,0.0,0,0.0,0,0.0,0,0.0,0,0.0,0,0.0,0,0.0,0,0.0,0,0.0,0.00,0.0,0,0,0
3931289359,智R托管-涩香猫-光感白肌饮-系统-26.3.5-达人直投,暂停,审核通过,通投,商品7日总支付ROI,笔记（商品组件）,698ac99e000000001d027344,5d0772ec000000001202c15c,图文笔记,"67bd894629b9f70001b66fed,67a96f5af4fe140001803e33",智R托管-达人合集-光感白肌饮-系统-26.3.5-达人直投,178113732,2026-03-05 18:02:16,0.00,0,0,0.0%,0.0,0.0,0,0.00,0.0,0,0,0.0,0,0,0.0,0,0.0,0,0.0,0,0.0,0,0.0,0,0.0,0,0.0,0,0.0,0,0.0,0,0.0,0.00,0.0,0,0,0
3931289358,智R托管-阿豆dodo-光感白肌饮-系统-26.3.5-达人直投,有效,审核通过,通投,商品7日总支付ROI,笔记（商品组件）,69917731000000000e03d569,635159a2000000001802ccbc,图文笔记,"67bd894629b9f70001b66fed,67a96f5af4fe140001803e33",智R托管-达人合集-光感白肌饮-系统-26.3.5-达人直投,178113732,2026-03-05 18:02:16,2.18,71,1,1.41%,2.18,30.7,0,0.00,0.0,0,0,0.0,0,0,0.0,1,2.18,0,0.0,0,0.0,0.0,0.0,0,0.0,0.0,0.0,0,0.0,0.0,0.0,0,0.0,0.00,0.0,1,0,0.0
3931289357,智R托管-Cici一家-光感白肌饮-系统-26.3.5-达人直投,暂停,审核通过,通投,商品7日总支付ROI,笔记（商品组件）,698d57cc000000001a02bc58,5aab4b5c4eacab3b670728ae,视频笔记,"67bd894629b9f70001b66fed,67a96f5af4fe140001803e33",智R托管-达人合集-光感白肌饮-系统-26.3.5-达人直投,178113732,2026-03-05 18:02:16,0.00,0,0,0.0%,0.0,0.0,0,0.00,0.0,0,0,0.0,0,0,0.0,0,0.0,0,0.0,0,0.0,0,0.0,0,0.0,0,0.0,0,0.0,0,0.0,0,0.0,0.00,0.0,0,0,0
3931289356,智R托管-郑小璐-光感白肌饮-系统-26.3.5-达人直投,有效,审核通过,通投,商品7日总支付ROI,笔记（商品组件）,69906423000000001d0123c3,5a3fc364e8ac2b1a8a0ed0fe,视频笔记,"67bd894629b9f70001b66fed,67a96f5af4fe140001803e33",智R托管-达人合集-光感白肌饮-系统-26.3.5-达人直投,178113732,2026-03-05 18:02:16,0.05,16,0,0.0%,0.0,3.13,0,0.00,0.0,0,0,0.0,0,0,0.0,0,0.0,0,0.0,0,0.0,0.0,0.0,0,0.0,0.0,0.0,0,0.0,0.0,0.0,0,0.0,0.00,0.0,0,0,0.0
3931289355,智R托管-超爱买的圆圆-光感白肌饮-系统-26.3.5-达人直投,暂停,审核通过,通投,商品7日总支付ROI,笔记（商品组件）,698ad148000000001d025e6c,5996e48882ec394eb18fbfee,图文笔记,"67bd894629b9f70001b66fed,67a96f5af4fe140001803e33",智R托管-达人合集-光感白肌饮-系统-26.3.5-达人直投,178113732,2026-03-05 18:02:16,0.00,0,0,0.0%,0.0,0.0,0,0.00,0.0,0,0,0.0,0,0,0.0,0,0.0,0,0.0,0,0.0,0,0.0,0,0.0,0,0.0,0,0.0,0,0.0,0,0.0,0.00,0.0,0,0,0
3931289354,智R托管-Vicciiy-光感白肌饮-系统-26.3.5-达人直投,暂停,审核通过,通投,商品7日总支付ROI,笔记（商品组件）,698d8071000000000a033b0e,58ef837e6a6a691cedd08215,视频笔记,"67bd894629b9f70001b66fed,67a96f5af4fe140001803e33",智R托管-达人合集-光感白肌饮-系统-26.3.5-达人直投,178113732,2026-03-05 18:02:16,0.00,0,0,0.0%,0.0,0.0,0,0.00,0.0,0,0,0.0,0,0,0.0,0,0.0,0,0.0,0,0.0,0,0.0,0,0.0,0,0.0,0,0.0,0,0.0,0,0.0,0.00,0.0,0,0,0
3931289353,智R托管-偷走你的98K-光感白肌饮-系统-26.3.5-达人直投,暂停,审核通过,通投,商品7日总支付ROI,笔记（商品组件）,698c2af10000000028023df3,5901ea6a50c4b46ce1182469,视频笔记,"67bd894629b9f70001b66fed,67a96f5af4fe140001803e33",智R托管-达人合集-光感白肌饮-系统-26.3.5-达人直投,178113732,2026-03-05 18:02:16,0.00,0,0,0.0%,0.0,0.0,0,0.00,0.0,0,0,0.0,0,0,0.0,0,0.0,0,0.0,0,0.0,0,0.0,0,0.0,0,0.0,0,0.0,0,0.0,0,0.0,0.00,0.0,0,0,0
3931289352,智R托管-雨伞wisa-光感白肌饮-系统-26.3.5-达人直投,暂停,审核通过,通投,商品7日总支付ROI,笔记（商品组件）,698c39060000000015021937,5b00ff5211be101757747538,图文笔记,"67bd894629b9f70001b66fed,67a96f5af4fe140001803e33",智R托管-达人合集-光感白肌饮-系统-26.3.5-达人直投,178113732,2026-03-05 18:02:16,0.00,0,0,0.0%,0.0,0.0,0,0.00,0.0,0,0,0.0,0,0,0.0,0,0.0,0,0.0,0,0.0,0,0.0,0,0.0,0,0.0,0,0.0,0,0.0,0,0.0,0.00,0.0,0,0,0
3931289351,智R托管-羊小鱼-光感白肌饮-系统-26.3.5-达人直投,有效,审核通过,通投,商品7日总支付ROI,笔记（商品组件）,6985b77b000000000c037f98,59cca8ab6eea88546317628e,图文笔记,"67bd894629b9f70001b66fed,67a96f5af4fe140001803e33",智R托管-达人合集-光感白肌饮-系统-26.3.5-达人直投,178113732,2026-03-05 18:02:16,0.00,15,0,0.0%,0.0,0.0,0,0.00,0.0,0,0,0.0,0,0,0.0,0,0.0,0,0.0,0,0.0,0.0,0.0,0,0.0,0.0,0.0,0,0.0,0.0,0.0,0,0.0,0.00,0.0,0,0,0.0
3931289350,智R托管-Faye发发-光感白肌饮-系统-26.3.5-达人直投,暂停,审核通过,通投,商品7日总支付ROI,笔记（商品组件）,698576c9000000000a031c9e,65924e500000000022001c6c,图文笔记,"67bd894629b9f70001b66fed,67a96f5af4fe140001803e33",智R托管-达人合集-光感白肌饮-系统-26.3.5-达人直投,178113732,2026-03-05 18:02:16,0.00,0,0,0.0%,0.0,0.0,0,0.00,0.0,0,0,0.0,0,0,0.0,0,0.0,0,0.0,0,0.0,0,0.0,0,0.0,0,0.0,0,0.0,0,0.0,0,0.0,0.00,0.0,0,0,0
3931289349,智R托管-么舀-光感白肌饮-系统-26.3.5-达人直投,暂停,审核通过,通投,商品7日总支付ROI,笔记（商品组件）,69859461000000000b010e1a,5b6b054e5adbba00012154b4,视频笔记,"67bd894629b9f70001b66fed,67a96f5af4fe140001803e33",智R托管-达人合集-光感白肌饮-系统-26.3.5-达人直投,178113732,2026-03-05 18:02:16,0.00,0,0,0.0%,0.0,0.0,0,0.00,0.0,0,0,0.0,0,0,0.0,0,0.0,0,0.0,0,0.0,0,0.0,0,0.0,0,0.0,0,0.0,0,0.0,0,0.0,0.00,0.0,0,0,0
3931289348,智R托管-一枚ovo-光感白肌饮-系统-26.3.5-达人直投,暂停,审核通过,通投,商品7日总支付ROI,笔记（商品组件）,6985a67c000000000e03c942,647d9069000000002a037d4f,图文笔记,"67bd894629b9f70001b66fed,67a96f5af4fe140001803e33",智R托管-达人合集-光感白肌饮-系统-26.3.5-达人直投,178113732,2026-03-05 18:02:16,0.00,0,0,0.0%,0.0,0.0,0,0.00,0.0,0,0,0.0,0,0,0.0,0,0.0,0,0.0,0,0.0,0,0.0,0,0.0,0,0.0,0,0.0,0,0.0,0,0.0,0.00,0.0,0,0,0
3931289347,智R托管-苏苏的备婚日记-光感白肌饮-系统-26.3.5-达人直投,暂停,审核通过,通投,商品7日总支付ROI,笔记（商品组件）,6985b9a7000000000c034d09,60c02fad000000000100b8c6,图文笔记,"67bd894629b9f70001b66fed,67a96f5af4fe140001803e33",智R托管-达人合集-光感白肌饮-系统-26.3.5-达人直投,178113732,2026-03-05 18:02:16,0.00,0,0,0.0%,0.0,0.0,0,0.00,0.0,0,0,0.0,0,0,0.0,0,0.0,0,0.0,0,0.0,0,0.0,0,0.0,0,0.0,0,0.0,0,0.0,0,0.0,0.00,0.0,0,0,0
3931289346,智R托管-安橘化妆师-光感白肌饮-系统-26.3.5-达人直投,暂停,审核通过,通投,商品7日总支付ROI,笔记（商品组件）,698315de000000000903a9b2,60619fb70000000001004235,视频笔记,"67bd894629b9f70001b66fed,67a96f5af4fe140001803e33",智R托管-达人合集-光感白肌饮-系统-26.3.5-达人直投,178113732,2026-03-05 18:02:16,0.00,0,0,0.0%,0.0,0.0,0,0.00,0.0,0,0,0.0,0,0,0.0,0,0.0,0,0.0,0,0.0,0,0.0,0,0.0,0,0.0,0,0.0,0,0.0,0,0.0,0.00,0.0,0,0,0
3931289345,智R托管-雪莲-光感白肌饮-系统-26.3.5-达人直投,暂停,审核通过,通投,商品7日总支付ROI,笔记（商品组件）,6982c44e000000002203062a,6727651e000000001d02f062,图文笔记,"67bd894629b9f70001b66fed,67a96f5af4fe140001803e33",智R托管-达人合集-光感白肌饮-系统-26.3.5-达人直投,178113732,2026-03-05 18:02:16,0.00,0,0,0.0%,0.0,0.0,0,0.00,0.0,0,0,0.0,0,0,0.0,0,0.0,0,0.0,0,0.0,0,0.0,0,0.0,0,0.0,0,0.0,0,0.0,0,0.0,0.00,0.0,0,0,0
3931289344,智R托管-小绿-光感白肌饮-系统-26.3.5-达人直投,有效,审核通过,通投,商品7日总支付ROI,笔记（商品组件）,6982bd03000000000a033508,5b21ce8111be1023635032a1,图文笔记,"67bd894629b9f70001b66fed,67a96f5af4fe140001803e33",智R托管-达人合集-光感白肌饮-系统-26.3.5-达人直投,178113732,2026-03-05 18:02:16,6.69,18,3,16.67%,2.23,371.67,0,0.00,0.0,0,0,0.0,0,0,0.0,0,0.0,0,0.0,0,0.0,0.0,0.0,0,0.0,0.0,0.0,0,0.0,0.0,0.0,0,0.0,0.00,0.0,0,0,0.0
3931289343,智R托管-留学刘亦菲-光感白肌饮-系统-26.3.5-达人直投,有效,审核通过,通投,商品7日总支付ROI,笔记（商品组件）,6978803b000000000b01106e,5ba4cc01bcc1190001633092,视频笔记,"67bd894629b9f70001b66fed,67a96f5af4fe140001803e33",智R托管-达人合集-光感白肌饮-系统-26.3.5-达人直投,178113732,2026-03-05 18:02:16,4.29,22,0,0.0%,0.0,195.0,0,0.00,0.0,0,0,0.0,0,0,0.0,0,0.0,0,0.0,0,0.0,0.0,0.0,0,0.0,0.0,0.0,0,0.0,0.0,0.0,0,0.0,0.00,0.0,0,0,0.0
3931289342,智R托管-Jeintongttt-光感白肌饮-系统-26.3.5-达人直投,暂停,审核通过,通投,商品7日总支付ROI,笔记（商品组件）,69787417000000000a02e7f9,58396af182ec390bf06dc0d9,视频笔记,"67bd894629b9f70001b66fed,67a96f5af4fe140001803e33",智R托管-达人合集-光感白肌饮-系统-26.3.5-达人直投,178113732,2026-03-05 18:02:16,0.00,0,0,0.0%,0.0,0.0,0,0.00,0.0,0,0,0.0,0,0,0.0,0,0.0,0,0.0,0,0.0,0,0.0,0,0.0,0,0.0,0,0.0,0,0.0,0,0.0,0.00,0.0,0,0,0
3931289341,智R托管-enzo小丁-光感白肌饮-系统-26.3.5-达人直投,有效,审核通过,通投,商品7日总支付ROI,笔记（商品组件）,69772fea000000000a03e0e1,555a6217484fb6048bbce787,视频笔记,"67bd894629b9f70001b66fed,67a96f5af4fe140001803e33",智R托管-达人合集-光感白肌饮-系统-26.3.5-达人直投,178113732,2026-03-05 18:02:16,0.17,12,0,0.0%,0.0,14.17,0,0.00,0.0,0,0,0.0,0,0,0.0,0,0.0,0,0.0,0,0.0,0.0,0.0,0,0.0,0.0,0.0,0,0.0,0.0,0.0,0,0.0,0.00,0.0,0,0,0.0
3931289340,智R托管-花er-光感白肌饮-系统-26.3.5-达人直投,暂停,审核通过,通投,商品7日总支付ROI,笔记（商品组件）,6976df6a000000002800a5fc,5b36aac311be10236a2a8d8b,图文笔记,"67bd894629b9f70001b66fed,67a96f5af4fe140001803e33",智R托管-达人合集-光感白肌饮-系统-26.3.5-达人直投,178113732,2026-03-05 18:02:16,0.00,0,0,0.0%,0.0,0.0,0,0.00,0.0,0,0,0.0,0,0,0.0,0,0.0,0,0.0,0,0.0,0,0.0,0,0.0,0,0.0,0,0.0,0,0.0,0,0.0,0.00,0.0,0,0,0
3931289339,智R托管-我不杀猪了-光感白肌饮-系统-26.3.5-达人直投,暂停,审核通过,通投,商品7日总支付ROI,笔记（商品组件）,6977289f0000000022009788,578f77d35e87e7232f618a04,视频笔记,"67bd894629b9f70001b66fed,67a96f5af4fe140001803e33",智R托管-达人合集-光感白肌饮-系统-26.3.5-达人直投,178113732,2026-03-05 18:02:16,0.00,0,0,0.0%,0.0,0.0,0,0.00,0.0,0,0,0.0,0,0,0.0,0,0.0,0,0.0,0,0.0,0,0.0,0,0.0,0,0.0,0,0.0,0,0.0,0,0.0,0.00,0.0,0,0,0
3926374047,智R托管-guo33333333-AGXI-定向-26.3.5-达人直投,被计划暂停,审核通过,通投,商品7日总支付ROI,笔记（商品组件）,68760db0000000000b01cf63,570115c284edcd6fe657a255,视频笔记,"67f62ea104afe30001b8d8ed,67eb97e85d35ce0001a96c29",智R托管-合集-AGXI-定向-26.3.5-达人直投,177957818,2026-03-05 10:27:00,0.00,0,0,0.0%,0.0,0.0,0,0.00,0.0,0,0,0.0,0,0,0.0,0,0.0,0,0.0,0,0.0,0,0.0,0,0.0,0,0.0,0,0.0,0,0.0,0,0.0,0.00,0.0,0,0,0
3926374046,智R托管-一口冰糖-AGXI-定向-26.3.5-达人直投,被计划暂停,审核通过,通投,商品7日总支付ROI,笔记（商品组件）,6954c919000000002103de91,6895f2a8000000002800efb3,视频笔记,"67f62ea104afe30001b8d8ed,67eb97e85d35ce0001a96c29",智R托管-合集-AGXI-定向-26.3.5-达人直投,177957818,2026-03-05 10:27:00,0.00,0,0,0.0%,0.0,0.0,0,0.00,0.0,0,0,0.0,0,0,0.0,0,0.0,0,0.0,0,0.0,0,0.0,0,0.0,0,0.0,0,0.0,0,0.0,0,0.0,0.00,0.0,0,0,0
3926374045,智R托管-野生老板-AGXI-定向-26.3.5-达人直投,暂停,审核通过,通投,商品7日总支付ROI,笔记（商品组件）,691e839d000000001b03065f,61c47223000000001000d751,视频笔记,"67f62ea104afe30001b8d8ed,67eb97e85d35ce0001a96c29",智R托管-合集-AGXI-定向-26.3.5-达人直投,177957818,2026-03-05 10:27:00,0.00,0,0,0.0%,0.0,0.0,0,0.00,0.0,0,0,0.0,0,0,0.0,0,0.0,0,0.0,0,0.0,0,0.0,0,0.0,0,0.0,0,0.0,0,0.0,0,0.0,0.00,0.0,0,0,0
3926374044,智R托管-时髦精清新-AGXI-定向-26.3.5-达人直投,暂停,审核通过,通投,商品7日总支付ROI,笔记（商品组件）,6941235a000000001e014390,5a7439534eacab12036ba9fb,视频笔记,"67f62ea104afe30001b8d8ed,67eb97e85d35ce0001a96c29",智R托管-合集-AGXI-定向-26.3.5-达人直投,177957818,2026-03-05 10:27:00,0.00,0,0,0.0%,0.0,0.0,0,0.00,0.0,0,0,0.0,0,0,0.0,0,0.0,0,0.0,0,0.0,0,0.0,0,0.0,0,0.0,0,0.0,0,0.0,0,0.0,0.00,0.0,0,0,0
3926374043,智R托管-君君来啦-AGXI-定向-26.3.5-达人直投,被计划暂停,审核通过,通投,商品7日总支付ROI,笔记（商品组件）,692e9bcb000000001e0098ec,63ccb44700000000260068ba,图文笔记,"67f62ea104afe30001b8d8ed,67eb97e85d35ce0001a96c29",智R托管-合集-AGXI-定向-26.3.5-达人直投,177957818,2026-03-05 10:27:00,0.00,0,0,0.0%,0.0,0.0,0,0.00,0.0,0,0,0.0,0,0,0.0,0,0.0,0,0.0,0,0.0,0,0.0,0,0.0,0,0.0,0,0.0,0,0.0,0,0.0,0.00,0.0,0,0,0
3926374042,智R托管-美丽小玉-AGXI-定向-26.3.5-达人直投,被计划暂停,审核通过,通投,商品7日总支付ROI,笔记（商品组件）,69297a20000000001e0103f8,5b51c15ae8ac2b42933a7fb3,图文笔记,"67f62ea104afe30001b8d8ed,67eb97e85d35ce0001a96c29",智R托管-合集-AGXI-定向-26.3.5-达人直投,177957818,2026-03-05 10:27:00,0.00,0,0,0.0%,0.0,0.0,0,0.00,0.0,0,0,0.0,0,0,0.0,0,0.0,0,0.0,0,0.0,0,0.0,0,0.0,0,0.0,0,0.0,0,0.0,0,0.0,0.00,0.0,0,0,0
3926386687,智R托管-铁板了-AGXI-定向-26.3.5,暂停,审核通过,通投,商品7日总支付ROI,笔记（商品组件）,69425626000000001e02b0ac,59cde3b9db2e6029a99da214,视频笔记,"67eb97e85d35ce0001a96c29,67f62ea104afe30001b8d8ed",智R托管-合集-AGXI-定向-26.3.5,177951866,2026-03-05 10:14:44,0.00,0,0,0.0%,0.0,0.0,0,0.00,0.0,0,0,0.0,0,0,0.0,0,0.0,0,0.0,0,0.0,0,0.0,0,0.0,0,0.0,0,0.0,0,0.0,0,0.0,0.00,0.0,0,0,0
3926386686,智R托管-年轻怎-AGXI-定向-26.3.5,被计划暂停,审核通过,通投,商品7日总支付ROI,笔记（商品组件）,698172d1000000002801e246,59cde3b9db2e6029a99da214,图文笔记,"67eb97e85d35ce0001a96c29,67f62ea104afe30001b8d8ed",智R托管-合集-AGXI-定向-26.3.5,177951866,2026-03-05 10:14:44,0.00,0,0,0.0%,0.0,0.0,0,0.00,0.0,0,0,0.0,0,0,0.0,0,0.0,0,0.0,0,0.0,0,0.0,0,0.0,0,0.0,0,0.0,0,0.0,0,0.0,0.00,0.0,0,0,0
3926386685,智R托管-每天一支-AGXI-定向-26.3.5,被计划暂停,审核通过,通投,商品7日总支付ROI,笔记（商品组件）,698d493b000000000d0095bc,59cde3b9db2e6029a99da214,图文笔记,"67eb97e85d35ce0001a96c29,67f62ea104afe30001b8d8ed",智R托管-合集-AGXI-定向-26.3.5,177951866,2026-03-05 10:14:44,0.00,0,0,0.0%,0.0,0.0,0,0.00,0.0,0,0,0.0,0,0,0.0,0,0.0,0,0.0,0,0.0,0,0.0,0,0.0,0,0.0,0,0.0,0,0.0,0,0.0,0.00,0.0,0,0,0
3926386684,智R托管-素颜杀-AGXI-定向-26.3.5,被计划暂停,审核通过,通投,商品7日总支付ROI,笔记（商品组件）,690c4a8f0000000005001713,59cde3b9db2e6029a99da214,图文笔记,"67eb97e85d35ce0001a96c29,67f62ea104afe30001b8d8ed",智R托管-合集-AGXI-定向-26.3.5,177951866,2026-03-05 10:14:44,0.00,0,0,0.0%,0.0,0.0,0,0.00,0.0,0,0,0.0,0,0,0.0,0,0.0,0,0.0,0,0.0,0,0.0,0,0.0,0,0.0,0,0.0,0,0.0,0,0.0,0.00,0.0,0,0,0
3926386683,智R托管-这一件事-AGXI-定向-26.3.5,暂停,审核通过,通投,商品7日总支付ROI,笔记（商品组件）,6969f257000000000e00fe9a,59cde3b9db2e6029a99da214,图文笔记,"67eb97e85d35ce0001a96c29,67f62ea104afe30001b8d8ed",智R托管-合集-AGXI-定向-26.3.5,177951866,2026-03-05 10:14:44,0.00,0,0,0.0%,0.0,0.0,0,0.00,0.0,0,0,0.0,0,0,0.0,0,0.0,0,0.0,0,0.0,0,0.0,0,0.0,0,0.0,0,0.0,0,0.0,0,0.0,0.00,0.0,0,0,0
3926386682,智R托管-天打卡-AGXI-定向-26.3.5,暂停,审核通过,通投,商品7日总支付ROI,笔记（商品组件）,695b208f0000000022022aae,59cde3b9db2e6029a99da214,视频笔记,"67eb97e85d35ce0001a96c29,67f62ea104afe30001b8d8ed",智R托管-合集-AGXI-定向-26.3.5,177951866,2026-03-05 10:14:44,0.00,0,0,0.0%,0.0,0.0,0,0.00,0.0,0,0,0.0,0,0,0.0,0,0.0,0,0.0,0,0.0,0,0.0,0,0.0,0,0.0,0,0.0,0,0.0,0,0.0,0.00,0.0,0,0,0
3926386681,智R托管-不如喝-AGXI-定向-26.3.5,暂停,不满足审核条件,通投,商品7日总支付ROI,笔记（商品组件）,6940bd4d000000001e00d771,59cde3b9db2e6029a99da214,视频笔记,"67eb97e85d35ce0001a96c29,67f62ea104afe30001b8d8ed",智R托管-合集-AGXI-定向-26.3.5,177951866,2026-03-05 10:14:44,0.00,0,0,0.0%,0.0,0.0,0,0.00,0.0,0,0,0.0,0,0,0.0,0,0.0,0,0.0,0,0.0,0,0.0,0,0.0,0,0.0,0,0.0,0,0.0,0,0.0,0.00,0.0,0,0,0
3926386680,智R托管-年底变美-AGXI-定向-26.3.5,暂停,审核通过,通投,商品7日总支付ROI,笔记（商品组件）,695f14e1000000001a02f0a7,59cde3b9db2e6029a99da214,图文笔记,"67eb97e85d35ce0001a96c29,67f62ea104afe30001b8d8ed",智R托管-合集-AGXI-定向-26.3.5,177951866,2026-03-05 10:14:44,0.00,0,0,0.0%,0.0,0.0,0,0.00,0.0,0,0,0.0,0,0,0.0,0,0.0,0,0.0,0,0.0,0,0.0,0,0.0,0,0.0,0,0.0,0,0.0,0,0.0,0.00,0.0,0,0,0
3865547675,智R托管-一只大尚尚-塑颜饮-系统-26.2.26-达人直投,被计划暂停,审核通过,通投,商品7日总支付ROI,笔记（商品组件）,694bb79b000000001f00d3dd,5c1a7d87000000000700ffa1,视频笔记,"68a59525d3dd4d00012b6c02,68a5957036ab3b00019db5de",智R托管-优质合集-塑颜饮-系统-26.2.26-达人直投,176649937,2026-02-26 17:16:09,0.00,0,0,0.0%,0.0,0.0,0,0.00,0.0,0,0,0.0,0,0,0.0,0,0.0,0,0.0,0,0.0,0,0.0,0,0.0,0,0.0,0,0.0,0,0.0,0,0.0,0.00,0.0,0,0,0
3865547674,智R托管-橘子味橙子-塑颜饮-系统-26.2.26-达人直投,暂停,审核通过,通投,商品7日总支付ROI,笔记（商品组件）,695b90ec000000000d00b5c1,62dfd238000000001e01db3f,图文笔记,"68a59525d3dd4d00012b6c02,68a5957036ab3b00019db5de",智R托管-优质合集-塑颜饮-系统-26.2.26-达人直投,176649937,2026-02-26 17:16:09,0.00,0,0,0.0%,0.0,0.0,0,0.00,0.0,0,0,0.0,0,0,0.0,0,0.0,0,0.0,0,0.0,0,0.0,0,0.0,0,0.0,0,0.0,0,0.0,0,0.0,0.00,0.0,0,0,0
3865547673,智R托管-不愿意透露姓名的姐-塑颜饮-系统-26.2.26-达人直投,被计划暂停,审核通过,通投,商品7日总支付ROI,笔记（商品组件）,693fd3c0000000001e02640b,65d2c8ff000000000d024b0c,视频笔记,"68a59525d3dd4d00012b6c02,68a5957036ab3b00019db5de",智R托管-优质合集-塑颜饮-系统-26.2.26-达人直投,176649937,2026-02-26 17:16:09,0.00,0,0,0.0%,0.0,0.0,0,0.00,0.0,0,0,0.0,0,0,0.0,0,0.0,0,0.0,0,0.0,0,0.0,0,0.0,0,0.0,0,0.0,0,0.0,0,0.0,0.00,0.0,0,0,0
3865547672,智R托管-Ruiren蕤人-塑颜饮-系统-26.2.26-达人直投,被计划暂停,审核通过,通投,商品7日总支付ROI,笔记（商品组件）,6961d94f000000000a030aa2,59fa3f3c4eacab5cb162c630,视频笔记,"68a59525d3dd4d00012b6c02,68a5957036ab3b00019db5de",智R托管-优质合集-塑颜饮-系统-26.2.26-达人直投,176649937,2026-02-26 17:16:09,0.00,0,0,0.0%,0.0,0.0,0,0.00,0.0,0,0,0.0,0,0,0.0,0,0.0,0,0.0,0,0.0,0,0.0,0,0.0,0,0.0,0,0.0,0,0.0,0,0.0,0.00,0.0,0,0,0
3865547671,智R托管-小花椒椒-塑颜饮-系统-26.2.26-达人直投,被计划暂停,审核拒绝,通投,商品7日总支付ROI,笔记（商品组件）,6912c1d80000000007000cbd,6474db5d000000002a035f89,视频笔记,"68a59525d3dd4d00012b6c02,68a5957036ab3b00019db5de",智R托管-优质合集-塑颜饮-系统-26.2.26-达人直投,176649937,2026-02-26 17:16:09,0.00,0,0,0.0%,0.0,0.0,0,0.00,0.0,0,0,0.0,0,0,0.0,0,0.0,0,0.0,0,0.0,0,0.0,0,0.0,0,0.0,0,0.0,0,0.0,0,0.0,0.00,0.0,0,0,0
3861318387,智R托管-早紧致-新GQ-系统-26.2.26,暂停,审核通过,通投,商品7日总支付ROI,笔记（商品组件）,698c4bb8000000002802126d,59cde3b9db2e6029a99da214,视频笔记,"68a5964f36ab3b00019dc7f9,68c927a1c33f6100015e1578",智R托管-产出合集-新GQ-系统-26.2.26,176517724,2026-02-26 10:17:44,0.00,0,0,0.0%,0.0,0.0,0,0.00,0.0,0,0,0.0,0,0,0.0,0,0.0,0,0.0,0,0.0,0,0.0,0,0.0,0,0.0,0,0.0,0,0.0,0,0.0,0.00,0.0,0,0,0
3861318386,智R托管-解锁少女-新GQ-系统-26.2.26,被计划暂停,审核通过,通投,商品7日总支付ROI,笔记（商品组件）,6965ab4f000000001a025fb8,59cde3b9db2e6029a99da214,视频笔记,68a5964f36ab3b00019dc7f9,智R托管-产出合集-新GQ-系统-26.2.26,176517724,2026-02-26 10:17:44,0.00,0,0,0.0%,0.0,0.0,0,0.00,0.0,0,0,0.0,0,0,0.0,0,0.0,0,0.0,0,0.0,0,0.0,0,0.0,0,0.0,0,0.0,0,0.0,0,0.0,0.00,0.0,0,0,0
3846946872,智R搜索-半功倍-AGXI-系统-26.2.24,被计划暂停,审核通过,搜索,商品7日总支付ROI,笔记（商品组件）,693fd029000000001f00447a,59cde3b9db2e6029a99da214,图文笔记,"67f62ea104afe30001b8d8ed,67eb97e85d35ce0001a96c29",智R搜索-合集-AGXI-系统-26.2.24,176167594,2026-02-24 17:21:00,0.00,0,0,0.0%,0.0,0.0,0,0.00,0.0,0,0,0.0,0,0,0.0,0,0.0,0,0.0,0,0.0,0,0.0,0,0.0,0,0.0,0,0.0,0,0.0,0,0.0,0.00,0.0,0,0,0
3846946871,智R搜索-每天一支-AGXI-系统-26.2.24,被计划暂停,审核通过,搜索,商品7日总支付ROI,笔记（商品组件）,698d493b000000000d0095bc,59cde3b9db2e6029a99da214,图文笔记,"67f62ea104afe30001b8d8ed,67eb97e85d35ce0001a96c29",智R搜索-合集-AGXI-系统-26.2.24,176167594,2026-02-24 17:21:00,0.00,0,0,0.0%,0.0,0.0,0,0.00,0.0,0,0,0.0,0,0,0.0,0,0.0,0,0.0,0,0.0,0,0.0,0,0.0,0,0.0,0,0.0,0,0.0,0,0.0,0.00,0.0,0,0,0
3846946870,智R搜索-年底变美-AGXI-系统-26.2.24,暂停,审核通过,搜索,商品7日总支付ROI,笔记（商品组件）,695f14e1000000001a02f0a7,59cde3b9db2e6029a99da214,图文笔记,"67f62ea104afe30001b8d8ed,67eb97e85d35ce0001a96c29",智R搜索-合集-AGXI-系统-26.2.24,176167594,2026-02-24 17:21:00,0.00,0,0,0.0%,0.0,0.0,0,0.00,0.0,0,0,0.0,0,0,0.0,0,0.0,0,0.0,0,0.0,0,0.0,0,0.0,0,0.0,0,0.0,0,0.0,0,0.0,0.00,0.0,0,0,0
3846946869,智R搜索-天打卡-AGXI-系统-26.2.24,暂停,审核通过,搜索,商品7日总支付ROI,笔记（商品组件）,695b208f0000000022022aae,59cde3b9db2e6029a99da214,视频笔记,"67f62ea104afe30001b8d8ed,67eb97e85d35ce0001a96c29",智R搜索-合集-AGXI-系统-26.2.24,176167594,2026-02-24 17:21:00,0.00,0,0,0.0%,0.0,0.0,0,0.00,0.0,0,0,0.0,0,0,0.0,0,0.0,0,0.0,0,0.0,0,0.0,0,0.0,0,0.0,0,0.0,0,0.0,0,0.0,0.00,0.0,0,0,0
3846946868,智R搜索-君君来啦-AGXI-系统-26.2.24-达人直投,被计划暂停,审核通过,搜索,商品7日总支付ROI,笔记（商品组件）,692e9bcb000000001e0098ec,63ccb44700000000260068ba,图文笔记,"67f62ea104afe30001b8d8ed,67eb97e85d35ce0001a96c29",智R搜索-合集-AGXI-系统-26.2.24,176167594,2026-02-24 17:21:00,0.00,0,0,0.0%,0.0,0.0,0,0.00,0.0,0,0,0.0,0,0,0.0,0,0.0,0,0.0,0,0.0,0,0.0,0,0.0,0,0.0,0,0.0,0,0.0,0,0.0,0.00,0.0,0,0,0
3846946867,智R搜索-素颜杀-AGXI-系统-26.2.24,被计划暂停,审核通过,搜索,商品7日总支付ROI,笔记（商品组件）,690c4a8f0000000005001713,59cde3b9db2e6029a99da214,图文笔记,"67f62ea104afe30001b8d8ed,67eb97e85d35ce0001a96c29",智R搜索-合集-AGXI-系统-26.2.24,176167594,2026-02-24 17:21:00,0.00,0,0,0.0%,0.0,0.0,0,0.00,0.0,0,0,0.0,0,0,0.0,0,0.0,0,0.0,0,0.0,0,0.0,0,0.0,0,0.0,0,0.0,0,0.0,0,0.0,0.00,0.0,0,0,0
3844300777,智R托管-红眼病修勾-AGXI-系统-26.2.24-达人直投,暂停,审核通过,通投,商品7日总支付ROI,笔记（商品组件）,6985a702000000000d0086f7,5e894bbf0000000001008ca2,图文笔记,"67eb97e85d35ce0001a96c29,67f62ea104afe30001b8d8ed",智R托管-合集-AGXI-系统-26.2.24-达人直投,176104275,2026-02-24 11:54:26,0.00,0,0,0.0%,0.0,0.0,0,0.00,0.0,0,0,0.0,0,0,0.0,0,0.0,0,0.0,0,0.0,0,0.0,0,0.0,0,0.0,0,0.0,0,0.0,0,0.0,0.00,0.0,0,0,0
3844300776,智R托管-krysti是纯纯子-AGXI-系统-26.2.24-达人直投,暂停,审核通过,通投,商品7日总支付ROI,笔记（商品组件）,691e9b8e000000001e034c87,5a42270a11be106e4da8a4c9,视频笔记,"67eb97e85d35ce0001a96c29,67f62ea104afe30001b8d8ed",智R托管-合集-AGXI-系统-26.2.24-达人直投,176104275,2026-02-24 11:54:26,0.00,0,0,0.0%,0.0,0.0,0,0.00,0.0,0,0,0.0,0,0,0.0,0,0.0,0,0.0,0,0.0,0,0.0,0,0.0,0,0.0,0,0.0,0,0.0,0,0.0,0.00,0.0,0,0,0
3844300775,智R托管-野生老板-AGXI-系统-26.2.24-达人直投,有效,审核通过,通投,商品7日总支付ROI,笔记（商品组件）,691e839d000000001b03065f,61c47223000000001000d751,视频笔记,"67eb97e85d35ce0001a96c29,67f62ea104afe30001b8d8ed",智R托管-合集-AGXI-系统-26.2.24-达人直投,176104275,2026-02-24 11:54:26,41.57,64,6,9.38%,6.93,649.53,0,0.00,0.0,0,0,0.0,0,0,0.0,0,0.0,0,0.0,0,0.0,0.0,0.0,0,0.0,0.0,0.0,0,0.0,0.0,0.0,0,0.0,0.00,0.0,0,0,0.0
3844300774,智R托管-Ruiren蕤人-AGXI-系统-26.2.24-达人直投,有效,审核通过,通投,商品7日总支付ROI,笔记（商品组件）,690c4c850000000007023d0e,59fa3f3c4eacab5cb162c630,视频笔记,"67eb97e85d35ce0001a96c29,67f62ea104afe30001b8d8ed",智R托管-合集-AGXI-系统-26.2.24-达人直投,176104275,2026-02-24 11:54:26,0.00,6,0,0.0%,0.0,0.0,0,0.00,0.0,0,0,0.0,0,0,0.0,0,0.0,0,0.0,0,0.0,0.0,0.0,0,0.0,0.0,0.0,0,0.0,0.0,0.0,0,0.0,0.00,0.0,0,0,0.0
3844300773,智R托管-多莉-AGXI-系统-26.2.24-达人直投,暂停,审核通过,通投,商品7日总支付ROI,笔记（商品组件）,694e2a69000000002202d920,5d1453a80000000012038ffa,视频笔记,"67eb97e85d35ce0001a96c29,67f62ea104afe30001b8d8ed",智R托管-合集-AGXI-系统-26.2.24-达人直投,176104275,2026-02-24 11:54:26,0.00,0,0,0.0%,0.0,0.0,0,0.00,0.0,0,0,0.0,0,0,0.0,0,0.0,0,0.0,0,0.0,0,0.0,0,0.0,0,0.0,0,0.0,0,0.0,0,0.0,0.00,0.0,0,0,0
3844300772,智R托管-kexiner是可欣-AGXI-系统-26.2.24-达人直投,有效,审核通过,通投,商品7日总支付ROI,笔记（商品组件）,6955125d000000001f007702,5b07b930e8ac2b4b62712337,视频笔记,"67eb97e85d35ce0001a96c29,67f62ea104afe30001b8d8ed",智R托管-合集-AGXI-系统-26.2.24-达人直投,176104275,2026-02-24 11:54:26,0.15,8,0,0.0%,0.0,18.75,0,0.00,0.0,0,0,0.0,0,0,0.0,0,0.0,0,0.0,0,0.0,0.0,0.0,0,0.0,0.0,0.0,0,0.0,0.0,0.0,0,0.0,0.00,0.0,0,0,0.0
3844300771,智R托管-君君来啦-AGXI-系统-26.2.24-达人直投,暂停,审核通过,通投,商品7日总支付ROI,笔记（商品组件）,692e9bcb000000001e0098ec,63ccb44700000000260068ba,图文笔记,"67eb97e85d35ce0001a96c29,67f62ea104afe30001b8d8ed",智R托管-合集-AGXI-系统-26.2.24-达人直投,176104275,2026-02-24 11:54:26,0.00,0,0,0.0%,0.0,0.0,0,0.00,0.0,0,0,0.0,0,0,0.0,0,0.0,0,0.0,0,0.0,0,0.0,0,0.0,0,0.0,0,0.0,0,0.0,0,0.0,0.00,0.0,0,0,0
3844300770,智R托管-Sinuo-AGXI-系统-26.2.24-达人直投,暂停,审核通过,通投,商品7日总支付ROI,笔记（商品组件）,686f6d1300000000100252e5,58bf0aa650c4b453c0c4085a,视频笔记,"67eb97e85d35ce0001a96c29,67f62ea104afe30001b8d8ed",智R托管-合集-AGXI-系统-26.2.24-达人直投,176104275,2026-02-24 11:54:26,0.00,0,0,0.0%,0.0,0.0,0,0.00,0.0,0,0,0.0,0,0,0.0,0,0.0,0,0.0,0,0.0,0,0.0,0,0.0,0,0.0,0,0.0,0,0.0,0,0.0,0.00,0.0,0,0,0
3844300769,智R托管-卡罗Caroline-AGXI-系统-26.2.24-达人直投,暂停,审核通过,通投,商品7日总支付ROI,笔记（商品组件）,68849ce0000000001c0322f4,5a22776be8ac2b5edd54ea19,视频笔记,"67eb97e85d35ce0001a96c29,67f62ea104afe30001b8d8ed",智R托管-合集-AGXI-系统-26.2.24-达人直投,176104275,2026-02-24 11:54:26,0.00,0,0,0.0%,0.0,0.0,0,0.00,0.0,0,0,0.0,0,0,0.0,0,0.0,0,0.0,0,0.0,0,0.0,0,0.0,0,0.0,0,0.0,0,0.0,0,0.0,0.00,0.0,0,0,0
3844300768,智R托管-柠仔-AGXI-系统-26.2.24-达人直投,暂停,审核通过,通投,商品7日总支付ROI,笔记（商品组件）,688732540000000012016d89,6551c382000000000802ef05,视频笔记,"67eb97e85d35ce0001a96c29,67f62ea104afe30001b8d8ed",智R托管-合集-AGXI-系统-26.2.24-达人直投,176104275,2026-02-24 11:54:26,0.00,0,0,0.0%,0.0,0.0,0,0.00,0.0,0,0,0.0,0,0,0.0,0,0.0,0,0.0,0,0.0,0,0.0,0,0.0,0,0.0,0,0.0,0,0.0,0,0.0,0.00,0.0,0,0,0
3844300767,智R托管-mumusays-AGXI-系统-26.2.24-达人直投,有效,审核通过,通投,商品7日总支付ROI,笔记（商品组件）,687624750000000013011d57,5f8e5c67000000000101e352,视频笔记,"67eb97e85d35ce0001a96c29,67f62ea104afe30001b8d8ed",智R托管-合集-AGXI-系统-26.2.24-达人直投,176104275,2026-02-24 11:54:26,0.16,8,0,0.0%,0.0,20.0,0,0.00,0.0,0,0,0.0,0,0,0.0,0,0.0,0,0.0,0,0.0,0.0,0.0,0,0.0,0.0,0.0,0,0.0,0.0,0.0,0,0.0,0.00,0.0,0,0,0.0
3844300766,智R托管-guo33333333-AGXI-系统-26.2.24-达人直投,有效,审核通过,通投,商品7日总支付ROI,笔记（商品组件）,68760db0000000000b01cf63,570115c284edcd6fe657a255,视频笔记,"67eb97e85d35ce0001a96c29,67f62ea104afe30001b8d8ed",智R托管-合集-AGXI-系统-26.2.24-达人直投,176104275,2026-02-24 11:54:26,0.31,27,1,3.7%,0.31,11.48,0,0.00,0.0,0,0,0.0,0,0,0.0,0,0.0,0,0.0,0,0.0,0.0,0.0,0,0.0,0.0,0.0,0,0.0,0.0,0.0,0,0.0,0.00,0.0,0,0,0.0
3844300765,智R托管-勇猛羊崽-AGXI-系统-26.2.24-达人直投,暂停,审核通过,通投,商品7日总支付ROI,笔记（商品组件）,68f31fd50000000003034bd0,583793d47fc5b852289092a4,视频笔记,"67eb97e85d35ce0001a96c29,67f62ea104afe30001b8d8ed",智R托管-合集-AGXI-系统-26.2.24-达人直投,176104275,2026-02-24 11:54:26,0.00,0,0,0.0%,0.0,0.0,0,0.00,0.0,0,0,0.0,0,0,0.0,0,0.0,0,0.0,0,0.0,0,0.0,0,0.0,0,0.0,0,0.0,0,0.0,0,0.0,0.00,0.0,0,0,0
3844300764,智R托管-暴走芭比-AGXI-系统-26.2.24-达人直投,暂停,审核通过,通投,商品7日总支付ROI,笔记（商品组件）,68a2eba3000000001d002118,62739dd80000000021020a02,视频笔记,"67eb97e85d35ce0001a96c29,67f62ea104afe30001b8d8ed",智R托管-合集-AGXI-系统-26.2.24-达人直投,176104275,2026-02-24 11:54:26,0.00,0,0,0.0%,0.0,0.0,0,0.00,0.0,0,0,0.0,0,0,0.0,0,0.0,0,0.0,0,0.0,0,0.0,0,0.0,0,0.0,0,0.0,0,0.0,0,0.0,0.00,0.0,0,0,0
3844300763,智R托管-北野百笑-AGXI-系统-26.2.24-达人直投,暂停,审核拒绝,通投,商品7日总支付ROI,笔记（商品组件）,693631e3000000001e016048,65015b41000000000500257a,视频笔记,"67eb97e85d35ce0001a96c29,67f62ea104afe30001b8d8ed",智R托管-合集-AGXI-系统-26.2.24-达人直投,176104275,2026-02-24 11:54:26,0.00,0,0,0.0%,0.0,0.0,0,0.00,0.0,0,0,0.0,0,0,0.0,0,0.0,0,0.0,0,0.0,0,0.0,0,0.0,0,0.0,0,0.0,0,0.0,0,0.0,0.00,0.0,0,0,0
3843275214,智R托管-橘子味橙子-塑颜饮-系统-26.2.24-达人直投,被计划暂停,审核通过,通投,商品7日总支付ROI,笔记（商品组件）,695b90ec000000000d00b5c1,62dfd238000000001e01db3f,图文笔记,"68a59525d3dd4d00012b6c02,68a5957036ab3b00019db5de",智R托管-达人合集-塑颜饮-系统-26.2.24-达人直投,176059932,2026-02-24 10:43:48,0.00,0,0,0.0%,0.0,0.0,0,0.00,0.0,0,0,0.0,0,0,0.0,0,0.0,0,0.0,0,0.0,0,0.0,0,0.0,0,0.0,0,0.0,0,0.0,0,0.0,0.00,0.0,0,0,0
3843275213,智R托管-Ruiren蕤人-塑颜饮-系统-26.2.24-达人直投,被计划暂停,审核通过,通投,商品7日总支付ROI,笔记（商品组件）,6961d94f000000000a030aa2,59fa3f3c4eacab5cb162c630,视频笔记,"68a59525d3dd4d00012b6c02,68a5957036ab3b00019db5de",智R托管-达人合集-塑颜饮-系统-26.2.24-达人直投,176059932,2026-02-24 10:43:48,0.00,0,0,0.0%,0.0,0.0,0,0.00,0.0,0,0,0.0,0,0,0.0,0,0.0,0,0.0,0,0.0,0,0.0,0,0.0,0,0.0,0,0.0,0,0.0,0,0.0,0.00,0.0,0,0,0
3843275212,智R托管-煲饭中-塑颜饮-系统-26.2.24-达人直投,暂停,审核通过,通投,商品7日总支付ROI,笔记（商品组件）,695c76cc000000002203b192,54c0f9dde779895d287a4d33,图文笔记,"68a59525d3dd4d00012b6c02,68a5957036ab3b00019db5de",智R托管-达人合集-塑颜饮-系统-26.2.24-达人直投,176059932,2026-02-24 10:43:48,0.00,0,0,0.0%,0.0,0.0,0,0.00,0.0,0,0,0.0,0,0,0.0,0,0.0,0,0.0,0,0.0,0,0.0,0,0.0,0,0.0,0,0.0,0,0.0,0,0.0,0.00,0.0,0,0,0
3843275211,智R托管-鸡腿先生-塑颜饮-系统-26.2.24-达人直投,被计划暂停,审核通过,通投,商品7日总支付ROI,笔记（商品组件）,695cc000000000001a02165c,5f806816000000000101d19a,图文笔记,"68a59525d3dd4d00012b6c02,68a5957036ab3b00019db5de",智R托管-达人合集-塑颜饮-系统-26.2.24-达人直投,176059932,2026-02-24 10:43:48,0.00,0,0,0.0%,0.0,0.0,0,0.00,0.0,0,0,0.0,0,0,0.0,0,0.0,0,0.0,0,0.0,0,0.0,0,0.0,0,0.0,0,0.0,0,0.0,0,0.0,0.00,0.0,0,0,0
3777288091,智R托管-新思路-光感白肌饮-系统-26.2.12-转载,被计划暂停,审核通过,通投,商品7日总支付ROI,笔记（商品组件）,698c28c8000000000d00b46f,59cde3b9db2e6029a99da214,图文笔记,"67bd86679759260001a41644,67bd894629b9f70001b66fed",智R托管-新思路-光感白肌饮-系统-26.2.12-转载,174987334,2026-02-12 15:15:03,0.00,0,0,0.0%,0.0,0.0,0,0.00,0.0,0,0,0.0,0,0,0.0,0,0.0,0,0.0,0,0.0,0,0.0,0,0.0,0,0.0,0,0.0,0,0.0,0,0.0,0.00,0.0,0,0,0
3753202350,智R托管-李栗子-光感白肌饮-系统-26.2.9-达人直投,被计划暂停,审核通过,通投,商品7日总支付ROI,笔记（商品组件）,696de361000000000d008f7d,65b788f0000000000903e323,视频笔记,"67bd86679759260001a41644,67bd894629b9f70001b66fed",智R托管-合集-光感白肌饮-系统-26.2.9-达人直投,174411794,2026-02-09 13:42:20,0.00,0,0,0.0%,0.0,0.0,0,0.00,0.0,0,0,0.0,0,0,0.0,0,0.0,0,0.0,0,0.0,0,0.0,0,0.0,0,0.0,0,0.0,0,0.0,0,0.0,0.00,0.0,0,0,0
3753202349,智R托管-danysdd-光感白肌饮-系统-26.2.9-达人直投,被计划暂停,审核通过,通投,商品7日总支付ROI,笔记（商品组件）,696dd5de000000000c03457b,5534f4e2a46e9629e1105cec,视频笔记,"67bd86679759260001a41644,67bd894629b9f70001b66fed",智R托管-合集-光感白肌饮-系统-26.2.9-达人直投,174411794,2026-02-09 13:42:20,0.00,0,0,0.0%,0.0,0.0,0,0.00,0.0,0,0,0.0,0,0,0.0,0,0.0,0,0.0,0,0.0,0,0.0,0,0.0,0,0.0,0,0.0,0,0.0,0,0.0,0.00,0.0,0,0,0
3753401104,智R托管-红眼病修勾-AGXI-系统-26.2.9-达人直投,被计划暂停,审核通过,通投,商品7日总支付ROI,笔记（商品组件）,6985a702000000000d0086f7,5e894bbf0000000001008ca2,图文笔记,"67eb97e85d35ce0001a96c29,67f62ea104afe30001b8d8ed",智R托管-合集-AGXI-系统-26.2.9-达人直投,174383066,2026-02-09 13:40:09,0.00,0,0,0.0%,0.0,0.0,0,0.00,0.0,0,0,0.0,0,0,0.0,0,0.0,0,0.0,0,0.0,0,0.0,0,0.0,0,0.0,0,0.0,0,0.0,0,0.0,0.00,0.0,0,0,0
3753401103,智R托管-奶油调色盘-AGXI-系统-26.2.9-达人直投,被计划暂停,审核通过,通投,商品7日总支付ROI,笔记（商品组件）,698058f20000000022021969,684e9864000000001b01ace4,图文笔记,"67eb97e85d35ce0001a96c29,67f62ea104afe30001b8d8ed",智R托管-合集-AGXI-系统-26.2.9-达人直投,174383066,2026-02-09 13:40:09,0.00,0,0,0.0%,0.0,0.0,0,0.00,0.0,0,0,0.0,0,0,0.0,0,0.0,0,0.0,0,0.0,0,0.0,0,0.0,0,0.0,0,0.0,0,0.0,0,0.0,0.00,0.0,0,0,0
3753401102,智R托管-陈71-AGXI-系统-26.2.9-达人直投,被计划暂停,审核通过,通投,商品7日总支付ROI,笔记（商品组件）,6985acf8000000001a01f5e6,5c87a0eb0000000010016ecf,视频笔记,"67eb97e85d35ce0001a96c29,67f62ea104afe30001b8d8ed",智R托管-合集-AGXI-系统-26.2.9-达人直投,174383066,2026-02-09 13:40:09,0.00,0,0,0.0%,0.0,0.0,0,0.00,0.0,0,0,0.0,0,0,0.0,0,0.0,0,0.0,0,0.0,0,0.0,0,0.0,0,0.0,0,0.0,0,0.0,0,0.0,0.00,0.0,0,0,0
3753401101,智R托管-肤白貌美小lulu-AGXI-系统-26.2.9-达人直投,暂停,审核通过,通投,商品7日总支付ROI,笔记（商品组件）,697c9681000000000c036261,641851d7000000001102381f,图文笔记,"67eb97e85d35ce0001a96c29,67f62ea104afe30001b8d8ed",智R托管-合集-AGXI-系统-26.2.9-达人直投,174383066,2026-02-09 13:40:09,0.00,0,0,0.0%,0.0,0.0,0,0.00,0.0,0,0,0.0,0,0,0.0,0,0.0,0,0.0,0,0.0,0,0.0,0,0.0,0,0.0,0,0.0,0,0.0,0,0.0,0.00,0.0,0,0,0
3753401100,智R托管-ee在路上-AGXI-系统-26.2.9-达人直投,暂停,审核通过,通投,商品7日总支付ROI,笔记（商品组件）,697c6a8400000000220214ee,5dd7fa7e000000000100ac20,图文笔记,"67eb97e85d35ce0001a96c29,67f62ea104afe30001b8d8ed",智R托管-合集-AGXI-系统-26.2.9-达人直投,174383066,2026-02-09 13:40:09,0.00,0,0,0.0%,0.0,0.0,0,0.00,0.0,0,0,0.0,0,0,0.0,0,0.0,0,0.0,0,0.0,0,0.0,0,0.0,0,0.0,0,0.0,0,0.0,0,0.0,0.00,0.0,0,0,0
3753401099,智R托管-草莓丙子-AGXI-系统-26.2.9-达人直投,暂停,审核通过,通投,商品7日总支付ROI,笔记（商品组件）,697b23e1000000002203bc91,53fb0089b4c4d673977ca685,视频笔记,"67eb97e85d35ce0001a96c29,67f62ea104afe30001b8d8ed",智R托管-合集-AGXI-系统-26.2.9-达人直投,174383066,2026-02-09 13:40:09,0.00,0,0,0.0%,0.0,0.0,0,0.00,0.0,0,0,0.0,0,0,0.0,0,0.0,0,0.0,0,0.0,0,0.0,0,0.0,0,0.0,0,0.0,0,0.0,0,0.0,0.00,0.0,0,0,0
3751998256,智R托管-君君来啦-AGXI-系统-26.2.9-达人直投,被计划暂停,审核通过,通投,商品7日总支付ROI,笔记（商品组件）,692e9bcb000000001e0098ec,63ccb44700000000260068ba,图文笔记,"67eb97e85d35ce0001a96c29,67f62ea104afe30001b8d8ed",智R托管-合集-AGXI-系统-26.2.9-达人直投,174383066,2026-02-09 10:36:28,0.00,0,0,0.0%,0.0,0.0,0,0.00,0.0,0,0,0.0,0,0,0.0,0,0.0,0,0.0,0,0.0,0,0.0,0,0.0,0,0.0,0,0.0,0,0.0,0,0.0,0.00,0.0,0,0,0
3702443491,智R搜索-调绝了-新X白-系统-26.2.3,暂停,审核通过,搜索,商品7日总支付ROI,笔记（商品组件）,696edf90000000000e00d045,59cde3b9db2e6029a99da214,视频笔记,"67f6247db2c30c00015cbc5d,6858efa562560900014a4305",智R搜索-合集-新X白-系统-26.2.3,173360197,2026-02-03 15:54:40,0.00,0,0,0.0%,0.0,0.0,0,0.00,0.0,0,0,0.0,0,0,0.0,0,0.0,0,0.0,0,0.0,0,0.0,0,0.0,0,0.0,0,0.0,0,0.0,0,0.0,0.00,0.0,0,0,0
3702443490,智R搜索-实现大-新X白-系统-26.2.3,暂停,审核通过,搜索,商品7日总支付ROI,笔记（商品组件）,67ecf570000000001b03db8b,59cde3b9db2e6029a99da214,图文笔记,"67f6247db2c30c00015cbc5d,6858efa562560900014a4305",智R搜索-合集-新X白-系统-26.2.3,173360197,2026-02-03 15:54:40,0.00,0,0,0.0%,0.0,0.0,0,0.00,0.0,0,0,0.0,0,0,0.0,0,0.0,0,0.0,0,0.0,0,0.0,0,0.0,0,0.0,0,0.0,0,0.0,0,0.0,0.00,0.0,0,0,0
3702443489,智R搜索-焊脸上-新X白-系统-26.2.3,暂停,审核通过,搜索,商品7日总支付ROI,笔记（商品组件）,6945210a000000001e029abb,59cde3b9db2e6029a99da214,图文笔记,"67f6247db2c30c00015cbc5d,6858efa562560900014a4305",智R搜索-合集-新X白-系统-26.2.3,173360197,2026-02-03 15:54:40,0.00,0,0,0.0%,0.0,0.0,0,0.00,0.0,0,0,0.0,0,0,0.0,0,0.0,0,0.0,0,0.0,0,0.0,0,0.0,0,0.0,0,0.0,0,0.0,0,0.0,0.00,0.0,0,0,0
3702435396,智R搜索-深扒晓-横测笔记-系统-26.2.3优化,暂停,审核通过,搜索,商品7日总支付ROI,笔记（商品组件）,68f9fee30000000005003593,59cde3b9db2e6029a99da214,图文笔记,"681c861f8da761000133f1fb,6748224252f26600016f5a21,67eb97e85d35ce0001a96c29,68a594b62eb6de000174964c,67bd86679759260001a41644,68a595d130bf8c0001e0f7ed",智R搜索-深扒晓-横测笔记-系统-26.2.3优化,173341830,2026-02-03 15:51:35,0.00,0,0,0.0%,0.0,0.0,0,0.00,0.0,0,0,0.0,0,0,0.0,0,0.0,0,0.0,0,0.0,0,0.0,0,0.0,0,0.0,0,0.0,0,0.0,0,0.0,0.00,0.0,0,0,0
3702530499,智R搜索-不踩雷-横测笔记-系统-2.3优化,暂停,审核通过,搜索,商品7日总支付ROI,笔记（商品组件）,694b833a000000001e028ab0,59cde3b9db2e6029a99da214,图文笔记,"67f62ea104afe30001b8d8ed,67bd894629b9f70001b66fed,68a5957036ab3b00019db5de,68a595d130bf8c0001e0f7ed,681c861f8da761000133f1fb,6748224252f26600016f5a21",智R搜索-不踩雷-横测笔记-系统-2.3优化,173341699,2026-02-03 15:49:07,0.00,0,0,0.0%,0.0,0.0,0,0.00,0.0,0,0,0.0,0,0,0.0,0,0.0,0,0.0,0,0.0,0,0.0,0,0.0,0,0.0,0,0.0,0,0.0,0,0.0,0.00,0.0,0,0,0
3701815488,智R托管-Babycc-AGXI-定向-26.2.3-达人直投,被计划暂停,审核通过,通投,商品7日总支付ROI,笔记（商品组件）,6969ecaf000000000a0327e7,577964446a6a696924ffc190,视频笔记,"67eb97e85d35ce0001a96c29,67f62ea104afe30001b8d8ed",智R托管-达人合集-AGXI-定向-26.2.3-达人直投,173310249,2026-02-03 14:51:41,0.00,0,0,0.0%,0.0,0.0,0,0.00,0.0,0,0,0.0,0,0,0.0,0,0.0,0,0.0,0,0.0,0,0.0,0,0.0,0,0.0,0,0.0,0,0.0,0,0.0,0.00,0.0,0,0,0
3701815487,智R托管-一口冰糖-AGXI-定向-26.2.3-达人直投,被计划暂停,审核通过,通投,商品7日总支付ROI,笔记（商品组件）,6954c919000000002103de91,6895f2a8000000002800efb3,视频笔记,"67eb97e85d35ce0001a96c29,67f62ea104afe30001b8d8ed",智R托管-达人合集-AGXI-定向-26.2.3-达人直投,173310249,2026-02-03 14:51:41,0.00,0,0,0.0%,0.0,0.0,0,0.00,0.0,0,0,0.0,0,0,0.0,0,0.0,0,0.0,0,0.0,0,0.0,0,0.0,0,0.0,0,0.0,0,0.0,0,0.0,0.00,0.0,0,0,0
3701815486,智R托管-krysti是纯纯子-AGXI-定向-26.2.3-达人直投,被计划暂停,审核通过,通投,商品7日总支付ROI,笔记（商品组件）,691e9b8e000000001e034c87,5a42270a11be106e4da8a4c9,视频笔记,"67eb97e85d35ce0001a96c29,67f62ea104afe30001b8d8ed",智R托管-达人合集-AGXI-定向-26.2.3-达人直投,173310249,2026-02-03 14:51:41,0.00,0,0,0.0%,0.0,0.0,0,0.00,0.0,0,0,0.0,0,0,0.0,0,0.0,0,0.0,0,0.0,0,0.0,0,0.0,0,0.0,0,0.0,0,0.0,0,0.0,0.00,0.0,0,0,0
3701815485,智R托管-serababy-AGXI-定向-26.2.3-达人直投,暂停,审核通过,通投,商品7日总支付ROI,笔记（商品组件）,680222aa000000001b03cc84,61055c85000000000101c6ca,视频笔记,"67eb97e85d35ce0001a96c29,67f62ea104afe30001b8d8ed",智R托管-达人合集-AGXI-定向-26.2.3-达人直投,173310249,2026-02-03 14:51:41,0.00,0,0,0.0%,0.0,0.0,0,0.00,0.0,0,0,0.0,0,0,0.0,0,0.0,0,0.0,0,0.0,0,0.0,0,0.0,0,0.0,0,0.0,0,0.0,0,0.0,0.00,0.0,0,0,0
3701815484,智R托管-君君来啦-AGXI-定向-26.2.3-达人直投,暂停,审核通过,通投,商品7日总支付ROI,笔记（商品组件）,692e9bcb000000001e0098ec,63ccb44700000000260068ba,图文笔记,"67eb97e85d35ce0001a96c29,67f62ea104afe30001b8d8ed",智R托管-达人合集-AGXI-定向-26.2.3-达人直投,173310249,2026-02-03 14:51:41,0.00,0,0,0.0%,0.0,0.0,0,0.00,0.0,0,0,0.0,0,0,0.0,0,0.0,0,0.0,0,0.0,0,0.0,0,0.0,0,0.0,0,0.0,0,0.0,0,0.0,0.00,0.0,0,0,0
3701815483,智R托管-爱吃肉的小土鳖-AGXI-定向-26.2.3-达人直投,被计划暂停,审核通过,通投,商品7日总支付ROI,笔记（商品组件）,694a5a7b000000000d03831e,5c742dcd0000000010022a1d,视频笔记,"67eb97e85d35ce0001a96c29,67f62ea104afe30001b8d8ed",智R托管-达人合集-AGXI-定向-26.2.3-达人直投,173310249,2026-02-03 14:51:41,0.00,0,0,0.0%,0.0,0.0,0,0.00,0.0,0,0,0.0,0,0,0.0,0,0.0,0,0.0,0,0.0,0,0.0,0,0.0,0,0.0,0,0.0,0,0.0,0,0.0,0.00,0.0,0,0,0
3665054076,智R托管-余屿yuyu-AGXI-定向-26.1.30-达人直投,被计划暂停,审核拒绝,通投,商品7日总支付ROI,笔记（商品组件）,68301f2f0000000022004ca3,5ac9c5d211be104fc3c0f6b0,视频笔记,"67eb97e85d35ce0001a96c29,67f62ea104afe30001b8d8ed",智R托管-达人合集-AGXI-定向-26.1.30-达人直投,172589580,2026-01-30 11:27:50,0.00,0,0,0.0%,0.0,0.0,0,0.00,0.0,0,0,0.0,0,0,0.0,0,0.0,0,0.0,0,0.0,0,0.0,0,0.0,0,0.0,0,0.0,0,0.0,0,0.0,0.00,0.0,0,0,0
3665054075,智R托管-Sinuo-AGXI-定向-26.1.30-达人直投,被计划暂停,审核通过,通投,商品7日总支付ROI,笔记（商品组件）,686f6d1300000000100252e5,58bf0aa650c4b453c0c4085a,视频笔记,"67eb97e85d35ce0001a96c29,67f62ea104afe30001b8d8ed",智R托管-达人合集-AGXI-定向-26.1.30-达人直投,172589580,2026-01-30 11:27:50,0.00,0,0,0.0%,0.0,0.0,0,0.00,0.0,0,0,0.0,0,0,0.0,0,0.0,0,0.0,0,0.0,0,0.0,0,0.0,0,0.0,0,0.0,0,0.0,0,0.0,0.00,0.0,0,0,0
3665054074,智R托管-卡罗Caroline-AGXI-定向-26.1.30-达人直投,被计划暂停,审核通过,通投,商品7日总支付ROI,笔记（商品组件）,68849ce0000000001c0322f4,5a22776be8ac2b5edd54ea19,视频笔记,"67eb97e85d35ce0001a96c29,67f62ea104afe30001b8d8ed",智R托管-达人合集-AGXI-定向-26.1.30-达人直投,172589580,2026-01-30 11:27:50,0.00,0,0,0.0%,0.0,0.0,0,0.00,0.0,0,0,0.0,0,0,0.0,0,0.0,0,0.0,0,0.0,0,0.0,0,0.0,0,0.0,0,0.0,0,0.0,0,0.0,0.00,0.0,0,0,0
3665054073,智R托管-勇猛羊崽-AGXI-定向-26.1.30-达人直投,被计划暂停,审核通过,通投,商品7日总支付ROI,笔记（商品组件）,68f31fd50000000003034bd0,583793d47fc5b852289092a4,视频笔记,"67eb97e85d35ce0001a96c29,67f62ea104afe30001b8d8ed",智R托管-达人合集-AGXI-定向-26.1.30-达人直投,172589580,2026-01-30 11:27:50,0.00,0,0,0.0%,0.0,0.0,0,0.00,0.0,0,0,0.0,0,0,0.0,0,0.0,0,0.0,0,0.0,0,0.0,0,0.0,0,0.0,0,0.0,0,0.0,0,0.0,0.00,0.0,0,0,0
3665054072,智R托管-krysti是纯纯子-AGXI-定向-26.1.30-达人直投,暂停,审核通过,通投,商品7日总支付ROI,笔记（商品组件）,691e9b8e000000001e034c87,5a42270a11be106e4da8a4c9,视频笔记,"67eb97e85d35ce0001a96c29,67f62ea104afe30001b8d8ed",智R托管-达人合集-AGXI-定向-26.1.30-达人直投,172589580,2026-01-30 11:27:50,0.00,0,0,0.0%,0.0,0.0,0,0.00,0.0,0,0,0.0,0,0,0.0,0,0.0,0,0.0,0,0.0,0,0.0,0,0.0,0,0.0,0,0.0,0,0.0,0,0.0,0.00,0.0,0,0,0
3665054071,智R托管-北野百笑-AGXI-定向-26.1.30-达人直投,被计划暂停,审核拒绝,通投,商品7日总支付ROI,笔记（商品组件）,693631e3000000001e016048,65015b41000000000500257a,视频笔记,"67eb97e85d35ce0001a96c29,67f62ea104afe30001b8d8ed",智R托管-达人合集-AGXI-定向-26.1.30-达人直投,172589580,2026-01-30 11:27:50,0.00,0,0,0.0%,0.0,0.0,0,0.00,0.0,0,0,0.0,0,0,0.0,0,0.0,0,0.0,0,0.0,0,0.0,0,0.0,0,0.0,0,0.0,0,0.0,0,0.0,0.00,0.0,0,0,0
3665054070,智R托管-多莉-AGXI-定向-26.1.30-达人直投,被计划暂停,审核通过,通投,商品7日总支付ROI,笔记（商品组件）,694e2a69000000002202d920,5d1453a80000000012038ffa,视频笔记,"67eb97e85d35ce0001a96c29,67f62ea104afe30001b8d8ed",智R托管-达人合集-AGXI-定向-26.1.30-达人直投,172589580,2026-01-30 11:27:50,0.00,0,0,0.0%,0.0,0.0,0,0.00,0.0,0,0,0.0,0,0,0.0,0,0.0,0,0.0,0,0.0,0,0.0,0,0.0,0,0.0,0,0.0,0,0.0,0,0.0,0.00,0.0,0,0,0
3665054069,智R托管-kexiner是可欣-AGXI-定向-26.1.30-达人直投,被计划暂停,审核通过,通投,商品7日总支付ROI,笔记（商品组件）,6955125d000000001f007702,5b07b930e8ac2b4b62712337,视频笔记,"67eb97e85d35ce0001a96c29,67f62ea104afe30001b8d8ed",智R托管-达人合集-AGXI-定向-26.1.30-达人直投,172589580,2026-01-30 11:27:50,0.00,0,0,0.0%,0.0,0.0,0,0.00,0.0,0,0,0.0,0,0,0.0,0,0.0,0,0.0,0,0.0,0,0.0,0,0.0,0,0.0,0,0.0,0,0.0,0,0.0,0.00,0.0,0,0,0
3665054068,智R托管-洪成成_ 橙橙子-AGXI-定向-26.1.30-达人直投,被计划暂停,审核通过,通投,商品7日总支付ROI,笔记（商品组件）,6939105c000000000d037be4,5a73141ae8ac2b1695335cd0,视频笔记,"67eb97e85d35ce0001a96c29,67f62ea104afe30001b8d8ed",智R托管-达人合集-AGXI-定向-26.1.30-达人直投,172589580,2026-01-30 11:27:50,0.00,0,0,0.0%,0.0,0.0,0,0.00,0.0,0,0,0.0,0,0,0.0,0,0.0,0,0.0,0,0.0,0,0.0,0,0.0,0,0.0,0,0.0,0,0.0,0,0.0,0.00,0.0,0,0,0
3664970387,智R托管-彭王者是小洋-AGXI-定向-26.1.30-达人直投,被计划暂停,审核通过,通投,商品7日总支付ROI,笔记（商品组件）,68064912000000001a0043a4,54ced0f0e779891d78c57a53,视频笔记,"67eb97e85d35ce0001a96c29,67f62ea104afe30001b8d8ed",智R托管-达人合集-AGXI-定向-26.1.30-达人直投,172589580,2026-01-30 11:14:30,0.00,0,0,0.0%,0.0,0.0,0,0.00,0.0,0,0,0.0,0,0,0.0,0,0.0,0,0.0,0,0.0,0,0.0,0,0.0,0,0.0,0,0.0,0,0.0,0,0.0,0.00,0.0,0,0,0
3664970386,智R托管-7a-AGXI-定向-26.1.30-达人直投,被计划暂停,审核通过,通投,商品7日总支付ROI,笔记（商品组件）,67f89347000000001c0024fd,567b69465e87e759ababa263,视频笔记,"67eb97e85d35ce0001a96c29,67f62ea104afe30001b8d8ed",智R托管-达人合集-AGXI-定向-26.1.30-达人直投,172589580,2026-01-30 11:14:30,0.00,0,0,0.0%,0.0,0.0,0,0.00,0.0,0,0,0.0,0,0,0.0,0,0.0,0,0.0,0,0.0,0,0.0,0,0.0,0,0.0,0,0.0,0,0.0,0,0.0,0.00,0.0,0,0,0
3664970385,智R托管-Kiyoko在东京-AGXI-定向-26.1.30-达人直投,被计划暂停,审核通过,通投,商品7日总支付ROI,笔记（商品组件）,68073e97000000001202cc61,5974026682ec39675668ad72,视频笔记,"67eb97e85d35ce0001a96c29,67f62ea104afe30001b8d8ed",智R托管-达人合集-AGXI-定向-26.1.30-达人直投,172589580,2026-01-30 11:14:30,0.00,0,0,0.0%,0.0,0.0,0,0.00,0.0,0,0,0.0,0,0,0.0,0,0.0,0,0.0,0,0.0,0,0.0,0,0.0,0,0.0,0,0.0,0,0.0,0,0.0,0.00,0.0,0,0,0
3664970384,智R托管-serababy-AGXI-定向-26.1.30-达人直投,暂停,审核通过,通投,商品7日总支付ROI,笔记（商品组件）,680222aa000000001b03cc84,61055c85000000000101c6ca,视频笔记,"67eb97e85d35ce0001a96c29,67f62ea104afe30001b8d8ed",智R托管-达人合集-AGXI-定向-26.1.30-达人直投,172589580,2026-01-30 11:14:30,0.00,0,0,0.0%,0.0,0.0,0,0.00,0.0,0,0,0.0,0,0,0.0,0,0.0,0,0.0,0,0.0,0,0.0,0,0.0,0,0.0,0,0.0,0,0.0,0,0.0,0.00,0.0,0,0,0
3664970383,智R托管-小莎同学-AGXI-定向-26.1.30-达人直投,被计划暂停,审核通过,通投,商品7日总支付ROI,笔记（商品组件）,6805f6dc000000001b03ffc5,631833f20000000012001db9,视频笔记,"67eb97e85d35ce0001a96c29,67f62ea104afe30001b8d8ed",智R托管-达人合集-AGXI-定向-26.1.30-达人直投,172589580,2026-01-30 11:14:30,0.00,0,0,0.0%,0.0,0.0,0,0.00,0.0,0,0,0.0,0,0,0.0,0,0.0,0,0.0,0,0.0,0,0.0,0,0.0,0,0.0,0,0.0,0,0.0,0,0.0,0.00,0.0,0,0,0
3664970382,智R托管-爱吃肉的小土鳖-AGXI-定向-26.1.30-达人直投,暂停,审核通过,通投,商品7日总支付ROI,笔记（商品组件）,694a5a7b000000000d03831e,5c742dcd0000000010022a1d,视频笔记,"67eb97e85d35ce0001a96c29,67f62ea104afe30001b8d8ed",智R托管-达人合集-AGXI-定向-26.1.30-达人直投,172589580,2026-01-30 11:14:30,0.00,0,0,0.0%,0.0,0.0,0,0.00,0.0,0,0,0.0,0,0,0.0,0,0.0,0,0.0,0,0.0,0,0.0,0,0.0,0,0.0,0,0.0,0,0.0,0,0.0,0.00,0.0,0,0,0
3664970381,智R托管-君君来啦-AGXI-定向-26.1.30-达人直投,暂停,审核通过,通投,商品7日总支付ROI,笔记（商品组件）,692e9bcb000000001e0098ec,63ccb44700000000260068ba,图文笔记,"67eb97e85d35ce0001a96c29,67f62ea104afe30001b8d8ed",智R托管-达人合集-AGXI-定向-26.1.30-达人直投,172589580,2026-01-30 11:14:30,0.00,0,0,0.0%,0.0,0.0,0,0.00,0.0,0,0,0.0,0,0,0.0,0,0.0,0,0.0,0,0.0,0,0.0,0,0.0,0,0.0,0,0.0,0,0.0,0,0.0,0.00,0.0,0,0,0
3664970380,智R托管-一口冰糖-AGXI-定向-26.1.30-达人直投,暂停,审核通过,通投,商品7日总支付ROI,笔记（商品组件）,6954c919000000002103de91,6895f2a8000000002800efb3,视频笔记,"67eb97e85d35ce0001a96c29,67f62ea104afe30001b8d8ed",智R托管-达人合集-AGXI-定向-26.1.30-达人直投,172589580,2026-01-30 11:14:30,0.00,0,0,0.0%,0.0,0.0,0,0.00,0.0,0,0,0.0,0,0,0.0,0,0.0,0,0.0,0,0.0,0,0.0,0,0.0,0,0.0,0,0.0,0,0.0,0,0.0,0.00,0.0,0,0,0
3664970379,智R托管-赵梦玥UU-AGXI-定向-26.1.30-达人直投,被计划暂停,审核通过,通投,商品7日总支付ROI,笔记（商品组件）,68f871be000000000303b2dc,5540b5e34fac631c6ad58ca7,视频笔记,"67eb97e85d35ce0001a96c29,67f62ea104afe30001b8d8ed",智R托管-达人合集-AGXI-定向-26.1.30-达人直投,172589580,2026-01-30 11:14:30,0.00,0,0,0.0%,0.0,0.0,0,0.00,0.0,0,0,0.0,0,0,0.0,0,0.0,0,0.0,0,0.0,0,0.0,0,0.0,0,0.0,0,0.0,0,0.0,0,0.0,0.00,0.0,0,0,0
3664970378,智R托管-傅的刚刚好-AGXI-定向-26.1.30-达人直投,暂停,审核通过,通投,商品7日总支付ROI,笔记（商品组件）,692e8338000000001e02df37,58b4eb8f50c4b451f6bfe56e,图文笔记,"67eb97e85d35ce0001a96c29,67f62ea104afe30001b8d8ed",智R托管-达人合集-AGXI-定向-26.1.30-达人直投,172589580,2026-01-30 11:14:30,0.00,0,0,0.0%,0.0,0.0,0,0.00,0.0,0,0,0.0,0,0,0.0,0,0.0,0,0.0,0,0.0,0,0.0,0,0.0,0,0.0,0,0.0,0,0.0,0,0.0,0.00,0.0,0,0,0
3664970377,智R托管-美丽小玉-AGXI-定向-26.1.30-达人直投,暂停,审核通过,通投,商品7日总支付ROI,笔记（商品组件）,69297a20000000001e0103f8,5b51c15ae8ac2b42933a7fb3,图文笔记,"67eb97e85d35ce0001a96c29,67f62ea104afe30001b8d8ed",智R托管-达人合集-AGXI-定向-26.1.30-达人直投,172589580,2026-01-30 11:14:30,0.00,0,0,0.0%,0.0,0.0,0,0.00,0.0,0,0,0.0,0,0,0.0,0,0.0,0,0.0,0,0.0,0,0.0,0,0.0,0,0.0,0,0.0,0,0.0,0,0.0,0.00,0.0,0,0,0
3654429577,智R托管-什么程-光感白肌饮-系统-26.1.29,被计划暂停,审核通过,通投,商品7日总下单ROI,笔记（商品组件）,69717446000000000d00855b,59cde3b9db2e6029a99da214,图文笔记,"67bd86679759260001a41644,67bd894629b9f70001b66fed",智R托管-图文合集-光感白肌饮-系统-26.1.29-达人直投,172342646,2026-01-29 10:33:31,0.00,0,0,0.0%,0.0,0.0,0,0.00,0.0,0,0,0.0,0,0,0.0,0,0.0,0,0.0,0,0.0,0,0.0,0,0.0,0,0.0,0,0.0,0,0.0,0,0.0,0.00,0.0,0,0,0
3654429576,智R托管-李喵喵miaomiao-光感白肌饮-系统-26.1.29-达人直投,被计划暂停,审核通过,通投,商品7日总下单ROI,笔记（商品组件）,67c68e1e0000000029029df3,5657c430e4251d04a5103a9c,图文笔记,"67bd86679759260001a41644,67bd894629b9f70001b66fed",智R托管-图文合集-光感白肌饮-系统-26.1.29-达人直投,172342646,2026-01-29 10:33:31,0.00,0,0,0.0%,0.0,0.0,0,0.00,0.0,0,0,0.0,0,0,0.0,0,0.0,0,0.0,0,0.0,0,0.0,0,0.0,0,0.0,0,0.0,0,0.0,0,0.0,0.00,0.0,0,0,0
3644307665,智R托管-速喝这-AGXI-定向-26.1.28,被计划暂停,审核通过,通投,商品7日总支付ROI,笔记（商品组件）,69699915000000001a02c6fb,59cde3b9db2e6029a99da214,视频笔记,"67eb97e85d35ce0001a96c29,67f62ea104afe30001b8d8ed",智R托管-视频合集-AGXI-定向-26.1.28,172119858,2026-01-28 11:16:09,0.00,0,0,0.0%,0.0,0.0,0,0.00,0.0,0,0,0.0,0,0,0.0,0,0.0,0,0.0,0,0.0,0,0.0,0,0.0,0,0.0,0,0.0,0,0.0,0,0.0,0.00,0.0,0,0,0
3644307664,智R托管-天打卡-AGXI-定向-26.1.28,暂停,审核通过,通投,商品7日总支付ROI,笔记（商品组件）,695b208f0000000022022aae,59cde3b9db2e6029a99da214,视频笔记,"67eb97e85d35ce0001a96c29,67f62ea104afe30001b8d8ed",智R托管-视频合集-AGXI-定向-26.1.28,172119858,2026-01-28 11:16:09,0.00,0,0,0.0%,0.0,0.0,0,0.00,0.0,0,0,0.0,0,0,0.0,0,0.0,0,0.0,0,0.0,0,0.0,0,0.0,0,0.0,0,0.0,0,0.0,0,0.0,0.00,0.0,0,0,0
3644307663,智R托管-不如喝-AGXI-定向-26.1.28,暂停,审核通过,通投,商品7日总支付ROI,笔记（商品组件）,6940bd4d000000001e00d771,59cde3b9db2e6029a99da214,视频笔记,"67eb97e85d35ce0001a96c29,67f62ea104afe30001b8d8ed",智R托管-视频合集-AGXI-定向-26.1.28,172119858,2026-01-28 11:16:09,0.00,0,0,0.0%,0.0,0.0,0,0.00,0.0,0,0,0.0,0,0,0.0,0,0.0,0,0.0,0,0.0,0,0.0,0,0.0,0,0.0,0,0.0,0,0.0,0,0.0,0.00,0.0,0,0,0
3644003147,智R托管-光速养成-光感白肌饮-系统-26.1.28,暂停,审核通过,通投,商品7日总支付ROI,笔记（商品组件）,695f4517000000000e00e565,59cde3b9db2e6029a99da214,图文笔记,"67a96f5af4fe140001803e33,67a96fff17cfa0000166a95f,67bd894629b9f70001b66fed",智R托管-光速养成-光感白肌饮-系统-26.1.28,172105204,2026-01-28 10:51:18,0.00,0,0,0.0%,0.0,0.0,0,0.00,0.0,0,0,0.0,0,0,0.0,0,0.0,0,0.0,0,0.0,0,0.0,0,0.0,0,0.0,0,0.0,0,0.0,0,0.0,0.00,0.0,0,0,0
3627573487,智R托管-贵妇听劝-御三家-系统-26.1.26,被计划暂停,审核通过,通投,商品7日总支付ROI,笔记（商品组件）,68f5a570000000000402ba94,59cde3b9db2e6029a99da214,视频笔记,68a595d130bf8c0001e0f7ed,智R托管-优化合集-御三家-系统-26.1.26,171781589,2026-01-26 18:02:45,0.00,0,0,0.0%,0.0,0.0,0,0.00,0.0,0,0,0.0,0,0,0.0,0,0.0,0,0.0,0,0.0,0,0.0,0,0.0,0,0.0,0,0.0,0,0.0,0,0.0,0.00,0.0,0,0,0
3627573486,智R托管-老组合-御三家-系统-26.1.26,被计划暂停,审核通过,通投,商品7日总支付ROI,笔记（商品组件）,69426863000000001f004043,59cde3b9db2e6029a99da214,视频笔记,68a595d130bf8c0001e0f7ed,智R托管-优化合集-御三家-系统-26.1.26,171781589,2026-01-26 18:02:45,0.00,0,0,0.0%,0.0,0.0,0,0.00,0.0,0,0,0.0,0,0,0.0,0,0.0,0,0.0,0,0.0,0,0.0,0,0.0,0,0.0,0,0.0,0,0.0,0,0.0,0.00,0.0,0,0,0
3625371743,智R托管-糖炒木之李-塑颜饮-系统-26.1.26-达人直投,被计划暂停,审核通过,通投,商品7日总支付ROI,笔记（商品组件）,695e1fab000000000e03e8b6,63fdabf500000000290108de,视频笔记,"68a59525d3dd4d00012b6c02,68a5957036ab3b00019db5de",智R托管-达人合集-塑颜饮-系统-26.1.26-达人直投,171706465,2026-01-26 14:08:56,0.00,0,0,0.0%,0.0,0.0,0,0.00,0.0,0,0,0.0,0,0,0.0,0,0.0,0,0.0,0,0.0,0,0.0,0,0.0,0,0.0,0,0.0,0,0.0,0,0.0,0.00,0.0,0,0,0
3625424130,智R托管-橘子味橙子-塑颜饮-系统-26.1.26-达人直投-手po,被计划暂停,审核通过,通投,商品7日总支付ROI,笔记（商品组件）,695b90ec000000000d00b5c1,62dfd238000000001e01db3f,图文笔记,"68a59525d3dd4d00012b6c02,68a5957036ab3b00019db5de",智R托管-达人合集-塑颜饮-系统-26.1.26-达人直投-手po,171690200,2026-01-26 14:07:33,0.00,0,0,0.0%,0.0,0.0,0,0.00,0.0,0,0,0.0,0,0,0.0,0,0.0,0,0.0,0,0.0,0,0.0,0,0.0,0,0.0,0,0.0,0,0.0,0,0.0,0.00,0.0,0,0,0
3625424129,智R托管-鸡腿先生-塑颜饮-系统-26.1.26-达人直投-手po,被计划暂停,审核通过,通投,商品7日总支付ROI,笔记（商品组件）,695cc000000000001a02165c,5f806816000000000101d19a,图文笔记,"68a59525d3dd4d00012b6c02,68a5957036ab3b00019db5de",智R托管-达人合集-塑颜饮-系统-26.1.26-达人直投-手po,171690200,2026-01-26 14:07:33,0.00,0,0,0.0%,0.0,0.0,0,0.00,0.0,0,0,0.0,0,0,0.0,0,0.0,0,0.0,0,0.0,0,0.0,0,0.0,0,0.0,0,0.0,0,0.0,0,0.0,0.00,0.0,0,0,0
3625227529,智R托管-呆云小布-塑颜饮-系统-26.1.26-达人直投,暂停,审核通过,通投,商品7日总支付ROI,笔记（商品组件）,6928fea7000000001e00eeae,593e81c25e87e710ca242e64,视频笔记,"68a59525d3dd4d00012b6c02,68a5957036ab3b00019db5de",智R托管-达人合集-塑颜饮-系统-26.1.26-达人直投,171706465,2026-01-26 13:59:02,0.00,0,0,0.0%,0.0,0.0,0,0.00,0.0,0,0,0.0,0,0,0.0,0,0.0,0,0.0,0,0.0,0,0.0,0,0.0,0,0.0,0,0.0,0,0.0,0,0.0,0.00,0.0,0,0,0
3625227528,智R托管-一只大尚尚-塑颜饮-系统-26.1.26-达人直投,被计划暂停,审核通过,通投,商品7日总支付ROI,笔记（商品组件）,694bb79b000000001f00d3dd,5c1a7d87000000000700ffa1,视频笔记,"68a59525d3dd4d00012b6c02,68a5957036ab3b00019db5de",智R托管-达人合集-塑颜饮-系统-26.1.26-达人直投,171706465,2026-01-26 13:59:02,0.00,0,0,0.0%,0.0,0.0,0,0.00,0.0,0,0,0.0,0,0,0.0,0,0.0,0,0.0,0,0.0,0,0.0,0,0.0,0,0.0,0,0.0,0,0.0,0,0.0,0.00,0.0,0,0,0
3623920749,智R搜索-一口冰糖-AGXI-搜索-26.1.26-达人直投,被计划暂停,审核通过,搜索,商品7日总支付ROI,笔记（商品组件）,6954c919000000002103de91,6895f2a8000000002800efb3,视频笔记,67eb97e85d35ce0001a96c29,智R搜索-达人合集-AGXI-搜索-26.1.26-达人直投,171654007,2026-01-26 10:48:15,0.00,0,0,0.0%,0.0,0.0,0,0.00,0.0,0,0,0.0,0,0,0.0,0,0.0,0,0.0,0,0.0,0,0.0,0,0.0,0,0.0,0,0.0,0,0.0,0,0.0,0.00,0.0,0,0,0
3623920748,智R搜索-傅的刚刚好-AGXI-搜索-26.1.26-达人直投,暂停,审核通过,搜索,商品7日总支付ROI,笔记（商品组件）,692e8338000000001e02df37,58b4eb8f50c4b451f6bfe56e,图文笔记,67eb97e85d35ce0001a96c29,智R搜索-达人合集-AGXI-搜索-26.1.26-达人直投,171654007,2026-01-26 10:48:15,0.00,0,0,0.0%,0.0,0.0,0,0.00,0.0,0,0,0.0,0,0,0.0,0,0.0,0,0.0,0,0.0,0,0.0,0,0.0,0,0.0,0,0.0,0,0.0,0,0.0,0.00,0.0,0,0,0
3623920747,智R搜索-爱吃肉的小土鳖-AGXI-搜索-26.1.26-达人直投,暂停,审核通过,搜索,商品7日总支付ROI,笔记（商品组件）,694a5a7b000000000d03831e,5c742dcd0000000010022a1d,视频笔记,67eb97e85d35ce0001a96c29,智R搜索-达人合集-AGXI-搜索-26.1.26-达人直投,171654007,2026-01-26 10:48:15,0.00,0,0,0.0%,0.0,0.0,0,0.00,0.0,0,0,0.0,0,0,0.0,0,0.0,0,0.0,0,0.0,0,0.0,0,0.0,0,0.0,0,0.0,0,0.0,0,0.0,0.00,0.0,0,0,0
3623920746,智R搜索-美丽小玉-AGXI-搜索-26.1.26-达人直投,暂停,审核通过,搜索,商品7日总支付ROI,笔记（商品组件）,69297a20000000001e0103f8,5b51c15ae8ac2b42933a7fb3,图文笔记,67eb97e85d35ce0001a96c29,智R搜索-达人合集-AGXI-搜索-26.1.26-达人直投,171654007,2026-01-26 10:48:15,0.00,0,0,0.0%,0.0,0.0,0,0.00,0.0,0,0,0.0,0,0,0.0,0,0.0,0,0.0,0,0.0,0,0.0,0,0.0,0,0.0,0,0.0,0,0.0,0,0.0,0.00,0.0,0,0,0
3623889830,智R搜索-速喝这-AGXI-搜索-26.1.26,被计划暂停,审核通过,搜索,商品7日总支付ROI,笔记（商品组件）,69699915000000001a02c6fb,59cde3b9db2e6029a99da214,视频笔记,"67f62ea104afe30001b8d8ed,67eb97e85d35ce0001a96c29",智R搜索-优质合集-AGXI-搜索-26.1.26,171665249,2026-01-26 10:42:56,0.00,0,0,0.0%,0.0,0.0,0,0.00,0.0,0,0,0.0,0,0,0.0,0,0.0,0,0.0,0,0.0,0,0.0,0,0.0,0,0.0,0,0.0,0,0.0,0,0.0,0.00,0.0,0,0,0
3623889829,智R搜索-这一件事-AGXI-搜索-26.1.26,暂停,审核通过,搜索,商品7日总支付ROI,笔记（商品组件）,6969f257000000000e00fe9a,59cde3b9db2e6029a99da214,图文笔记,"67f62ea104afe30001b8d8ed,67eb97e85d35ce0001a96c29",智R搜索-优质合集-AGXI-搜索-26.1.26,171665249,2026-01-26 10:42:56,0.00,0,0,0.0%,0.0,0.0,0,0.00,0.0,0,0,0.0,0,0,0.0,0,0.0,0,0.0,0,0.0,0,0.0,0,0.0,0,0.0,0,0.0,0,0.0,0,0.0,0.00,0.0,0,0,0
3623889828,智R搜索-天打卡-AGXI-搜索-26.1.26,暂停,审核通过,搜索,商品7日总支付ROI,笔记（商品组件）,695b208f0000000022022aae,59cde3b9db2e6029a99da214,视频笔记,"67f62ea104afe30001b8d8ed,67eb97e85d35ce0001a96c29",智R搜索-优质合集-AGXI-搜索-26.1.26,171665249,2026-01-26 10:42:56,0.00,0,0,0.0%,0.0,0.0,0,0.00,0.0,0,0,0.0,0,0,0.0,0,0.0,0,0.0,0,0.0,0,0.0,0,0.0,0,0.0,0,0.0,0,0.0,0,0.0,0.00,0.0,0,0,0
3623889827,智R搜索-不如喝-AGXI-搜索-26.1.26,暂停,审核通过,搜索,商品7日总支付ROI,笔记（商品组件）,6940bd4d000000001e00d771,59cde3b9db2e6029a99da214,视频笔记,"67f62ea104afe30001b8d8ed,67eb97e85d35ce0001a96c29",智R搜索-优质合集-AGXI-搜索-26.1.26,171665249,2026-01-26 10:42:56,0.00,0,0,0.0%,0.0,0.0,0,0.00,0.0,0,0,0.0,0,0,0.0,0,0.0,0,0.0,0,0.0,0,0.0,0,0.0,0,0.0,0,0.0,0,0.0,0,0.0,0.00,0.0,0,0,0
3623889826,智R搜索-素颜杀-AGXI-搜索-26.1.26,暂停,审核通过,搜索,商品7日总支付ROI,笔记（商品组件）,690c4a8f0000000005001713,59cde3b9db2e6029a99da214,图文笔记,"67f62ea104afe30001b8d8ed,67eb97e85d35ce0001a96c29",智R搜索-优质合集-AGXI-搜索-26.1.26,171665249,2026-01-26 10:42:56,0.00,0,0,0.0%,0.0,0.0,0,0.00,0.0,0,0,0.0,0,0,0.0,0,0.0,0,0.0,0,0.0,0,0.0,0,0.0,0,0.0,0,0.0,0,0.0,0,0.0,0.00,0.0,0,0,0
3574109098,智R托管-他们身-御三家-系统-26.1.21,暂停,审核通过,通投,商品7日总支付ROI,笔记（商品组件）,694c9f26000000001e02e372,59cde3b9db2e6029a99da214,视频笔记,68a595d130bf8c0001e0f7ed,智R托管-他们身-御三家-系统-26.1.21,170676776,2026-01-21 10:33:50,0.00,0,0,0.0%,0.0,0.0,0,0.00,0.0,0,0,0.0,0,0,0.0,0,0.0,0,0.0,0,0.0,0,0.0,0,0.0,0,0.0,0,0.0,0,0.0,0,0.0,0.00,0.0,0,0,0
3574241238,智R托管-君君来啦-AGXI-系统-26.1.21-达人直投,暂停,审核通过,通投,商品7日总支付ROI,笔记（商品组件）,692e9bcb000000001e0098ec,63ccb44700000000260068ba,图文笔记,"67eb97e85d35ce0001a96c29,67f62ea104afe30001b8d8ed",智R托管-达人合集-AGXI-系统-26.1.21-达人直投,170676682,2026-01-21 10:31:17,0.00,0,0,0.0%,0.0,0.0,0,0.00,0.0,0,0,0.0,0,0,0.0,0,0.0,0,0.0,0,0.0,0,0.0,0,0.0,0,0.0,0,0.0,0,0.0,0,0.0,0.00,0.0,0,0,0
3574241237,智R托管-美丽小玉-AGXI-系统-26.1.21-达人直投,暂停,审核通过,通投,商品7日总支付ROI,笔记（商品组件）,69297a20000000001e0103f8,5b51c15ae8ac2b42933a7fb3,图文笔记,"67eb97e85d35ce0001a96c29,67f62ea104afe30001b8d8ed",智R托管-达人合集-AGXI-系统-26.1.21-达人直投,170676682,2026-01-21 10:31:17,0.00,0,0,0.0%,0.0,0.0,0,0.00,0.0,0,0,0.0,0,0,0.0,0,0.0,0,0.0,0,0.0,0,0.0,0,0.0,0,0.0,0,0.0,0,0.0,0,0.0,0.00,0.0,0,0,0
3564046512,智R托管-双枪美少女-光感白肌饮-系统-26.1.20-达人直投,被计划暂停,审核通过,通投,商品7日总支付ROI,笔记（商品组件）,695f510d0000000022020cbd,60c9947800000000010053ae,图文笔记,"67bd86679759260001a41644,67bd894629b9f70001b66fed",智R托管-新达人合集-光感白肌饮-系统-26.1.20-达人直投,170492408,2026-01-20 11:56:12,0.00,0,0,0.0%,0.0,0.0,0,0.00,0.0,0,0,0.0,0,0,0.0,0,0.0,0,0.0,0,0.0,0,0.0,0,0.0,0,0.0,0,0.0,0,0.0,0,0.0,0.00,0.0,0,0,0
3564046511,智R托管-津津同学-光感白肌饮-系统-26.1.20-达人直投,被计划暂停,审核通过,通投,商品7日总支付ROI,笔记（商品组件）,695e07b4000000000b00aa83,5c4d0c6f000000001003ebaa,图文笔记,"67bd86679759260001a41644,67bd894629b9f70001b66fed",智R托管-新达人合集-光感白肌饮-系统-26.1.20-达人直投,170492408,2026-01-20 11:56:12,0.00,0,0,0.0%,0.0,0.0,0,0.00,0.0,0,0,0.0,0,0,0.0,0,0.0,0,0.0,0,0.0,0,0.0,0,0.0,0,0.0,0,0.0,0,0.0,0,0.0,0.00,0.0,0,0,0
3564046510,智R托管-野玫瑰姐姐-光感白肌饮-系统-26.1.20-达人直投,被计划暂停,审核通过,通投,商品7日总支付ROI,笔记（商品组件）,694e0776000000001e02a26a,59c3789751783a4b981885a7,图文笔记,"67bd86679759260001a41644,67bd894629b9f70001b66fed",智R托管-新达人合集-光感白肌饮-系统-26.1.20-达人直投,170492408,2026-01-20 11:56:12,0.00,0,0,0.0%,0.0,0.0,0,0.00,0.0,0,0,0.0,0,0,0.0,0,0.0,0,0.0,0,0.0,0,0.0,0,0.0,0,0.0,0,0.0,0,0.0,0,0.0,0.00,0.0,0,0,0
3564046509,智R托管-仙与刀-光感白肌饮-系统-26.1.20-达人直投,被计划暂停,审核通过,通投,商品7日总支付ROI,笔记（商品组件）,6969e6350000000022031087,61effa06000000001000a395,视频笔记,"67bd86679759260001a41644,67bd894629b9f70001b66fed",智R托管-新达人合集-光感白肌饮-系统-26.1.20-达人直投,170492408,2026-01-20 11:56:12,0.00,0,0,0.0%,0.0,0.0,0,0.00,0.0,0,0,0.0,0,0,0.0,0,0.0,0,0.0,0,0.0,0,0.0,0,0.0,0,0.0,0,0.0,0,0.0,0,0.0,0.00,0.0,0,0,0
3564046508,智R托管-龟苓糕酱-光感白肌饮-系统-26.1.20-达人直投,被计划暂停,审核通过,通投,商品7日总支付ROI,笔记（商品组件）,695278a1000000002200a35d,6224c20a000000002102593c,视频笔记,"67bd86679759260001a41644,67bd894629b9f70001b66fed",智R托管-新达人合集-光感白肌饮-系统-26.1.20-达人直投,170492408,2026-01-20 11:56:12,0.00,0,0,0.0%,0.0,0.0,0,0.00,0.0,0,0,0.0,0,0,0.0,0,0.0,0,0.0,0,0.0,0,0.0,0,0.0,0,0.0,0,0.0,0,0.0,0,0.0,0.00,0.0,0,0,0
3553455645,智R托管-高段位女主进阶手册-AGXI-系统-26.1.19-达人直投,被计划暂停,审核通过,通投,商品7日总支付ROI,笔记（商品组件）,6965b058000000001a027b78,667fc0550000000003033f15,图文笔记,"67eb97e85d35ce0001a96c29,67f62ea104afe30001b8d8ed",智R托管-达人合集-AGXI-系统-26.1.19-达人直投,170244188,2026-01-19 11:36:22,0.00,0,0,0.0%,0.0,0.0,0,0.00,0.0,0,0,0.0,0,0,0.0,0,0.0,0,0.0,0,0.0,0,0.0,0,0.0,0,0.0,0,0.0,0,0.0,0,0.0,0.00,0.0,0,0,0
3553455644,智R托管-Babycc-AGXI-系统-26.1.19-达人直投,被计划暂停,审核通过,通投,商品7日总支付ROI,笔记（商品组件）,6969ecaf000000000a0327e7,577964446a6a696924ffc190,视频笔记,"67eb97e85d35ce0001a96c29,67f62ea104afe30001b8d8ed",智R托管-达人合集-AGXI-系统-26.1.19-达人直投,170244188,2026-01-19 11:36:22,0.00,0,0,0.0%,0.0,0.0,0,0.00,0.0,0,0,0.0,0,0,0.0,0,0.0,0,0.0,0,0.0,0,0.0,0,0.0,0,0.0,0,0.0,0,0.0,0,0.0,0.00,0.0,0,0,0
3553455643,智R托管-金角兔王-AGXI-系统-26.1.19-达人直投,被计划暂停,审核通过,通投,商品7日总支付ROI,笔记（商品组件）,696a1f78000000001a027c3f,595bc71d82ec396819cf848c,视频笔记,"67eb97e85d35ce0001a96c29,67f62ea104afe30001b8d8ed",智R托管-达人合集-AGXI-系统-26.1.19-达人直投,170244188,2026-01-19 11:36:22,0.00,0,0,0.0%,0.0,0.0,0,0.00,0.0,0,0,0.0,0,0,0.0,0,0.0,0,0.0,0,0.0,0,0.0,0,0.0,0,0.0,0,0.0,0,0.0,0,0.0,0.00,0.0,0,0,0
3553455642,智R托管-爱吃肉的小土鳖-AGXI-系统-26.1.19-达人直投,暂停,审核通过,通投,商品7日总支付ROI,笔记（商品组件）,694a5a7b000000000d03831e,5c742dcd0000000010022a1d,视频笔记,"67eb97e85d35ce0001a96c29,67f62ea104afe30001b8d8ed",智R托管-达人合集-AGXI-系统-26.1.19-达人直投,170244188,2026-01-19 11:36:22,0.00,0,0,0.0%,0.0,0.0,0,0.00,0.0,0,0,0.0,0,0,0.0,0,0.0,0,0.0,0,0.0,0,0.0,0,0.0,0,0.0,0,0.0,0,0.0,0,0.0,0.00,0.0,0,0,0
3526944196,智R托管-贵妇听劝-御三家-系统-1.16,被计划暂停,审核通过,通投,商品7日总下单ROI,笔记（商品组件）,68f5a570000000000402ba94,59cde3b9db2e6029a99da214,视频笔记,"67eb97e85d35ce0001a96c29,67f631353d8f3800016fb4f9,68a594b62eb6de000174964c,68a595d130bf8c0001e0f7ed",智R托管-贵妇听劝-御三家-系统-1.16,169752012,2026-01-16 13:53:23,0.00,0,0,0.0%,0.0,0.0,0,0.00,0.0,0,0,0.0,0,0,0.0,0,0.0,0,0.0,0,0.0,0,0.0,0,0.0,0,0.0,0,0.0,0,0.0,0,0.0,0.00,0.0,0,0,0
3524480051,智R托管-番茄不炒蛋-AGXI-系统-1.16-达人直投,被计划暂停,审核通过,通投,商品7日总支付ROI,笔记（商品组件）,69315dd4000000001e0136c0,5990117782ec3941c47a3795,图文笔记,"67eb97e85d35ce0001a96c29,67f62ea104afe30001b8d8ed",智R托管-达人合集-AGXI-系统-1.16-达人直投,169730290,2026-01-16 10:24:08,0.00,0,0,0.0%,0.0,0.0,0,0.00,0.0,0,0,0.0,0,0,0.0,0,0.0,0,0.0,0,0.0,0,0.0,0,0.0,0,0.0,0,0.0,0,0.0,0,0.0,0.00,0.0,0,0,0
3524480050,智R托管-一口冰糖-AGXI-系统-1.16-达人直投,暂停,审核通过,通投,商品7日总支付ROI,笔记（商品组件）,6954c919000000002103de91,6895f2a8000000002800efb3,视频笔记,"67eb97e85d35ce0001a96c29,67f62ea104afe30001b8d8ed",智R托管-达人合集-AGXI-系统-1.16-达人直投,169730290,2026-01-16 10:24:08,0.00,0,0,0.0%,0.0,0.0,0,0.00,0.0,0,0,0.0,0,0,0.0,0,0.0,0,0.0,0,0.0,0,0.0,0,0.0,0,0.0,0,0.0,0,0.0,0,0.0,0.00,0.0,0,0,0
3524480049,智R托管-Yookson-AGXI-系统-1.16-达人直投,被计划暂停,审核通过,通投,商品7日总支付ROI,笔记（商品组件）,6964967d000000000d009f63,603f17ab0000000001006364,视频笔记,"67eb97e85d35ce0001a96c29,67f62ea104afe30001b8d8ed",智R托管-达人合集-AGXI-系统-1.16-达人直投,169730290,2026-01-16 10:24:08,0.00,0,0,0.0%,0.0,0.0,0,0.00,0.0,0,0,0.0,0,0,0.0,0,0.0,0,0.0,0,0.0,0,0.0,0,0.0,0,0.0,0,0.0,0,0.0,0,0.0,0.00,0.0,0,0,0
3523706434,智R托管-雪肌美人-光感白肌饮-系统-26.1.16,被计划暂停,审核通过,通投,商品7日总下单ROI,笔记（商品组件）,69689b4d000000000d00ae68,59cde3b9db2e6029a99da214,视频笔记,"67bd86679759260001a41644,67bd894629b9f70001b66fed",智R托管-雪肌美人-光感白肌饮-系统-26.1.16,169706056,2026-01-16 08:47:03,0.00,0,0,0.0%,0.0,0.0,0,0.00,0.0,0,0,0.0,0,0,0.0,0,0.0,0,0.0,0,0.0,0,0.0,0,0.0,0,0.0,0,0.0,0,0.0,0,0.0,0.00,0.0,0,0,0
3516289399,智R托管-时髦精清新-光感白肌饮-系统-1.15-达人直投,被计划暂停,审核通过,通投,商品7日总下单ROI,笔记（商品组件）,69313c67000000001e011f1b,5a7439534eacab12036ba9fb,视频笔记,"67bd86679759260001a41644,67bd894629b9f70001b66fed",智R托管-图文合集-光感白肌饮-系统-1.15-达人直投,169487253,2026-01-15 14:12:40,0.00,0,0,0.0%,0.0,0.0,0,0.00,0.0,0,0,0.0,0,0,0.0,0,0.0,0,0.0,0,0.0,0,0.0,0,0.0,0,0.0,0,0.0,0,0.0,0,0.0,0.00,0.0,0,0,0
3516289398,智R托管-李喵喵miaomiao-光感白肌饮-系统-1.15-达人直投,暂停,审核通过,通投,商品7日总下单ROI,笔记（商品组件）,67c68e1e0000000029029df3,5657c430e4251d04a5103a9c,图文笔记,"67bd86679759260001a41644,67bd894629b9f70001b66fed",智R托管-图文合集-光感白肌饮-系统-1.15-达人直投,169487253,2026-01-15 14:12:40,0.00,0,0,0.0%,0.0,0.0,0,0.00,0.0,0,0,0.0,0,0,0.0,0,0.0,0,0.0,0,0.0,0,0.0,0,0.0,0,0.0,0,0.0,0,0.0,0,0.0,0.00,0.0,0,0,0
3515950793,智R托管-天打卡-AGXI-定向-1.15,暂停,审核通过,通投,商品7日总支付ROI,笔记（商品组件）,695b208f0000000022022aae,59cde3b9db2e6029a99da214,视频笔记,"67eb97e85d35ce0001a96c29,67f62ea104afe30001b8d8ed",智R托管-视频合集-AGXI-定向-1.15,169502065,2026-01-15 13:54:53,0.00,0,0,0.0%,0.0,0.0,0,0.00,0.0,0,0,0.0,0,0,0.0,0,0.0,0,0.0,0,0.0,0,0.0,0,0.0,0,0.0,0,0.0,0,0.0,0,0.0,0.00,0.0,0,0,0
3515950792,智R托管-不如喝-AGXI-定向-1.15,暂停,审核通过,通投,商品7日总支付ROI,笔记（商品组件）,6940bd4d000000001e00d771,59cde3b9db2e6029a99da214,视频笔记,"67eb97e85d35ce0001a96c29,67f62ea104afe30001b8d8ed",智R托管-视频合集-AGXI-定向-1.15,169502065,2026-01-15 13:54:53,0.00,0,0,0.0%,0.0,0.0,0,0.00,0.0,0,0,0.0,0,0,0.0,0,0.0,0,0.0,0,0.0,0,0.0,0,0.0,0,0.0,0,0.0,0,0.0,0,0.0,0.00,0.0,0,0,0
3515792081,智R托管-张馨予24-AGXI-定向-1.15,暂停,审核通过,通投,商品7日总支付ROI,笔记（商品组件）,68ea00c3000000000402bba1,59cde3b9db2e6029a99da214,图文笔记,"67eb97e85d35ce0001a96c29,67f62ea104afe30001b8d8ed",智R托管-图文合集-AGXI-定向-1.15,169465848,2026-01-15 13:51:01,0.00,0,0,0.0%,0.0,0.0,0,0.00,0.0,0,0,0.0,0,0,0.0,0,0.0,0,0.0,0,0.0,0,0.0,0,0.0,0,0.0,0,0.0,0,0.0,0,0.0,0.00,0.0,0,0,0
3515792080,智R托管-真香了-AGXI-定向-1.15,被计划暂停,审核通过,通投,商品7日总支付ROI,笔记（商品组件）,6929647b000000001f00f320,59cde3b9db2e6029a99da214,图文笔记,"67eb97e85d35ce0001a96c29,67f62ea104afe30001b8d8ed",智R托管-图文合集-AGXI-定向-1.15,169465848,2026-01-15 13:51:01,0.00,0,0,0.0%,0.0,0.0,0,0.00,0.0,0,0,0.0,0,0,0.0,0,0.0,0,0.0,0,0.0,0,0.0,0,0.0,0,0.0,0,0.0,0,0.0,0,0.0,0.00,0.0,0,0,0
3515792079,智R托管-素颜杀-AGXI-定向-1.15,暂停,审核通过,通投,商品7日总支付ROI,笔记（商品组件）,690c4a8f0000000005001713,59cde3b9db2e6029a99da214,图文笔记,"67eb97e85d35ce0001a96c29,67f62ea104afe30001b8d8ed",智R托管-图文合集-AGXI-定向-1.15,169465848,2026-01-15 13:51:01,0.00,0,0,0.0%,0.0,0.0,0,0.00,0.0,0,0,0.0,0,0,0.0,0,0.0,0,0.0,0,0.0,0,0.0,0,0.0,0,0.0,0,0.0,0,0.0,0,0.0,0.00,0.0,0,0,0
3513742688,智R搜索-深扒晓-横测笔记-系统-1.15,暂停,审核通过,搜索,商品7日总支付ROI,笔记（商品组件）,68f9fee30000000005003593,59cde3b9db2e6029a99da214,图文笔记,"681c861f8da761000133f1fb,6748224252f26600016f5a21,67eb97e85d35ce0001a96c29,68a594b62eb6de000174964c,67bd86679759260001a41644,68a595d130bf8c0001e0f7ed",智R搜索-深扒晓-横测笔记-系统-1.15,169438408,2026-01-15 10:12:46,0.00,0,0,0.0%,0.0,0.0,0,0.00,0.0,0,0,0.0,0,0,0.0,0,0.0,0,0.0,0,0.0,0,0.0,0,0.0,0,0.0,0,0.0,0,0.0,0,0.0,0.00,0.0,0,0,0
3502320419,智R托管-君君来啦-AGXI-系统-26.1.14-达人直投,暂停,审核通过,通投,商品7日总支付ROI,笔记（商品组件）,692e9bcb000000001e0098ec,63ccb44700000000260068ba,图文笔记,"67eb97e85d35ce0001a96c29,67f62ea104afe30001b8d8ed",智R托管-达人合集-AGXI-系统-26.1.14-达人直投,169133085,2026-01-14 09:49:17,0.00,0,0,0.0%,0.0,0.0,0,0.00,0.0,0,0,0.0,0,0,0.0,0,0.0,0,0.0,0,0.0,0,0.0,0,0.0,0,0.0,0,0.0,0,0.0,0,0.0,0.00,0.0,0,0,0
3502320418,智R托管-美丽小玉-AGXI-系统-26.1.14-达人直投,暂停,审核通过,通投,商品7日总支付ROI,笔记（商品组件）,69297a20000000001e0103f8,5b51c15ae8ac2b42933a7fb3,图文笔记,"67eb97e85d35ce0001a96c29,67f62ea104afe30001b8d8ed",智R托管-达人合集-AGXI-系统-26.1.14-达人直投,169133085,2026-01-14 09:49:17,0.00,0,0,0.0%,0.0,0.0,0,0.00,0.0,0,0,0.0,0,0,0.0,0,0.0,0,0.0,0,0.0,0,0.0,0,0.0,0,0.0,0,0.0,0,0.0,0,0.0,0.00,0.0,0,0,0
3495563592,智R托管-野生锦鲤-塑颜饮-系统-26.1.13-达人直投,被计划暂停,审核通过,通投,商品7日总支付ROI,笔记（商品组件）,6943c724000000001b022707,5c3ea8770000000007022a81,图文笔记,68a5957036ab3b00019db5de,智R托管-达人图文合集-塑颜饮-系统-26.1.13-达人直投,168996468,2026-01-13 16:10:23,0.00,0,0,0.0%,0.0,0.0,0,0.00,0.0,0,0,0.0,0,0,0.0,0,0.0,0,0.0,0,0.0,0,0.0,0,0.0,0,0.0,0,0.0,0,0.0,0,0.0,0.00,0.0,0,0,0
3495563591,智R托管-奶恩-塑颜饮-系统-26.1.13-达人直投,被计划暂停,审核通过,通投,商品7日总支付ROI,笔记（商品组件）,6943c644000000001e00278d,652eb425000000002a02bba8,图文笔记,68a5957036ab3b00019db5de,智R托管-达人图文合集-塑颜饮-系统-26.1.13-达人直投,168996468,2026-01-13 16:10:23,0.00,0,0,0.0%,0.0,0.0,0,0.00,0.0,0,0,0.0,0,0,0.0,0,0.0,0,0.0,0,0.0,0,0.0,0,0.0,0,0.0,0,0.0,0,0.0,0,0.0,0.00,0.0,0,0,0
3495563590,智R托管-史迪奇爱挖宝-塑颜饮-系统-26.1.13-达人直投,暂停,审核通过,通投,商品7日总支付ROI,笔记（商品组件）,694397ea000000001e025b51,6468e10a000000001203790f,图文笔记,68a5957036ab3b00019db5de,智R托管-达人图文合集-塑颜饮-系统-26.1.13-达人直投,168996468,2026-01-13 16:10:23,0.00,0,0,0.0%,0.0,0.0,0,0.00,0.0,0,0,0.0,0,0,0.0,0,0.0,0,0.0,0,0.0,0,0.0,0,0.0,0,0.0,0,0.0,0,0.0,0,0.0,0.00,0.0,0,0,0
3495563589,智R托管-南屿-塑颜饮-系统-26.1.13-达人直投,被计划暂停,审核通过,通投,商品7日总支付ROI,笔记（商品组件）,69450866000000001e00271a,647971df0000000011003b38,图文笔记,68a5957036ab3b00019db5de,智R托管-达人图文合集-塑颜饮-系统-26.1.13-达人直投,168996468,2026-01-13 16:10:23,0.00,0,0,0.0%,0.0,0.0,0,0.00,0.0,0,0,0.0,0,0,0.0,0,0.0,0,0.0,0,0.0,0,0.0,0,0.0,0,0.0,0,0.0,0,0.0,0,0.0,0.00,0.0,0,0,0
3495602472,智R托管-郭GGLinlin-光感白肌饮-系统-26.1.13-达人直投,暂停,审核通过,通投,商品7日总支付ROI,笔记（商品组件）,695f959b0000000022038963,5ea866cc0000000001006184,图文笔记,"67bd86679759260001a41644,67a96f5af4fe140001803e33,67bd894629b9f70001b66fed",智R托管-新达人合集-光感白肌饮-系统-26.1.13-达人直投,168991948,2026-01-13 16:00:01,0.00,0,0,0.0%,0.0,0.0,0,0.00,0.0,0,0,0.0,0,0,0.0,0,0.0,0,0.0,0,0.0,0,0.0,0,0.0,0,0.0,0,0.0,0,0.0,0,0.0,0.00,0.0,0,0,0
3495602471,智R托管-双枪美少女-光感白肌饮-系统-26.1.13-达人直投,被计划暂停,审核通过,通投,商品7日总支付ROI,笔记（商品组件）,695f510d0000000022020cbd,60c9947800000000010053ae,图文笔记,"67bd86679759260001a41644,67a96f5af4fe140001803e33,67bd894629b9f70001b66fed",智R托管-新达人合集-光感白肌饮-系统-26.1.13-达人直投,168991948,2026-01-13 16:00:01,0.00,0,0,0.0%,0.0,0.0,0,0.00,0.0,0,0,0.0,0,0,0.0,0,0.0,0,0.0,0,0.0,0,0.0,0,0.0,0,0.0,0,0.0,0,0.0,0,0.0,0.00,0.0,0,0,0
3495602470,智R托管-小小柠檬-光感白肌饮-系统-26.1.13-达人直投,被计划暂停,审核通过,通投,商品7日总支付ROI,笔记（商品组件）,695f7bb40000000022033740,615541f50000000002022d3e,视频笔记,"67bd86679759260001a41644,67a96f5af4fe140001803e33,67bd894629b9f70001b66fed",智R托管-新达人合集-光感白肌饮-系统-26.1.13-达人直投,168991948,2026-01-13 16:00:01,0.00,0,0,0.0%,0.0,0.0,0,0.00,0.0,0,0,0.0,0,0,0.0,0,0.0,0,0.0,0,0.0,0,0.0,0,0.0,0,0.0,0,0.0,0,0.0,0,0.0,0.00,0.0,0,0,0
3495602469,智R托管-UU-光感白肌饮-系统-26.1.13-达人直投,被计划暂停,审核通过,通投,商品7日总支付ROI,笔记（商品组件）,694bb772000000001e0383eb,666d33650000000003031164,图文笔记,"67bd86679759260001a41644,67a96f5af4fe140001803e33,67bd894629b9f70001b66fed",智R托管-新达人合集-光感白肌饮-系统-26.1.13-达人直投,168991948,2026-01-13 16:00:01,0.00,0,0,0.0%,0.0,0.0,0,0.00,0.0,0,0,0.0,0,0,0.0,0,0.0,0,0.0,0,0.0,0,0.0,0,0.0,0,0.0,0,0.0,0,0.0,0,0.0,0.00,0.0,0,0,0
3495602468,智R托管-津津同学-光感白肌饮-系统-26.1.13-达人直投,被计划暂停,审核通过,通投,商品7日总支付ROI,笔记（商品组件）,695e07b4000000000b00aa83,5c4d0c6f000000001003ebaa,图文笔记,"67bd86679759260001a41644,67a96f5af4fe140001803e33,67bd894629b9f70001b66fed",智R托管-新达人合集-光感白肌饮-系统-26.1.13-达人直投,168991948,2026-01-13 16:00:01,0.00,0,0,0.0%,0.0,0.0,0,0.00,0.0,0,0,0.0,0,0,0.0,0,0.0,0,0.0,0,0.0,0,0.0,0,0.0,0,0.0,0,0.0,0,0.0,0,0.0,0.00,0.0,0,0,0
3495602467,智R托管-SarahWei-光感白肌饮-系统-26.1.13-达人直投,被计划暂停,审核通过,通投,商品7日总支付ROI,笔记（商品组件）,695cb4ae000000001a01f6b4,57c694d36a6a6975400496b9,视频笔记,"67bd86679759260001a41644,67a96f5af4fe140001803e33,67bd894629b9f70001b66fed",智R托管-新达人合集-光感白肌饮-系统-26.1.13-达人直投,168991948,2026-01-13 16:00:01,0.00,0,0,0.0%,0.0,0.0,0,0.00,0.0,0,0,0.0,0,0,0.0,0,0.0,0,0.0,0,0.0,0,0.0,0,0.0,0,0.0,0,0.0,0,0.0,0,0.0,0.00,0.0,0,0,0
3495602466,智R托管-野玫瑰姐姐-光感白肌饮-系统-26.1.13-达人直投,被计划暂停,审核通过,通投,商品7日总支付ROI,笔记（商品组件）,694e0776000000001e02a26a,59c3789751783a4b981885a7,图文笔记,"67bd86679759260001a41644,67a96f5af4fe140001803e33,67bd894629b9f70001b66fed",智R托管-新达人合集-光感白肌饮-系统-26.1.13-达人直投,168991948,2026-01-13 16:00:01,0.00,0,0,0.0%,0.0,0.0,0,0.00,0.0,0,0,0.0,0,0,0.0,0,0.0,0,0.0,0,0.0,0,0.0,0,0.0,0,0.0,0,0.0,0,0.0,0,0.0,0.00,0.0,0,0,0
3495602465,智R托管-龟苓糕酱-光感白肌饮-系统-26.1.13-达人直投,被计划暂停,审核通过,通投,商品7日总支付ROI,笔记（商品组件）,695278a1000000002200a35d,6224c20a000000002102593c,视频笔记,"67bd86679759260001a41644,67a96f5af4fe140001803e33,67bd894629b9f70001b66fed",智R托管-新达人合集-光感白肌饮-系统-26.1.13-达人直投,168991948,2026-01-13 16:00:01,0.00,0,0,0.0%,0.0,0.0,0,0.00,0.0,0,0,0.0,0,0,0.0,0,0.0,0,0.0,0,0.0,0,0.0,0,0.0,0,0.0,0,0.0,0,0.0,0,0.0,0.00,0.0,0,0,0
3494798105,智R托管-Affogato-光感白肌饮-定向-26.1.13-达人直投,暂停,审核拒绝,通投,商品7日总支付ROI,笔记（商品组件）,693fc7b4000000001b0276e6,5f66c9880000000001001226,图文笔记,"67bd86679759260001a41644,67a96f5af4fe140001803e33,67bd894629b9f70001b66fed",智R托管-产出达人合集-光感白肌饮-定向-26.1.13-达人直投,168992405,2026-01-13 14:58:45,0.00,0,0,0.0%,0.0,0.0,0,0.00,0.0,0,0,0.0,0,0,0.0,0,0.0,0,0.0,0,0.0,0,0.0,0,0.0,0,0.0,0,0.0,0,0.0,0,0.0,0.00,0.0,0,0,0
3494798104,智R托管-时髦精清新-光感白肌饮-定向-26.1.13-达人直投,被计划暂停,审核通过,通投,商品7日总支付ROI,笔记（商品组件）,69313c67000000001e011f1b,5a7439534eacab12036ba9fb,视频笔记,"67bd86679759260001a41644,67a96f5af4fe140001803e33,67bd894629b9f70001b66fed",智R托管-产出达人合集-光感白肌饮-定向-26.1.13-达人直投,168992405,2026-01-13 14:58:45,0.00,0,0,0.0%,0.0,0.0,0,0.00,0.0,0,0,0.0,0,0,0.0,0,0.0,0,0.0,0,0.0,0,0.0,0,0.0,0,0.0,0,0.0,0,0.0,0,0.0,0.00,0.0,0,0,0
3494798103,智R托管-小爱Ayla-光感白肌饮-定向-26.1.13-达人直投,暂停,审核通过,通投,商品7日总支付ROI,笔记（商品组件）,68ef19b7000000000503ab4a,5795e442a9b2ed20e18ce046,视频笔记,"67bd86679759260001a41644,67a96f5af4fe140001803e33,67bd894629b9f70001b66fed",智R托管-产出达人合集-光感白肌饮-定向-26.1.13-达人直投,168992405,2026-01-13 14:58:45,0.00,0,0,0.0%,0.0,0.0,0,0.00,0.0,0,0,0.0,0,0,0.0,0,0.0,0,0.0,0,0.0,0,0.0,0,0.0,0,0.0,0,0.0,0,0.0,0,0.0,0.00,0.0,0,0,0
3484654751,智R搜索-不踩雷-横测笔记-系统-1.12优化,暂停,审核通过,搜索,商品7日总支付ROI,笔记（商品组件）,694b833a000000001e028ab0,59cde3b9db2e6029a99da214,图文笔记,"67f62ea104afe30001b8d8ed,67bd894629b9f70001b66fed,68a5957036ab3b00019db5de,68a595d130bf8c0001e0f7ed,681c861f8da761000133f1fb,6748224252f26600016f5a21",智R搜索-不踩雷-横测笔记-系统-1.12优化,168780486,2026-01-12 15:33:28,0.00,0,0,0.0%,0.0,0.0,0,0.00,0.0,0,0,0.0,0,0,0.0,0,0.0,0,0.0,0,0.0,0,0.0,0,0.0,0,0.0,0,0.0,0,0.0,0,0.0,0.00,0.0,0,0,0
3484305887,智R托管-三家逆-御三家-系统-1.12,暂停,审核通过,通投,商品7日总支付ROI,笔记（商品组件）,6954c5a6000000001f0067f7,59cde3b9db2e6029a99da214,图文笔记,68a595d130bf8c0001e0f7ed,智R托管-合集-御三家-系统-1.12,168757999,2026-01-12 14:35:14,0.00,0,0,0.0%,0.0,0.0,0,0.00,0.0,0,0,0.0,0,0,0.0,0,0.0,0,0.0,0,0.0,0,0.0,0,0.0,0,0.0,0,0.0,0,0.0,0,0.0,0.00,0.0,0,0,0
3484305886,智R托管-想要亮-御三家-系统-1.12,暂停,审核通过,通投,商品7日总支付ROI,笔记（商品组件）,690821b30000000004023e31,59cde3b9db2e6029a99da214,图文笔记,68a595d130bf8c0001e0f7ed,智R托管-合集-御三家-系统-1.12,168757999,2026-01-12 14:35:14,0.00,0,0,0.0%,0.0,0.0,0,0.00,0.0,0,0,0.0,0,0,0.0,0,0.0,0,0.0,0,0.0,0,0.0,0,0.0,0,0.0,0,0.0,0,0.0,0,0.0,0.00,0.0,0,0,0
3484305885,智R托管-他们身-御三家-系统-1.12,暂停,审核通过,通投,商品7日总支付ROI,笔记（商品组件）,694c9f26000000001e02e372,59cde3b9db2e6029a99da214,视频笔记,68a595d130bf8c0001e0f7ed,智R托管-合集-御三家-系统-1.12,168757999,2026-01-12 14:35:14,0.00,0,0,0.0%,0.0,0.0,0,0.00,0.0,0,0,0.0,0,0,0.0,0,0.0,0,0.0,0,0.0,0,0.0,0,0.0,0,0.0,0,0.0,0,0.0,0,0.0,0.00,0.0,0,0,0
3483995426,智R托管-贵妇听劝-御三家-系统-26.1.12优化,被计划暂停,审核通过,通投,商品7日总支付ROI,笔记（商品组件）,68f5a570000000000402ba94,59cde3b9db2e6029a99da214,视频笔记,"67eb97e85d35ce0001a96c29,67f631353d8f3800016fb4f9,68a594b62eb6de000174964c,68a595d130bf8c0001e0f7ed",智R托管-贵妇听劝-御三家-系统-26.1.12优化,168777212,2026-01-12 14:28:43,0.00,0,0,0.0%,0.0,0.0,0,0.00,0.0,0,0,0.0,0,0,0.0,0,0.0,0,0.0,0,0.0,0,0.0,0,0.0,0,0.0,0,0.0,0,0.0,0,0.0,0.00,0.0,0,0,0
3483950259,智R托管-北野百笑-AGXI-定向-1.12-达人直投,暂停,审核拒绝,通投,商品7日总支付ROI,笔记（商品组件）,693631e3000000001e016048,65015b41000000000500257a,视频笔记,"67f62ea104afe30001b8d8ed,67eb97e85d35ce0001a96c29",智R托管-达人图文合集扩量-AGXI-定向-1.4-达人直投,167220936,2026-01-12 13:59:14,0.00,0,0,0.0%,0.0,0.0,0,0.00,0.0,0,0,0.0,0,0,0.0,0,0.0,0,0.0,0,0.0,0,0.0,0,0.0,0,0.0,0,0.0,0,0.0,0,0.0,0.00,0.0,0,0,0
3483031707,智R托管-君君来啦-AGXI-系统-26.1.12-达人直投,暂停,审核通过,通投,商品7日总支付ROI,笔记（商品组件）,692e9bcb000000001e0098ec,63ccb44700000000260068ba,图文笔记,"67eb97e85d35ce0001a96c29,67f62ea104afe30001b8d8ed",智R托管-达人合集-AGXI-系统-26.1.12-达人直投,168739438,2026-01-12 11:55:36,0.00,0,0,0.0%,0.0,0.0,0,0.00,0.0,0,0,0.0,0,0,0.0,0,0.0,0,0.0,0,0.0,0,0.0,0,0.0,0,0.0,0,0.0,0,0.0,0,0.0,0.00,0.0,0,0,0
3483031706,智R托管-美丽小玉-AGXI-系统-26.1.12-达人直投,暂停,审核通过,通投,商品7日总支付ROI,笔记（商品组件）,69297a20000000001e0103f8,5b51c15ae8ac2b42933a7fb3,图文笔记,"67eb97e85d35ce0001a96c29,67f62ea104afe30001b8d8ed",智R托管-达人合集-AGXI-系统-26.1.12-达人直投,168739438,2026-01-12 11:55:36,0.00,0,0,0.0%,0.0,0.0,0,0.00,0.0,0,0,0.0,0,0,0.0,0,0.0,0,0.0,0,0.0,0,0.0,0,0.0,0,0.0,0,0.0,0,0.0,0,0.0,0.00,0.0,0,0,0
3483031705,智R托管-时髦精清新-AGXI-系统-26.1.12-达人直投,暂停,审核通过,通投,商品7日总支付ROI,笔记（商品组件）,6941235a000000001e014390,5a7439534eacab12036ba9fb,视频笔记,"67eb97e85d35ce0001a96c29,67f62ea104afe30001b8d8ed",智R托管-达人合集-AGXI-系统-26.1.12-达人直投,168739438,2026-01-12 11:55:36,0.00,0,0,0.0%,0.0,0.0,0,0.00,0.0,0,0,0.0,0,0,0.0,0,0.0,0,0.0,0,0.0,0,0.0,0,0.0,0,0.0,0,0.0,0,0.0,0,0.0,0.00,0.0,0,0,0
3467221242,智R托管-透亮神器-新X白-系统-1.10,被计划暂停,审核通过,通投,商品7日总支付ROI,笔记（商品组件）,6960d025000000001a02f70a,59cde3b9db2e6029a99da214,视频笔记,"67f6247db2c30c00015cbc5d,67f62e4eec137400010dc1cb,67a96fff17cfa0000166a95f",智R托管-新笔记合集-新X白-系统-1.10,168556932,2026-01-10 16:04:49,0.00,0,0,0.0%,0.0,0.0,0,0.00,0.0,0,0,0.0,0,0,0.0,0,0.0,0,0.0,0,0.0,0,0.0,0,0.0,0,0.0,0,0.0,0,0.0,0,0.0,0.00,0.0,0,0,0
3467221241,智R托管-抗衰搭子-新X白-系统-1.10,暂停,审核通过,通投,商品7日总支付ROI,笔记（商品组件）,6960d116000000001a01e630,59cde3b9db2e6029a99da214,视频笔记,"67f62e4eec137400010dc1cb,6858efa562560900014a4305,67a96f5af4fe140001803e33",智R托管-新笔记合集-新X白-系统-1.10,168556932,2026-01-10 16:04:49,0.00,0,0,0.0%,0.0,0.0,0,0.00,0.0,0,0,0.0,0,0,0.0,0,0.0,0,0.0,0,0.0,0,0.0,0,0.0,0,0.0,0,0.0,0,0.0,0,0.0,0.00,0.0,0,0,0
3467221240,智R托管-已定型-新X白-系统-1.10,被计划暂停,审核通过,通投,商品7日总支付ROI,笔记（商品组件）,6960d1c0000000000e03da57,59cde3b9db2e6029a99da214,视频笔记,"67f62e4eec137400010dc1cb,67f6247db2c30c00015cbc5d,67a96f5af4fe140001803e33",智R托管-新笔记合集-新X白-系统-1.10,168556932,2026-01-10 16:04:49,0.00,0,0,0.0%,0.0,0.0,0,0.00,0.0,0,0,0.0,0,0,0.0,0,0.0,0,0.0,0,0.0,0,0.0,0,0.0,0,0.0,0,0.0,0,0.0,0,0.0,0.00,0.0,0,0,0
3467221239,智R托管-有点小-新X白-系统-1.10,暂停,审核通过,通投,商品7日总支付ROI,笔记（商品组件）,6960d26d000000001a035d41,59cde3b9db2e6029a99da214,视频笔记,"67a96f5af4fe140001803e33,67f6247db2c30c00015cbc5d,67f62e4eec137400010dc1cb",智R托管-新笔记合集-新X白-系统-1.10,168556932,2026-01-10 16:04:49,0.00,0,0,0.0%,0.0,0.0,0,0.00,0.0,0,0,0.0,0,0,0.0,0,0.0,0,0.0,0,0.0,0,0.0,0,0.0,0,0.0,0,0.0,0,0.0,0,0.0,0.00,0.0,0,0,0
3467221238,智R托管-直接盘-新X白-系统-1.10,被计划暂停,审核通过,通投,商品7日总支付ROI,笔记（商品组件）,6960d313000000001a02483c,59cde3b9db2e6029a99da214,视频笔记,"67a96f5af4fe140001803e33,67f6247db2c30c00015cbc5d,67f62e4eec137400010dc1cb",智R托管-新笔记合集-新X白-系统-1.10,168556932,2026-01-10 16:04:49,0.00,0,0,0.0%,0.0,0.0,0,0.00,0.0,0,0,0.0,0,0,0.0,0,0.0,0,0.0,0,0.0,0,0.0,0,0.0,0,0.0,0,0.0,0,0.0,0,0.0,0.00,0.0,0,0,0
3447498795,智R托管-kexiner是可欣-AGXI-系统-26.1.8-达人直投,暂停,审核通过,通投,商品7日总支付ROI,笔记（商品组件）,6955125d000000001f007702,5b07b930e8ac2b4b62712337,视频笔记,"67eb97e85d35ce0001a96c29,67f62ea104afe30001b8d8ed",智R托管-达人合集-AGXI-系统-26.1.8-达人直投,168155379,2026-01-08 17:47:19,0.00,0,0,0.0%,0.0,0.0,0,0.00,0.0,0,0,0.0,0,0,0.0,0,0.0,0,0.0,0,0.0,0,0.0,0,0.0,0,0.0,0,0.0,0,0.0,0,0.0,0.00,0.0,0,0,0
3447498794,智R托管-爱吃肉的小土鳖-AGXI-系统-26.1.8-达人直投,暂停,审核通过,通投,商品7日总支付ROI,笔记（商品组件）,694a5a7b000000000d03831e,5c742dcd0000000010022a1d,视频笔记,"67eb97e85d35ce0001a96c29,67f62ea104afe30001b8d8ed",智R托管-达人合集-AGXI-系统-26.1.8-达人直投,168155379,2026-01-08 17:47:19,0.00,0,0,0.0%,0.0,0.0,0,0.00,0.0,0,0,0.0,0,0,0.0,0,0.0,0,0.0,0,0.0,0,0.0,0,0.0,0,0.0,0,0.0,0,0.0,0,0.0,0.00,0.0,0,0,0
3447498793,智R托管-多莉-AGXI-系统-26.1.8-达人直投,被计划暂停,审核通过,通投,商品7日总支付ROI,笔记（商品组件）,694e2a69000000002202d920,5d1453a80000000012038ffa,视频笔记,"67eb97e85d35ce0001a96c29,67f62ea104afe30001b8d8ed",智R托管-达人合集-AGXI-系统-26.1.8-达人直投,168155379,2026-01-08 17:47:19,0.00,0,0,0.0%,0.0,0.0,0,0.00,0.0,0,0,0.0,0,0,0.0,0,0.0,0,0.0,0,0.0,0,0.0,0,0.0,0,0.0,0,0.0,0,0.0,0,0.0,0.00,0.0,0,0,0
3443983665,智R搜索-时髦精清新-AGXI-搜索-26.1.8-达人直投,被计划暂停,审核通过,搜索,商品7日总支付ROI,笔记（商品组件）,6941235a000000001e014390,5a7439534eacab12036ba9fb,视频笔记,"67eb97e85d35ce0001a96c29,67f62e4eec137400010dc1cb,67f62ea104afe30001b8d8ed",智R搜索-合集4条-AGXI-搜索-26.1.8,168056682,2026-01-08 11:16:20,0.00,0,0,0.0%,0.0,0.0,0,0.00,0.0,0,0,0.0,0,0,0.0,0,0.0,0,0.0,0,0.0,0,0.0,0,0.0,0,0.0,0,0.0,0,0.0,0,0.0,0.00,0.0,0,0,0
3443983664,智R搜索-美丽小玉-AGXI-搜索-26.1.8-达人直投,暂停,审核通过,搜索,商品7日总支付ROI,笔记（商品组件）,69297a20000000001e0103f8,5b51c15ae8ac2b42933a7fb3,图文笔记,"67eb97e85d35ce0001a96c29,67f62e4eec137400010dc1cb,67f62ea104afe30001b8d8ed",智R搜索-合集4条-AGXI-搜索-26.1.8,168056682,2026-01-08 11:16:20,0.00,0,0,0.0%,0.0,0.0,0,0.00,0.0,0,0,0.0,0,0,0.0,0,0.0,0,0.0,0,0.0,0,0.0,0,0.0,0,0.0,0,0.0,0,0.0,0,0.0,0.00,0.0,0,0,0
3443983663,智R搜索-君君来啦-AGXI-搜索-26.1.8-达人直投,暂停,审核通过,搜索,商品7日总支付ROI,笔记（商品组件）,692e9bcb000000001e0098ec,63ccb44700000000260068ba,图文笔记,"67eb97e85d35ce0001a96c29,67f62e4eec137400010dc1cb,67f62ea104afe30001b8d8ed",智R搜索-合集4条-AGXI-搜索-26.1.8,168056682,2026-01-08 11:16:20,0.00,0,0,0.0%,0.0,0.0,0,0.00,0.0,0,0,0.0,0,0,0.0,0,0.0,0,0.0,0,0.0,0,0.0,0,0.0,0,0.0,0,0.0,0,0.0,0,0.0,0.00,0.0,0,0,0
3443983662,智R搜索-不必苦-AGXI-搜索-26.1.8,被计划暂停,审核通过,搜索,商品7日总支付ROI,笔记（商品组件）,693a1624000000001e0275f5,59cde3b9db2e6029a99da214,视频笔记,"67eb97e85d35ce0001a96c29,67f62e4eec137400010dc1cb,67f62ea104afe30001b8d8ed",智R搜索-合集4条-AGXI-搜索-26.1.8,168056682,2026-01-08 11:16:20,0.00,0,0,0.0%,0.0,0.0,0,0.00,0.0,0,0,0.0,0,0,0.0,0,0.0,0,0.0,0,0.0,0,0.0,0,0.0,0,0.0,0,0.0,0,0.0,0,0.0,0.00,0.0,0,0,0
3432259690,智R托管-想要亮-御三家-系统-1.7,暂停,审核通过,通投,商品7日总支付ROI,笔记（商品组件）,690821b30000000004023e31,59cde3b9db2e6029a99da214,图文笔记,"68a595d130bf8c0001e0f7ed,67a96f5af4fe140001803e33,68a59525d3dd4d00012b6c02,67f62ea104afe30001b8d8ed",智R托管-想要亮-御三家-系统-1.7,167812371,2026-01-07 09:44:08,0.00,0,0,0.0%,0.0,0.0,0,0.00,0.0,0,0,0.0,0,0,0.0,0,0.0,0,0.0,0,0.0,0,0.0,0,0.0,0,0.0,0,0.0,0,0.0,0,0.0,0.00,0.0,0,0,0
3432088355,智R托管-不必苦-AGXI-系统-1.7,被计划暂停,审核通过,通投,商品7日总支付ROI,笔记（商品组件）,693a1624000000001e0275f5,59cde3b9db2e6029a99da214,视频笔记,67f62ea104afe30001b8d8ed,智R托管-不必苦-AGXI-系统-1.7,167817868,2026-01-07 09:41:15,0.00,0,0,0.0%,0.0,0.0,0,0.00,0.0,0,0,0.0,0,0,0.0,0,0.0,0,0.0,0,0.0,0,0.0,0,0.0,0,0.0,0,0.0,0,0.0,0,0.0,0.00,0.0,0,0,0
3432248852,智R托管-张馨予24-AGXI-系统-1.7,暂停,审核通过,通投,商品7日总支付ROI,笔记（商品组件）,68ea00c3000000000402bba1,59cde3b9db2e6029a99da214,图文笔记,"67eb97e85d35ce0001a96c29,67f62e4eec137400010dc1cb,67f62ea104afe30001b8d8ed",智R托管-张馨予24-AGXI-系统-1.7,167806978,2026-01-07 09:38:21,0.00,0,0,0.0%,0.0,0.0,0,0.00,0.0,0,0,0.0,0,0,0.0,0,0.0,0,0.0,0,0.0,0,0.0,0,0.0,0,0.0,0,0.0,0,0.0,0,0.0,0.00,0.0,0,0,0
3432188270,智R托管-嫩到炸-塑颜饮-系统-1.7-视觉视频,暂停,审核通过,通投,商品7日总支付ROI,笔记（商品组件）,695478ea000000002203bd30,59cde3b9db2e6029a99da214,视频笔记,68a5957036ab3b00019db5de,智R托管-嫩到炸-塑颜饮-系统-1.7-视觉视频,167822012,2026-01-07 09:34:49,0.00,0,0,0.0%,0.0,0.0,0,0.00,0.0,0,0,0.0,0,0,0.0,0,0.0,0,0.0,0,0.0,0,0.0,0,0.0,0,0.0,0,0.0,0,0.0,0,0.0,0.00,0.0,0,0,0
3415187763,智R托管-贵妇听劝-御三家-系统-1.5,被计划暂停,审核通过,通投,商品7日总下单ROI,笔记（商品组件）,68f5a570000000000402ba94,59cde3b9db2e6029a99da214,视频笔记,"67eb97e85d35ce0001a96c29,67f631353d8f3800016fb4f9,68a594b62eb6de000174964c,68a595d130bf8c0001e0f7ed",智R托管-贵妇听劝-御三家-系统-1.5,167509157,2026-01-05 18:01:00,0.00,0,0,0.0%,0.0,0.0,0,0.00,0.0,0,0,0.0,0,0,0.0,0,0.0,0,0.0,0,0.0,0,0.0,0,0.0,0,0.0,0,0.0,0,0.0,0,0.0,0.00,0.0,0,0,0
3412405643,智R托管-没轮廓-塑颜饮-系统-1.5,暂停,审核通过,通投,商品7日总支付ROI,笔记（商品组件）,6916d06f0000000004006731,59cde3b9db2e6029a99da214,视频笔记,"68a5957036ab3b00019db5de,68a59525d3dd4d00012b6c02",智R托管-合集-塑颜饮-系统-1.5,167433727,2026-01-05 14:07:40,0.00,0,0,0.0%,0.0,0.0,0,0.00,0.0,0,0,0.0,0,0,0.0,0,0.0,0,0.0,0,0.0,0,0.0,0,0.0,0,0.0,0,0.0,0,0.0,0,0.0,0.00,0.0,0,0,0
3412405642,智R托管-懂女生-塑颜饮-系统-1.5,被计划暂停,审核通过,通投,商品7日总支付ROI,笔记（商品组件）,68fb51f00000000004029841,59cde3b9db2e6029a99da214,图文笔记,"68a5957036ab3b00019db5de,68a59525d3dd4d00012b6c02",智R托管-合集-塑颜饮-系统-1.5,167433727,2026-01-05 14:07:40,0.00,0,0,0.0%,0.0,0.0,0,0.00,0.0,0,0,0.0,0,0,0.0,0,0.0,0,0.0,0,0.0,0,0.0,0,0.0,0,0.0,0,0.0,0,0.0,0,0.0,0.00,0.0,0,0,0
3412405641,智R托管-嫩到炸-塑颜饮-系统-1.5,暂停,审核通过,通投,商品7日总支付ROI,笔记（商品组件）,695478ea000000002203bd30,59cde3b9db2e6029a99da214,视频笔记,"68a5957036ab3b00019db5de,68a59525d3dd4d00012b6c02",智R托管-合集-塑颜饮-系统-1.5,167433727,2026-01-05 14:07:40,0.00,0,0,0.0%,0.0,0.0,0,0.00,0.0,0,0,0.0,0,0,0.0,0,0.0,0,0.0,0,0.0,0,0.0,0,0.0,0,0.0,0,0.0,0,0.0,0,0.0,0.00,0.0,0,0,0
3412405640,智R托管-冻龄术-塑颜饮-系统-1.5,暂停,审核通过,通投,商品7日总支付ROI,笔记（商品组件）,694b7c0a000000001e006273,59cde3b9db2e6029a99da214,视频笔记,"68a5957036ab3b00019db5de,68a59525d3dd4d00012b6c02",智R托管-合集-塑颜饮-系统-1.5,167433727,2026-01-05 14:07:40,0.00,0,0,0.0%,0.0,0.0,0,0.00,0.0,0,0,0.0,0,0,0.0,0,0.0,0,0.0,0,0.0,0,0.0,0,0.0,0,0.0,0,0.0,0,0.0,0,0.0,0.00,0.0,0,0,0
3412405639,智R托管-老王者-塑颜饮-系统-1.5,暂停,审核通过,通投,商品7日总支付ROI,笔记（商品组件）,695331e7000000002202eeac,59cde3b9db2e6029a99da214,视频笔记,"68a5957036ab3b00019db5de,68a59525d3dd4d00012b6c02",智R托管-合集-塑颜饮-系统-1.5,167433727,2026-01-05 14:07:40,0.00,0,0,0.0%,0.0,0.0,0,0.00,0.0,0,0,0.0,0,0,0.0,0,0.0,0,0.0,0,0.0,0,0.0,0,0.0,0,0.0,0,0.0,0,0.0,0,0.0,0.00,0.0,0,0,0
3412405638,智R托管-邪修液-塑颜饮-系统-1.5,暂停,审核通过,通投,商品7日总支付ROI,笔记（商品组件）,691442d00000000005031642,59cde3b9db2e6029a99da214,图文笔记,"68a5957036ab3b00019db5de,68a59525d3dd4d00012b6c02",智R托管-合集-塑颜饮-系统-1.5,167433727,2026-01-05 14:07:40,0.00,0,0,0.0%,0.0,0.0,0,0.00,0.0,0,0,0.0,0,0,0.0,0,0.0,0,0.0,0,0.0,0,0.0,0,0.0,0,0.0,0,0.0,0,0.0,0,0.0,0.00,0.0,0,0,0
3401987198,智R托管-君君来啦-AGXI-定向-1.4-达人直投,暂停,审核通过,通投,商品7日总支付ROI,笔记（商品组件）,692e9bcb000000001e0098ec,63ccb44700000000260068ba,图文笔记,"67eb97e85d35ce0001a96c29,67f62ea104afe30001b8d8ed",智R托管-达人图文合集扩量-AGXI-定向-1.4-达人直投,167220936,2026-01-04 14:19:45,0.00,0,0,0.0%,0.0,0.0,0,0.00,0.0,0,0,0.0,0,0,0.0,0,0.0,0,0.0,0,0.0,0,0.0,0,0.0,0,0.0,0,0.0,0,0.0,0,0.0,0.00,0.0,0,0,0
3401987197,智R托管-美丽小玉-AGXI-定向-1.4-达人直投,暂停,审核通过,通投,商品7日总支付ROI,笔记（商品组件）,69297a20000000001e0103f8,5b51c15ae8ac2b42933a7fb3,图文笔记,"67eb97e85d35ce0001a96c29,67f62ea104afe30001b8d8ed",智R托管-达人图文合集扩量-AGXI-定向-1.4-达人直投,167220936,2026-01-04 14:19:45,0.00,0,0,0.0%,0.0,0.0,0,0.00,0.0,0,0,0.0,0,0,0.0,0,0.0,0,0.0,0,0.0,0,0.0,0,0.0,0,0.0,0,0.0,0,0.0,0,0.0,0.00,0.0,0,0,0
3370930496,智R搜索-深扒晓-横测笔记-系统-12.31,暂停,审核通过,搜索,商品7日总支付ROI,笔记（商品组件）,68f9fee30000000005003593,59cde3b9db2e6029a99da214,图文笔记,"681c861f8da761000133f1fb,6748224252f26600016f5a21,67eb97e85d35ce0001a96c29,68a594b62eb6de000174964c,67bd86679759260001a41644,68a595d130bf8c0001e0f7ed",智R搜索-深扒晓-横测笔记-系统-12.31,166826190,2025-12-31 23:14:28,0.00,0,0,0.0%,0.0,0.0,0,0.00,0.0,0,0,0.0,0,0,0.0,0,0.0,0,0.0,0,0.0,0,0.0,0,0.0,0,0.0,0,0.0,0,0.0,0,0.0,0.00,0.0,0,0,0
3366037219,智R托管-怎么那么珂-光感白肌饮-定向-12.31-达人直投,被计划暂停,审核通过,通投,商品7日总支付ROI,笔记（商品组件）,68a297ae000000001d039c95,5e7479fe0000000001002a06,视频笔记,"67bd86679759260001a41644,67a96f5af4fe140001803e33,67bd894629b9f70001b66fed",智R托管-视频合集-光感白肌饮-定向-12.31-达人直投,166675888,2025-12-31 14:39:10,0.00,0,0,0.0%,0.0,0.0,0,0.00,0.0,0,0,0.0,0,0,0.0,0,0.0,0,0.0,0,0.0,0,0.0,0,0.0,0,0.0,0,0.0,0,0.0,0,0.0,0.00,0.0,0,0,0
3366037218,智R托管-wenyouuu-光感白肌饮-定向-12.31-达人直投,被计划暂停,审核通过,通投,商品7日总支付ROI,笔记（商品组件）,68d3aa6e000000001101c19f,5c94df6e0000000010011668,视频笔记,"67bd86679759260001a41644,67a96f5af4fe140001803e33,67bd894629b9f70001b66fed",智R托管-视频合集-光感白肌饮-定向-12.31-达人直投,166675888,2025-12-31 14:39:10,0.00,0,0,0.0%,0.0,0.0,0,0.00,0.0,0,0,0.0,0,0,0.0,0,0.0,0,0.0,0,0.0,0,0.0,0,0.0,0,0.0,0,0.0,0,0.0,0,0.0,0.00,0.0,0,0,0
3366037217,智R托管-小爱Ayla-光感白肌饮-定向-12.31-达人直投,被计划暂停,审核通过,通投,商品7日总支付ROI,笔记（商品组件）,68ef19b7000000000503ab4a,5795e442a9b2ed20e18ce046,视频笔记,"67bd86679759260001a41644,67a96f5af4fe140001803e33,67bd894629b9f70001b66fed",智R托管-视频合集-光感白肌饮-定向-12.31-达人直投,166675888,2025-12-31 14:39:10,0.00,0,0,0.0%,0.0,0.0,0,0.00,0.0,0,0,0.0,0,0,0.0,0,0.0,0,0.0,0,0.0,0,0.0,0,0.0,0,0.0,0,0.0,0,0.0,0,0.0,0.00,0.0,0,0,0
3364648826,智R托管-讲废话大王-光感白肌饮-系统-12.31-达人直投,被计划暂停,审核通过,通投,商品7日总支付ROI,笔记（商品组件）,692eb31b000000001b03372e,620af6820000000021026c00,图文笔记,"67bd86679759260001a41644,67bd894629b9f70001b66fed",智R托管-图文合集-光感白肌饮-系统-12.31-达人直投,166654811,2025-12-31 11:41:24,0.00,0,0,0.0%,0.0,0.0,0,0.00,0.0,0,0,0.0,0,0,0.0,0,0.0,0,0.0,0,0.0,0,0.0,0,0.0,0,0.0,0,0.0,0,0.0,0,0.0,0.00,0.0,0,0,0
3364648825,智R托管-奶香花生-光感白肌饮-系统-12.31-达人直投,被计划暂停,审核通过,通投,商品7日总支付ROI,笔记（商品组件）,69288b05000000001e02cd46,5c18e522000000000700a888,图文笔记,"67bd86679759260001a41644,67bd894629b9f70001b66fed",智R托管-图文合集-光感白肌饮-系统-12.31-达人直投,166654811,2025-12-31 11:41:24,0.00,0,0,0.0%,0.0,0.0,0,0.00,0.0,0,0,0.0,0,0,0.0,0,0.0,0,0.0,0,0.0,0,0.0,0,0.0,0,0.0,0,0.0,0,0.0,0,0.0,0.00,0.0,0,0,0
3364648824,智R托管-不想重名而已-光感白肌饮-系统-12.31-达人直投,被计划暂停,审核通过,通投,商品7日总支付ROI,笔记（商品组件）,692e99aa00000000190269f6,626bef000000000021021bb0,图文笔记,"67bd86679759260001a41644,67bd894629b9f70001b66fed",智R托管-图文合集-光感白肌饮-系统-12.31-达人直投,166654811,2025-12-31 11:41:24,0.00,0,0,0.0%,0.0,0.0,0,0.00,0.0,0,0,0.0,0,0,0.0,0,0.0,0,0.0,0,0.0,0,0.0,0,0.0,0,0.0,0,0.0,0,0.0,0,0.0,0.00,0.0,0,0,0
3364648823,智R托管-一天8杯饮料-光感白肌饮-系统-12.31-达人直投,被计划暂停,审核通过,通投,商品7日总支付ROI,笔记（商品组件）,6926cec7000000001e03b5bc,66f8f017000000000b03034f,图文笔记,"67bd86679759260001a41644,67bd894629b9f70001b66fed",智R托管-图文合集-光感白肌饮-系统-12.31-达人直投,166654811,2025-12-31 11:41:24,0.00,0,0,0.0%,0.0,0.0,0,0.00,0.0,0,0,0.0,0,0,0.0,0,0.0,0,0.0,0,0.0,0,0.0,0,0.0,0,0.0,0,0.0,0,0.0,0,0.0,0.00,0.0,0,0,0
3364648822,智R托管-蟹黄堡名媛-光感白肌饮-系统-12.31-达人直投,暂停,审核通过,通投,商品7日总支付ROI,笔记（商品组件）,692d432e000000001e015343,61629b9800000000020206d4,图文笔记,"67bd86679759260001a41644,67bd894629b9f70001b66fed",智R托管-图文合集-光感白肌饮-系统-12.31-达人直投,166654811,2025-12-31 11:41:24,0.00,0,0,0.0%,0.0,0.0,0,0.00,0.0,0,0,0.0,0,0,0.0,0,0.0,0,0.0,0,0.0,0,0.0,0,0.0,0,0.0,0,0.0,0,0.0,0,0.0,0.00,0.0,0,0,0
3353513601,智R搜索-智商税-御三家-系统-12.30,暂停,审核通过,搜索,商品7日总支付ROI,笔记（商品组件）,691711330000000004013fdd,59cde3b9db2e6029a99da214,视频笔记,"68a59525d3dd4d00012b6c02,68a595d130bf8c0001e0f7ed,67eb97e85d35ce0001a96c29,67a96f5af4fe140001803e33",智R搜索-优质合集-御三家-系统-12.30,166424705,2025-12-30 11:53:19,0.00,0,0,0.0%,0.0,0.0,0,0.00,0.0,0,0,0.0,0,0,0.0,0,0.0,0,0.0,0,0.0,0,0.0,0,0.0,0,0.0,0,0.0,0,0.0,0,0.0,0.00,0.0,0,0,0
3353513600,智R搜索-老组合-御三家-系统-12.30,被计划暂停,审核通过,搜索,商品7日总支付ROI,笔记（商品组件）,69426863000000001f004043,59cde3b9db2e6029a99da214,视频笔记,"68a59525d3dd4d00012b6c02,68a595d130bf8c0001e0f7ed,67eb97e85d35ce0001a96c29,67a96f5af4fe140001803e33",智R搜索-优质合集-御三家-系统-12.30,166424705,2025-12-30 11:53:19,0.00,0,0,0.0%,0.0,0.0,0,0.00,0.0,0,0,0.0,0,0,0.0,0,0.0,0,0.0,0,0.0,0,0.0,0,0.0,0,0.0,0,0.0,0,0.0,0,0.0,0.00,0.0,0,0,0
3353513599,智R搜索-想要亮-御三家-系统-12.30,暂停,审核通过,搜索,商品7日总支付ROI,笔记（商品组件）,690821b30000000004023e31,59cde3b9db2e6029a99da214,图文笔记,"68a59525d3dd4d00012b6c02,68a595d130bf8c0001e0f7ed,67eb97e85d35ce0001a96c29,67a96f5af4fe140001803e33",智R搜索-优质合集-御三家-系统-12.30,166424705,2025-12-30 11:53:19,0.00,0,0,0.0%,0.0,0.0,0,0.00,0.0,0,0,0.0,0,0,0.0,0,0.0,0,0.0,0,0.0,0,0.0,0,0.0,0,0.0,0,0.0,0,0.0,0,0.0,0.00,0.0,0,0,0
3353513598,智R搜索-贵妇听劝-御三家-系统-12.30,暂停,审核通过,搜索,商品7日总支付ROI,笔记（商品组件）,68f5a570000000000402ba94,59cde3b9db2e6029a99da214,视频笔记,"68a59525d3dd4d00012b6c02,68a595d130bf8c0001e0f7ed,67eb97e85d35ce0001a96c29,67a96f5af4fe140001803e33",智R搜索-优质合集-御三家-系统-12.30,166424705,2025-12-30 11:53:19,0.00,0,0,0.0%,0.0,0.0,0,0.00,0.0,0,0,0.0,0,0,0.0,0,0.0,0,0.0,0,0.0,0,0.0,0,0.0,0,0.0,0,0.0,0,0.0,0,0.0,0.00,0.0,0,0,0
3345765556,智R托管-树袋熊-光感白肌饮-系统-12.29-达人直投,被计划暂停,审核通过,通投,商品7日总支付ROI,笔记（商品组件）,693698c5000000001f00a0f4,6136410e000000000202439a,图文笔记,"67bd86679759260001a41644,67bd894629b9f70001b66fed",智R托管-图文合集-光感白肌饮-系统-12.29-达人直投,166270353,2025-12-29 17:32:27,0.00,0,0,0.0%,0.0,0.0,0,0.00,0.0,0,0,0.0,0,0,0.0,0,0.0,0,0.0,0,0.0,0,0.0,0,0.0,0,0.0,0,0.0,0,0.0,0,0.0,0.00,0.0,0,0,0
3345765555,智R托管-Affogato-光感白肌饮-系统-12.29-达人直投,暂停,审核拒绝,通投,商品7日总支付ROI,笔记（商品组件）,693fc7b4000000001b0276e6,5f66c9880000000001001226,图文笔记,"67bd86679759260001a41644,67bd894629b9f70001b66fed",智R托管-图文合集-光感白肌饮-系统-12.29-达人直投,166270353,2025-12-29 17:32:27,0.00,0,0,0.0%,0.0,0.0,0,0.00,0.0,0,0,0.0,0,0,0.0,0,0.0,0,0.0,0,0.0,0,0.0,0,0.0,0,0.0,0,0.0,0,0.0,0,0.0,0.00,0.0,0,0,0
3345658085,智R托管-时髦精清新-光感白肌饮-系统-12.29-达人直投,暂停,审核通过,通投,商品7日总支付ROI,笔记（商品组件）,69313c67000000001e011f1b,5a7439534eacab12036ba9fb,视频笔记,"67bd86679759260001a41644,67bd894629b9f70001b66fed",智R托管-视频合集-光感白肌饮-系统-12.29-达人直投,166286337,2025-12-29 17:31:05,0.00,0,0,0.0%,0.0,0.0,0,0.00,0.0,0,0,0.0,0,0,0.0,0,0.0,0,0.0,0,0.0,0,0.0,0,0.0,0,0.0,0,0.0,0,0.0,0,0.0,0.00,0.0,0,0,0
3345658084,智R托管-暴躁悍匪周大壮-光感白肌饮-系统-12.29-达人直投,暂停,审核通过,通投,商品7日总支付ROI,笔记（商品组件）,693f99d0000000001e03829a,5694f3ee6a6a6964b6e8356d,视频笔记,"67bd86679759260001a41644,67bd894629b9f70001b66fed",智R托管-视频合集-光感白肌饮-系统-12.29-达人直投,166286337,2025-12-29 17:31:05,0.00,0,0,0.0%,0.0,0.0,0,0.00,0.0,0,0,0.0,0,0,0.0,0,0.0,0,0.0,0,0.0,0,0.0,0,0.0,0,0.0,0,0.0,0,0.0,0,0.0,0.00,0.0,0,0,0
3345516343,智R托管-时髦精清新-AGXI-系统-12.29-达人直投,被计划暂停,审核通过,通投,商品7日总支付ROI,笔记（商品组件）,6941235a000000001e014390,5a7439534eacab12036ba9fb,视频笔记,"67eb97e85d35ce0001a96c29,67f62ea104afe30001b8d8ed",智R托管-达人合集-AGXI-系统-12.29-达人直投,166276048,2025-12-29 17:29:05,0.00,0,0,0.0%,0.0,0.0,0,0.00,0.0,0,0,0.0,0,0,0.0,0,0.0,0,0.0,0,0.0,0,0.0,0,0.0,0,0.0,0,0.0,0,0.0,0,0.0,0.00,0.0,0,0,0
3345516342,智R托管-一颗小甜菜-AGXI-系统-12.29-达人直投,被计划暂停,审核通过,通投,商品7日总支付ROI,笔记（商品组件）,69410254000000001e020a21,5b2e96764eacab0765ad1d95,视频笔记,"67eb97e85d35ce0001a96c29,67f62ea104afe30001b8d8ed",智R托管-达人合集-AGXI-系统-12.29-达人直投,166276048,2025-12-29 17:29:05,0.00,0,0,0.0%,0.0,0.0,0,0.00,0.0,0,0,0.0,0,0,0.0,0,0.0,0,0.0,0,0.0,0,0.0,0,0.0,0,0.0,0,0.0,0,0.0,0,0.0,0.00,0.0,0,0,0
3343893319,智R托管-君君来啦-AGXI-定向-12.29-达人直投,暂停,审核通过,通投,商品7日总支付ROI,笔记（商品组件）,692e9bcb000000001e0098ec,63ccb44700000000260068ba,图文笔记,"67eb97e85d35ce0001a96c29,67f62ea104afe30001b8d8ed",智R托管-达人图文合集扩量-AGXI-定向-12.29-达人直投,166232476,2025-12-29 15:47:00,0.00,0,0,0.0%,0.0,0.0,0,0.00,0.0,0,0,0.0,0,0,0.0,0,0.0,0,0.0,0,0.0,0,0.0,0,0.0,0,0.0,0,0.0,0,0.0,0,0.0,0.00,0.0,0,0,0
3343893318,智R托管-美丽小玉-AGXI-定向-12.29-达人直投,暂停,审核通过,通投,商品7日总支付ROI,笔记（商品组件）,69297a20000000001e0103f8,5b51c15ae8ac2b42933a7fb3,图文笔记,"67eb97e85d35ce0001a96c29,67f62ea104afe30001b8d8ed",智R托管-达人图文合集扩量-AGXI-定向-12.29-达人直投,166232476,2025-12-29 15:47:00,0.00,0,0,0.0%,0.0,0.0,0,0.00,0.0,0,0,0.0,0,0,0.0,0,0.0,0,0.0,0,0.0,0,0.0,0,0.0,0,0.0,0,0.0,0,0.0,0,0.0,0.00,0.0,0,0,0
3342958892,智R搜索-不踩雷-横测笔记-系统-12.29,暂停,审核通过,搜索,商品7日总支付ROI,笔记（商品组件）,694b833a000000001e028ab0,59cde3b9db2e6029a99da214,图文笔记,"67f62ea104afe30001b8d8ed,67bd894629b9f70001b66fed,68a5957036ab3b00019db5de,68a595d130bf8c0001e0f7ed,681c861f8da761000133f1fb,6748224252f26600016f5a21",智R搜索-不踩雷-横测笔记-系统-12.29,166171761,2025-12-29 14:21:44,0.00,0,0,0.0%,0.0,0.0,0,0.00,0.0,0,0,0.0,0,0,0.0,0,0.0,0,0.0,0,0.0,0,0.0,0,0.0,0,0.0,0,0.0,0,0.0,0,0.0,0.00,0.0,0,0,0
3311789572,智R搜索-养肤多-AGXI-系统-12.26,暂停,审核通过,搜索,商品7日总支付ROI,笔记（商品组件）,6923b3b3000000000d03aee8,59cde3b9db2e6029a99da214,视频笔记,"67f62ea104afe30001b8d8ed,67eb97e85d35ce0001a96c29",智R搜索-合集-AGXI-系统-12.26,165653289,2025-12-26 14:26:04,0.00,0,0,0.0%,0.0,0.0,0,0.00,0.0,0,0,0.0,0,0,0.0,0,0.0,0,0.0,0,0.0,0,0.0,0,0.0,0,0.0,0,0.0,0,0.0,0,0.0,0.00,0.0,0,0,0
3311789571,智R搜索-半功倍-AGXI-系统-12.26,被计划暂停,审核通过,搜索,商品7日总支付ROI,笔记（商品组件）,693fd029000000001f00447a,59cde3b9db2e6029a99da214,图文笔记,"67f62ea104afe30001b8d8ed,67eb97e85d35ce0001a96c29",智R搜索-合集-AGXI-系统-12.26,165653289,2025-12-26 14:26:04,0.00,0,0,0.0%,0.0,0.0,0,0.00,0.0,0,0,0.0,0,0,0.0,0,0.0,0,0.0,0,0.0,0,0.0,0,0.0,0,0.0,0,0.0,0,0.0,0,0.0,0.00,0.0,0,0,0
3311789570,智R搜索-素颜杀-AGXI-系统-12.26,暂停,审核通过,搜索,商品7日总支付ROI,笔记（商品组件）,690c4a8f0000000005001713,59cde3b9db2e6029a99da214,图文笔记,"67f62ea104afe30001b8d8ed,67eb97e85d35ce0001a96c29",智R搜索-合集-AGXI-系统-12.26,165653289,2025-12-26 14:26:04,0.00,0,0,0.0%,0.0,0.0,0,0.00,0.0,0,0,0.0,0,0,0.0,0,0.0,0,0.0,0,0.0,0,0.0,0,0.0,0,0.0,0,0.0,0,0.0,0,0.0,0.00,0.0,0,0,0
3311789569,智R搜索-戒甜抗-AGXI-系统-12.26,被计划暂停,审核通过,搜索,商品7日总支付ROI,笔记（商品组件）,687852740000000023004fc9,59cde3b9db2e6029a99da214,图文笔记,"67f62ea104afe30001b8d8ed,67eb97e85d35ce0001a96c29",智R搜索-合集-AGXI-系统-12.26,165653289,2025-12-26 14:26:04,0.00,0,0,0.0%,0.0,0.0,0,0.00,0.0,0,0,0.0,0,0,0.0,0,0.0,0,0.0,0,0.0,0,0.0,0,0.0,0,0.0,0,0.0,0,0.0,0,0.0,0.00,0.0,0,0,0
3311789568,智R搜索-私藏抗糖-AGXI-系统-12.26,被计划暂停,审核通过,搜索,商品7日总支付ROI,笔记（商品组件）,6864a3b8000000002203f6c0,59cde3b9db2e6029a99da214,视频笔记,"67f62ea104afe30001b8d8ed,67eb97e85d35ce0001a96c29",智R搜索-合集-AGXI-系统-12.26,165653289,2025-12-26 14:26:04,0.00,0,0,0.0%,0.0,0.0,0,0.00,0.0,0,0,0.0,0,0,0.0,0,0.0,0,0.0,0,0.0,0,0.0,0,0.0,0,0.0,0,0.0,0,0.0,0,0.0,0.00,0.0,0,0,0
3311789567,智R搜索-答案只-AGXI-系统-12.26,被计划暂停,审核通过,搜索,商品7日总支付ROI,笔记（商品组件）,6888748b000000002302d483,59cde3b9db2e6029a99da214,视频笔记,"67f62ea104afe30001b8d8ed,67eb97e85d35ce0001a96c29",智R搜索-合集-AGXI-系统-12.26,165653289,2025-12-26 14:26:04,0.00,0,0,0.0%,0.0,0.0,0,0.00,0.0,0,0,0.0,0,0,0.0,0,0.0,0,0.0,0,0.0,0,0.0,0,0.0,0,0.0,0,0.0,0,0.0,0,0.0,0.00,0.0,0,0,0
3311789565,智R搜索-张馨予24-AGXI-系统-12.26,暂停,审核通过,搜索,商品7日总支付ROI,笔记（商品组件）,68ea00c3000000000402bba1,59cde3b9db2e6029a99da214,图文笔记,"67f62ea104afe30001b8d8ed,67eb97e85d35ce0001a96c29",智R搜索-合集-AGXI-系统-12.26,165653289,2025-12-26 14:26:04,0.00,0,0,0.0%,0.0,0.0,0,0.00,0.0,0,0,0.0,0,0,0.0,0,0.0,0,0.0,0,0.0,0,0.0,0,0.0,0,0.0,0,0.0,0,0.0,0,0.0,0.00,0.0,0,0,0
3311789563,智R搜索-多漂亮-AGXI-系统-12.26,被计划暂停,审核通过,搜索,商品7日总支付ROI,笔记（商品组件）,6889cb540000000023033826,59cde3b9db2e6029a99da214,图文笔记,"67f62ea104afe30001b8d8ed,67eb97e85d35ce0001a96c29",智R搜索-合集-AGXI-系统-12.26,165653289,2025-12-26 14:26:04,0.00,0,0,0.0%,0.0,0.0,0,0.00,0.0,0,0,0.0,0,0,0.0,0,0.0,0,0.0,0,0.0,0,0.0,0,0.0,0,0.0,0,0.0,0,0.0,0,0.0,0.00,0.0,0,0,0
3311789562,智R搜索-不如喝-AGXI-系统-12.26,暂停,审核通过,搜索,商品7日总支付ROI,笔记（商品组件）,6940bd4d000000001e00d771,59cde3b9db2e6029a99da214,视频笔记,"67f62ea104afe30001b8d8ed,67eb97e85d35ce0001a96c29",智R搜索-合集-AGXI-系统-12.26,165653289,2025-12-26 14:26:04,0.00,0,0,0.0%,0.0,0.0,0,0.00,0.0,0,0,0.0,0,0,0.0,0,0.0,0,0.0,0,0.0,0,0.0,0,0.0,0,0.0,0,0.0,0,0.0,0,0.0,0.00,0.0,0,0,0
3311789561,智R搜索-防御体系-AGXI-系统-12.26,暂停,审核通过,搜索,商品7日总支付ROI,笔记（商品组件）,681096ca000000002200713a,59cde3b9db2e6029a99da214,图文笔记,"67f62ea104afe30001b8d8ed,67eb97e85d35ce0001a96c29",智R搜索-合集-AGXI-系统-12.26,165653289,2025-12-26 14:26:04,0.00,0,0,0.0%,0.0,0.0,0,0.00,0.0,0,0,0.0,0,0,0.0,0,0.0,0,0.0,0,0.0,0,0.0,0,0.0,0,0.0,0,0.0,0,0.0,0,0.0,0.00,0.0,0,0,0
3311476199,智R搜索-不踩雷-横测笔记-系统-12.26,暂停,审核通过,搜索,商品7日总支付ROI,笔记（商品组件）,694b833a000000001e028ab0,59cde3b9db2e6029a99da214,图文笔记,"67c6c68c29b9f700010d6f66,67a96f5af4fe140001803e33,67f62e4eec137400010dc1cb,6822fd1b529cff000154164e,6858efa562560900014a4305,68a59525d3dd4d00012b6c02",智R搜索-合集-横测笔记-系统-12.26,165646213,2025-12-26 13:45:01,0.00,0,0,0.0%,0.0,0.0,0,0.00,0.0,0,0,0.0,0,0,0.0,0,0.0,0,0.0,0,0.0,0,0.0,0,0.0,0,0.0,0,0.0,0,0.0,0,0.0,0.00,0.0,0,0,0
3311476198,智R搜索-深扒晓-横测笔记-系统-12.26,暂停,审核通过,搜索,商品7日总支付ROI,笔记（商品组件）,68f9fee30000000005003593,59cde3b9db2e6029a99da214,图文笔记,"681c861f8da761000133f1fb,6748224252f26600016f5a21,67eb97e85d35ce0001a96c29,68a594b62eb6de000174964c,67bd86679759260001a41644,68a595d130bf8c0001e0f7ed",智R搜索-合集-横测笔记-系统-12.26,165646213,2025-12-26 13:45:01,0.00,0,0,0.0%,0.0,0.0,0,0.00,0.0,0,0,0.0,0,0,0.0,0,0.0,0,0.0,0,0.0,0,0.0,0,0.0,0,0.0,0,0.0,0,0.0,0,0.0,0.00,0.0,0,0,0
3279014826,智R托管-李喵喵miaomiao-光感白肌饮-定向-12.29-达人直投,暂停,审核通过,通投,商品7日总下单ROI,笔记（商品组件）,67c68e1e0000000029029df3,5657c430e4251d04a5103a9c,图文笔记,"67bd86679759260001a41644,67a96f5af4fe140001803e33,67bd894629b9f70001b66fed",智R托管-视频合集-光感白肌饮-定向-12.29-达人直投,164979193,2025-12-23 14:58:28,0.00,0,0,0.0%,0.0,0.0,0,0.00,0.0,0,0,0.0,0,0,0.0,0,0.0,0,0.0,0,0.0,0,0.0,0,0.0,0,0.0,0,0.0,0,0.0,0,0.0,0.00,0.0,0,0,0
3279014825,智R托管-兜里有糖-光感白肌饮-定向-12.29-达人直投,暂停,审核通过,通投,商品7日总下单ROI,笔记（商品组件）,6923eadf000000001e001be4,58beb5706a6a6920a416903f,视频笔记,"67bd86679759260001a41644,67a96f5af4fe140001803e33,67bd894629b9f70001b66fed",智R托管-视频合集-光感白肌饮-定向-12.29-达人直投,164979193,2025-12-23 14:58:28,0.00,0,0,0.0%,0.0,0.0,0,0.00,0.0,0,0,0.0,0,0,0.0,0,0.0,0,0.0,0,0.0,0,0.0,0,0.0,0,0.0,0,0.0,0,0.0,0,0.0,0.00,0.0,0,0,0
3279014824,智R托管-怎么那么珂-光感白肌饮-定向-12.29-达人直投,暂停,审核通过,通投,商品7日总下单ROI,笔记（商品组件）,68a297ae000000001d039c95,5e7479fe0000000001002a06,视频笔记,"67bd86679759260001a41644,67a96f5af4fe140001803e33,67bd894629b9f70001b66fed",智R托管-视频合集-光感白肌饮-定向-12.29-达人直投,164979193,2025-12-23 14:58:28,0.00,0,0,0.0%,0.0,0.0,0,0.00,0.0,0,0,0.0,0,0,0.0,0,0.0,0,0.0,0,0.0,0,0.0,0,0.0,0,0.0,0,0.0,0,0.0,0,0.0,0.00,0.0,0,0,0
3276350939,智R托管-不如喝-AGXI-定向-12.23-视觉视频,暂停,审核通过,通投,商品7日总支付ROI,笔记（商品组件）,6940bd4d000000001e00d771,59cde3b9db2e6029a99da214,视频笔记,"67f62ea104afe30001b8d8ed,67eb97e85d35ce0001a96c29",智R托管-不如喝-AGXI-定向-12.23-视觉视频,164890326,2025-12-23 10:23:25,0.00,0,0,0.0%,0.0,0.0,0,0.00,0.0,0,0,0.0,0,0,0.0,0,0.0,0,0.0,0,0.0,0,0.0,0,0.0,0,0.0,0,0.0,0,0.0,0,0.0,0.00,0.0,0,0,0
3268811176,智R托管-深扒晓-横测笔记-系统-12.22优化,暂停,审核通过,通投,商品7日总支付ROI,笔记（商品组件）,68f9fee30000000005003593,59cde3b9db2e6029a99da214,图文笔记,"681c861f8da761000133f1fb,6748224252f26600016f5a21,67eb97e85d35ce0001a96c29,68a594b62eb6de000174964c,67bd86679759260001a41644,68a595d130bf8c0001e0f7ed",智R托管-深扒晓-横测笔记-系统-12.22优化,164755763,2025-12-22 16:28:20,0.00,0,0,0.0%,0.0,0.0,0,0.00,0.0,0,0,0.0,0,0,0.0,0,0.0,0,0.0,0,0.0,0,0.0,0,0.0,0,0.0,0,0.0,0,0.0,0,0.0,0.00,0.0,0,0,0
3240813398,智R托管-抗糖白-新X白-系统-12.19,被计划暂停,审核通过,通投,商品7日总下单ROI,笔记（商品组件）,68f9d7330000000005002d50,59cde3b9db2e6029a99da214,图文笔记,"67f6247db2c30c00015cbc5d,6858efa562560900014a4305",智R托管-抗糖白-新X白-系统-12.19,164321301,2025-12-19 18:06:56,0.00,0,0,0.0%,0.0,0.0,0,0.00,0.0,0,0,0.0,0,0,0.0,0,0.0,0,0.0,0,0.0,0,0.0,0,0.0,0,0.0,0,0.0,0,0.0,0,0.0,0.00,0.0,0,0,0
3236570496,智R托管-一天一支-光感白肌饮-定向-12.19,被计划暂停,审核通过,通投,商品7日总下单ROI,笔记（商品组件）,690306ab0000000004013a41,59cde3b9db2e6029a99da214,视频笔记,"67bd86679759260001a41644,67a96fff17cfa0000166a95f,67a96f5af4fe140001803e33",智R托管-合集-光感白肌饮-定向-12.11,162240580,2025-12-19 10:05:55,0.00,0,0,0.0%,0.0,0.0,0,0.00,0.0,0,0,0.0,0,0,0.0,0,0.0,0,0.0,0,0.0,0,0.0,0,0.0,0,0.0,0,0.0,0,0.0,0,0.0,0.00,0.0,0,0,0
3236625991,智R托管-可可无敌可-光感白肌饮-系统-12.19-达人直投,暂停,审核通过,通投,商品7日总下单ROI,笔记（商品组件）,684acfec000000002202751d,66965a86000000000f036087,图文笔记,"67bd86679759260001a41644,67bd894629b9f70001b66fed",智R托管-图文合集-光感白肌饮-系统-12.19-达人直投,164137671,2025-12-19 10:04:41,0.00,0,0,0.0%,0.0,0.0,0,0.00,0.0,0,0,0.0,0,0,0.0,0,0.0,0,0.0,0,0.0,0,0.0,0,0.0,0,0.0,0,0.0,0,0.0,0,0.0,0.00,0.0,0,0,0
3236625990,智R托管-李喵喵miaomiao-光感白肌饮-系统-12.19-达人直投,暂停,审核通过,通投,商品7日总下单ROI,笔记（商品组件）,67c68e1e0000000029029df3,5657c430e4251d04a5103a9c,图文笔记,"67bd86679759260001a41644,67bd894629b9f70001b66fed",智R托管-图文合集-光感白肌饮-系统-12.19-达人直投,164137671,2025-12-19 10:04:41,0.00,0,0,0.0%,0.0,0.0,0,0.00,0.0,0,0,0.0,0,0,0.0,0,0.0,0,0.0,0,0.0,0,0.0,0,0.0,0,0.0,0,0.0,0,0.0,0,0.0,0.00,0.0,0,0,0
3236564717,智R托管-贵妇听劝-御三家-系统-12.19,被计划暂停,审核通过,通投,商品7日总下单ROI,笔记（商品组件）,68f5a570000000000402ba94,59cde3b9db2e6029a99da214,视频笔记,"67eb97e85d35ce0001a96c29,67f631353d8f3800016fb4f9,68a594b62eb6de000174964c,68a595d130bf8c0001e0f7ed",智R托管-贵妇听劝-御三家-系统-12.19,164147932,2025-12-19 10:02:44,0.00,0,0,0.0%,0.0,0.0,0,0.00,0.0,0,0,0.0,0,0,0.0,0,0.0,0,0.0,0,0.0,0,0.0,0,0.0,0,0.0,0,0.0,0,0.0,0,0.0,0.00,0.0,0,0,0
3224864592,智R托管-Mrs Cris-光感白肌饮-系统-12.18-达人直投,被计划暂停,审核通过,通投,商品7日总支付ROI,笔记（商品组件）,693bad21000000001e00064f,58391d8a5e87e75d02f81e5f,视频笔记,67bd86679759260001a41644,智R托管-达人合集-光感白肌饮-系统-12.18-达人直投,163911369,2025-12-18 08:55:05,0.00,0,0,0.0%,0.0,0.0,0,0.00,0.0,0,0,0.0,0,0,0.0,0,0.0,0,0.0,0,0.0,0,0.0,0,0.0,0,0.0,0,0.0,0,0.0,0,0.0,0.00,0.0,0,0,0
3224864591,智R托管-Annyyyyxx-光感白肌饮-系统-12.18-达人直投,被计划暂停,审核通过,通投,商品7日总支付ROI,笔记（商品组件）,69367d72000000000d03778d,59ade30a5e87e75feb09910c,视频笔记,67bd86679759260001a41644,智R托管-达人合集-光感白肌饮-系统-12.18-达人直投,163911369,2025-12-18 08:55:05,0.00,0,0,0.0%,0.0,0.0,0,0.00,0.0,0,0,0.0,0,0,0.0,0,0.0,0,0.0,0,0.0,0,0.0,0,0.0,0,0.0,0,0.0,0,0.0,0,0.0,0.00,0.0,0,0,0
3214077248,智R托管-姜不梨-AGXI-系统-12.17-达人直投,暂停,审核通过,通投,商品7日总支付ROI,笔记（商品组件）,68b5711a000000001d0110ec,659f5b91000000002001e979,图文笔记,"67f62ea104afe30001b8d8ed,67eb97e85d35ce0001a96c29",智R托管-达人合集-AGXI-系统-12.17-达人直投,163657263,2025-12-17 10:28:27,0.00,0,0,0.0%,0.0,0.0,0,0.00,0.0,0,0,0.0,0,0,0.0,0,0.0,0,0.0,0,0.0,0,0.0,0,0.0,0,0.0,0,0.0,0,0.0,0,0.0,0.00,0.0,0,0,0
3214077247,智R托管-迷你月-AGXI-系统-12.17-达人直投,暂停,审核通过,通投,商品7日总支付ROI,笔记（商品组件）,68ede854000000000700f91c,557c312d58944666a8c24ea3,图文笔记,"67f62ea104afe30001b8d8ed,67eb97e85d35ce0001a96c29",智R托管-达人合集-AGXI-系统-12.17-达人直投,163657263,2025-12-17 10:28:27,0.00,0,0,0.0%,0.0,0.0,0,0.00,0.0,0,0,0.0,0,0,0.0,0,0.0,0,0.0,0,0.0,0,0.0,0,0.0,0,0.0,0,0.0,0,0.0,0,0.0,0.00,0.0,0,0,0
3201267750,智R托管-JuJu蜜在东京-御三家-系统-12.16-达人直投,暂停,审核通过,通投,商品7日总支付ROI,笔记（商品组件）,6901bcbd000000000402bfe3,54d8ae7fb4c4d6135c8a7297,视频笔记,68a595d130bf8c0001e0f7ed,智R托管-达人合集-御三家-系统-12.16-达人直投,163374040,2025-12-16 08:57:23,0.00,0,0,0.0%,0.0,0.0,0,0.00,0.0,0,0,0.0,0,0,0.0,0,0.0,0,0.0,0,0.0,0,0.0,0,0.0,0,0.0,0,0.0,0,0.0,0,0.0,0.00,0.0,0,0,0
3201267749,智R托管-粒夏-御三家-系统-12.16-达人直投,被计划暂停,审核通过,通投,商品7日总支付ROI,笔记（商品组件）,691eebcf000000001e02dfae,63c8dbfb0000000026004cae,视频笔记,68a595d130bf8c0001e0f7ed,智R托管-达人合集-御三家-系统-12.16-达人直投,163374040,2025-12-16 08:57:23,0.00,0,0,0.0%,0.0,0.0,0,0.00,0.0,0,0,0.0,0,0,0.0,0,0.0,0,0.0,0,0.0,0,0.0,0,0.0,0,0.0,0,0.0,0,0.0,0,0.0,0.00,0.0,0,0,0
3190856502,智R托管-养肤多-AGXI-系统-12.15,被计划暂停,审核通过,通投,商品7日总支付ROI,笔记（商品组件）,6923b3b3000000000d03aee8,59cde3b9db2e6029a99da214,视频笔记,"67f62ea104afe30001b8d8ed,67eb97e85d35ce0001a96c29",智R托管-合集-AGXI-系统-12.15,163166054,2025-12-15 10:33:42,0.00,0,0,0.0%,0.0,0.0,0,0.00,0.0,0,0,0.0,0,0,0.0,0,0.0,0,0.0,0,0.0,0,0.0,0,0.0,0,0.0,0,0.0,0,0.0,0,0.0,0.00,0.0,0,0,0
3190856501,智R托管-会发光-AGXI-系统-12.15,暂停,审核拒绝,通投,商品7日总支付ROI,笔记（商品组件）,69378213000000000d03c562,59cde3b9db2e6029a99da214,视频笔记,"67f62ea104afe30001b8d8ed,67eb97e85d35ce0001a96c29",智R托管-合集-AGXI-系统-12.15,163166054,2025-12-15 10:33:42,0.00,0,0,0.0%,0.0,0.0,0,0.00,0.0,0,0,0.0,0,0,0.0,0,0.0,0,0.0,0,0.0,0,0.0,0,0.0,0,0.0,0,0.0,0,0.0,0,0.0,0.00,0.0,0,0,0
3190856500,智R托管-素颜杀-AGXI-系统-12.15,暂停,审核通过,通投,商品7日总支付ROI,笔记（商品组件）,690c4a8f0000000005001713,59cde3b9db2e6029a99da214,图文笔记,"67f62ea104afe30001b8d8ed,67eb97e85d35ce0001a96c29",智R托管-合集-AGXI-系统-12.15,163166054,2025-12-15 10:33:42,0.00,0,0,0.0%,0.0,0.0,0,0.00,0.0,0,0,0.0,0,0,0.0,0,0.0,0,0.0,0,0.0,0,0.0,0,0.0,0,0.0,0,0.0,0,0.0,0,0.0,0.00,0.0,0,0,0
3164825791,智R托管-防御体系-AGXI-系统-12.12,暂停,审核通过,通投,商品7日总下单ROI,笔记（商品组件）,681096ca000000002200713a,59cde3b9db2e6029a99da214,图文笔记,"67eb97e85d35ce0001a96c29,67f62e4eec137400010dc1cb,67f62ea104afe30001b8d8ed",智R托管-防御体系-AGXI-系统-12.12,162510327,2025-12-12 15:21:09,0.00,0,0,0.0%,0.0,0.0,0,0.00,0.0,0,0,0.0,0,0,0.0,0,0.0,0,0.0,0,0.0,0,0.0,0,0.0,0,0.0,0,0.0,0,0.0,0,0.0,0.00,0.0,0,0,0
3164928847,智R托管-讲废话大王-光感白肌饮-系统-12.12-达人直投,被计划暂停,审核通过,通投,商品7日总支付ROI,笔记（商品组件）,692eb31b000000001b03372e,620af6820000000021026c00,图文笔记,"67bd86679759260001a41644,67bd894629b9f70001b66fed",智R托管-图文合集-光感白肌饮-系统-12.12-达人直投,162504337,2025-12-12 15:14:57,0.00,0,0,0.0%,0.0,0.0,0,0.00,0.0,0,0,0.0,0,0,0.0,0,0.0,0,0.0,0,0.0,0,0.0,0,0.0,0,0.0,0,0.0,0,0.0,0,0.0,0.00,0.0,0,0,0
3164928846,智R托管-哆米bibi-光感白肌饮-系统-12.12-达人直投,暂停,审核通过,通投,商品7日总支付ROI,笔记（商品组件）,69300ab6000000000d00e922,62754c980000000015018ed4,图文笔记,"67bd86679759260001a41644,67bd894629b9f70001b66fed",智R托管-图文合集-光感白肌饮-系统-12.12-达人直投,162504337,2025-12-12 15:14:57,0.00,0,0,0.0%,0.0,0.0,0,0.00,0.0,0,0,0.0,0,0,0.0,0,0.0,0,0.0,0,0.0,0,0.0,0,0.0,0,0.0,0,0.0,0,0.0,0,0.0,0.00,0.0,0,0,0
3164928845,智R托管-奶香花生-光感白肌饮-系统-12.12-达人直投,被计划暂停,审核通过,通投,商品7日总支付ROI,笔记（商品组件）,69288b05000000001e02cd46,5c18e522000000000700a888,图文笔记,"67bd86679759260001a41644,67bd894629b9f70001b66fed",智R托管-图文合集-光感白肌饮-系统-12.12-达人直投,162504337,2025-12-12 15:14:57,0.00,0,0,0.0%,0.0,0.0,0,0.00,0.0,0,0,0.0,0,0,0.0,0,0.0,0,0.0,0,0.0,0,0.0,0,0.0,0,0.0,0,0.0,0,0.0,0,0.0,0.00,0.0,0,0,0
3164928844,智R托管-香煎丸子头-光感白肌饮-系统-12.12-达人直投,被计划暂停,审核通过,通投,商品7日总支付ROI,笔记（商品组件）,6926cfa5000000000d036e3a,62f8a173000000001e01da63,图文笔记,"67bd86679759260001a41644,67bd894629b9f70001b66fed",智R托管-图文合集-光感白肌饮-系统-12.12-达人直投,162504337,2025-12-12 15:14:57,0.00,0,0,0.0%,0.0,0.0,0,0.00,0.0,0,0,0.0,0,0,0.0,0,0.0,0,0.0,0,0.0,0,0.0,0,0.0,0,0.0,0,0.0,0,0.0,0,0.0,0.00,0.0,0,0,0
3164928843,智R托管-不想重名而已-光感白肌饮-系统-12.12-达人直投,暂停,审核通过,通投,商品7日总支付ROI,笔记（商品组件）,692e99aa00000000190269f6,626bef000000000021021bb0,图文笔记,"67bd86679759260001a41644,67bd894629b9f70001b66fed",智R托管-图文合集-光感白肌饮-系统-12.12-达人直投,162504337,2025-12-12 15:14:57,0.00,0,0,0.0%,0.0,0.0,0,0.00,0.0,0,0,0.0,0,0,0.0,0,0.0,0,0.0,0,0.0,0,0.0,0,0.0,0,0.0,0,0.0,0,0.0,0,0.0,0.00,0.0,0,0,0
3164928842,智R托管-一天8杯饮料-光感白肌饮-系统-12.12-达人直投,被计划暂停,审核通过,通投,商品7日总支付ROI,笔记（商品组件）,6926cec7000000001e03b5bc,66f8f017000000000b03034f,图文笔记,"67bd86679759260001a41644,67bd894629b9f70001b66fed",智R托管-图文合集-光感白肌饮-系统-12.12-达人直投,162504337,2025-12-12 15:14:57,0.00,0,0,0.0%,0.0,0.0,0,0.00,0.0,0,0,0.0,0,0,0.0,0,0.0,0,0.0,0,0.0,0,0.0,0,0.0,0,0.0,0,0.0,0,0.0,0,0.0,0.00,0.0,0,0,0
3164928841,智R托管-蟹黄堡名媛-光感白肌饮-系统-12.12-达人直投,被计划暂停,审核通过,通投,商品7日总支付ROI,笔记（商品组件）,692d432e000000001e015343,61629b9800000000020206d4,图文笔记,"67bd86679759260001a41644,67bd894629b9f70001b66fed",智R托管-图文合集-光感白肌饮-系统-12.12-达人直投,162504337,2025-12-12 15:14:57,0.00,0,0,0.0%,0.0,0.0,0,0.00,0.0,0,0,0.0,0,0,0.0,0,0.0,0,0.0,0,0.0,0,0.0,0,0.0,0,0.0,0,0.0,0,0.0,0,0.0,0.00,0.0,0,0,0
3164555401,智R托管-黄卿然-光感白肌饮-系统-12.12-达人直投,被计划暂停,审核通过,通投,商品7日总支付ROI,笔记（商品组件）,6932aca60000000019024771,5e68418e0000000001005c5c,视频笔记,"67bd86679759260001a41644,67bd894629b9f70001b66fed",智R托管-达人合集-光感白肌饮-系统-12.12-达人直投,162509425,2025-12-12 15:06:07,0.00,0,0,0.0%,0.0,0.0,0,0.00,0.0,0,0,0.0,0,0,0.0,0,0.0,0,0.0,0,0.0,0,0.0,0,0.0,0,0.0,0,0.0,0,0.0,0,0.0,0.00,0.0,0,0,0
3164555400,智R托管-Kakin-光感白肌饮-系统-12.12-达人直投,暂停,审核通过,通投,商品7日总支付ROI,笔记（商品组件）,69315398000000001b022e97,5df793840000000001001771,视频笔记,"67bd86679759260001a41644,67bd894629b9f70001b66fed",智R托管-达人合集-光感白肌饮-系统-12.12-达人直投,162509425,2025-12-12 15:06:07,0.00,0,0,0.0%,0.0,0.0,0,0.00,0.0,0,0,0.0,0,0,0.0,0,0.0,0,0.0,0,0.0,0,0.0,0,0.0,0,0.0,0,0.0,0,0.0,0,0.0,0.00,0.0,0,0,0
3164555399,智R托管-Frangipane-光感白肌饮-系统-12.12-达人直投,暂停,审核通过,通投,商品7日总支付ROI,笔记（商品组件）,692abece000000001e02b05a,6297fda5000000001501df7a,视频笔记,"67bd86679759260001a41644,67bd894629b9f70001b66fed",智R托管-达人合集-光感白肌饮-系统-12.12-达人直投,162509425,2025-12-12 15:06:07,0.00,0,0,0.0%,0.0,0.0,0,0.00,0.0,0,0,0.0,0,0,0.0,0,0.0,0,0.0,0,0.0,0,0.0,0,0.0,0,0.0,0,0.0,0,0.0,0,0.0,0.00,0.0,0,0,0
3164497204,智R托管-小爱Ayla-光感白肌饮-定向-12.12-达人直投,暂停,审核通过,通投,商品7日总下单ROI,笔记（商品组件）,68ef19b7000000000503ab4a,5795e442a9b2ed20e18ce046,视频笔记,"67bd86679759260001a41644,67bd894629b9f70001b66fed",智R托管-历史合集-光感白肌饮-定向-12.12-达人直投,162514746,2025-12-12 15:03:26,0.00,0,0,0.0%,0.0,0.0,0,0.00,0.0,0,0,0.0,0,0,0.0,0,0.0,0,0.0,0,0.0,0,0.0,0,0.0,0,0.0,0,0.0,0,0.0,0,0.0,0.00,0.0,0,0,0
3164497203,智R托管-wenyouuu-光感白肌饮-定向-12.12-达人直投,暂停,审核通过,通投,商品7日总下单ROI,笔记（商品组件）,68d3aa6e000000001101c19f,5c94df6e0000000010011668,视频笔记,"67bd86679759260001a41644,67bd894629b9f70001b66fed",智R托管-历史合集-光感白肌饮-定向-12.12-达人直投,162514746,2025-12-12 15:03:26,0.00,0,0,0.0%,0.0,0.0,0,0.00,0.0,0,0,0.0,0,0,0.0,0,0.0,0,0.0,0,0.0,0,0.0,0,0.0,0,0.0,0,0.0,0,0.0,0,0.0,0.00,0.0,0,0,0
3164497202,智R托管-李喵喵miaomiao-光感白肌饮-定向-12.12-达人直投,暂停,审核通过,通投,商品7日总下单ROI,笔记（商品组件）,67c68e1e0000000029029df3,5657c430e4251d04a5103a9c,图文笔记,"67bd86679759260001a41644,67bd894629b9f70001b66fed",智R托管-历史合集-光感白肌饮-定向-12.12-达人直投,162514746,2025-12-12 15:03:26,0.00,0,0,0.0%,0.0,0.0,0,0.00,0.0,0,0,0.0,0,0,0.0,0,0.0,0,0.0,0,0.0,0,0.0,0,0.0,0,0.0,0,0.0,0,0.0,0,0.0,0.00,0.0,0,0,0
3154926508,智R托管-皮的神-光感白肌饮-系统-12.11,暂停,审核通过,通投,商品7日总下单ROI,笔记（商品组件）,66d834c1000000001f01842b,59cde3b9db2e6029a99da214,图文笔记,"67bd86679759260001a41644,67bd894629b9f70001b66fed",智R托管-皮的神-光感白肌饮-系统-12.11,162249498,2025-12-11 17:16:50,0.00,0,0,0.0%,0.0,0.0,0,0.00,0.0,0,0,0.0,0,0,0.0,0,0.0,0,0.0,0,0.0,0,0.0,0,0.0,0,0.0,0,0.0,0,0.0,0,0.0,0.00,0.0,0,0,0
3154867715,智R托管-依旧亮-光感白肌饮-定向-12.11,被计划暂停,审核通过,通投,商品7日总下单ROI,笔记（商品组件）,6708c455000000002c02e4fc,59cde3b9db2e6029a99da214,视频笔记,"67bd894629b9f70001b66fed,67bd86679759260001a41644",智R托管-合集-光感白肌饮-定向-12.11,162240580,2025-12-11 17:12:17,0.00,0,0,0.0%,0.0,0.0,0,0.00,0.0,0,0,0.0,0,0,0.0,0,0.0,0,0.0,0,0.0,0,0.0,0,0.0,0,0.0,0,0.0,0,0.0,0,0.0,0.00,0.0,0,0,0
3154867714,智R托管-贵妇圈-光感白肌饮-定向-12.11,被计划暂停,审核通过,通投,商品7日总下单ROI,笔记（商品组件）,671efaec000000001b02fcaa,59cde3b9db2e6029a99da214,视频笔记,"67bd894629b9f70001b66fed,67bd86679759260001a41644",智R托管-合集-光感白肌饮-定向-12.11,162240580,2025-12-11 17:12:17,0.00,0,0,0.0%,0.0,0.0,0,0.00,0.0,0,0,0.0,0,0,0.0,0,0.0,0,0.0,0,0.0,0,0.0,0,0.0,0,0.0,0,0.0,0,0.0,0,0.0,0.00,0.0,0,0,0
3154867713,智R托管-秋冬黄-光感白肌饮-定向-12.11,被计划暂停,审核通过,通投,商品7日总下单ROI,笔记（商品组件）,6707886d000000002a0335eb,59cde3b9db2e6029a99da214,视频笔记,"67bd894629b9f70001b66fed,67bd86679759260001a41644",智R托管-合集-光感白肌饮-定向-12.11,162240580,2025-12-11 17:12:17,0.00,0,0,0.0%,0.0,0.0,0,0.00,0.0,0,0,0.0,0,0,0.0,0,0.0,0,0.0,0,0.0,0,0.0,0,0.0,0,0.0,0,0.0,0,0.0,0,0.0,0.00,0.0,0,0,0
3154867712,智R托管-色山头-光感白肌饮-定向-12.11,被计划暂停,审核通过,通投,商品7日总下单ROI,笔记（商品组件）,66d9830c000000002603d04a,59cde3b9db2e6029a99da214,视频笔记,"67bd894629b9f70001b66fed,67bd86679759260001a41644",智R托管-合集-光感白肌饮-定向-12.11,162240580,2025-12-11 17:12:17,0.00,0,0,0.0%,0.0,0.0,0,0.00,0.0,0,0,0.0,0,0,0.0,0,0.0,0,0.0,0,0.0,0,0.0,0,0.0,0,0.0,0,0.0,0,0.0,0,0.0,0.00,0.0,0,0,0
3154867711,智R托管-全身雪-光感白肌饮-定向-12.11,被计划暂停,审核通过,通投,商品7日总下单ROI,笔记（商品组件）,65fab5c6000000001203689f,59cde3b9db2e6029a99da214,图文笔记,"67bd894629b9f70001b66fed,67bd86679759260001a41644",智R托管-合集-光感白肌饮-定向-12.11,162240580,2025-12-11 17:12:17,0.00,0,0,0.0%,0.0,0.0,0,0.00,0.0,0,0,0.0,0,0,0.0,0,0.0,0,0.0,0,0.0,0,0.0,0,0.0,0,0.0,0,0.0,0,0.0,0,0.0,0.00,0.0,0,0,0
3140256515,智R托管-双管齐-塑颜饮-定向-12.10,暂停,审核通过,通投,商品7日总下单ROI,笔记（商品组件）,690dc743000000000401665a,59cde3b9db2e6029a99da214,视频笔记,"68a59525d3dd4d00012b6c02,68a594b62eb6de000174964c,68a5957036ab3b00019db5de",智R托管-合集-塑颜饮-定向-12.10,161823673,2025-12-10 13:57:50,0.00,0,0,0.0%,0.0,0.0,0,0.00,0.0,0,0,0.0,0,0,0.0,0,0.0,0,0.0,0,0.0,0,0.0,0,0.0,0,0.0,0,0.0,0,0.0,0,0.0,0.00,0.0,0,0,0
3140256514,智R托管-没轮廓-塑颜饮-定向-12.10,被计划暂停,审核通过,通投,商品7日总下单ROI,笔记（商品组件）,6916d06f0000000004006731,59cde3b9db2e6029a99da214,视频笔记,"68a59525d3dd4d00012b6c02,68a594b62eb6de000174964c,68a5957036ab3b00019db5de",智R托管-合集-塑颜饮-定向-12.10,161823673,2025-12-10 13:57:50,0.00,0,0,0.0%,0.0,0.0,0,0.00,0.0,0,0,0.0,0,0,0.0,0,0.0,0,0.0,0,0.0,0,0.0,0,0.0,0,0.0,0,0.0,0,0.0,0,0.0,0.00,0.0,0,0,0
3140256513,智R托管-懂女生-塑颜饮-定向-12.10,被计划暂停,审核通过,通投,商品7日总下单ROI,笔记（商品组件）,68fb51f00000000004029841,59cde3b9db2e6029a99da214,图文笔记,"68a59525d3dd4d00012b6c02,68a594b62eb6de000174964c,68a5957036ab3b00019db5de",智R托管-合集-塑颜饮-定向-12.10,161823673,2025-12-10 13:57:50,0.00,0,0,0.0%,0.0,0.0,0,0.00,0.0,0,0,0.0,0,0,0.0,0,0.0,0,0.0,0,0.0,0,0.0,0,0.0,0,0.0,0,0.0,0,0.0,0,0.0,0.00,0.0,0,0,0
3140256512,智R托管-屁鹅-塑颜饮-定向-12.10,暂停,审核通过,通投,商品7日总下单ROI,笔记（商品组件）,68ef78ea00000000040058da,59cde3b9db2e6029a99da214,视频笔记,"68a59525d3dd4d00012b6c02,68a594b62eb6de000174964c,68a5957036ab3b00019db5de",智R托管-合集-塑颜饮-定向-12.10,161823673,2025-12-10 13:57:50,0.00,0,0,0.0%,0.0,0.0,0,0.00,0.0,0,0,0.0,0,0,0.0,0,0.0,0,0.0,0,0.0,0,0.0,0,0.0,0,0.0,0,0.0,0,0.0,0,0.0,0.00,0.0,0,0,0
3139278920,智R搜索-深扒晓-横测笔记-系统-12.10,暂停,审核通过,搜索,商品7日总支付ROI,笔记（商品组件）,68f9fee30000000005003593,59cde3b9db2e6029a99da214,图文笔记,"681c861f8da761000133f1fb,6748224252f26600016f5a21,67eb97e85d35ce0001a96c29,68a594b62eb6de000174964c,67bd86679759260001a41644,68a595d130bf8c0001e0f7ed",智R搜索-深扒晓-横测笔记-系统-12.10,161783830,2025-12-10 11:31:00,0.00,0,0,0.0%,0.0,0.0,0,0.00,0.0,0,0,0.0,0,0,0.0,0,0.0,0,0.0,0,0.0,0,0.0,0,0.0,0,0.0,0,0.0,0,0.0,0,0.0,0.00,0.0,0,0,0
3139119799,智R托管-东京小枝-AGXI-系统-12.10-达人直投,暂停,审核通过,通投,商品7日总支付ROI,笔记（商品组件）,69314f42000000001d03c09b,57c2e58aa9b2ed40cb394f32,图文笔记,"67eb97e85d35ce0001a96c29,67f62ea104afe30001b8d8ed",智R托管-达人图文合集-AGXI-系统-12.10-达人直投,161798807,2025-12-10 11:16:18,0.00,0,0,0.0%,0.0,0.0,0,0.00,0.0,0,0,0.0,0,0,0.0,0,0.0,0,0.0,0,0.0,0,0.0,0,0.0,0,0.0,0,0.0,0,0.0,0,0.0,0.00,0.0,0,0,0
3139119798,智R托管-快樂逃跑了-AGXI-系统-12.10-达人直投,暂停,审核通过,通投,商品7日总支付ROI,笔记（商品组件）,693002cc000000001e00fc41,5a2e60414eacab36afd022ec,图文笔记,"67eb97e85d35ce0001a96c29,67f62ea104afe30001b8d8ed",智R托管-达人图文合集-AGXI-系统-12.10-达人直投,161798807,2025-12-10 11:16:18,0.00,0,0,0.0%,0.0,0.0,0,0.00,0.0,0,0,0.0,0,0,0.0,0,0.0,0,0.0,0,0.0,0,0.0,0,0.0,0,0.0,0,0.0,0,0.0,0,0.0,0.00,0.0,0,0,0
3139119797,智R托管-君君来啦-AGXI-系统-12.10-达人直投,暂停,审核通过,通投,商品7日总支付ROI,笔记（商品组件）,692e9bcb000000001e0098ec,63ccb44700000000260068ba,图文笔记,"67eb97e85d35ce0001a96c29,67f62ea104afe30001b8d8ed",智R托管-达人图文合集-AGXI-系统-12.10-达人直投,161798807,2025-12-10 11:16:18,0.00,0,0,0.0%,0.0,0.0,0,0.00,0.0,0,0,0.0,0,0,0.0,0,0.0,0,0.0,0,0.0,0,0.0,0,0.0,0,0.0,0,0.0,0,0.0,0,0.0,0.00,0.0,0,0,0
3139119796,智R托管-美丽小玉-AGXI-系统-12.10-达人直投,暂停,审核通过,通投,商品7日总支付ROI,笔记（商品组件）,69297a20000000001e0103f8,5b51c15ae8ac2b42933a7fb3,图文笔记,"67eb97e85d35ce0001a96c29,67f62ea104afe30001b8d8ed",智R托管-达人图文合集-AGXI-系统-12.10-达人直投,161798807,2025-12-10 11:16:18,0.00,0,0,0.0%,0.0,0.0,0,0.00,0.0,0,0,0.0,0,0,0.0,0,0.0,0,0.0,0,0.0,0,0.0,0,0.0,0,0.0,0,0.0,0,0.0,0,0.0,0.00,0.0,0,0,0
3139246989,智R托管-krysti是纯纯子-AGXI-系统-12.10-达人直投,暂停,审核通过,通投,商品7日总支付ROI,笔记（商品组件）,691e9b8e000000001e034c87,5a42270a11be106e4da8a4c9,视频笔记,"67eb97e85d35ce0001a96c29,67f62ea104afe30001b8d8ed",智R托管-达人合集-AGXI-系统-12.10-达人直投,161787859,2025-12-10 11:14:49,0.00,0,0,0.0%,0.0,0.0,0,0.00,0.0,0,0,0.0,0,0,0.0,0,0.0,0,0.0,0,0.0,0,0.0,0,0.0,0,0.0,0,0.0,0,0.0,0,0.0,0.00,0.0,0,0,0
3139246988,智R托管-那知上麻妃Asahi-AGXI-系统-12.10-达人直投,被计划暂停,审核通过,通投,商品7日总支付ROI,笔记（商品组件）,69329b59000000001b024d9f,601241e00000000001008a72,视频笔记,"67eb97e85d35ce0001a96c29,67f62ea104afe30001b8d8ed",智R托管-达人合集-AGXI-系统-12.10-达人直投,161787859,2025-12-10 11:14:49,0.00,0,0,0.0%,0.0,0.0,0,0.00,0.0,0,0,0.0,0,0,0.0,0,0.0,0,0.0,0,0.0,0,0.0,0,0.0,0,0.0,0,0.0,0,0.0,0,0.0,0.00,0.0,0,0,0
3118904646,智R托管-显老天敌-塑颜饮-定向-12.8-高定,暂停,审核通过,通投,商品7日总下单ROI,笔记（商品组件）,69280aa6000000001e0091de,59cde3b9db2e6029a99da214,视频笔记,"68a59525d3dd4d00012b6c02,68a594b62eb6de000174964c,68a5957036ab3b00019db5de",智R托管-合集-塑颜饮-定向-12.8-高定,161209713,2025-12-08 13:53:10,0.00,0,0,0.0%,0.0,0.0,0,0.00,0.0,0,0,0.0,0,0,0.0,0,0.0,0,0.0,0,0.0,0,0.0,0,0.0,0,0.0,0,0.0,0,0.0,0,0.0,0.00,0.0,0,0,0
3118904645,智R托管-别瞎补-塑颜饮-定向-12.8-高定,被计划暂停,审核通过,通投,商品7日总下单ROI,笔记（商品组件）,68f6f76b0000000004028d37,59cde3b9db2e6029a99da214,视频笔记,"68a59525d3dd4d00012b6c02,68a594b62eb6de000174964c,68a5957036ab3b00019db5de",智R托管-合集-塑颜饮-定向-12.8-高定,161209713,2025-12-08 13:53:10,0.00,0,0,0.0%,0.0,0.0,0,0.00,0.0,0,0,0.0,0,0,0.0,0,0.0,0,0.0,0,0.0,0,0.0,0,0.0,0,0.0,0,0.0,0,0.0,0,0.0,0.00,0.0,0,0,0
3118904644,智R托管-牛建议-塑颜饮-定向-12.8-高定,被计划暂停,审核通过,通投,商品7日总下单ROI,笔记（商品组件）,692d5820000000001e024ecc,59cde3b9db2e6029a99da214,视频笔记,"68a59525d3dd4d00012b6c02,68a594b62eb6de000174964c,68a5957036ab3b00019db5de",智R托管-合集-塑颜饮-定向-12.8-高定,161209713,2025-12-08 13:53:10,0.00,0,0,0.0%,0.0,0.0,0,0.00,0.0,0,0,0.0,0,0,0.0,0,0.0,0,0.0,0,0.0,0,0.0,0,0.0,0,0.0,0,0.0,0,0.0,0,0.0,0.00,0.0,0,0,0
3103499028,智R托管-狙击黄-新X白-系统-12.6优化,暂停,审核通过,通投,商品7日总下单ROI,笔记（商品组件）,6914716a0000000004015fba,59cde3b9db2e6029a99da214,图文笔记,"67eb97e85d35ce0001a96c29,67f631353d8f3800016fb4f9,68a594b62eb6de000174964c,68a595d130bf8c0001e0f7ed",智R托管-狙击黄-新X白-系统-12.6优化,160881116,2025-12-06 20:47:33,0.00,0,0,0.0%,0.0,0.0,0,0.00,0.0,0,0,0.0,0,0,0.0,0,0.0,0,0.0,0,0.0,0,0.0,0,0.0,0,0.0,0,0.0,0,0.0,0,0.0,0.00,0.0,0,0,0
3076822276,智R托管-迷你月-AGXI-定向-12.4-达人直投,暂停,审核通过,通投,商品7日总下单ROI,笔记（商品组件）,68ede854000000000700f91c,557c312d58944666a8c24ea3,图文笔记,"67eb97e85d35ce0001a96c29,67f62ea104afe30001b8d8ed",智R托管-达人合集-AGXI-定向-12.4-达人直投,160216916,2025-12-04 10:00:18,0.00,0,0,0.0%,0.0,0.0,0,0.00,0.0,0,0,0.0,0,0,0.0,0,0.0,0,0.0,0,0.0,0,0.0,0,0.0,0,0.0,0,0.0,0,0.0,0,0.0,0.00,0.0,0,0,0
3076822275,智R托管-奶油糖糖-AGXI-定向-12.4-达人直投,暂停,审核通过,通投,商品7日总下单ROI,笔记（商品组件）,68ad8070000000001b03db27,5c52a08100000000100133f5,图文笔记,"67eb97e85d35ce0001a96c29,67f62ea104afe30001b8d8ed",智R托管-达人合集-AGXI-定向-12.4-达人直投,160216916,2025-12-04 10:00:18,0.00,0,0,0.0%,0.0,0.0,0,0.00,0.0,0,0,0.0,0,0,0.0,0,0.0,0,0.0,0,0.0,0,0.0,0,0.0,0,0.0,0,0.0,0,0.0,0,0.0,0.00,0.0,0,0,0
3076822274,智R托管-高锰酸钾同学-AGXI-定向-12.4-达人直投,暂停,审核通过,通投,商品7日总下单ROI,笔记（商品组件）,68b7e9f0000000001d037129,5c7ce4fc00000000160069f2,视频笔记,"67eb97e85d35ce0001a96c29,67f62ea104afe30001b8d8ed",智R托管-达人合集-AGXI-定向-12.4-达人直投,160216916,2025-12-04 10:00:18,0.00,0,0,0.0%,0.0,0.0,0,0.00,0.0,0,0,0.0,0,0,0.0,0,0.0,0,0.0,0,0.0,0,0.0,0,0.0,0,0.0,0,0.0,0,0.0,0,0.0,0.00,0.0,0,0,0
3076822273,智R托管-姜不梨-AGXI-定向-12.4-达人直投,被计划暂停,审核通过,通投,商品7日总下单ROI,笔记（商品组件）,68b5711a000000001d0110ec,659f5b91000000002001e979,图文笔记,"67eb97e85d35ce0001a96c29,67f62ea104afe30001b8d8ed",智R托管-达人合集-AGXI-定向-12.4-达人直投,160216916,2025-12-04 10:00:18,0.00,0,0,0.0%,0.0,0.0,0,0.00,0.0,0,0,0.0,0,0,0.0,0,0.0,0,0.0,0,0.0,0,0.0,0,0.0,0,0.0,0,0.0,0,0.0,0,0.0,0.00,0.0,0,0,0
3068725151,智R托管-想要亮-御三家-定向-12.3,暂停,审核通过,通投,商品7日总支付ROI,笔记（商品组件）,690821b30000000004023e31,59cde3b9db2e6029a99da214,图文笔记,"68a595d130bf8c0001e0f7ed,67a96f5af4fe140001803e33,68a59525d3dd4d00012b6c02,67f62ea104afe30001b8d8ed",智R托管-合集-御三家-定向-12.3,160006005,2025-12-03 14:29:47,0.00,0,0,0.0%,0.0,0.0,0,0.00,0.0,0,0,0.0,0,0,0.0,0,0.0,0,0.0,0,0.0,0,0.0,0,0.0,0,0.0,0,0.0,0,0.0,0,0.0,0.00,0.0,0,0,0
3068725150,智R托管-太权威-御三家-定向-12.3,暂停,审核通过,通投,商品7日总支付ROI,笔记（商品组件）,68b1432d000000001b01f871,59cde3b9db2e6029a99da214,图文笔记,"68a595d130bf8c0001e0f7ed,67a96f5af4fe140001803e33,68a59525d3dd4d00012b6c02,67f62ea104afe30001b8d8ed",智R托管-合集-御三家-定向-12.3,160006005,2025-12-03 14:29:47,0.00,0,0,0.0%,0.0,0.0,0,0.00,0.0,0,0,0.0,0,0,0.0,0,0.0,0,0.0,0,0.0,0,0.0,0,0.0,0,0.0,0,0.0,0,0.0,0,0.0,0.00,0.0,0,0,0
3068835255,智R搜索-焊脸上-新X白-系统-12.3,暂停,审核通过,搜索,商品7日总下单ROI,笔记（商品组件）,68799b2b000000002203279d,59cde3b9db2e6029a99da214,视频笔记,"67f6247db2c30c00015cbc5d,6858efa562560900014a4305,67eb97e85d35ce0001a96c29,67bd86679759260001a41644",智R搜索-合集-新X白-系统-12.3,159994894,2025-12-03 14:26:13,0.00,0,0,0.0%,0.0,0.0,0,0.00,0.0,0,0,0.0,0,0,0.0,0,0.0,0,0.0,0,0.0,0,0.0,0,0.0,0,0.0,0,0.0,0,0.0,0,0.0,0.00,0.0,0,0,0
3068835254,智R搜索-新公式-新X白-系统-12.3,被计划暂停,审核通过,搜索,商品7日总下单ROI,笔记（商品组件）,684947e4000000002100441f,59cde3b9db2e6029a99da214,图文笔记,"67f6247db2c30c00015cbc5d,6858efa562560900014a4305,67eb97e85d35ce0001a96c29,67bd86679759260001a41644",智R搜索-合集-新X白-系统-12.3,159994894,2025-12-03 14:26:13,0.00,0,0,0.0%,0.0,0.0,0,0.00,0.0,0,0,0.0,0,0,0.0,0,0.0,0,0.0,0,0.0,0,0.0,0,0.0,0,0.0,0,0.0,0,0.0,0,0.0,0.00,0.0,0,0,0
3068835253,智R搜索-原相机-新X白-系统-12.3,暂停,审核通过,搜索,商品7日总下单ROI,笔记（商品组件）,68a6b9d4000000001b03588f,59cde3b9db2e6029a99da214,图文笔记,"67f6247db2c30c00015cbc5d,6858efa562560900014a4305,67eb97e85d35ce0001a96c29,67bd86679759260001a41644",智R搜索-合集-新X白-系统-12.3,159994894,2025-12-03 14:26:13,0.00,0,0,0.0%,0.0,0.0,0,0.00,0.0,0,0,0.0,0,0,0.0,0,0.0,0,0.0,0,0.0,0,0.0,0,0.0,0,0.0,0,0.0,0,0.0,0,0.0,0.00,0.0,0,0,0
3068835252,智R搜索-稳稳稳-新X白-系统-12.3,暂停,审核通过,搜索,商品7日总下单ROI,笔记（商品组件）,6865ed1a0000000022033186,59cde3b9db2e6029a99da214,图文笔记,"67f6247db2c30c00015cbc5d,6858efa562560900014a4305,67eb97e85d35ce0001a96c29,67bd86679759260001a41644",智R搜索-合集-新X白-系统-12.3,159994894,2025-12-03 14:26:13,0.00,0,0,0.0%,0.0,0.0,0,0.00,0.0,0,0,0.0,0,0,0.0,0,0.0,0,0.0,0,0.0,0,0.0,0,0.0,0,0.0,0,0.0,0,0.0,0,0.0,0.00,0.0,0,0,0
3068835251,智R搜索-嘭弹肌-新X白-系统-12.3,暂停,审核通过,搜索,商品7日总下单ROI,笔记（商品组件）,6614f41e000000001b01357e,59cde3b9db2e6029a99da214,视频笔记,"67f6247db2c30c00015cbc5d,6858efa562560900014a4305,67eb97e85d35ce0001a96c29,67bd86679759260001a41644",智R搜索-合集-新X白-系统-12.3,159994894,2025-12-03 14:26:13,0.00,0,0,0.0%,0.0,0.0,0,0.00,0.0,0,0,0.0,0,0,0.0,0,0.0,0,0.0,0,0.0,0,0.0,0,0.0,0,0.0,0,0.0,0,0.0,0,0.0,0.00,0.0,0,0,0
3068835250,智R搜索-实现大-新X白-系统-12.3,暂停,审核通过,搜索,商品7日总下单ROI,笔记（商品组件）,67ecf570000000001b03db8b,59cde3b9db2e6029a99da214,图文笔记,"67f6247db2c30c00015cbc5d,6858efa562560900014a4305,67eb97e85d35ce0001a96c29,67bd86679759260001a41644",智R搜索-合集-新X白-系统-12.3,159994894,2025-12-03 14:26:13,0.00,0,0,0.0%,0.0,0.0,0,0.00,0.0,0,0,0.0,0,0,0.0,0,0.0,0,0.0,0,0.0,0,0.0,0,0.0,0,0.0,0,0.0,0,0.0,0,0.0,0.00,0.0,0,0,0
3068388925,智R托管-黄又垮-御三家-定向-12.3,被计划暂停,审核通过,通投,商品7日总支付ROI,笔记（商品组件）,68ccf1a30000000011014b87,59cde3b9db2e6029a99da214,图文笔记,"68a595d130bf8c0001e0f7ed,67a96f5af4fe140001803e33,68a59525d3dd4d00012b6c02,67f62ea104afe30001b8d8ed",智R托管-黄又垮-御三家-定向-12.3,159977100,2025-12-03 13:43:36,0.00,0,0,0.0%,0.0,0.0,0,0.00,0.0,0,0,0.0,0,0,0.0,0,0.0,0,0.0,0,0.0,0,0.0,0,0.0,0,0.0,0,0.0,0,0.0,0,0.0,0.00,0.0,0,0,0
3061353828,智R搜索-实现大-新X白-系统-12.2,暂停,审核通过,搜索,商品7日总支付ROI,笔记（商品组件）,67ecf570000000001b03db8b,59cde3b9db2e6029a99da214,图文笔记,"67f6247db2c30c00015cbc5d,6858efa562560900014a4305,67a96fff17cfa0000166a95f,67f62ea104afe30001b8d8ed",智R搜索-实现大-新X白-系统-12.2,159799214,2025-12-02 20:23:57,0.00,0,0,0.0%,0.0,0.0,0,0.00,0.0,0,0,0.0,0,0,0.0,0,0.0,0,0.0,0,0.0,0,0.0,0,0.0,0,0.0,0,0.0,0,0.0,0,0.0,0.00,0.0,0,0,0
3055571418,智R托管-imloki-御三家-系统-12.2-达人直投,被计划暂停,审核通过,通投,商品7日总下单ROI,笔记（商品组件）,690af66d0000000003039e44,5d3ae0f000000000110076d1,图文笔记,"67eb97e85d35ce0001a96c29,67f631353d8f3800016fb4f9,68a594b62eb6de000174964c,68a595d130bf8c0001e0f7ed",智R托管-达人合集-御三家-系统-12.2-达人直投,159676782,2025-12-02 10:40:12,0.00,0,0,0.0%,0.0,0.0,0,0.00,0.0,0,0,0.0,0,0,0.0,0,0.0,0,0.0,0,0.0,0,0.0,0,0.0,0,0.0,0,0.0,0,0.0,0,0.0,0.00,0.0,0,0,0
3055571417,智R托管-FIUU-御三家-系统-12.2-达人直投,被计划暂停,审核拒绝,通投,商品7日总下单ROI,笔记（商品组件）,690c5ea10000000004014bdb,614da1c10000000002018e57,图文笔记,"67eb97e85d35ce0001a96c29,67f631353d8f3800016fb4f9,68a594b62eb6de000174964c,68a595d130bf8c0001e0f7ed",智R托管-达人合集-御三家-系统-12.2-达人直投,159676782,2025-12-02 10:40:12,0.00,0,0,0.0%,0.0,0.0,0,0.00,0.0,0,0,0.0,0,0,0.0,0,0.0,0,0.0,0,0.0,0,0.0,0,0.0,0,0.0,0,0.0,0,0.0,0,0.0,0.00,0.0,0,0,0
3055571416,智R托管-Chuu-御三家-系统-12.2-达人直投,被计划暂停,审核拒绝,通投,商品7日总下单ROI,笔记（商品组件）,6909bbb90000000003018d5e,559e80c5c2bdeb22279066a0,图文笔记,"67eb97e85d35ce0001a96c29,67f631353d8f3800016fb4f9,68a594b62eb6de000174964c,68a595d130bf8c0001e0f7ed",智R托管-达人合集-御三家-系统-12.2-达人直投,159676782,2025-12-02 10:40:12,0.00,0,0,0.0%,0.0,0.0,0,0.00,0.0,0,0,0.0,0,0,0.0,0,0.0,0,0.0,0,0.0,0,0.0,0,0.0,0,0.0,0,0.0,0,0.0,0,0.0,0.00,0.0,0,0,0
3055267700,智R托管-不是拖拖-光感白肌饮-定向-12.2-达人直投,暂停,审核通过,通投,商品7日总下单ROI,笔记（商品组件）,692a932c000000001e0308e6,584263076a6a695b70b0fd46,视频笔记,"67bd894629b9f70001b66fed,67a96f5af4fe140001803e33,67bd86679759260001a41644",智R托管-合集-光感白肌饮-定向-12.2-达人直投,159670444,2025-12-02 10:25:40,0.00,0,0,0.0%,0.0,0.0,0,0.00,0.0,0,0,0.0,0,0,0.0,0,0.0,0,0.0,0,0.0,0,0.0,0,0.0,0,0.0,0,0.0,0,0.0,0,0.0,0.00,0.0,0,0,0
3055267699,智R托管-喜英子-光感白肌饮-定向-12.2-达人直投,被计划暂停,审核通过,通投,商品7日总下单ROI,笔记（商品组件）,692974a0000000001d0389ca,5d41aa0b000000001002070a,视频笔记,"67bd894629b9f70001b66fed,67a96f5af4fe140001803e33,67bd86679759260001a41644",智R托管-合集-光感白肌饮-定向-12.2-达人直投,159670444,2025-12-02 10:25:40,0.00,0,0,0.0%,0.0,0.0,0,0.00,0.0,0,0,0.0,0,0,0.0,0,0.0,0,0.0,0,0.0,0,0.0,0,0.0,0,0.0,0,0.0,0,0.0,0,0.0,0.00,0.0,0,0,0
3055267698,智R托管-酸奶加芥末-光感白肌饮-定向-12.2-达人直投,暂停,审核通过,通投,商品7日总下单ROI,笔记（商品组件）,6929595c000000001e005233,5a72c78411be10700fc3e5ef,视频笔记,"67bd894629b9f70001b66fed,67a96f5af4fe140001803e33,67bd86679759260001a41644",智R托管-合集-光感白肌饮-定向-12.2-达人直投,159670444,2025-12-02 10:25:40,0.00,0,0,0.0%,0.0,0.0,0,0.00,0.0,0,0,0.0,0,0,0.0,0,0.0,0,0.0,0,0.0,0,0.0,0,0.0,0,0.0,0,0.0,0,0.0,0,0.0,0.00,0.0,0,0,0
3055267697,智R托管-要做大美女-光感白肌饮-定向-12.2-达人直投,暂停,审核通过,通投,商品7日总下单ROI,笔记（商品组件）,69281eb7000000001f00b6a3,66c40d6d000000001d021666,视频笔记,"67bd894629b9f70001b66fed,67a96f5af4fe140001803e33,67bd86679759260001a41644",智R托管-合集-光感白肌饮-定向-12.2-达人直投,159670444,2025-12-02 10:25:40,0.00,0,0,0.0%,0.0,0.0,0,0.00,0.0,0,0,0.0,0,0,0.0,0,0.0,0,0.0,0,0.0,0,0.0,0,0.0,0,0.0,0,0.0,0,0.0,0,0.0,0.00,0.0,0,0,0
3055267696,智R托管-兜里有糖-光感白肌饮-定向-12.2-达人直投,被计划暂停,审核通过,通投,商品7日总下单ROI,笔记（商品组件）,6923eadf000000001e001be4,58beb5706a6a6920a416903f,视频笔记,"67bd894629b9f70001b66fed,67a96f5af4fe140001803e33,67bd86679759260001a41644",智R托管-合集-光感白肌饮-定向-12.2-达人直投,159670444,2025-12-02 10:25:40,0.00,0,0,0.0%,0.0,0.0,0,0.00,0.0,0,0,0.0,0,0,0.0,0,0.0,0,0.0,0,0.0,0,0.0,0,0.0,0,0.0,0,0.0,0,0.0,0,0.0,0.00,0.0,0,0,0
3055267695,智R托管-指南针的磁针-光感白肌饮-定向-12.2-达人直投,暂停,审核通过,通投,商品7日总下单ROI,笔记（商品组件）,691edd74000000001e005564,5bdfc583e78e350001a0d14b,视频笔记,"67bd894629b9f70001b66fed,67a96f5af4fe140001803e33,67bd86679759260001a41644",智R托管-合集-光感白肌饮-定向-12.2-达人直投,159670444,2025-12-02 10:25:40,0.00,0,0,0.0%,0.0,0.0,0,0.00,0.0,0,0,0.0,0,0,0.0,0,0.0,0,0.0,0,0.0,0,0.0,0,0.0,0,0.0,0,0.0,0,0.0,0,0.0,0.00,0.0,0,0,0
3055267694,智R托管-一勺妍-光感白肌饮-定向-12.2-达人直投,被计划暂停,审核通过,通投,商品7日总下单ROI,笔记（商品组件）,691ec596000000001e03005a,5a525006e8ac2b3d4d456f87,视频笔记,"67bd894629b9f70001b66fed,67a96f5af4fe140001803e33,67bd86679759260001a41644",智R托管-合集-光感白肌饮-定向-12.2-达人直投,159670444,2025-12-02 10:25:40,0.00,0,0,0.0%,0.0,0.0,0,0.00,0.0,0,0,0.0,0,0,0.0,0,0.0,0,0.0,0,0.0,0,0.0,0,0.0,0,0.0,0,0.0,0,0.0,0,0.0,0.00,0.0,0,0,0
3055108619,智R托管-早起怪兽-光感白肌饮-系统-12.2-达人直投,暂停,审核通过,通投,商品7日总下单ROI,笔记（商品组件）,69200cfd000000001e03340a,57750dbc50c4b420f3937924,图文笔记,"67bd86679759260001a41644,67a96f5af4fe140001803e33,67bd894629b9f70001b66fed",智R托管-合集-光感白肌饮-系统-12.2-达人直投,159681261,2025-12-02 10:20:05,0.00,0,0,0.0%,0.0,0.0,0,0.00,0.0,0,0,0.0,0,0,0.0,0,0.0,0,0.0,0,0.0,0,0.0,0,0.0,0,0.0,0,0.0,0,0.0,0,0.0,0.00,0.0,0,0,0
3055108618,智R托管-鼠鼠我啊掉米缸里了-光感白肌饮-系统-12.2-达人直投,被计划暂停,审核通过,通投,商品7日总下单ROI,笔记（商品组件）,69252ce9000000001e00fce7,67bd37b5000000000e01c380,图文笔记,"67bd86679759260001a41644,67a96f5af4fe140001803e33,67bd894629b9f70001b66fed",智R托管-合集-光感白肌饮-系统-12.2-达人直投,159681261,2025-12-02 10:20:05,0.00,0,0,0.0%,0.0,0.0,0,0.00,0.0,0,0,0.0,0,0,0.0,0,0.0,0,0.0,0,0.0,0,0.0,0,0.0,0,0.0,0,0.0,0,0.0,0,0.0,0.00,0.0,0,0,0
3055108617,智R托管-易-光感白肌饮-系统-12.2-达人直投,暂停,审核通过,通投,商品7日总下单ROI,笔记（商品组件）,691c4716000000001f00ca79,60d41f8c000000000101fd4b,图文笔记,"67bd86679759260001a41644,67a96f5af4fe140001803e33,67bd894629b9f70001b66fed",智R托管-合集-光感白肌饮-系统-12.2-达人直投,159681261,2025-12-02 10:20:05,0.00,0,0,0.0%,0.0,0.0,0,0.00,0.0,0,0,0.0,0,0,0.0,0,0.0,0,0.0,0,0.0,0,0.0,0,0.0,0,0.0,0,0.0,0,0.0,0,0.0,0.00,0.0,0,0,0
3055045133,智R托管-麦辣鸡大小姐-光感白肌饮-定向-12.2-达人直投,暂停,审核通过,通投,商品7日总下单ROI,笔记（商品组件）,68b4355a000000001b0234b2,670bbb5f000000001d023e97,图文笔记,"67bd86679759260001a41644,67a96f5af4fe140001803e33,67bd894629b9f70001b66fed",智R托管-视频合集-光感白肌饮-定向-12.2-达人直投,159664673,2025-12-02 10:17:22,0.00,0,0,0.0%,0.0,0.0,0,0.00,0.0,0,0,0.0,0,0,0.0,0,0.0,0,0.0,0,0.0,0,0.0,0,0.0,0,0.0,0,0.0,0,0.0,0,0.0,0.00,0.0,0,0,0
3055045132,智R托管-鱼一菡ooo-光感白肌饮-定向-12.2-达人直投,暂停,审核通过,通投,商品7日总下单ROI,笔记（商品组件）,68946194000000002501bdfd,63149cbc00000000120024e3,图文笔记,"67bd86679759260001a41644,67a96f5af4fe140001803e33,67bd894629b9f70001b66fed",智R托管-视频合集-光感白肌饮-定向-12.2-达人直投,159664673,2025-12-02 10:17:22,0.00,0,0,0.0%,0.0,0.0,0,0.00,0.0,0,0,0.0,0,0,0.0,0,0.0,0,0.0,0,0.0,0,0.0,0,0.0,0,0.0,0,0.0,0,0.0,0,0.0,0.00,0.0,0,0,0
3055045131,智R托管-怎么那么珂-光感白肌饮-定向-12.2-达人直投,暂停,审核通过,通投,商品7日总下单ROI,笔记（商品组件）,68a297ae000000001d039c95,5e7479fe0000000001002a06,视频笔记,"67bd86679759260001a41644,67a96f5af4fe140001803e33,67bd894629b9f70001b66fed",智R托管-视频合集-光感白肌饮-定向-12.2-达人直投,159664673,2025-12-02 10:17:22,0.00,0,0,0.0%,0.0,0.0,0,0.00,0.0,0,0,0.0,0,0,0.0,0,0.0,0,0.0,0,0.0,0,0.0,0,0.0,0,0.0,0,0.0,0,0.0,0,0.0,0.00,0.0,0,0,0
3055045130,智R托管-wenyouuu-光感白肌饮-定向-12.2-达人直投,暂停,审核通过,通投,商品7日总下单ROI,笔记（商品组件）,68d3aa6e000000001101c19f,5c94df6e0000000010011668,视频笔记,"67bd86679759260001a41644,67a96f5af4fe140001803e33,67bd894629b9f70001b66fed",智R托管-视频合集-光感白肌饮-定向-12.2-达人直投,159664673,2025-12-02 10:17:22,0.00,0,0,0.0%,0.0,0.0,0,0.00,0.0,0,0,0.0,0,0,0.0,0,0.0,0,0.0,0,0.0,0,0.0,0,0.0,0,0.0,0,0.0,0,0.0,0,0.0,0.00,0.0,0,0,0
3055045129,智R托管-刘嚒嚒-光感白肌饮-定向-12.2-达人直投,暂停,审核拒绝,通投,商品7日总下单ROI,笔记（商品组件）,681c8c4a00000000230175ef,568d03294775a71e97a474a5,视频笔记,"67bd86679759260001a41644,67a96f5af4fe140001803e33,67bd894629b9f70001b66fed",智R托管-视频合集-光感白肌饮-定向-12.2-达人直投,159664673,2025-12-02 10:17:22,0.00,0,0,0.0%,0.0,0.0,0,0.00,0.0,0,0,0.0,0,0,0.0,0,0.0,0,0.0,0,0.0,0,0.0,0,0.0,0,0.0,0,0.0,0,0.0,0,0.0,0.00,0.0,0,0,0
3055045128,智R托管-小爱Ayla-光感白肌饮-定向-12.2-达人直投,暂停,审核通过,通投,商品7日总下单ROI,笔记（商品组件）,68ef19b7000000000503ab4a,5795e442a9b2ed20e18ce046,视频笔记,"67bd86679759260001a41644,67a96f5af4fe140001803e33,67bd894629b9f70001b66fed",智R托管-视频合集-光感白肌饮-定向-12.2-达人直投,159664673,2025-12-02 10:17:22,0.00,0,0,0.0%,0.0,0.0,0,0.00,0.0,0,0,0.0,0,0,0.0,0,0.0,0,0.0,0,0.0,0,0.0,0,0.0,0,0.0,0,0.0,0,0.0,0,0.0,0.00,0.0,0,0,0
3055207231,智R托管-涂涂堡-AGXI-系统-12.2-达人直投,暂停,审核通过,通投,商品7日总支付ROI,笔记（商品组件）,691d6ac7000000000d039fc3,5a6f3ac9e8ac2b6fe2f1ef45,视频笔记,"67eb97e85d35ce0001a96c29,67f62ea104afe30001b8d8ed",智R托管-达人合集-AGXI-系统-12.2-达人直投,159660113,2025-12-02 10:10:29,0.00,0,0,0.0%,0.0,0.0,0,0.00,0.0,0,0,0.0,0,0,0.0,0,0.0,0,0.0,0,0.0,0,0.0,0,0.0,0,0.0,0,0.0,0,0.0,0,0.0,0.00,0.0,0,0,0
3055207230,智R托管-33是小瓶盖-AGXI-系统-12.2-达人直投,暂停,审核通过,通投,商品7日总支付ROI,笔记（商品组件）,691bf93e0000000004004246,5a577a99e8ac2b6fc8a70044,视频笔记,"67eb97e85d35ce0001a96c29,67f62ea104afe30001b8d8ed",智R托管-达人合集-AGXI-系统-12.2-达人直投,159660113,2025-12-02 10:10:29,0.00,0,0,0.0%,0.0,0.0,0,0.00,0.0,0,0,0.0,0,0,0.0,0,0.0,0,0.0,0,0.0,0,0.0,0,0.0,0,0.0,0,0.0,0,0.0,0,0.0,0.00,0.0,0,0,0
3055207229,智R托管-黑米Heimi-AGXI-系统-12.2-达人直投,被计划暂停,审核通过,通投,商品7日总支付ROI,笔记（商品组件）,691c3db7000000000d03c2e2,620a82d00000000021029f0a,视频笔记,"67eb97e85d35ce0001a96c29,67f62ea104afe30001b8d8ed",智R托管-达人合集-AGXI-系统-12.2-达人直投,159660113,2025-12-02 10:10:29,0.00,0,0,0.0%,0.0,0.0,0,0.00,0.0,0,0,0.0,0,0,0.0,0,0.0,0,0.0,0,0.0,0,0.0,0,0.0,0,0.0,0,0.0,0,0.0,0,0.0,0.00,0.0,0,0,0
3055207228,智R托管-krysti是纯纯子-AGXI-系统-12.2-达人直投,暂停,审核通过,通投,商品7日总支付ROI,笔记（商品组件）,691e9b8e000000001e034c87,5a42270a11be106e4da8a4c9,视频笔记,"67eb97e85d35ce0001a96c29,67f62ea104afe30001b8d8ed",智R托管-达人合集-AGXI-系统-12.2-达人直投,159660113,2025-12-02 10:10:29,0.00,0,0,0.0%,0.0,0.0,0,0.00,0.0,0,0,0.0,0,0,0.0,0,0.0,0,0.0,0,0.0,0,0.0,0,0.0,0,0.0,0,0.0,0,0.0,0,0.0,0.00,0.0,0,0,0
3054251142,智R托管-贵妇听劝-御三家-系统-12.2,暂停,审核通过,通投,商品7日总下单ROI,笔记（商品组件）,68f5a570000000000402ba94,59cde3b9db2e6029a99da214,视频笔记,"67eb97e85d35ce0001a96c29,67f631353d8f3800016fb4f9,68a594b62eb6de000174964c,68a595d130bf8c0001e0f7ed",智R托管-贵妇听劝-御三家-系统-12.2,159648752,2025-12-02 08:33:51,0.00,0,0,0.0%,0.0,0.0,0,0.00,0.0,0,0,0.0,0,0,0.0,0,0.0,0,0.0,0,0.0,0,0.0,0,0.0,0,0.0,0,0.0,0,0.0,0,0.0,0.00,0.0,0,0,0
3010853116,智R搜索-焊脸上-新X白-系统-11.26,暂停,审核通过,搜索,商品7日总支付ROI,笔记（商品组件）,68799b2b000000002203279d,59cde3b9db2e6029a99da214,视频笔记,"67f6247db2c30c00015cbc5d,6858efa562560900014a4305,67eb97e85d35ce0001a96c29,67bd86679759260001a41644",智R搜索-合集-新X白-系统-11.26,158630509,2025-11-27 17:32:16,0.00,0,0,0.0%,0.0,0.0,0,0.00,0.0,0,0,0.0,0,0,0.0,0,0.0,0,0.0,0,0.0,0,0.0,0,0.0,0,0.0,0,0.0,0,0.0,0,0.0,0.00,0.0,0,0,0
3010853115,智R搜索-新公式-新X白-系统-11.26,被计划暂停,审核通过,搜索,商品7日总支付ROI,笔记（商品组件）,684947e4000000002100441f,59cde3b9db2e6029a99da214,图文笔记,"67f6247db2c30c00015cbc5d,6858efa562560900014a4305,67eb97e85d35ce0001a96c29,67bd86679759260001a41644",智R搜索-合集-新X白-系统-11.26,158630509,2025-11-27 17:32:16,0.00,0,0,0.0%,0.0,0.0,0,0.00,0.0,0,0,0.0,0,0,0.0,0,0.0,0,0.0,0,0.0,0,0.0,0,0.0,0,0.0,0,0.0,0,0.0,0,0.0,0.00,0.0,0,0,0
3010853114,智R搜索-原相机-新X白-系统-11.26,暂停,审核通过,搜索,商品7日总支付ROI,笔记（商品组件）,68a6b9d4000000001b03588f,59cde3b9db2e6029a99da214,图文笔记,"67f6247db2c30c00015cbc5d,6858efa562560900014a4305,67eb97e85d35ce0001a96c29,67bd86679759260001a41644",智R搜索-合集-新X白-系统-11.26,158630509,2025-11-27 17:32:16,0.00,0,0,0.0%,0.0,0.0,0,0.00,0.0,0,0,0.0,0,0,0.0,0,0.0,0,0.0,0,0.0,0,0.0,0,0.0,0,0.0,0,0.0,0,0.0,0,0.0,0.00,0.0,0,0,0
3010853113,智R搜索-稳稳稳-新X白-系统-11.26,暂停,审核通过,搜索,商品7日总支付ROI,笔记（商品组件）,6865ed1a0000000022033186,59cde3b9db2e6029a99da214,图文笔记,"67f6247db2c30c00015cbc5d,6858efa562560900014a4305,67eb97e85d35ce0001a96c29,67bd86679759260001a41644",智R搜索-合集-新X白-系统-11.26,158630509,2025-11-27 17:32:16,0.00,0,0,0.0%,0.0,0.0,0,0.00,0.0,0,0,0.0,0,0,0.0,0,0.0,0,0.0,0,0.0,0,0.0,0,0.0,0,0.0,0,0.0,0,0.0,0,0.0,0.00,0.0,0,0,0
3010853112,智R搜索-嘭弹肌-新X白-系统-11.26,暂停,审核通过,搜索,商品7日总支付ROI,笔记（商品组件）,6614f41e000000001b01357e,59cde3b9db2e6029a99da214,视频笔记,"67f6247db2c30c00015cbc5d,6858efa562560900014a4305,67eb97e85d35ce0001a96c29,67bd86679759260001a41644",智R搜索-合集-新X白-系统-11.26,158630509,2025-11-27 17:32:16,0.00,0,0,0.0%,0.0,0.0,0,0.00,0.0,0,0,0.0,0,0,0.0,0,0.0,0,0.0,0,0.0,0,0.0,0,0.0,0,0.0,0,0.0,0,0.0,0,0.0,0.00,0.0,0,0,0
3010853111,智R搜索-实现大-新X白-系统-11.26,暂停,审核通过,搜索,商品7日总支付ROI,笔记（商品组件）,67ecf570000000001b03db8b,59cde3b9db2e6029a99da214,图文笔记,"67f6247db2c30c00015cbc5d,6858efa562560900014a4305,67eb97e85d35ce0001a96c29,67bd86679759260001a41644",智R搜索-合集-新X白-系统-11.26,158630509,2025-11-27 17:32:16,0.00,0,0,0.0%,0.0,0.0,0,0.00,0.0,0,0,0.0,0,0,0.0,0,0.0,0,0.0,0,0.0,0,0.0,0,0.0,0,0.0,0,0.0,0,0.0,0,0.0,0.00,0.0,0,0,0
3008066237,智R托管-防御体系-AGXI-系统-11.27,暂停,审核通过,通投,商品1日总支付ROI,笔记（商品组件）,681096ca000000002200713a,59cde3b9db2e6029a99da214,图文笔记,"67eb97e85d35ce0001a96c29,67f62e4eec137400010dc1cb,67f62ea104afe30001b8d8ed",智R托管-防御体系-AGXI-系统-11.27,158521496,2025-11-27 11:49:22,0.00,0,0,0.0%,0.0,0.0,0,0.00,0.0,0,0,0.0,0,0,0.0,0,0.0,0,0.0,0,0.0,0,0.0,0,0.0,0,0.0,0,0.0,0,0.0,0,0.0,0.00,0.0,0,0,0
2996092709,智R托管-不戒嘴-AGXI-系统-11.26,暂停,审核通过,通投,商品7日总支付ROI,笔记（商品组件）,68a3d43a000000001b0215f4,59cde3b9db2e6029a99da214,视频笔记,"67eb97e85d35ce0001a96c29,67f6247db2c30c00015cbc5d,67f62e4eec137400010dc1cb",智R托管-合集2条-AGXI-系统-11.26,158233777,2025-11-26 10:07:48,0.00,0,0,0.0%,0.0,0.0,0,0.00,0.0,0,0,0.0,0,0,0.0,0,0.0,0,0.0,0,0.0,0,0.0,0,0.0,0,0.0,0,0.0,0,0.0,0,0.0,0.00,0.0,0,0,0
2996092708,智R托管-素颜杀-AGXI-系统-11.26,暂停,审核通过,通投,商品7日总支付ROI,笔记（商品组件）,690c4a8f0000000005001713,59cde3b9db2e6029a99da214,图文笔记,"67f62e4eec137400010dc1cb,67f62ea104afe30001b8d8ed",智R托管-合集2条-AGXI-系统-11.26,158233777,2025-11-26 10:07:48,0.00,0,0,0.0%,0.0,0.0,0,0.00,0.0,0,0,0.0,0,0,0.0,0,0.0,0,0.0,0,0.0,0,0.0,0,0.0,0,0.0,0,0.0,0,0.0,0,0.0,0.00,0.0,0,0,0
2995495321,智R托管-深扒晓-横测笔记-定向-11.26-1日ROI,暂停,审核通过,通投,商品1日总支付ROI,笔记（商品组件）,68f9fee30000000005003593,59cde3b9db2e6029a99da214,图文笔记,"681c861f8da761000133f1fb,6748224252f26600016f5a21,67eb97e85d35ce0001a96c29,68a594b62eb6de000174964c,67bd86679759260001a41644,68a595d130bf8c0001e0f7ed",智R托管-深扒晓-横测笔记-定向-11.26-1日ROI,158221701,2025-11-26 09:17:05,0.00,0,0,0.0%,0.0,0.0,0,0.00,0.0,0,0,0.0,0,0,0.0,0,0.0,0,0.0,0,0.0,0,0.0,0,0.0,0,0.0,0,0.0,0,0.0,0,0.0,0.00,0.0,0,0,0
2995286859,智R托管-这什么-新X白-定向-11.26-1日ROI,暂停,审核拒绝,通投,商品1日总支付ROI,笔记（商品组件）,6905772e00000000040210fe,59cde3b9db2e6029a99da214,视频笔记,"67f6247db2c30c00015cbc5d,67eb97e85d35ce0001a96c29,67bd86679759260001a41644,6858efa562560900014a4305",智R托管-优质合集-新X白-定向-11.26-1日ROI,158226554,2025-11-26 09:14:26,0.00,0,0,0.0%,0.0,0.0,0,0.00,0.0,0,0,0.0,0,0,0.0,0,0.0,0,0.0,0,0.0,0,0.0,0,0.0,0,0.0,0,0.0,0,0.0,0,0.0,0.00,0.0,0,0,0
2995286858,智R托管-双通路-新X白-定向-11.26-1日ROI,被计划暂停,审核通过,通投,商品1日总支付ROI,笔记（商品组件）,68d101e0000000001101c2be,59cde3b9db2e6029a99da214,视频笔记,"67f6247db2c30c00015cbc5d,67eb97e85d35ce0001a96c29,67bd86679759260001a41644,6858efa562560900014a4305",智R托管-优质合集-新X白-定向-11.26-1日ROI,158226554,2025-11-26 09:14:26,0.00,0,0,0.0%,0.0,0.0,0,0.00,0.0,0,0,0.0,0,0,0.0,0,0.0,0,0.0,0,0.0,0,0.0,0,0.0,0,0.0,0,0.0,0,0.0,0,0.0,0.00,0.0,0,0,0
2995286857,智R托管-组合拳-新X白-定向-11.26-1日ROI,被计划暂停,审核通过,通投,商品1日总支付ROI,笔记（商品组件）,690455cd0000000004001d8d,59cde3b9db2e6029a99da214,视频笔记,"67f6247db2c30c00015cbc5d,67eb97e85d35ce0001a96c29,67bd86679759260001a41644,6858efa562560900014a4305",智R托管-优质合集-新X白-定向-11.26-1日ROI,158226554,2025-11-26 09:14:26,0.00,0,0,0.0%,0.0,0.0,0,0.00,0.0,0,0,0.0,0,0,0.0,0,0.0,0,0.0,0,0.0,0,0.0,0,0.0,0,0.0,0,0.0,0,0.0,0,0.0,0.00,0.0,0,0,0
2995286856,智R托管-焊脸上-新X白-定向-11.26-1日ROI,暂停,审核通过,通投,商品1日总支付ROI,笔记（商品组件）,68799b2b000000002203279d,59cde3b9db2e6029a99da214,视频笔记,"67f6247db2c30c00015cbc5d,67eb97e85d35ce0001a96c29,67bd86679759260001a41644,6858efa562560900014a4305",智R托管-优质合集-新X白-定向-11.26-1日ROI,158226554,2025-11-26 09:14:26,0.00,0,0,0.0%,0.0,0.0,0,0.00,0.0,0,0,0.0,0,0,0.0,0,0.0,0,0.0,0,0.0,0,0.0,0,0.0,0,0.0,0,0.0,0,0.0,0,0.0,0.00,0.0,0,0,0
2995286855,智R托管-新公式-新X白-定向-11.26-1日ROI,被计划暂停,审核通过,通投,商品1日总支付ROI,笔记（商品组件）,684947e4000000002100441f,59cde3b9db2e6029a99da214,图文笔记,"67f6247db2c30c00015cbc5d,67eb97e85d35ce0001a96c29,67bd86679759260001a41644,6858efa562560900014a4305",智R托管-优质合集-新X白-定向-11.26-1日ROI,158226554,2025-11-26 09:14:26,0.00,0,0,0.0%,0.0,0.0,0,0.00,0.0,0,0,0.0,0,0,0.0,0,0.0,0,0.0,0,0.0,0,0.0,0,0.0,0,0.0,0,0.0,0,0.0,0,0.0,0.00,0.0,0,0,0
2995286854,智R托管-抗糖白-新X白-定向-11.26-1日ROI,暂停,审核通过,通投,商品1日总支付ROI,笔记（商品组件）,68f9d7330000000005002d50,59cde3b9db2e6029a99da214,图文笔记,"67f6247db2c30c00015cbc5d,67eb97e85d35ce0001a96c29,67bd86679759260001a41644,6858efa562560900014a4305",智R托管-优质合集-新X白-定向-11.26-1日ROI,158226554,2025-11-26 09:14:26,0.00,0,0,0.0%,0.0,0.0,0,0.00,0.0,0,0,0.0,0,0,0.0,0,0.0,0,0.0,0,0.0,0,0.0,0,0.0,0,0.0,0,0.0,0,0.0,0,0.0,0.00,0.0,0,0,0
2995286853,智R托管-修熟龄-新X白-定向-11.26-1日ROI,暂停,审核通过,通投,商品1日总支付ROI,笔记（商品组件）,68ba33fe000000001b01c7ab,59cde3b9db2e6029a99da214,视频笔记,"67f6247db2c30c00015cbc5d,67eb97e85d35ce0001a96c29,67bd86679759260001a41644,6858efa562560900014a4305",智R托管-优质合集-新X白-定向-11.26-1日ROI,158226554,2025-11-26 09:14:26,0.00,0,0,0.0%,0.0,0.0,0,0.00,0.0,0,0,0.0,0,0,0.0,0,0.0,0,0.0,0,0.0,0,0.0,0,0.0,0,0.0,0,0.0,0,0.0,0,0.0,0.00,0.0,0,0,0
2995286852,智R托管-原相机-新X白-定向-11.26-1日ROI,暂停,审核通过,通投,商品1日总支付ROI,笔记（商品组件）,68a6b9d4000000001b03588f,59cde3b9db2e6029a99da214,图文笔记,"67f6247db2c30c00015cbc5d,67eb97e85d35ce0001a96c29,67bd86679759260001a41644,6858efa562560900014a4305",智R托管-优质合集-新X白-定向-11.26-1日ROI,158226554,2025-11-26 09:14:26,0.00,0,0,0.0%,0.0,0.0,0,0.00,0.0,0,0,0.0,0,0,0.0,0,0.0,0,0.0,0,0.0,0,0.0,0,0.0,0,0.0,0,0.0,0,0.0,0,0.0,0.00,0.0,0,0,0
2995286851,智R托管-稳稳稳-新X白-定向-11.26-1日ROI,暂停,审核通过,通投,商品1日总支付ROI,笔记（商品组件）,6865ed1a0000000022033186,59cde3b9db2e6029a99da214,图文笔记,"67f6247db2c30c00015cbc5d,67eb97e85d35ce0001a96c29,67bd86679759260001a41644,6858efa562560900014a4305",智R托管-优质合集-新X白-定向-11.26-1日ROI,158226554,2025-11-26 09:14:26,0.00,0,0,0.0%,0.0,0.0,0,0.00,0.0,0,0,0.0,0,0,0.0,0,0.0,0,0.0,0,0.0,0,0.0,0,0.0,0,0.0,0,0.0,0,0.0,0,0.0,0.00,0.0,0,0,0
2995286850,智R托管-实现大-新X白-定向-11.26-1日ROI,暂停,审核通过,通投,商品1日总支付ROI,笔记（商品组件）,67ecf570000000001b03db8b,59cde3b9db2e6029a99da214,图文笔记,"67f6247db2c30c00015cbc5d,67eb97e85d35ce0001a96c29,67bd86679759260001a41644,6858efa562560900014a4305",智R托管-优质合集-新X白-定向-11.26-1日ROI,158226554,2025-11-26 09:14:26,0.00,0,0,0.0%,0.0,0.0,0,0.00,0.0,0,0,0.0,0,0,0.0,0,0.0,0,0.0,0,0.0,0,0.0,0,0.0,0,0.0,0,0.0,0,0.0,0,0.0,0.00,0.0,0,0,0
2995286849,智R托管-嘭弹肌-新X白-定向-11.26-1日ROI,暂停,审核通过,通投,商品1日总支付ROI,笔记（商品组件）,6614f41e000000001b01357e,59cde3b9db2e6029a99da214,视频笔记,"67f6247db2c30c00015cbc5d,67eb97e85d35ce0001a96c29,67bd86679759260001a41644,6858efa562560900014a4305",智R托管-优质合集-新X白-定向-11.26-1日ROI,158226554,2025-11-26 09:14:26,0.00,0,0,0.0%,0.0,0.0,0,0.00,0.0,0,0,0.0,0,0,0.0,0,0.0,0,0.0,0,0.0,0,0.0,0,0.0,0,0.0,0,0.0,0,0.0,0,0.0,0.00,0.0,0,0,0
2995286848,智R托管-遍重启-新X白-定向-11.26-1日ROI,暂停,审核通过,通投,商品1日总支付ROI,笔记（商品组件）,6892c75d000000002302b629,59cde3b9db2e6029a99da214,图文笔记,"67f6247db2c30c00015cbc5d,67eb97e85d35ce0001a96c29,67bd86679759260001a41644,6858efa562560900014a4305",智R托管-优质合集-新X白-定向-11.26-1日ROI,158226554,2025-11-26 09:14:26,0.00,0,0,0.0%,0.0,0.0,0,0.00,0.0,0,0,0.0,0,0,0.0,0,0.0,0,0.0,0,0.0,0,0.0,0,0.0,0,0.0,0,0.0,0,0.0,0,0.0,0.00,0.0,0,0,0
2995340129,智R托管-这什么-新X白-系统-11.26,暂停,审核拒绝,通投,商品7日总支付ROI,笔记（商品组件）,6905772e00000000040210fe,59cde3b9db2e6029a99da214,视频笔记,"67f6247db2c30c00015cbc5d,67eb97e85d35ce0001a96c29,67bd86679759260001a41644,6858efa562560900014a4305",智R托管-优质合集-新X白-系统-11.26,158232007,2025-11-26 09:10:24,0.00,0,0,0.0%,0.0,0.0,0,0.00,0.0,0,0,0.0,0,0,0.0,0,0.0,0,0.0,0,0.0,0,0.0,0,0.0,0,0.0,0,0.0,0,0.0,0,0.0,0.00,0.0,0,0,0
2995340128,智R托管-双通路-新X白-系统-11.26,暂停,审核通过,通投,商品7日总支付ROI,笔记（商品组件）,68d101e0000000001101c2be,59cde3b9db2e6029a99da214,视频笔记,"67f6247db2c30c00015cbc5d,67eb97e85d35ce0001a96c29,67bd86679759260001a41644,6858efa562560900014a4305",智R托管-优质合集-新X白-系统-11.26,158232007,2025-11-26 09:10:24,0.00,0,0,0.0%,0.0,0.0,0,0.00,0.0,0,0,0.0,0,0,0.0,0,0.0,0,0.0,0,0.0,0,0.0,0,0.0,0,0.0,0,0.0,0,0.0,0,0.0,0.00,0.0,0,0,0
2995340127,智R托管-组合拳-新X白-系统-11.26,被计划暂停,审核通过,通投,商品7日总支付ROI,笔记（商品组件）,690455cd0000000004001d8d,59cde3b9db2e6029a99da214,视频笔记,"67f6247db2c30c00015cbc5d,67eb97e85d35ce0001a96c29,67bd86679759260001a41644,6858efa562560900014a4305",智R托管-优质合集-新X白-系统-11.26,158232007,2025-11-26 09:10:24,0.00,0,0,0.0%,0.0,0.0,0,0.00,0.0,0,0,0.0,0,0,0.0,0,0.0,0,0.0,0,0.0,0,0.0,0,0.0,0,0.0,0,0.0,0,0.0,0,0.0,0.00,0.0,0,0,0
2995340126,智R托管-焊脸上-新X白-系统-11.26,暂停,审核通过,通投,商品7日总支付ROI,笔记（商品组件）,68799b2b000000002203279d,59cde3b9db2e6029a99da214,视频笔记,"67f6247db2c30c00015cbc5d,67eb97e85d35ce0001a96c29,67bd86679759260001a41644,6858efa562560900014a4305",智R托管-优质合集-新X白-系统-11.26,158232007,2025-11-26 09:10:24,0.00,0,0,0.0%,0.0,0.0,0,0.00,0.0,0,0,0.0,0,0,0.0,0,0.0,0,0.0,0,0.0,0,0.0,0,0.0,0,0.0,0,0.0,0,0.0,0,0.0,0.00,0.0,0,0,0
2995340125,智R托管-新公式-新X白-系统-11.26,暂停,审核通过,通投,商品7日总支付ROI,笔记（商品组件）,684947e4000000002100441f,59cde3b9db2e6029a99da214,图文笔记,"67f6247db2c30c00015cbc5d,67eb97e85d35ce0001a96c29,67bd86679759260001a41644,6858efa562560900014a4305",智R托管-优质合集-新X白-系统-11.26,158232007,2025-11-26 09:10:24,0.00,0,0,0.0%,0.0,0.0,0,0.00,0.0,0,0,0.0,0,0,0.0,0,0.0,0,0.0,0,0.0,0,0.0,0,0.0,0,0.0,0,0.0,0,0.0,0,0.0,0.00,0.0,0,0,0
2995340124,智R托管-抗糖白-新X白-系统-11.26,暂停,审核通过,通投,商品7日总支付ROI,笔记（商品组件）,68f9d7330000000005002d50,59cde3b9db2e6029a99da214,图文笔记,"67f6247db2c30c00015cbc5d,67eb97e85d35ce0001a96c29,67bd86679759260001a41644,6858efa562560900014a4305",智R托管-优质合集-新X白-系统-11.26,158232007,2025-11-26 09:10:24,0.00,0,0,0.0%,0.0,0.0,0,0.00,0.0,0,0,0.0,0,0,0.0,0,0.0,0,0.0,0,0.0,0,0.0,0,0.0,0,0.0,0,0.0,0,0.0,0,0.0,0.00,0.0,0,0,0
2995340123,智R托管-修熟龄-新X白-系统-11.26,暂停,审核通过,通投,商品7日总支付ROI,笔记（商品组件）,68ba33fe000000001b01c7ab,59cde3b9db2e6029a99da214,视频笔记,"67f6247db2c30c00015cbc5d,67eb97e85d35ce0001a96c29,67bd86679759260001a41644,6858efa562560900014a4305",智R托管-优质合集-新X白-系统-11.26,158232007,2025-11-26 09:10:24,0.00,0,0,0.0%,0.0,0.0,0,0.00,0.0,0,0,0.0,0,0,0.0,0,0.0,0,0.0,0,0.0,0,0.0,0,0.0,0,0.0,0,0.0,0,0.0,0,0.0,0.00,0.0,0,0,0
2995340122,智R托管-原相机-新X白-系统-11.26,暂停,审核通过,通投,商品7日总支付ROI,笔记（商品组件）,68a6b9d4000000001b03588f,59cde3b9db2e6029a99da214,图文笔记,"67f6247db2c30c00015cbc5d,67eb97e85d35ce0001a96c29,67bd86679759260001a41644,6858efa562560900014a4305",智R托管-优质合集-新X白-系统-11.26,158232007,2025-11-26 09:10:24,0.00,0,0,0.0%,0.0,0.0,0,0.00,0.0,0,0,0.0,0,0,0.0,0,0.0,0,0.0,0,0.0,0,0.0,0,0.0,0,0.0,0,0.0,0,0.0,0,0.0,0.00,0.0,0,0,0
2995340121,智R托管-稳稳稳-新X白-系统-11.26,暂停,审核通过,通投,商品7日总支付ROI,笔记（商品组件）,6865ed1a0000000022033186,59cde3b9db2e6029a99da214,图文笔记,"67f6247db2c30c00015cbc5d,67eb97e85d35ce0001a96c29,67bd86679759260001a41644,6858efa562560900014a4305",智R托管-优质合集-新X白-系统-11.26,158232007,2025-11-26 09:10:24,0.00,0,0,0.0%,0.0,0.0,0,0.00,0.0,0,0,0.0,0,0,0.0,0,0.0,0,0.0,0,0.0,0,0.0,0,0.0,0,0.0,0,0.0,0,0.0,0,0.0,0.00,0.0,0,0,0
2995340120,智R托管-实现大-新X白-系统-11.26,暂停,审核通过,通投,商品7日总支付ROI,笔记（商品组件）,67ecf570000000001b03db8b,59cde3b9db2e6029a99da214,图文笔记,"67f6247db2c30c00015cbc5d,67eb97e85d35ce0001a96c29,67bd86679759260001a41644,6858efa562560900014a4305",智R托管-优质合集-新X白-系统-11.26,158232007,2025-11-26 09:10:24,0.00,0,0,0.0%,0.0,0.0,0,0.00,0.0,0,0,0.0,0,0,0.0,0,0.0,0,0.0,0,0.0,0,0.0,0,0.0,0,0.0,0,0.0,0,0.0,0,0.0,0.00,0.0,0,0,0
2995340119,智R托管-嘭弹肌-新X白-系统-11.26,被计划暂停,审核通过,通投,商品7日总支付ROI,笔记（商品组件）,6614f41e000000001b01357e,59cde3b9db2e6029a99da214,视频笔记,"67f6247db2c30c00015cbc5d,67eb97e85d35ce0001a96c29,67bd86679759260001a41644,6858efa562560900014a4305",智R托管-优质合集-新X白-系统-11.26,158232007,2025-11-26 09:10:24,0.00,0,0,0.0%,0.0,0.0,0,0.00,0.0,0,0,0.0,0,0,0.0,0,0.0,0,0.0,0,0.0,0,0.0,0,0.0,0,0.0,0,0.0,0,0.0,0,0.0,0.00,0.0,0,0,0
2995340118,智R托管-遍重启-新X白-系统-11.26,暂停,审核通过,通投,商品7日总支付ROI,笔记（商品组件）,6892c75d000000002302b629,59cde3b9db2e6029a99da214,图文笔记,"67f6247db2c30c00015cbc5d,67eb97e85d35ce0001a96c29,67bd86679759260001a41644,6858efa562560900014a4305",智R托管-优质合集-新X白-系统-11.26,158232007,2025-11-26 09:10:24,0.00,0,0,0.0%,0.0,0.0,0,0.00,0.0,0,0,0.0,0,0,0.0,0,0.0,0,0.0,0,0.0,0,0.0,0,0.0,0,0.0,0,0.0,0,0.0,0,0.0,0.00,0.0,0,0,0
2949593074,智R托管-极简薯片-光感白肌饮-系统-11.21-达人直投,暂停,审核通过,通投,商品7日总下单ROI,笔记（商品组件）,69133e1c0000000004016614,64f757410000000004026682,视频笔记,"67bd86679759260001a41644,67a96f5af4fe140001803e33,67bd894629b9f70001b66fed",智R托管-极简薯片-光感白肌饮-系统-11.21-达人直投,157027580,2025-11-21 13:37:54,0.00,0,0,0.0%,0.0,0.0,0,0.00,0.0,0,0,0.0,0,0,0.0,0,0.0,0,0.0,0,0.0,0,0.0,0,0.0,0,0.0,0,0.0,0,0.0,0,0.0,0.00,0.0,0,0,0
2931835757,智R搜索-贵妇听劝-御三家-系统-11.19,暂停,审核通过,搜索,商品7日总下单ROI,笔记（商品组件）,68f5a570000000000402ba94,59cde3b9db2e6029a99da214,视频笔记,"68a595d130bf8c0001e0f7ed,67a96f5af4fe140001803e33,68a59525d3dd4d00012b6c02,67f62ea104afe30001b8d8ed",智R搜索-合集-御三家-系统-11.19,156639250,2025-11-19 17:58:31,0.00,0,0,0.0%,0.0,0.0,0,0.00,0.0,0,0,0.0,0,0,0.0,0,0.0,0,0.0,0,0.0,0,0.0,0,0.0,0,0.0,0,0.0,0,0.0,0,0.0,0.00,0.0,0,0,0
2931835756,智R搜索-想要亮-御三家-系统-11.19,暂停,审核通过,搜索,商品7日总下单ROI,笔记（商品组件）,690821b30000000004023e31,59cde3b9db2e6029a99da214,图文笔记,"68a595d130bf8c0001e0f7ed,67a96f5af4fe140001803e33,68a59525d3dd4d00012b6c02,67f62ea104afe30001b8d8ed",智R搜索-合集-御三家-系统-11.19,156639250,2025-11-19 17:58:31,0.00,0,0,0.0%,0.0,0.0,0,0.00,0.0,0,0,0.0,0,0,0.0,0,0.0,0,0.0,0,0.0,0,0.0,0,0.0,0,0.0,0,0.0,0,0.0,0,0.0,0.00,0.0,0,0,0
2931835755,智R搜索-黄又垮-御三家-系统-11.19,被计划暂停,审核通过,搜索,商品7日总下单ROI,笔记（商品组件）,68ccf1a30000000011014b87,59cde3b9db2e6029a99da214,图文笔记,"68a595d130bf8c0001e0f7ed,67a96f5af4fe140001803e33,68a59525d3dd4d00012b6c02,67f62ea104afe30001b8d8ed",智R搜索-合集-御三家-系统-11.19,156639250,2025-11-19 17:58:31,0.00,0,0,0.0%,0.0,0.0,0,0.00,0.0,0,0,0.0,0,0,0.0,0,0.0,0,0.0,0,0.0,0,0.0,0,0.0,0,0.0,0,0.0,0,0.0,0,0.0,0.00,0.0,0,0,0
2931827281,智R搜索-组合拳-新X白-系统-11.19,被计划暂停,审核通过,搜索,商品7日总下单ROI,笔记（商品组件）,690455cd0000000004001d8d,59cde3b9db2e6029a99da214,视频笔记,"67f6247db2c30c00015cbc5d,6858efa562560900014a4305,67eb97e85d35ce0001a96c29,67bd86679759260001a41644",智R搜索-合集-新X白-系统-11.19,156638949,2025-11-19 17:53:15,0.00,0,0,0.0%,0.0,0.0,0,0.00,0.0,0,0,0.0,0,0,0.0,0,0.0,0,0.0,0,0.0,0,0.0,0,0.0,0,0.0,0,0.0,0,0.0,0,0.0,0.00,0.0,0,0,0
2931827280,智R搜索-抗糖白-新X白-系统-11.19,暂停,审核通过,搜索,商品7日总下单ROI,笔记（商品组件）,68f9d7330000000005002d50,59cde3b9db2e6029a99da214,图文笔记,"67f6247db2c30c00015cbc5d,6858efa562560900014a4305,67eb97e85d35ce0001a96c29,67bd86679759260001a41644",智R搜索-合集-新X白-系统-11.19,156638949,2025-11-19 17:53:15,0.00,0,0,0.0%,0.0,0.0,0,0.00,0.0,0,0,0.0,0,0,0.0,0,0.0,0,0.0,0,0.0,0,0.0,0,0.0,0,0.0,0,0.0,0,0.0,0,0.0,0.00,0.0,0,0,0
2931827279,智R搜索-稳稳稳-新X白-系统-11.19,暂停,审核通过,搜索,商品7日总下单ROI,笔记（商品组件）,6865ed1a0000000022033186,59cde3b9db2e6029a99da214,图文笔记,"67f6247db2c30c00015cbc5d,6858efa562560900014a4305,67eb97e85d35ce0001a96c29,67bd86679759260001a41644",智R搜索-合集-新X白-系统-11.19,156638949,2025-11-19 17:53:15,0.00,0,0,0.0%,0.0,0.0,0,0.00,0.0,0,0,0.0,0,0,0.0,0,0.0,0,0.0,0,0.0,0,0.0,0,0.0,0,0.0,0,0.0,0,0.0,0,0.0,0.00,0.0,0,0,0
2927530201,智R托管-哪里桃-AGXI-系统-11.19-达人直投,被计划暂停,审核通过,通投,商品7日总下单ROI,笔记（商品组件）,69131ae90000000005000f03,66a3cc0e000000001d032715,图文笔记,"67eb97e85d35ce0001a96c29,67f62ea104afe30001b8d8ed",智R托管-哪里桃-AGXI-系统-11.19-达人直投,156542379,2025-11-19 10:45:10,0.00,0,0,0.0%,0.0,0.0,0,0.00,0.0,0,0,0.0,0,0,0.0,0,0.0,0,0.0,0,0.0,0,0.0,0,0.0,0,0.0,0,0.0,0,0.0,0,0.0,0.00,0.0,0,0,0
2921167035,智R托管-姜不梨-AGXI-定向-11.18-达人直投,暂停,审核通过,通投,商品7日总下单ROI,笔记（商品组件）,68b5711a000000001d0110ec,659f5b91000000002001e979,图文笔记,"67eb97e85d35ce0001a96c29,67f62ea104afe30001b8d8ed",智R托管-姜不梨-AGXI-定向-11.18-达人直投,156370455,2025-11-18 16:53:21,0.00,0,0,0.0%,0.0,0.0,0,0.00,0.0,0,0,0.0,0,0,0.0,0,0.0,0,0.0,0,0.0,0,0.0,0,0.0,0,0.0,0,0.0,0,0.0,0,0.0,0.00,0.0,0,0,0
2920910437,智R托管-稳稳稳-新X白-定向-11.18-保健人群,暂停,审核通过,通投,商品7日总下单ROI,笔记（商品组件）,6865ed1a0000000022033186,59cde3b9db2e6029a99da214,图文笔记,67f6247db2c30c00015cbc5d,智R托管-稳稳稳-新X白-定向-11.18-保健人群,156364095,2025-11-18 16:14:24,0.00,0,0,0.0%,0.0,0.0,0,0.00,0.0,0,0,0.0,0,0,0.0,0,0.0,0,0.0,0,0.0,0,0.0,0,0.0,0,0.0,0,0.0,0,0.0,0,0.0,0.00,0.0,0,0,0
2920799558,智R托管-深扒晓-横测笔记-系统-11.18-快投,暂停,审核通过,通投,商品7日总下单ROI,笔记（商品组件）,68f9fee30000000005003593,59cde3b9db2e6029a99da214,图文笔记,"681c861f8da761000133f1fb,6748224252f26600016f5a21,67eb97e85d35ce0001a96c29,68a594b62eb6de000174964c,67bd86679759260001a41644,68a595d130bf8c0001e0f7ed",智R托管-深扒晓-横测笔记-系统-11.18-快投,156368700,2025-11-18 16:13:39,0.00,0,0,0.0%,0.0,0.0,0,0.00,0.0,0,0,0.0,0,0,0.0,0,0.0,0,0.0,0,0.0,0,0.0,0,0.0,0,0.0,0,0.0,0,0.0,0,0.0,0.00,0.0,0,0,0
2916039149,智R托管-深扒晓-横测笔记-系统-11.18,暂停,审核通过,通投,商品7日总下单ROI,笔记（商品组件）,68f9fee30000000005003593,59cde3b9db2e6029a99da214,图文笔记,"681c861f8da761000133f1fb,6748224252f26600016f5a21,67eb97e85d35ce0001a96c29,68a594b62eb6de000174964c,67bd86679759260001a41644,68a595d130bf8c0001e0f7ed",智R托管-深扒晓-横测笔记-系统-11.18,156262569,2025-11-18 09:05:10,0.00,0,0,0.0%,0.0,0.0,0,0.00,0.0,0,0,0.0,0,0,0.0,0,0.0,0,0.0,0,0.0,0,0.0,0,0.0,0,0.0,0,0.0,0,0.0,0,0.0,0.00,0.0,0,0,0
2902955494,智R托管-稳稳稳-新X白-定向-11.16-保健人群,暂停,审核通过,通投,商品7日总下单ROI,笔记（商品组件）,6865ed1a0000000022033186,59cde3b9db2e6029a99da214,图文笔记,67f6247db2c30c00015cbc5d,智R托管-稳稳稳-新X白-定向-11.16-保健人群,155991473,2025-11-16 21:30:29,0.00,0,0,0.0%,0.0,0.0,0,0.00,0.0,0,0,0.0,0,0,0.0,0,0.0,0,0.0,0,0.0,0,0.0,0,0.0,0,0.0,0,0.0,0,0.0,0,0.0,0.00,0.0,0,0,0
2871057790,智R托管-张馨予24-AGXI-系统-11.13,暂停,审核通过,通投,商品7日总下单ROI,笔记（商品组件）,68ea00c3000000000402bba1,59cde3b9db2e6029a99da214,图文笔记,"67eb97e85d35ce0001a96c29,67f62e4eec137400010dc1cb,67f62ea104afe30001b8d8ed",智R托管-张馨予24-AGXI-系统-11.13,155262236,2025-11-13 10:57:40,0.00,0,0,0.0%,0.0,0.0,0,0.00,0.0,0,0,0.0,0,0,0.0,0,0.0,0,0.0,0,0.0,0,0.0,0,0.0,0,0.0,0,0.0,0,0.0,0,0.0,0.00,0.0,0,0,0
2870936706,智R托管-贵妇听劝-御三家-系统-11.13,暂停,审核通过,通投,商品7日总下单ROI,笔记（商品组件）,68f5a570000000000402ba94,59cde3b9db2e6029a99da214,视频笔记,"67eb97e85d35ce0001a96c29,67f631353d8f3800016fb4f9,68a594b62eb6de000174964c,68a595d130bf8c0001e0f7ed",智R托管-贵妇听劝-御三家-系统-11.13,155251059,2025-11-13 10:42:54,0.00,0,0,0.0%,0.0,0.0,0,0.00,0.0,0,0,0.0,0,0,0.0,0,0.0,0,0.0,0,0.0,0,0.0,0,0.0,0,0.0,0,0.0,0,0.0,0,0.0,0.00,0.0,0,0,0
2870980818,智R托管-想要亮-御三家-系统-11.13,暂停,审核通过,通投,商品7日总下单ROI,笔记（商品组件）,690821b30000000004023e31,59cde3b9db2e6029a99da214,图文笔记,"68a595d130bf8c0001e0f7ed,67a96f5af4fe140001803e33,68a59525d3dd4d00012b6c02,67f62ea104afe30001b8d8ed",智R托管-想要亮-御三家-系统-11.13,155251022,2025-11-13 10:41:59,0.00,0,0,0.0%,0.0,0.0,0,0.00,0.0,0,0,0.0,0,0,0.0,0,0.0,0,0.0,0,0.0,0,0.0,0,0.0,0,0.0,0,0.0,0,0.0,0,0.0,0.00,0.0,0,0,0
2870678457,智R托管-黄又垮-御三家-系统-11.13,暂停,审核通过,通投,商品7日总下单ROI,笔记（商品组件）,68ccf1a30000000011014b87,59cde3b9db2e6029a99da214,图文笔记,"68a595d130bf8c0001e0f7ed,67a96f5af4fe140001803e33,68a59525d3dd4d00012b6c02,67f62ea104afe30001b8d8ed",智R托管-黄又垮-御三家-系统-11.13,155250970,2025-11-13 10:41:02,0.00,0,0,0.0%,0.0,0.0,0,0.00,0.0,0,0,0.0,0,0,0.0,0,0.0,0,0.0,0,0.0,0,0.0,0,0.0,0,0.0,0,0.0,0,0.0,0,0.0,0.00,0.0,0,0,0
2870926632,智R托管-组合拳-新X白-系统-11.13,被计划暂停,审核通过,通投,商品7日总下单ROI,笔记（商品组件）,690455cd0000000004001d8d,59cde3b9db2e6029a99da214,视频笔记,"67eb97e85d35ce0001a96c29,67f62e4eec137400010dc1cb,67f62ea104afe30001b8d8ed",智R托管-组合拳-新X白-系统-11.13,155250836,2025-11-13 10:38:26,0.00,0,0,0.0%,0.0,0.0,0,0.00,0.0,0,0,0.0,0,0,0.0,0,0.0,0,0.0,0,0.0,0,0.0,0,0.0,0,0.0,0,0.0,0,0.0,0,0.0,0.00,0.0,0,0,0
2870924810,智R托管-抗糖白-新X白-定向-11.13-阔太+抗氧人群,被计划暂停,审核通过,通投,商品7日总下单ROI,笔记（商品组件）,68f9d7330000000005002d50,59cde3b9db2e6029a99da214,图文笔记,"67f6247db2c30c00015cbc5d,6858efa562560900014a4305",智R托管-抗糖白-新X白-定向-11.13-阔太+抗氧人群,155250785,2025-11-13 10:37:33,0.00,0,0,0.0%,0.0,0.0,0,0.00,0.0,0,0,0.0,0,0,0.0,0,0.0,0,0.0,0,0.0,0,0.0,0,0.0,0,0.0,0,0.0,0,0.0,0,0.0,0.00,0.0,0,0,0
2870709363,智R托管-原相机-新X白-系统-11.13,暂停,审核通过,通投,商品7日总下单ROI,笔记（商品组件）,68a6b9d4000000001b03588f,59cde3b9db2e6029a99da214,图文笔记,"67f6247db2c30c00015cbc5d,6858efa562560900014a4305",智R托管-合集-新X白-系统-11.13,155250514,2025-11-13 10:35:16,0.00,0,0,0.0%,0.0,0.0,0,0.00,0.0,0,0,0.0,0,0,0.0,0,0.0,0,0.0,0,0.0,0,0.0,0,0.0,0,0.0,0,0.0,0,0.0,0,0.0,0.00,0.0,0,0,0
2870657607,智R托管-稳稳稳-新X白-系统-11.13,暂停,审核通过,通投,商品7日总下单ROI,笔记（商品组件）,6865ed1a0000000022033186,59cde3b9db2e6029a99da214,图文笔记,67f6247db2c30c00015cbc5d,智R托管-合集-新X白-系统-11.13,155250514,2025-11-13 10:31:51,0.00,0,0,0.0%,0.0,0.0,0,0.00,0.0,0,0,0.0,0,0,0.0,0,0.0,0,0.0,0,0.0,0,0.0,0,0.0,0,0.0,0,0.0,0,0.0,0,0.0,0.00,0.0,0,0,0
2853396217,智R托管-田天天-AGXI-系统-11.11-达人直投,暂停,审核通过,通投,商品7日总下单ROI,笔记（商品组件）,690434160000000004004f5f,5ad7772211be1015d4b797c2,视频笔记,"67eb97e85d35ce0001a96c29,67f62ea104afe30001b8d8ed",智R托管-田天天-AGXI-系统-11.11-达人直投,154861904,2025-11-11 15:42:44,0.00,0,0,0.0%,0.0,0.0,0,0.00,0.0,0,0,0.0,0,0,0.0,0,0.0,0,0.0,0,0.0,0,0.0,0,0.0,0,0.0,0,0.0,0,0.0,0,0.0,0.00,0.0,0,0,0
2849641280,智R托管-暴富火龙果-光感白肌饮-系统-11.11-达人直投,暂停,审核通过,通投,商品7日总下单ROI,笔记（商品组件）,690868a50000000007030817,66cc5d26000000001d0330c9,图文笔记,"67bd86679759260001a41644,67bd894629b9f70001b66fed",智R托管-达人合集-光感白肌饮-系统-11.11-达人直投,154782948,2025-11-11 08:53:58,0.00,0,0,0.0%,0.0,0.0,0,0.00,0.0,0,0,0.0,0,0,0.0,0,0.0,0,0.0,0,0.0,0,0.0,0,0.0,0,0.0,0,0.0,0,0.0,0,0.0,0.00,0.0,0,0,0
2849641279,智R托管-qq-光感白肌饮-系统-11.11-达人直投,被计划暂停,审核通过,通投,商品7日总下单ROI,笔记（商品组件）,690706bc0000000005012883,59e1a68edb2e606123edece4,图文笔记,"67bd86679759260001a41644,67bd894629b9f70001b66fed",智R托管-达人合集-光感白肌饮-系统-11.11-达人直投,154782948,2025-11-11 08:53:58,0.00,0,0,0.0%,0.0,0.0,0,0.00,0.0,0,0,0.0,0,0,0.0,0,0.0,0,0.0,0,0.0,0,0.0,0,0.0,0,0.0,0,0.0,0,0.0,0,0.0,0.00,0.0,0,0,0
2849641278,智R托管-今晚不想睡-光感白肌饮-系统-11.11-达人直投,被计划暂停,审核通过,通投,商品7日总下单ROI,笔记（商品组件）,6901bc450000000007017672,666c0d380000000003031727,图文笔记,"67bd86679759260001a41644,67bd894629b9f70001b66fed",智R托管-达人合集-光感白肌饮-系统-11.11-达人直投,154782948,2025-11-11 08:53:58,0.00,0,0,0.0%,0.0,0.0,0,0.00,0.0,0,0,0.0,0,0,0.0,0,0.0,0,0.0,0,0.0,0,0.0,0,0.0,0,0.0,0,0.0,0,0.0,0,0.0,0.00,0.0,0,0,0
2849641277,智R托管-亿万小富婆-光感白肌饮-系统-11.11-达人直投,被计划暂停,审核通过,通投,商品7日总下单ROI,笔记（商品组件）,690477b10000000003019a2f,6791acec000000000a03e140,图文笔记,"67bd86679759260001a41644,67bd894629b9f70001b66fed",智R托管-达人合集-光感白肌饮-系统-11.11-达人直投,154782948,2025-11-11 08:53:58,0.00,0,0,0.0%,0.0,0.0,0,0.00,0.0,0,0,0.0,0,0,0.0,0,0.0,0,0.0,0,0.0,0,0.0,0,0.0,0,0.0,0,0.0,0,0.0,0,0.0,0.00,0.0,0,0,0
2849641276,智R托管-小熊发大财-光感白肌饮-系统-11.11-达人直投,被计划暂停,审核通过,通投,商品7日总下单ROI,笔记（商品组件）,690328020000000003034a92,6672e675000000001c003453,图文笔记,"67bd86679759260001a41644,67bd894629b9f70001b66fed",智R托管-达人合集-光感白肌饮-系统-11.11-达人直投,154782948,2025-11-11 08:53:58,0.00,0,0,0.0%,0.0,0.0,0,0.00,0.0,0,0,0.0,0,0,0.0,0,0.0,0,0.0,0,0.0,0,0.0,0,0.0,0,0.0,0,0.0,0,0.0,0,0.0,0.00,0.0,0,0,0
2842600925,智R托管-勇猛羊崽-AGXI-系统-11.10-达人直投,被计划暂停,审核通过,通投,商品7日总下单ROI,笔记（商品组件）,68f31fd50000000003034bd0,583793d47fc5b852289092a4,视频笔记,"67eb97e85d35ce0001a96c29,67f62ea104afe30001b8d8ed",智R托管-达人合集-AGXI-系统-11.10-达人直投,154678343,2025-11-10 14:30:16,0.00,0,0,0.0%,0.0,0.0,0,0.00,0.0,0,0,0.0,0,0,0.0,0,0.0,0,0.0,0,0.0,0,0.0,0,0.0,0,0.0,0,0.0,0,0.0,0,0.0,0.00,0.0,0,0,0
2842600924,智R托管-抓一把糖果-AGXI-系统-11.10-达人直投,被计划暂停,审核拒绝,通投,商品7日总下单ROI,笔记（商品组件）,6903517e0000000007034ce7,62066e1c0000000002022980,图文笔记,"67eb97e85d35ce0001a96c29,67f62ea104afe30001b8d8ed",智R托管-达人合集-AGXI-系统-11.10-达人直投,154678343,2025-11-10 14:30:16,0.00,0,0,0.0%,0.0,0.0,0,0.00,0.0,0,0,0.0,0,0,0.0,0,0.0,0,0.0,0,0.0,0,0.0,0,0.0,0,0.0,0,0.0,0,0.0,0,0.0,0.00,0.0,0,0,0
2842471659,智R托管-zvvvv-AGXI-定向-11.10-达人直投-双十一人群,暂停,审核通过,通投,商品7日总下单ROI,笔记（商品组件）,690dbda3000000000302e495,5a5ffd8e11be106b0cea6dba,图文笔记,"67eb97e85d35ce0001a96c29,67f62ea104afe30001b8d8ed",智R托管-达人合集-AGXI-定向-11.10-达人直投-双十一人群,154678706,2025-11-10 14:27:57,0.00,0,0,0.0%,0.0,0.0,0,0.00,0.0,0,0,0.0,0,0,0.0,0,0.0,0,0.0,0,0.0,0,0.0,0,0.0,0,0.0,0,0.0,0,0.0,0,0.0,0.00,0.0,0,0,0
2842471658,智R托管-imshijie-AGXI-定向-11.10-达人直投-双十一人群,暂停,审核通过,通投,商品7日总下单ROI,笔记（商品组件）,690dc26d0000000004000ff6,5aa8bf624eacab0404b370ac,视频笔记,"67eb97e85d35ce0001a96c29,67f62ea104afe30001b8d8ed",智R托管-达人合集-AGXI-定向-11.10-达人直投-双十一人群,154678706,2025-11-10 14:27:57,0.00,0,0,0.0%,0.0,0.0,0,0.00,0.0,0,0,0.0,0,0,0.0,0,0.0,0,0.0,0,0.0,0,0.0,0,0.0,0,0.0,0,0.0,0,0.0,0,0.0,0.00,0.0,0,0,0
2842471657,智R托管-我是吴璇-AGXI-定向-11.10-达人直投-双十一人群,暂停,审核通过,通投,商品7日总下单ROI,笔记（商品组件）,690ac2950000000005000376,5a818dd711be1066f9960fda,图文笔记,"67eb97e85d35ce0001a96c29,67f62ea104afe30001b8d8ed",智R托管-达人合集-AGXI-定向-11.10-达人直投-双十一人群,154678706,2025-11-10 14:27:57,0.00,0,0,0.0%,0.0,0.0,0,0.00,0.0,0,0,0.0,0,0,0.0,0,0.0,0,0.0,0,0.0,0,0.0,0,0.0,0,0.0,0,0.0,0,0.0,0,0.0,0.00,0.0,0,0,0
2842471656,智R托管-肖哈哈-AGXI-定向-11.10-达人直投-双十一人群,暂停,审核通过,通投,商品7日总下单ROI,笔记（商品组件）,690c4352000000000500276e,5bf912c77e1250000135338a,图文笔记,"67eb97e85d35ce0001a96c29,67f62ea104afe30001b8d8ed",智R托管-达人合集-AGXI-定向-11.10-达人直投-双十一人群,154678706,2025-11-10 14:27:57,0.00,0,0,0.0%,0.0,0.0,0,0.00,0.0,0,0,0.0,0,0,0.0,0,0.0,0,0.0,0,0.0,0,0.0,0,0.0,0,0.0,0,0.0,0,0.0,0,0.0,0.00,0.0,0,0,0
2842471655,智R托管-摸鱼小记-AGXI-定向-11.10-达人直投-双十一人群,被计划暂停,审核通过,通投,商品7日总下单ROI,笔记（商品组件）,6909a92f00000000030373ff,603cb6dc0000000001009e24,图文笔记,"67eb97e85d35ce0001a96c29,67f62ea104afe30001b8d8ed",智R托管-达人合集-AGXI-定向-11.10-达人直投-双十一人群,154678706,2025-11-10 14:27:57,0.00,0,0,0.0%,0.0,0.0,0,0.00,0.0,0,0,0.0,0,0,0.0,0,0.0,0,0.0,0,0.0,0,0.0,0,0.0,0,0.0,0,0.0,0,0.0,0,0.0,0.00,0.0,0,0,0
2842471654,智R托管-Justsmallcase-AGXI-定向-11.10-达人直投-双十一人群,被计划暂停,审核通过,通投,商品7日总下单ROI,笔记（商品组件）,690584b600000000070346fb,62fd1cf0000000001200fe7f,图文笔记,"67eb97e85d35ce0001a96c29,67f62ea104afe30001b8d8ed",智R托管-达人合集-AGXI-定向-11.10-达人直投-双十一人群,154678706,2025-11-10 14:27:57,0.00,0,0,0.0%,0.0,0.0,0,0.00,0.0,0,0,0.0,0,0,0.0,0,0.0,0,0.0,0,0.0,0,0.0,0,0.0,0,0.0,0,0.0,0,0.0,0,0.0,0.00,0.0,0,0,0
2842290706,智R托管-Ruiren蕤人-AGXI-系统-11.10-达人直投,暂停,审核通过,通投,商品7日总下单ROI,笔记（商品组件）,690c4c850000000007023d0e,59fa3f3c4eacab5cb162c630,视频笔记,"67eb97e85d35ce0001a96c29,67f62ea104afe30001b8d8ed",智R托管-达人合集-AGXI-系统-11.10-达人直投,154678343,2025-11-10 14:20:39,0.00,0,0,0.0%,0.0,0.0,0,0.00,0.0,0,0,0.0,0,0,0.0,0,0.0,0,0.0,0,0.0,0,0.0,0,0.0,0,0.0,0,0.0,0,0.0,0,0.0,0.00,0.0,0,0,0
2842247986,智R托管-多漂亮-AGXI-系统-11.10,暂停,审核通过,通投,商品7日总下单ROI,笔记（商品组件）,6889cb540000000023033826,59cde3b9db2e6029a99da214,图文笔记,"67f62e4eec137400010dc1cb,67f62ea104afe30001b8d8ed,67eb97e85d35ce0001a96c29",智R托管-合集-AGXI-系统-11.10,154688742,2025-11-10 14:02:45,0.00,0,0,0.0%,0.0,0.0,0,0.00,0.0,0,0,0.0,0,0,0.0,0,0.0,0,0.0,0,0.0,0,0.0,0,0.0,0,0.0,0,0.0,0,0.0,0,0.0,0.00,0.0,0,0,0
2842247985,智R托管-防御体系-AGXI-系统-11.10,暂停,审核通过,通投,商品7日总下单ROI,笔记（商品组件）,681096ca000000002200713a,59cde3b9db2e6029a99da214,图文笔记,"67eb97e85d35ce0001a96c29,67f62e4eec137400010dc1cb,67f62ea104afe30001b8d8ed",智R托管-合集-AGXI-系统-11.10,154688742,2025-11-10 14:02:45,0.00,0,0,0.0%,0.0,0.0,0,0.00,0.0,0,0,0.0,0,0,0.0,0,0.0,0,0.0,0,0.0,0,0.0,0,0.0,0,0.0,0,0.0,0,0.0,0,0.0,0.00,0.0,0,0,0
2840522952,智R托管-姜不梨-AGXI-系统-11.10-达人直投,暂停,审核通过,通投,商品7日总下单ROI,笔记（商品组件）,68b5711a000000001d0110ec,659f5b91000000002001e979,图文笔记,"67eb97e85d35ce0001a96c29,67f62ea104afe30001b8d8ed",智R托管-姜不梨-AGXI-系统-11.10-达人直投,154632650,2025-11-10 10:45:12,0.00,0,0,0.0%,0.0,0.0,0,0.00,0.0,0,0,0.0,0,0,0.0,0,0.0,0,0.0,0,0.0,0,0.0,0,0.0,0,0.0,0,0.0,0,0.0,0,0.0,0.00,0.0,0,0,0
2817659940,智R托管-张馨予4-AGXI-系统-11.7,被计划暂停,审核通过,通投,商品7日总下单ROI,笔记（商品组件）,689d3e2d000000001b03734c,59cde3b9db2e6029a99da214,视频笔记,"67eb97e85d35ce0001a96c29,67f62ea104afe30001b8d8ed",智R托管-张馨予合集-AGXI-系统-11.7,154134623,2025-11-07 17:55:52,0.00,0,0,0.0%,0.0,0.0,0,0.00,0.0,0,0,0.0,0,0,0.0,0,0.0,0,0.0,0,0.0,0,0.0,0,0.0,0,0.0,0,0.0,0,0.0,0,0.0,0.00,0.0,0,0,0
2817659939,智R托管-张馨予22-AGXI-系统-11.7,暂停,审核拒绝,通投,商品7日总下单ROI,笔记（商品组件）,68dbaa6700000000040228b8,59cde3b9db2e6029a99da214,视频笔记,"67eb97e85d35ce0001a96c29,67f62ea104afe30001b8d8ed",智R托管-张馨予合集-AGXI-系统-11.7,154134623,2025-11-07 17:55:52,0.00,0,0,0.0%,0.0,0.0,0,0.00,0.0,0,0,0.0,0,0,0.0,0,0.0,0,0.0,0,0.0,0,0.0,0,0.0,0,0.0,0,0.0,0,0.0,0,0.0,0.00,0.0,0,0,0
2807288469,智R搜索-焊脸上-新X白-系统-11.6,暂停,审核通过,搜索,商品7日总下单ROI,笔记（商品组件）,68799b2b000000002203279d,59cde3b9db2e6029a99da214,视频笔记,"67f6247db2c30c00015cbc5d,6858efa562560900014a4305,67eb97e85d35ce0001a96c29,67bd86679759260001a41644",智R搜索-合集-新X白-系统-11.6,153957371,2025-11-06 17:43:43,0.00,0,0,0.0%,0.0,0.0,0,0.00,0.0,0,0,0.0,0,0,0.0,0,0.0,0,0.0,0,0.0,0,0.0,0,0.0,0,0.0,0,0.0,0,0.0,0,0.0,0.00,0.0,0,0,0
2807288468,智R搜索-新公式-新X白-系统-11.6,暂停,审核通过,搜索,商品7日总下单ROI,笔记（商品组件）,684947e4000000002100441f,59cde3b9db2e6029a99da214,图文笔记,"67f6247db2c30c00015cbc5d,6858efa562560900014a4305,67eb97e85d35ce0001a96c29,67bd86679759260001a41644",智R搜索-合集-新X白-系统-11.6,153957371,2025-11-06 17:43:43,0.00,0,0,0.0%,0.0,0.0,0,0.00,0.0,0,0,0.0,0,0,0.0,0,0.0,0,0.0,0,0.0,0,0.0,0,0.0,0,0.0,0,0.0,0,0.0,0,0.0,0.00,0.0,0,0,0
2807288467,智R搜索-原相机-新X白-系统-11.6,暂停,审核通过,搜索,商品7日总下单ROI,笔记（商品组件）,68a6b9d4000000001b03588f,59cde3b9db2e6029a99da214,图文笔记,"67f6247db2c30c00015cbc5d,6858efa562560900014a4305,67eb97e85d35ce0001a96c29,67bd86679759260001a41644",智R搜索-合集-新X白-系统-11.6,153957371,2025-11-06 17:43:43,0.00,0,0,0.0%,0.0,0.0,0,0.00,0.0,0,0,0.0,0,0,0.0,0,0.0,0,0.0,0,0.0,0,0.0,0,0.0,0,0.0,0,0.0,0,0.0,0,0.0,0.00,0.0,0,0,0
2807288466,智R搜索-稳稳稳-新X白-系统-11.6,暂停,审核通过,搜索,商品7日总下单ROI,笔记（商品组件）,6865ed1a0000000022033186,59cde3b9db2e6029a99da214,图文笔记,"67f6247db2c30c00015cbc5d,6858efa562560900014a4305,67eb97e85d35ce0001a96c29,67bd86679759260001a41644",智R搜索-合集-新X白-系统-11.6,153957371,2025-11-06 17:43:43,0.00,0,0,0.0%,0.0,0.0,0,0.00,0.0,0,0,0.0,0,0,0.0,0,0.0,0,0.0,0,0.0,0,0.0,0,0.0,0,0.0,0,0.0,0,0.0,0,0.0,0.00,0.0,0,0,0
2807288465,智R搜索-嘭弹肌-新X白-系统-11.6,暂停,审核通过,搜索,商品7日总下单ROI,笔记（商品组件）,6614f41e000000001b01357e,59cde3b9db2e6029a99da214,视频笔记,"67f6247db2c30c00015cbc5d,6858efa562560900014a4305,67eb97e85d35ce0001a96c29,67bd86679759260001a41644",智R搜索-合集-新X白-系统-11.6,153957371,2025-11-06 17:43:43,0.00,0,0,0.0%,0.0,0.0,0,0.00,0.0,0,0,0.0,0,0,0.0,0,0.0,0,0.0,0,0.0,0,0.0,0,0.0,0,0.0,0,0.0,0,0.0,0,0.0,0.00,0.0,0,0,0
2807288464,智R搜索-实现大-新X白-系统-11.6,暂停,审核通过,搜索,商品7日总下单ROI,笔记（商品组件）,67ecf570000000001b03db8b,59cde3b9db2e6029a99da214,图文笔记,"67f6247db2c30c00015cbc5d,6858efa562560900014a4305,67eb97e85d35ce0001a96c29,67bd86679759260001a41644",智R搜索-合集-新X白-系统-11.6,153957371,2025-11-06 17:43:43,0.00,0,0,0.0%,0.0,0.0,0,0.00,0.0,0,0,0.0,0,0,0.0,0,0.0,0,0.0,0,0.0,0,0.0,0,0.0,0,0.0,0,0.0,0,0.0,0,0.0,0.00,0.0,0,0,0
2785153766,智R托管-张馨予4-AGXI-系统-11.4,被计划暂停,审核通过,通投,商品7日总下单ROI,笔记（商品组件）,689d3e2d000000001b03734c,59cde3b9db2e6029a99da214,视频笔记,"67eb97e85d35ce0001a96c29,67f62ea104afe30001b8d8ed",智R托管-张馨予合集-AGXI-系统-11.4,153472206,2025-11-04 13:57:56,0.00,0,0,0.0%,0.0,0.0,0,0.00,0.0,0,0,0.0,0,0,0.0,0,0.0,0,0.0,0,0.0,0,0.0,0,0.0,0,0.0,0,0.0,0,0.0,0,0.0,0.00,0.0,0,0,0
2785153765,智R托管-张馨予22-AGXI-系统-11.4,暂停,审核拒绝,通投,商品7日总下单ROI,笔记（商品组件）,68dbaa6700000000040228b8,59cde3b9db2e6029a99da214,视频笔记,"67eb97e85d35ce0001a96c29,67f62ea104afe30001b8d8ed",智R托管-张馨予合集-AGXI-系统-11.4,153472206,2025-11-04 13:57:56,0.00,0,0,0.0%,0.0,0.0,0,0.00,0.0,0,0,0.0,0,0,0.0,0,0.0,0,0.0,0,0.0,0,0.0,0,0.0,0,0.0,0,0.0,0,0.0,0,0.0,0.00,0.0,0,0,0
2784040470,智R托管-皮肤认准-新X白-定向-11.4-保健人群,被计划暂停,审核通过,通投,商品7日总下单ROI,笔记（商品组件）,68d1190b000000000b013691,59cde3b9db2e6029a99da214,视频笔记,"6858efa562560900014a4305,67f6247db2c30c00015cbc5d",智R托管-皮肤认准-新X白-定向-11.4-保健人群,153421426,2025-11-04 11:26:03,0.00,0,0,0.0%,0.0,0.0,0,0.00,0.0,0,0,0.0,0,0,0.0,0,0.0,0,0.0,0,0.0,0,0.0,0,0.0,0,0.0,0,0.0,0,0.0,0,0.0,0.00,0.0,0,0,0
2783923479,智R托管-焊脸上-新X白-系统-11.4,暂停,审核通过,通投,商品7日总下单ROI,笔记（商品组件）,68799b2b000000002203279d,59cde3b9db2e6029a99da214,视频笔记,"67f6247db2c30c00015cbc5d,6858efa562560900014a4305,67a96fff17cfa0000166a95f,67f62ea104afe30001b8d8ed",智R托管-合集-新X白-系统-11.4,153447797,2025-11-04 11:23:46,0.00,0,0,0.0%,0.0,0.0,0,0.00,0.0,0,0,0.0,0,0,0.0,0,0.0,0,0.0,0,0.0,0,0.0,0,0.0,0,0.0,0,0.0,0,0.0,0,0.0,0.00,0.0,0,0,0
2783923478,智R托管-新公式-新X白-系统-11.4,被计划暂停,审核通过,通投,商品7日总下单ROI,笔记（商品组件）,684947e4000000002100441f,59cde3b9db2e6029a99da214,图文笔记,"67f6247db2c30c00015cbc5d,6858efa562560900014a4305,67a96fff17cfa0000166a95f,67f62ea104afe30001b8d8ed",智R托管-合集-新X白-系统-11.4,153447797,2025-11-04 11:23:46,0.00,0,0,0.0%,0.0,0.0,0,0.00,0.0,0,0,0.0,0,0,0.0,0,0.0,0,0.0,0,0.0,0,0.0,0,0.0,0,0.0,0,0.0,0,0.0,0,0.0,0.00,0.0,0,0,0
2783923477,智R托管-选对了-新X白-系统-11.4,暂停,审核通过,通投,商品7日总下单ROI,笔记（商品组件）,68a82d8c000000001c00b108,59cde3b9db2e6029a99da214,视频笔记,"67f6247db2c30c00015cbc5d,6858efa562560900014a4305,67a96fff17cfa0000166a95f,67f62ea104afe30001b8d8ed",智R托管-合集-新X白-系统-11.4,153447797,2025-11-04 11:23:46,0.00,0,0,0.0%,0.0,0.0,0,0.00,0.0,0,0,0.0,0,0,0.0,0,0.0,0,0.0,0,0.0,0,0.0,0,0.0,0,0.0,0,0.0,0,0.0,0,0.0,0.00,0.0,0,0,0
2783923476,智R托管-遍重启-新X白-系统-11.4,暂停,审核通过,通投,商品7日总下单ROI,笔记（商品组件）,6892c75d000000002302b629,59cde3b9db2e6029a99da214,图文笔记,"67f6247db2c30c00015cbc5d,6858efa562560900014a4305,67a96fff17cfa0000166a95f,67f62ea104afe30001b8d8ed",智R托管-合集-新X白-系统-11.4,153447797,2025-11-04 11:23:46,0.00,0,0,0.0%,0.0,0.0,0,0.00,0.0,0,0,0.0,0,0,0.0,0,0.0,0,0.0,0,0.0,0,0.0,0,0.0,0,0.0,0,0.0,0,0.0,0,0.0,0.00,0.0,0,0,0
2783923475,智R托管-修熟龄-新X白-系统-11.4,暂停,审核通过,通投,商品7日总下单ROI,笔记（商品组件）,68ba33fe000000001b01c7ab,59cde3b9db2e6029a99da214,视频笔记,"67f6247db2c30c00015cbc5d,6858efa562560900014a4305,67a96fff17cfa0000166a95f,67f62ea104afe30001b8d8ed",智R托管-合集-新X白-系统-11.4,153447797,2025-11-04 11:23:46,0.00,0,0,0.0%,0.0,0.0,0,0.00,0.0,0,0,0.0,0,0,0.0,0,0.0,0,0.0,0,0.0,0,0.0,0,0.0,0,0.0,0,0.0,0,0.0,0,0.0,0.00,0.0,0,0,0
2783923474,智R托管-稳稳稳-新X白-系统-11.4,暂停,审核通过,通投,商品7日总下单ROI,笔记（商品组件）,6865ed1a0000000022033186,59cde3b9db2e6029a99da214,图文笔记,"67f6247db2c30c00015cbc5d,6858efa562560900014a4305,67a96fff17cfa0000166a95f,67f62ea104afe30001b8d8ed",智R托管-合集-新X白-系统-11.4,153447797,2025-11-04 11:23:46,0.00,0,0,0.0%,0.0,0.0,0,0.00,0.0,0,0,0.0,0,0,0.0,0,0.0,0,0.0,0,0.0,0,0.0,0,0.0,0,0.0,0,0.0,0,0.0,0,0.0,0.00,0.0,0,0,0
2783592886,智R托管-太权威-御三家-定向-10.27-保健+品牌人群,暂停,审核通过,通投,商品7日总下单ROI,笔记（商品组件）,68b1432d000000001b01f871,59cde3b9db2e6029a99da214,图文笔记,"68a595d130bf8c0001e0f7ed,67a96f5af4fe140001803e33,68a59525d3dd4d00012b6c02,67f62ea104afe30001b8d8ed",智R托管-合集-御三家-定向-10.27-保健+品牌人群,153442628,2025-11-04 11:09:57,0.00,0,0,0.0%,0.0,0.0,0,0.00,0.0,0,0,0.0,0,0,0.0,0,0.0,0,0.0,0,0.0,0,0.0,0,0.0,0,0.0,0,0.0,0,0.0,0,0.0,0.00,0.0,0,0,0
2783592885,智R托管-贵妇听劝-御三家-定向-10.27-保健+品牌人群,暂停,审核通过,通投,商品7日总下单ROI,笔记（商品组件）,68f5a570000000000402ba94,59cde3b9db2e6029a99da214,视频笔记,"68a595d130bf8c0001e0f7ed,67a96f5af4fe140001803e33,68a59525d3dd4d00012b6c02,67f62ea104afe30001b8d8ed",智R托管-合集-御三家-定向-10.27-保健+品牌人群,153442628,2025-11-04 11:09:57,0.00,0,0,0.0%,0.0,0.0,0,0.00,0.0,0,0,0.0,0,0,0.0,0,0.0,0,0.0,0,0.0,0,0.0,0,0.0,0,0.0,0,0.0,0,0.0,0,0.0,0.00,0.0,0,0,0
2783592884,智R托管-龄觉醒-御三家-定向-10.27-保健+品牌人群,暂停,审核通过,通投,商品7日总下单ROI,笔记（商品组件）,68cd00dd000000000702b7a9,59cde3b9db2e6029a99da214,视频笔记,"68a595d130bf8c0001e0f7ed,67a96f5af4fe140001803e33,68a59525d3dd4d00012b6c02,67f62ea104afe30001b8d8ed",智R托管-合集-御三家-定向-10.27-保健+品牌人群,153442628,2025-11-04 11:09:57,0.00,0,0,0.0%,0.0,0.0,0,0.00,0.0,0,0,0.0,0,0,0.0,0,0.0,0,0.0,0,0.0,0,0.0,0,0.0,0,0.0,0,0.0,0,0.0,0,0.0,0.00,0.0,0,0,0
2783592883,智R托管-黄又垮-御三家-定向-10.27-保健+品牌人群,暂停,审核通过,通投,商品7日总下单ROI,笔记（商品组件）,68ccf1a30000000011014b87,59cde3b9db2e6029a99da214,图文笔记,"68a595d130bf8c0001e0f7ed,67a96f5af4fe140001803e33,68a59525d3dd4d00012b6c02,67f62ea104afe30001b8d8ed",智R托管-合集-御三家-定向-10.27-保健+品牌人群,153442628,2025-11-04 11:09:57,0.00,0,0,0.0%,0.0,0.0,0,0.00,0.0,0,0,0.0,0,0,0.0,0,0.0,0,0.0,0,0.0,0,0.0,0,0.0,0,0.0,0,0.0,0,0.0,0,0.0,0.00,0.0,0,0,0
2773595154,智R托管-张馨予17-AGXI-定向-11.3-保健抗氧+医美轮廓人群,被计划暂停,审核通过,通投,商品7日总下单ROI,笔记（商品组件）,68c379ca000000001c032ca8,59cde3b9db2e6029a99da214,图文笔记,"67eb97e85d35ce0001a96c29,67f62e4eec137400010dc1cb,67f62ea104afe30001b8d8ed",智R托管-张馨予合集2-AGXI-定向-11.3-保健抗氧+医美轮廓人群,153237732,2025-11-03 11:21:07,0.00,0,0,0.0%,0.0,0.0,0,0.00,0.0,0,0,0.0,0,0,0.0,0,0.0,0,0.0,0,0.0,0,0.0,0,0.0,0,0.0,0,0.0,0,0.0,0,0.0,0.00,0.0,0,0,0
2773595153,智R托管-张馨予33-AGXI-定向-11.3-保健抗氧+医美轮廓人群,被计划暂停,审核通过,通投,商品7日总下单ROI,笔记（商品组件）,6901df3000000000050113d5,59cde3b9db2e6029a99da214,视频笔记,"67eb97e85d35ce0001a96c29,67f62e4eec137400010dc1cb,67f62ea104afe30001b8d8ed",智R托管-张馨予合集2-AGXI-定向-11.3-保健抗氧+医美轮廓人群,153237732,2025-11-03 11:21:07,0.00,0,0,0.0%,0.0,0.0,0,0.00,0.0,0,0,0.0,0,0,0.0,0,0.0,0,0.0,0,0.0,0,0.0,0,0.0,0,0.0,0,0.0,0,0.0,0,0.0,0.00,0.0,0,0,0
2773595152,智R托管-张馨予18-AGXI-定向-11.3-保健抗氧+医美轮廓人群,被计划暂停,审核通过,通投,商品7日总下单ROI,笔记（商品组件）,68cca6ff000000000e03272d,59cde3b9db2e6029a99da214,视频笔记,"67eb97e85d35ce0001a96c29,67f62e4eec137400010dc1cb,67f62ea104afe30001b8d8ed",智R托管-张馨予合集2-AGXI-定向-11.3-保健抗氧+医美轮廓人群,153237732,2025-11-03 11:21:07,0.00,0,0,0.0%,0.0,0.0,0,0.00,0.0,0,0,0.0,0,0,0.0,0,0.0,0,0.0,0,0.0,0,0.0,0,0.0,0,0.0,0,0.0,0,0.0,0,0.0,0.00,0.0,0,0,0
2773595151,智R托管-张馨予34-AGXI-定向-11.3-保健抗氧+医美轮廓人群,被计划暂停,审核拒绝,通投,商品7日总下单ROI,笔记（商品组件）,6901e0d40000000004022dba,59cde3b9db2e6029a99da214,视频笔记,"67eb97e85d35ce0001a96c29,67f62e4eec137400010dc1cb,67f62ea104afe30001b8d8ed",智R托管-张馨予合集2-AGXI-定向-11.3-保健抗氧+医美轮廓人群,153237732,2025-11-03 11:21:07,0.00,0,0,0.0%,0.0,0.0,0,0.00,0.0,0,0,0.0,0,0,0.0,0,0.0,0,0.0,0,0.0,0,0.0,0,0.0,0,0.0,0,0.0,0,0.0,0,0.0,0.00,0.0,0,0,0
2773595150,智R托管-张馨予35-AGXI-定向-11.3-保健抗氧+医美轮廓人群,被计划暂停,审核通过,通投,商品7日总下单ROI,笔记（商品组件）,690453fe000000000400121e,59cde3b9db2e6029a99da214,视频笔记,"67eb97e85d35ce0001a96c29,67f62e4eec137400010dc1cb,67f62ea104afe30001b8d8ed",智R托管-张馨予合集2-AGXI-定向-11.3-保健抗氧+医美轮廓人群,153237732,2025-11-03 11:21:07,0.00,0,0,0.0%,0.0,0.0,0,0.00,0.0,0,0,0.0,0,0,0.0,0,0.0,0,0.0,0,0.0,0,0.0,0,0.0,0,0.0,0,0.0,0,0.0,0,0.0,0.00,0.0,0,0,0
2773595149,智R托管-张馨予32-AGXI-定向-11.3-保健抗氧+医美轮廓人群,被计划暂停,审核拒绝,通投,商品7日总下单ROI,笔记（商品组件）,6901d5dd0000000005011152,59cde3b9db2e6029a99da214,图文笔记,"67eb97e85d35ce0001a96c29,67f62e4eec137400010dc1cb,67f62ea104afe30001b8d8ed",智R托管-张馨予合集2-AGXI-定向-11.3-保健抗氧+医美轮廓人群,153237732,2025-11-03 11:21:07,0.00,0,0,0.0%,0.0,0.0,0,0.00,0.0,0,0,0.0,0,0,0.0,0,0.0,0,0.0,0,0.0,0,0.0,0,0.0,0,0.0,0,0.0,0,0.0,0,0.0,0.00,0.0,0,0,0
2773595148,智R托管-张馨予25-AGXI-定向-11.3-保健抗氧+医美轮廓人群,被计划暂停,审核通过,通投,商品7日总下单ROI,笔记（商品组件）,68ea146f00000000050128ab,59cde3b9db2e6029a99da214,视频笔记,"67eb97e85d35ce0001a96c29,67f62e4eec137400010dc1cb,67f62ea104afe30001b8d8ed",智R托管-张馨予合集2-AGXI-定向-11.3-保健抗氧+医美轮廓人群,153237732,2025-11-03 11:21:07,0.00,0,0,0.0%,0.0,0.0,0,0.00,0.0,0,0,0.0,0,0,0.0,0,0.0,0,0.0,0,0.0,0,0.0,0,0.0,0,0.0,0,0.0,0,0.0,0,0.0,0.00,0.0,0,0,0
2773595147,智R托管-张馨予2-AGXI-定向-11.3-保健抗氧+医美轮廓人群,被计划暂停,审核通过,通投,商品7日总下单ROI,笔记（商品组件）,689be7cf000000001b032779,59cde3b9db2e6029a99da214,图文笔记,"67eb97e85d35ce0001a96c29,67f62e4eec137400010dc1cb,67f62ea104afe30001b8d8ed",智R托管-张馨予合集2-AGXI-定向-11.3-保健抗氧+医美轮廓人群,153237732,2025-11-03 11:21:07,0.00,0,0,0.0%,0.0,0.0,0,0.00,0.0,0,0,0.0,0,0,0.0,0,0.0,0,0.0,0,0.0,0,0.0,0,0.0,0,0.0,0,0.0,0,0.0,0,0.0,0.00,0.0,0,0,0
2773595146,智R托管-张馨予23-AGXI-定向-11.3-保健抗氧+医美轮廓人群,被计划暂停,审核拒绝,通投,商品7日总下单ROI,笔记（商品组件）,68dba74a0000000005010e4d,59cde3b9db2e6029a99da214,图文笔记,"67eb97e85d35ce0001a96c29,67f62e4eec137400010dc1cb,67f62ea104afe30001b8d8ed",智R托管-张馨予合集2-AGXI-定向-11.3-保健抗氧+医美轮廓人群,153237732,2025-11-03 11:21:07,0.00,0,0,0.0%,0.0,0.0,0,0.00,0.0,0,0,0.0,0,0,0.0,0,0.0,0,0.0,0,0.0,0,0.0,0,0.0,0,0.0,0,0.0,0,0.0,0,0.0,0.00,0.0,0,0,0
2773595145,智R托管-张馨予27-AGXI-定向-11.3-保健抗氧+医美轮廓人群,被计划暂停,审核通过,通投,商品7日总下单ROI,笔记（商品组件）,68ef47000000000005011060,59cde3b9db2e6029a99da214,视频笔记,"67eb97e85d35ce0001a96c29,67f62e4eec137400010dc1cb,67f62ea104afe30001b8d8ed",智R托管-张馨予合集2-AGXI-定向-11.3-保健抗氧+医美轮廓人群,153237732,2025-11-03 11:21:07,0.00,0,0,0.0%,0.0,0.0,0,0.00,0.0,0,0,0.0,0,0,0.0,0,0.0,0,0.0,0,0.0,0,0.0,0,0.0,0,0.0,0,0.0,0,0.0,0,0.0,0.00,0.0,0,0,0
2773595144,智R托管-张馨予28-AGXI-定向-11.3-保健抗氧+医美轮廓人群,被计划暂停,审核拒绝,通投,商品7日总下单ROI,笔记（商品组件）,68ef517200000000050112c7,59cde3b9db2e6029a99da214,视频笔记,"67eb97e85d35ce0001a96c29,67f62e4eec137400010dc1cb,67f62ea104afe30001b8d8ed",智R托管-张馨予合集2-AGXI-定向-11.3-保健抗氧+医美轮廓人群,153237732,2025-11-03 11:21:07,0.00,0,0,0.0%,0.0,0.0,0,0.00,0.0,0,0,0.0,0,0,0.0,0,0.0,0,0.0,0,0.0,0,0.0,0,0.0,0,0.0,0,0.0,0,0.0,0,0.0,0.00,0.0,0,0,0
2773677984,智R托管-张馨予30-AGXI-定向-11.3-保健抗氧+医美轮廓人群,被计划暂停,审核通过,通投,商品7日总下单ROI,笔记（商品组件）,68faee3b000000000402a8f9,59cde3b9db2e6029a99da214,视频笔记,"67eb97e85d35ce0001a96c29,67f62e4eec137400010dc1cb,67f62ea104afe30001b8d8ed",智R托管-张馨予合集-AGXI-定向-11.3-保健抗氧+医美轮廓人群,153234179,2025-11-03 11:16:08,0.00,0,0,0.0%,0.0,0.0,0,0.00,0.0,0,0,0.0,0,0,0.0,0,0.0,0,0.0,0,0.0,0,0.0,0,0.0,0,0.0,0,0.0,0,0.0,0,0.0,0.00,0.0,0,0,0
2773677983,智R托管-张馨予29-AGXI-定向-11.3-保健抗氧+医美轮廓人群,被计划暂停,审核通过,通投,商品7日总下单ROI,笔记（商品组件）,68fae8f40000000004023d89,59cde3b9db2e6029a99da214,视频笔记,"67eb97e85d35ce0001a96c29,67f62e4eec137400010dc1cb,67f62ea104afe30001b8d8ed",智R托管-张馨予合集-AGXI-定向-11.3-保健抗氧+医美轮廓人群,153234179,2025-11-03 11:16:08,0.00,0,0,0.0%,0.0,0.0,0,0.00,0.0,0,0,0.0,0,0,0.0,0,0.0,0,0.0,0,0.0,0,0.0,0,0.0,0,0.0,0,0.0,0,0.0,0,0.0,0.00,0.0,0,0,0
2773677982,智R托管-张馨予24-AGXI-定向-11.3-保健抗氧+医美轮廓人群,暂停,审核通过,通投,商品7日总下单ROI,笔记（商品组件）,68ea00c3000000000402bba1,59cde3b9db2e6029a99da214,图文笔记,"67eb97e85d35ce0001a96c29,67f62e4eec137400010dc1cb,67f62ea104afe30001b8d8ed",智R托管-张馨予合集-AGXI-定向-11.3-保健抗氧+医美轮廓人群,153234179,2025-11-03 11:16:08,0.00,0,0,0.0%,0.0,0.0,0,0.00,0.0,0,0,0.0,0,0,0.0,0,0.0,0,0.0,0,0.0,0,0.0,0,0.0,0,0.0,0,0.0,0,0.0,0,0.0,0.00,0.0,0,0,0
2773677981,智R托管-张馨予22-AGXI-定向-11.3-保健抗氧+医美轮廓人群,暂停,审核拒绝,通投,商品7日总下单ROI,笔记（商品组件）,68dbaa6700000000040228b8,59cde3b9db2e6029a99da214,视频笔记,"67eb97e85d35ce0001a96c29,67f62e4eec137400010dc1cb,67f62ea104afe30001b8d8ed",智R托管-张馨予合集-AGXI-定向-11.3-保健抗氧+医美轮廓人群,153234179,2025-11-03 11:16:08,0.00,0,0,0.0%,0.0,0.0,0,0.00,0.0,0,0,0.0,0,0,0.0,0,0.0,0,0.0,0,0.0,0,0.0,0,0.0,0,0.0,0,0.0,0,0.0,0,0.0,0.00,0.0,0,0,0
2773677980,智R托管-张馨予4-AGXI-定向-11.3-保健抗氧+医美轮廓人群,暂停,审核通过,通投,商品7日总下单ROI,笔记（商品组件）,689d3e2d000000001b03734c,59cde3b9db2e6029a99da214,视频笔记,"67eb97e85d35ce0001a96c29,67f62e4eec137400010dc1cb,67f62ea104afe30001b8d8ed",智R托管-张馨予合集-AGXI-定向-11.3-保健抗氧+医美轮廓人群,153234179,2025-11-03 11:16:08,0.00,0,0,0.0%,0.0,0.0,0,0.00,0.0,0,0,0.0,0,0,0.0,0,0.0,0,0.0,0,0.0,0,0.0,0,0.0,0,0.0,0,0.0,0,0.0,0,0.0,0.00,0.0,0,0,0
2773677979,智R托管-张馨予14-AGXI-定向-11.3-保健抗氧+医美轮廓人群,被计划暂停,审核通过,通投,商品7日总下单ROI,笔记（商品组件）,68b9463f000000001c0107fb,59cde3b9db2e6029a99da214,视频笔记,"67eb97e85d35ce0001a96c29,67f62e4eec137400010dc1cb,67f62ea104afe30001b8d8ed",智R托管-张馨予合集-AGXI-定向-11.3-保健抗氧+医美轮廓人群,153234179,2025-11-03 11:16:08,0.00,0,0,0.0%,0.0,0.0,0,0.00,0.0,0,0,0.0,0,0,0.0,0,0.0,0,0.0,0,0.0,0,0.0,0,0.0,0,0.0,0,0.0,0,0.0,0,0.0,0.00,0.0,0,0,0
2773677978,智R托管-张馨予10-AGXI-定向-11.3-保健抗氧+医美轮廓人群,被计划暂停,审核通过,通投,商品7日总下单ROI,笔记（商品组件）,68afed4a000000001c00da0e,59cde3b9db2e6029a99da214,视频笔记,"67eb97e85d35ce0001a96c29,67f62e4eec137400010dc1cb,67f62ea104afe30001b8d8ed",智R托管-张馨予合集-AGXI-定向-11.3-保健抗氧+医美轮廓人群,153234179,2025-11-03 11:16:08,0.00,0,0,0.0%,0.0,0.0,0,0.00,0.0,0,0,0.0,0,0,0.0,0,0.0,0,0.0,0,0.0,0,0.0,0,0.0,0,0.0,0,0.0,0,0.0,0,0.0,0.00,0.0,0,0,0
2747930421,智R托管-发财芒果-AGXI-定向-10.31-达人直投,被计划暂停,审核通过,通投,商品7日总下单ROI,笔记（商品组件）,68b56596000000001b03450a,5a635c754eacab61add6e8cb,图文笔记,"67eb97e85d35ce0001a96c29,67f62ea104afe30001b8d8ed",智R托管-达人合集-AGXI-定向-10.31-达人直投,152759241,2025-10-31 14:15:14,0.00,0,0,0.0%,0.0,0.0,0,0.00,0.0,0,0,0.0,0,0,0.0,0,0.0,0,0.0,0,0.0,0,0.0,0,0.0,0,0.0,0,0.0,0,0.0,0,0.0,0.00,0.0,0,0,0
2747930420,智R托管-迷你月-AGXI-定向-10.31-达人直投,暂停,审核通过,通投,商品7日总下单ROI,笔记（商品组件）,68ede854000000000700f91c,557c312d58944666a8c24ea3,图文笔记,"67eb97e85d35ce0001a96c29,67f62ea104afe30001b8d8ed",智R托管-达人合集-AGXI-定向-10.31-达人直投,152759241,2025-10-31 14:15:14,0.00,0,0,0.0%,0.0,0.0,0,0.00,0.0,0,0,0.0,0,0,0.0,0,0.0,0,0.0,0,0.0,0,0.0,0,0.0,0,0.0,0,0.0,0,0.0,0,0.0,0.00,0.0,0,0,0
2747930419,智R托管-今晚不想睡-AGXI-定向-10.31-达人直投,被计划暂停,审核拒绝,通投,商品7日总下单ROI,笔记（商品组件）,68c51e53000000001d017e87,666c0d380000000003031727,图文笔记,"67eb97e85d35ce0001a96c29,67f62ea104afe30001b8d8ed",智R托管-达人合集-AGXI-定向-10.31-达人直投,152759241,2025-10-31 14:15:14,0.00,0,0,0.0%,0.0,0.0,0,0.00,0.0,0,0,0.0,0,0,0.0,0,0.0,0,0.0,0,0.0,0,0.0,0,0.0,0,0.0,0,0.0,0,0.0,0,0.0,0.00,0.0,0,0,0
2747930418,智R托管-梨花花A-AGXI-定向-10.31-达人直投,暂停,审核通过,通投,商品7日总下单ROI,笔记（商品组件）,68bfdbca000000001b03ef8d,5b6e7279d1ffff000151e0c1,图文笔记,"67eb97e85d35ce0001a96c29,67f62ea104afe30001b8d8ed",智R托管-达人合集-AGXI-定向-10.31-达人直投,152759241,2025-10-31 14:15:14,0.00,0,0,0.0%,0.0,0.0,0,0.00,0.0,0,0,0.0,0,0,0.0,0,0.0,0,0.0,0,0.0,0,0.0,0,0.0,0,0.0,0,0.0,0,0.0,0,0.0,0.00,0.0,0,0,0
2747607277,智R托管-修熟龄-新X白-定向-10.31-品牌+意向人群,暂停,审核通过,通投,商品7日总下单ROI,笔记（商品组件）,68ba33fe000000001b01c7ab,59cde3b9db2e6029a99da214,视频笔记,"67f6247db2c30c00015cbc5d,6858efa562560900014a4305",智R托管-合集-新X白-定向-10.31-品牌+意向人群,152758810,2025-10-31 14:05:37,0.00,0,0,0.0%,0.0,0.0,0,0.00,0.0,0,0,0.0,0,0,0.0,0,0.0,0,0.0,0,0.0,0,0.0,0,0.0,0,0.0,0,0.0,0,0.0,0,0.0,0.00,0.0,0,0,0
2747607276,智R托管-原相机-新X白-定向-10.31-品牌+意向人群,暂停,审核通过,通投,商品7日总下单ROI,笔记（商品组件）,68a6b9d4000000001b03588f,59cde3b9db2e6029a99da214,图文笔记,"67f6247db2c30c00015cbc5d,6858efa562560900014a4305",智R托管-合集-新X白-定向-10.31-品牌+意向人群,152758810,2025-10-31 14:05:37,0.00,0,0,0.0%,0.0,0.0,0,0.00,0.0,0,0,0.0,0,0,0.0,0,0.0,0,0.0,0,0.0,0,0.0,0,0.0,0,0.0,0,0.0,0,0.0,0,0.0,0.00,0.0,0,0,0
2747607275,智R托管-稳稳稳-新X白-定向-10.31-品牌+意向人群,暂停,审核通过,通投,商品7日总下单ROI,笔记（商品组件）,6865ed1a0000000022033186,59cde3b9db2e6029a99da214,图文笔记,"67f6247db2c30c00015cbc5d,6858efa562560900014a4305,67a96fff17cfa0000166a95f,67f62ea104afe30001b8d8ed",智R托管-合集-新X白-定向-10.31-品牌+意向人群,152758810,2025-10-31 14:05:37,0.00,0,0,0.0%,0.0,0.0,0,0.00,0.0,0,0,0.0,0,0,0.0,0,0.0,0,0.0,0,0.0,0,0.0,0,0.0,0,0.0,0,0.0,0,0.0,0,0.0,0.00,0.0,0,0,0
2747687273,智R托管-暗沉松-御三家-定向-10.31-品牌+意向人群,被计划暂停,审核通过,通投,商品7日总下单ROI,笔记（商品组件）,68d113740000000007028be8,59cde3b9db2e6029a99da214,视频笔记,"67eb97e85d35ce0001a96c29,68a594b62eb6de000174964c,68a595d130bf8c0001e0f7ed,67bd86679759260001a41644",智R托管-合集-御三家-定向-10.31-品牌+意向人群,152747346,2025-10-31 13:52:10,0.00,0,0,0.0%,0.0,0.0,0,0.00,0.0,0,0,0.0,0,0,0.0,0,0.0,0,0.0,0,0.0,0,0.0,0,0.0,0,0.0,0,0.0,0,0.0,0,0.0,0.00,0.0,0,0,0
2747687272,智R托管-龄觉醒-御三家-定向-10.31-品牌+意向人群,暂停,审核通过,通投,商品7日总下单ROI,笔记（商品组件）,68cd00dd000000000702b7a9,59cde3b9db2e6029a99da214,视频笔记,"67eb97e85d35ce0001a96c29,68a594b62eb6de000174964c,68a595d130bf8c0001e0f7ed,67bd86679759260001a41644",智R托管-合集-御三家-定向-10.31-品牌+意向人群,152747346,2025-10-31 13:52:10,0.00,0,0,0.0%,0.0,0.0,0,0.00,0.0,0,0,0.0,0,0,0.0,0,0.0,0,0.0,0,0.0,0,0.0,0,0.0,0,0.0,0,0.0,0,0.0,0,0.0,0.00,0.0,0,0,0
2747687271,智R托管-黄又垮-御三家-定向-10.31-品牌+意向人群,暂停,审核通过,通投,商品7日总下单ROI,笔记（商品组件）,68ccf1a30000000011014b87,59cde3b9db2e6029a99da214,图文笔记,"67eb97e85d35ce0001a96c29,68a594b62eb6de000174964c,68a595d130bf8c0001e0f7ed,67bd86679759260001a41644",智R托管-合集-御三家-定向-10.31-品牌+意向人群,152747346,2025-10-31 13:52:10,0.00,0,0,0.0%,0.0,0.0,0,0.00,0.0,0,0,0.0,0,0,0.0,0,0.0,0,0.0,0,0.0,0,0.0,0,0.0,0,0.0,0,0.0,0,0.0,0,0.0,0.00,0.0,0,0,0
2747687270,智R托管-贵妇听劝-御三家-定向-10.31-品牌+意向人群,暂停,审核通过,通投,商品7日总下单ROI,笔记（商品组件）,68f5a570000000000402ba94,59cde3b9db2e6029a99da214,视频笔记,"67eb97e85d35ce0001a96c29,68a594b62eb6de000174964c,68a595d130bf8c0001e0f7ed,67bd86679759260001a41644",智R托管-合集-御三家-定向-10.31-品牌+意向人群,152747346,2025-10-31 13:52:10,0.00,0,0,0.0%,0.0,0.0,0,0.00,0.0,0,0,0.0,0,0,0.0,0,0.0,0,0.0,0,0.0,0,0.0,0,0.0,0,0.0,0,0.0,0,0.0,0,0.0,0.00,0.0,0,0,0
2745836839,智R托管-巴啦啦小富婆-AGXI-系统-10.30-达人直投,暂停,审核通过,通投,商品7日总下单ROI,笔记（商品组件）,68be970c000000001b03d32d,64c1137c00000000140391f3,图文笔记,"67eb97e85d35ce0001a96c29,67f62ea104afe30001b8d8ed",智R托管-达人合集-AGXI-系统-10.30-达人直投,152695634,2025-10-31 10:18:09,0.00,0,0,0.0%,0.0,0.0,0,0.00,0.0,0,0,0.0,0,0,0.0,0,0.0,0,0.0,0,0.0,0,0.0,0,0.0,0,0.0,0,0.0,0,0.0,0,0.0,0.00,0.0,0,0,0
2745836838,智R托管-泡泡今天也发财-AGXI-系统-10.30-达人直投,暂停,审核通过,通投,商品7日总下单ROI,笔记（商品组件）,68e8cf330000000003037f10,66f7d7fc000000001d0325c3,图文笔记,"67eb97e85d35ce0001a96c29,67f62ea104afe30001b8d8ed",智R托管-达人合集-AGXI-系统-10.30-达人直投,152695634,2025-10-31 10:18:09,0.00,0,0,0.0%,0.0,0.0,0,0.00,0.0,0,0,0.0,0,0,0.0,0,0.0,0,0.0,0,0.0,0,0.0,0,0.0,0,0.0,0,0.0,0,0.0,0,0.0,0.00,0.0,0,0,0
2745490041,智R托管-海伦马-光感白肌饮-系统-10.31-转载,暂停,审核通过,通投,商品7日总下单ROI,笔记（商品组件）,68e7803c0000000004001b22,59cde3b9db2e6029a99da214,视频笔记,67a96f5af4fe140001803e33,智R托管-海伦马-光感白肌饮-系统-10.31-转载,152709425,2025-10-31 09:45:59,0.00,0,0,0.0%,0.0,0.0,0,0.00,0.0,0,0,0.0,0,0,0.0,0,0.0,0,0.0,0,0.0,0,0.0,0,0.0,0,0.0,0,0.0,0,0.0,0,0.0,0.00,0.0,0,0,0
2745445268,智R托管-深扒晓-横测笔记-系统-10.31,暂停,审核通过,通投,商品7日总下单ROI,笔记（商品组件）,68f9fee30000000005003593,59cde3b9db2e6029a99da214,图文笔记,"681c861f8da761000133f1fb,6748224252f26600016f5a21,67eb97e85d35ce0001a96c29,68a594b62eb6de000174964c,67bd86679759260001a41644,68a595d130bf8c0001e0f7ed",智R托管-深扒晓-横测笔记-系统-10.31,152714695,2025-10-31 09:44:22,0.00,0,0,0.0%,0.0,0.0,0,0.00,0.0,0,0,0.0,0,0,0.0,0,0.0,0,0.0,0,0.0,0,0.0,0,0.0,0,0.0,0,0.0,0,0.0,0,0.0,0.00,0.0,0,0,0
2745439211,智R托管-打气帮-塑颜饮-系统-10.31,被计划暂停,审核通过,通投,商品7日总下单ROI,笔记（商品组件）,68ec5c6c0000000005013fa4,59cde3b9db2e6029a99da214,图文笔记,"68a59525d3dd4d00012b6c02,68a594b62eb6de000174964c,68a5957036ab3b00019db5de",智R托管-合集-塑颜饮-系统-10.31,152714607,2025-10-31 09:41:02,0.00,0,0,0.0%,0.0,0.0,0,0.00,0.0,0,0,0.0,0,0,0.0,0,0.0,0,0.0,0,0.0,0,0.0,0,0.0,0,0.0,0,0.0,0,0.0,0,0.0,0.00,0.0,0,0,0
2745439210,智R托管-别瞎补-塑颜饮-系统-10.31,暂停,审核通过,通投,商品7日总下单ROI,笔记（商品组件）,68f6f76b0000000004028d37,59cde3b9db2e6029a99da214,视频笔记,"68a59525d3dd4d00012b6c02,68a594b62eb6de000174964c,68a5957036ab3b00019db5de",智R托管-合集-塑颜饮-系统-10.31,152714607,2025-10-31 09:41:02,0.00,0,0,0.0%,0.0,0.0,0,0.00,0.0,0,0,0.0,0,0,0.0,0,0.0,0,0.0,0,0.0,0,0.0,0,0.0,0,0.0,0,0.0,0,0.0,0,0.0,0.00,0.0,0,0,0
2745439209,智R托管-底牌肌-塑颜饮-系统-10.31,被计划暂停,审核通过,通投,商品7日总下单ROI,笔记（商品组件）,68ca8531000000000b013d8a,59cde3b9db2e6029a99da214,视频笔记,"68a59525d3dd4d00012b6c02,68a594b62eb6de000174964c,68a5957036ab3b00019db5de",智R托管-合集-塑颜饮-系统-10.31,152714607,2025-10-31 09:41:02,0.00,0,0,0.0%,0.0,0.0,0,0.00,0.0,0,0,0.0,0,0,0.0,0,0.0,0,0.0,0,0.0,0,0.0,0,0.0,0,0.0,0,0.0,0,0.0,0,0.0,0.00,0.0,0,0,0
2745439208,智R托管-让我素-塑颜饮-系统-10.31,暂停,审核通过,通投,商品7日总下单ROI,笔记（商品组件）,68c92b4e0000000011017336,59cde3b9db2e6029a99da214,图文笔记,"68a59525d3dd4d00012b6c02,68a594b62eb6de000174964c,68a5957036ab3b00019db5de",智R托管-合集-塑颜饮-系统-10.31,152714607,2025-10-31 09:41:02,0.00,0,0,0.0%,0.0,0.0,0,0.00,0.0,0,0,0.0,0,0,0.0,0,0.0,0,0.0,0,0.0,0,0.0,0,0.0,0,0.0,0,0.0,0,0.0,0,0.0,0.00,0.0,0,0,0
2745439207,智R托管-喝出来-塑颜饮-系统-10.31,暂停,审核通过,通投,商品7日总下单ROI,笔记（商品组件）,68db38dc000000000e026285,59cde3b9db2e6029a99da214,图文笔记,"68a59525d3dd4d00012b6c02,68a594b62eb6de000174964c,68a5957036ab3b00019db5de",智R托管-合集-塑颜饮-系统-10.31,152714607,2025-10-31 09:41:02,0.00,0,0,0.0%,0.0,0.0,0,0.00,0.0,0,0,0.0,0,0,0.0,0,0.0,0,0.0,0,0.0,0,0.0,0,0.0,0,0.0,0,0.0,0,0.0,0,0.0,0.00,0.0,0,0,0
2736056399,智R托管-张馨予4-AGXI-系统-10.30,暂停,审核通过,通投,商品7日总下单ROI,笔记（商品组件）,689d3e2d000000001b03734c,59cde3b9db2e6029a99da214,视频笔记,"67eb97e85d35ce0001a96c29,67f62ea104afe30001b8d8ed",智R托管-张馨予合集-AGXI-系统-10.30,152525342,2025-10-30 11:08:18,0.00,0,0,0.0%,0.0,0.0,0,0.00,0.0,0,0,0.0,0,0,0.0,0,0.0,0,0.0,0,0.0,0,0.0,0,0.0,0,0.0,0,0.0,0,0.0,0,0.0,0.00,0.0,0,0,0
2736056398,智R托管-张馨予22-AGXI-系统-10.30,暂停,审核拒绝,通投,商品7日总下单ROI,笔记（商品组件）,68dbaa6700000000040228b8,59cde3b9db2e6029a99da214,视频笔记,"67eb97e85d35ce0001a96c29,67f62ea104afe30001b8d8ed",智R托管-张馨予合集-AGXI-系统-10.30,152525342,2025-10-30 11:08:18,0.00,0,0,0.0%,0.0,0.0,0,0.00,0.0,0,0,0.0,0,0,0.0,0,0.0,0,0.0,0,0.0,0,0.0,0,0.0,0,0.0,0,0.0,0,0.0,0,0.0,0.00,0.0,0,0,0
2725777895,智R托管-原相机-新X白-系统-10.29,暂停,审核通过,通投,商品7日总下单ROI,笔记（商品组件）,68a6b9d4000000001b03588f,59cde3b9db2e6029a99da214,图文笔记,"67f6247db2c30c00015cbc5d,6858efa562560900014a4305,67eb97e85d35ce0001a96c29,67bd86679759260001a41644",智R托管-原相机-新X白-系统-10.29,152317112,2025-10-29 11:26:45,0.00,0,0,0.0%,0.0,0.0,0,0.00,0.0,0,0,0.0,0,0,0.0,0,0.0,0,0.0,0,0.0,0,0.0,0,0.0,0,0.0,0,0.0,0,0.0,0,0.0,0.00,0.0,0,0,0
2707733084,智R托管-稳稳稳-新X白-定向-10.27-保健人群,暂停,审核通过,通投,商品7日总下单ROI,笔记（商品组件）,6865ed1a0000000022033186,59cde3b9db2e6029a99da214,图文笔记,67f6247db2c30c00015cbc5d,智R托管-稳稳稳-新X白-定向-10.27-保健人群,151577125,2025-10-27 14:38:42,0.00,0,0,0.0%,0.0,0.0,0,0.00,0.0,0,0,0.0,0,0,0.0,0,0.0,0,0.0,0,0.0,0,0.0,0,0.0,0,0.0,0,0.0,0,0.0,0,0.0,0.00,0.0,0,0,0
2706231519,智R托管-张馨予4-AGXI-定向-10.27,暂停,审核通过,通投,商品7日总下单ROI,笔记（商品组件）,689d3e2d000000001b03734c,59cde3b9db2e6029a99da214,视频笔记,"67eb97e85d35ce0001a96c29,67f62ea104afe30001b8d8ed",智R托管-张馨予4-AGXI-定向-10.27,151546211,2025-10-27 11:46:27,0.00,0,0,0.0%,0.0,0.0,0,0.00,0.0,0,0,0.0,0,0,0.0,0,0.0,0,0.0,0,0.0,0,0.0,0,0.0,0,0.0,0,0.0,0,0.0,0,0.0,0.00,0.0,0,0,0
2701513987,智R托管-张馨予4-AGXI-系统-10.26,暂停,审核通过,通投,商品7日总下单ROI,笔记（商品组件）,689d3e2d000000001b03734c,59cde3b9db2e6029a99da214,视频笔记,"67eb97e85d35ce0001a96c29,67f62ea104afe30001b8d8ed",智R托管-张馨予合集-AGXI-系统-10.26,151231372,2025-10-26 22:08:58,0.00,0,0,0.0%,0.0,0.0,0,0.00,0.0,0,0,0.0,0,0,0.0,0,0.0,0,0.0,0,0.0,0,0.0,0,0.0,0,0.0,0,0.0,0,0.0,0,0.0,0.00,0.0,0,0,0
2701513986,智R托管-张馨予22-AGXI-系统-10.26,暂停,审核拒绝,通投,商品7日总下单ROI,笔记（商品组件）,68dbaa6700000000040228b8,59cde3b9db2e6029a99da214,视频笔记,"67eb97e85d35ce0001a96c29,67f62ea104afe30001b8d8ed",智R托管-张馨予合集-AGXI-系统-10.26,151231372,2025-10-26 22:08:58,0.00,0,0,0.0%,0.0,0.0,0,0.00,0.0,0,0,0.0,0,0,0.0,0,0.0,0,0.0,0,0.0,0,0.0,0,0.0,0,0.0,0,0.0,0,0.0,0,0.0,0.00,0.0,0,0,0
2680299808,智R托管-张馨予22-AGXI-定向-10.24-阔太奢养人群,暂停,审核拒绝,通投,商品7日总下单ROI,笔记（商品组件）,68dbaa6700000000040228b8,59cde3b9db2e6029a99da214,视频笔记,"67eb97e85d35ce0001a96c29,67f62ea104afe30001b8d8ed",智R托管-张馨予22-AGXI-定向-10.24-阔太奢养人群,150744987,2025-10-24 13:49:04,0.00,0,0,0.0%,0.0,0.0,0,0.00,0.0,0,0,0.0,0,0,0.0,0,0.0,0,0.0,0,0.0,0,0.0,0,0.0,0,0.0,0,0.0,0,0.0,0,0.0,0.00,0.0,0,0,0
2680297186,智R托管-解锁真-塑颜饮-系统-10.24-品牌人群,暂停,审核通过,通投,商品7日总下单ROI,笔记（商品组件）,68e861600000000004029d0b,59cde3b9db2e6029a99da214,图文笔记,"68a594b62eb6de000174964c,68a59525d3dd4d00012b6c02,68a5957036ab3b00019db5de",智R托管-爆文合集-塑颜饮-系统-10.24-品牌人群,150744846,2025-10-24 13:46:05,0.00,0,0,0.0%,0.0,0.0,0,0.00,0.0,0,0,0.0,0,0,0.0,0,0.0,0,0.0,0,0.0,0,0.0,0,0.0,0,0.0,0,0.0,0,0.0,0,0.0,0.00,0.0,0,0,0
2680297185,智R托管-人生内-塑颜饮-系统-10.24-品牌人群,暂停,审核通过,通投,商品7日总下单ROI,笔记（商品组件）,68a52dcd000000001b034b1f,59cde3b9db2e6029a99da214,视频笔记,"68a594b62eb6de000174964c,68a59525d3dd4d00012b6c02,68a5957036ab3b00019db5de",智R托管-爆文合集-塑颜饮-系统-10.24-品牌人群,150744846,2025-10-24 13:46:05,0.00,0,0,0.0%,0.0,0.0,0,0.00,0.0,0,0,0.0,0,0,0.0,0,0.0,0,0.0,0,0.0,0,0.0,0,0.0,0,0.0,0,0.0,0,0.0,0,0.0,0.00,0.0,0,0,0
2680297184,智R托管-还你胶-塑颜饮-系统-10.24-品牌人群,暂停,审核通过,通投,商品7日总下单ROI,笔记（商品组件）,68a52e3f000000001c031963,59cde3b9db2e6029a99da214,图文笔记,"68a594b62eb6de000174964c,68a59525d3dd4d00012b6c02,68a5957036ab3b00019db5de",智R托管-爆文合集-塑颜饮-系统-10.24-品牌人群,150744846,2025-10-24 13:46:05,0.00,0,0,0.0%,0.0,0.0,0,0.00,0.0,0,0,0.0,0,0,0.0,0,0.0,0,0.0,0,0.0,0,0.0,0,0.0,0,0.0,0,0.0,0,0.0,0,0.0,0.00,0.0,0,0,0
2671586850,智R托管-我吃汉堡减肥-塑颜饮-系统-10.23-达人直投,被计划暂停,审核通过,通投,商品7日总下单ROI,笔记（商品组件）,68e7c0440000000005012b04,6256c4d7000000000d033493,图文笔记,"68a594b62eb6de000174964c,68a59525d3dd4d00012b6c02,68a5957036ab3b00019db5de",智R托管-达人合集-塑颜饮-系统-10.23-达人直投,150535325,2025-10-23 15:45:15,0.00,0,0,0.0%,0.0,0.0,0,0.00,0.0,0,0,0.0,0,0,0.0,0,0.0,0,0.0,0,0.0,0,0.0,0,0.0,0,0.0,0,0.0,0,0.0,0,0.0,0.00,0.0,0,0,0
2671586849,智R托管-徐西西xixi-塑颜饮-系统-10.23-达人直投,被计划暂停,审核通过,通投,商品7日总下单ROI,笔记（商品组件）,68eb84d10000000004011006,61f9413f000000001000fe0a,图文笔记,"68a594b62eb6de000174964c,68a59525d3dd4d00012b6c02,68a5957036ab3b00019db5de",智R托管-达人合集-塑颜饮-系统-10.23-达人直投,150535325,2025-10-23 15:45:15,0.00,0,0,0.0%,0.0,0.0,0,0.00,0.0,0,0,0.0,0,0,0.0,0,0.0,0,0.0,0,0.0,0,0.0,0,0.0,0,0.0,0,0.0,0,0.0,0,0.0,0.00,0.0,0,0,0
2671586848,智R托管-花生薯蘑树-塑颜饮-系统-10.23-达人直投,被计划暂停,审核通过,通投,商品7日总下单ROI,笔记（商品组件）,68ec77c100000000070323ce,6045cbb000000000010001ef,图文笔记,"68a594b62eb6de000174964c,68a59525d3dd4d00012b6c02,68a5957036ab3b00019db5de",智R托管-达人合集-塑颜饮-系统-10.23-达人直投,150535325,2025-10-23 15:45:15,0.00,0,0,0.0%,0.0,0.0,0,0.00,0.0,0,0,0.0,0,0,0.0,0,0.0,0,0.0,0,0.0,0,0.0,0,0.0,0,0.0,0,0.0,0,0.0,0,0.0,0.00,0.0,0,0,0
2671586847,智R托管-挖宝小咪-塑颜饮-系统-10.23-达人直投,被计划暂停,审核通过,通投,商品7日总下单ROI,笔记（商品组件）,68ea35c5000000000402145a,64293f0d0000000012011986,图文笔记,"68a594b62eb6de000174964c,68a59525d3dd4d00012b6c02,68a5957036ab3b00019db5de",智R托管-达人合集-塑颜饮-系统-10.23-达人直投,150535325,2025-10-23 15:45:15,0.00,0,0,0.0%,0.0,0.0,0,0.00,0.0,0,0,0.0,0,0,0.0,0,0.0,0,0.0,0,0.0,0,0.0,0,0.0,0,0.0,0,0.0,0,0.0,0,0.0,0.00,0.0,0,0,0
2671586846,智R托管-糯米球-塑颜饮-系统-10.23-达人直投,被计划暂停,审核通过,通投,商品7日总下单ROI,笔记（商品组件）,68e8c0960000000004007a35,66d66a14000000001d030465,图文笔记,"68a594b62eb6de000174964c,68a59525d3dd4d00012b6c02,68a5957036ab3b00019db5de",智R托管-达人合集-塑颜饮-系统-10.23-达人直投,150535325,2025-10-23 15:45:15,0.00,0,0,0.0%,0.0,0.0,0,0.00,0.0,0,0,0.0,0,0,0.0,0,0.0,0,0.0,0,0.0,0,0.0,0,0.0,0,0.0,0,0.0,0,0.0,0,0.0,0.00,0.0,0,0,0
2671586845,智R托管-QQ小姐-塑颜饮-系统-10.23-达人直投,暂停,审核通过,通投,商品7日总下单ROI,笔记（商品组件）,68e640750000000007033cb7,66c9b6c6000000001d021431,图文笔记,"68a594b62eb6de000174964c,68a59525d3dd4d00012b6c02,68a5957036ab3b00019db5de",智R托管-达人合集-塑颜饮-系统-10.23-达人直投,150535325,2025-10-23 15:45:15,0.00,0,0,0.0%,0.0,0.0,0,0.00,0.0,0,0,0.0,0,0,0.0,0,0.0,0,0.0,0,0.0,0,0.0,0,0.0,0,0.0,0,0.0,0,0.0,0,0.0,0.00,0.0,0,0,0
2671586844,智R托管-focus姐-塑颜饮-系统-10.23-达人直投,被计划暂停,审核拒绝,通投,商品7日总下单ROI,笔记（商品组件）,68e64076000000000303b818,66d58905000000001d0214a2,图文笔记,"68a594b62eb6de000174964c,68a59525d3dd4d00012b6c02,68a5957036ab3b00019db5de",智R托管-达人合集-塑颜饮-系统-10.23-达人直投,150535325,2025-10-23 15:45:15,0.00,0,0,0.0%,0.0,0.0,0,0.00,0.0,0,0,0.0,0,0,0.0,0,0.0,0,0.0,0,0.0,0,0.0,0,0.0,0,0.0,0,0.0,0,0.0,0,0.0,0.00,0.0,0,0,0
2658294391,智R托管-张馨予10-AGXI-定向-10.22,暂停,审核通过,通投,商品7日总下单ROI,笔记（商品组件）,68afed4a000000001c00da0e,59cde3b9db2e6029a99da214,视频笔记,"67eb97e85d35ce0001a96c29,67f62e4eec137400010dc1cb,67f62ea104afe30001b8d8ed",智R托管-张馨予10-AGXI-定向-10.22,150140440,2025-10-22 10:15:52,0.00,0,0,0.0%,0.0,0.0,0,0.00,0.0,0,0,0.0,0,0,0.0,0,0.0,0,0.0,0,0.0,0,0.0,0,0.0,0,0.0,0,0.0,0,0.0,0,0.0,0.00,0.0,0,0,0
2657585814,智R托管-小爱Ayla-光感白肌饮-系统-10.22-达人直投,暂停,审核通过,通投,商品7日总下单ROI,笔记（商品组件）,68ef19b7000000000503ab4a,5795e442a9b2ed20e18ce046,视频笔记,"67bd86679759260001a41644,67bd894629b9f70001b66fed",智R托管-视频合集-光感白肌饮-系统-10.22-达人直投,150119360,2025-10-22 09:15:16,0.00,0,0,0.0%,0.0,0.0,0,0.00,0.0,0,0,0.0,0,0,0.0,0,0.0,0,0.0,0,0.0,0,0.0,0,0.0,0,0.0,0,0.0,0,0.0,0,0.0,0.00,0.0,0,0,0
2657585813,智R托管-ItsJuJu-光感白肌饮-系统-10.22-达人直投,暂停,审核通过,通投,商品7日总下单ROI,笔记（商品组件）,68e8b6f6000000000301d5cc,5940fe556a6a693da6294a75,视频笔记,"67bd86679759260001a41644,67bd894629b9f70001b66fed",智R托管-视频合集-光感白肌饮-系统-10.22-达人直投,150119360,2025-10-22 09:15:16,0.00,0,0,0.0%,0.0,0.0,0,0.00,0.0,0,0,0.0,0,0,0.0,0,0.0,0,0.0,0,0.0,0,0.0,0,0.0,0,0.0,0,0.0,0,0.0,0,0.0,0.00,0.0,0,0,0
2657585812,智R托管-双花镜子-光感白肌饮-系统-10.22-达人直投,被计划暂停,审核通过,通投,商品7日总下单ROI,笔记（商品组件）,68d3af2b000000000e02427c,5ee4e282000000000101e933,视频笔记,"67bd86679759260001a41644,67bd894629b9f70001b66fed",智R托管-视频合集-光感白肌饮-系统-10.22-达人直投,150119360,2025-10-22 09:15:16,0.00,0,0,0.0%,0.0,0.0,0,0.00,0.0,0,0,0.0,0,0,0.0,0,0.0,0,0.0,0,0.0,0,0.0,0,0.0,0,0.0,0,0.0,0,0.0,0,0.0,0.00,0.0,0,0,0
2657567497,智R托管-一块又又-AGXI-定向-10.22-达人直投,被计划暂停,审核拒绝,通投,商品7日总下单ROI,笔记（商品组件）,68b90105000000001b032be3,632ec861000000002303a174,图文笔记,"67f62ea104afe30001b8d8ed,67eb97e85d35ce0001a96c29",智R托管-一块又又-AGXI-定向-10.22-达人直投,150113477,2025-10-22 09:00:37,0.00,0,0,0.0%,0.0,0.0,0,0.00,0.0,0,0,0.0,0,0,0.0,0,0.0,0,0.0,0,0.0,0,0.0,0,0.0,0,0.0,0,0.0,0,0.0,0,0.0,0.00,0.0,0,0,0
2657377247,智R托管-泡泡今天也发财-AGXI-定向-10.22-达人直投,暂停,审核通过,通投,商品7日总下单ROI,笔记（商品组件）,68e8cf330000000003037f10,66f7d7fc000000001d0325c3,图文笔记,"67eb97e85d35ce0001a96c29,67f62ea104afe30001b8d8ed",智R托管-达人合集-AGXI-定向-10.22-达人直投,150130543,2025-10-22 08:58:56,0.00,0,0,0.0%,0.0,0.0,0,0.00,0.0,0,0,0.0,0,0,0.0,0,0.0,0,0.0,0,0.0,0,0.0,0,0.0,0,0.0,0,0.0,0,0.0,0,0.0,0.00,0.0,0,0,0
2657377246,智R托管-奥斯卡奖获得者-AGXI-定向-10.22-达人直投,被计划暂停,审核通过,通投,商品7日总下单ROI,笔记（商品组件）,68e773fc0000000005033701,60335461000000000100538d,图文笔记,"67eb97e85d35ce0001a96c29,67f62ea104afe30001b8d8ed",智R托管-达人合集-AGXI-定向-10.22-达人直投,150130543,2025-10-22 08:58:56,0.00,0,0,0.0%,0.0,0.0,0,0.00,0.0,0,0,0.0,0,0,0.0,0,0.0,0,0.0,0,0.0,0,0.0,0,0.0,0,0.0,0,0.0,0,0.0,0,0.0,0.00,0.0,0,0,0
2657377245,智R托管-小咕噜-AGXI-定向-10.22-达人直投,被计划暂停,审核通过,通投,商品7日总下单ROI,笔记（商品组件）,68ecaa4f0000000005013898,67257f40000000001d02cc94,图文笔记,"67eb97e85d35ce0001a96c29,67f62ea104afe30001b8d8ed",智R托管-达人合集-AGXI-定向-10.22-达人直投,150130543,2025-10-22 08:58:56,0.00,0,0,0.0%,0.0,0.0,0,0.00,0.0,0,0,0.0,0,0,0.0,0,0.0,0,0.0,0,0.0,0,0.0,0,0.0,0,0.0,0,0.0,0,0.0,0,0.0,0.00,0.0,0,0,0
2657377244,智R托管-巴啦啦小富婆-AGXI-定向-10.22-达人直投,暂停,审核通过,通投,商品7日总下单ROI,笔记（商品组件）,68be970c000000001b03d32d,64c1137c00000000140391f3,图文笔记,"67eb97e85d35ce0001a96c29,67f62ea104afe30001b8d8ed",智R托管-达人合集-AGXI-定向-10.22-达人直投,150130543,2025-10-22 08:58:56,0.00,0,0,0.0%,0.0,0.0,0,0.00,0.0,0,0,0.0,0,0,0.0,0,0.0,0,0.0,0,0.0,0,0.0,0,0.0,0,0.0,0,0.0,0,0.0,0,0.0,0.00,0.0,0,0,0
2657377243,智R托管-应阿姨喜欢买买买-AGXI-定向-10.22-达人直投,被计划暂停,审核通过,通投,商品7日总下单ROI,笔记（商品组件）,68bea53b000000001d00a189,5fb2a8be000000000101f3b3,图文笔记,"67eb97e85d35ce0001a96c29,67f62ea104afe30001b8d8ed",智R托管-达人合集-AGXI-定向-10.22-达人直投,150130543,2025-10-22 08:58:56,0.00,0,0,0.0%,0.0,0.0,0,0.00,0.0,0,0,0.0,0,0,0.0,0,0.0,0,0.0,0,0.0,0,0.0,0,0.0,0,0.0,0,0.0,0,0.0,0,0.0,0.00,0.0,0,0,0
2657377242,智R托管-米宝米宝-AGXI-定向-10.22-达人直投,被计划暂停,审核通过,通投,商品7日总下单ROI,笔记（商品组件）,68a43cee000000001d01fb1c,61d32fa2000000001000a3cb,图文笔记,"67eb97e85d35ce0001a96c29,67f62ea104afe30001b8d8ed",智R托管-达人合集-AGXI-定向-10.22-达人直投,150130543,2025-10-22 08:58:56,0.00,0,0,0.0%,0.0,0.0,0,0.00,0.0,0,0,0.0,0,0,0.0,0,0.0,0,0.0,0,0.0,0,0.0,0,0.0,0,0.0,0,0.0,0,0.0,0,0.0,0.00,0.0,0,0,0
2657377241,智R托管-菲菲小学姐-AGXI-定向-10.22-达人直投,被计划暂停,审核通过,通投,商品7日总下单ROI,笔记（商品组件）,68a58c65000000001d02b5fd,5ca71605000000001702a58e,图文笔记,"67eb97e85d35ce0001a96c29,67f62ea104afe30001b8d8ed",智R托管-达人合集-AGXI-定向-10.22-达人直投,150130543,2025-10-22 08:58:56,0.00,0,0,0.0%,0.0,0.0,0,0.00,0.0,0,0,0.0,0,0,0.0,0,0.0,0,0.0,0,0.0,0,0.0,0,0.0,0,0.0,0,0.0,0,0.0,0,0.0,0.00,0.0,0,0,0
2648006406,智R托管-wenyouuu-光感白肌饮-系统-10.21-达人直投,被计划暂停,审核通过,通投,商品7日总下单ROI,笔记（商品组件）,68d3aa6e000000001101c19f,5c94df6e0000000010011668,视频笔记,"67bd86679759260001a41644,67bd894629b9f70001b66fed",智R托管-视频合集-光感白肌饮-系统-10.21-达人直投,149820763,2025-10-21 10:14:53,0.00,0,0,0.0%,0.0,0.0,0,0.00,0.0,0,0,0.0,0,0,0.0,0,0.0,0,0.0,0,0.0,0,0.0,0,0.0,0,0.0,0,0.0,0,0.0,0,0.0,0.00,0.0,0,0,0
2648006405,智R托管-番茄肥牛卷-光感白肌饮-系统-10.21-达人直投,被计划暂停,审核拒绝,通投,商品7日总下单ROI,笔记（商品组件）,68d11abc0000000013009d96,611b4f15000000000101e0df,视频笔记,"67bd86679759260001a41644,67bd894629b9f70001b66fed",智R托管-视频合集-光感白肌饮-系统-10.21-达人直投,149820763,2025-10-21 10:14:53,0.00,0,0,0.0%,0.0,0.0,0,0.00,0.0,0,0,0.0,0,0,0.0,0,0.0,0,0.0,0,0.0,0,0.0,0,0.0,0,0.0,0,0.0,0,0.0,0,0.0,0.00,0.0,0,0,0
2648039962,智R托管-张馨予24-AGXI-定向-10.21,暂停,审核通过,通投,商品7日总下单ROI,笔记（商品组件）,68ea00c3000000000402bba1,59cde3b9db2e6029a99da214,图文笔记,"67eb97e85d35ce0001a96c29,67f62e4eec137400010dc1cb,67f62ea104afe30001b8d8ed",智R托管-张馨予24-AGXI-定向-10.21,149820535,2025-10-21 10:09:44,0.00,0,0,0.0%,0.0,0.0,0,0.00,0.0,0,0,0.0,0,0,0.0,0,0.0,0,0.0,0,0.0,0,0.0,0,0.0,0,0.0,0,0.0,0,0.0,0,0.0,0.00,0.0,0,0,0
2635812449,智R托管-张馨予4-AGXI-系统-10.19,暂停,审核通过,通投,商品7日总下单ROI,笔记（商品组件）,689d3e2d000000001b03734c,59cde3b9db2e6029a99da214,视频笔记,"67eb97e85d35ce0001a96c29,67f62ea104afe30001b8d8ed",智R托管-张馨予4-AGXI-系统-10.19,149469737,2025-10-19 23:07:22,0.00,0,0,0.0%,0.0,0.0,0,0.00,0.0,0,0,0.0,0,0,0.0,0,0.0,0,0.0,0,0.0,0,0.0,0,0.0,0,0.0,0,0.0,0,0.0,0,0.0,0.00,0.0,0,0,0
2596654256,智R托管-张馨予4-AGXI-系统-10.15,暂停,审核通过,通投,商品7日总下单ROI,笔记（商品组件）,689d3e2d000000001b03734c,59cde3b9db2e6029a99da214,视频笔记,"67eb97e85d35ce0001a96c29,67f62ea104afe30001b8d8ed",智R托管-张馨予合集-AGXI-系统-10.15,148391477,2025-10-15 14:09:34,0.00,0,0,0.0%,0.0,0.0,0,0.00,0.0,0,0,0.0,0,0,0.0,0,0.0,0,0.0,0,0.0,0,0.0,0,0.0,0,0.0,0,0.0,0,0.0,0,0.0,0.00,0.0,0,0,0
2596654255,智R托管-张馨予22-AGXI-系统-10.15,暂停,审核拒绝,通投,商品7日总下单ROI,笔记（商品组件）,68dbaa6700000000040228b8,59cde3b9db2e6029a99da214,视频笔记,"67eb97e85d35ce0001a96c29,67f62ea104afe30001b8d8ed",智R托管-张馨予合集-AGXI-系统-10.15,148391477,2025-10-15 14:09:34,0.00,0,0,0.0%,0.0,0.0,0,0.00,0.0,0,0,0.0,0,0,0.0,0,0.0,0,0.0,0,0.0,0,0.0,0,0.0,0,0.0,0,0.0,0,0.0,0,0.0,0.00,0.0,0,0,0
2586814452,智R托管-全新升-光感白肌饮-系统-10.14,被计划暂停,审核通过,通投,商品7日总下单ROI,笔记（商品组件）,68a2c3ba000000001c004c01,59cde3b9db2e6029a99da214,图文笔记,"67bd86679759260001a41644,67bd894629b9f70001b66fed",智R托管-合集-光感白肌饮-系统-10.14,148132880,2025-10-14 14:50:14,0.00,0,0,0.0%,0.0,0.0,0,0.00,0.0,0,0,0.0,0,0,0.0,0,0.0,0,0.0,0,0.0,0,0.0,0,0.0,0,0.0,0,0.0,0,0.0,0,0.0,0.00,0.0,0,0,0
2586814451,智R托管-饮凭实-光感白肌饮-系统-10.14,暂停,审核通过,通投,商品7日总下单ROI,笔记（商品组件）,67ac40e0000000001800dd1a,59cde3b9db2e6029a99da214,图文笔记,"67bd86679759260001a41644,67bd894629b9f70001b66fed",智R托管-合集-光感白肌饮-系统-10.14,148132880,2025-10-14 14:50:14,0.00,0,0,0.0%,0.0,0.0,0,0.00,0.0,0,0,0.0,0,0,0.0,0,0.0,0,0.0,0,0.0,0,0.0,0,0.0,0,0.0,0,0.0,0,0.0,0,0.0,0.00,0.0,0,0,0
2586814450,智R托管-尴尬素-光感白肌饮-系统-10.14,被计划暂停,审核通过,通投,商品7日总下单ROI,笔记（商品组件）,682fd4ce0000000022025ad6,59cde3b9db2e6029a99da214,图文笔记,"67bd86679759260001a41644,67bd894629b9f70001b66fed",智R托管-合集-光感白肌饮-系统-10.14,148132880,2025-10-14 14:50:14,0.00,0,0,0.0%,0.0,0.0,0,0.00,0.0,0,0,0.0,0,0,0.0,0,0.0,0,0.0,0,0.0,0,0.0,0,0.0,0,0.0,0,0.0,0,0.0,0,0.0,0.00,0.0,0,0,0
2584450933,智R托管-龄觉醒-御三家-系统-10.14,暂停,审核通过,通投,商品7日总下单ROI,笔记（商品组件）,68cd00dd000000000702b7a9,59cde3b9db2e6029a99da214,视频笔记,"68a595d130bf8c0001e0f7ed,67a96f5af4fe140001803e33,68a59525d3dd4d00012b6c02,67f62ea104afe30001b8d8ed",智R托管-龄觉醒-御三家-系统-10.14,148071921,2025-10-14 09:47:49,0.00,0,0,0.0%,0.0,0.0,0,0.00,0.0,0,0,0.0,0,0,0.0,0,0.0,0,0.0,0,0.0,0,0.0,0,0.0,0,0.0,0,0.0,0,0.0,0,0.0,0.00,0.0,0,0,0
2579383467,智R托管-姜不梨-AGXI-定向-10.13-达人直投-复投,暂停,审核通过,通投,商品7日总下单ROI,笔记（商品组件）,68b5711a000000001d0110ec,659f5b91000000002001e979,图文笔记,"67eb97e85d35ce0001a96c29,67f62ea104afe30001b8d8ed",智R托管-达人合集-AGXI-定向-10.13-达人直投-复投,147950067,2025-10-13 17:58:28,0.00,0,0,0.0%,0.0,0.0,0,0.00,0.0,0,0,0.0,0,0,0.0,0,0.0,0,0.0,0,0.0,0,0.0,0,0.0,0,0.0,0,0.0,0,0.0,0,0.0,0.00,0.0,0,0,0
2579383466,智R托管-奶油糖糖-AGXI-定向-10.13-达人直投-复投,暂停,审核通过,通投,商品7日总下单ROI,笔记（商品组件）,68ad8070000000001b03db27,5c52a08100000000100133f5,图文笔记,"67eb97e85d35ce0001a96c29,67f62ea104afe30001b8d8ed",智R托管-达人合集-AGXI-定向-10.13-达人直投-复投,147950067,2025-10-13 17:58:28,0.00,0,0,0.0%,0.0,0.0,0,0.00,0.0,0,0,0.0,0,0,0.0,0,0.0,0,0.0,0,0.0,0,0.0,0,0.0,0,0.0,0,0.0,0,0.0,0,0.0,0.00,0.0,0,0,0
2579383465,智R托管-巴啦啦小富婆-AGXI-定向-10.13-达人直投-复投,暂停,审核通过,通投,商品7日总下单ROI,笔记（商品组件）,68be970c000000001b03d32d,64c1137c00000000140391f3,图文笔记,"67eb97e85d35ce0001a96c29,67f62ea104afe30001b8d8ed",智R托管-达人合集-AGXI-定向-10.13-达人直投-复投,147950067,2025-10-13 17:58:28,0.00,0,0,0.0%,0.0,0.0,0,0.00,0.0,0,0,0.0,0,0,0.0,0,0.0,0,0.0,0,0.0,0,0.0,0,0.0,0,0.0,0,0.0,0,0.0,0,0.0,0.00,0.0,0,0,0
2577226673,智R托管-年才懂-AGXI-系统-10.13,被计划暂停,审核通过,通投,商品7日总下单ROI,笔记（商品组件）,685bb0b200000000200192b3,59cde3b9db2e6029a99da214,视频笔记,"67f62ea104afe30001b8d8ed,67eb97e85d35ce0001a96c29,67f62e4eec137400010dc1cb",智R托管-潜力合集-AGXI-系统-10.13,147856445,2025-10-13 13:49:42,0.00,0,0,0.0%,0.0,0.0,0,0.00,0.0,0,0,0.0,0,0,0.0,0,0.0,0,0.0,0,0.0,0,0.0,0,0.0,0,0.0,0,0.0,0,0.0,0,0.0,0.00,0.0,0,0,0
2577226672,智R托管-私藏抗糖-AGXI-系统-10.13,暂停,审核通过,通投,商品7日总下单ROI,笔记（商品组件）,6864a3b8000000002203f6c0,59cde3b9db2e6029a99da214,视频笔记,"67eb97e85d35ce0001a96c29,67f62e4eec137400010dc1cb,67f62ea104afe30001b8d8ed",智R托管-潜力合集-AGXI-系统-10.13,147856445,2025-10-13 13:49:42,0.00,0,0,0.0%,0.0,0.0,0,0.00,0.0,0,0,0.0,0,0,0.0,0,0.0,0,0.0,0,0.0,0,0.0,0,0.0,0,0.0,0,0.0,0,0.0,0,0.0,0.00,0.0,0,0,0
2567787961,智R托管-底牌肌-塑颜饮-系统-10.12,被计划暂停,审核通过,通投,商品7日总下单ROI,笔记（商品组件）,68ca8531000000000b013d8a,59cde3b9db2e6029a99da214,视频笔记,"68a59525d3dd4d00012b6c02,68a5957036ab3b00019db5de",智R托管-合集-塑颜饮-系统-10.12,147674910,2025-10-12 11:28:08,0.00,0,0,0.0%,0.0,0.0,0,0.00,0.0,0,0,0.0,0,0,0.0,0,0.0,0,0.0,0,0.0,0,0.0,0,0.0,0,0.0,0,0.0,0,0.0,0,0.0,0.00,0.0,0,0,0
2567787960,智R托管-遇到它-塑颜饮-系统-10.12,被计划暂停,审核通过,通投,商品7日总下单ROI,笔记（商品组件）,68c3abd4000000001c004000,59cde3b9db2e6029a99da214,视频笔记,"68a59525d3dd4d00012b6c02,68a5957036ab3b00019db5de",智R托管-合集-塑颜饮-系统-10.12,147674910,2025-10-12 11:28:08,0.00,0,0,0.0%,0.0,0.0,0,0.00,0.0,0,0,0.0,0,0,0.0,0,0.0,0,0.0,0,0.0,0,0.0,0,0.0,0,0.0,0,0.0,0,0.0,0,0.0,0.00,0.0,0,0,0
2567787959,智R托管-让我素-塑颜饮-系统-10.12-转载,暂停,审核通过,通投,商品7日总下单ROI,笔记（商品组件）,68c92b4e0000000011017336,59cde3b9db2e6029a99da214,图文笔记,"68a59525d3dd4d00012b6c02,68a5957036ab3b00019db5de",智R托管-合集-塑颜饮-系统-10.12,147674910,2025-10-12 11:28:08,0.00,0,0,0.0%,0.0,0.0,0,0.00,0.0,0,0,0.0,0,0,0.0,0,0.0,0,0.0,0,0.0,0,0.0,0,0.0,0,0.0,0,0.0,0,0.0,0,0.0,0.00,0.0,0,0,0
2567787958,智R托管-解锁真-塑颜饮-系统-10.12,暂停,审核通过,通投,商品7日总下单ROI,笔记（商品组件）,68e861600000000004029d0b,59cde3b9db2e6029a99da214,图文笔记,"68a59525d3dd4d00012b6c02,68a5957036ab3b00019db5de",智R托管-合集-塑颜饮-系统-10.12,147674910,2025-10-12 11:28:08,0.00,0,0,0.0%,0.0,0.0,0,0.00,0.0,0,0,0.0,0,0,0.0,0,0.0,0,0.0,0,0.0,0,0.0,0,0.0,0,0.0,0,0.0,0,0.0,0,0.0,0.00,0.0,0,0,0
2567928723,智R托管-还你胶-塑颜饮-系统-10.12,暂停,审核通过,通投,商品7日总下单ROI,笔记（商品组件）,68a52e3f000000001c031963,59cde3b9db2e6029a99da214,图文笔记,"68a594b62eb6de000174964c,68a59525d3dd4d00012b6c02,68a5957036ab3b00019db5de",智R托管-还你胶-塑颜饮-系统-10.12,147653948,2025-10-12 11:22:51,0.00,0,0,0.0%,0.0,0.0,0,0.00,0.0,0,0,0.0,0,0,0.0,0,0.0,0,0.0,0,0.0,0,0.0,0,0.0,0,0.0,0,0.0,0,0.0,0,0.0,0.00,0.0,0,0,0
2549628015,智R托管-wenyouuu-光感白肌饮-系统-10.10-达人直投,暂停,审核通过,通投,商品7日总下单ROI,笔记（商品组件）,68d3aa6e000000001101c19f,5c94df6e0000000010011668,视频笔记,"67bd86679759260001a41644,67bd894629b9f70001b66fed",智R托管-视频合集-光感白肌饮-系统-10.10-达人直投,147161915,2025-10-10 11:31:21,0.00,0,0,0.0%,0.0,0.0,0,0.00,0.0,0,0,0.0,0,0,0.0,0,0.0,0,0.0,0,0.0,0,0.0,0,0.0,0,0.0,0,0.0,0,0.0,0,0.0,0.00,0.0,0,0,0
2549628014,智R托管-番茄肥牛卷-光感白肌饮-系统-10.10-达人直投,被计划暂停,审核拒绝,通投,商品7日总下单ROI,笔记（商品组件）,68d11abc0000000013009d96,611b4f15000000000101e0df,视频笔记,"67bd86679759260001a41644,67bd894629b9f70001b66fed",智R托管-视频合集-光感白肌饮-系统-10.10-达人直投,147161915,2025-10-10 11:31:21,0.00,0,0,0.0%,0.0,0.0,0,0.00,0.0,0,0,0.0,0,0,0.0,0,0.0,0,0.0,0,0.0,0,0.0,0,0.0,0,0.0,0,0.0,0,0.0,0,0.0,0.00,0.0,0,0,0
2549628013,智R托管-malian-光感白肌饮-系统-10.10-达人直投,被计划暂停,审核拒绝,通投,商品7日总下单ROI,笔记（商品组件）,68c1314c000000001c03f65f,60c1fd81000000000100b2fd,视频笔记,"67bd86679759260001a41644,67bd894629b9f70001b66fed",智R托管-视频合集-光感白肌饮-系统-10.10-达人直投,147161915,2025-10-10 11:31:21,0.00,0,0,0.0%,0.0,0.0,0,0.00,0.0,0,0,0.0,0,0,0.0,0,0.0,0,0.0,0,0.0,0,0.0,0,0.0,0,0.0,0,0.0,0,0.0,0,0.0,0.00,0.0,0,0,0
2549359419,智R托管-富贵爱丽丝-光感白肌饮-系统-10.10-达人直投,被计划暂停,审核通过,通投,商品7日总下单ROI,笔记（商品组件）,68c8d076000000001d035026,652f849c000000002a019316,图文笔记,"67bd86679759260001a41644,67bd894629b9f70001b66fed",智R托管-图文合集-光感白肌饮-系统-10.10-达人直投,147150664,2025-10-10 11:27:54,0.00,0,0,0.0%,0.0,0.0,0,0.00,0.0,0,0,0.0,0,0,0.0,0,0.0,0,0.0,0,0.0,0,0.0,0,0.0,0,0.0,0,0.0,0,0.0,0,0.0,0.00,0.0,0,0,0
2549359418,智R托管-知知不知啊-光感白肌饮-系统-10.10-达人直投,被计划暂停,审核通过,通投,商品7日总下单ROI,笔记（商品组件）,68c0ec54000000001b03e0b1,5ed8cc320000000001002543,图文笔记,"67bd86679759260001a41644,67bd894629b9f70001b66fed",智R托管-图文合集-光感白肌饮-系统-10.10-达人直投,147150664,2025-10-10 11:27:54,0.00,0,0,0.0%,0.0,0.0,0,0.00,0.0,0,0,0.0,0,0,0.0,0,0.0,0,0.0,0,0.0,0,0.0,0,0.0,0,0.0,0,0.0,0,0.0,0,0.0,0.00,0.0,0,0,0
2549359417,智R托管-顽主大人-光感白肌饮-系统-10.10-达人直投,暂停,审核通过,通投,商品7日总下单ROI,笔记（商品组件）,68bffd01000000001d02f8e7,5c533540000000001002766c,图文笔记,"67bd86679759260001a41644,67bd894629b9f70001b66fed",智R托管-图文合集-光感白肌饮-系统-10.10-达人直投,147150664,2025-10-10 11:27:54,0.00,0,0,0.0%,0.0,0.0,0,0.00,0.0,0,0,0.0,0,0,0.0,0,0.0,0,0.0,0,0.0,0,0.0,0,0.0,0,0.0,0,0.0,0,0.0,0,0.0,0.00,0.0,0,0,0
2549359416,智R托管-一个发疯的美女-光感白肌饮-系统-10.10-达人直投,被计划暂停,审核通过,通投,商品7日总下单ROI,笔记（商品组件）,68b16686000000001d020951,64f1f2050000000004025a6d,图文笔记,"67bd86679759260001a41644,67bd894629b9f70001b66fed",智R托管-图文合集-光感白肌饮-系统-10.10-达人直投,147150664,2025-10-10 11:27:54,0.00,0,0,0.0%,0.0,0.0,0,0.00,0.0,0,0,0.0,0,0,0.0,0,0.0,0,0.0,0,0.0,0,0.0,0,0.0,0,0.0,0,0.0,0,0.0,0,0.0,0.00,0.0,0,0,0
2549359415,智R托管-瑶瑶_Jenny-光感白肌饮-系统-10.10-达人直投,被计划暂停,审核通过,通投,商品7日总下单ROI,笔记（商品组件）,68b6654a000000001c01109a,60c6250200000000010056a9,图文笔记,"67bd86679759260001a41644,67bd894629b9f70001b66fed",智R托管-图文合集-光感白肌饮-系统-10.10-达人直投,147150664,2025-10-10 11:27:54,0.00,0,0,0.0%,0.0,0.0,0,0.00,0.0,0,0,0.0,0,0,0.0,0,0.0,0,0.0,0,0.0,0,0.0,0,0.0,0,0.0,0,0.0,0,0.0,0,0.0,0.00,0.0,0,0,0
2549359414,智R托管-烤个烤红薯呀-光感白肌饮-系统-10.10-达人直投,被计划暂停,审核通过,通投,商品7日总下单ROI,笔记（商品组件）,68b55ad5000000001d01d10f,5b9912507b464a0001da22cc,图文笔记,"67bd86679759260001a41644,67bd894629b9f70001b66fed",智R托管-图文合集-光感白肌饮-系统-10.10-达人直投,147150664,2025-10-10 11:27:54,0.00,0,0,0.0%,0.0,0.0,0,0.00,0.0,0,0,0.0,0,0,0.0,0,0.0,0,0.0,0,0.0,0,0.0,0,0.0,0,0.0,0,0.0,0,0.0,0,0.0,0.00,0.0,0,0,0
2542843400,智R托管-一根萝萝-光感白肌饮-定向-10.9-达人直投-手持-美白人群,暂停,审核通过,通投,商品7日总下单ROI,笔记（商品组件）,68b66e5e000000001d0051df,6677bb820000000007004164,视频笔记,"67bd86679759260001a41644,67a96f5af4fe140001803e33,67bd894629b9f70001b66fed",智R托管-达人合集-光感白肌饮-定向-10.9-达人直投-手持-美白人群,146981630,2025-10-09 16:40:53,0.00,0,0,0.0%,0.0,0.0,0,0.00,0.0,0,0,0.0,0,0,0.0,0,0.0,0,0.0,0,0.0,0,0.0,0,0.0,0,0.0,0,0.0,0,0.0,0,0.0,0.00,0.0,0,0,0
2542843399,智R托管-麦辣鸡大小姐-光感白肌饮-定向-10.9-达人直投-手持-美白人群,被计划暂停,审核通过,通投,商品7日总下单ROI,笔记（商品组件）,68b4355a000000001b0234b2,670bbb5f000000001d023e97,图文笔记,"67bd86679759260001a41644,67a96f5af4fe140001803e33,67bd894629b9f70001b66fed",智R托管-达人合集-光感白肌饮-定向-10.9-达人直投-手持-美白人群,146981630,2025-10-09 16:40:53,0.00,0,0,0.0%,0.0,0.0,0,0.00,0.0,0,0,0.0,0,0,0.0,0,0.0,0,0.0,0,0.0,0,0.0,0,0.0,0,0.0,0,0.0,0,0.0,0,0.0,0.00,0.0,0,0,0
2542537763,智R托管-张馨予直投-AGXI-系统-10.9-达人直投,暂停,审核通过,通投,商品7日总下单ROI,笔记（商品组件）,689574cf000000002500fa7d,5a81264a11be10430386470d,视频笔记,"67eb97e85d35ce0001a96c29,67f62ea104afe30001b8d8ed",智R托管-张馨予直投-AGXI-系统-10.9-达人直投,146981268,2025-10-09 16:34:53,0.00,0,0,0.0%,0.0,0.0,0,0.00,0.0,0,0,0.0,0,0,0.0,0,0.0,0,0.0,0,0.0,0,0.0,0,0.0,0,0.0,0,0.0,0,0.0,0,0.0,0.00,0.0,0,0,0
2542536744,智R托管-修熟龄-新X白-系统-10.9,暂停,审核通过,通投,商品7日总下单ROI,笔记（商品组件）,68ba33fe000000001b01c7ab,59cde3b9db2e6029a99da214,视频笔记,"67f6247db2c30c00015cbc5d,6858efa562560900014a4305,67eb97e85d35ce0001a96c29,67bd86679759260001a41644",智R托管-合集-新X白-系统-10.9,146981207,2025-10-09 16:34:07,0.00,0,0,0.0%,0.0,0.0,0,0.00,0.0,0,0,0.0,0,0,0.0,0,0.0,0,0.0,0,0.0,0,0.0,0,0.0,0,0.0,0,0.0,0,0.0,0,0.0,0.00,0.0,0,0,0
2542536743,智R托管-稳稳稳-新X白-系统-10.9,暂停,审核通过,通投,商品7日总下单ROI,笔记（商品组件）,6865ed1a0000000022033186,59cde3b9db2e6029a99da214,图文笔记,"67f6247db2c30c00015cbc5d,6858efa562560900014a4305,67eb97e85d35ce0001a96c29,67bd86679759260001a41644",智R托管-合集-新X白-系统-10.9,146981207,2025-10-09 16:34:07,0.00,0,0,0.0%,0.0,0.0,0,0.00,0.0,0,0,0.0,0,0,0.0,0,0.0,0,0.0,0,0.0,0,0.0,0,0.0,0,0.0,0,0.0,0,0.0,0,0.0,0.00,0.0,0,0,0
2542536742,智R托管-原相机-新X白-系统-10.9,暂停,审核通过,通投,商品7日总下单ROI,笔记（商品组件）,68a6b9d4000000001b03588f,59cde3b9db2e6029a99da214,图文笔记,"67f6247db2c30c00015cbc5d,6858efa562560900014a4305,67eb97e85d35ce0001a96c29,67bd86679759260001a41644",智R托管-合集-新X白-系统-10.9,146981207,2025-10-09 16:34:07,0.00,0,0,0.0%,0.0,0.0,0,0.00,0.0,0,0,0.0,0,0,0.0,0,0.0,0,0.0,0,0.0,0,0.0,0,0.0,0,0.0,0,0.0,0,0.0,0,0.0,0.00,0.0,0,0,0
2542536741,智R托管-高阶玩家-新X白-系统-10.9,暂停,审核通过,通投,商品7日总下单ROI,笔记（商品组件）,680058f8000000001d038321,59cde3b9db2e6029a99da214,图文笔记,"67f6247db2c30c00015cbc5d,6858efa562560900014a4305,67eb97e85d35ce0001a96c29,67bd86679759260001a41644",智R托管-合集-新X白-系统-10.9,146981207,2025-10-09 16:34:07,0.00,0,0,0.0%,0.0,0.0,0,0.00,0.0,0,0,0.0,0,0,0.0,0,0.0,0,0.0,0,0.0,0,0.0,0,0.0,0,0.0,0,0.0,0,0.0,0,0.0,0.00,0.0,0,0,0
2542536740,智R托管-实现大-新X白-系统-10.9,暂停,审核通过,通投,商品7日总下单ROI,笔记（商品组件）,67ecf570000000001b03db8b,59cde3b9db2e6029a99da214,图文笔记,"67f6247db2c30c00015cbc5d,6858efa562560900014a4305,67eb97e85d35ce0001a96c29,67bd86679759260001a41644",智R托管-合集-新X白-系统-10.9,146981207,2025-10-09 16:34:07,0.00,0,0,0.0%,0.0,0.0,0,0.00,0.0,0,0,0.0,0,0,0.0,0,0.0,0,0.0,0,0.0,0,0.0,0,0.0,0,0.0,0,0.0,0,0.0,0,0.0,0.00,0.0,0,0,0
2540433515,智R托管-米奇秒秒屋-光感白肌饮-系统-10.9-达人直投-手po,被计划暂停,审核通过,通投,商品7日总下单ROI,笔记（商品组件）,68b65ad5000000001c00eb07,5ea3f7fe0000000001001380,图文笔记,"67bd86679759260001a41644,67bd894629b9f70001b66fed",智R托管-达人合集-光感白肌饮-系统-10.9-达人直投-手po,146916826,2025-10-09 12:03:49,0.00,0,0,0.0%,0.0,0.0,0,0.00,0.0,0,0,0.0,0,0,0.0,0,0.0,0,0.0,0,0.0,0,0.0,0,0.0,0,0.0,0,0.0,0,0.0,0,0.0,0.00,0.0,0,0,0
2540433514,智R托管-doro欧润吉-光感白肌饮-系统-10.9-达人直投-手po,被计划暂停,审核通过,通投,商品7日总下单ROI,笔记（商品组件）,68ac27c6000000001d00b307,672981f9000000001d02d89c,图文笔记,"67bd86679759260001a41644,67bd894629b9f70001b66fed",智R托管-达人合集-光感白肌饮-系统-10.9-达人直投-手po,146916826,2025-10-09 12:03:49,0.00,0,0,0.0%,0.0,0.0,0,0.00,0.0,0,0,0.0,0,0,0.0,0,0.0,0,0.0,0,0.0,0,0.0,0,0.0,0,0.0,0,0.0,0,0.0,0,0.0,0.00,0.0,0,0,0
2540433513,智R托管-Mango酱酱-光感白肌饮-系统-10.9-达人直投-手po,被计划暂停,审核通过,通投,商品7日总下单ROI,笔记（商品组件）,68b51a5d000000001d01b784,595ef84782ec397d71103da5,图文笔记,"67bd86679759260001a41644,67bd894629b9f70001b66fed",智R托管-达人合集-光感白肌饮-系统-10.9-达人直投-手po,146916826,2025-10-09 12:03:49,0.00,0,0,0.0%,0.0,0.0,0,0.00,0.0,0,0,0.0,0,0,0.0,0,0.0,0,0.0,0,0.0,0,0.0,0,0.0,0,0.0,0,0.0,0,0.0,0,0.0,0.00,0.0,0,0,0
2540433512,智R托管-三口一个月亮-光感白肌饮-系统-10.9-达人直投-手po,被计划暂停,审核通过,通投,商品7日总下单ROI,笔记（商品组件）,68b5378a000000001c00dc46,600ae844000000000100a723,图文笔记,"67bd86679759260001a41644,67bd894629b9f70001b66fed",智R托管-达人合集-光感白肌饮-系统-10.9-达人直投-手po,146916826,2025-10-09 12:03:49,0.00,0,0,0.0%,0.0,0.0,0,0.00,0.0,0,0,0.0,0,0,0.0,0,0.0,0,0.0,0,0.0,0,0.0,0,0.0,0,0.0,0,0.0,0,0.0,0,0.0,0.00,0.0,0,0,0
2540433511,智R托管-富贵发财猪-光感白肌饮-系统-10.9-达人直投-手po,被计划暂停,审核拒绝,通投,商品7日总下单ROI,笔记（商品组件）,68b14f19000000001c00e383,66d173f6000000001d021e53,图文笔记,"67bd86679759260001a41644,67bd894629b9f70001b66fed",智R托管-达人合集-光感白肌饮-系统-10.9-达人直投-手po,146916826,2025-10-09 12:03:49,0.00,0,0,0.0%,0.0,0.0,0,0.00,0.0,0,0,0.0,0,0,0.0,0,0.0,0,0.0,0,0.0,0,0.0,0,0.0,0,0.0,0,0.0,0,0.0,0,0.0,0.00,0.0,0,0,0
2540584489,智R托管-姜不梨-AGXI-定向-10.9-达人直投,暂停,审核通过,通投,商品7日总下单ROI,笔记（商品组件）,68b5711a000000001d0110ec,659f5b91000000002001e979,图文笔记,"67eb97e85d35ce0001a96c29,67f62ea104afe30001b8d8ed",智R托管-达人合集-AGXI-定向-10.9-达人直投,146916551,2025-10-09 11:55:41,0.00,0,0,0.0%,0.0,0.0,0,0.00,0.0,0,0,0.0,0,0,0.0,0,0.0,0,0.0,0,0.0,0,0.0,0,0.0,0,0.0,0,0.0,0,0.0,0,0.0,0.00,0.0,0,0,0
2540584488,智R托管-奶油糖糖-AGXI-定向-10.9-达人直投,暂停,审核通过,通投,商品7日总下单ROI,笔记（商品组件）,68ad8070000000001b03db27,5c52a08100000000100133f5,图文笔记,"67eb97e85d35ce0001a96c29,67f62ea104afe30001b8d8ed",智R托管-达人合集-AGXI-定向-10.9-达人直投,146916551,2025-10-09 11:55:41,0.00,0,0,0.0%,0.0,0.0,0,0.00,0.0,0,0,0.0,0,0,0.0,0,0.0,0,0.0,0,0.0,0,0.0,0,0.0,0,0.0,0,0.0,0,0.0,0,0.0,0.00,0.0,0,0,0
2540584487,智R托管-酷毙了-AGXI-定向-10.9-达人直投,暂停,审核通过,通投,商品7日总下单ROI,笔记（商品组件）,68a598d0000000001b01fae6,5947c85182ec397a64d7703c,图文笔记,"67eb97e85d35ce0001a96c29,67f62ea104afe30001b8d8ed",智R托管-达人合集-AGXI-定向-10.9-达人直投,146916551,2025-10-09 11:55:41,0.00,0,0,0.0%,0.0,0.0,0,0.00,0.0,0,0,0.0,0,0,0.0,0,0.0,0,0.0,0,0.0,0,0.0,0,0.0,0,0.0,0,0.0,0,0.0,0,0.0,0.00,0.0,0,0,0
2540584486,智R托管-巴啦啦小富婆-AGXI-定向-10.9-达人直投,暂停,审核通过,通投,商品7日总下单ROI,笔记（商品组件）,68be970c000000001b03d32d,64c1137c00000000140391f3,图文笔记,"67eb97e85d35ce0001a96c29,67f62ea104afe30001b8d8ed",智R托管-达人合集-AGXI-定向-10.9-达人直投,146916551,2025-10-09 11:55:41,0.00,0,0,0.0%,0.0,0.0,0,0.00,0.0,0,0,0.0,0,0,0.0,0,0.0,0,0.0,0,0.0,0,0.0,0,0.0,0,0.0,0,0.0,0,0.0,0,0.0,0.00,0.0,0,0,0
2532215724,智R托管-张馨予15-AGXI-定向-10.8,暂停,审核拒绝,通投,商品7日总下单ROI,笔记（商品组件）,68b8fb88000000001b0309a6,59cde3b9db2e6029a99da214,视频笔记,"67eb97e85d35ce0001a96c29,67f62e4eec137400010dc1cb,67f62ea104afe30001b8d8ed",智R托管-张馨予合集-AGXI-定向-10.8,146769320,2025-10-08 11:03:01,0.00,0,0,0.0%,0.0,0.0,0,0.00,0.0,0,0,0.0,0,0,0.0,0,0.0,0,0.0,0,0.0,0,0.0,0,0.0,0,0.0,0,0.0,0,0.0,0,0.0,0.00,0.0,0,0,0
2532215723,智R托管-张馨予10-AGXI-定向-10.8,暂停,审核通过,通投,商品7日总下单ROI,笔记（商品组件）,68afed4a000000001c00da0e,59cde3b9db2e6029a99da214,视频笔记,"67eb97e85d35ce0001a96c29,67f62e4eec137400010dc1cb,67f62ea104afe30001b8d8ed",智R托管-张馨予合集-AGXI-定向-10.8,146769320,2025-10-08 11:03:01,0.00,0,0,0.0%,0.0,0.0,0,0.00,0.0,0,0,0.0,0,0,0.0,0,0.0,0,0.0,0,0.0,0,0.0,0,0.0,0,0.0,0,0.0,0,0.0,0,0.0,0.00,0.0,0,0,0
2532215722,智R托管-张馨予14-AGXI-定向-10.8,被计划暂停,审核通过,通投,商品7日总下单ROI,笔记（商品组件）,68b9463f000000001c0107fb,59cde3b9db2e6029a99da214,视频笔记,"67eb97e85d35ce0001a96c29,67f62e4eec137400010dc1cb,67f62ea104afe30001b8d8ed",智R托管-张馨予合集-AGXI-定向-10.8,146769320,2025-10-08 11:03:01,0.00,0,0,0.0%,0.0,0.0,0,0.00,0.0,0,0,0.0,0,0,0.0,0,0.0,0,0.0,0,0.0,0,0.0,0,0.0,0,0.0,0,0.0,0,0.0,0,0.0,0.00,0.0,0,0,0
2511620260,智R托管-防御体系-AGXI-系统-10.5,暂停,审核通过,通投,商品7日总下单ROI,笔记（商品组件）,681096ca000000002200713a,59cde3b9db2e6029a99da214,图文笔记,"67eb97e85d35ce0001a96c29,67f62e4eec137400010dc1cb,67f62ea104afe30001b8d8ed",智R托管-防御体系-AGXI-系统-10.5,146450665,2025-10-05 09:52:20,0.00,0,0,0.0%,0.0,0.0,0,0.00,0.0,0,0,0.0,0,0,0.0,0,0.0,0,0.0,0,0.0,0,0.0,0,0.0,0,0.0,0,0.0,0,0.0,0,0.0,0.00,0.0,0,0,0
2501187249,智R托管-暗沉松-御三家-系统-10.3,暂停,审核通过,通投,商品7日总下单ROI,笔记（商品组件）,68d113740000000007028be8,59cde3b9db2e6029a99da214,视频笔记,"68a595d130bf8c0001e0f7ed,67a96f5af4fe140001803e33,68a59525d3dd4d00012b6c02,67f62ea104afe30001b8d8ed",智R托管-合集-御三家-系统-10.3,146259828,2025-10-03 20:49:12,0.00,0,0,0.0%,0.0,0.0,0,0.00,0.0,0,0,0.0,0,0,0.0,0,0.0,0,0.0,0,0.0,0,0.0,0,0.0,0,0.0,0,0.0,0,0.0,0,0.0,0.00,0.0,0,0,0
2501187248,智R托管-龄觉醒-御三家-系统-10.3,暂停,审核通过,通投,商品7日总下单ROI,笔记（商品组件）,68cd00dd000000000702b7a9,59cde3b9db2e6029a99da214,视频笔记,"68a595d130bf8c0001e0f7ed,67a96f5af4fe140001803e33,68a59525d3dd4d00012b6c02,67f62ea104afe30001b8d8ed",智R托管-合集-御三家-系统-10.3,146259828,2025-10-03 20:49:12,0.00,0,0,0.0%,0.0,0.0,0,0.00,0.0,0,0,0.0,0,0,0.0,0,0.0,0,0.0,0,0.0,0,0.0,0,0.0,0,0.0,0,0.0,0,0.0,0,0.0,0.00,0.0,0,0,0
2501187247,智R托管-太权威-御三家-系统-10.3,暂停,审核通过,通投,商品7日总下单ROI,笔记（商品组件）,68b1432d000000001b01f871,59cde3b9db2e6029a99da214,图文笔记,"68a595d130bf8c0001e0f7ed,67a96f5af4fe140001803e33,68a59525d3dd4d00012b6c02,67f62ea104afe30001b8d8ed",智R托管-合集-御三家-系统-10.3,146259828,2025-10-03 20:49:12,0.00,0,0,0.0%,0.0,0.0,0,0.00,0.0,0,0,0.0,0,0,0.0,0,0.0,0,0.0,0,0.0,0,0.0,0,0.0,0,0.0,0,0.0,0,0.0,0,0.0,0.00,0.0,0,0,0
2501187246,智R托管-黄又垮-御三家-系统-10.3,暂停,审核通过,通投,商品7日总下单ROI,笔记（商品组件）,68ccf1a30000000011014b87,59cde3b9db2e6029a99da214,图文笔记,"68a595d130bf8c0001e0f7ed,67a96f5af4fe140001803e33,68a59525d3dd4d00012b6c02,67f62ea104afe30001b8d8ed",智R托管-合集-御三家-系统-10.3,146259828,2025-10-03 20:49:12,0.00,0,0,0.0%,0.0,0.0,0,0.00,0.0,0,0,0.0,0,0,0.0,0,0.0,0,0.0,0,0.0,0,0.0,0,0.0,0,0.0,0,0.0,0,0.0,0,0.0,0.00,0.0,0,0,0
2501407381,智R托管-内服才-新X白-系统-10.3,被计划暂停,审核通过,通投,商品7日总下单ROI,笔记（商品组件）,68cccf0a000000000e025f40,59cde3b9db2e6029a99da214,视频笔记,"67f6247db2c30c00015cbc5d,6858efa562560900014a4305,67a96fff17cfa0000166a95f,67f62ea104afe30001b8d8ed",智R托管-合集-新X白-系统-10.3,146271014,2025-10-03 20:43:44,0.00,0,0,0.0%,0.0,0.0,0,0.00,0.0,0,0,0.0,0,0,0.0,0,0.0,0,0.0,0,0.0,0,0.0,0,0.0,0,0.0,0,0.0,0,0.0,0,0.0,0.00,0.0,0,0,0
2501407380,智R托管-双通路-新X白-系统-10.3,被计划暂停,审核通过,通投,商品7日总下单ROI,笔记（商品组件）,68d101e0000000001101c2be,59cde3b9db2e6029a99da214,视频笔记,"67f6247db2c30c00015cbc5d,6858efa562560900014a4305,67a96fff17cfa0000166a95f,67f62ea104afe30001b8d8ed",智R托管-合集-新X白-系统-10.3,146271014,2025-10-03 20:43:44,0.00,0,0,0.0%,0.0,0.0,0,0.00,0.0,0,0,0.0,0,0,0.0,0,0.0,0,0.0,0,0.0,0,0.0,0,0.0,0,0.0,0,0.0,0,0.0,0,0.0,0.00,0.0,0,0,0
2501407379,智R托管-焊脸上-新X白-系统-10.3,暂停,审核通过,通投,商品7日总下单ROI,笔记（商品组件）,68799b2b000000002203279d,59cde3b9db2e6029a99da214,视频笔记,"67f6247db2c30c00015cbc5d,6858efa562560900014a4305,67a96fff17cfa0000166a95f,67f62ea104afe30001b8d8ed",智R托管-合集-新X白-系统-10.3,146271014,2025-10-03 20:43:44,0.00,0,0,0.0%,0.0,0.0,0,0.00,0.0,0,0,0.0,0,0,0.0,0,0.0,0,0.0,0,0.0,0,0.0,0,0.0,0,0.0,0,0.0,0,0.0,0,0.0,0.00,0.0,0,0,0
2501407378,智R托管-原相机-新X白-系统-10.3,暂停,审核通过,通投,商品7日总下单ROI,笔记（商品组件）,68a6b9d4000000001b03588f,59cde3b9db2e6029a99da214,图文笔记,"67f6247db2c30c00015cbc5d,6858efa562560900014a4305,67a96fff17cfa0000166a95f,67f62ea104afe30001b8d8ed",智R托管-合集-新X白-系统-10.3,146271014,2025-10-03 20:43:44,0.00,0,0,0.0%,0.0,0.0,0,0.00,0.0,0,0,0.0,0,0,0.0,0,0.0,0,0.0,0,0.0,0,0.0,0,0.0,0,0.0,0,0.0,0,0.0,0,0.0,0.00,0.0,0,0,0
2501407377,智R托管-高阶玩家-新X白-系统-10.3,暂停,审核通过,通投,商品7日总下单ROI,笔记（商品组件）,680058f8000000001d038321,59cde3b9db2e6029a99da214,图文笔记,"67f6247db2c30c00015cbc5d,6858efa562560900014a4305,67a96fff17cfa0000166a95f,67f62ea104afe30001b8d8ed",智R托管-合集-新X白-系统-10.3,146271014,2025-10-03 20:43:44,0.00,0,0,0.0%,0.0,0.0,0,0.00,0.0,0,0,0.0,0,0,0.0,0,0.0,0,0.0,0,0.0,0,0.0,0,0.0,0,0.0,0,0.0,0,0.0,0,0.0,0.00,0.0,0,0,0
2501407376,智R托管-实现大-新X白-系统-10.3,暂停,审核通过,通投,商品7日总下单ROI,笔记（商品组件）,67ecf570000000001b03db8b,59cde3b9db2e6029a99da214,图文笔记,"67f6247db2c30c00015cbc5d,6858efa562560900014a4305,67a96fff17cfa0000166a95f,67f62ea104afe30001b8d8ed",智R托管-合集-新X白-系统-10.3,146271014,2025-10-03 20:43:44,0.00,0,0,0.0%,0.0,0.0,0,0.00,0.0,0,0,0.0,0,0,0.0,0,0.0,0,0.0,0,0.0,0,0.0,0,0.0,0,0.0,0,0.0,0,0.0,0,0.0,0.00,0.0,0,0,0
2501232104,智R托管-黄又垮-御三家-系统-10.3,暂停,审核通过,通投,商品7日总下单ROI,笔记（商品组件）,68ccf1a30000000011014b87,59cde3b9db2e6029a99da214,图文笔记,"68a595d130bf8c0001e0f7ed,67a96f5af4fe140001803e33,68a59525d3dd4d00012b6c02,67f62ea104afe30001b8d8ed",智R托管-黄又垮-御三家-系统-10.3,146259439,2025-10-03 20:13:19,0.00,0,0,0.0%,0.0,0.0,0,0.00,0.0,0,0,0.0,0,0,0.0,0,0.0,0,0.0,0,0.0,0,0.0,0,0.0,0,0.0,0,0.0,0,0.0,0,0.0,0.00,0.0,0,0,0
2441609461,智R托管-遍重启-新X白-系统-9.26,暂停,审核通过,通投,商品7日总下单ROI,笔记（商品组件）,6892c75d000000002302b629,59cde3b9db2e6029a99da214,图文笔记,"67f6247db2c30c00015cbc5d,67eb97e85d35ce0001a96c29,67a96f5af4fe140001803e33",智R托管-图文合集2-新X白-系统-9.26,144880559,2025-09-26 09:40:13,0.00,0,0,0.0%,0.0,0.0,0,0.00,0.0,0,0,0.0,0,0,0.0,0,0.0,0,0.0,0,0.0,0,0.0,0,0.0,0,0.0,0,0.0,0,0.0,0,0.0,0.00,0.0,0,0,0
2441609460,智R托管-选对了-新X白-系统-9.26,暂停,审核通过,通投,商品7日总下单ROI,笔记（商品组件）,68a82d8c000000001c00b108,59cde3b9db2e6029a99da214,视频笔记,"67eb97e85d35ce0001a96c29,67f6247db2c30c00015cbc5d",智R托管-图文合集2-新X白-系统-9.26,144880559,2025-09-26 09:40:13,0.00,0,0,0.0%,0.0,0.0,0,0.00,0.0,0,0,0.0,0,0,0.0,0,0.0,0,0.0,0,0.0,0,0.0,0,0.0,0,0.0,0,0.0,0,0.0,0,0.0,0.00,0.0,0,0,0
2436855596,智R托管-张馨予直投-AGXI-系统-9.25-达人直投,暂停,审核通过,通投,商品7日总下单ROI,笔记（商品组件）,689574cf000000002500fa7d,5a81264a11be10430386470d,视频笔记,"67eb97e85d35ce0001a96c29,67f62ea104afe30001b8d8ed",智R托管-张馨予直投-AGXI-系统-9.25-达人直投,144803171,2025-09-25 18:32:13,0.00,0,0,0.0%,0.0,0.0,0,0.00,0.0,0,0,0.0,0,0,0.0,0,0.0,0,0.0,0,0.0,0,0.0,0,0.0,0,0.0,0,0.0,0,0.0,0,0.0,0.00,0.0,0,0,0
2435148480,智R托管-可可无敌可-光感白肌饮-定向-9.25-达人直投,暂停,审核通过,通投,商品7日总下单ROI,笔记（商品组件）,684acfec000000002202751d,66965a86000000000f036087,图文笔记,"67bd86679759260001a41644,67bd894629b9f70001b66fed",智R托管-图文合集-光感白肌饮-定向-9.25-达人直投,144702990,2025-09-25 15:02:46,0.00,0,0,0.0%,0.0,0.0,0,0.00,0.0,0,0,0.0,0,0,0.0,0,0.0,0,0.0,0,0.0,0,0.0,0,0.0,0,0.0,0,0.0,0,0.0,0,0.0,0.00,0.0,0,0,0
2435148479,智R托管-福七七-光感白肌饮-定向-9.25-达人直投,暂停,审核拒绝,通投,商品7日总下单ROI,笔记（商品组件）,685276ac000000001c036bdb,5ef83b64000000000101fad9,图文笔记,"67bd86679759260001a41644,67bd894629b9f70001b66fed",智R托管-图文合集-光感白肌饮-定向-9.25-达人直投,144702990,2025-09-25 15:02:46,0.00,0,0,0.0%,0.0,0.0,0,0.00,0.0,0,0,0.0,0,0,0.0,0,0.0,0,0.0,0,0.0,0,0.0,0,0.0,0,0.0,0,0.0,0,0.0,0,0.0,0.00,0.0,0,0,0
2435148478,智R托管-李喵喵miaomiao-光感白肌饮-定向-9.25-达人直投,暂停,审核通过,通投,商品7日总下单ROI,笔记（商品组件）,67c68e1e0000000029029df3,5657c430e4251d04a5103a9c,图文笔记,"67bd86679759260001a41644,67bd894629b9f70001b66fed",智R托管-图文合集-光感白肌饮-定向-9.25-达人直投,144702990,2025-09-25 15:02:46,0.00,0,0,0.0%,0.0,0.0,0,0.00,0.0,0,0,0.0,0,0,0.0,0,0.0,0,0.0,0,0.0,0,0.0,0,0.0,0,0.0,0,0.0,0,0.0,0,0.0,0.00,0.0,0,0,0
2435148477,智R托管-鱼一菡ooo-光感白肌饮-定向-9.25-达人直投,暂停,审核通过,通投,商品7日总下单ROI,笔记（商品组件）,68946194000000002501bdfd,63149cbc00000000120024e3,图文笔记,"67bd86679759260001a41644,67bd894629b9f70001b66fed",智R托管-图文合集-光感白肌饮-定向-9.25-达人直投,144702990,2025-09-25 15:02:46,0.00,0,0,0.0%,0.0,0.0,0,0.00,0.0,0,0,0.0,0,0,0.0,0,0.0,0,0.0,0,0.0,0,0.0,0,0.0,0,0.0,0,0.0,0,0.0,0,0.0,0.00,0.0,0,0,0
2434925304,智R托管-潘能能-光感白肌饮-系统-9.25-达人直投,被计划暂停,审核拒绝,通投,商品7日总下单ROI,笔记（商品组件）,6847ccfe000000002203723c,54ae6adab4c4d62d84bdabd8,视频笔记,"67a96f5af4fe140001803e33,67bd894629b9f70001b66fed,67a96fff17cfa0000166a95f",智R托管-合集-光感白肌饮-系统-9.25-达人直投,144731105,2025-09-25 14:56:48,0.00,0,0,0.0%,0.0,0.0,0,0.00,0.0,0,0,0.0,0,0,0.0,0,0.0,0,0.0,0,0.0,0,0.0,0,0.0,0,0.0,0,0.0,0,0.0,0,0.0,0.00,0.0,0,0,0
2434925303,智R托管-小刘的流水日记-光感白肌饮-系统-9.25-达人直投,被计划暂停,审核通过,通投,商品7日总下单ROI,笔记（商品组件）,683af5f300000000220372d8,617b7db10000000002020959,视频笔记,"67a96f5af4fe140001803e33,67bd894629b9f70001b66fed,67a96fff17cfa0000166a95f",智R托管-合集-光感白肌饮-系统-9.25-达人直投,144731105,2025-09-25 14:56:48,0.00,0,0,0.0%,0.0,0.0,0,0.00,0.0,0,0,0.0,0,0,0.0,0,0.0,0,0.0,0,0.0,0,0.0,0,0.0,0,0.0,0,0.0,0,0.0,0,0.0,0.00,0.0,0,0,0
2434925302,智R托管-6唱-光感白肌饮-系统-9.25-达人直投,暂停,审核拒绝,通投,商品7日总下单ROI,笔记（商品组件）,681c8c4a00000000230175ef,568d03294775a71e97a474a5,视频笔记,"67a96f5af4fe140001803e33,67bd894629b9f70001b66fed,67a96fff17cfa0000166a95f",智R托管-合集-光感白肌饮-系统-9.25-达人直投,144731105,2025-09-25 14:56:48,0.00,0,0,0.0%,0.0,0.0,0,0.00,0.0,0,0,0.0,0,0,0.0,0,0.0,0,0.0,0,0.0,0,0.0,0,0.0,0,0.0,0,0.0,0,0.0,0,0.0,0.00,0.0,0,0,0
2432500239,智R托管-张馨予11-AGXI-系统-9.25,暂停,审核拒绝,通投,商品7日总下单ROI,笔记（商品组件）,68aff7a2000000001c0103eb,59cde3b9db2e6029a99da214,图文笔记,"67eb97e85d35ce0001a96c29,67f62ea104afe30001b8d8ed",智R托管-张馨予合集-AGXI-系统-9.25,144659622,2025-09-25 08:54:48,0.00,0,0,0.0%,0.0,0.0,0,0.00,0.0,0,0,0.0,0,0,0.0,0,0.0,0,0.0,0,0.0,0,0.0,0,0.0,0,0.0,0,0.0,0,0.0,0,0.0,0.00,0.0,0,0,0
2432500238,智R托管-张馨予9-AGXI-系统-9.25,暂停,审核通过,通投,商品7日总下单ROI,笔记（商品组件）,68a59728000000001b03c6a4,59cde3b9db2e6029a99da214,图文笔记,"67eb97e85d35ce0001a96c29,67f62ea104afe30001b8d8ed",智R托管-张馨予合集-AGXI-系统-9.25,144659622,2025-09-25 08:54:48,0.00,0,0,0.0%,0.0,0.0,0,0.00,0.0,0,0,0.0,0,0,0.0,0,0.0,0,0.0,0,0.0,0,0.0,0,0.0,0,0.0,0,0.0,0,0.0,0,0.0,0.00,0.0,0,0,0
2432500237,智R托管-张馨予14-AGXI-系统-9.25,暂停,审核通过,通投,商品7日总下单ROI,笔记（商品组件）,68b9463f000000001c0107fb,59cde3b9db2e6029a99da214,视频笔记,"67eb97e85d35ce0001a96c29,67f62ea104afe30001b8d8ed",智R托管-张馨予合集-AGXI-系统-9.25,144659622,2025-09-25 08:54:48,0.00,0,0,0.0%,0.0,0.0,0,0.00,0.0,0,0,0.0,0,0,0.0,0,0.0,0,0.0,0,0.0,0,0.0,0,0.0,0,0.0,0,0.0,0,0.0,0,0.0,0.00,0.0,0,0,0
2432500236,智R托管-张馨予4-AGXI-系统-9.25,暂停,审核通过,通投,商品7日总下单ROI,笔记（商品组件）,689d3e2d000000001b03734c,59cde3b9db2e6029a99da214,视频笔记,"67eb97e85d35ce0001a96c29,67f62ea104afe30001b8d8ed",智R托管-张馨予合集-AGXI-系统-9.25,144659622,2025-09-25 08:54:48,0.00,0,0,0.0%,0.0,0.0,0,0.00,0.0,0,0,0.0,0,0,0.0,0,0.0,0,0.0,0,0.0,0,0.0,0,0.0,0,0.0,0,0.0,0,0.0,0,0.0,0.00,0.0,0,0,0
2432500235,智R托管-张馨予10-AGXI-系统-9.25,暂停,审核通过,通投,商品7日总下单ROI,笔记（商品组件）,68afed4a000000001c00da0e,59cde3b9db2e6029a99da214,视频笔记,"67eb97e85d35ce0001a96c29,67f62ea104afe30001b8d8ed",智R托管-张馨予合集-AGXI-系统-9.25,144659622,2025-09-25 08:54:48,0.00,0,0,0.0%,0.0,0.0,0,0.00,0.0,0,0,0.0,0,0,0.0,0,0.0,0,0.0,0,0.0,0,0.0,0,0.0,0,0.0,0,0.0,0,0.0,0,0.0,0.00,0.0,0,0,0
2414751374,智R托管-怎么那么珂-光感白肌饮-定向-9.23-达人直投-vlog,暂停,审核通过,通投,商品7日总下单ROI,笔记（商品组件）,68a297ae000000001d039c95,5e7479fe0000000001002a06,视频笔记,"67bd86679759260001a41644,67a96f5af4fe140001803e33,67bd894629b9f70001b66fed",智R托管-达人合集-光感白肌饮-定向-9.23-达人直投-vlog,144188923,2025-09-23 09:05:44,0.00,0,0,0.0%,0.0,0.0,0,0.00,0.0,0,0,0.0,0,0,0.0,0,0.0,0,0.0,0,0.0,0,0.0,0,0.0,0,0.0,0,0.0,0,0.0,0,0.0,0.00,0.0,0,0,0
2414751373,智R托管-给我一颗草莓-光感白肌饮-定向-9.23-达人直投-vlog,被计划暂停,审核通过,通投,商品7日总下单ROI,笔记（商品组件）,689da39d000000001d02dd73,5b629f26f7e8b93b1792bfe0,视频笔记,"67bd86679759260001a41644,67a96f5af4fe140001803e33,67bd894629b9f70001b66fed",智R托管-达人合集-光感白肌饮-定向-9.23-达人直投-vlog,144188923,2025-09-23 09:05:44,0.00,0,0,0.0%,0.0,0.0,0,0.00,0.0,0,0,0.0,0,0,0.0,0,0.0,0,0.0,0,0.0,0,0.0,0,0.0,0,0.0,0,0.0,0,0.0,0,0.0,0.00,0.0,0,0,0
2377439795,智R托管-干饭拉屎第一名-AGXI-系统-9.18-达人直投,被计划暂停,审核通过,通投,商品7日总下单ROI,笔记（商品组件）,682475650000000022005a0a,650ac6fa000000001603b2e5,图文笔记,"67eb97e85d35ce0001a96c29,67f62e4eec137400010dc1cb,67f62ea104afe30001b8d8ed",智R托管-干饭拉屎第一名-AGXI-系统-9.18-达人直投,143231289,2025-09-18 18:07:42,0.00,0,0,0.0%,0.0,0.0,0,0.00,0.0,0,0,0.0,0,0,0.0,0,0.0,0,0.0,0,0.0,0,0.0,0,0.0,0,0.0,0,0.0,0,0.0,0,0.0,0.00,0.0,0,0,0
2375640942,智R托管-malian-光感白肌饮-定向-9.18-达人直投-视频-美白人群,被计划暂停,审核拒绝,通投,商品7日总下单ROI,笔记（商品组件）,68c1314c000000001c03f65f,60c1fd81000000000100b2fd,视频笔记,"67bd86679759260001a41644,67a96f5af4fe140001803e33,67bd894629b9f70001b66fed",智R托管-达人合集-光感白肌饮-定向-9.18-达人直投-视频-美白人群,143178846,2025-09-18 15:10:08,0.00,0,0,0.0%,0.0,0.0,0,0.00,0.0,0,0,0.0,0,0,0.0,0,0.0,0,0.0,0,0.0,0,0.0,0,0.0,0,0.0,0,0.0,0,0.0,0,0.0,0.00,0.0,0,0,0
2375640941,智R托管-梨涡允允-光感白肌饮-定向-9.18-达人直投-视频-美白人群,被计划暂停,审核通过,通投,商品7日总下单ROI,笔记（商品组件）,68b6b4ca000000001d00fe90,5a2ff3c34eacab057d4b31fb,视频笔记,"67bd86679759260001a41644,67a96f5af4fe140001803e33,67bd894629b9f70001b66fed",智R托管-达人合集-光感白肌饮-定向-9.18-达人直投-视频-美白人群,143178846,2025-09-18 15:10:08,0.00,0,0,0.0%,0.0,0.0,0,0.00,0.0,0,0,0.0,0,0,0.0,0,0.0,0,0.0,0,0.0,0,0.0,0,0.0,0,0.0,0,0.0,0,0.0,0,0.0,0.00,0.0,0,0,0
2375640940,智R托管-海伦马-光感白肌饮-定向-9.18-达人直投-视频-美白人群,被计划暂停,审核通过,通投,商品7日总下单ROI,笔记（商品组件）,68b509d4000000001d015e88,5803cc4782ec39657e8d46f8,视频笔记,"67bd86679759260001a41644,67a96f5af4fe140001803e33,67bd894629b9f70001b66fed",智R托管-达人合集-光感白肌饮-定向-9.18-达人直投-视频-美白人群,143178846,2025-09-18 15:10:08,0.00,0,0,0.0%,0.0,0.0,0,0.00,0.0,0,0,0.0,0,0,0.0,0,0.0,0,0.0,0,0.0,0,0.0,0,0.0,0,0.0,0,0.0,0,0.0,0,0.0,0.00,0.0,0,0,0
2375640939,智R托管-寻找我的长腿叔叔-光感白肌饮-定向-9.18-达人直投-视频-美白人群,被计划暂停,审核通过,通投,商品7日总下单ROI,笔记（商品组件）,68ac710a000000001d023d19,5727c1975e87e739edd38682,视频笔记,"67bd86679759260001a41644,67a96f5af4fe140001803e33,67bd894629b9f70001b66fed",智R托管-达人合集-光感白肌饮-定向-9.18-达人直投-视频-美白人群,143178846,2025-09-18 15:10:08,0.00,0,0,0.0%,0.0,0.0,0,0.00,0.0,0,0,0.0,0,0,0.0,0,0.0,0,0.0,0,0.0,0,0.0,0,0.0,0,0.0,0,0.0,0,0.0,0,0.0,0.00,0.0,0,0,0
2375746372,智R托管-认真护肤的zz-光感白肌饮-定向-9.18-达人直投-手持-美白人群,被计划暂停,审核通过,通投,商品7日总下单ROI,笔记（商品组件）,68b93766000000001c012831,66954a3b000000000f037972,图文笔记,"67bd86679759260001a41644,67a96f5af4fe140001803e33,67bd894629b9f70001b66fed",智R托管-达人合集-光感白肌饮-定向-9.18-达人直投-手持-美白人群,143167405,2025-09-18 15:04:37,0.00,0,0,0.0%,0.0,0.0,0,0.00,0.0,0,0,0.0,0,0,0.0,0,0.0,0,0.0,0,0.0,0,0.0,0,0.0,0,0.0,0,0.0,0,0.0,0,0.0,0.00,0.0,0,0,0
2375746371,智R托管-小凡不吃辣-光感白肌饮-定向-9.18-达人直投-手持-美白人群,被计划暂停,审核拒绝,通投,商品7日总下单ROI,笔记（商品组件）,68b93f52000000001d0151fb,5e7ad47b0000000001004f65,图文笔记,"67bd86679759260001a41644,67a96f5af4fe140001803e33,67bd894629b9f70001b66fed",智R托管-达人合集-光感白肌饮-定向-9.18-达人直投-手持-美白人群,143167405,2025-09-18 15:04:37,0.00,0,0,0.0%,0.0,0.0,0,0.00,0.0,0,0,0.0,0,0,0.0,0,0.0,0,0.0,0,0.0,0,0.0,0,0.0,0,0.0,0,0.0,0,0.0,0,0.0,0.00,0.0,0,0,0
2375746370,智R托管-麦辣鸡大小姐-光感白肌饮-定向-9.18-达人直投-手持-美白人群,被计划暂停,审核通过,通投,商品7日总下单ROI,笔记（商品组件）,68b4355a000000001b0234b2,670bbb5f000000001d023e97,图文笔记,"67bd86679759260001a41644,67a96f5af4fe140001803e33,67bd894629b9f70001b66fed",智R托管-达人合集-光感白肌饮-定向-9.18-达人直投-手持-美白人群,143167405,2025-09-18 15:04:37,0.00,0,0,0.0%,0.0,0.0,0,0.00,0.0,0,0,0.0,0,0,0.0,0,0.0,0,0.0,0,0.0,0,0.0,0,0.0,0,0.0,0,0.0,0,0.0,0,0.0,0.00,0.0,0,0,0
2375633631,智R托管-怎么那么珂-光感白肌饮-定向-9.18-达人直投-vlog-美白人群,暂停,审核通过,通投,商品7日总下单ROI,笔记（商品组件）,68a297ae000000001d039c95,5e7479fe0000000001002a06,视频笔记,"67bd86679759260001a41644,67a96f5af4fe140001803e33,67bd894629b9f70001b66fed",智R托管-达人合集-光感白肌饮-定向-9.18-达人直投-vlog-美白人群,143178439,2025-09-18 15:03:00,0.00,0,0,0.0%,0.0,0.0,0,0.00,0.0,0,0,0.0,0,0,0.0,0,0.0,0,0.0,0,0.0,0,0.0,0,0.0,0,0.0,0,0.0,0,0.0,0,0.0,0.00,0.0,0,0,0
2375633630,智R托管-给我一颗草莓-光感白肌饮-定向-9.18-达人直投-vlog-美白人群,被计划暂停,审核通过,通投,商品7日总下单ROI,笔记（商品组件）,689da39d000000001d02dd73,5b629f26f7e8b93b1792bfe0,视频笔记,"67bd86679759260001a41644,67a96f5af4fe140001803e33,67bd894629b9f70001b66fed",智R托管-达人合集-光感白肌饮-定向-9.18-达人直投-vlog-美白人群,143178439,2025-09-18 15:03:00,0.00,0,0,0.0%,0.0,0.0,0,0.00,0.0,0,0,0.0,0,0,0.0,0,0.0,0,0.0,0,0.0,0,0.0,0,0.0,0,0.0,0,0.0,0,0.0,0,0.0,0.00,0.0,0,0,0
2375499063,智R托管-张馨予10-AGXI-定向-9.18-粉丝人群,暂停,审核通过,通投,商品7日总下单ROI,笔记（商品组件）,68afed4a000000001c00da0e,59cde3b9db2e6029a99da214,视频笔记,"67eb97e85d35ce0001a96c29,67f62ea104afe30001b8d8ed",智R托管-张馨予10-AGXI-定向-9.18-粉丝人群,143167117,2025-09-18 14:59:28,0.00,0,0,0.0%,0.0,0.0,0,0.00,0.0,0,0,0.0,0,0,0.0,0,0.0,0,0.0,0,0.0,0,0.0,0,0.0,0,0.0,0,0.0,0,0.0,0,0.0,0.00,0.0,0,0,0
2375532875,智R托管-张馨予直投-AGXI-定向-9.18-达人直投,暂停,审核通过,通投,商品7日总下单ROI,笔记（商品组件）,689574cf000000002500fa7d,5a81264a11be10430386470d,视频笔记,"67eb97e85d35ce0001a96c29,67f62ea104afe30001b8d8ed",智R托管-张馨予直投-AGXI-定向-9.18-达人直投,143172527,2025-09-18 14:57:46,0.00,0,0,0.0%,0.0,0.0,0,0.00,0.0,0,0,0.0,0,0,0.0,0,0.0,0,0.0,0,0.0,0,0.0,0,0.0,0,0.0,0,0.0,0,0.0,0,0.0,0.00,0.0,0,0,0
2324578146,智R搜索-嘭弹肌-新X白-系统-9.12,暂停,审核通过,搜索,商品7日总下单ROI,笔记（商品组件）,6614f41e000000001b01357e,59cde3b9db2e6029a99da214,视频笔记,"67f6247db2c30c00015cbc5d,6858efa562560900014a4305,67f62ea104afe30001b8d8ed,67a96fff17cfa0000166a95f",智R搜索-老图文合集-新X白-系统-9.12,141471337,2025-09-12 16:08:25,0.00,0,0,0.0%,0.0,0.0,0,0.00,0.0,0,0,0.0,0,0,0.0,0,0.0,0,0.0,0,0.0,0,0.0,0,0.0,0,0.0,0,0.0,0,0.0,0,0.0,0.00,0.0,0,0,0
2324578145,智R搜索-实现大-新X白-系统-9.12,暂停,审核通过,搜索,商品7日总下单ROI,笔记（商品组件）,67ecf570000000001b03db8b,59cde3b9db2e6029a99da214,图文笔记,"67f6247db2c30c00015cbc5d,6858efa562560900014a4305,67f62ea104afe30001b8d8ed,67a96fff17cfa0000166a95f",智R搜索-老图文合集-新X白-系统-9.12,141471337,2025-09-12 16:08:25,0.00,0,0,0.0%,0.0,0.0,0,0.00,0.0,0,0,0.0,0,0,0.0,0,0.0,0,0.0,0,0.0,0,0.0,0,0.0,0,0.0,0,0.0,0,0.0,0,0.0,0.00,0.0,0,0,0
2324373079,智R托管-修熟龄-新X白-系统-9.12,暂停,审核通过,通投,商品7日总下单ROI,笔记（商品组件）,68ba33fe000000001b01c7ab,59cde3b9db2e6029a99da214,视频笔记,"67f6247db2c30c00015cbc5d,6858efa562560900014a4305,67f62ea104afe30001b8d8ed,67a96fff17cfa0000166a95f",智R托管-合集-新X白-系统-9.12,141477039,2025-09-12 16:04:46,0.00,0,0,0.0%,0.0,0.0,0,0.00,0.0,0,0,0.0,0,0,0.0,0,0.0,0,0.0,0,0.0,0,0.0,0,0.0,0,0.0,0,0.0,0,0.0,0,0.0,0.00,0.0,0,0,0
2324373078,智R托管-俩身上-新X白-系统-9.12,暂停,审核通过,通投,商品7日总下单ROI,笔记（商品组件）,688ad2c4000000002301a2ca,59cde3b9db2e6029a99da214,视频笔记,"67f6247db2c30c00015cbc5d,6858efa562560900014a4305,67f62ea104afe30001b8d8ed,67a96fff17cfa0000166a95f",智R托管-合集-新X白-系统-9.12,141477039,2025-09-12 16:04:46,0.00,0,0,0.0%,0.0,0.0,0,0.00,0.0,0,0,0.0,0,0,0.0,0,0.0,0,0.0,0,0.0,0,0.0,0,0.0,0,0.0,0,0.0,0,0.0,0,0.0,0.00,0.0,0,0,0
2324373077,智R托管-宠肌光-新X白-系统-9.12,暂停,审核通过,通投,商品7日总下单ROI,笔记（商品组件）,67dce08a000000000901569a,59cde3b9db2e6029a99da214,图文笔记,"67f6247db2c30c00015cbc5d,6858efa562560900014a4305,67f62ea104afe30001b8d8ed,67a96fff17cfa0000166a95f",智R托管-合集-新X白-系统-9.12,141477039,2025-09-12 16:04:46,0.00,0,0,0.0%,0.0,0.0,0,0.00,0.0,0,0,0.0,0,0,0.0,0,0.0,0,0.0,0,0.0,0,0.0,0,0.0,0,0.0,0,0.0,0,0.0,0,0.0,0.00,0.0,0,0,0
2324455550,智R托管-张馨予4-AGXI-定向-9.12,暂停,审核通过,通投,商品7日总下单ROI,笔记（商品组件）,689d3e2d000000001b03734c,59cde3b9db2e6029a99da214,视频笔记,"67eb97e85d35ce0001a96c29,67f62ea104afe30001b8d8ed",智R托管-张馨予合集-AGXI-定向-9.12,141457884,2025-09-12 15:58:34,0.00,0,0,0.0%,0.0,0.0,0,0.00,0.0,0,0,0.0,0,0,0.0,0,0.0,0,0.0,0,0.0,0,0.0,0,0.0,0,0.0,0,0.0,0,0.0,0,0.0,0.00,0.0,0,0,0
2324455549,智R托管-张馨予3-AGXI-定向-9.12,暂停,审核通过,通投,商品7日总下单ROI,笔记（商品组件）,689be69c000000001b0352f4,59cde3b9db2e6029a99da214,视频笔记,"67eb97e85d35ce0001a96c29,67f62ea104afe30001b8d8ed",智R托管-张馨予合集-AGXI-定向-9.12,141457884,2025-09-12 15:58:34,0.00,0,0,0.0%,0.0,0.0,0,0.00,0.0,0,0,0.0,0,0,0.0,0,0.0,0,0.0,0,0.0,0,0.0,0,0.0,0,0.0,0,0.0,0,0.0,0,0.0,0.00,0.0,0,0,0
2324455548,智R托管-张馨予10-AGXI-定向-9.12,暂停,审核通过,通投,商品7日总下单ROI,笔记（商品组件）,68afed4a000000001c00da0e,59cde3b9db2e6029a99da214,视频笔记,"67eb97e85d35ce0001a96c29,67f62ea104afe30001b8d8ed",智R托管-张馨予合集-AGXI-定向-9.12,141457884,2025-09-12 15:58:34,0.00,0,0,0.0%,0.0,0.0,0,0.00,0.0,0,0,0.0,0,0,0.0,0,0.0,0,0.0,0,0.0,0,0.0,0,0.0,0,0.0,0,0.0,0,0.0,0,0.0,0.00,0.0,0,0,0
2311732035,智R托管-还你胶-塑颜饮-系统-9.11,暂停,审核通过,通投,商品7日总下单ROI,笔记（商品组件）,68a52e3f000000001c031963,59cde3b9db2e6029a99da214,图文笔记,"68a594b62eb6de000174964c,68a59525d3dd4d00012b6c02,68a5957036ab3b00019db5de",智R托管-还你胶-塑颜饮-系统-9.11,141019164,2025-09-11 09:35:47,0.00,0,0,0.0%,0.0,0.0,0,0.00,0.0,0,0,0.0,0,0,0.0,0,0.0,0,0.0,0,0.0,0,0.0,0,0.0,0,0.0,0,0.0,0,0.0,0,0.0,0.00,0.0,0,0,0
2292851930,智R托管-还你胶-塑颜饮-系统-9.9,暂停,审核通过,通投,商品7日总下单ROI,笔记（商品组件）,68a52e3f000000001c031963,59cde3b9db2e6029a99da214,图文笔记,"68a594b62eb6de000174964c,68a59525d3dd4d00012b6c02,68a5957036ab3b00019db5de",智R托管-还你胶-塑颜饮-系统-9.9,140383988,2025-09-09 08:46:37,0.00,0,0,0.0%,0.0,0.0,0,0.00,0.0,0,0,0.0,0,0,0.0,0,0.0,0,0.0,0,0.0,0,0.0,0,0.0,0,0.0,0,0.0,0,0.0,0,0.0,0.00,0.0,0,0,0
2236904530,智R托管-大兮Cecilia-光感白肌饮-定向-9.2-达人直投-vlog,暂停,审核通过,通投,商品7日总下单ROI,笔记（商品组件）,68a9cb33000000001c03caff,6093ce8c000000000101ed47,视频笔记,"67bd86679759260001a41644,67a96f5af4fe140001803e33,67bd894629b9f70001b66fed",智R托管-达人合集-光感白肌饮-定向-9.2-达人直投-vlog,138674303,2025-09-02 16:40:33,0.00,0,0,0.0%,0.0,0.0,0,0.00,0.0,0,0,0.0,0,0,0.0,0,0.0,0,0.0,0,0.0,0,0.0,0,0.0,0,0.0,0,0.0,0,0.0,0,0.0,0.00,0.0,0,0,0
2236904529,智R托管-怎么那么珂-光感白肌饮-定向-9.2-达人直投-vlog,暂停,审核通过,通投,商品7日总下单ROI,笔记（商品组件）,68a297ae000000001d039c95,5e7479fe0000000001002a06,视频笔记,"67bd86679759260001a41644,67a96f5af4fe140001803e33,67bd894629b9f70001b66fed",智R托管-达人合集-光感白肌饮-定向-9.2-达人直投-vlog,138674303,2025-09-02 16:40:33,0.00,0,0,0.0%,0.0,0.0,0,0.00,0.0,0,0,0.0,0,0,0.0,0,0.0,0,0.0,0,0.0,0,0.0,0,0.0,0,0.0,0,0.0,0,0.0,0,0.0,0.00,0.0,0,0,0
2236904528,智R托管-给我一颗草莓-光感白肌饮-定向-9.2-达人直投-vlog,被计划暂停,审核通过,通投,商品7日总下单ROI,笔记（商品组件）,689da39d000000001d02dd73,5b629f26f7e8b93b1792bfe0,视频笔记,"67bd86679759260001a41644,67a96f5af4fe140001803e33,67bd894629b9f70001b66fed",智R托管-达人合集-光感白肌饮-定向-9.2-达人直投-vlog,138674303,2025-09-02 16:40:33,0.00,0,0,0.0%,0.0,0.0,0,0.00,0.0,0,0,0.0,0,0,0.0,0,0.0,0,0.0,0,0.0,0,0.0,0,0.0,0,0.0,0,0.0,0,0.0,0,0.0,0.00,0.0,0,0,0
2236902319,智R托管-魔法甄公主-光感白肌饮-定向-9.2-达人直投-随手po,被计划暂停,审核通过,通投,商品7日总下单ROI,笔记（商品组件）,689ee805000000001d00590e,65c8912b000000000b03719e,图文笔记,"67bd86679759260001a41644,67bd894629b9f70001b66fed",智R托管-达人合集-光感白肌饮-定向-9.2-达人直投-随手po,138660482,2025-09-02 16:38:21,0.00,0,0,0.0%,0.0,0.0,0,0.00,0.0,0,0,0.0,0,0,0.0,0,0.0,0,0.0,0,0.0,0,0.0,0,0.0,0,0.0,0,0.0,0,0.0,0,0.0,0.00,0.0,0,0,0
2236559411,智R托管-甜辣小姨-光感白肌饮-定向-9.2-达人直投-随手po,被计划暂停,审核通过,通投,商品7日总下单ROI,笔记（商品组件）,68a40769000000001c01214b,615c035200000000020213e7,图文笔记,"67bd86679759260001a41644,67a96f5af4fe140001803e33,67bd894629b9f70001b66fed",智R托管-达人合集-光感白肌饮-定向-9.2-达人直投-随手po,138660482,2025-09-02 16:08:11,0.00,0,0,0.0%,0.0,0.0,0,0.00,0.0,0,0,0.0,0,0,0.0,0,0.0,0,0.0,0,0.0,0,0.0,0,0.0,0,0.0,0,0.0,0,0.0,0,0.0,0.00,0.0,0,0,0
2236559410,智R托管-小阿江-光感白肌饮-定向-9.2-达人直投-随手po,被计划暂停,审核通过,通投,商品7日总下单ROI,笔记（商品组件）,689d9660000000001d022301,5af1d2ea11be103584dc3ce1,图文笔记,"67bd86679759260001a41644,67a96f5af4fe140001803e33,67bd894629b9f70001b66fed",智R托管-达人合集-光感白肌饮-定向-9.2-达人直投-随手po,138660482,2025-09-02 16:08:11,0.00,0,0,0.0%,0.0,0.0,0,0.00,0.0,0,0,0.0,0,0,0.0,0,0.0,0,0.0,0,0.0,0,0.0,0,0.0,0,0.0,0,0.0,0,0.0,0,0.0,0.00,0.0,0,0,0
2236559409,智R托管-加辣土豆饼-光感白肌饮-定向-9.2-达人直投-随手po,被计划暂停,审核通过,通投,商品7日总下单ROI,笔记（商品组件）,689bfbaa000000001c031c96,63df22ef0000000026012a11,图文笔记,"67bd86679759260001a41644,67a96f5af4fe140001803e33,67bd894629b9f70001b66fed",智R托管-达人合集-光感白肌饮-定向-9.2-达人直投-随手po,138660482,2025-09-02 16:08:11,0.00,0,0,0.0%,0.0,0.0,0,0.00,0.0,0,0,0.0,0,0,0.0,0,0.0,0,0.0,0,0.0,0,0.0,0,0.0,0,0.0,0,0.0,0,0.0,0,0.0,0.00,0.0,0,0,0
2235983983,智R托管-人生内-塑颜饮-系统-9.2,暂停,审核通过,通投,商品7日总下单ROI,笔记（商品组件）,68a52dcd000000001b034b1f,59cde3b9db2e6029a99da214,视频笔记,"68a594b62eb6de000174964c,68a59525d3dd4d00012b6c02,68a5957036ab3b00019db5de",智R托管-人生内-塑颜饮-系统-9.2,138658650,2025-09-02 15:28:48,0.00,0,0,0.0%,0.0,0.0,0,0.00,0.0,0,0,0.0,0,0,0.0,0,0.0,0,0.0,0,0.0,0,0.0,0,0.0,0,0.0,0,0.0,0,0.0,0,0.0,0.00,0.0,0,0,0
2236067670,智R托管-选对了-新X白-系统-9.2,暂停,审核通过,通投,商品7日总下单ROI,笔记（商品组件）,68a82d8c000000001c00b108,59cde3b9db2e6029a99da214,视频笔记,"67eb97e85d35ce0001a96c29,67f6247db2c30c00015cbc5d,655d9f4416c8df0001a7b75d,6566756bdcf5b90001900fc5",智R托管-图文合集2-新X白-系统-9.2,138646787,2025-09-02 15:27:33,0.00,0,0,0.0%,0.0,0.0,0,0.00,0.0,0,0,0.0,0,0,0.0,0,0.0,0,0.0,0,0.0,0,0.0,0,0.0,0,0.0,0,0.0,0,0.0,0,0.0,0.00,0.0,0,0,0
2236067669,智R托管-遍重启-新X白-系统-9.2,暂停,审核通过,通投,商品7日总下单ROI,笔记（商品组件）,6892c75d000000002302b629,59cde3b9db2e6029a99da214,图文笔记,"67f6247db2c30c00015cbc5d,6858efa562560900014a4305,67a96fff17cfa0000166a95f,67f62ea104afe30001b8d8ed",智R托管-图文合集2-新X白-系统-9.2,138646787,2025-09-02 15:27:33,0.00,0,0,0.0%,0.0,0.0,0,0.00,0.0,0,0,0.0,0,0,0.0,0,0.0,0,0.0,0,0.0,0,0.0,0,0.0,0,0.0,0,0.0,0,0.0,0,0.0,0.00,0.0,0,0,0
2235973283,智R托管-原相机-新X白-系统-9.2,暂停,审核通过,通投,商品7日总下单ROI,笔记（商品组件）,68a6b9d4000000001b03588f,59cde3b9db2e6029a99da214,图文笔记,"67f6247db2c30c00015cbc5d,6858efa562560900014a4305,67a96fff17cfa0000166a95f,67f62ea104afe30001b8d8ed",智R托管-图文合集-新X白-系统-9.2,138634834,2025-09-02 15:24:28,0.00,0,0,0.0%,0.0,0.0,0,0.00,0.0,0,0,0.0,0,0,0.0,0,0.0,0,0.0,0,0.0,0,0.0,0,0.0,0,0.0,0,0.0,0,0.0,0,0.0,0.00,0.0,0,0,0
2235973282,智R托管-高阶玩家-新X白-系统-9.2,暂停,审核通过,通投,商品7日总下单ROI,笔记（商品组件）,680058f8000000001d038321,59cde3b9db2e6029a99da214,图文笔记,"67f6247db2c30c00015cbc5d,6858efa562560900014a4305,67a96fff17cfa0000166a95f,67f62ea104afe30001b8d8ed",智R托管-图文合集-新X白-系统-9.2,138634834,2025-09-02 15:24:28,0.00,0,0,0.0%,0.0,0.0,0,0.00,0.0,0,0,0.0,0,0,0.0,0,0.0,0,0.0,0,0.0,0,0.0,0,0.0,0,0.0,0,0.0,0,0.0,0,0.0,0.00,0.0,0,0,0
2235973281,智R托管-实现大-新X白-系统-9.2,暂停,审核通过,通投,商品7日总下单ROI,笔记（商品组件）,67ecf570000000001b03db8b,59cde3b9db2e6029a99da214,图文笔记,"67f6247db2c30c00015cbc5d,6858efa562560900014a4305,67a96fff17cfa0000166a95f,67f62ea104afe30001b8d8ed",智R托管-图文合集-新X白-系统-9.2,138634834,2025-09-02 15:24:28,0.00,0,0,0.0%,0.0,0.0,0,0.00,0.0,0,0,0.0,0,0,0.0,0,0.0,0,0.0,0,0.0,0,0.0,0,0.0,0,0.0,0,0.0,0,0.0,0,0.0,0.00,0.0,0,0,0
2235754332,智R托管-嘭弹肌-新X白-系统-9.2,暂停,审核通过,通投,商品7日总下单ROI,笔记（商品组件）,6614f41e000000001b01357e,59cde3b9db2e6029a99da214,视频笔记,"67f6247db2c30c00015cbc5d,6858efa562560900014a4305",智R托管-视频合集-新X白-系统-9.2,138640662,2025-09-02 15:22:06,0.00,0,0,0.0%,0.0,0.0,0,0.00,0.0,0,0,0.0,0,0,0.0,0,0.0,0,0.0,0,0.0,0,0.0,0,0.0,0,0.0,0,0.0,0,0.0,0,0.0,0.00,0.0,0,0,0
2235754331,智R托管-养成半-新X白-系统-9.2,被计划暂停,审核通过,通投,商品7日总下单ROI,笔记（商品组件）,66f52544000000002c014fe6,59cde3b9db2e6029a99da214,视频笔记,"67f6247db2c30c00015cbc5d,6858efa562560900014a4305",智R托管-视频合集-新X白-系统-9.2,138640662,2025-09-02 15:22:06,0.00,0,0,0.0%,0.0,0.0,0,0.00,0.0,0,0,0.0,0,0,0.0,0,0.0,0,0.0,0,0.0,0,0.0,0,0.0,0,0.0,0,0.0,0,0.0,0,0.0,0.00,0.0,0,0,0
2235907764,智R托管-戒甜抗-AGXI-系统-9.2,被计划暂停,审核通过,通投,商品7日总下单ROI,笔记（商品组件）,687852740000000023004fc9,59cde3b9db2e6029a99da214,图文笔记,"67f62e4eec137400010dc1cb,67f62ea104afe30001b8d8ed",智R托管-戒甜抗-AGXI-系统-9.2,138664154,2025-09-02 15:19:09,0.00,0,0,0.0%,0.0,0.0,0,0.00,0.0,0,0,0.0,0,0,0.0,0,0.0,0,0.0,0,0.0,0,0.0,0,0.0,0,0.0,0,0.0,0,0.0,0,0.0,0.00,0.0,0,0,0
2235693585,智R托管-多漂亮-AGXI-定向-9.2优化,暂停,审核通过,通投,商品7日总下单ROI,笔记（商品组件）,6889cb540000000023033826,59cde3b9db2e6029a99da214,图文笔记,"67f62e4eec137400010dc1cb,67f62ea104afe30001b8d8ed,67eb97e85d35ce0001a96c29",智R托管-多漂亮-AGXI-定向-9.2优化,138664089,2025-09-02 15:17:51,0.00,0,0,0.0%,0.0,0.0,0,0.00,0.0,0,0,0.0,0,0,0.0,0,0.0,0,0.0,0,0.0,0,0.0,0,0.0,0,0.0,0,0.0,0,0.0,0,0.0,0.00,0.0,0,0,0
2235850530,智R托管-答案只-AGXI-系统-9.2,暂停,审核通过,通投,商品7日总下单ROI,笔记（商品组件）,6888748b000000002302d483,59cde3b9db2e6029a99da214,视频笔记,"67eb97e85d35ce0001a96c29,67f62e4eec137400010dc1cb,67f62ea104afe30001b8d8ed",智R托管-答案只-AGXI-系统-9.2,138640348,2025-09-02 15:15:17,0.00,0,0,0.0%,0.0,0.0,0,0.00,0.0,0,0,0.0,0,0,0.0,0,0.0,0,0.0,0,0.0,0,0.0,0,0.0,0,0.0,0,0.0,0,0.0,0,0.0,0.00,0.0,0,0,0
2235796733,智R托管-张馨予3-AGXI-系统-9.2,暂停,审核通过,通投,商品7日总下单ROI,笔记（商品组件）,689be69c000000001b0352f4,59cde3b9db2e6029a99da214,视频笔记,"67f62ea104afe30001b8d8ed,67f62e4eec137400010dc1cb",智R托管-张馨予3-AGXI-系统-9.2,138651892,2025-09-02 15:12:13,0.00,0,0,0.0%,0.0,0.0,0,0.00,0.0,0,0,0.0,0,0,0.0,0,0.0,0,0.0,0,0.0,0,0.0,0,0.0,0,0.0,0,0.0,0,0.0,0,0.0,0.00,0.0,0,0,0
2225264518,智R托管-不难别等-AGXI-系统-9.1,暂停,审核通过,通投,商品7日总下单ROI,笔记（商品组件）,680ade56000000001c0034be,59cde3b9db2e6029a99da214,图文笔记,"67eb97e85d35ce0001a96c29,67f62e4eec137400010dc1cb,67f62ea104afe30001b8d8ed",智R托管-优质合集-AGXI-系统-9.1,138336210,2025-09-01 10:30:50,0.00,0,0,0.0%,0.0,0.0,0,0.00,0.0,0,0,0.0,0,0,0.0,0,0.0,0,0.0,0,0.0,0,0.0,0,0.0,0,0.0,0,0.0,0,0.0,0,0.0,0.00,0.0,0,0,0
2225264517,智R托管-防御体系-AGXI-系统-9.1,暂停,审核通过,通投,商品7日总下单ROI,笔记（商品组件）,681096ca000000002200713a,59cde3b9db2e6029a99da214,图文笔记,"67eb97e85d35ce0001a96c29,67f62e4eec137400010dc1cb,67f62ea104afe30001b8d8ed",智R托管-优质合集-AGXI-系统-9.1,138336210,2025-09-01 10:30:50,0.00,0,0,0.0%,0.0,0.0,0,0.00,0.0,0,0,0.0,0,0,0.0,0,0.0,0,0.0,0,0.0,0,0.0,0,0.0,0,0.0,0,0.0,0,0.0,0,0.0,0.00,0.0,0,0,0
2225126561,智R托管-张馨予10-AGXI-系统-9.1,暂停,审核通过,通投,商品7日总下单ROI,笔记（商品组件）,68afed4a000000001c00da0e,59cde3b9db2e6029a99da214,视频笔记,"67eb97e85d35ce0001a96c29,67f62e4eec137400010dc1cb,67f62ea104afe30001b8d8ed",智R托管-张馨予10-AGXI-系统-9.1,138324239,2025-09-01 10:26:40,0.00,0,0,0.0%,0.0,0.0,0,0.00,0.0,0,0,0.0,0,0,0.0,0,0.0,0,0.0,0,0.0,0,0.0,0,0.0,0,0.0,0,0.0,0,0.0,0,0.0,0.00,0.0,0,0,0
2225065526,智R托管-张馨予直投-AGXI-系统-9.1-达人直投,暂停,审核通过,通投,商品7日总下单ROI,笔记（商品组件）,689574cf000000002500fa7d,5a81264a11be10430386470d,视频笔记,"67eb97e85d35ce0001a96c29,67f62ea104afe30001b8d8ed",智R托管-张馨予直投-AGXI-系统-9.1-达人直投,138324189,2025-09-01 10:25:20,0.00,0,0,0.0%,0.0,0.0,0,0.00,0.0,0,0,0.0,0,0,0.0,0,0.0,0,0.0,0,0.0,0,0.0,0,0.0,0,0.0,0,0.0,0,0.0,0,0.0,0.00,0.0,0,0,0
2162413544,智R托管-还你胶-塑颜饮-系统-8.25,暂停,审核通过,通投,商品7日总下单ROI,笔记（商品组件）,68a52e3f000000001c031963,59cde3b9db2e6029a99da214,图文笔记,"68a594b62eb6de000174964c,68a59525d3dd4d00012b6c02,68a5957036ab3b00019db5de",智R托管-还你胶-塑颜饮-系统-8.25,136881014,2025-08-25 14:57:59,0.00,0,0,0.0%,0.0,0.0,0,0.00,0.0,0,0,0.0,0,0,0.0,0,0.0,0,0.0,0,0.0,0,0.0,0,0.0,0,0.0,0,0.0,0,0.0,0,0.0,0.00,0.0,0,0,0
2162339123,智R托管-鱼一菡ooo-光感白肌饮-系统-8.25扩投-达人直投,暂停,审核通过,通投,商品7日总下单ROI,笔记（商品组件）,68946194000000002501bdfd,63149cbc00000000120024e3,图文笔记,"67bd86679759260001a41644,67a96f5af4fe140001803e33,67bd894629b9f70001b66fed",智R托管-鱼一菡ooo-光感白肌饮-系统-8.25扩投-达人直投,136868033,2025-08-25 14:19:37,0.00,0,0,0.0%,0.0,0.0,0,0.00,0.0,0,0,0.0,0,0,0.0,0,0.0,0,0.0,0,0.0,0,0.0,0,0.0,0,0.0,0,0.0,0,0.0,0,0.0,0.00,0.0,0,0,0
2123061183,智R托管-张馨予直投-AGXI-定向-8.21-达人直投,暂停,审核通过,通投,商品7日总下单ROI,笔记（商品组件）,689574cf000000002500fa7d,5a81264a11be10430386470d,视频笔记,"67eb97e85d35ce0001a96c29,67f62ea104afe30001b8d8ed",智R托管-张馨予直投-AGXI-定向-8.21-达人直投,136054723,2025-08-21 09:00:06,0.00,0,0,0.0%,0.0,0.0,0,0.00,0.0,0,0,0.0,0,0,0.0,0,0.0,0,0.0,0,0.0,0,0.0,0,0.0,0,0.0,0,0.0,0,0.0,0,0.0,0.00,0.0,0,0,0
2118357089,智R托管-张馨予6-AGXI-定向-8.20,暂停,审核通过,通投,商品7日总下单ROI,笔记（商品组件）,689d549a000000001c00a584,59cde3b9db2e6029a99da214,视频笔记,"67eb97e85d35ce0001a96c29,67f62e4eec137400010dc1cb,67f62ea104afe30001b8d8ed",智R托管-张馨予合集-AGXI-定向-8.20,135955415,2025-08-20 18:51:45,0.00,0,0,0.0%,0.0,0.0,0,0.00,0.0,0,0,0.0,0,0,0.0,0,0.0,0,0.0,0,0.0,0,0.0,0,0.0,0,0.0,0,0.0,0,0.0,0,0.0,0.00,0.0,0,0,0
2118357088,智R托管-张馨予3-AGXI-定向-8.20,暂停,审核通过,通投,商品7日总下单ROI,笔记（商品组件）,689be69c000000001b0352f4,59cde3b9db2e6029a99da214,视频笔记,"67eb97e85d35ce0001a96c29,67f62e4eec137400010dc1cb,67f62ea104afe30001b8d8ed",智R托管-张馨予合集-AGXI-定向-8.20,135955415,2025-08-20 18:51:45,0.00,0,0,0.0%,0.0,0.0,0,0.00,0.0,0,0,0.0,0,0,0.0,0,0.0,0,0.0,0,0.0,0,0.0,0,0.0,0,0.0,0,0.0,0,0.0,0,0.0,0.00,0.0,0,0,0
2118357087,智R托管-张馨予7-AGXI-定向-8.20,暂停,审核通过,通投,商品7日总下单ROI,笔记（商品组件）,689d7bee000000001c01259d,59cde3b9db2e6029a99da214,视频笔记,"67eb97e85d35ce0001a96c29,67f62e4eec137400010dc1cb,67f62ea104afe30001b8d8ed",智R托管-张馨予合集-AGXI-定向-8.20,135955415,2025-08-20 18:51:45,0.00,0,0,0.0%,0.0,0.0,0,0.00,0.0,0,0,0.0,0,0,0.0,0,0.0,0,0.0,0,0.0,0,0.0,0,0.0,0,0.0,0,0.0,0,0.0,0,0.0,0.00,0.0,0,0,0
2105013718,智R托管-6唱-光感白肌饮-定向-8.19-达人直投,暂停,审核通过,通投,商品7日总下单ROI,笔记（商品组件）,681c8c4a00000000230175ef,568d03294775a71e97a474a5,视频笔记,"67a96f5af4fe140001803e33,67bd894629b9f70001b66fed,67a96fff17cfa0000166a95f",智R托管-6唱-光感白肌饮-定向-8.19-达人直投,135646400,2025-08-19 11:36:12,0.00,0,0,0.0%,0.0,0.0,0,0.00,0.0,0,0,0.0,0,0,0.0,0,0.0,0,0.0,0,0.0,0,0.0,0,0.0,0,0.0,0,0.0,0,0.0,0,0.0,0.00,0.0,0,0,0
2103862709,智R托管-答案只-AGXI-系统-8.19-视觉视频,暂停,审核通过,通投,商品7日总下单ROI,笔记（商品组件）,6888748b000000002302d483,59cde3b9db2e6029a99da214,视频笔记,"67eb97e85d35ce0001a96c29,67f62e4eec137400010dc1cb,67f62ea104afe30001b8d8ed",智R托管-答案只-AGXI-系统-8.19-视觉视频,135606507,2025-08-19 09:40:41,0.00,0,0,0.0%,0.0,0.0,0,0.00,0.0,0,0,0.0,0,0,0.0,0,0.0,0,0.0,0,0.0,0,0.0,0,0.0,0,0.0,0,0.0,0,0.0,0,0.0,0.00,0.0,0,0,0
2098304965,智R托管-网瘾少女顺顺-光感白肌饮-系统-8.18-达人直投,暂停,审核通过,通投,商品7日总下单ROI,笔记（商品组件）,689051340000000023036d05,6339b0b2000000001802b8cc,图文笔记,"67bd86679759260001a41644,67a96f5af4fe140001803e33,67bd894629b9f70001b66fed",智R托管-达人合集3-光感白肌饮-系统-8.18-达人直投,135510018,2025-08-18 17:19:05,0.00,0,0,0.0%,0.0,0.0,0,0.00,0.0,0,0,0.0,0,0,0.0,0,0.0,0,0.0,0,0.0,0,0.0,0,0.0,0,0.0,0,0.0,0,0.0,0,0.0,0.00,0.0,0,0,0
2098304964,智R托管-最美人妻壮壮妈-光感白肌饮-系统-8.18-达人直投,被计划暂停,审核通过,通投,商品7日总下单ROI,笔记（商品组件）,688cafdf000000002203a155,63b2f15c000000002801a043,图文笔记,"67bd86679759260001a41644,67a96f5af4fe140001803e33,67bd894629b9f70001b66fed",智R托管-达人合集3-光感白肌饮-系统-8.18-达人直投,135510018,2025-08-18 17:19:05,0.00,0,0,0.0%,0.0,0.0,0,0.00,0.0,0,0,0.0,0,0,0.0,0,0.0,0,0.0,0,0.0,0,0.0,0,0.0,0,0.0,0,0.0,0,0.0,0,0.0,0.00,0.0,0,0,0
2098304963,智R托管-好运涟涟-光感白肌饮-系统-8.18-达人直投,暂停,审核通过,通投,商品7日总下单ROI,笔记（商品组件）,6893088b000000002501f9c4,61d424e0000000001000f9ab,图文笔记,"67bd86679759260001a41644,67a96f5af4fe140001803e33,67bd894629b9f70001b66fed",智R托管-达人合集3-光感白肌饮-系统-8.18-达人直投,135510018,2025-08-18 17:19:05,0.00,0,0,0.0%,0.0,0.0,0,0.00,0.0,0,0,0.0,0,0,0.0,0,0.0,0,0.0,0,0.0,0,0.0,0,0.0,0,0.0,0,0.0,0,0.0,0,0.0,0.00,0.0,0,0,0
2098053549,智R托管-鱼一菡ooo-光感白肌饮-定向-8.18-达人直投,暂停,审核通过,通投,商品7日总下单ROI,笔记（商品组件）,68946194000000002501bdfd,63149cbc00000000120024e3,图文笔记,"67bd86679759260001a41644,67a96f5af4fe140001803e33,67bd894629b9f70001b66fed",智R托管-达人合集2-光感白肌饮-定向-8.18-达人直投,135530069,2025-08-18 17:17:00,0.00,0,0,0.0%,0.0,0.0,0,0.00,0.0,0,0,0.0,0,0,0.0,0,0.0,0,0.0,0,0.0,0,0.0,0,0.0,0,0.0,0,0.0,0,0.0,0,0.0,0.00,0.0,0,0,0
2098053548,智R托管-嗯嗯好的-光感白肌饮-定向-8.18-达人直投,暂停,审核通过,通投,商品7日总下单ROI,笔记（商品组件）,6895b62d000000002501c4e1,567fd03b5e87e73109e239dc,图文笔记,"67bd86679759260001a41644,67a96f5af4fe140001803e33,67bd894629b9f70001b66fed",智R托管-达人合集2-光感白肌饮-定向-8.18-达人直投,135530069,2025-08-18 17:17:00,0.00,0,0,0.0%,0.0,0.0,0,0.00,0.0,0,0,0.0,0,0,0.0,0,0.0,0,0.0,0,0.0,0,0.0,0,0.0,0,0.0,0,0.0,0,0.0,0,0.0,0.00,0.0,0,0,0
2098053547,智R托管-晕头小蛋挞-光感白肌饮-定向-8.18-达人直投,暂停,审核拒绝,通投,商品7日总下单ROI,笔记（商品组件）,689bfcef000000001b0363b8,63ea1233000000002600674f,图文笔记,"67bd86679759260001a41644,67a96f5af4fe140001803e33,67bd894629b9f70001b66fed",智R托管-达人合集2-光感白肌饮-定向-8.18-达人直投,135530069,2025-08-18 17:17:00,0.00,0,0,0.0%,0.0,0.0,0,0.00,0.0,0,0,0.0,0,0,0.0,0,0.0,0,0.0,0,0.0,0,0.0,0,0.0,0,0.0,0,0.0,0,0.0,0,0.0,0.00,0.0,0,0,0
2094796754,智R托管-毛宝-AGXI-系统-8.18-达人直投,暂停,审核通过,通投,商品7日总下单ROI,笔记（商品组件）,6838728f000000002301e550,64d668e4000000000101383d,视频笔记,"67eb97e85d35ce0001a96c29,67f62e4eec137400010dc1cb,67f62ea104afe30001b8d8ed",智R托管-视频合集-AGXI-系统-8.18-达人直投,135401579,2025-08-18 10:22:54,0.00,0,0,0.0%,0.0,0.0,0,0.00,0.0,0,0,0.0,0,0,0.0,0,0.0,0,0.0,0,0.0,0,0.0,0,0.0,0,0.0,0,0.0,0,0.0,0,0.0,0.00,0.0,0,0,0
2094796753,智R托管-Gillianss-AGXI-系统-8.18-达人直投,暂停,审核通过,通投,商品7日总下单ROI,笔记（商品组件）,682c71e8000000002101ae5f,5a58048611be105e0641e329,视频笔记,"67eb97e85d35ce0001a96c29,67f62e4eec137400010dc1cb,67f62ea104afe30001b8d8ed",智R托管-视频合集-AGXI-系统-8.18-达人直投,135401579,2025-08-18 10:22:54,0.00,0,0,0.0%,0.0,0.0,0,0.00,0.0,0,0,0.0,0,0,0.0,0,0.0,0,0.0,0,0.0,0,0.0,0,0.0,0,0.0,0,0.0,0,0.0,0,0.0,0.00,0.0,0,0,0
2094794389,智R托管-小雨的成分碎碎念-AGXI-系统-8.18-达人直投,被计划暂停,审核通过,通投,商品7日总下单ROI,笔记（商品组件）,6808ab90000000000d014fd7,600235e30000000001009e7f,图文笔记,"67eb97e85d35ce0001a96c29,67f62e4eec137400010dc1cb,67f62ea104afe30001b8d8ed",智R托管-达人合集-AGXI-系统-8.18-达人直投,135401512,2025-08-18 10:21:33,0.00,0,0,0.0%,0.0,0.0,0,0.00,0.0,0,0,0.0,0,0,0.0,0,0.0,0,0.0,0,0.0,0,0.0,0,0.0,0,0.0,0,0.0,0,0.0,0,0.0,0.00,0.0,0,0,0
2094794388,智R托管-干饭拉屎第一名-AGXI-系统-8.18-达人直投,暂停,审核通过,通投,商品7日总下单ROI,笔记（商品组件）,682475650000000022005a0a,650ac6fa000000001603b2e5,图文笔记,"67eb97e85d35ce0001a96c29,67f62e4eec137400010dc1cb,67f62ea104afe30001b8d8ed",智R托管-达人合集-AGXI-系统-8.18-达人直投,135401512,2025-08-18 10:21:33,0.00,0,0,0.0%,0.0,0.0,0,0.00,0.0,0,0,0.0,0,0,0.0,0,0.0,0,0.0,0,0.0,0,0.0,0,0.0,0,0.0,0,0.0,0,0.0,0,0.0,0.00,0.0,0,0,0
2094794387,智R托管-小阿江-AGXI-系统-8.18-达人直投,暂停,审核通过,通投,商品7日总下单ROI,笔记（商品组件）,683c0f09000000000c0384cd,5af1d2ea11be103584dc3ce1,图文笔记,"67eb97e85d35ce0001a96c29,67f62e4eec137400010dc1cb,67f62ea104afe30001b8d8ed",智R托管-达人合集-AGXI-系统-8.18-达人直投,135401512,2025-08-18 10:21:33,0.00,0,0,0.0%,0.0,0.0,0,0.00,0.0,0,0,0.0,0,0,0.0,0,0.0,0,0.0,0,0.0,0,0.0,0,0.0,0,0.0,0,0.0,0,0.0,0,0.0,0.00,0.0,0,0,0
2094891649,智R托管-小刘的流水日记-光感白肌饮-系统-8.18-达人直投,被计划暂停,审核通过,通投,商品7日总下单ROI,笔记（商品组件）,683af5f300000000220372d8,617b7db10000000002020959,视频笔记,"67bd86679759260001a41644,67a96f5af4fe140001803e33,67a96fff17cfa0000166a95f,67bd894629b9f70001b66fed",智R托管-小刘的流水日记-光感白肌饮-系统-8.18-达人直投,135396142,2025-08-18 10:15:13,0.00,0,0,0.0%,0.0,0.0,0,0.00,0.0,0,0,0.0,0,0,0.0,0,0.0,0,0.0,0,0.0,0,0.0,0,0.0,0,0.0,0,0.0,0,0.0,0,0.0,0.00,0.0,0,0,0
2094888952,智R托管-自信露-光感白肌饮-定向-8.18,被计划暂停,审核通过,通投,商品7日总下单ROI,笔记（商品组件）,6864f852000000002400d480,59cde3b9db2e6029a99da214,视频笔记,"67bd86679759260001a41644,67a96f5af4fe140001803e33,67a96fff17cfa0000166a95f,67bd894629b9f70001b66fed",智R托管-优质合集-光感白肌饮-定向-8.18,135391424,2025-08-18 10:13:28,0.00,0,0,0.0%,0.0,0.0,0,0.00,0.0,0,0,0.0,0,0,0.0,0,0.0,0,0.0,0,0.0,0,0.0,0,0.0,0,0.0,0,0.0,0,0.0,0,0.0,0.00,0.0,0,0,0
2094888951,智R托管-命用它-光感白肌饮-定向-8.18,被计划暂停,审核拒绝,通投,商品7日总下单ROI,笔记（商品组件）,68807e9d000000002001b5a7,59cde3b9db2e6029a99da214,图文笔记,"67bd86679759260001a41644,67a96f5af4fe140001803e33,67a96fff17cfa0000166a95f,67bd894629b9f70001b66fed",智R托管-优质合集-光感白肌饮-定向-8.18,135391424,2025-08-18 10:13:28,0.00,0,0,0.0%,0.0,0.0,0,0.00,0.0,0,0,0.0,0,0,0.0,0,0.0,0,0.0,0,0.0,0,0.0,0,0.0,0,0.0,0,0.0,0,0.0,0,0.0,0.00,0.0,0,0,0
2094888950,智R托管-上岸内-光感白肌饮-定向-8.18,暂停,审核通过,通投,商品7日总下单ROI,笔记（商品组件）,686c7dca00000000220321e8,59cde3b9db2e6029a99da214,视频笔记,"67bd86679759260001a41644,67a96f5af4fe140001803e33,67a96fff17cfa0000166a95f,67bd894629b9f70001b66fed",智R托管-优质合集-光感白肌饮-定向-8.18,135391424,2025-08-18 10:13:28,0.00,0,0,0.0%,0.0,0.0,0,0.00,0.0,0,0,0.0,0,0,0.0,0,0.0,0,0.0,0,0.0,0,0.0,0,0.0,0,0.0,0,0.0,0,0.0,0,0.0,0.00,0.0,0,0,0
2094888949,智R托管-饮凭实-光感白肌饮-定向-8.18,暂停,审核通过,通投,商品7日总下单ROI,笔记（商品组件）,67ac40e0000000001800dd1a,59cde3b9db2e6029a99da214,图文笔记,"67bd86679759260001a41644,67a96f5af4fe140001803e33,67a96fff17cfa0000166a95f,67bd894629b9f70001b66fed",智R托管-优质合集-光感白肌饮-定向-8.18,135391424,2025-08-18 10:13:28,0.00,0,0,0.0%,0.0,0.0,0,0.00,0.0,0,0,0.0,0,0,0.0,0,0.0,0,0.0,0,0.0,0,0.0,0,0.0,0,0.0,0,0.0,0,0.0,0,0.0,0.00,0.0,0,0,0
2069520423,智R托管-李喵喵miaomiao-光感白肌饮-系统-8.15-达人直投,暂停,审核通过,通投,商品7日总下单ROI,笔记（商品组件）,67c68e1e0000000029029df3,5657c430e4251d04a5103a9c,图文笔记,"67bd86679759260001a41644,67a96f5af4fe140001803e33,67a96fff17cfa0000166a95f,67bd894629b9f70001b66fed",智R托管-达人合集-光感白肌饮-系统-8.15-达人直投,134763165,2025-08-15 10:46:20,0.00,0,0,0.0%,0.0,0.0,0,0.00,0.0,0,0,0.0,0,0,0.0,0,0.0,0,0.0,0,0.0,0,0.0,0,0.0,0,0.0,0,0.0,0,0.0,0,0.0,0.00,0.0,0,0,0
2069520422,智R托管-Wayne-光感白肌饮-系统-8.15-达人直投,被计划暂停,审核通过,通投,商品7日总下单ROI,笔记（商品组件）,686ca358000000001203c7e4,5fb48f3300000000010050ab,图文笔记,"67bd86679759260001a41644,67a96f5af4fe140001803e33,67a96fff17cfa0000166a95f,67bd894629b9f70001b66fed",智R托管-达人合集-光感白肌饮-系统-8.15-达人直投,134763165,2025-08-15 10:46:20,0.00,0,0,0.0%,0.0,0.0,0,0.00,0.0,0,0,0.0,0,0,0.0,0,0.0,0,0.0,0,0.0,0,0.0,0,0.0,0,0.0,0,0.0,0,0.0,0,0.0,0.00,0.0,0,0,0
2062247110,智R托管-张馨予直投-AGXI-定向-8.14-达人直投,暂停,审核通过,通投,商品7日总下单ROI,笔记（商品组件）,689574cf000000002500fa7d,5a81264a11be10430386470d,视频笔记,"67eb97e85d35ce0001a96c29,67f62ea104afe30001b8d8ed",智R托管-张馨予直投-AGXI-定向-8.14-达人直投,134551081,2025-08-14 14:45:24,0.00,0,0,0.0%,0.0,0.0,0,0.00,0.0,0,0,0.0,0,0,0.0,0,0.0,0,0.0,0,0.0,0,0.0,0,0.0,0,0.0,0,0.0,0,0.0,0,0.0,0.00,0.0,0,0,0
2059725640,智R托管-答案只-AGXI-系统-8.14,暂停,审核通过,通投,商品7日总下单ROI,笔记（商品组件）,6888748b000000002302d483,59cde3b9db2e6029a99da214,视频笔记,"67eb97e85d35ce0001a96c29,67f62e4eec137400010dc1cb,67f62ea104afe30001b8d8ed",智R托管-合集-AGXI-系统-8.14,134489050,2025-08-14 09:47:53,0.00,0,0,0.0%,0.0,0.0,0,0.00,0.0,0,0,0.0,0,0,0.0,0,0.0,0,0.0,0,0.0,0,0.0,0,0.0,0,0.0,0,0.0,0,0.0,0,0.0,0.00,0.0,0,0,0
2059725639,智R托管-私藏抗糖-AGXI-系统-8.14,暂停,审核通过,通投,商品7日总下单ROI,笔记（商品组件）,6864a3b8000000002203f6c0,59cde3b9db2e6029a99da214,视频笔记,"67eb97e85d35ce0001a96c29,67f62e4eec137400010dc1cb,67f62ea104afe30001b8d8ed",智R托管-合集-AGXI-系统-8.14,134489050,2025-08-14 09:47:53,0.00,0,0,0.0%,0.0,0.0,0,0.00,0.0,0,0,0.0,0,0,0.0,0,0.0,0,0.0,0,0.0,0,0.0,0,0.0,0,0.0,0,0.0,0,0.0,0,0.0,0.00,0.0,0,0,0
2051150973,智R托管-私藏抗糖-AGXI-系统-8.13,暂停,审核通过,通投,商品7日总下单ROI,笔记（商品组件）,6864a3b8000000002203f6c0,59cde3b9db2e6029a99da214,视频笔记,"67eb97e85d35ce0001a96c29,67f62e4eec137400010dc1cb,67f62ea104afe30001b8d8ed",智R托管-私藏抗糖-AGXI-系统-8.13,134252721,2025-08-13 10:49:26,0.00,0,0,0.0%,0.0,0.0,0,0.00,0.0,0,0,0.0,0,0,0.0,0,0.0,0,0.0,0,0.0,0,0.0,0,0.0,0,0.0,0,0.0,0,0.0,0,0.0,0.00,0.0,0,0,0
2033465752,智R托管-立大功-新X白-系统-8.11,被计划暂停,审核通过,通投,商品7日总下单ROI,笔记（商品组件）,6882d549000000002400e590,59cde3b9db2e6029a99da214,视频笔记,"67f6247db2c30c00015cbc5d,6858efa562560900014a4305",智R托管-立大功-新X白-系统-8.11,133792370,2025-08-11 11:07:39,0.00,0,0,0.0%,0.0,0.0,0,0.00,0.0,0,0,0.0,0,0,0.0,0,0.0,0,0.0,0,0.0,0,0.0,0,0.0,0,0.0,0,0.0,0,0.0,0,0.0,0.00,0.0,0,0,0
2011568103,智R托管-张馨予直投-AGXI-定向-8.8-达人直投,暂停,审核通过,通投,商品7日总下单ROI,笔记（商品组件）,689574cf000000002500fa7d,5a81264a11be10430386470d,视频笔记,"67eb97e85d35ce0001a96c29,67f62ea104afe30001b8d8ed",智R托管-张馨予直投-AGXI-定向-8.8-达人直投,133285571,2025-08-08 17:50:40,0.00,0,0,0.0%,0.0,0.0,0,0.00,0.0,0,0,0.0,0,0,0.0,0,0.0,0,0.0,0,0.0,0,0.0,0,0.0,0,0.0,0,0.0,0,0.0,0,0.0,0.00,0.0,0,0,0
2001258153,智R托管-招抗糖-新X白-定向-8.7,暂停,审核通过,通投,商品7日总下单ROI,笔记（商品组件）,68808668000000002400ac44,59cde3b9db2e6029a99da214,图文笔记,"67f6247db2c30c00015cbc5d,6858efa562560900014a4305",智R托管-招抗糖-新X白-定向-8.7,132984669,2025-08-07 15:01:36,0.00,0,0,0.0%,0.0,0.0,0,0.00,0.0,0,0,0.0,0,0,0.0,0,0.0,0,0.0,0,0.0,0,0.0,0,0.0,0,0.0,0,0.0,0,0.0,0,0.0,0.00,0.0,0,0,0
2000905786,智R托管-升级回-新X白-定向-8.7,暂停,审核通过,通投,商品7日总下单ROI,笔记（商品组件）,68006d2c000000001b03fd69,59cde3b9db2e6029a99da214,图文笔记,67f6247db2c30c00015cbc5d,智R托管-复投4条-新X白-定向-8.7,132988169,2025-08-07 14:10:07,0.00,0,0,0.0%,0.0,0.0,0,0.00,0.0,0,0,0.0,0,0,0.0,0,0.0,0,0.0,0,0.0,0,0.0,0,0.0,0,0.0,0,0.0,0,0.0,0,0.0,0.00,0.0,0,0,0
2000905785,智R托管-肤才是-新X白-定向-8.7,被计划暂停,审核通过,通投,商品7日总下单ROI,笔记（商品组件）,68394c8f000000002102fb4b,59cde3b9db2e6029a99da214,图文笔记,"67f6247db2c30c00015cbc5d,67f62ea104afe30001b8d8ed,67a96fff17cfa0000166a95f",智R托管-复投4条-新X白-定向-8.7,132988169,2025-08-07 14:10:07,0.00,0,0,0.0%,0.0,0.0,0,0.00,0.0,0,0,0.0,0,0,0.0,0,0.0,0,0.0,0,0.0,0,0.0,0,0.0,0,0.0,0,0.0,0,0.0,0,0.0,0.00,0.0,0,0,0
2000905784,智R托管-正确解法-新X白-定向-8.7,被计划暂停,审核通过,通投,商品7日总下单ROI,笔记（商品组件）,6822d7bd000000002001c1d0,59cde3b9db2e6029a99da214,图文笔记,67f6247db2c30c00015cbc5d,智R托管-复投4条-新X白-定向-8.7,132988169,2025-08-07 14:10:07,0.00,0,0,0.0%,0.0,0.0,0,0.00,0.0,0,0,0.0,0,0,0.0,0,0.0,0,0.0,0,0.0,0,0.0,0,0.0,0,0.0,0,0.0,0,0.0,0,0.0,0.00,0.0,0,0,0
2000905783,智R托管-革新升级-新X白-定向-8.7,被计划暂停,审核通过,通投,商品7日总下单ROI,笔记（商品组件）,68269ab4000000002001e865,59cde3b9db2e6029a99da214,图文笔记,"67f6247db2c30c00015cbc5d,67eb97e85d35ce0001a96c29,67f62e4eec137400010dc1cb,67f62ea104afe30001b8d8ed,67bd86679759260001a41644,67a96f5af4fe140001803e33,67a96fff17cfa0000166a95f",智R托管-复投4条-新X白-定向-8.7,132988169,2025-08-07 14:10:07,0.00,0,0,0.0%,0.0,0.0,0,0.00,0.0,0,0,0.0,0,0,0.0,0,0.0,0,0.0,0,0.0,0,0.0,0,0.0,0,0.0,0,0.0,0,0.0,0,0.0,0.00,0.0,0,0,0
1985315436,智R搜索-必拿下-光感白肌饮-定向-8.5,暂停,审核通过,搜索,商品7日总下单ROI,笔记（商品组件）,6888219c000000001c030c2b,59cde3b9db2e6029a99da214,视频笔记,"67bd86679759260001a41644,67a96f5af4fe140001803e33,67a96fff17cfa0000166a95f",智R搜索-合集-光感白肌饮-定向-8.5,132567118,2025-08-05 17:39:35,0.00,0,0,0.0%,0.0,0.0,0,0.00,0.0,0,0,0.0,0,0,0.0,0,0.0,0,0.0,0,0.0,0,0.0,0,0.0,0,0.0,0,0.0,0,0.0,0,0.0,0.00,0.0,0,0,0
1985315435,智R搜索-饮凭实-光感白肌饮-定向-8.5,暂停,审核通过,搜索,商品7日总下单ROI,笔记（商品组件）,67ac40e0000000001800dd1a,59cde3b9db2e6029a99da214,图文笔记,"67bd86679759260001a41644,67a96f5af4fe140001803e33,67a96fff17cfa0000166a95f",智R搜索-合集-光感白肌饮-定向-8.5,132567118,2025-08-05 17:39:35,0.00,0,0,0.0%,0.0,0.0,0,0.00,0.0,0,0,0.0,0,0,0.0,0,0.0,0,0.0,0,0.0,0,0.0,0,0.0,0,0.0,0,0.0,0,0.0,0,0.0,0.00,0.0,0,0,0
1985315434,智R搜索-上岸内-光感白肌饮-定向-8.5,暂停,审核通过,搜索,商品7日总下单ROI,笔记（商品组件）,686c7dca00000000220321e8,59cde3b9db2e6029a99da214,视频笔记,"67bd86679759260001a41644,67a96f5af4fe140001803e33,67a96fff17cfa0000166a95f",智R搜索-合集-光感白肌饮-定向-8.5,132567118,2025-08-05 17:39:35,0.00,0,0,0.0%,0.0,0.0,0,0.00,0.0,0,0,0.0,0,0,0.0,0,0.0,0,0.0,0,0.0,0,0.0,0,0.0,0,0.0,0,0.0,0,0.0,0,0.0,0.00,0.0,0,0,0
1985357723,智R搜索-糖太容-AGXI-系统-8.5,暂停,审核拒绝,搜索,商品7日总下单ROI,笔记（商品组件）,67d0011e000000000703599a,59cde3b9db2e6029a99da214,图文笔记,"67eb97e85d35ce0001a96c29,67f62e4eec137400010dc1cb,67f62ea104afe30001b8d8ed",智R搜索-合集-AGXI-定向-8.5,132539498,2025-08-05 17:34:33,0.00,0,0,0.0%,0.0,0.0,0,0.00,0.0,0,0,0.0,0,0,0.0,0,0.0,0,0.0,0,0.0,0,0.0,0,0.0,0,0.0,0,0.0,0,0.0,0,0.0,0.00,0.0,0,0,0
1985357722,智R搜索-戒甜抗-AGXI-系统-8.5,暂停,审核通过,搜索,商品7日总下单ROI,笔记（商品组件）,687852740000000023004fc9,59cde3b9db2e6029a99da214,图文笔记,"67eb97e85d35ce0001a96c29,67f62e4eec137400010dc1cb,67f62ea104afe30001b8d8ed",智R搜索-合集-AGXI-定向-8.5,132539498,2025-08-05 17:34:33,0.00,0,0,0.0%,0.0,0.0,0,0.00,0.0,0,0,0.0,0,0,0.0,0,0.0,0,0.0,0,0.0,0,0.0,0,0.0,0,0.0,0,0.0,0,0.0,0,0.0,0.00,0.0,0,0,0
1985357721,智R搜索-私藏抗糖-AGXI-系统-8.5,暂停,审核通过,搜索,商品7日总下单ROI,笔记（商品组件）,6864a3b8000000002203f6c0,59cde3b9db2e6029a99da214,视频笔记,"67eb97e85d35ce0001a96c29,67f62e4eec137400010dc1cb,67f62ea104afe30001b8d8ed",智R搜索-合集-AGXI-定向-8.5,132539498,2025-08-05 17:34:33,0.00,0,0,0.0%,0.0,0.0,0,0.00,0.0,0,0,0.0,0,0,0.0,0,0.0,0,0.0,0,0.0,0,0.0,0,0.0,0,0.0,0,0.0,0,0.0,0,0.0,0.00,0.0,0,0,0
1985357720,智R搜索-同款抗-AGXI-系统-8.5,暂停,审核通过,搜索,商品7日总下单ROI,笔记（商品组件）,6879e60e0000000023004e21,59cde3b9db2e6029a99da214,视频笔记,"67eb97e85d35ce0001a96c29,67f62e4eec137400010dc1cb,67f62ea104afe30001b8d8ed",智R搜索-合集-AGXI-定向-8.5,132539498,2025-08-05 17:34:33,0.00,0,0,0.0%,0.0,0.0,0,0.00,0.0,0,0,0.0,0,0,0.0,0,0.0,0,0.0,0,0.0,0,0.0,0,0.0,0,0.0,0,0.0,0,0.0,0,0.0,0.00,0.0,0,0,0
1985357719,智R搜索-点东西-AGXI-系统-8.5,暂停,审核通过,搜索,商品7日总下单ROI,笔记（商品组件）,6853c34a000000001c035d83,59cde3b9db2e6029a99da214,图文笔记,"67eb97e85d35ce0001a96c29,67f62e4eec137400010dc1cb,67f62ea104afe30001b8d8ed",智R搜索-合集-AGXI-定向-8.5,132539498,2025-08-05 17:34:33,0.00,0,0,0.0%,0.0,0.0,0,0.00,0.0,0,0,0.0,0,0,0.0,0,0.0,0,0.0,0,0.0,0,0.0,0,0.0,0,0.0,0,0.0,0,0.0,0,0.0,0.00,0.0,0,0,0
1985357718,智R搜索-防御体系-AGXI-系统-8.5,暂停,审核通过,搜索,商品7日总下单ROI,笔记（商品组件）,681096ca000000002200713a,59cde3b9db2e6029a99da214,图文笔记,"67eb97e85d35ce0001a96c29,67f62e4eec137400010dc1cb,67f62ea104afe30001b8d8ed",智R搜索-合集-AGXI-定向-8.5,132539498,2025-08-05 17:34:33,0.00,0,0,0.0%,0.0,0.0,0,0.00,0.0,0,0,0.0,0,0,0.0,0,0.0,0,0.0,0,0.0,0,0.0,0,0.0,0,0.0,0,0.0,0,0.0,0,0.0,0.00,0.0,0,0,0
1982963811,智R托管-立大功-新X白-定向-8.5,被计划暂停,审核通过,通投,商品7日总下单ROI,笔记（商品组件）,6882d549000000002400e590,59cde3b9db2e6029a99da214,视频笔记,"67f6247db2c30c00015cbc5d,6858efa562560900014a4305",智R托管-合集2-新X白-定向-8.5,132465116,2025-08-05 11:48:32,0.00,0,0,0.0%,0.0,0.0,0,0.00,0.0,0,0,0.0,0,0,0.0,0,0.0,0,0.0,0,0.0,0,0.0,0,0.0,0,0.0,0,0.0,0,0.0,0,0.0,0.00,0.0,0,0,0
1982963810,智R托管-俩身上-新X白-定向-8.5,暂停,审核通过,通投,商品7日总下单ROI,笔记（商品组件）,688ad2c4000000002301a2ca,59cde3b9db2e6029a99da214,视频笔记,"67f6247db2c30c00015cbc5d,6858efa562560900014a4305",智R托管-合集2-新X白-定向-8.5,132465116,2025-08-05 11:48:32,0.00,0,0,0.0%,0.0,0.0,0,0.00,0.0,0,0,0.0,0,0,0.0,0,0.0,0,0.0,0,0.0,0,0.0,0,0.0,0,0.0,0,0.0,0,0.0,0,0.0,0.00,0.0,0,0,0
1982963809,智R托管-夏马威-新X白-定向-8.5,暂停,审核拒绝,通投,商品7日总下单ROI,笔记（商品组件）,68706aae000000001c0320b0,59cde3b9db2e6029a99da214,图文笔记,"67f6247db2c30c00015cbc5d,6858efa562560900014a4305",智R托管-合集2-新X白-定向-8.5,132465116,2025-08-05 11:48:32,0.00,0,0,0.0%,0.0,0.0,0,0.00,0.0,0,0,0.0,0,0,0.0,0,0.0,0,0.0,0,0.0,0,0.0,0,0.0,0,0.0,0,0.0,0,0.0,0,0.0,0.00,0.0,0,0,0
1983012640,智R托管-招抗糖-新X白-定向-8.5,暂停,审核通过,通投,商品7日总下单ROI,笔记（商品组件）,68808668000000002400ac44,59cde3b9db2e6029a99da214,图文笔记,"67f6247db2c30c00015cbc5d,6858efa562560900014a4305",智R托管-合集-新X白-定向-8.5,132470596,2025-08-05 11:46:53,0.00,0,0,0.0%,0.0,0.0,0,0.00,0.0,0,0,0.0,0,0,0.0,0,0.0,0,0.0,0,0.0,0,0.0,0,0.0,0,0.0,0,0.0,0,0.0,0,0.0,0.00,0.0,0,0,0
1983012639,智R托管-稳稳稳-新X白-定向-8.5,暂停,审核通过,通投,商品7日总下单ROI,笔记（商品组件）,6865ed1a0000000022033186,59cde3b9db2e6029a99da214,图文笔记,"67f6247db2c30c00015cbc5d,6858efa562560900014a4305",智R托管-合集-新X白-定向-8.5,132470596,2025-08-05 11:46:53,0.00,0,0,0.0%,0.0,0.0,0,0.00,0.0,0,0,0.0,0,0,0.0,0,0.0,0,0.0,0,0.0,0,0.0,0,0.0,0,0.0,0,0.0,0,0.0,0,0.0,0.00,0.0,0,0,0
1983012638,智R托管-养成半-新X白-定向-8.5,被计划暂停,审核通过,通投,商品7日总下单ROI,笔记（商品组件）,66f52544000000002c014fe6,59cde3b9db2e6029a99da214,视频笔记,"67f6247db2c30c00015cbc5d,6858efa562560900014a4305",智R托管-合集-新X白-定向-8.5,132470596,2025-08-05 11:46:53,0.00,0,0,0.0%,0.0,0.0,0,0.00,0.0,0,0,0.0,0,0,0.0,0,0.0,0,0.0,0,0.0,0,0.0,0,0.0,0,0.0,0,0.0,0,0.0,0,0.0,0.00,0.0,0,0,0
1982961819,智R托管-实现大-新X白-定向-8.5,暂停,审核通过,通投,商品7日总下单ROI,笔记（商品组件）,67ecf570000000001b03db8b,59cde3b9db2e6029a99da214,图文笔记,"67f6247db2c30c00015cbc5d,6858efa562560900014a4305,67a96fff17cfa0000166a95f,67f62ea104afe30001b8d8ed",智R托管-实现大-新X白-定向-8.5,132470534,2025-08-05 11:45:13,0.00,0,0,0.0%,0.0,0.0,0,0.00,0.0,0,0,0.0,0,0,0.0,0,0.0,0,0.0,0,0.0,0,0.0,0,0.0,0,0.0,0,0.0,0,0.0,0,0.0,0.00,0.0,0,0,0
1982899763,智R托管-必拿下-光感白肌饮-系统-8.5,暂停,审核通过,通投,商品7日总下单ROI,笔记（商品组件）,6888219c000000001c030c2b,59cde3b9db2e6029a99da214,视频笔记,"67bd86679759260001a41644,67a96f5af4fe140001803e33,67a96fff17cfa0000166a95f",智R托管-合集-光感白肌饮-系统-8.5,132445894,2025-08-05 11:39:53,0.00,0,0,0.0%,0.0,0.0,0,0.00,0.0,0,0,0.0,0,0,0.0,0,0.0,0,0.0,0,0.0,0,0.0,0,0.0,0,0.0,0,0.0,0,0.0,0,0.0,0.00,0.0,0,0,0
1982899762,智R托管-上岸内-光感白肌饮-系统-8.5,暂停,审核通过,通投,商品7日总下单ROI,笔记（商品组件）,686c7dca00000000220321e8,59cde3b9db2e6029a99da214,视频笔记,"67bd86679759260001a41644,67a96f5af4fe140001803e33,67a96fff17cfa0000166a95f",智R托管-合集-光感白肌饮-系统-8.5,132445894,2025-08-05 11:39:53,0.00,0,0,0.0%,0.0,0.0,0,0.00,0.0,0,0,0.0,0,0,0.0,0,0.0,0,0.0,0,0.0,0,0.0,0,0.0,0,0.0,0,0.0,0,0.0,0,0.0,0.00,0.0,0,0,0
1982897474,智R托管-饮凭实-光感白肌饮-定向-8.5,暂停,审核通过,通投,商品7日总下单ROI,笔记（商品组件）,67ac40e0000000001800dd1a,59cde3b9db2e6029a99da214,图文笔记,"67bd86679759260001a41644,67a96f5af4fe140001803e33,67bd894629b9f70001b66fed",智R托管-饮凭实-光感白肌饮-定向-8.5,132445776,2025-08-05 11:36:58,0.00,0,0,0.0%,0.0,0.0,0,0.00,0.0,0,0,0.0,0,0,0.0,0,0.0,0,0.0,0,0.0,0,0.0,0,0.0,0,0.0,0,0.0,0,0.0,0,0.0,0.00,0.0,0,0,0
1982791486,智R托管-戒甜抗-AGXI-系统-8.5,暂停,审核通过,通投,商品7日总下单ROI,笔记（商品组件）,687852740000000023004fc9,59cde3b9db2e6029a99da214,图文笔记,"67f62ea104afe30001b8d8ed,67eb97e85d35ce0001a96c29",智R托管-戒甜抗-AGXI-系统-8.5,132450648,2025-08-05 11:31:06,0.00,0,0,0.0%,0.0,0.0,0,0.00,0.0,0,0,0.0,0,0,0.0,0,0.0,0,0.0,0,0.0,0,0.0,0,0.0,0,0.0,0,0.0,0,0.0,0,0.0,0.00,0.0,0,0,0
1982790040,智R托管-私藏抗糖-AGXI-系统-8.5,暂停,审核通过,通投,商品7日总下单ROI,笔记（商品组件）,6864a3b8000000002203f6c0,59cde3b9db2e6029a99da214,视频笔记,"67eb97e85d35ce0001a96c29,67f62e4eec137400010dc1cb,67f62ea104afe30001b8d8ed",智R托管-私藏抗糖-AGXI-系统-8.5,132455457,2025-08-05 11:30:10,0.00,0,0,0.0%,0.0,0.0,0,0.00,0.0,0,0,0.0,0,0,0.0,0,0.0,0,0.0,0,0.0,0,0.0,0,0.0,0,0.0,0,0.0,0,0.0,0,0.0,0.00,0.0,0,0,0
1982887763,智R托管-同款抗-AGXI-系统-8.5,暂停,审核通过,通投,商品7日总下单ROI,笔记（商品组件）,6879e60e0000000023004e21,59cde3b9db2e6029a99da214,视频笔记,"67f62ea104afe30001b8d8ed,67eb97e85d35ce0001a96c29",智R托管-同款抗-AGXI-系统-8.5,132455438,2025-08-05 11:29:33,0.00,0,0,0.0%,0.0,0.0,0,0.00,0.0,0,0,0.0,0,0,0.0,0,0.0,0,0.0,0,0.0,0,0.0,0,0.0,0,0.0,0,0.0,0,0.0,0,0.0,0.00,0.0,0,0,0
1982789133,智R托管-点东西-AGXI-系统-8.5,暂停,审核通过,通投,商品7日总下单ROI,笔记（商品组件）,6853c34a000000001c035d83,59cde3b9db2e6029a99da214,图文笔记,"67eb97e85d35ce0001a96c29,67f62e4eec137400010dc1cb,67f62ea104afe30001b8d8ed",智R托管-点东西-AGXI-系统-8.5,132455394,2025-08-05 11:28:51,0.00,0,0,0.0%,0.0,0.0,0,0.00,0.0,0,0,0.0,0,0,0.0,0,0.0,0,0.0,0,0.0,0,0.0,0,0.0,0,0.0,0,0.0,0,0.0,0,0.0,0.00,0.0,0,0,0
1981525444,智R托管-朋好友-光感白肌饮-定向-8.5,被计划暂停,审核通过,通投,商品7日总下单ROI,笔记（商品组件）,681da71500000000210098f3,59cde3b9db2e6029a99da214,视频笔记,"67a96f5af4fe140001803e33,67a96fff17cfa0000166a95f,67bd86679759260001a41644,67bd894629b9f70001b66fed",智R托管-朋好友-光感白肌饮-定向-8.5,132403740,2025-08-05 09:12:53,0.00,0,0,0.0%,0.0,0.0,0,0.00,0.0,0,0,0.0,0,0,0.0,0,0.0,0,0.0,0,0.0,0,0.0,0,0.0,0,0.0,0,0.0,0,0.0,0,0.0,0.00,0.0,0,0,0
1977594194,智R托管-爆改漂亮-光感白肌饮-定向-8.4,暂停,审核通过,通投,商品7日总下单ROI,笔记（商品组件）,6878a3a6000000001c030df2,59cde3b9db2e6029a99da214,视频笔记,67a96fff17cfa0000166a95f,智R托管-爆改漂亮-光感白肌饮-定向-8.4,132335429,2025-08-04 18:10:19,0.00,0,0,0.0%,0.0,0.0,0,0.00,0.0,0,0,0.0,0,0,0.0,0,0.0,0,0.0,0,0.0,0,0.0,0,0.0,0,0.0,0,0.0,0,0.0,0,0.0,0.00,0.0,0,0,0
1975658035,智R托管-防御体系-AGXI-定向-8.4,暂停,审核通过,通投,商品7日总下单ROI,笔记（商品组件）,681096ca000000002200713a,59cde3b9db2e6029a99da214,图文笔记,"67eb97e85d35ce0001a96c29,67f62e4eec137400010dc1cb,67f62ea104afe30001b8d8ed",智R托管-防御体系-AGXI-定向-8.4,132264866,2025-08-04 15:17:43,0.00,0,0,0.0%,0.0,0.0,0,0.00,0.0,0,0,0.0,0,0,0.0,0,0.0,0,0.0,0,0.0,0,0.0,0,0.0,0,0.0,0,0.0,0,0.0,0,0.0,0.00,0.0,0,0,0
1975909666,智R托管-解锁由-横测笔记-定向-8.4,暂停,审核通过,通投,商品7日总下单ROI,笔记（商品组件）,68059d30000000001d01b56c,59cde3b9db2e6029a99da214,图文笔记,"67f62ea104afe30001b8d8ed,67a96fff17cfa0000166a95f,662b5c49853c0300010a6c80,660293cf3b4dcf0001ccc97d,67f6247db2c30c00015cbc5d",智R托管-解锁由-横测笔记-定向-8.4,132280605,2025-08-04 15:16:47,0.00,0,0,0.0%,0.0,0.0,0,0.00,0.0,0,0,0.0,0,0,0.0,0,0.0,0,0.0,0,0.0,0,0.0,0,0.0,0,0.0,0,0.0,0,0.0,0,0.0,0.00,0.0,0,0,0
1938087603,智R托管-爆改漂亮-光感白肌饮-系统-7.30,暂停,审核通过,通投,商品7日总下单ROI,笔记（商品组件）,6878a3a6000000001c030df2,59cde3b9db2e6029a99da214,视频笔记,67a96fff17cfa0000166a95f,智R托管-爆改漂亮-光感白肌饮-系统-7.30,131425034,2025-07-30 18:08:18,0.00,0,0,0.0%,0.0,0.0,0,0.00,0.0,0,0,0.0,0,0,0.0,0,0.0,0,0.0,0,0.0,0,0.0,0,0.0,0,0.0,0,0.0,0,0.0,0,0.0,0.00,0.0,0,0,0
1930036601,智R托管-高阶投资-新X白-系统-7.29,暂停,审核通过,通投,商品7日总下单ROI,笔记（商品组件）,6826f097000000002001e1f2,59cde3b9db2e6029a99da214,视频笔记,"67f6247db2c30c00015cbc5d,6858efa562560900014a4305",智R托管-合集-新X白-系统-7.29,131220131,2025-07-29 18:10:23,0.00,0,0,0.0%,0.0,0.0,0,0.00,0.0,0,0,0.0,0,0,0.0,0,0.0,0,0.0,0,0.0,0,0.0,0,0.0,0,0.0,0,0.0,0,0.0,0,0.0,0.00,0.0,0,0,0
1930036600,智R托管-稳稳稳-新X白-系统-7.29,暂停,审核通过,通投,商品7日总下单ROI,笔记（商品组件）,6865ed1a0000000022033186,59cde3b9db2e6029a99da214,图文笔记,"67f6247db2c30c00015cbc5d,6858efa562560900014a4305",智R托管-合集-新X白-系统-7.29,131220131,2025-07-29 18:10:23,0.00,0,0,0.0%,0.0,0.0,0,0.00,0.0,0,0,0.0,0,0,0.0,0,0.0,0,0.0,0,0.0,0,0.0,0,0.0,0,0.0,0,0.0,0,0.0,0,0.0,0.00,0.0,0,0,0
1930036599,智R托管-立大功-新X白-系统-7.29,被计划暂停,审核通过,通投,商品7日总下单ROI,笔记（商品组件）,6882d549000000002400e590,59cde3b9db2e6029a99da214,视频笔记,"67f6247db2c30c00015cbc5d,6858efa562560900014a4305",智R托管-合集-新X白-系统-7.29,131220131,2025-07-29 18:10:23,0.00,0,0,0.0%,0.0,0.0,0,0.00,0.0,0,0,0.0,0,0,0.0,0,0.0,0,0.0,0,0.0,0,0.0,0,0.0,0,0.0,0,0.0,0,0.0,0,0.0,0.00,0.0,0,0,0
1930036598,智R托管-夏马威-新X白-系统-7.29,暂停,审核拒绝,通投,商品7日总下单ROI,笔记（商品组件）,68706aae000000001c0320b0,59cde3b9db2e6029a99da214,图文笔记,"67f6247db2c30c00015cbc5d,6858efa562560900014a4305",智R托管-合集-新X白-系统-7.29,131220131,2025-07-29 18:10:23,0.00,0,0,0.0%,0.0,0.0,0,0.00,0.0,0,0,0.0,0,0,0.0,0,0.0,0,0.0,0,0.0,0,0.0,0,0.0,0,0.0,0,0.0,0,0.0,0,0.0,0.00,0.0,0,0,0
1930036597,智R托管-养成半-新X白-系统-7.29,被计划暂停,审核通过,通投,商品7日总下单ROI,笔记（商品组件）,66f52544000000002c014fe6,59cde3b9db2e6029a99da214,视频笔记,"67f6247db2c30c00015cbc5d,6858efa562560900014a4305",智R托管-合集-新X白-系统-7.29,131220131,2025-07-29 18:10:23,0.00,0,0,0.0%,0.0,0.0,0,0.00,0.0,0,0,0.0,0,0,0.0,0,0.0,0,0.0,0,0.0,0,0.0,0,0.0,0,0.0,0,0.0,0,0.0,0,0.0,0.00,0.0,0,0,0
1930082466,智R托管-私藏抗糖-AGXI-系统-7.29,暂停,审核通过,通投,商品7日总下单ROI,笔记（商品组件）,6864a3b8000000002203f6c0,59cde3b9db2e6029a99da214,视频笔记,"67eb97e85d35ce0001a96c29,67f62e4eec137400010dc1cb,67f62ea104afe30001b8d8ed",智R托管-合集-AGXI-系统-7.29,131214465,2025-07-29 18:06:53,0.00,0,0,0.0%,0.0,0.0,0,0.00,0.0,0,0,0.0,0,0,0.0,0,0.0,0,0.0,0,0.0,0,0.0,0,0.0,0,0.0,0,0.0,0,0.0,0,0.0,0.00,0.0,0,0,0
1930082465,智R托管-变黄-AGXI-系统-7.29,被计划暂停,审核拒绝,通投,商品7日总下单ROI,笔记（商品组件）,6864a983000000002400c0e0,59cde3b9db2e6029a99da214,视频笔记,"67eb97e85d35ce0001a96c29,67f62e4eec137400010dc1cb,67f62ea104afe30001b8d8ed",智R托管-合集-AGXI-系统-7.29,131214465,2025-07-29 18:06:53,0.00,0,0,0.0%,0.0,0.0,0,0.00,0.0,0,0,0.0,0,0,0.0,0,0.0,0,0.0,0,0.0,0,0.0,0,0.0,0,0.0,0,0.0,0,0.0,0,0.0,0.00,0.0,0,0,0
1930082464,智R托管-点东西-AGXI-系统-7.29,暂停,审核通过,通投,商品7日总下单ROI,笔记（商品组件）,6853c34a000000001c035d83,59cde3b9db2e6029a99da214,图文笔记,"67eb97e85d35ce0001a96c29,67f62e4eec137400010dc1cb,67f62ea104afe30001b8d8ed",智R托管-合集-AGXI-系统-7.29,131214465,2025-07-29 18:06:53,0.00,0,0,0.0%,0.0,0.0,0,0.00,0.0,0,0,0.0,0,0,0.0,0,0.0,0,0.0,0,0.0,0,0.0,0,0.0,0,0.0,0,0.0,0,0.0,0,0.0,0.00,0.0,0,0,0
1930080467,智R托管-防御体系-AGXI-定向-7.29,暂停,审核通过,通投,商品7日总下单ROI,笔记（商品组件）,681096ca000000002200713a,59cde3b9db2e6029a99da214,图文笔记,"67eb97e85d35ce0001a96c29,67f62e4eec137400010dc1cb,67f62ea104afe30001b8d8ed",智R托管-防御体系-AGXI-定向-7.29,131219916,2025-07-29 18:04:32,0.00,0,0,0.0%,0.0,0.0,0,0.00,0.0,0,0,0.0,0,0,0.0,0,0.0,0,0.0,0,0.0,0,0.0,0,0.0,0,0.0,0,0.0,0,0.0,0,0.0,0.00,0.0,0,0,0
1919685014,智R托管-饮凭实-光感白肌饮-系统-7.28,暂停,不满足审核条件,通投,商品7日总下单ROI,笔记（商品组件）,67ac40e0000000001800dd1a,59cde3b9db2e6029a99da214,图文笔记,67a96f5af4fe140001803e33,智R托管-饮凭实-光感白肌饮-系统-7.28,130891013,2025-07-28 11:44:47,0.00,0,0,0.0%,0.0,0.0,0,0.00,0.0,0,0,0.0,0,0,0.0,0,0.0,0,0.0,0,0.0,0,0.0,0,0.0,0,0.0,0,0.0,0,0.0,0,0.0,0.00,0.0,0,0,0
1896683408,智R托管-不愿说-AGXI-定向-7.25,暂停,审核拒绝,通投,商品7日总下单ROI,笔记（商品组件）,68270cf9000000002002aa58,59cde3b9db2e6029a99da214,视频笔记,"67f62ea104afe30001b8d8ed,67eb97e85d35ce0001a96c29",智R托管-不愿说-AGXI-定向-7.25,130278716,2025-07-25 10:07:11,0.00,0,0,0.0%,0.0,0.0,0,0.00,0.0,0,0,0.0,0,0,0.0,0,0.0,0,0.0,0,0.0,0,0.0,0,0.0,0,0.0,0,0.0,0,0.0,0,0.0,0.00,0.0,0,0,0
1896739619,智R托管-解锁由-横测笔记-定向-7.25,暂停,审核通过,通投,商品7日总下单ROI,笔记（商品组件）,68059d30000000001d01b56c,59cde3b9db2e6029a99da214,图文笔记,"67f62ea104afe30001b8d8ed,67a96fff17cfa0000166a95f,662b5c49853c0300010a6c80,660293cf3b4dcf0001ccc97d,67f6247db2c30c00015cbc5d",智R托管-解锁由-横测笔记-定向-7.25,130284035,2025-07-25 10:06:48,0.00,0,0,0.0%,0.0,0.0,0,0.00,0.0,0,0,0.0,0,0,0.0,0,0.0,0,0.0,0,0.0,0,0.0,0,0.0,0,0.0,0,0.0,0,0.0,0,0.0,0.00,0.0,0,0,0
1882084559,智R托管-高阶玩家-新X白-定向-7.23,暂停,审核通过,通投,商品7日总下单ROI,笔记（商品组件）,680058f8000000001d038321,59cde3b9db2e6029a99da214,图文笔记,67f6247db2c30c00015cbc5d,智R托管-高阶玩家-新X白-定向-7.23,129891396,2025-07-23 13:41:33,0.00,0,0,0.0%,0.0,0.0,0,0.00,0.0,0,0,0.0,0,0,0.0,0,0.0,0,0.0,0,0.0,0,0.0,0,0.0,0,0.0,0,0.0,0,0.0,0,0.0,0.00,0.0,0,0,0
1815096433,智R托管-不愿说-AGXI-系统-7.14,暂停,审核拒绝,通投,商品7日总下单ROI,笔记（商品组件）,68270cf9000000002002aa58,59cde3b9db2e6029a99da214,视频笔记,"67f62ea104afe30001b8d8ed,67eb97e85d35ce0001a96c29",智R托管-不愿说-AGXI-系统-7.14,128154887,2025-07-14 16:18:17,0.00,0,0,0.0%,0.0,0.0,0,0.00,0.0,0,0,0.0,0,0,0.0,0,0.0,0,0.0,0,0.0,0,0.0,0,0.0,0,0.0,0,0.0,0,0.0,0,0.0,0.00,0.0,0,0,0
1815283625,智R托管-退退退-AGXI-系统-7.14,被计划暂停,审核通过,通投,商品7日总下单ROI,笔记（商品组件）,68536d8e000000001c0321b2,59cde3b9db2e6029a99da214,视频笔记,"67eb97e85d35ce0001a96c29,67f62e4eec137400010dc1cb,67f62ea104afe30001b8d8ed",智R托管-退退退-AGXI-系统-7.14,128149627,2025-07-14 16:15:38,0.00,0,0,0.0%,0.0,0.0,0,0.00,0.0,0,0,0.0,0,0,0.0,0,0.0,0,0.0,0,0.0,0,0.0,0,0.0,0,0.0,0,0.0,0,0.0,0,0.0,0.00,0.0,0,0,0
1793942777,智R托管-高阶投资-新X白-系统-7.11,暂停,审核通过,通投,商品7日总下单ROI,笔记（商品组件）,6826f097000000002001e1f2,59cde3b9db2e6029a99da214,视频笔记,"67f6247db2c30c00015cbc5d,6858efa562560900014a4305",智R托管-视频合集-新X白-系统-7.11,127727216,2025-07-11 11:10:54,0.00,0,0,0.0%,0.0,0.0,0,0.00,0.0,0,0,0.0,0,0,0.0,0,0.0,0,0.0,0,0.0,0,0.0,0,0.0,0,0.0,0,0.0,0,0.0,0,0.0,0.00,0.0,0,0,0
1793942776,智R托管-全新升-新X白-系统-7.11,被计划暂停,审核通过,通投,商品7日总下单ROI,笔记（商品组件）,6805aad1000000001d019882,59cde3b9db2e6029a99da214,视频笔记,"67f6247db2c30c00015cbc5d,6858efa562560900014a4305",智R托管-视频合集-新X白-系统-7.11,127727216,2025-07-11 11:10:54,0.00,0,0,0.0%,0.0,0.0,0,0.00,0.0,0,0,0.0,0,0,0.0,0,0.0,0,0.0,0,0.0,0,0.0,0,0.0,0,0.0,0,0.0,0,0.0,0,0.0,0.00,0.0,0,0,0
1793995623,智R托管-有秘籍-新X白-系统-7.11,被计划暂停,审核通过,通投,商品7日总下单ROI,笔记（商品组件）,6806f843000000001c0028df,59cde3b9db2e6029a99da214,视频笔记,"67f6247db2c30c00015cbc5d,6858efa562560900014a4305",智R托管-有秘籍-新X白-系统-7.11,127737728,2025-07-11 11:07:32,0.00,0,0,0.0%,0.0,0.0,0,0.00,0.0,0,0,0.0,0,0,0.0,0,0.0,0,0.0,0,0.0,0,0.0,0,0.0,0,0.0,0,0.0,0,0.0,0,0.0,0.00,0.0,0,0,0
1793787935,智R托管-还没靠-新X白-系统-7.11,被计划暂停,审核通过,通投,商品7日总下单ROI,笔记（商品组件）,68494070000000002001d61f,59cde3b9db2e6029a99da214,图文笔记,67f6247db2c30c00015cbc5d,智R托管-合集-新X白-系统-7.11,127716416,2025-07-11 11:05:05,0.00,0,0,0.0%,0.0,0.0,0,0.00,0.0,0,0,0.0,0,0,0.0,0,0.0,0,0.0,0,0.0,0,0.0,0,0.0,0,0.0,0,0.0,0,0.0,0,0.0,0.00,0.0,0,0,0
1793787934,智R托管-升级回-新X白-系统-7.11,暂停,审核通过,通投,商品7日总下单ROI,笔记（商品组件）,68006d2c000000001b03fd69,59cde3b9db2e6029a99da214,图文笔记,67f6247db2c30c00015cbc5d,智R托管-合集-新X白-系统-7.11,127716416,2025-07-11 11:05:05,0.00,0,0,0.0%,0.0,0.0,0,0.00,0.0,0,0,0.0,0,0,0.0,0,0.0,0,0.0,0,0.0,0,0.0,0,0.0,0,0.0,0,0.0,0,0.0,0,0.0,0.00,0.0,0,0,0
1793787933,智R托管-正确解法-新X白-系统-7.11,被计划暂停,审核通过,通投,商品7日总下单ROI,笔记（商品组件）,6822d7bd000000002001c1d0,59cde3b9db2e6029a99da214,图文笔记,67f6247db2c30c00015cbc5d,智R托管-合集-新X白-系统-7.11,127716416,2025-07-11 11:05:05,0.00,0,0,0.0%,0.0,0.0,0,0.00,0.0,0,0,0.0,0,0,0.0,0,0.0,0,0.0,0,0.0,0,0.0,0,0.0,0,0.0,0,0.0,0,0.0,0,0.0,0.00,0.0,0,0,0
1793787932,智R托管-新公式-新X白-系统-7.11,暂停,审核通过,通投,商品7日总下单ROI,笔记（商品组件）,684947e4000000002100441f,59cde3b9db2e6029a99da214,图文笔记,67f6247db2c30c00015cbc5d,智R托管-合集-新X白-系统-7.11,127716416,2025-07-11 11:05:05,0.00,0,0,0.0%,0.0,0.0,0,0.00,0.0,0,0,0.0,0,0,0.0,0,0.0,0,0.0,0,0.0,0,0.0,0,0.0,0,0.0,0,0.0,0,0.0,0,0.0,0.00,0.0,0,0,0
1793787931,智R托管-必修课-新X白-系统-7.11,被计划暂停,审核通过,通投,商品7日总下单ROI,笔记（商品组件）,6854bbd5000000001c031f1b,59cde3b9db2e6029a99da214,图文笔记,67f6247db2c30c00015cbc5d,智R托管-合集-新X白-系统-7.11,127716416,2025-07-11 11:05:05,0.00,0,0,0.0%,0.0,0.0,0,0.00,0.0,0,0,0.0,0,0,0.0,0,0.0,0,0.0,0,0.0,0,0.0,0,0.0,0,0.0,0,0.0,0,0.0,0,0.0,0.00,0.0,0,0,0
1793787930,智R托管-革新升级-新X白-系统-7.11,被计划暂停,审核通过,通投,商品7日总下单ROI,笔记（商品组件）,68269ab4000000002001e865,59cde3b9db2e6029a99da214,图文笔记,"67f6247db2c30c00015cbc5d,67eb97e85d35ce0001a96c29,67f62e4eec137400010dc1cb,67f62ea104afe30001b8d8ed,67bd86679759260001a41644,67a96f5af4fe140001803e33,67a96fff17cfa0000166a95f",智R托管-合集-新X白-系统-7.11,127716416,2025-07-11 11:05:05,0.00,0,0,0.0%,0.0,0.0,0,0.00,0.0,0,0,0.0,0,0,0.0,0,0.0,0,0.0,0,0.0,0,0.0,0,0.0,0,0.0,0,0.0,0,0.0,0,0.0,0.00,0.0,0,0,0
1793926132,智R搜索-还没靠-新X白-系统-7.11,被计划暂停,审核通过,搜索,商品7日总下单ROI,笔记（商品组件）,68494070000000002001d61f,59cde3b9db2e6029a99da214,图文笔记,67f6247db2c30c00015cbc5d,智R搜索-合集-新X白-系统-7.11,127737491,2025-07-11 11:01:38,0.00,0,0,0.0%,0.0,0.0,0,0.00,0.0,0,0,0.0,0,0,0.0,0,0.0,0,0.0,0,0.0,0,0.0,0,0.0,0,0.0,0,0.0,0,0.0,0,0.0,0.00,0.0,0,0,0
1793926131,智R搜索-升级回-新X白-系统-7.11,暂停,审核通过,搜索,商品7日总下单ROI,笔记（商品组件）,68006d2c000000001b03fd69,59cde3b9db2e6029a99da214,图文笔记,67f6247db2c30c00015cbc5d,智R搜索-合集-新X白-系统-7.11,127737491,2025-07-11 11:01:38,0.00,0,0,0.0%,0.0,0.0,0,0.00,0.0,0,0,0.0,0,0,0.0,0,0.0,0,0.0,0,0.0,0,0.0,0,0.0,0,0.0,0,0.0,0,0.0,0,0.0,0.00,0.0,0,0,0
1793926130,智R搜索-正确解法-新X白-系统-7.11,被计划暂停,审核通过,搜索,商品7日总下单ROI,笔记（商品组件）,6822d7bd000000002001c1d0,59cde3b9db2e6029a99da214,图文笔记,67f6247db2c30c00015cbc5d,智R搜索-合集-新X白-系统-7.11,127737491,2025-07-11 11:01:38,0.00,0,0,0.0%,0.0,0.0,0,0.00,0.0,0,0,0.0,0,0,0.0,0,0.0,0,0.0,0,0.0,0,0.0,0,0.0,0,0.0,0,0.0,0,0.0,0,0.0,0.00,0.0,0,0,0
1793926129,智R搜索-新公式-新X白-系统-7.11,暂停,审核通过,搜索,商品7日总下单ROI,笔记（商品组件）,684947e4000000002100441f,59cde3b9db2e6029a99da214,图文笔记,67f6247db2c30c00015cbc5d,智R搜索-合集-新X白-系统-7.11,127737491,2025-07-11 11:01:38,0.00,0,0,0.0%,0.0,0.0,0,0.00,0.0,0,0,0.0,0,0,0.0,0,0.0,0,0.0,0,0.0,0,0.0,0,0.0,0,0.0,0,0.0,0,0.0,0,0.0,0.00,0.0,0,0,0
1793926128,智R搜索-必修课-新X白-系统-7.11,被计划暂停,审核通过,搜索,商品7日总下单ROI,笔记（商品组件）,6854bbd5000000001c031f1b,59cde3b9db2e6029a99da214,图文笔记,67f6247db2c30c00015cbc5d,智R搜索-合集-新X白-系统-7.11,127737491,2025-07-11 11:01:38,0.00,0,0,0.0%,0.0,0.0,0,0.00,0.0,0,0,0.0,0,0,0.0,0,0.0,0,0.0,0,0.0,0,0.0,0,0.0,0,0.0,0,0.0,0,0.0,0,0.0,0.00,0.0,0,0,0
1793926127,智R搜索-革新升级-新X白-系统-7.11,被计划暂停,审核通过,搜索,商品7日总下单ROI,笔记（商品组件）,68269ab4000000002001e865,59cde3b9db2e6029a99da214,图文笔记,"67f6247db2c30c00015cbc5d,67eb97e85d35ce0001a96c29,67f62e4eec137400010dc1cb,67f62ea104afe30001b8d8ed,67bd86679759260001a41644,67a96f5af4fe140001803e33,67a96fff17cfa0000166a95f",智R搜索-合集-新X白-系统-7.11,127737491,2025-07-11 11:01:38,0.00,0,0,0.0%,0.0,0.0,0,0.00,0.0,0,0,0.0,0,0,0.0,0,0.0,0,0.0,0,0.0,0,0.0,0,0.0,0,0.0,0,0.0,0,0.0,0,0.0,0.00,0.0,0,0,0
1793824986,智R搜索-肤才是-新X白-系统-7.11,被计划暂停,审核通过,搜索,商品7日总下单ROI,笔记（商品组件）,68394c8f000000002102fb4b,59cde3b9db2e6029a99da214,图文笔记,"67f6247db2c30c00015cbc5d,6858efa562560900014a4305",智R搜索-优质合集-新X白-系统-7.11,127716199,2025-07-11 10:59:33,0.00,0,0,0.0%,0.0,0.0,0,0.00,0.0,0,0,0.0,0,0,0.0,0,0.0,0,0.0,0,0.0,0,0.0,0,0.0,0,0.0,0,0.0,0,0.0,0,0.0,0.00,0.0,0,0,0
1793824985,智R搜索-高阶玩家-新X白-系统-7.11,暂停,审核通过,搜索,商品7日总下单ROI,笔记（商品组件）,680058f8000000001d038321,59cde3b9db2e6029a99da214,图文笔记,"67f6247db2c30c00015cbc5d,6858efa562560900014a4305",智R搜索-优质合集-新X白-系统-7.11,127716199,2025-07-11 10:59:33,0.00,0,0,0.0%,0.0,0.0,0,0.00,0.0,0,0,0.0,0,0,0.0,0,0.0,0,0.0,0,0.0,0,0.0,0,0.0,0,0.0,0,0.0,0,0.0,0,0.0,0.00,0.0,0,0,0
1793824984,智R搜索-造钻光肌-新X白-系统-7.11,暂停,审核通过,搜索,商品7日总下单ROI,笔记（商品组件）,680aed09000000001e007445,59cde3b9db2e6029a99da214,图文笔记,"67f6247db2c30c00015cbc5d,6858efa562560900014a4305",智R搜索-优质合集-新X白-系统-7.11,127716199,2025-07-11 10:59:33,0.00,0,0,0.0%,0.0,0.0,0,0.00,0.0,0,0,0.0,0,0,0.0,0,0.0,0,0.0,0,0.0,0,0.0,0,0.0,0,0.0,0,0.0,0,0.0,0,0.0,0.00,0.0,0,0,0
1793774407,智R托管-肤才是-新X白-系统-7.11,被计划暂停,审核通过,通投,商品7日总下单ROI,笔记（商品组件）,68394c8f000000002102fb4b,59cde3b9db2e6029a99da214,图文笔记,"67f6247db2c30c00015cbc5d,6858efa562560900014a4305",智R托管-优质合集-新X白-系统-7.11,127726726,2025-07-11 10:58:57,0.00,0,0,0.0%,0.0,0.0,0,0.00,0.0,0,0,0.0,0,0,0.0,0,0.0,0,0.0,0,0.0,0,0.0,0,0.0,0,0.0,0,0.0,0,0.0,0,0.0,0.00,0.0,0,0,0
1793774406,智R托管-高阶玩家-新X白-系统-7.11,暂停,审核通过,通投,商品7日总下单ROI,笔记（商品组件）,680058f8000000001d038321,59cde3b9db2e6029a99da214,图文笔记,"67f6247db2c30c00015cbc5d,6858efa562560900014a4305",智R托管-优质合集-新X白-系统-7.11,127726726,2025-07-11 10:58:57,0.00,0,0,0.0%,0.0,0.0,0,0.00,0.0,0,0,0.0,0,0,0.0,0,0.0,0,0.0,0,0.0,0,0.0,0,0.0,0,0.0,0,0.0,0,0.0,0,0.0,0.00,0.0,0,0,0
1793774405,智R托管-造钻光肌-新X白-系统-7.11,暂停,审核通过,通投,商品7日总下单ROI,笔记（商品组件）,680aed09000000001e007445,59cde3b9db2e6029a99da214,图文笔记,"67f6247db2c30c00015cbc5d,6858efa562560900014a4305",智R托管-优质合集-新X白-系统-7.11,127726726,2025-07-11 10:58:57,0.00,0,0,0.0%,0.0,0.0,0,0.00,0.0,0,0,0.0,0,0,0.0,0,0.0,0,0.0,0,0.0,0,0.0,0,0.0,0,0.0,0,0.0,0,0.0,0,0.0,0.00,0.0,0,0,0
1793748917,智R托管-上岸内-光感白肌饮-系统-7.11-视觉视频,暂停,审核通过,通投,商品7日总下单ROI,笔记（商品组件）,686c7dca00000000220321e8,59cde3b9db2e6029a99da214,视频笔记,"67bd86679759260001a41644,67a96f5af4fe140001803e33,67a96fff17cfa0000166a95f",智R托管-上岸内-光感白肌饮-系统-7.11-视觉视频,127711454,2025-07-11 10:36:26,0.00,0,0,0.0%,0.0,0.0,0,0.00,0.0,0,0,0.0,0,0,0.0,0,0.0,0,0.0,0,0.0,0,0.0,0,0.0,0,0.0,0,0.0,0,0.0,0,0.0,0.00,0.0,0,0,0
1793652345,智R托管-姐妹夏-光感白肌饮-系统-7.11,被计划暂停,审核通过,通投,商品7日总下单ROI,笔记（商品组件）,6801e448000000001b038748,59cde3b9db2e6029a99da214,图文笔记,"67a96f5af4fe140001803e33,67a96fff17cfa0000166a95f,67bd894629b9f70001b66fed",智R托管-姐妹夏-光感白肌饮-系统-7.11,127725847,2025-07-11 10:35:34,0.00,0,0,0.0%,0.0,0.0,0,0.00,0.0,0,0,0.0,0,0,0.0,0,0.0,0,0.0,0,0.0,0,0.0,0,0.0,0,0.0,0,0.0,0,0.0,0,0.0,0.00,0.0,0,0,0
1793652179,智R托管-真干净-光感白肌饮-系统-7.11,被计划暂停,审核通过,通投,商品7日总下单ROI,笔记（商品组件）,681c9cda0000000021004ac1,59cde3b9db2e6029a99da214,视频笔记,"67a96f5af4fe140001803e33,67a96fff17cfa0000166a95f,67bd86679759260001a41644,67bd894629b9f70001b66fed",智R托管-真干净-光感白肌饮-系统-7.11,127720321,2025-07-11 10:35:07,0.00,0,0,0.0%,0.0,0.0,0,0.00,0.0,0,0,0.0,0,0,0.0,0,0.0,0,0.0,0,0.0,0,0.0,0,0.0,0,0.0,0,0.0,0,0.0,0,0.0,0.00,0.0,0,0,0
1793479103,智R托管-养成秘-光感白肌饮-系统-7.11,暂停,审核通过,通投,商品7日总下单ROI,笔记（商品组件）,6801c92c000000001b03f409,59cde3b9db2e6029a99da214,视频笔记,67a96fff17cfa0000166a95f,智R托管-养成秘-光感白肌饮-系统-7.11,127714820,2025-07-11 10:20:04,0.00,0,0,0.0%,0.0,0.0,0,0.00,0.0,0,0,0.0,0,0,0.0,0,0.0,0,0.0,0,0.0,0,0.0,0,0.0,0,0.0,0,0.0,0,0.0,0,0.0,0.00,0.0,0,0,0
1793428487,智R托管-验内调-光感白肌饮-系统-7.11,暂停,审核通过,通投,商品7日总下单ROI,笔记（商品组件）,6837fb8d0000000021007533,59cde3b9db2e6029a99da214,视频笔记,"67a96f5af4fe140001803e33,67a96fff17cfa0000166a95f,67bd86679759260001a41644,67bd894629b9f70001b66fed",智R托管-验内调-光感白肌饮-系统-7.11,127710893,2025-07-11 10:19:32,0.00,0,0,0.0%,0.0,0.0,0,0.00,0.0,0,0,0.0,0,0,0.0,0,0.0,0,0.0,0,0.0,0,0.0,0,0.0,0,0.0,0,0.0,0,0.0,0,0.0,0.00,0.0,0,0,0
1793520977,智R托管-朋好友-光感白肌饮-系统-7.11,被计划暂停,审核通过,通投,商品7日总下单ROI,笔记（商品组件）,681da71500000000210098f3,59cde3b9db2e6029a99da214,视频笔记,"67a96f5af4fe140001803e33,67a96fff17cfa0000166a95f,67bd86679759260001a41644,67bd894629b9f70001b66fed",智R托管-朋好友-光感白肌饮-系统-7.11,127719697,2025-07-11 10:17:11,0.00,0,0,0.0%,0.0,0.0,0,0.00,0.0,0,0,0.0,0,0,0.0,0,0.0,0,0.0,0,0.0,0,0.0,0,0.0,0,0.0,0,0.0,0,0.0,0,0.0,0.00,0.0,0,0,0
1793520450,智R托管-一步步-光感白肌饮-系统-7.11,被计划暂停,审核通过,通投,商品7日总下单ROI,笔记（商品组件）,67dcb95b000000000900ed6b,59cde3b9db2e6029a99da214,视频笔记,67a96f5af4fe140001803e33,智R托管-一步步-光感白肌饮-系统-7.11,127710777,2025-07-11 10:15:48,0.00,0,0,0.0%,0.0,0.0,0,0.00,0.0,0,0,0.0,0,0,0.0,0,0.0,0,0.0,0,0.0,0,0.0,0,0.0,0,0.0,0,0.0,0,0.0,0,0.0,0.00,0.0,0,0,0
1793369189,智R托管-尴尬素-光感白肌饮-系统-7.11,暂停,审核通过,通投,商品7日总下单ROI,笔记（商品组件）,682fd4ce0000000022025ad6,59cde3b9db2e6029a99da214,图文笔记,"67a96fff17cfa0000166a95f,67bd894629b9f70001b66fed,67a96f5af4fe140001803e33,67bd86679759260001a41644",智R托管-尴尬素-光感白肌饮-系统-7.11,127730913,2025-07-11 10:15:05,0.00,0,0,0.0%,0.0,0.0,0,0.00,0.0,0,0,0.0,0,0,0.0,0,0.0,0,0.0,0,0.0,0,0.0,0,0.0,0,0.0,0,0.0,0,0.0,0,0.0,0.00,0.0,0,0,0
1793519167,智R托管-自救路-AGXI-系统-7.11,被计划暂停,审核通过,通投,商品7日总下单ROI,笔记（商品组件）,6811be1d0000000021009c1e,59cde3b9db2e6029a99da214,视频笔记,67eb97e85d35ce0001a96c29,智R托管-自救路-AGXI-系统-7.11,127714621,2025-07-11 10:14:15,0.00,0,0,0.0%,0.0,0.0,0,0.00,0.0,0,0,0.0,0,0,0.0,0,0.0,0,0.0,0,0.0,0,0.0,0,0.0,0,0.0,0,0.0,0,0.0,0,0.0,0.00,0.0,0,0,0
1793570558,智R托管-忘了他-AGXI-系统-7.11,被计划暂停,审核通过,通投,商品7日总下单ROI,笔记（商品组件）,685e425a000000001c037f6e,59cde3b9db2e6029a99da214,视频笔记,67f62ea104afe30001b8d8ed,智R托管-忘了他-AGXI-系统-7.11,127730870,2025-07-11 10:13:45,0.00,0,0,0.0%,0.0,0.0,0,0.00,0.0,0,0,0.0,0,0,0.0,0,0.0,0,0.0,0,0.0,0,0.0,0,0.0,0,0.0,0,0.0,0,0.0,0,0.0,0.00,0.0,0,0,0
1793569673,智R托管-刚需解-AGXI-系统-7.11,被计划暂停,审核通过,通投,商品7日总下单ROI,笔记（商品组件）,68425b830000000022026237,59cde3b9db2e6029a99da214,视频笔记,67f62ea104afe30001b8d8ed,智R托管-刚需解-AGXI-系统-7.11,127730851,2025-07-11 10:12:54,0.00,0,0,0.0%,0.0,0.0,0,0.00,0.0,0,0,0.0,0,0,0.0,0,0.0,0,0.0,0,0.0,0,0.0,0,0.0,0,0.0,0,0.0,0,0.0,0,0.0,0.00,0.0,0,0,0
1793627069,智R托管-年轻地-AGXI-系统-7.11,暂停,审核通过,通投,商品7日总下单ROI,笔记（商品组件）,68022d4a000000001a00648d,59cde3b9db2e6029a99da214,图文笔记,67f62ea104afe30001b8d8ed,智R托管-年轻地-AGXI-系统-7.11,127705783,2025-07-11 10:12:06,0.00,0,0,0.0%,0.0,0.0,0,0.00,0.0,0,0,0.0,0,0,0.0,0,0.0,0,0.0,0,0.0,0,0.0,0,0.0,0,0.0,0,0.0,0,0.0,0,0.0,0.00,0.0,0,0,0
1793516651,智R托管-真正方式-AGXI-系统-7.11,被计划暂停,审核通过,通投,商品7日总下单ROI,笔记（商品组件）,680b37c6000000001d020695,59cde3b9db2e6029a99da214,图文笔记,67f62ea104afe30001b8d8ed,智R托管-真正方式-AGXI-系统-7.11,127719506,2025-07-11 10:11:39,0.00,0,0,0.0%,0.0,0.0,0,0.00,0.0,0,0,0.0,0,0,0.0,0,0.0,0,0.0,0,0.0,0,0.0,0,0.0,0,0.0,0,0.0,0,0.0,0,0.0,0.00,0.0,0,0,0
1793364774,智R托管-防御体系-AGXI-系统-7.11,暂停,不满足审核条件,通投,商品7日总下单ROI,笔记（商品组件）,681096ca000000002200713a,59cde3b9db2e6029a99da214,图文笔记,"67eb97e85d35ce0001a96c29,67f62e4eec137400010dc1cb,67f62ea104afe30001b8d8ed",智R托管-防御体系-AGXI-系统-7.11,127724984,2025-07-11 10:10:46,0.00,0,0,0.0%,0.0,0.0,0,0.00,0.0,0,0,0.0,0,0,0.0,0,0.0,0,0.0,0,0.0,0,0.0,0,0.0,0,0.0,0,0.0,0,0.0,0,0.0,0.00,0.0,0,0,0
1793566743,智R托管-不难别等-AGXI-系统-7.11,暂停,审核通过,通投,商品7日总下单ROI,笔记（商品组件）,680ade56000000001c0034be,59cde3b9db2e6029a99da214,图文笔记,67f62ea104afe30001b8d8ed,智R托管-不难别等-AGXI-系统-7.11,127710591,2025-07-11 10:10:18,0.00,0,0,0.0%,0.0,0.0,0,0.00,0.0,0,0,0.0,0,0,0.0,0,0.0,0,0.0,0,0.0,0,0.0,0,0.0,0,0.0,0,0.0,0,0.0,0,0.0,0.00,0.0,0,0,0
1793363292,智R托管-饮凭实-光感白肌饮-系统-7.11,暂停,不满足审核条件,通投,商品7日总下单ROI,笔记（商品组件）,67ac40e0000000001800dd1a,59cde3b9db2e6029a99da214,图文笔记,67a96f5af4fe140001803e33,智R托管-饮凭实-光感白肌饮-系统-7.11,127724935,2025-07-11 10:09:17,0.00,0,0,0.0%,0.0,0.0,0,0.00,0.0,0,0,0.0,0,0,0.0,0,0.0,0,0.0,0,0.0,0,0.0,0,0.0,0,0.0,0,0.0,0,0.0,0,0.0,0.00,0.0,0,0,0
1779396638,智R托管-刚需解-AGXI-定向-7.9,被计划暂停,审核通过,通投,商品7日总下单ROI,笔记（商品组件）,68425b830000000022026237,59cde3b9db2e6029a99da214,视频笔记,"67f62ea104afe30001b8d8ed,67eb97e85d35ce0001a96c29",智R托管-合集-AGXI-定向-7.9,127396125,2025-07-09 10:49:19,0.00,0,0,0.0%,0.0,0.0,0,0.00,0.0,0,0,0.0,0,0,0.0,0,0.0,0,0.0,0,0.0,0,0.0,0,0.0,0,0.0,0,0.0,0,0.0,0,0.0,0.00,0.0,0,0,0
1779396637,智R托管-真正方式-AGXI-定向-7.9,被计划暂停,审核通过,通投,商品7日总下单ROI,笔记（商品组件）,680b37c6000000001d020695,59cde3b9db2e6029a99da214,图文笔记,"67f62ea104afe30001b8d8ed,67eb97e85d35ce0001a96c29",智R托管-合集-AGXI-定向-7.9,127396125,2025-07-09 10:49:19,0.00,0,0,0.0%,0.0,0.0,0,0.00,0.0,0,0,0.0,0,0,0.0,0,0.0,0,0.0,0,0.0,0,0.0,0,0.0,0,0.0,0,0.0,0,0.0,0,0.0,0.00,0.0,0,0,0
1779396636,智R托管-忘了他-AGXI-定向-7.9,被计划暂停,审核通过,通投,商品7日总下单ROI,笔记（商品组件）,685e425a000000001c037f6e,59cde3b9db2e6029a99da214,视频笔记,"67f62ea104afe30001b8d8ed,67eb97e85d35ce0001a96c29",智R托管-合集-AGXI-定向-7.9,127396125,2025-07-09 10:49:19,0.00,0,0,0.0%,0.0,0.0,0,0.00,0.0,0,0,0.0,0,0,0.0,0,0.0,0,0.0,0,0.0,0,0.0,0,0.0,0,0.0,0,0.0,0,0.0,0,0.0,0.00,0.0,0,0,0
1779396635,智R托管-防御体系-AGXI-定向-7.9,暂停,审核通过,通投,商品7日总下单ROI,笔记（商品组件）,681096ca000000002200713a,59cde3b9db2e6029a99da214,图文笔记,"67f62ea104afe30001b8d8ed,67eb97e85d35ce0001a96c29",智R托管-合集-AGXI-定向-7.9,127396125,2025-07-09 10:49:19,0.00,0,0,0.0%,0.0,0.0,0,0.00,0.0,0,0,0.0,0,0,0.0,0,0.0,0,0.0,0,0.0,0,0.0,0,0.0,0,0.0,0,0.0,0,0.0,0,0.0,0.00,0.0,0,0,0
1779396634,智R托管-不难别等-AGXI-定向-7.9,暂停,审核通过,通投,商品7日总下单ROI,笔记（商品组件）,680ade56000000001c0034be,59cde3b9db2e6029a99da214,图文笔记,"67f62ea104afe30001b8d8ed,67eb97e85d35ce0001a96c29",智R托管-合集-AGXI-定向-7.9,127396125,2025-07-09 10:49:19,0.00,0,0,0.0%,0.0,0.0,0,0.00,0.0,0,0,0.0,0,0,0.0,0,0.0,0,0.0,0,0.0,0,0.0,0,0.0,0,0.0,0,0.0,0,0.0,0,0.0,0.00,0.0,0,0,0
1779594916,智R搜索-刚需解-AGXI-系统-7.9,被计划暂停,审核通过,搜索,商品7日总下单ROI,笔记（商品组件）,68425b830000000022026237,59cde3b9db2e6029a99da214,视频笔记,"67f62ea104afe30001b8d8ed,67eb97e85d35ce0001a96c29",智R搜索-合集-AGXI-系统-7.9,127407400,2025-07-09 10:44:19,0.00,0,0,0.0%,0.0,0.0,0,0.00,0.0,0,0,0.0,0,0,0.0,0,0.0,0,0.0,0,0.0,0,0.0,0,0.0,0,0.0,0,0.0,0,0.0,0,0.0,0.00,0.0,0,0,0
1779594915,智R搜索-真正方式-AGXI-系统-7.9,被计划暂停,审核通过,搜索,商品7日总下单ROI,笔记（商品组件）,680b37c6000000001d020695,59cde3b9db2e6029a99da214,图文笔记,"67f62ea104afe30001b8d8ed,67eb97e85d35ce0001a96c29",智R搜索-合集-AGXI-系统-7.9,127407400,2025-07-09 10:44:19,0.00,0,0,0.0%,0.0,0.0,0,0.00,0.0,0,0,0.0,0,0,0.0,0,0.0,0,0.0,0,0.0,0,0.0,0,0.0,0,0.0,0,0.0,0,0.0,0,0.0,0.00,0.0,0,0,0
1779594914,智R搜索-忘了他-AGXI-系统-7.9,被计划暂停,审核通过,搜索,商品7日总下单ROI,笔记（商品组件）,685e425a000000001c037f6e,59cde3b9db2e6029a99da214,视频笔记,"67f62ea104afe30001b8d8ed,67eb97e85d35ce0001a96c29",智R搜索-合集-AGXI-系统-7.9,127407400,2025-07-09 10:44:19,0.00,0,0,0.0%,0.0,0.0,0,0.00,0.0,0,0,0.0,0,0,0.0,0,0.0,0,0.0,0,0.0,0,0.0,0,0.0,0,0.0,0,0.0,0,0.0,0,0.0,0.00,0.0,0,0,0
1779594913,智R搜索-防御体系-AGXI-系统-7.9,暂停,审核通过,搜索,商品7日总下单ROI,笔记（商品组件）,681096ca000000002200713a,59cde3b9db2e6029a99da214,图文笔记,"67f62ea104afe30001b8d8ed,67eb97e85d35ce0001a96c29",智R搜索-合集-AGXI-系统-7.9,127407400,2025-07-09 10:44:19,0.00,0,0,0.0%,0.0,0.0,0,0.00,0.0,0,0,0.0,0,0,0.0,0,0.0,0,0.0,0,0.0,0,0.0,0,0.0,0,0.0,0,0.0,0,0.0,0,0.0,0.00,0.0,0,0,0
1779594912,智R搜索-不难别等-AGXI-系统-7.9,暂停,审核通过,搜索,商品7日总下单ROI,笔记（商品组件）,680ade56000000001c0034be,59cde3b9db2e6029a99da214,图文笔记,"67f62ea104afe30001b8d8ed,67eb97e85d35ce0001a96c29",智R搜索-合集-AGXI-系统-7.9,127407400,2025-07-09 10:44:19,0.00,0,0,0.0%,0.0,0.0,0,0.00,0.0,0,0,0.0,0,0,0.0,0,0.0,0,0.0,0,0.0,0,0.0,0,0.0,0,0.0,0,0.0,0,0.0,0,0.0,0.00,0.0,0,0,0
1723368016,智R托管-自救路-AGXI-系统-7.3,被计划暂停,审核通过,通投,商品7日总下单ROI,笔记（商品组件）,6811be1d0000000021009c1e,59cde3b9db2e6029a99da214,视频笔记,67eb97e85d35ce0001a96c29,智R托管-合集-AGXI-系统-7.3,126684242,2025-07-03 16:23:33,0.00,0,0,0.0%,0.0,0.0,0,0.00,0.0,0,0,0.0,0,0,0.0,0,0.0,0,0.0,0,0.0,0,0.0,0,0.0,0,0.0,0,0.0,0,0.0,0,0.0,0.00,0.0,0,0,0
1723368015,智R托管-年轻地-AGXI-系统-7.3,暂停,审核通过,通投,商品7日总下单ROI,笔记（商品组件）,68022d4a000000001a00648d,59cde3b9db2e6029a99da214,图文笔记,67f62ea104afe30001b8d8ed,智R托管-合集-AGXI-系统-7.3,126684242,2025-07-03 16:23:33,0.00,0,0,0.0%,0.0,0.0,0,0.00,0.0,0,0,0.0,0,0,0.0,0,0.0,0,0.0,0,0.0,0,0.0,0,0.0,0,0.0,0,0.0,0,0.0,0,0.0,0.00,0.0,0,0,0
1723368014,智R托管-真正方式-AGXI-系统-7.3,被计划暂停,审核通过,通投,商品7日总下单ROI,笔记（商品组件）,680b37c6000000001d020695,59cde3b9db2e6029a99da214,图文笔记,67f62ea104afe30001b8d8ed,智R托管-合集-AGXI-系统-7.3,126684242,2025-07-03 16:23:33,0.00,0,0,0.0%,0.0,0.0,0,0.00,0.0,0,0,0.0,0,0,0.0,0,0.0,0,0.0,0,0.0,0,0.0,0,0.0,0,0.0,0,0.0,0,0.0,0,0.0,0.00,0.0,0,0,0
1723368013,智R托管-防御体系-AGXI-系统-7.3,暂停,不满足审核条件,通投,商品7日总下单ROI,笔记（商品组件）,681096ca000000002200713a,59cde3b9db2e6029a99da214,图文笔记,"67eb97e85d35ce0001a96c29,67f62e4eec137400010dc1cb,67f62ea104afe30001b8d8ed",智R托管-合集-AGXI-系统-7.3,126684242,2025-07-03 16:23:33,0.00,0,0,0.0%,0.0,0.0,0,0.00,0.0,0,0,0.0,0,0,0.0,0,0.0,0,0.0,0,0.0,0,0.0,0,0.0,0,0.0,0,0.0,0,0.0,0,0.0,0.00,0.0,0,0,0
1709514248,智R托管-升级回-新X白-系统-7.1,暂停,审核通过,通投,商品7日总下单ROI,笔记（商品组件）,68006d2c000000001b03fd69,59cde3b9db2e6029a99da214,图文笔记,"67f6247db2c30c00015cbc5d,6858f04d62138500012131fb",智R托管-合集-新X白-系统-7.1,126374699,2025-07-01 15:15:33,0.00,0,0,0.0%,0.0,0.0,0,0.00,0.0,0,0,0.0,0,0,0.0,0,0.0,0,0.0,0,0.0,0,0.0,0,0.0,0,0.0,0,0.0,0,0.0,0,0.0,0.00,0.0,0,0,0
1709514247,智R托管-精髓晓-新X白-系统-7.1,被计划暂停,审核通过,通投,商品7日总下单ROI,笔记（商品组件）,685b8d61000000002203cd8a,59cde3b9db2e6029a99da214,图文笔记,"67f6247db2c30c00015cbc5d,6858f04d62138500012131fb",智R托管-合集-新X白-系统-7.1,126374699,2025-07-01 15:15:33,0.00,0,0,0.0%,0.0,0.0,0,0.00,0.0,0,0,0.0,0,0,0.0,0,0.0,0,0.0,0,0.0,0,0.0,0,0.0,0,0.0,0,0.0,0,0.0,0,0.0,0.00,0.0,0,0,0
1709514246,智R托管-造钻光肌-新X白-系统-7.1,暂停,审核通过,通投,商品7日总下单ROI,笔记（商品组件）,680aed09000000001e007445,59cde3b9db2e6029a99da214,图文笔记,"67f6247db2c30c00015cbc5d,6858f04d62138500012131fb",智R托管-合集-新X白-系统-7.1,126374699,2025-07-01 15:15:33,0.00,0,0,0.0%,0.0,0.0,0,0.00,0.0,0,0,0.0,0,0,0.0,0,0.0,0,0.0,0,0.0,0,0.0,0,0.0,0,0.0,0,0.0,0,0.0,0,0.0,0.00,0.0,0,0,0
1709514245,智R托管-肤才是-新X白-系统-7.1,被计划暂停,审核通过,通投,商品7日总下单ROI,笔记（商品组件）,68394c8f000000002102fb4b,59cde3b9db2e6029a99da214,图文笔记,"67f6247db2c30c00015cbc5d,6858f04d62138500012131fb",智R托管-合集-新X白-系统-7.1,126374699,2025-07-01 15:15:33,0.00,0,0,0.0%,0.0,0.0,0,0.00,0.0,0,0,0.0,0,0,0.0,0,0.0,0,0.0,0,0.0,0,0.0,0,0.0,0,0.0,0,0.0,0,0.0,0,0.0,0.00,0.0,0,0,0
1709511584,智R托管-造钻光肌-新X白-系统-7.1,暂停,审核通过,通投,商品7日总下单ROI,笔记（商品组件）,680aed09000000001e007445,59cde3b9db2e6029a99da214,图文笔记,"67f6247db2c30c00015cbc5d,6858f04d62138500012131fb",智R托管-合集-新X白-系统-6.6_复制,126374525,2025-07-01 15:12:26,0.00,0,0,0.0%,0.0,0.0,0,0.00,0.0,0,0,0.0,0,0,0.0,0,0.0,0,0.0,0,0.0,0,0.0,0,0.0,0,0.0,0,0.0,0,0.0,0,0.0,0.00,0.0,0,0,0
1709511583,智R托管-肤才是-新X白-系统-7.1,被计划暂停,审核通过,通投,商品7日总下单ROI,笔记（商品组件）,68394c8f000000002102fb4b,59cde3b9db2e6029a99da214,图文笔记,"67f6247db2c30c00015cbc5d,6858f04d62138500012131fb",智R托管-合集-新X白-系统-6.6_复制,126374525,2025-07-01 15:12:26,0.00,0,0,0.0%,0.0,0.0,0,0.00,0.0,0,0,0.0,0,0,0.0,0,0.0,0,0.0,0,0.0,0,0.0,0,0.0,0,0.0,0,0.0,0,0.0,0,0.0,0.00,0.0,0,0,0
1685754184,智R托管-李喵喵miaomiao-光感白肌饮-系统-6.27-达人直投,暂停,审核通过,通投,商品7日总下单ROI,笔记（商品组件）,67c68e1e0000000029029df3,5657c430e4251d04a5103a9c,图文笔记,"67a978c617cfa0000166fdcf,67a978f5f4fe14000180a036,67bd97c67198db00013550dd",智R托管-李喵喵miaomiao-光感白肌饮-系统-6.27-达人直投,125829706,2025-06-27 11:55:31,0.00,0,0,0.0%,0.0,0.0,0,0.00,0.0,0,0,0.0,0,0,0.0,0,0.0,0,0.0,0,0.0,0,0.0,0,0.0,0,0.0,0,0.0,0,0.0,0,0.0,0.00,0.0,0,0,0
1685866481,智R托管-快查收-光感白肌饮-系统-6.27,被计划暂停,审核通过,通投,商品7日总下单ROI,笔记（商品组件）,682ecfa10000000021007fe5,59cde3b9db2e6029a99da214,图文笔记,"67a96f5af4fe140001803e33,67a96fff17cfa0000166a95f,67bd86679759260001a41644,67bd894629b9f70001b66fed",智R托管-合集-光感白肌饮-系统-6.27,125835392,2025-06-27 11:54:30,0.00,0,0,0.0%,0.0,0.0,0,0.00,0.0,0,0,0.0,0,0,0.0,0,0.0,0,0.0,0,0.0,0,0.0,0,0.0,0,0.0,0,0.0,0,0.0,0,0.0,0.00,0.0,0,0,0
1685866480,智R托管-真干净-光感白肌饮-系统-6.27,被计划暂停,审核通过,通投,商品7日总下单ROI,笔记（商品组件）,681c9cda0000000021004ac1,59cde3b9db2e6029a99da214,视频笔记,"67a96f5af4fe140001803e33,67a96fff17cfa0000166a95f,67bd86679759260001a41644,67bd894629b9f70001b66fed",智R托管-合集-光感白肌饮-系统-6.27,125835392,2025-06-27 11:54:30,0.00,0,0,0.0%,0.0,0.0,0,0.00,0.0,0,0,0.0,0,0,0.0,0,0.0,0,0.0,0,0.0,0,0.0,0,0.0,0,0.0,0,0.0,0,0.0,0,0.0,0.00,0.0,0,0,0
1685866479,智R托管-朋好友-光感白肌饮-系统-6.27,被计划暂停,审核通过,通投,商品7日总下单ROI,笔记（商品组件）,681da71500000000210098f3,59cde3b9db2e6029a99da214,视频笔记,"67a96f5af4fe140001803e33,67a96fff17cfa0000166a95f,67bd86679759260001a41644,67bd894629b9f70001b66fed",智R托管-合集-光感白肌饮-系统-6.27,125835392,2025-06-27 11:54:30,0.00,0,0,0.0%,0.0,0.0,0,0.00,0.0,0,0,0.0,0,0,0.0,0,0.0,0,0.0,0,0.0,0,0.0,0,0.0,0,0.0,0,0.0,0,0.0,0,0.0,0.00,0.0,0,0,0
1685860813,智R托管-蒋欣51-AGXI-系统-6.27,被计划暂停,审核通过,通投,商品7日总下单ROI,笔记（商品组件）,684a23cd000000002002a1c1,59cde3b9db2e6029a99da214,视频笔记,"67eb97e85d35ce0001a96c29,67f62ea104afe30001b8d8ed",智R托管-蒋欣合集-AGXI-系统-6.27,125821837,2025-06-27 11:47:46,0.00,0,0,0.0%,0.0,0.0,0,0.00,0.0,0,0,0.0,0,0,0.0,0,0.0,0,0.0,0,0.0,0,0.0,0,0.0,0,0.0,0,0.0,0,0.0,0,0.0,0.00,0.0,0,0,0
1685860812,智R托管-蒋欣40-AGXI-系统-6.27,被计划暂停,审核通过,通投,商品7日总下单ROI,笔记（商品组件）,682ebed30000000021005a48,59cde3b9db2e6029a99da214,视频笔记,"67eb97e85d35ce0001a96c29,67f62ea104afe30001b8d8ed",智R托管-蒋欣合集-AGXI-系统-6.27,125821837,2025-06-27 11:47:46,0.00,0,0,0.0%,0.0,0.0,0,0.00,0.0,0,0,0.0,0,0,0.0,0,0.0,0,0.0,0,0.0,0,0.0,0,0.0,0,0.0,0,0.0,0,0.0,0,0.0,0.00,0.0,0,0,0
1685860811,智R托管-蒋欣16-AGXI-系统-6.27,暂停,审核通过,通投,商品7日总下单ROI,笔记（商品组件）,680223ec000000001e00728c,59cde3b9db2e6029a99da214,视频笔记,"67eb97e85d35ce0001a96c29,67f62ea104afe30001b8d8ed",智R托管-蒋欣合集-AGXI-系统-6.27,125821837,2025-06-27 11:47:46,0.00,0,0,0.0%,0.0,0.0,0,0.00,0.0,0,0,0.0,0,0,0.0,0,0.0,0,0.0,0,0.0,0,0.0,0,0.0,0,0.0,0,0.0,0,0.0,0,0.0,0.00,0.0,0,0,0
1685860810,智R托管-蒋欣1-AGXI-系统-6.27,被计划暂停,审核通过,通投,商品7日总下单ROI,笔记（商品组件）,67f38c79000000001c0070ed,59cde3b9db2e6029a99da214,视频笔记,"67eb97e85d35ce0001a96c29,67f62ea104afe30001b8d8ed",智R托管-蒋欣合集-AGXI-系统-6.27,125821837,2025-06-27 11:47:46,0.00,0,0,0.0%,0.0,0.0,0,0.00,0.0,0,0,0.0,0,0,0.0,0,0.0,0,0.0,0,0.0,0,0.0,0,0.0,0,0.0,0,0.0,0,0.0,0,0.0,0.00,0.0,0,0,0
1679124819,智R托管-不难别等-AGXI-系统-6.26,暂停,审核通过,通投,商品7日总下单ROI,笔记（商品组件）,680ade56000000001c0034be,59cde3b9db2e6029a99da214,图文笔记,"67f62ea104afe30001b8d8ed,67eb97e85d35ce0001a96c29",智R托管-不难别等-AGXI-系统-6.26,125641871,2025-06-26 10:59:27,0.00,0,0,0.0%,0.0,0.0,0,0.00,0.0,0,0,0.0,0,0,0.0,0,0.0,0,0.0,0,0.0,0,0.0,0,0.0,0,0.0,0,0.0,0,0.0,0,0.0,0.00,0.0,0,0,0
1668493565,智R托管-尴尬素-光感白肌饮-系统-6.24,暂停,审核通过,通投,商品7日总下单ROI,笔记（商品组件）,682fd4ce0000000022025ad6,59cde3b9db2e6029a99da214,图文笔记,"67a96fff17cfa0000166a95f,67bd894629b9f70001b66fed,67a96f5af4fe140001803e33,67bd86679759260001a41644",智R托管-尴尬素-光感白肌饮-系统-6.24,125345471,2025-06-24 16:46:37,0.00,0,0,0.0%,0.0,0.0,0,0.00,0.0,0,0,0.0,0,0,0.0,0,0.0,0,0.0,0,0.0,0,0.0,0,0.0,0,0.0,0,0.0,0,0.0,0,0.0,0.00,0.0,0,0,0
1627413238,智R托管-肤才是-新X白-系统-6.17,被计划暂停,审核通过,通投,商品7日总下单ROI,笔记（商品组件）,68394c8f000000002102fb4b,59cde3b9db2e6029a99da214,图文笔记,"67f6247db2c30c00015cbc5d,67bd86679759260001a41644,67eb97e85d35ce0001a96c29",智R托管-合集-新X白-系统-6.17,124261354,2025-06-17 15:12:01,0.00,0,0,0.0%,0.0,0.0,0,0.00,0.0,0,0,0.0,0,0,0.0,0,0.0,0,0.0,0,0.0,0,0.0,0,0.0,0,0.0,0,0.0,0,0.0,0,0.0,0.00,0.0,0,0,0
1627413237,智R托管-高阶玩家-新X白-系统-6.17,暂停,审核通过,通投,商品7日总下单ROI,笔记（商品组件）,680058f8000000001d038321,59cde3b9db2e6029a99da214,图文笔记,"67f6247db2c30c00015cbc5d,67bd86679759260001a41644,67eb97e85d35ce0001a96c29",智R托管-合集-新X白-系统-6.17,124261354,2025-06-17 15:12:01,0.00,0,0,0.0%,0.0,0.0,0,0.00,0.0,0,0,0.0,0,0,0.0,0,0.0,0,0.0,0,0.0,0,0.0,0,0.0,0,0.0,0,0.0,0,0.0,0,0.0,0.00,0.0,0,0,0
1627636563,智R托管-有秘籍-新X白-系统-6.17,被计划暂停,审核通过,通投,商品7日总下单ROI,笔记（商品组件）,6806f843000000001c0028df,59cde3b9db2e6029a99da214,视频笔记,"67f6247db2c30c00015cbc5d,67bd86679759260001a41644,67eb97e85d35ce0001a96c29",智R托管-有秘籍-新X白-系统-6.17,124255702,2025-06-17 15:09:07,0.00,0,0,0.0%,0.0,0.0,0,0.00,0.0,0,0,0.0,0,0,0.0,0,0.0,0,0.0,0,0.0,0,0.0,0,0.0,0,0.0,0,0.0,0,0.0,0,0.0,0.00,0.0,0,0,0
1626897358,智R托管-彭王者是小洋-AGXI-系统-6.17-达人直投,被计划暂停,审核通过,通投,商品7日总下单ROI,笔记（商品组件）,68064912000000001a0043a4,54ced0f0e779891d78c57a53,视频笔记,"67eb97e85d35ce0001a96c29,67f62ea104afe30001b8d8ed",智R托管-彭王者是小洋-AGXI-系统-6.17-达人直投,124250597,2025-06-17 11:40:56,0.00,0,0,0.0%,0.0,0.0,0,0.00,0.0,0,0,0.0,0,0,0.0,0,0.0,0,0.0,0,0.0,0,0.0,0,0.0,0,0.0,0,0.0,0,0.0,0,0.0,0.00,0.0,0,0,0
1626895858,智R托管-洋子在东京-AGXI-系统-6.17-达人直投,被计划暂停,审核通过,通投,商品7日总下单ROI,笔记（商品组件）,6800d2e4000000001c0299af,597a19795e87e74cdf776ecf,视频笔记,"67eb97e85d35ce0001a96c29,67f62ea104afe30001b8d8ed",智R托管-达人合集-AGXI-系统-6.17-达人直投,124239493,2025-06-17 11:39:37,0.00,0,0,0.0%,0.0,0.0,0,0.00,0.0,0,0,0.0,0,0,0.0,0,0.0,0,0.0,0,0.0,0,0.0,0,0.0,0,0.0,0,0.0,0,0.0,0,0.0,0.00,0.0,0,0,0
1626895857,智R托管-serababy-AGXI-系统-6.17-达人直投,暂停,审核通过,通投,商品7日总下单ROI,笔记（商品组件）,680222aa000000001b03cc84,61055c85000000000101c6ca,视频笔记,"67eb97e85d35ce0001a96c29,67f62ea104afe30001b8d8ed",智R托管-达人合集-AGXI-系统-6.17-达人直投,124239493,2025-06-17 11:39:37,0.00,0,0,0.0%,0.0,0.0,0,0.00,0.0,0,0,0.0,0,0,0.0,0,0.0,0,0.0,0,0.0,0,0.0,0,0.0,0,0.0,0,0.0,0,0.0,0,0.0,0.00,0.0,0,0,0
1626895856,智R托管-Gillianss-AGXI-系统-6.17-达人直投,暂停,审核通过,通投,商品7日总下单ROI,笔记（商品组件）,682c71e8000000002101ae5f,5a58048611be105e0641e329,视频笔记,"67eb97e85d35ce0001a96c29,67f62ea104afe30001b8d8ed",智R托管-达人合集-AGXI-系统-6.17-达人直投,124239493,2025-06-17 11:39:37,0.00,0,0,0.0%,0.0,0.0,0,0.00,0.0,0,0,0.0,0,0,0.0,0,0.0,0,0.0,0,0.0,0,0.0,0,0.0,0,0.0,0,0.0,0,0.0,0,0.0,0.00,0.0,0,0,0
1604457090,智R托管-防御体系-AGXI-系统-6.13,暂停,不满足审核条件,通投,商品7日总下单ROI,笔记（商品组件）,681096ca000000002200713a,59cde3b9db2e6029a99da214,图文笔记,"67eb97e85d35ce0001a96c29,67f62e4eec137400010dc1cb,67f62ea104afe30001b8d8ed",智R托管-防御体系-AGXI-系统-6.13,123605533,2025-06-13 10:02:10,0.00,0,0,0.0%,0.0,0.0,0,0.00,0.0,0,0,0.0,0,0,0.0,0,0.0,0,0.0,0,0.0,0,0.0,0,0.0,0,0.0,0,0.0,0,0.0,0,0.0,0.00,0.0,0,0,0
1585228723,智R托管-蒋欣3-AGXI-系统-6.10,被计划暂停,审核通过,通投,商品7日总下单ROI,笔记（商品组件）,67f8f0be000000001d02c66c,59cde3b9db2e6029a99da214,视频笔记,"67f7366a2a334f0001cfbc36,67f73692e8f2430001c6040f,67f736dfb2c30c0001679c19",智R托管-蒋欣3-AGXI-系统-6.10,122880979,2025-06-10 08:49:20,0.00,0,0,0.0%,0.0,0.0,0,0.00,0.0,0,0,0.0,0,0,0.0,0,0.0,0,0.0,0,0.0,0,0.0,0,0.0,0,0.0,0,0.0,0,0.0,0,0.0,0.00,0.0,0,0,0
1572203699,智R托管-蒋欣1-AGXI-系统-6.7,被计划暂停,审核通过,通投,商品7日总下单ROI,笔记（商品组件）,67f38c79000000001c0070ed,59cde3b9db2e6029a99da214,视频笔记,"67f7366a2a334f0001cfbc36,67f73692e8f2430001c6040f,67f736dfb2c30c0001679c19",智R托管-蒋欣1-AGXI-系统-6.7,122456167,2025-06-07 22:18:46,0.00,0,0,0.0%,0.0,0.0,0,0.00,0.0,0,0,0.0,0,0,0.0,0,0.0,0,0.0,0,0.0,0,0.0,0,0.0,0,0.0,0,0.0,0,0.0,0,0.0,0.00,0.0,0,0,0
1563416526,智R托管-革新升级-新X白-系统-6.6,暂停,审核通过,通投,商品7日总下单ROI,笔记（商品组件）,68269ab4000000002001e865,59cde3b9db2e6029a99da214,图文笔记,67f6247db2c30c00015cbc5d,智R托管-图文合集-新X白-系统-6.6,122125453,2025-06-06 14:11:56,0.00,0,0,0.0%,0.0,0.0,0,0.00,0.0,0,0,0.0,0,0,0.0,0,0.0,0,0.0,0,0.0,0,0.0,0,0.0,0,0.0,0,0.0,0,0.0,0,0.0,0.00,0.0,0,0,0
1563416525,智R托管-造钻光肌-新X白-系统-6.6,被计划暂停,审核通过,通投,商品7日总下单ROI,笔记（商品组件）,680aed09000000001e007445,59cde3b9db2e6029a99da214,图文笔记,67f6247db2c30c00015cbc5d,智R托管-图文合集-新X白-系统-6.6,122125453,2025-06-06 14:11:56,0.00,0,0,0.0%,0.0,0.0,0,0.00,0.0,0,0,0.0,0,0,0.0,0,0.0,0,0.0,0,0.0,0,0.0,0,0.0,0,0.0,0,0.0,0,0.0,0,0.0,0.00,0.0,0,0,0
1563407253,智R托管-有秘籍-新X白-系统-6.6,被计划暂停,审核通过,通投,商品7日总下单ROI,笔记（商品组件）,6806f843000000001c0028df,59cde3b9db2e6029a99da214,视频笔记,67f6247db2c30c00015cbc5d,智R托管-视频合集-新X白-系统-6.6,122147647,2025-06-06 13:59:02,0.00,0,0,0.0%,0.0,0.0,0,0.00,0.0,0,0,0.0,0,0,0.0,0,0.0,0,0.0,0,0.0,0,0.0,0,0.0,0,0.0,0,0.0,0,0.0,0,0.0,0.00,0.0,0,0,0
1563407252,智R托管-透光指南-新X白-系统-6.6,被计划暂停,审核通过,通投,商品7日总下单ROI,笔记（商品组件）,68117d2500000000220273ea,59cde3b9db2e6029a99da214,视频笔记,67f6247db2c30c00015cbc5d,智R托管-视频合集-新X白-系统-6.6,122147647,2025-06-06 13:59:02,0.00,0,0,0.0%,0.0,0.0,0,0.00,0.0,0,0,0.0,0,0,0.0,0,0.0,0,0.0,0,0.0,0,0.0,0,0.0,0,0.0,0,0.0,0,0.0,0,0.0,0.00,0.0,0,0,0
1563346343,智R托管-不难别等-AGXI-系统-6.6,暂停,审核通过,通投,商品7日总下单ROI,笔记（商品组件）,680ade56000000001c0034be,59cde3b9db2e6029a99da214,图文笔记,"67f62ea104afe30001b8d8ed,67eb97e85d35ce0001a96c29",智R托管-不难别等-AGXI-系统-6.6,122136282,2025-06-06 13:56:30,0.00,0,0,0.0%,0.0,0.0,0,0.00,0.0,0,0,0.0,0,0,0.0,0,0.0,0,0.0,0,0.0,0,0.0,0,0.0,0,0.0,0,0.0,0,0.0,0,0.0,0.00,0.0,0,0,0
1563231989,智R托管-验内调-光感白肌饮-系统-6.6,暂停,审核通过,通投,商品7日总下单ROI,笔记（商品组件）,6837fb8d0000000021007533,59cde3b9db2e6029a99da214,视频笔记,"67a96f5af4fe140001803e33,67a96fff17cfa0000166a95f,67bd86679759260001a41644,67bd894629b9f70001b66fed",智R托管-验内调-光感白肌饮-系统-6.6,122136170,2025-06-06 13:53:29,0.00,0,0,0.0%,0.0,0.0,0,0.00,0.0,0,0,0.0,0,0,0.0,0,0.0,0,0.0,0,0.0,0,0.0,0,0.0,0,0.0,0,0.0,0,0.0,0,0.0,0.00,0.0,0,0,0
1558454914,智R托管-尴尬素-光感白肌饮-定向-6.5,暂停,审核通过,通投,商品7日总下单ROI,笔记（商品组件）,682fd4ce0000000022025ad6,59cde3b9db2e6029a99da214,图文笔记,"67a96fff17cfa0000166a95f,67bd894629b9f70001b66fed,67a96f5af4fe140001803e33,67bd86679759260001a41644",智R托管-尴尬素-光感白肌饮-定向-6.5,122006029,2025-06-05 16:51:38,0.00,0,0,0.0%,0.0,0.0,0,0.00,0.0,0,0,0.0,0,0,0.0,0,0.0,0,0.0,0,0.0,0,0.0,0,0.0,0,0.0,0,0.0,0,0.0,0,0.0,0.00,0.0,0,0,0
1551079717,智R托管-蒋欣4-AGXI-系统-6.4,被计划暂停,审核通过,通投,商品7日总下单ROI,笔记（商品组件）,67f8f50d000000001d018b40,59cde3b9db2e6029a99da214,图文笔记,"67f736dfb2c30c0001679c19,67f73692e8f2430001c6040f,67f7366a2a334f0001cfbc36",智R托管-蒋欣合集-AGXI-系统-6.4,121726892,2025-06-04 14:23:03,0.00,0,0,0.0%,0.0,0.0,0,0.00,0.0,0,0,0.0,0,0,0.0,0,0.0,0,0.0,0,0.0,0,0.0,0,0.0,0,0.0,0,0.0,0,0.0,0,0.0,0.00,0.0,0,0,0
1551079716,智R托管-蒋欣1-AGXI-系统-6.4,被计划暂停,审核通过,通投,商品7日总下单ROI,笔记（商品组件）,67f38c79000000001c0070ed,59cde3b9db2e6029a99da214,视频笔记,"67f736dfb2c30c0001679c19,67f73692e8f2430001c6040f,67f7366a2a334f0001cfbc36",智R托管-蒋欣合集-AGXI-系统-6.4,121726892,2025-06-04 14:23:03,0.00,0,0,0.0%,0.0,0.0,0,0.00,0.0,0,0,0.0,0,0,0.0,0,0.0,0,0.0,0,0.0,0,0.0,0,0.0,0,0.0,0,0.0,0,0.0,0,0.0,0.00,0.0,0,0,0
1551079715,智R托管-蒋欣28-AGXI-系统-6.4,暂停,审核通过,通投,商品7日总下单ROI,笔记（商品组件）,681dcc69000000002001d50c,59cde3b9db2e6029a99da214,视频笔记,"67f736dfb2c30c0001679c19,67f73692e8f2430001c6040f,67f7366a2a334f0001cfbc36",智R托管-蒋欣合集-AGXI-系统-6.4,121726892,2025-06-04 14:23:03,0.00,0,0,0.0%,0.0,0.0,0,0.00,0.0,0,0,0.0,0,0,0.0,0,0.0,0,0.0,0,0.0,0,0.0,0,0.0,0,0.0,0,0.0,0,0.0,0,0.0,0.00,0.0,0,0,0
1551307663,智R托管-蒋欣直投-AGXI-系统-6.4-达人直投,被计划暂停,审核通过,通投,商品7日总下单ROI,笔记（商品组件）,67f38e37000000001c036da9,5adcb1d2e8ac2b05e41f5476,视频笔记,"67eb97e85d35ce0001a96c29,67f62ea104afe30001b8d8ed",智R托管-蒋欣直投-AGXI-系统-6.4-达人直投,121726652,2025-06-04 14:16:38,0.00,0,0,0.0%,0.0,0.0,0,0.00,0.0,0,0,0.0,0,0,0.0,0,0.0,0,0.0,0,0.0,0,0.0,0,0.0,0,0.0,0,0.0,0,0.0,0,0.0,0.00,0.0,0,0,0
1550585311,智R托管-朋好友-光感白肌饮-系统-6.4,被计划暂停,审核通过,通投,商品7日总下单ROI,笔记（商品组件）,681da71500000000210098f3,59cde3b9db2e6029a99da214,视频笔记,"67bd894629b9f70001b66fed,67bd86679759260001a41644,67a96fff17cfa0000166a95f,67a96f5af4fe140001803e33",智R托管-朋好友-光感白肌饮-系统-6.4,121691340,2025-06-04 11:21:18,0.00,0,0,0.0%,0.0,0.0,0,0.00,0.0,0,0,0.0,0,0,0.0,0,0.0,0,0.0,0,0.0,0,0.0,0,0.0,0,0.0,0,0.0,0,0.0,0,0.0,0.00,0.0,0,0,0
1550465809,智R托管-6唱-光感白肌饮-系统-6.4-达人直投,暂停,审核通过,通投,商品7日总下单ROI,笔记（商品组件）,681c8c4a00000000230175ef,568d03294775a71e97a474a5,视频笔记,"67a96f5af4fe140001803e33,67bd894629b9f70001b66fed,67a96fff17cfa0000166a95f",智R托管-6唱-光感白肌饮-系统-6.4-达人直投,121691221,2025-06-04 11:18:16,0.00,0,0,0.0%,0.0,0.0,0,0.00,0.0,0,0,0.0,0,0,0.0,0,0.0,0,0.0,0,0.0,0,0.0,0,0.0,0,0.0,0,0.0,0,0.0,0,0.0,0.00,0.0,0,0,0
1550350545,智R托管-高阶玩家-新X白-系统-6.4,暂停,审核通过,通投,商品7日总下单ROI,笔记（商品组件）,680058f8000000001d038321,59cde3b9db2e6029a99da214,图文笔记,67f6247db2c30c00015cbc5d,智R托管-高阶玩家-新X白-系统-6.4,121696842,2025-06-04 11:17:33,0.00,0,0,0.0%,0.0,0.0,0,0.00,0.0,0,0,0.0,0,0,0.0,0,0.0,0,0.0,0,0.0,0,0.0,0,0.0,0,0.0,0,0.0,0,0.0,0,0.0,0.00,0.0,0,0,0
1545732756,智R托管-6唱-光感白肌饮-系统-6.3-达人直投,暂停,审核通过,通投,商品7日总下单ROI,笔记（商品组件）,681c8c4a00000000230175ef,568d03294775a71e97a474a5,视频笔记,"67a96fff17cfa0000166a95f,67bd894629b9f70001b66fed,67a96f5af4fe140001803e33",智R托管-6唱-光感白肌饮-系统-6.3-达人直投,121524358,2025-06-03 14:49:02,0.00,0,0,0.0%,0.0,0.0,0,0.00,0.0,0,0,0.0,0,0,0.0,0,0.0,0,0.0,0,0.0,0,0.0,0,0.0,0,0.0,0,0.0,0,0.0,0,0.0,0.00,0.0,0,0,0
1545399009,智R托管-发财宅崽-光感白肌饮-系统-6.3-达人直投,暂停,审核通过,通投,商品7日总下单ROI,笔记（商品组件）,681ddfa30000000012004d1d,67355d230000000008009cec,视频笔记,"67a978c617cfa0000166fdcf,67a978f5f4fe14000180a036,67bd97c67198db00013550dd",智R托管-合集-光感白肌饮-系统-6.3-达人直投,121505599,2025-06-03 14:19:10,0.00,0,0,0.0%,0.0,0.0,0,0.00,0.0,0,0,0.0,0,0,0.0,0,0.0,0,0.0,0,0.0,0,0.0,0,0.0,0,0.0,0,0.0,0,0.0,0,0.0,0.00,0.0,0,0,0
1545399008,智R托管-特别的特-光感白肌饮-系统-6.3-达人直投,暂停,审核通过,通投,商品7日总下单ROI,笔记（商品组件）,6821934f000000000303bf46,672762af000000001d02c99f,图文笔记,"67a978c617cfa0000166fdcf,67a978f5f4fe14000180a036,67bd97c67198db00013550dd",智R托管-合集-光感白肌饮-系统-6.3-达人直投,121505599,2025-06-03 14:19:10,0.00,0,0,0.0%,0.0,0.0,0,0.00,0.0,0,0,0.0,0,0,0.0,0,0.0,0,0.0,0,0.0,0,0.0,0,0.0,0,0.0,0,0.0,0,0.0,0,0.0,0.00,0.0,0,0,0
1545399007,智R托管-小鹿斑比呀-光感白肌饮-系统-6.3-达人直投,被计划暂停,审核通过,通投,商品7日总下单ROI,笔记（商品组件）,682712890000000021019a28,5dccc4ed0000000001009b45,图文笔记,"67a978c617cfa0000166fdcf,67a978f5f4fe14000180a036,67bd97c67198db00013550dd",智R托管-合集-光感白肌饮-系统-6.3-达人直投,121505599,2025-06-03 14:19:10,0.00,0,0,0.0%,0.0,0.0,0,0.00,0.0,0,0,0.0,0,0,0.0,0,0.0,0,0.0,0,0.0,0,0.0,0,0.0,0,0.0,0,0.0,0,0.0,0,0.0,0.00,0.0,0,0,0
1518660325,智R托管-饮凭实-光感白肌饮-系统-5.29,暂停,不满足审核条件,通投,商品7日总下单ROI,笔记（商品组件）,67ac40e0000000001800dd1a,59cde3b9db2e6029a99da214,图文笔记,67a96f5af4fe140001803e33,智R托管-饮凭实-光感白肌饮-系统-5.29,120381800,2025-05-29 08:45:44,0.00,0,0,0.0%,0.0,0.0,0,0.00,0.0,0,0,0.0,0,0,0.0,0,0.0,0,0.0,0,0.0,0,0.0,0,0.0,0,0.0,0,0.0,0,0.0,0,0.0,0.00,0.0,0,0,0
1508011563,智R托管-蒋欣8-AGXI-系统-5.27,暂停,审核拒绝,通投,商品7日总下单ROI,笔记（商品组件）,67fe2baa000000001a004704,59cde3b9db2e6029a99da214,视频笔记,"67f62e4eec137400010dc1cb,67f62ea104afe30001b8d8ed,67eb97e85d35ce0001a96c29",智R托管-蒋欣合集-AGXI-系统-5.27,119845173,2025-05-27 14:03:52,0.00,0,0,0.0%,0.0,0.0,0,0.00,0.0,0,0,0.0,0,0,0.0,0,0.0,0,0.0,0,0.0,0,0.0,0,0.0,0,0.0,0,0.0,0,0.0,0,0.0,0.00,0.0,0,0,0
1508011562,智R托管-蒋欣16-AGXI-系统-5.27,暂停,审核通过,通投,商品7日总下单ROI,笔记（商品组件）,680223ec000000001e00728c,59cde3b9db2e6029a99da214,视频笔记,"67f62e4eec137400010dc1cb,67f62ea104afe30001b8d8ed,67eb97e85d35ce0001a96c29",智R托管-蒋欣合集-AGXI-系统-5.27,119845173,2025-05-27 14:03:52,0.00,0,0,0.0%,0.0,0.0,0,0.00,0.0,0,0,0.0,0,0,0.0,0,0.0,0,0.0,0,0.0,0,0.0,0,0.0,0,0.0,0,0.0,0,0.0,0,0.0,0.00,0.0,0,0,0
1507055580,智R托管-朋好友-光感白肌饮-系统-5.27,被计划暂停,审核通过,通投,商品7日总下单ROI,笔记（商品组件）,681da71500000000210098f3,59cde3b9db2e6029a99da214,视频笔记,"67a96f5af4fe140001803e33,67a96fff17cfa0000166a95f,67bd86679759260001a41644,67bd894629b9f70001b66fed",智R托管-朋好友-光感白肌饮-系统-5.27,119806666,2025-05-27 10:52:01,0.00,0,0,0.0%,0.0,0.0,0,0.00,0.0,0,0,0.0,0,0,0.0,0,0.0,0,0.0,0,0.0,0,0.0,0,0.0,0,0.0,0,0.0,0,0.0,0,0.0,0.00,0.0,0,0,0
1507172480,智R托管-真正方式-AGXI-系统-5.27,被计划暂停,审核通过,通投,商品7日总下单ROI,笔记（商品组件）,680b37c6000000001d020695,59cde3b9db2e6029a99da214,图文笔记,"67f62ea104afe30001b8d8ed,67eb97e85d35ce0001a96c29",智R托管-真正方式-AGXI-系统-5.27,119806606,2025-05-27 10:50:43,0.00,0,0,0.0%,0.0,0.0,0,0.00,0.0,0,0,0.0,0,0,0.0,0,0.0,0,0.0,0,0.0,0,0.0,0,0.0,0,0.0,0,0.0,0,0.0,0,0.0,0.00,0.0,0,0,0
1507227588,智R托管-高阶玩家-新X白-定向-5.27,暂停,审核通过,通投,商品7日总下单ROI,笔记（商品组件）,680058f8000000001d038321,59cde3b9db2e6029a99da214,图文笔记,67f6247db2c30c00015cbc5d,智R托管-高阶玩家-新X白-定向-5.27,119806535,2025-05-27 10:49:08,0.00,0,0,0.0%,0.0,0.0,0,0.00,0.0,0,0,0.0,0,0,0.0,0,0.0,0,0.0,0,0.0,0,0.0,0,0.0,0,0.0,0,0.0,0,0.0,0,0.0,0.00,0.0,0,0,0
1507168476,智R托管-解锁由-横测笔记-系统-5.27,暂停,审核通过,通投,商品7日总下单ROI,笔记（商品组件）,68059d30000000001d01b56c,59cde3b9db2e6029a99da214,图文笔记,"67f62ea104afe30001b8d8ed,67a96fff17cfa0000166a95f,662b5c49853c0300010a6c80,660293cf3b4dcf0001ccc97d,67f6247db2c30c00015cbc5d",智R托管-解锁由-横测笔记-系统-5.27,119801027,2025-05-27 10:46:00,0.00,0,0,0.0%,0.0,0.0,0,0.00,0.0,0,0,0.0,0,0,0.0,0,0.0,0,0.0,0,0.0,0,0.0,0,0.0,0,0.0,0,0.0,0,0.0,0,0.0,0.00,0.0,0,0,0
1507199581,智R托管-蒋欣3-AGXI-系统-5.27,被计划暂停,审核通过,通投,商品7日总下单ROI,笔记（商品组件）,67f8f0be000000001d02c66c,59cde3b9db2e6029a99da214,视频笔记,"67f736dfb2c30c0001679c19,67f73692e8f2430001c6040f,67f7366a2a334f0001cfbc36",智R托管-蒋欣3-AGXI-系统-5.27,119816649,2025-05-27 10:23:36,0.00,0,0,0.0%,0.0,0.0,0,0.00,0.0,0,0,0.0,0,0,0.0,0,0.0,0,0.0,0,0.0,0,0.0,0,0.0,0,0.0,0,0.0,0,0.0,0,0.0,0.00,0.0,0,0,0
1486776512,智R托管-透光指南-新X白-系统-5.23,被计划暂停,审核通过,通投,商品7日总下单ROI,笔记（商品组件）,68117d2500000000220273ea,59cde3b9db2e6029a99da214,视频笔记,67f6247db2c30c00015cbc5d,智R托管-透光指南-新X白-系统-5.23,119076532,2025-05-23 14:50:12,0.00,0,0,0.0%,0.0,0.0,0,0.00,0.0,0,0,0.0,0,0,0.0,0,0.0,0,0.0,0,0.0,0,0.0,0,0.0,0,0.0,0,0.0,0,0.0,0,0.0,0.00,0.0,0,0,0
1481632745,智R托管-6唱-光感白肌饮-系统-5.22-达人直投,暂停,审核通过,通投,商品7日总下单ROI,笔记（商品组件）,681c8c4a00000000230175ef,568d03294775a71e97a474a5,视频笔记,"67a96f5af4fe140001803e33,67bd894629b9f70001b66fed,67a96fff17cfa0000166a95f",智R托管-合集-光感白肌饮-系统-5.22-达人直投,118922429,2025-05-22 16:36:36,0.00,0,0,0.0%,0.0,0.0,0,0.00,0.0,0,0,0.0,0,0,0.0,0,0.0,0,0.0,0,0.0,0,0.0,0,0.0,0,0.0,0,0.0,0,0.0,0,0.0,0.00,0.0,0,0,0
1481632744,智R托管-秘制小豪宝-光感白肌饮-系统-5.22-达人直投,暂停,审核通过,通投,商品7日总下单ROI,笔记（商品组件）,681c619500000000210020d7,609526a6000000000100775d,视频笔记,"67a96f5af4fe140001803e33,67bd894629b9f70001b66fed,67a96fff17cfa0000166a95f",智R托管-合集-光感白肌饮-系统-5.22-达人直投,118922429,2025-05-22 16:36:36,0.00,0,0,0.0%,0.0,0.0,0,0.00,0.0,0,0,0.0,0,0,0.0,0,0.0,0,0.0,0,0.0,0,0.0,0,0.0,0,0.0,0,0.0,0,0.0,0,0.0,0.00,0.0,0,0,0
1481742917,智R托管-涂涂小地瓜-AGXI-系统-5.22-达人直投,暂停,审核通过,通投,商品7日总下单ROI,笔记（商品组件）,681ad8fb000000002001cd6d,657fc65e0000000019011f44,图文笔记,"67eb97e85d35ce0001a96c29,67f62ea104afe30001b8d8ed",智R托管-涂涂小地瓜-AGXI-系统-5.22-达人直投,118922067,2025-05-22 16:29:35,0.00,0,0,0.0%,0.0,0.0,0,0.00,0.0,0,0,0.0,0,0,0.0,0,0.0,0,0.0,0,0.0,0,0.0,0,0.0,0,0.0,0,0.0,0,0.0,0,0.0,0.00,0.0,0,0,0
1481202403,智R托管-高定30-X白-系统-5.22,被计划暂停,审核拒绝,通投,商品7日总下单ROI,笔记（商品组件）,6603dc9b0000000012030efc,59cde3b9db2e6029a99da214,图文笔记,67f6247db2c30c00015cbc5d,智R托管-高定30-X白-系统-5.22,118863011,2025-05-22 14:50:10,0.00,0,0,0.0%,0.0,0.0,0,0.00,0.0,0,0,0.0,0,0,0.0,0,0.0,0,0.0,0,0.0,0,0.0,0,0.0,0,0.0,0,0.0,0,0.0,0,0.0,0.00,0.0,0,0,0
1468135459,智R托管-颖儿17-光感白肌饮-系统-5.20,被计划暂停,审核通过,通投,商品7日总下单ROI,笔记（商品组件）,67ee585e000000001c001b94,59cde3b9db2e6029a99da214,视频笔记,"67a978c617cfa0000166fdcf,67a978f5f4fe14000180a036,67bd97c67198db00013550dd",智R托管-颖儿17-光感白肌饮-系统-5.20,118355916,2025-05-20 13:38:02,0.00,0,0,0.0%,0.0,0.0,0,0.00,0.0,0,0,0.0,0,0,0.0,0,0.0,0,0.0,0,0.0,0,0.0,0,0.0,0,0.0,0,0.0,0,0.0,0,0.0,0.00,0.0,0,0,0
1466256205,智R托管-蒋欣3-AGXI-系统-5.20,被计划暂停,审核通过,通投,商品7日总下单ROI,笔记（商品组件）,67f8f0be000000001d02c66c,59cde3b9db2e6029a99da214,视频笔记,"67f62ea104afe30001b8d8ed,67eb97e85d35ce0001a96c29",智R托管-蒋欣3-AGXI-系统-5.20,118334441,2025-05-20 09:40:45,0.00,0,0,0.0%,0.0,0.0,0,0.00,0.0,0,0,0.0,0,0,0.0,0,0.0,0,0.0,0,0.0,0,0.0,0,0.0,0,0.0,0,0.0,0,0.0,0,0.0,0.00,0.0,0,0,0
1444603476,智R托管-造钻光肌-新X白-系统-5.16,暂停,审核通过,通投,商品7日总下单ROI,笔记（商品组件）,680aed09000000001e007445,59cde3b9db2e6029a99da214,图文笔记,67f736fd1899f10001bb2f3f,智R托管-合集-新X白-系统-5.16,117659192,2025-05-16 16:37:49,0.00,0,0,0.0%,0.0,0.0,0,0.00,0.0,0,0,0.0,0,0,0.0,0,0.0,0,0.0,0,0.0,0,0.0,0,0.0,0,0.0,0,0.0,0,0.0,0,0.0,0.00,0.0,0,0,0
1444603475,智R托管-高阶玩家-新X白-系统-5.16,暂停,审核通过,通投,商品7日总下单ROI,笔记（商品组件）,680058f8000000001d038321,59cde3b9db2e6029a99da214,图文笔记,67f736fd1899f10001bb2f3f,智R托管-合集-新X白-系统-5.16,117659192,2025-05-16 16:37:49,0.00,0,0,0.0%,0.0,0.0,0,0.00,0.0,0,0,0.0,0,0,0.0,0,0.0,0,0.0,0,0.0,0,0.0,0,0.0,0,0.0,0,0.0,0,0.0,0,0.0,0.00,0.0,0,0,0
1444236730,智R托管-防御体系-AGXI-系统-5.16,暂停,不满足审核条件,通投,商品7日总下单ROI,笔记（商品组件）,681096ca000000002200713a,59cde3b9db2e6029a99da214,图文笔记,"67eb97e85d35ce0001a96c29,67f62e4eec137400010dc1cb,67f62ea104afe30001b8d8ed",智R托管-合集-AGXI-系统-5.16,117646527,2025-05-16 16:27:45,0.00,0,0,0.0%,0.0,0.0,0,0.00,0.0,0,0,0.0,0,0,0.0,0,0.0,0,0.0,0,0.0,0,0.0,0,0.0,0,0.0,0,0.0,0,0.0,0,0.0,0.00,0.0,0,0,0
1444524927,智R托管-serababy-AGXI-系统-5.16-达人直投,暂停,审核通过,通投,商品7日总下单ROI,笔记（商品组件）,680222aa000000001b03cc84,61055c85000000000101c6ca,视频笔记,"67f7366a2a334f0001cfbc36,67f73692e8f2430001c6040f,67f736dfb2c30c0001679c19",智R托管-serababy-AGXI-系统-5.16-达人直投,117646580,2025-05-16 16:24:47,0.00,0,0,0.0%,0.0,0.0,0,0.00,0.0,0,0,0.0,0,0,0.0,0,0.0,0,0.0,0,0.0,0,0.0,0,0.0,0,0.0,0,0.0,0,0.0,0,0.0,0.00,0.0,0,0,0
1444523509,智R托管-不难别等-AGXI-系统-5.16,暂停,审核通过,通投,商品7日总下单ROI,笔记（商品组件）,680ade56000000001c0034be,59cde3b9db2e6029a99da214,图文笔记,"67f736dfb2c30c0001679c19,67f73692e8f2430001c6040f,67f7366a2a334f0001cfbc36",智R托管-合集-AGXI-系统-5.16,117646527,2025-05-16 16:23:25,0.00,0,0,0.0%,0.0,0.0,0,0.00,0.0,0,0,0.0,0,0,0.0,0,0.0,0,0.0,0,0.0,0,0.0,0,0.0,0,0.0,0,0.0,0,0.0,0,0.0,0.00,0.0,0,0,0
1435700408,智R放量-蒋欣28-AGXI-系统-5.15,暂停,审核拒绝,通投,商品7日总下单ROI,笔记（商品组件）,681dcc69000000002001d50c,59cde3b9db2e6029a99da214,视频笔记,67f62ea104afe30001b8d8ed,智R放量-蒋欣合集-AGXI-系统-5.15,117302381,2025-05-15 11:21:13,0.00,0,0,0.0%,0.0,0.0,0,0.00,0.0,0,0,0.0,0,0,0.0,0,0.0,0,0.0,0,0.0,0,0.0,0,0.0,0,0.0,0,0.0,0,0.0,0,0.0,0.00,0.0,0,0,0
1435700407,智R放量-蒋欣17-AGXI-系统-5.15,暂停,审核通过,通投,商品7日总下单ROI,笔记（商品组件）,680ae0df000000001c00811b,59cde3b9db2e6029a99da214,视频笔记,6807691d6626af00017a1e5a,智R放量-蒋欣合集-AGXI-系统-5.15,117302381,2025-05-15 11:21:13,0.00,0,0,0.0%,0.0,0.0,0,0.00,0.0,0,0,0.0,0,0,0.0,0,0.0,0,0.0,0,0.0,0,0.0,0,0.0,0,0.0,0,0.0,0,0.0,0,0.0,0.00,0.0,0,0,0
1435700406,智R放量-蒋欣8-AGXI-系统-5.15,被计划暂停,审核拒绝,通投,商品7日总下单ROI,笔记（商品组件）,67fe2baa000000001a004704,59cde3b9db2e6029a99da214,视频笔记,67f62ea104afe30001b8d8ed,智R放量-蒋欣合集-AGXI-系统-5.15,117302381,2025-05-15 11:21:13,0.00,0,0,0.0%,0.0,0.0,0,0.00,0.0,0,0,0.0,0,0,0.0,0,0.0,0,0.0,0,0.0,0,0.0,0,0.0,0,0.0,0,0.0,0,0.0,0,0.0,0.00,0.0,0,0,0
1435700405,智R放量-蒋欣4-AGXI-系统-5.15,暂停,审核通过,通投,商品7日总下单ROI,笔记（商品组件）,67f8f50d000000001d018b40,59cde3b9db2e6029a99da214,图文笔记,67f6247db2c30c00015cbc5d,智R放量-蒋欣合集-AGXI-系统-5.15,117302381,2025-05-15 11:21:13,0.00,0,0,0.0%,0.0,0.0,0,0.00,0.0,0,0,0.0,0,0,0.0,0,0.0,0,0.0,0,0.0,0,0.0,0,0.0,0,0.0,0,0.0,0,0.0,0,0.0,0.00,0.0,0,0,0
1435700404,智R放量-蒋欣1-AGXI-系统-5.15,被计划暂停,审核通过,通投,商品7日总下单ROI,笔记（商品组件）,67f38c79000000001c0070ed,59cde3b9db2e6029a99da214,视频笔记,67f62ea104afe30001b8d8ed,智R放量-蒋欣合集-AGXI-系统-5.15,117302381,2025-05-15 11:21:13,0.00,0,0,0.0%,0.0,0.0,0,0.00,0.0,0,0,0.0,0,0,0.0,0,0.0,0,0.0,0,0.0,0,0.0,0,0.0,0,0.0,0,0.0,0,0.0,0,0.0,0.00,0.0,0,0,0
1435700403,智R放量-蒋欣16-AGXI-系统-5.15,被计划暂停,审核通过,通投,商品7日总下单ROI,笔记（商品组件）,680223ec000000001e00728c,59cde3b9db2e6029a99da214,视频笔记,"67f62e4eec137400010dc1cb,67f62ea104afe30001b8d8ed,67eb97e85d35ce0001a96c29",智R放量-蒋欣合集-AGXI-系统-5.15,117302381,2025-05-15 11:21:13,0.00,0,0,0.0%,0.0,0.0,0,0.00,0.0,0,0,0.0,0,0,0.0,0,0.0,0,0.0,0,0.0,0,0.0,0,0.0,0,0.0,0,0.0,0,0.0,0,0.0,0.00,0.0,0,0,0
1399750281,智R托管-姐妹夏-光感白肌饮-系统-5.9,被计划暂停,审核通过,通投,商品7日总下单ROI,笔记（商品组件）,6801e448000000001b038748,59cde3b9db2e6029a99da214,图文笔记,"67a96f5af4fe140001803e33,67a96fff17cfa0000166a95f,67bd894629b9f70001b66fed",智R托管-合集-光感白肌饮-系统-5.9,116038180,2025-05-09 10:56:50,0.00,0,0,0.0%,0.0,0.0,0,0.00,0.0,0,0,0.0,0,0,0.0,0,0.0,0,0.0,0,0.0,0,0.0,0,0.0,0,0.0,0,0.0,0,0.0,0,0.0,0.00,0.0,0,0,0
1399750280,智R托管-实力出-光感白肌饮-系统-5.9,暂停,审核通过,通投,商品7日总下单ROI,笔记（商品组件）,680f42f3000000002101aae1,59cde3b9db2e6029a99da214,图文笔记,67a96fff17cfa0000166a95f,智R托管-合集-光感白肌饮-系统-5.9,116038180,2025-05-09 10:56:50,0.00,0,0,0.0%,0.0,0.0,0,0.00,0.0,0,0,0.0,0,0,0.0,0,0.0,0,0.0,0,0.0,0,0.0,0,0.0,0,0.0,0,0.0,0,0.0,0,0.0,0.00,0.0,0,0,0
1399749026,智R托管-李喵喵miaomiao-光感白肌饮-系统-5.9-达人直投,暂停,审核通过,通投,商品7日总下单ROI,笔记（商品组件）,67c68e1e0000000029029df3,5657c430e4251d04a5103a9c,图文笔记,"67a978c617cfa0000166fdcf,67a978f5f4fe14000180a036,67bd97c67198db00013550dd",智R托管-李喵喵miaomiao-光感白肌饮-系统-5.9-达人直投,116043751,2025-05-09 10:55:07,0.00,0,0,0.0%,0.0,0.0,0,0.00,0.0,0,0,0.0,0,0,0.0,0,0.0,0,0.0,0,0.0,0,0.0,0,0.0,0,0.0,0,0.0,0,0.0,0,0.0,0.00,0.0,0,0,0
1399747888,智R托管-养成秘-光感白肌饮-系统-5.9,暂停,审核通过,通投,商品7日总下单ROI,笔记（商品组件）,6801c92c000000001b03f409,59cde3b9db2e6029a99da214,视频笔记,67a96fff17cfa0000166a95f,智R托管-养成秘-光感白肌饮-系统-5.9,116043652,2025-05-09 10:53:39,0.00,0,0,0.0%,0.0,0.0,0,0.00,0.0,0,0,0.0,0,0,0.0,0,0.0,0,0.0,0,0.0,0,0.0,0,0.0,0,0.0,0,0.0,0,0.0,0,0.0,0.00,0.0,0,0,0
1399658314,智R托管-饮凭实-光感白肌饮-系统-5.9,暂停,不满足审核条件,通投,商品7日总下单ROI,笔记（商品组件）,67ac40e0000000001800dd1a,59cde3b9db2e6029a99da214,图文笔记,67a96f5af4fe140001803e33,智R托管-饮凭实-光感白肌饮-系统-5.9,116026349,2025-05-09 10:52:53,0.00,0,0,0.0%,0.0,0.0,0,0.00,0.0,0,0,0.0,0,0,0.0,0,0.0,0,0.0,0,0.0,0,0.0,0,0.0,0,0.0,0,0.0,0,0.0,0,0.0,0.00,0.0,0,0,0
1399806428,智R托管-一步步-光感白肌饮-系统-5.9,被计划暂停,审核通过,通投,商品7日总下单ROI,笔记（商品组件）,67dcb95b000000000900ed6b,59cde3b9db2e6029a99da214,视频笔记,67a96f5af4fe140001803e33,智R托管-一步步-光感白肌饮-系统-5.9,116043576,2025-05-09 10:52:07,0.00,0,0,0.0%,0.0,0.0,0,0.00,0.0,0,0,0.0,0,0,0.0,0,0.0,0,0.0,0,0.0,0,0.0,0,0.0,0,0.0,0,0.0,0,0.0,0,0.0,0.00,0.0,0,0,0
1399654636,智R托管-颖儿18-光感白肌饮-系统-5.9,暂停,审核通过,通投,商品7日总下单ROI,笔记（商品组件）,67ee5b70000000001d007bdb,59cde3b9db2e6029a99da214,视频笔记,"67bd97c67198db00013550dd,67a978f5f4fe14000180a036,67a978c617cfa0000166fdcf",智R托管-颖儿合集-光感白肌饮-系统-5.9,116043498,2025-05-09 10:50:23,0.00,0,0,0.0%,0.0,0.0,0,0.00,0.0,0,0,0.0,0,0,0.0,0,0.0,0,0.0,0,0.0,0,0.0,0,0.0,0,0.0,0,0.0,0,0.0,0,0.0,0.00,0.0,0,0,0
1399654635,智R托管-颖儿17-光感白肌饮-系统-5.9,被计划暂停,审核通过,通投,商品7日总下单ROI,笔记（商品组件）,67ee585e000000001c001b94,59cde3b9db2e6029a99da214,视频笔记,"67bd97c67198db00013550dd,67a978f5f4fe14000180a036,67a978c617cfa0000166fdcf",智R托管-颖儿合集-光感白肌饮-系统-5.9,116043498,2025-05-09 10:50:23,0.00,0,0,0.0%,0.0,0.0,0,0.00,0.0,0,0,0.0,0,0,0.0,0,0.0,0,0.0,0,0.0,0,0.0,0,0.0,0,0.0,0,0.0,0,0.0,0,0.0,0.00,0.0,0,0,0
1390163448,智R托管-造钻光肌-新X白-系统-5.7,暂停,审核通过,通投,商品7日总下单ROI,笔记（商品组件）,680aed09000000001e007445,59cde3b9db2e6029a99da214,图文笔记,67f736fd1899f10001bb2f3f,智R托管-合集-新X白-系统-5.7,115683625,2025-05-07 18:12:58,0.00,0,0,0.0%,0.0,0.0,0,0.00,0.0,0,0,0.0,0,0,0.0,0,0.0,0,0.0,0,0.0,0,0.0,0,0.0,0,0.0,0,0.0,0,0.0,0,0.0,0.00,0.0,0,0,0
1390163447,智R托管-高阶玩家-新X白-系统-5.7,暂停,审核通过,通投,商品7日总下单ROI,笔记（商品组件）,680058f8000000001d038321,59cde3b9db2e6029a99da214,图文笔记,"67f6247db2c30c00015cbc5d,67f62e4eec137400010dc1cb,67f62ea104afe30001b8d8ed,67a96fff17cfa0000166a95f,67a96f5af4fe140001803e33",智R托管-合集-新X白-系统-5.7,115683625,2025-05-07 18:12:58,0.00,0,0,0.0%,0.0,0.0,0,0.00,0.0,0,0,0.0,0,0,0.0,0,0.0,0,0.0,0,0.0,0,0.0,0,0.0,0,0.0,0,0.0,0,0.0,0,0.0,0.00,0.0,0,0,0
1389379868,智R托管-蒋欣直投-AGXI-系统-5.7-达人直投,被计划暂停,审核通过,通投,商品7日总下单ROI,笔记（商品组件）,67f38e37000000001c036da9,5adcb1d2e8ac2b05e41f5476,视频笔记,"67eb97e85d35ce0001a96c29,67f62ea104afe30001b8d8ed",智R托管-蒋欣直投-AGXI-系统-5.7-达人直投,115658832,2025-05-07 16:15:14,0.00,0,0,0.0%,0.0,0.0,0,0.00,0.0,0,0,0.0,0,0,0.0,0,0.0,0,0.0,0,0.0,0,0.0,0,0.0,0,0.0,0,0.0,0,0.0,0,0.0,0.00,0.0,0,0,0
1381127519,智R托管-颖儿3-光感白肌饮-系统-5.6,暂停,审核通过,通投,商品7日总下单ROI,笔记（商品组件）,67c18151000000001203c8ef,59cde3b9db2e6029a99da214,视频笔记,"67f736fd1899f10001bb2f3f,67bd97c67198db00013550dd,67a978c617cfa0000166fdcf",智R托管-颖儿合集-光感白肌饮-系统-5.6,115308409,2025-05-06 09:49:47,0.00,0,0,0.0%,0.0,0.0,0,0.00,0.0,0,0,0.0,0,0,0.0,0,0.0,0,0.0,0,0.0,0,0.0,0,0.0,0,0.0,0,0.0,0,0.0,0,0.0,0.00,0.0,0,0,0
1381127518,智R托管-颖儿2-光感白肌饮-系统-5.6,暂停,审核通过,通投,商品7日总下单ROI,笔记（商品组件）,67c17de2000000000d0175e9,59cde3b9db2e6029a99da214,视频笔记,"67f736fd1899f10001bb2f3f,67bd97c67198db00013550dd,67a978c617cfa0000166fdcf",智R托管-颖儿合集-光感白肌饮-系统-5.6,115308409,2025-05-06 09:49:47,0.00,0,0,0.0%,0.0,0.0,0,0.00,0.0,0,0,0.0,0,0,0.0,0,0.0,0,0.0,0,0.0,0,0.0,0,0.0,0,0.0,0,0.0,0,0.0,0,0.0,0.00,0.0,0,0,0
1346143357,智R托管-颖儿5-光感白肌饮-系统-4.28,被计划暂停,不满足审核条件,通投,商品7日总下单ROI,笔记（商品组件）,67ca8d16000000000b014aa4,59cde3b9db2e6029a99da214,图文笔记,"67bd960eeef18200010b9b42,67a978c617cfa0000166fdcf,67a978f5f4fe14000180a036,67bd97c67198db00013550dd",智R托管-颖儿合集-光感白肌饮-系统-4.28,114178569,2025-04-28 16:54:54,0.00,0,0,0.0%,0.0,0.0,0,0.00,0.0,0,0,0.0,0,0,0.0,0,0.0,0,0.0,0,0.0,0,0.0,0,0.0,0,0.0,0,0.0,0,0.0,0,0.0,0.00,0.0,0,0,0
1346143356,智R托管-颖儿17-光感白肌饮-系统-4.28,被计划暂停,不满足审核条件,通投,商品7日总下单ROI,笔记（商品组件）,67ee585e000000001c001b94,59cde3b9db2e6029a99da214,视频笔记,"67bd960eeef18200010b9b42,67a978c617cfa0000166fdcf,67a978f5f4fe14000180a036,67bd97c67198db00013550dd",智R托管-颖儿合集-光感白肌饮-系统-4.28,114178569,2025-04-28 16:54:54,0.00,0,0,0.0%,0.0,0.0,0,0.00,0.0,0,0,0.0,0,0,0.0,0,0.0,0,0.0,0,0.0,0,0.0,0,0.0,0,0.0,0,0.0,0,0.0,0,0.0,0.00,0.0,0,0,0
1346143355,智R托管-颖儿22-光感白肌饮-系统-4.28,被计划暂停,不满足审核条件,通投,商品7日总下单ROI,笔记（商品组件）,6808cd2e000000001d006d8e,59cde3b9db2e6029a99da214,视频笔记,"67bd960eeef18200010b9b42,67a978c617cfa0000166fdcf,67a978f5f4fe14000180a036,67bd97c67198db00013550dd",智R托管-颖儿合集-光感白肌饮-系统-4.28,114178569,2025-04-28 16:54:54,0.00,0,0,0.0%,0.0,0.0,0,0.00,0.0,0,0,0.0,0,0,0.0,0,0.0,0,0.0,0,0.0,0,0.0,0,0.0,0,0.0,0,0.0,0,0.0,0,0.0,0.00,0.0,0,0,0
1345981650,智R托管-一步步-光感白肌饮-系统-4.28,被计划暂停,审核通过,通投,商品7日总下单ROI,笔记（商品组件）,67dcb95b000000000900ed6b,59cde3b9db2e6029a99da214,视频笔记,67a96f5af4fe140001803e33,智R托管-合集-光感白肌饮-系统-4.28,114166584,2025-04-28 16:40:18,0.00,0,0,0.0%,0.0,0.0,0,0.00,0.0,0,0,0.0,0,0,0.0,0,0.0,0,0.0,0,0.0,0,0.0,0,0.0,0,0.0,0,0.0,0,0.0,0,0.0,0.00,0.0,0,0,0
1345981649,智R托管-养成秘-光感白肌饮-系统-4.28,暂停,审核通过,通投,商品7日总下单ROI,笔记（商品组件）,6801c92c000000001b03f409,59cde3b9db2e6029a99da214,视频笔记,67a96fff17cfa0000166a95f,智R托管-合集-光感白肌饮-系统-4.28,114166584,2025-04-28 16:40:18,0.00,0,0,0.0%,0.0,0.0,0,0.00,0.0,0,0,0.0,0,0,0.0,0,0.0,0,0.0,0,0.0,0,0.0,0,0.0,0,0.0,0,0.0,0,0.0,0,0.0,0.00,0.0,0,0,0
1345927657,智R托管-蒋欣8-AGXI-系统-4.28,暂停,审核通过,通投,商品7日总下单ROI,笔记（商品组件）,67fe2baa000000001a004704,59cde3b9db2e6029a99da214,视频笔记,67f62ea104afe30001b8d8ed,智R托管-蒋欣合集-AGXI-系统-4.28,114165936,2025-04-28 16:23:50,0.00,0,0,0.0%,0.0,0.0,0,0.00,0.0,0,0,0.0,0,0,0.0,0,0.0,0,0.0,0,0.0,0,0.0,0,0.0,0,0.0,0,0.0,0,0.0,0,0.0,0.00,0.0,0,0,0
1345927656,智R托管-蒋欣4-AGXI-系统-4.28,被计划暂停,审核通过,通投,商品7日总下单ROI,笔记（商品组件）,67f8f50d000000001d018b40,59cde3b9db2e6029a99da214,图文笔记,67f6247db2c30c00015cbc5d,智R托管-蒋欣合集-AGXI-系统-4.28,114165936,2025-04-28 16:23:50,0.00,0,0,0.0%,0.0,0.0,0,0.00,0.0,0,0,0.0,0,0,0.0,0,0.0,0,0.0,0,0.0,0,0.0,0,0.0,0,0.0,0,0.0,0,0.0,0,0.0,0.00,0.0,0,0,0
1345865988,智R托管-蒋欣3-AGXI-系统-4.28,被计划暂停,审核通过,通投,商品7日总下单ROI,笔记（商品组件）,67f8f0be000000001d02c66c,59cde3b9db2e6029a99da214,视频笔记,"67f7366a2a334f0001cfbc36,67f73692e8f2430001c6040f,67f736dfb2c30c0001679c19",智R托管-蒋欣3-AGXI-系统-4.28,114154261,2025-04-28 16:22:13,0.00,0,0,0.0%,0.0,0.0,0,0.00,0.0,0,0,0.0,0,0,0.0,0,0.0,0,0.0,0,0.0,0,0.0,0,0.0,0,0.0,0,0.0,0,0.0,0,0.0,0.00,0.0,0,0,0
1324626294,智R托管-蒋欣1-AGXI-系统-4.24,暂停,不满足审核条件,通投,商品7日总下单ROI,笔记（商品组件）,67f38c79000000001c0070ed,59cde3b9db2e6029a99da214,视频笔记,"67f6247db2c30c00015cbc5d,67f736fd1899f10001bb2f3f",智R托管-蒋欣1-AGXI-系统-4.24,113360085,2025-04-24 15:07:21,0.00,0,0,0.0%,0.0,0.0,0,0.00,0.0,0,0,0.0,0,0,0.0,0,0.0,0,0.0,0,0.0,0,0.0,0,0.0,0,0.0,0,0.0,0,0.0,0,0.0,0.00,0.0,0,0,0
1322634127,智R托管-蒋欣3-AGXI-系统-4.24,被计划暂停,审核通过,通投,商品7日总下单ROI,笔记（商品组件）,67f8f0be000000001d02c66c,59cde3b9db2e6029a99da214,视频笔记,67f62ea104afe30001b8d8ed,智R托管-蒋欣3-AGXI-系统-4.24,113279319,2025-04-24 09:08:43,0.00,0,0,0.0%,0.0,0.0,0,0.00,0.0,0,0,0.0,0,0,0.0,0,0.0,0,0.0,0,0.0,0,0.0,0,0.0,0,0.0,0,0.0,0,0.0,0,0.0,0.00,0.0,0,0,0
1313682557,智R托管-蒋欣4-AGXI-系统-4.22,暂停,审核通过,通投,商品7日总下单ROI,笔记（商品组件）,67f8f50d000000001d018b40,59cde3b9db2e6029a99da214,图文笔记,67f62ea104afe30001b8d8ed,智R托管-蒋欣合集-AGXI-系统-4.22,112908381,2025-04-22 14:29:30,0.00,0,0,0.0%,0.0,0.0,0,0.00,0.0,0,0,0.0,0,0,0.0,0,0.0,0,0.0,0,0.0,0,0.0,0,0.0,0,0.0,0,0.0,0,0.0,0,0.0,0.00,0.0,0,0,0
1313682556,智R托管-蒋欣5-AGXI-系统-4.22,暂停,审核通过,通投,商品7日总下单ROI,笔记（商品组件）,67f8eba3000000001a006d55,59cde3b9db2e6029a99da214,视频笔记,67f62ea104afe30001b8d8ed,智R托管-蒋欣合集-AGXI-系统-4.22,112908381,2025-04-22 14:29:30,0.00,0,0,0.0%,0.0,0.0,0,0.00,0.0,0,0,0.0,0,0,0.0,0,0.0,0,0.0,0,0.0,0,0.0,0,0.0,0,0.0,0,0.0,0,0.0,0,0.0,0.00,0.0,0,0,0
1313682555,智R托管-蒋欣3-AGXI-系统-4.22,被计划暂停,审核通过,通投,商品7日总下单ROI,笔记（商品组件）,67f8f0be000000001d02c66c,59cde3b9db2e6029a99da214,视频笔记,67f62ea104afe30001b8d8ed,智R托管-蒋欣合集-AGXI-系统-4.22,112908381,2025-04-22 14:29:30,0.00,0,0,0.0%,0.0,0.0,0,0.00,0.0,0,0,0.0,0,0,0.0,0,0.0,0,0.0,0,0.0,0,0.0,0,0.0,0,0.0,0,0.0,0,0.0,0,0.0,0.00,0.0,0,0,0
1309230273,智R托管-蒋欣直投-AGXI-系统-4.21-达人直投,被计划暂停,审核通过,通投,商品7日总下单ROI,笔记（商品组件）,67f38e37000000001c036da9,5adcb1d2e8ac2b05e41f5476,视频笔记,"67eb97e85d35ce0001a96c29,67f62ea104afe30001b8d8ed",智R托管-蒋欣直投-AGXI-系统-4.21-达人直投,112767297,2025-04-21 17:12:50,0.00,0,0,0.0%,0.0,0.0,0,0.00,0.0,0,0,0.0,0,0,0.0,0,0.0,0,0.0,0,0.0,0,0.0,0,0.0,0,0.0,0,0.0,0,0.0,0,0.0,0.00,0.0,0,0,0
1306611812,智R托管-蒋欣1-AGXI-系统-4.21,暂停,不满足审核条件,通投,商品7日总下单ROI,笔记（商品组件）,67f38c79000000001c0070ed,59cde3b9db2e6029a99da214,视频笔记,"67f736fd1899f10001bb2f3f,67f6247db2c30c00015cbc5d",智R托管-蒋欣1-AGXI-系统-4.21,112631206,2025-04-21 08:45:16,0.00,0,0,0.0%,0.0,0.0,0,0.00,0.0,0,0,0.0,0,0,0.0,0,0.0,0,0.0,0,0.0,0,0.0,0,0.0,0,0.0,0,0.0,0,0.0,0,0.0,0.00,0.0,0,0,0
1288859680,智R托管-颖儿18-光感白肌饮-系统-4.17,被计划暂停,审核通过,通投,商品7日总下单ROI,笔记（商品组件）,67ee5b70000000001d007bdb,59cde3b9db2e6029a99da214,视频笔记,"67a978c617cfa0000166fdcf,67bd97c67198db00013550dd,67f736fd1899f10001bb2f3f",智R托管-颖儿合集2-光感白肌饮-系统-4.17,112058773,2025-04-17 15:51:44,0.00,0,0,0.0%,0.0,0.0,0,0.00,0.0,0,0,0.0,0,0,0.0,0,0.0,0,0.0,0,0.0,0,0.0,0,0.0,0,0.0,0,0.0,0,0.0,0,0.0,0.00,0.0,0,0,0
1288859679,智R托管-颖儿5-光感白肌饮-系统-4.17,被计划暂停,审核通过,通投,商品7日总下单ROI,笔记（商品组件）,67ca8d16000000000b014aa4,59cde3b9db2e6029a99da214,图文笔记,"67a978c617cfa0000166fdcf,67bd97c67198db00013550dd,67f736fd1899f10001bb2f3f",智R托管-颖儿合集2-光感白肌饮-系统-4.17,112058773,2025-04-17 15:51:44,0.00,0,0,0.0%,0.0,0.0,0,0.00,0.0,0,0,0.0,0,0,0.0,0,0.0,0,0.0,0,0.0,0,0.0,0,0.0,0,0.0,0,0.0,0,0.0,0,0.0,0.00,0.0,0,0,0
1288859678,智R托管-颖儿17-光感白肌饮-系统-4.17,被计划暂停,审核通过,通投,商品7日总下单ROI,笔记（商品组件）,67ee585e000000001c001b94,59cde3b9db2e6029a99da214,视频笔记,"67a978c617cfa0000166fdcf,67bd97c67198db00013550dd,67f736fd1899f10001bb2f3f",智R托管-颖儿合集2-光感白肌饮-系统-4.17,112058773,2025-04-17 15:51:44,0.00,0,0,0.0%,0.0,0.0,0,0.00,0.0,0,0,0.0,0,0,0.0,0,0.0,0,0.0,0,0.0,0,0.0,0,0.0,0,0.0,0,0.0,0,0.0,0,0.0,0.00,0.0,0,0,0
1288855672,智R托管-颖儿3-光感白肌饮-系统-4.17,被计划暂停,审核通过,通投,商品7日总下单ROI,笔记（商品组件）,67c18151000000001203c8ef,59cde3b9db2e6029a99da214,视频笔记,"67a978c617cfa0000166fdcf,67bd97c67198db00013550dd,67f736fd1899f10001bb2f3f",智R托管-颖儿合集-光感白肌饮-系统-4.17,112033118,2025-04-17 15:47:43,0.00,0,0,0.0%,0.0,0.0,0,0.00,0.0,0,0,0.0,0,0,0.0,0,0.0,0,0.0,0,0.0,0,0.0,0,0.0,0,0.0,0,0.0,0,0.0,0,0.0,0.00,0.0,0,0,0
1288855671,智R托管-颖儿2-光感白肌饮-系统-4.17,被计划暂停,审核通过,通投,商品7日总下单ROI,笔记（商品组件）,67c17de2000000000d0175e9,59cde3b9db2e6029a99da214,视频笔记,"67a978c617cfa0000166fdcf,67bd97c67198db00013550dd,67f736fd1899f10001bb2f3f",智R托管-颖儿合集-光感白肌饮-系统-4.17,112033118,2025-04-17 15:47:43,0.00,0,0,0.0%,0.0,0.0,0,0.00,0.0,0,0,0.0,0,0,0.0,0,0.0,0,0.0,0,0.0,0,0.0,0,0.0,0,0.0,0,0.0,0,0.0,0,0.0,0.00,0.0,0,0,0
1275972737,智R托管-蒋欣直投-AGXI-系统-4.15-达人直投,被计划暂停,审核通过,通投,商品7日总下单ROI,笔记（商品组件）,67f38e37000000001c036da9,5adcb1d2e8ac2b05e41f5476,视频笔记,"67f62ea104afe30001b8d8ed,67eb97e85d35ce0001a96c29",智R托管-蒋欣直投-AGXI-系统-4.15-达人直投,111576412,2025-04-15 11:41:59,0.00,0,0,0.0%,0.0,0.0,0,0.00,0.0,0,0,0.0,0,0,0.0,0,0.0,0,0.0,0,0.0,0,0.0,0,0.0,0,0.0,0,0.0,0,0.0,0,0.0,0.00,0.0,0,0,0
1275964511,智R托管-蒋欣5-AGXI-系统-4.15,暂停,审核通过,通投,商品7日总下单ROI,笔记（商品组件）,67f8eba3000000001a006d55,59cde3b9db2e6029a99da214,视频笔记,"67f62ea104afe30001b8d8ed,67f736fd1899f10001bb2f3f",智R托管-蒋欣5-AGXI-系统-4.15,111575963,2025-04-15 11:33:27,0.00,0,0,0.0%,0.0,0.0,0,0.00,0.0,0,0,0.0,0,0,0.0,0,0.0,0,0.0,0,0.0,0,0.0,0,0.0,0,0.0,0,0.0,0,0.0,0,0.0,0.00,0.0,0,0,0
1269339500,智R托管-蒋欣4-AGXI-系统-4.14,被计划暂停,审核通过,通投,商品7日总下单ROI,笔记（商品组件）,67f8f50d000000001d018b40,59cde3b9db2e6029a99da214,图文笔记,"67f6247db2c30c00015cbc5d,67f736fd1899f10001bb2f3f",智R托管-蒋欣4-AGXI-系统-4.14,111351486,2025-04-14 09:03:02,0.00,0,0,0.0%,0.0,0.0,0,0.00,0.0,0,0,0.0,0,0,0.0,0,0.0,0,0.0,0,0.0,0,0.0,0,0.0,0,0.0,0,0.0,0,0.0,0,0.0,0.00,0.0,0,0,0
1269566284,智R托管-蒋欣1-AGXI-系统-4.14,暂停,不满足审核条件,通投,商品7日总下单ROI,笔记（商品组件）,67f38c79000000001c0070ed,59cde3b9db2e6029a99da214,视频笔记,"67f6247db2c30c00015cbc5d,67f736fd1899f10001bb2f3f",智R托管-蒋欣1-AGXI-系统-4.14,111341010,2025-04-14 09:01:51,0.00,0,0,0.0%,0.0,0.0,0,0.00,0.0,0,0,0.0,0,0,0.0,0,0.0,0,0.0,0,0.0,0,0.0,0,0.0,0,0.0,0,0.0,0,0.0,0,0.0,0.00,0.0,0,0,0
1245027378,智R托管-奚梦瑶31-AGX-定向-4.9,暂停,审核通过,通投,商品7日总下单ROI,笔记（商品组件）,6791f4930000000018009f9b,59cde3b9db2e6029a99da214,图文笔记,"6735b3e9ec68d70001e032bb,67bd9444f6588900012de4a5,655d999b3214c000016712e8",智R托管-合集-AGX-定向-4.9,110513478,2025-04-09 11:17:04,0.00,0,0,0.0%,0.0,0.0,0,0.00,0.0,0,0,0.0,0,0,0.0,0,0.0,0,0.0,0,0.0,0,0.0,0,0.0,0,0.0,0,0.0,0,0.0,0,0.0,0.00,0.0,0,0,0
1245027377,智R托管-每天喝-AGX-定向-4.9,被计划暂停,审核通过,通投,商品7日总下单ROI,笔记（商品组件）,67e9f8b9000000000b017a83,59cde3b9db2e6029a99da214,视频笔记,"6735b3e9ec68d70001e032bb,67bd9444f6588900012de4a5,655d999b3214c000016712e8",智R托管-合集-AGX-定向-4.9,110513478,2025-04-09 11:17:04,0.00,0,0,0.0%,0.0,0.0,0,0.00,0.0,0,0,0.0,0,0,0.0,0,0.0,0,0.0,0,0.0,0,0.0,0,0.0,0,0.0,0,0.0,0,0.0,0,0.0,0.00,0.0,0,0,0
1245027376,智R托管-糖饮的-AGX-定向-4.9,被计划暂停,审核通过,通投,商品7日总下单ROI,笔记（商品组件）,6791ee6a000000001800d5c3,59cde3b9db2e6029a99da214,图文笔记,"6735b3e9ec68d70001e032bb,67bd9444f6588900012de4a5,655d999b3214c000016712e8",智R托管-合集-AGX-定向-4.9,110513478,2025-04-09 11:17:04,0.00,0,0,0.0%,0.0,0.0,0,0.00,0.0,0,0,0.0,0,0,0.0,0,0.0,0,0.0,0,0.0,0,0.0,0,0.0,0,0.0,0,0.0,0,0.0,0,0.0,0.00,0.0,0,0,0
1245027375,智R托管-冻龄抗-AGX-定向-4.9,被计划暂停,审核通过,通投,商品7日总下单ROI,笔记（商品组件）,657ad4270000000038029574,59cde3b9db2e6029a99da214,图文笔记,"6735b3e9ec68d70001e032bb,67bd9444f6588900012de4a5,655d999b3214c000016712e8",智R托管-合集-AGX-定向-4.9,110513478,2025-04-09 11:17:04,0.00,0,0,0.0%,0.0,0.0,0,0.00,0.0,0,0,0.0,0,0,0.0,0,0.0,0,0.0,0,0.0,0,0.0,0,0.0,0,0.0,0,0.0,0,0.0,0,0.0,0.00,0.0,0,0,0
1245027374,智R托管-真后悔-AGX-定向-4.9,被计划暂停,审核拒绝,通投,商品7日总下单ROI,笔记（商品组件）,6502bff7000000001f034f89,59cde3b9db2e6029a99da214,图文笔记,"6735b3e9ec68d70001e032bb,67bd9444f6588900012de4a5,655d999b3214c000016712e8",智R托管-合集-AGX-定向-4.9,110513478,2025-04-09 11:17:04,0.00,0,0,0.0%,0.0,0.0,0,0.00,0.0,0,0,0.0,0,0,0.0,0,0.0,0,0.0,0,0.0,0,0.0,0,0.0,0,0.0,0,0.0,0,0.0,0,0.0,0.00,0.0,0,0,0
1242193490,智R托管-化学系唐羽-光感白肌饮-系统-4.8-达人直投,被计划暂停,审核通过,通投,商品7日总下单ROI,笔记（商品组件）,67c041f10000000007037fd9,58d1499950c4b45846a9059a,视频笔记,"67bd960eeef18200010b9b42,67a978c617cfa0000166fdcf,67a978f5f4fe14000180a036,67bd97c67198db00013550dd",智R托管-合集-光感白肌饮-系统-4.8-达人直投,110428587,2025-04-08 18:21:53,0.00,0,0,0.0%,0.0,0.0,0,0.00,0.0,0,0,0.0,0,0,0.0,0,0.0,0,0.0,0,0.0,0,0.0,0,0.0,0,0.0,0,0.0,0,0.0,0,0.0,0.00,0.0,0,0,0
1242193489,智R托管-小北不起床-光感白肌饮-系统-4.8-达人直投,被计划暂停,审核通过,通投,商品7日总下单ROI,笔记（商品组件）,67b402df000000000602abd3,5b3ea6384eacab4c52843a99,图文笔记,"67bd960eeef18200010b9b42,67a978c617cfa0000166fdcf,67a978f5f4fe14000180a036,67bd97c67198db00013550dd",智R托管-合集-光感白肌饮-系统-4.8-达人直投,110428587,2025-04-08 18:21:53,0.00,0,0,0.0%,0.0,0.0,0,0.00,0.0,0,0,0.0,0,0,0.0,0,0.0,0,0.0,0,0.0,0,0.0,0,0.0,0,0.0,0,0.0,0,0.0,0,0.0,0.00,0.0,0,0,0
1236605828,智R托管-皮的神-白肌饮-系统-4.7优化,暂停,审核通过,通投,商品7日总下单ROI,笔记（商品组件）,66d834c1000000001f01842b,59cde3b9db2e6029a99da214,图文笔记,"655d9f4416c8df0001a7b75d,67a978c617cfa0000166fdcf,67a978f5f4fe14000180a036,67bd97c67198db00013550dd",智R托管-皮的神-白肌饮-系统-4.7优化,110203459,2025-04-07 17:42:36,0.00,0,0,0.0%,0.0,0.0,0,0.00,0.0,0,0,0.0,0,0,0.0,0,0.0,0,0.0,0,0.0,0,0.0,0,0.0,0,0.0,0,0.0,0,0.0,0,0.0,0.00,0.0,0,0,0
1235547328,智R托管-滑坡补光-X白-系统-4.7,被计划暂停,审核通过,通投,商品7日总下单ROI,笔记（商品组件）,67caafa50000000007036114,59cde3b9db2e6029a99da214,图文笔记,"67c6637c29b9f7000106f07f,6735b3e9ec68d70001e032bb",智R托管-合集-X白-系统-4.7,110178174,2025-04-07 15:41:53,0.00,0,0,0.0%,0.0,0.0,0,0.00,0.0,0,0,0.0,0,0,0.0,0,0.0,0,0.0,0,0.0,0,0.0,0,0.0,0,0.0,0,0.0,0,0.0,0,0.0,0.00,0.0,0,0,0
1235547327,智R托管-宠肌光-X白-系统-4.7,暂停,审核通过,通投,商品7日总下单ROI,笔记（商品组件）,67dce08a000000000901569a,59cde3b9db2e6029a99da214,图文笔记,"67c6637c29b9f7000106f07f,6735b3e9ec68d70001e032bb",智R托管-合集-X白-系统-4.7,110178174,2025-04-07 15:41:53,0.00,0,0,0.0%,0.0,0.0,0,0.00,0.0,0,0,0.0,0,0,0.0,0,0.0,0,0.0,0,0.0,0,0.0,0,0.0,0,0.0,0,0.0,0,0.0,0,0.0,0.00,0.0,0,0,0
1235547326,智R托管-提高还得-X白-系统-4.7,被计划暂停,审核通过,通投,商品7日总下单ROI,笔记（商品组件）,678eec07000000001800c44f,59cde3b9db2e6029a99da214,图文笔记,"67c6637c29b9f7000106f07f,6735b3e9ec68d70001e032bb",智R托管-合集-X白-系统-4.7,110178174,2025-04-07 15:41:53,0.00,0,0,0.0%,0.0,0.0,0,0.00,0.0,0,0,0.0,0,0,0.0,0,0.0,0,0.0,0,0.0,0,0.0,0,0.0,0,0.0,0,0.0,0,0.0,0,0.0,0.00,0.0,0,0,0
1235547325,智R托管-成计划-X白-系统-4.7,暂停,审核通过,通投,商品7日总下单ROI,笔记（商品组件）,67c1993a000000001201f79a,59cde3b9db2e6029a99da214,视频笔记,"67c6637c29b9f7000106f07f,6735b3e9ec68d70001e032bb",智R托管-合集-X白-系统-4.7,110178174,2025-04-07 15:41:53,0.00,0,0,0.0%,0.0,0.0,0,0.00,0.0,0,0,0.0,0,0,0.0,0,0.0,0,0.0,0,0.0,0,0.0,0,0.0,0,0.0,0,0.0,0,0.0,0,0.0,0.00,0.0,0,0,0
1235547324,智R托管-嘭弹肌-X白-系统-4.7,暂停,审核通过,通投,商品7日总下单ROI,笔记（商品组件）,6614f41e000000001b01357e,59cde3b9db2e6029a99da214,视频笔记,"67c6637c29b9f7000106f07f,6735b3e9ec68d70001e032bb",智R托管-合集-X白-系统-4.7,110178174,2025-04-07 15:41:53,0.00,0,0,0.0%,0.0,0.0,0,0.00,0.0,0,0,0.0,0,0,0.0,0,0.0,0,0.0,0,0.0,0,0.0,0,0.0,0,0.0,0,0.0,0,0.0,0,0.0,0.00,0.0,0,0,0
1235427559,智R托管-贵妇甄-X白-系统-4.7,暂停,不满足审核条件,通投,商品7日总下单ROI,笔记（商品组件）,662b31d0000000001c007330,59cde3b9db2e6029a99da214,图文笔记,"67bd98663298ba00012572f5,67bd984af6588900012e1f4c",智R托管-贵妇甄-X白-系统-4.7,110154305,2025-04-07 15:02:14,0.00,0,0,0.0%,0.0,0.0,0,0.00,0.0,0,0,0.0,0,0,0.0,0,0.0,0,0.0,0,0.0,0,0.0,0,0.0,0,0.0,0,0.0,0,0.0,0,0.0,0.00,0.0,0,0,0
1235410939,智R托管-长期主-X白-系统-4.7,被计划暂停,审核通过,通投,商品7日总下单ROI,笔记（商品组件）,66e25c2e00000000270043ae,59cde3b9db2e6029a99da214,图文笔记,655ebf2c60fa1b0001dd2183,智R托管-长期主-X白-系统-4.7,110169739,2025-04-07 14:45:52,0.00,0,0,0.0%,0.0,0.0,0,0.00,0.0,0,0,0.0,0,0,0.0,0,0.0,0,0.0,0,0.0,0,0.0,0,0.0,0,0.0,0,0.0,0,0.0,0,0.0,0.00,0.0,0,0,0
1208418667,智R托管-颖儿直投-光感白肌饮-系统-4.1-达人直投,被计划暂停,审核通过,通投,商品7日总下单ROI,笔记（商品组件）,67bd3f4400000000090384f8,59a7be945e87e7600c5637d7,视频笔记,"67bd960eeef18200010b9b42,67a978c617cfa0000166fdcf,67a978f5f4fe14000180a036,67bd97c67198db00013550dd",智R托管-颖儿直投-光感白肌饮-系统-4.1-达人直投,109239233,2025-04-01 16:12:56,0.00,0,0,0.0%,0.0,0.0,0,0.00,0.0,0,0,0.0,0,0,0.0,0,0.0,0,0.0,0,0.0,0,0.0,0,0.0,0,0.0,0,0.0,0,0.0,0,0.0,0.00,0.0,0,0,0
1208307390,智R托管-颖儿3-光感白肌饮-系统-4.1,被计划暂停,审核通过,通投,商品7日总下单ROI,笔记（商品组件）,67c18151000000001203c8ef,59cde3b9db2e6029a99da214,视频笔记,"67bd97c67198db00013550dd,67a978f5f4fe14000180a036,67a978c617cfa0000166fdcf",智R托管-颖儿合集-光感白肌饮-系统-4.1,109233208,2025-04-01 16:10:39,0.00,0,0,0.0%,0.0,0.0,0,0.00,0.0,0,0,0.0,0,0,0.0,0,0.0,0,0.0,0,0.0,0,0.0,0,0.0,0,0.0,0,0.0,0,0.0,0,0.0,0.00,0.0,0,0,0
1208307389,智R托管-颖儿1-光感白肌饮-系统-4.1,被计划暂停,审核通过,通投,商品7日总下单ROI,笔记（商品组件）,67c17bc0000000000e007fd1,59cde3b9db2e6029a99da214,图文笔记,"67bd97c67198db00013550dd,67a978f5f4fe14000180a036,67a978c617cfa0000166fdcf",智R托管-颖儿合集-光感白肌饮-系统-4.1,109233208,2025-04-01 16:10:39,0.00,0,0,0.0%,0.0,0.0,0,0.00,0.0,0,0,0.0,0,0,0.0,0,0.0,0,0.0,0,0.0,0,0.0,0,0.0,0,0.0,0,0.0,0,0.0,0,0.0,0.00,0.0,0,0,0
1208186742,智R托管-颖儿9-光感白肌饮-系统-4.1,被计划暂停,审核通过,通投,商品7日总下单ROI,笔记（商品组件）,67d3e6a7000000000900dee4,59cde3b9db2e6029a99da214,图文笔记,"67bd97c67198db00013550dd,67a978f5f4fe14000180a036,67a978c617cfa0000166fdcf",智R托管-颖儿9-光感白肌饮-系统-4.1,109244928,2025-04-01 16:07:20,0.00,0,0,0.0%,0.0,0.0,0,0.00,0.0,0,0,0.0,0,0,0.0,0,0.0,0,0.0,0,0.0,0,0.0,0,0.0,0,0.0,0,0.0,0,0.0,0,0.0,0.00,0.0,0,0,0
1208340497,智R托管-高定30-X白-系统-4.1-复刻,被计划暂停,审核拒绝,通投,商品7日总下单ROI,笔记（商品组件）,6603dc9b0000000012030efc,59cde3b9db2e6029a99da214,图文笔记,"6792015897ab0100015a3ef2,67c6637c29b9f7000106f07f,67bd98663298ba00012572f5",智R托管-高定30-X白-系统-4.1-复刻,109238028,2025-04-01 15:45:00,0.00,0,0,0.0%,0.0,0.0,0,0.00,0.0,0,0,0.0,0,0,0.0,0,0.0,0,0.0,0,0.0,0,0.0,0,0.0,0,0.0,0,0.0,0,0.0,0,0.0,0.00,0.0,0,0,0
1201731222,智R托管-奚梦瑶31-AGX-系统-3.31,暂停,审核通过,通投,商品7日总下单ROI,笔记（商品组件）,6791f4930000000018009f9b,59cde3b9db2e6029a99da214,图文笔记,"679200c996b36c0001f549ae,67bd98663298ba00012572f5",智R托管-合集-AGX-系统-3.31,108935296,2025-03-31 11:47:39,0.00,0,0,0.0%,0.0,0.0,0,0.00,0.0,0,0,0.0,0,0,0.0,0,0.0,0,0.0,0,0.0,0,0.0,0,0.0,0,0.0,0,0.0,0,0.0,0,0.0,0.00,0.0,0,0,0
1201731221,智R托管-核武器-AGX-系统-3.31,被计划暂停,审核通过,通投,商品7日总下单ROI,笔记（商品组件）,67da8e5c000000000e0064ff,59cde3b9db2e6029a99da214,图文笔记,"679200c996b36c0001f549ae,67bd98663298ba00012572f5",智R托管-合集-AGX-系统-3.31,108935296,2025-03-31 11:47:39,0.00,0,0,0.0%,0.0,0.0,0,0.00,0.0,0,0,0.0,0,0,0.0,0,0.0,0,0.0,0,0.0,0,0.0,0,0.0,0,0.0,0,0.0,0,0.0,0,0.0,0.00,0.0,0,0,0
1201731220,智R托管-一招选对-AGX-系统-3.31,被计划暂停,审核通过,通投,商品7日总下单ROI,笔记（商品组件）,67b594a8000000000603aadc,59cde3b9db2e6029a99da214,视频笔记,"679200c996b36c0001f549ae,67bd98663298ba00012572f5",智R托管-合集-AGX-系统-3.31,108935296,2025-03-31 11:47:39,0.00,0,0,0.0%,0.0,0.0,0,0.00,0.0,0,0,0.0,0,0,0.0,0,0.0,0,0.0,0,0.0,0,0.0,0,0.0,0,0.0,0,0.0,0,0.0,0,0.0,0.00,0.0,0,0,0
1201731219,智R托管-冻龄抗-AGX-系统-3.31,被计划暂停,审核通过,通投,商品7日总下单ROI,笔记（商品组件）,657ad4270000000038029574,59cde3b9db2e6029a99da214,图文笔记,"679200c996b36c0001f549ae,67bd98663298ba00012572f5",智R托管-合集-AGX-系统-3.31,108935296,2025-03-31 11:47:39,0.00,0,0,0.0%,0.0,0.0,0,0.00,0.0,0,0,0.0,0,0,0.0,0,0.0,0,0.0,0,0.0,0,0.0,0,0.0,0,0.0,0,0.0,0,0.0,0,0.0,0.00,0.0,0,0,0
1201731218,智R托管-糖饮的-AGX-系统-3.31,暂停,审核通过,通投,商品7日总下单ROI,笔记（商品组件）,6791ee6a000000001800d5c3,59cde3b9db2e6029a99da214,图文笔记,"679200c996b36c0001f549ae,67bd98663298ba00012572f5",智R托管-合集-AGX-系统-3.31,108935296,2025-03-31 11:47:39,0.00,0,0,0.0%,0.0,0.0,0,0.00,0.0,0,0,0.0,0,0,0.0,0,0.0,0,0.0,0,0.0,0,0.0,0,0.0,0,0.0,0,0.0,0,0.0,0,0.0,0.00,0.0,0,0,0
1183960718,智R托管-快准狠-X白-系统-3.27,被计划暂停,审核通过,通投,商品7日总下单ROI,笔记（商品组件）,67d3d872000000000603aa1e,59cde3b9db2e6029a99da214,图文笔记,655ebf2c60fa1b0001dd2183,智R托管-快准狠-X白-系统-3.27,108332372,2025-03-27 15:35:32,0.00,0,0,0.0%,0.0,0.0,0,0.00,0.0,0,0,0.0,0,0,0.0,0,0.0,0,0.0,0,0.0,0,0.0,0,0.0,0,0.0,0,0.0,0,0.0,0,0.0,0.00,0.0,0,0,0
1173957784,智R托管-和黄黑-白肌饮-定向-3.25,暂停,审核拒绝,通投,商品7日总下单ROI,笔记（商品组件）,67d3e13a000000000903bac0,59cde3b9db2e6029a99da214,图文笔记,"655d9f4416c8df0001a7b75d,6566756bdcf5b90001900fc5",智R托管-合集-白肌饮-定向-3.25-1,107947005,2025-03-25 17:17:54,0.00,0,0,0.0%,0.0,0.0,0,0.00,0.0,0,0,0.0,0,0,0.0,0,0.0,0,0.0,0,0.0,0,0.0,0,0.0,0,0.0,0,0.0,0,0.0,0,0.0,0.00,0.0,0,0,0
1173957783,智R托管-氧化危-白肌饮-定向-3.25,被计划暂停,审核通过,通投,商品7日总下单ROI,笔记（商品组件）,6791a229000000001801836a,59cde3b9db2e6029a99da214,图文笔记,655d9f4416c8df0001a7b75d,智R托管-合集-白肌饮-定向-3.25-1,107947005,2025-03-25 17:17:54,0.00,0,0,0.0%,0.0,0.0,0,0.00,0.0,0,0,0.0,0,0,0.0,0,0.0,0,0.0,0,0.0,0,0.0,0,0.0,0,0.0,0,0.0,0,0.0,0,0.0,0.00,0.0,0,0,0
1173957782,智R托管-合照的-白肌饮-定向-3.25,被计划暂停,审核通过,通投,商品7日总下单ROI,笔记（商品组件）,67528f0b0000000006014282,59cde3b9db2e6029a99da214,视频笔记,655d9f4416c8df0001a7b75d,智R托管-合集-白肌饮-定向-3.25-1,107947005,2025-03-25 17:17:54,0.00,0,0,0.0%,0.0,0.0,0,0.00,0.0,0,0,0.0,0,0,0.0,0,0.0,0,0.0,0,0.0,0,0.0,0,0.0,0,0.0,0,0.0,0,0.0,0,0.0,0.00,0.0,0,0,0
1173957781,智R托管-天肤色-白肌饮-定向-3.25,被计划暂停,审核通过,通投,商品7日总下单ROI,笔记（商品组件）,67a6c0e800000000180052d2,59cde3b9db2e6029a99da214,视频笔记,655d9f4416c8df0001a7b75d,智R托管-合集-白肌饮-定向-3.25-1,107947005,2025-03-25 17:17:54,0.00,0,0,0.0%,0.0,0.0,0,0.00,0.0,0,0,0.0,0,0,0.0,0,0.0,0,0.0,0,0.0,0,0.0,0,0.0,0,0.0,0,0.0,0,0.0,0,0.0,0.00,0.0,0,0,0
1173957780,智R托管-皮的神-白肌饮-定向-3.25,暂停,审核通过,通投,商品7日总下单ROI,笔记（商品组件）,66d834c1000000001f01842b,59cde3b9db2e6029a99da214,图文笔记,655d9f4416c8df0001a7b75d,智R托管-合集-白肌饮-定向-3.25-1,107947005,2025-03-25 17:17:54,0.00,0,0,0.0%,0.0,0.0,0,0.00,0.0,0,0,0.0,0,0,0.0,0,0.0,0,0.0,0,0.0,0,0.0,0,0.0,0,0.0,0,0.0,0,0.0,0,0.0,0.00,0.0,0,0,0
1166882007,智R托管-养成半-X白-系统-3.24,暂停,审核通过,通投,商品7日总下单ROI,笔记（商品组件）,66f52544000000002c014fe6,59cde3b9db2e6029a99da214,视频笔记,"67c6637c29b9f7000106f07f,67bd98663298ba00012572f5,67bd97c67198db00013550dd,679200c996b36c0001f549ae",智R托管-养成半-X白-系统-3.24,107669778,2025-03-24 11:24:43,0.00,0,0,0.0%,0.0,0.0,0,0.00,0.0,0,0,0.0,0,0,0.0,0,0.0,0,0.0,0,0.0,0,0.0,0,0.0,0,0.0,0,0.0,0,0.0,0,0.0,0.00,0.0,0,0,0
1152326502,智R托管-颖儿2-光感白肌饮-系统-3.21,被计划暂停,审核通过,通投,商品7日总下单ROI,笔记（商品组件）,67c17de2000000000d0175e9,59cde3b9db2e6029a99da214,视频笔记,"67a978c617cfa0000166fdcf,67a978f5f4fe14000180a036,67bd97c67198db00013550dd",智R托管-颖儿2-光感白肌饮-系统-3.21-1,107225314,2025-03-21 10:25:49,0.00,0,0,0.0%,0.0,0.0,0,0.00,0.0,0,0,0.0,0,0,0.0,0,0.0,0,0.0,0,0.0,0,0.0,0,0.0,0,0.0,0,0.0,0,0.0,0,0.0,0.00,0.0,0,0,0
1149802807,智R托管-嘭弹肌-X白-系统-3.20,暂停,审核通过,通投,商品7日总下单ROI,笔记（商品组件）,6614f41e000000001b01357e,59cde3b9db2e6029a99da214,视频笔记,655ebf2c60fa1b0001dd2183,智R托管-合集-X白-系统-3.20,107147105,2025-03-20 18:24:28,0.00,0,0,0.0%,0.0,0.0,0,0.00,0.0,0,0,0.0,0,0,0.0,0,0.0,0,0.0,0,0.0,0,0.0,0,0.0,0,0.0,0,0.0,0,0.0,0,0.0,0.00,0.0,0,0,0
1149802806,智R托管-长期主-X白-系统-3.20,被计划暂停,审核通过,通投,商品7日总下单ROI,笔记（商品组件）,66e25c2e00000000270043ae,59cde3b9db2e6029a99da214,图文笔记,655ebf2c60fa1b0001dd2183,智R托管-合集-X白-系统-3.20,107147105,2025-03-20 18:24:28,0.00,0,0,0.0%,0.0,0.0,0,0.00,0.0,0,0,0.0,0,0,0.0,0,0.0,0,0.0,0,0.0,0,0.0,0,0.0,0,0.0,0,0.0,0,0.0,0,0.0,0.00,0.0,0,0,0
1148807060,智R托管-美内调-白肌饮-系统-3.20,被计划暂停,审核通过,通投,商品7日总下单ROI,笔记（商品组件）,67921626000000001902d9b0,59cde3b9db2e6029a99da214,视频笔记,"67a978c617cfa0000166fdcf,67a978f5f4fe14000180a036,67bd97c67198db00013550dd",智R托管-美内调-白肌饮-系统-3.20,107095569,2025-03-20 14:54:05,0.00,0,0,0.0%,0.0,0.0,0,0.00,0.0,0,0,0.0,0,0,0.0,0,0.0,0,0.0,0,0.0,0,0.0,0,0.0,0,0.0,0,0.0,0,0.0,0,0.0,0.00,0.0,0,0,0
1148752531,智R托管-保持少-X白-系统-3.20,被计划暂停,审核拒绝,通投,商品7日总下单ROI,笔记（商品组件）,64ef1dee000000002000041c,59cde3b9db2e6029a99da214,图文笔记,655ebf2c60fa1b0001dd2183,智R托管-保持少-X白-系统-3.20,107089809,2025-03-20 14:44:26,0.00,0,0,0.0%,0.0,0.0,0,0.00,0.0,0,0,0.0,0,0,0.0,0,0.0,0,0.0,0,0.0,0,0.0,0,0.0,0,0.0,0,0.0,0,0.0,0,0.0,0.00,0.0,0,0,0
1148626501,智R托管-亮的没-光感白肌饮-系统-3.20,暂停,审核拒绝,通投,商品7日总下单ROI,笔记（商品组件）,67d23d6f000000000302a8f8,59cde3b9db2e6029a99da214,视频笔记,"67c6637c29b9f7000106f07f,67bd97c67198db00013550dd,655d999b3214c000016712e8",智R托管-合集-光感白肌饮-系统-3.20-1,107077509,2025-03-20 14:33:04,0.00,0,0,0.0%,0.0,0.0,0,0.00,0.0,0,0,0.0,0,0,0.0,0,0.0,0,0.0,0,0.0,0,0.0,0,0.0,0,0.0,0,0.0,0,0.0,0,0.0,0.00,0.0,0,0,0
1148626500,智R托管-小黑皮-光感白肌饮-系统-3.20,被计划暂停,审核通过,通投,商品7日总下单ROI,笔记（商品组件）,67ca895f00000000030292bd,59cde3b9db2e6029a99da214,图文笔记,"67c6637c29b9f7000106f07f,67bd97c67198db00013550dd,655d999b3214c000016712e8",智R托管-合集-光感白肌饮-系统-3.20-1,107077509,2025-03-20 14:33:04,0.00,0,0,0.0%,0.0,0.0,0,0.00,0.0,0,0,0.0,0,0,0.0,0,0.0,0,0.0,0,0.0,0,0.0,0,0.0,0,0.0,0,0.0,0,0.0,0,0.0,0.00,0.0,0,0,0
1148626499,智R托管-白砸钱-光感白肌饮-系统-3.20,被计划暂停,审核通过,通投,商品7日总下单ROI,笔记（商品组件）,67ca42f8000000000e007785,59cde3b9db2e6029a99da214,视频笔记,"67bd883ff2389c0001a48ccc,67bd97c67198db00013550dd,655d999b3214c000016712e8",智R托管-合集-光感白肌饮-系统-3.20-1,107077509,2025-03-20 14:33:04,0.00,0,0,0.0%,0.0,0.0,0,0.00,0.0,0,0,0.0,0,0,0.0,0,0.0,0,0.0,0,0.0,0,0.0,0,0.0,0,0.0,0,0.0,0,0.0,0,0.0,0.00,0.0,0,0,0
1148626498,智R托管-等着你-光感白肌饮-系统-3.20,被计划暂停,审核通过,通投,商品7日总下单ROI,笔记（商品组件）,67d381ea000000000b017102,59cde3b9db2e6029a99da214,视频笔记,"67c6637c29b9f7000106f07f,67bd97c67198db00013550dd,655d999b3214c000016712e8",智R托管-合集-光感白肌饮-系统-3.20-1,107077509,2025-03-20 14:33:04,0.00,0,0,0.0%,0.0,0.0,0,0.00,0.0,0,0,0.0,0,0,0.0,0,0.0,0,0.0,0,0.0,0,0.0,0,0.0,0,0.0,0,0.0,0,0.0,0,0.0,0.00,0.0,0,0,0
1148620155,智R托管-是数字-横测笔记-系统-3.20,被计划暂停,审核通过,通投,商品7日总下单ROI,笔记（商品组件）,67402e2a0000000002028116,59cde3b9db2e6029a99da214,图文笔记,"655d999b3214c000016712e8,655d9f4416c8df0001a7b75d,655ebf2c60fa1b0001dd2183,65aa361d779749000109a6e8,662b5c49853c0300010a6c80,66aae4ba5a51410001f5abf5,66aae536b81ac20001a5795e,6735b3e9ec68d70001e032bb",智R托管-合集-横测笔记-系统-3.20,107082901,2025-03-20 14:26:51,0.00,0,0,0.0%,0.0,0.0,0,0.00,0.0,0,0,0.0,0,0,0.0,0,0.0,0,0.0,0,0.0,0,0.0,0,0.0,0,0.0,0,0.0,0,0.0,0,0.0,0.00,0.0,0,0,0
1148620154,智R托管-全家福-横测笔记-系统-3.20,暂停,审核通过,通投,商品7日总下单ROI,笔记（商品组件）,677789b7000000000800ffc7,59cde3b9db2e6029a99da214,图文笔记,"67c6637c29b9f7000106f07f,67bd98663298ba00012572f5,66aae536b81ac20001a5795e,655d999b3214c000016712e8,67bd97c67198db00013550dd,674bc656a7f7b3000182b6dc",智R托管-合集-横测笔记-系统-3.20,107082901,2025-03-20 14:26:51,0.00,0,0,0.0%,0.0,0.0,0,0.00,0.0,0,0,0.0,0,0,0.0,0,0.0,0,0.0,0,0.0,0,0.0,0,0.0,0,0.0,0,0.0,0,0.0,0,0.0,0.00,0.0,0,0,0
1148417822,智R托管-氧化危-白肌饮-系统-3.20,被计划暂停,审核通过,通投,商品7日总下单ROI,笔记（商品组件）,6791a229000000001801836a,59cde3b9db2e6029a99da214,图文笔记,"655d9f4416c8df0001a7b75d,67c6637c29b9f7000106f07f,67bd98663298ba00012572f5",智R托管-合集-白肌饮-系统-3.20,107098825,2025-03-20 14:10:49,0.00,0,0,0.0%,0.0,0.0,0,0.00,0.0,0,0,0.0,0,0,0.0,0,0.0,0,0.0,0,0.0,0,0.0,0,0.0,0,0.0,0,0.0,0,0.0,0,0.0,0.00,0.0,0,0,0
1148417821,智R托管-合照的-白肌饮-系统-3.20,被计划暂停,审核通过,通投,商品7日总下单ROI,笔记（商品组件）,67528f0b0000000006014282,59cde3b9db2e6029a99da214,视频笔记,"655d9f4416c8df0001a7b75d,67c6637c29b9f7000106f07f,67bd98663298ba00012572f5",智R托管-合集-白肌饮-系统-3.20,107098825,2025-03-20 14:10:49,0.00,0,0,0.0%,0.0,0.0,0,0.00,0.0,0,0,0.0,0,0,0.0,0,0.0,0,0.0,0,0.0,0,0.0,0,0.0,0,0.0,0,0.0,0,0.0,0,0.0,0.00,0.0,0,0,0
1148417820,智R托管-天肤色-白肌饮-系统-3.20,被计划暂停,审核通过,通投,商品7日总下单ROI,笔记（商品组件）,67a6c0e800000000180052d2,59cde3b9db2e6029a99da214,视频笔记,"655d9f4416c8df0001a7b75d,67bd98663298ba00012572f5,67c6637c29b9f7000106f07f",智R托管-合集-白肌饮-系统-3.20,107098825,2025-03-20 14:10:49,0.00,0,0,0.0%,0.0,0.0,0,0.00,0.0,0,0,0.0,0,0,0.0,0,0.0,0,0.0,0,0.0,0,0.0,0,0.0,0,0.0,0,0.0,0,0.0,0,0.0,0.00,0.0,0,0,0
1148414930,智R托管-皮的神-白肌饮-定向-3.20,暂停,审核通过,通投,商品7日总下单ROI,笔记（商品组件）,66d834c1000000001f01842b,59cde3b9db2e6029a99da214,图文笔记,"655d9f4416c8df0001a7b75d,67bd97c67198db00013550dd,67c6637c29b9f7000106f07f,655ebf2c60fa1b0001dd2183",智R托管-皮的神-白肌饮-定向-3.20,107098595,2025-03-20 14:07:24,0.00,0,0,0.0%,0.0,0.0,0,0.00,0.0,0,0,0.0,0,0,0.0,0,0.0,0,0.0,0,0.0,0,0.0,0,0.0,0,0.0,0,0.0,0,0.0,0,0.0,0.00,0.0,0,0,0
1147664570,智R托管-皮肤就-AGX-系统-3.20,被计划暂停,审核通过,通投,商品7日总下单ROI,笔记（商品组件）,66f62a6a000000002a030272,59cde3b9db2e6029a99da214,视频笔记,655d999b3214c000016712e8,智R托管-优质合集-AGX-系统-3.20,107063555,2025-03-20 11:09:46,0.00,0,0,0.0%,0.0,0.0,0,0.00,0.0,0,0,0.0,0,0,0.0,0,0.0,0,0.0,0,0.0,0,0.0,0,0.0,0,0.0,0,0.0,0,0.0,0,0.0,0.00,0.0,0,0,0
1147664569,智R托管-冻龄抗-AGX-系统-3.20,被计划暂停,审核通过,通投,商品7日总下单ROI,笔记（商品组件）,657ad4270000000038029574,59cde3b9db2e6029a99da214,图文笔记,655d999b3214c000016712e8,智R托管-优质合集-AGX-系统-3.20,107063555,2025-03-20 11:09:46,0.00,0,0,0.0%,0.0,0.0,0,0.00,0.0,0,0,0.0,0,0,0.0,0,0.0,0,0.0,0,0.0,0,0.0,0,0.0,0,0.0,0,0.0,0,0.0,0,0.0,0.00,0.0,0,0,0
1147664567,智R托管-真后悔-AGX-系统-3.20,被计划暂停,审核拒绝,通投,商品7日总下单ROI,笔记（商品组件）,6502bff7000000001f034f89,59cde3b9db2e6029a99da214,图文笔记,655d999b3214c000016712e8,智R托管-优质合集-AGX-系统-3.20,107063555,2025-03-20 11:09:46,0.00,0,0,0.0%,0.0,0.0,0,0.00,0.0,0,0,0.0,0,0,0.0,0,0.0,0,0.0,0,0.0,0,0.0,0,0.0,0,0.0,0,0.0,0,0.0,0,0.0,0.00,0.0,0,0,0
1143721863,智R托管-冻龄抗-AGX-定向-3.19,被计划暂停,审核通过,通投,商品7日总下单ROI,笔记（商品组件）,657ad4270000000038029574,59cde3b9db2e6029a99da214,图文笔记,"6735b3e9ec68d70001e032bb,655d999b3214c000016712e8",智R托管-冻龄抗-AGX-定向-3.19,106942061,2025-03-19 15:17:10,0.00,0,0,0.0%,0.0,0.0,0,0.00,0.0,0,0,0.0,0,0,0.0,0,0.0,0,0.0,0,0.0,0,0.0,0,0.0,0,0.0,0,0.0,0,0.0,0,0.0,0.00,0.0,0,0,0
1138327848,智R托管-一招选对-AGX-系统-3.18,被计划暂停,审核通过,通投,商品7日总下单ROI,笔记（商品组件）,67b594a8000000000603aadc,59cde3b9db2e6029a99da214,视频笔记,655d999b3214c000016712e8,智R托管-合集-AGX-系统-3.18,106750426,2025-03-18 14:25:06,0.00,0,0,0.0%,0.0,0.0,0,0.00,0.0,0,0,0.0,0,0,0.0,0,0.0,0,0.0,0,0.0,0,0.0,0,0.0,0,0.0,0,0.0,0,0.0,0,0.0,0.00,0.0,0,0,0
1138327847,智R托管-钢板啦-AGX-系统-3.18,被计划暂停,审核通过,通投,商品7日总下单ROI,笔记（商品组件）,67d00aa9000000000603c4d4,59cde3b9db2e6029a99da214,视频笔记,655d999b3214c000016712e8,智R托管-合集-AGX-系统-3.18,106750426,2025-03-18 14:25:06,0.00,0,0,0.0%,0.0,0.0,0,0.00,0.0,0,0,0.0,0,0,0.0,0,0.0,0,0.0,0,0.0,0,0.0,0,0.0,0,0.0,0,0.0,0,0.0,0,0.0,0.00,0.0,0,0,0
1138327846,智R托管-糖饮的-AGX-系统-3.18,被计划暂停,审核通过,通投,商品7日总下单ROI,笔记（商品组件）,6791ee6a000000001800d5c3,59cde3b9db2e6029a99da214,图文笔记,655d999b3214c000016712e8,智R托管-合集-AGX-系统-3.18,106750426,2025-03-18 14:25:06,0.00,0,0,0.0%,0.0,0.0,0,0.00,0.0,0,0,0.0,0,0,0.0,0,0.0,0,0.0,0,0.0,0,0.0,0,0.0,0,0.0,0,0.0,0,0.0,0,0.0,0.00,0.0,0,0,0
1138097040,智R托管-点喝现-AGX-定向-3.18,被计划暂停,审核通过,通投,商品7日总下单ROI,笔记（商品组件）,676261c3000000000900d167,59cde3b9db2e6029a99da214,视频笔记,655d999b3214c000016712e8,智R托管-合集-AGX-定向-3.18,106761399,2025-03-18 14:22:32,0.00,0,0,0.0%,0.0,0.0,0,0.00,0.0,0,0,0.0,0,0,0.0,0,0.0,0,0.0,0,0.0,0,0.0,0,0.0,0,0.0,0,0.0,0,0.0,0,0.0,0.00,0.0,0,0,0
1138097039,智R托管-皮肤就-AGX-定向-3.18,暂停,审核通过,通投,商品7日总下单ROI,笔记（商品组件）,66f62a6a000000002a030272,59cde3b9db2e6029a99da214,视频笔记,655d999b3214c000016712e8,智R托管-合集-AGX-定向-3.18,106761399,2025-03-18 14:22:32,0.00,0,0,0.0%,0.0,0.0,0,0.00,0.0,0,0,0.0,0,0,0.0,0,0.0,0,0.0,0,0.0,0,0.0,0,0.0,0,0.0,0,0.0,0,0.0,0,0.0,0.00,0.0,0,0,0
1138097038,智R托管-糖让年-AGX-定向-3.18,被计划暂停,审核通过,通投,商品7日总下单ROI,笔记（商品组件）,67779ece000000000900c950,59cde3b9db2e6029a99da214,图文笔记,655d999b3214c000016712e8,智R托管-合集-AGX-定向-3.18,106761399,2025-03-18 14:22:32,0.00,0,0,0.0%,0.0,0.0,0,0.00,0.0,0,0,0.0,0,0,0.0,0,0.0,0,0.0,0,0.0,0,0.0,0,0.0,0,0.0,0,0.0,0,0.0,0,0.0,0.00,0.0,0,0,0
1137097106,智R托管-颖儿9-光感白肌饮-系统-3.18,被计划暂停,审核通过,通投,商品7日总下单ROI,笔记（商品组件）,67d3e6a7000000000900dee4,59cde3b9db2e6029a99da214,图文笔记,655d9f4416c8df0001a7b75d,智R托管-颖儿合集-光感白肌饮-系统-3.18,106709212,2025-03-18 11:07:58,0.00,0,0,0.0%,0.0,0.0,0,0.00,0.0,0,0,0.0,0,0,0.0,0,0.0,0,0.0,0,0.0,0,0.0,0,0.0,0,0.0,0,0.0,0,0.0,0,0.0,0.00,0.0,0,0,0
1137097105,智R托管-颖儿1-光感白肌饮-系统-3.18,被计划暂停,审核通过,通投,商品7日总下单ROI,笔记（商品组件）,67c17bc0000000000e007fd1,59cde3b9db2e6029a99da214,图文笔记,67a96fff17cfa0000166a95f,智R托管-颖儿合集-光感白肌饮-系统-3.18,106709212,2025-03-18 11:07:58,0.00,0,0,0.0%,0.0,0.0,0,0.00,0.0,0,0,0.0,0,0,0.0,0,0.0,0,0.0,0,0.0,0,0.0,0,0.0,0,0.0,0,0.0,0,0.0,0,0.0,0.00,0.0,0,0,0
1137097104,智R托管-颖儿3-光感白肌饮-系统-3.18,暂停,审核通过,通投,商品7日总下单ROI,笔记（商品组件）,67c18151000000001203c8ef,59cde3b9db2e6029a99da214,视频笔记,655d9f4416c8df0001a7b75d,智R托管-颖儿合集-光感白肌饮-系统-3.18,106709212,2025-03-18 11:07:58,0.00,0,0,0.0%,0.0,0.0,0,0.00,0.0,0,0,0.0,0,0,0.0,0,0.0,0,0.0,0,0.0,0,0.0,0,0.0,0,0.0,0,0.0,0,0.0,0,0.0,0.00,0.0,0,0,0
1134211187,智R托管-颖儿直投-光感白肌饮-系统-3.17-达人直投,被计划暂停,审核通过,通投,商品7日总下单ROI,笔记（商品组件）,67bd3f4400000000090384f8,59a7be945e87e7600c5637d7,视频笔记,"67a978c617cfa0000166fdcf,67a978f5f4fe14000180a036,67bd97c67198db00013550dd,67bd984af6588900012e1f4c,67bd98663298ba00012572f5",智R托管-颖儿直投-光感白肌饮-系统-3.17-达人直投,106628324,2025-03-17 17:36:13,0.00,0,0,0.0%,0.0,0.0,0,0.00,0.0,0,0,0.0,0,0,0.0,0,0.0,0,0.0,0,0.0,0,0.0,0,0.0,0,0.0,0,0.0,0,0.0,0,0.0,0.00,0.0,0,0,0
1120309958,智R托管-贵妇甄-X白-系统-3.14,暂停,审核通过,通投,商品7日总下单ROI,笔记（商品组件）,662b31d0000000001c007330,59cde3b9db2e6029a99da214,图文笔记,"655ebf2c60fa1b0001dd2183,6792015897ab0100015a3ef2,67bd98663298ba00012572f5",智R托管-贵妇甄-X白-系统-3.14,106187755,2025-03-14 14:11:49,0.00,0,0,0.0%,0.0,0.0,0,0.00,0.0,0,0,0.0,0,0,0.0,0,0.0,0,0.0,0,0.0,0,0.0,0,0.0,0,0.0,0,0.0,0,0.0,0,0.0,0.00,0.0,0,0,0
1119990720,智R托管-奚梦瑶19-AGX-系统-3.14,被计划暂停,审核通过,通投,商品7日总下单ROI,笔记（商品组件）,67760714000000000b00f29e,59cde3b9db2e6029a99da214,图文笔记,655d999b3214c000016712e8,智R托管-奚梦瑶19-AGX-系统-3.14,106192669,2025-03-14 13:46:00,0.00,0,0,0.0%,0.0,0.0,0,0.00,0.0,0,0,0.0,0,0,0.0,0,0.0,0,0.0,0,0.0,0,0.0,0,0.0,0,0.0,0,0.0,0,0.0,0,0.0,0.00,0.0,0,0,0
1100788281,智R托管-紧跟上-X白-系统-3.10,暂停,审核通过,通投,商品7日总下单ROI,笔记（商品组件）,65960506000000001e00ad0a,59cde3b9db2e6029a99da214,图文笔记,"655ebf2c60fa1b0001dd2183,6792015897ab0100015a3ef2,67bd98663298ba00012572f5,67c6637c29b9f7000106f07f",智R托管-合集2-X白-系统-3.10,105531785,2025-03-10 17:39:24,0.00,0,0,0.0%,0.0,0.0,0,0.00,0.0,0,0,0.0,0,0,0.0,0,0.0,0,0.0,0,0.0,0,0.0,0,0.0,0,0.0,0,0.0,0,0.0,0,0.0,0.00,0.0,0,0,0
1100788280,智R托管-高定30-X白-系统-3.10,被计划暂停,审核通过,通投,商品7日总下单ROI,笔记（商品组件）,67c00ca9000000000603c0e6,59cde3b9db2e6029a99da214,图文笔记,"6705f6f44cd289000101e982,655ebf2c60fa1b0001dd2183,67bd98663298ba00012572f5,6792015897ab0100015a3ef2,67c6637c29b9f7000106f07f",智R托管-合集2-X白-系统-3.10,105531785,2025-03-10 17:39:24,0.00,0,0,0.0%,0.0,0.0,0,0.00,0.0,0,0,0.0,0,0,0.0,0,0.0,0,0.0,0,0.0,0,0.0,0,0.0,0,0.0,0,0.0,0,0.0,0,0.0,0.00,0.0,0,0,0
1100788279,智R托管-脸来黄-X白-系统-3.10,被计划暂停,审核拒绝,通投,商品7日总下单ROI,笔记（商品组件）,67b6e73a000000000d0161c7,59cde3b9db2e6029a99da214,视频笔记,"655d999b3214c000016712e8,655ebf2c60fa1b0001dd2183,6705f6f44cd289000101e982,655d9f4416c8df0001a7b75d,67c6637c29b9f7000106f07f,67bd98663298ba00012572f5,6706881575e23c000170c637",智R托管-合集2-X白-系统-3.10,105531785,2025-03-10 17:39:24,0.00,0,0,0.0%,0.0,0.0,0,0.00,0.0,0,0,0.0,0,0,0.0,0,0.0,0,0.0,0,0.0,0,0.0,0,0.0,0,0.0,0,0.0,0,0.0,0,0.0,0.00,0.0,0,0,0
1100788278,智R托管-成计划-X白-系统-3.10,暂停,审核通过,通投,商品7日总下单ROI,笔记（商品组件）,67c1993a000000001201f79a,59cde3b9db2e6029a99da214,视频笔记,"655d999b3214c000016712e8,655d9f4416c8df0001a7b75d,655ebf2c60fa1b0001dd2183,6566756bdcf5b90001900fc5,65aa361d779749000109a6e8,66aae159df61610001617a19,6705f6f44cd289000101e982,6735b3e9ec68d70001e032bb,67481bd652f26600016eea9d,67bd84919759260001a3f494,67bd86679759260001a41644,67bd883ff2389c0001a48ccc,67bd888f29b9f70001b6642a,67bd894629b9f70001b66fed",智R托管-合集2-X白-系统-3.10,105531785,2025-03-10 17:39:24,0.00,0,0,0.0%,0.0,0.0,0,0.00,0.0,0,0,0.0,0,0,0.0,0,0.0,0,0.0,0,0.0,0,0.0,0,0.0,0,0.0,0,0.0,0,0.0,0,0.0,0.00,0.0,0,0,0
1100666574,智R托管-长期主-X白-系统-3.10,暂停,审核通过,通投,商品7日总下单ROI,笔记（商品组件）,66e25c2e00000000270043ae,59cde3b9db2e6029a99da214,图文笔记,"655ebf2c60fa1b0001dd2183,67c6637c29b9f7000106f07f,67bd98663298ba00012572f5,6792015897ab0100015a3ef2",智R托管-合集-X白-系统-3.10,105525475,2025-03-10 17:30:02,0.00,0,0,0.0%,0.0,0.0,0,0.00,0.0,0,0,0.0,0,0,0.0,0,0.0,0,0.0,0,0.0,0,0.0,0,0.0,0,0.0,0,0.0,0,0.0,0,0.0,0.00,0.0,0,0,0
1100666573,智R托管-提高还得-X白-系统-3.10,被计划暂停,审核通过,通投,商品7日总下单ROI,笔记（商品组件）,678eec07000000001800c44f,59cde3b9db2e6029a99da214,图文笔记,"655ebf2c60fa1b0001dd2183,67bd98663298ba00012572f5,67c6637c29b9f7000106f07f,6792015897ab0100015a3ef2",智R托管-合集-X白-系统-3.10,105525475,2025-03-10 17:30:02,0.00,0,0,0.0%,0.0,0.0,0,0.00,0.0,0,0,0.0,0,0,0.0,0,0.0,0,0.0,0,0.0,0,0.0,0,0.0,0,0.0,0,0.0,0,0.0,0,0.0,0.00,0.0,0,0,0
1100666572,智R托管-须到位-X白-系统-3.10,被计划暂停,审核通过,通投,商品7日总下单ROI,笔记（商品组件）,6777b32a000000000800feff,59cde3b9db2e6029a99da214,图文笔记,"655ebf2c60fa1b0001dd2183,655d9f4416c8df0001a7b75d,655d999b3214c000016712e8,67bd98663298ba00012572f5",智R托管-合集-X白-系统-3.10,105525475,2025-03-10 17:30:02,0.00,0,0,0.0%,0.0,0.0,0,0.00,0.0,0,0,0.0,0,0,0.0,0,0.0,0,0.0,0,0.0,0,0.0,0,0.0,0,0.0,0,0.0,0,0.0,0,0.0,0.00,0.0,0,0,0
1100666571,智R托管-养成半-X白-系统-3.10,暂停,审核通过,通投,商品7日总下单ROI,笔记（商品组件）,66f52544000000002c014fe6,59cde3b9db2e6029a99da214,视频笔记,"6792015897ab0100015a3ef2,67bd98663298ba00012572f5,655ebf2c60fa1b0001dd2183,67c6637c29b9f7000106f07f",智R托管-合集-X白-系统-3.10,105525475,2025-03-10 17:30:02,0.00,0,0,0.0%,0.0,0.0,0,0.00,0.0,0,0,0.0,0,0,0.0,0,0.0,0,0.0,0,0.0,0,0.0,0,0.0,0,0.0,0,0.0,0,0.0,0,0.0,0.00,0.0,0,0,0
1100666570,智R托管-嘭弹肌-X白-系统-3.10,暂停,审核通过,通投,商品7日总下单ROI,笔记（商品组件）,6614f41e000000001b01357e,59cde3b9db2e6029a99da214,视频笔记,"655ebf2c60fa1b0001dd2183,67c6637c29b9f7000106f07f,6792015897ab0100015a3ef2,67bd98663298ba00012572f5",智R托管-合集-X白-系统-3.10,105525475,2025-03-10 17:30:02,0.00,0,0,0.0%,0.0,0.0,0,0.00,0.0,0,0,0.0,0,0,0.0,0,0.0,0,0.0,0,0.0,0,0.0,0,0.0,0,0.0,0,0.0,0,0.0,0,0.0,0.00,0.0,0,0,0
1099949429,智R托管-点喝现-AGX-定向-3.10,被计划暂停,审核通过,通投,商品7日总下单ROI,笔记（商品组件）,676261c3000000000900d167,59cde3b9db2e6029a99da214,视频笔记,"655d999b3214c000016712e8,67c6637c29b9f7000106f07f",智R托管-合集-AGX-定向-3.10,105496781,2025-03-10 15:39:23,0.00,0,0,0.0%,0.0,0.0,0,0.00,0.0,0,0,0.0,0,0,0.0,0,0.0,0,0.0,0,0.0,0,0.0,0,0.0,0,0.0,0,0.0,0,0.0,0,0.0,0.00,0.0,0,0,0
1099949428,智R托管-卷铺盖-AGX-定向-3.10,被计划暂停,审核通过,通投,商品7日总下单ROI,笔记（商品组件）,67c12e300000000006038749,59cde3b9db2e6029a99da214,视频笔记,"655d999b3214c000016712e8,67c6637c29b9f7000106f07f",智R托管-合集-AGX-定向-3.10,105496781,2025-03-10 15:39:23,0.00,0,0,0.0%,0.0,0.0,0,0.00,0.0,0,0,0.0,0,0,0.0,0,0.0,0,0.0,0,0.0,0,0.0,0,0.0,0,0.0,0,0.0,0,0.0,0,0.0,0.00,0.0,0,0,0
1099949427,智R托管-去项目-AGX-定向-3.10,被计划暂停,审核通过,通投,商品7日总下单ROI,笔记（商品组件）,67c124ff000000001201c059,59cde3b9db2e6029a99da214,图文笔记,"655d999b3214c000016712e8,655ebf2c60fa1b0001dd2183,67c6637c29b9f7000106f07f",智R托管-合集-AGX-定向-3.10,105496781,2025-03-10 15:39:23,0.00,0,0,0.0%,0.0,0.0,0,0.00,0.0,0,0,0.0,0,0,0.0,0,0.0,0,0.0,0,0.0,0,0.0,0,0.0,0,0.0,0,0.0,0,0.0,0,0.0,0.00,0.0,0,0,0
1099949426,智R托管-糖饮的-AGX-定向-3.10,被计划暂停,审核通过,通投,商品7日总下单ROI,笔记（商品组件）,6791ee6a000000001800d5c3,59cde3b9db2e6029a99da214,图文笔记,"655d999b3214c000016712e8,67c6637c29b9f7000106f07f",智R托管-合集-AGX-定向-3.10,105496781,2025-03-10 15:39:23,0.00,0,0,0.0%,0.0,0.0,0,0.00,0.0,0,0,0.0,0,0,0.0,0,0.0,0,0.0,0,0.0,0,0.0,0,0.0,0,0.0,0,0.0,0,0.0,0,0.0,0.00,0.0,0,0,0
1099949425,智R托管-冻龄抗-AGX-定向-3.10,被计划暂停,审核通过,通投,商品7日总下单ROI,笔记（商品组件）,657ad4270000000038029574,59cde3b9db2e6029a99da214,图文笔记,"655d999b3214c000016712e8,67c6637c29b9f7000106f07f",智R托管-合集-AGX-定向-3.10,105496781,2025-03-10 15:39:23,0.00,0,0,0.0%,0.0,0.0,0,0.00,0.0,0,0,0.0,0,0,0.0,0,0.0,0,0.0,0,0.0,0,0.0,0,0.0,0,0.0,0,0.0,0,0.0,0,0.0,0.00,0.0,0,0,0
1099941823,智R托管-激活逆-AGX-系统-3.10,被计划暂停,审核通过,通投,商品7日总下单ROI,笔记（商品组件）,67beb3750000000009014d21,59cde3b9db2e6029a99da214,视频笔记,"655d999b3214c000016712e8,67c6637c29b9f7000106f07f",智R托管-激活逆-AGX-系统-3.10,105490350,2025-03-10 15:29:32,0.00,0,0,0.0%,0.0,0.0,0,0.00,0.0,0,0,0.0,0,0,0.0,0,0.0,0,0.0,0,0.0,0,0.0,0,0.0,0,0.0,0,0.0,0,0.0,0,0.0,0.00,0.0,0,0,0
1087729746,智R托管-奚梦瑶17-AGX-系统-3.7,暂停,审核通过,通投,商品7日总下单ROI,笔记（商品组件）,676d4431000000000b00c81e,59cde3b9db2e6029a99da214,视频笔记,655d999b3214c000016712e8,智R托管-奚梦瑶优化-AGX-系统-3.7,105118092,2025-03-07 18:18:41,0.00,0,0,0.0%,0.0,0.0,0,0.00,0.0,0,0,0.0,0,0,0.0,0,0.0,0,0.0,0,0.0,0,0.0,0,0.0,0,0.0,0,0.0,0,0.0,0,0.0,0.00,0.0,0,0,0
1087729745,智R托管-奚梦瑶19-AGX-系统-3.7,被计划暂停,审核通过,通投,商品7日总下单ROI,笔记（商品组件）,67760714000000000b00f29e,59cde3b9db2e6029a99da214,图文笔记,655d999b3214c000016712e8,智R托管-奚梦瑶优化-AGX-系统-3.7,105118092,2025-03-07 18:18:41,0.00,0,0,0.0%,0.0,0.0,0,0.00,0.0,0,0,0.0,0,0,0.0,0,0.0,0,0.0,0,0.0,0,0.0,0,0.0,0,0.0,0,0.0,0,0.0,0,0.0,0.00,0.0,0,0,0
1087616121,智R托管-麻了管-AGX-系统-3.7,暂停,不满足审核条件,通投,商品7日总下单ROI,笔记（商品组件）,67b82fb9000000000900e4a4,59cde3b9db2e6029a99da214,图文笔记,"655d999b3214c000016712e8,655ebf2c60fa1b0001dd2183,6603736196b9a1000150745d",智R托管-合集-AGX-系统-3.7-1,105135611,2025-03-07 18:15:48,0.00,0,0,0.0%,0.0,0.0,0,0.00,0.0,0,0,0.0,0,0,0.0,0,0.0,0,0.0,0,0.0,0,0.0,0,0.0,0,0.0,0,0.0,0,0.0,0,0.0,0.00,0.0,0,0,0
1087616120,智R托管-KO糖化-AGX-系统-3.7,暂停,审核拒绝,通投,商品7日总下单ROI,笔记（商品组件）,67c019d6000000001201c745,59cde3b9db2e6029a99da214,视频笔记,"655d999b3214c000016712e8,67bd98663298ba00012572f5",智R托管-合集-AGX-系统-3.7-1,105135611,2025-03-07 18:15:48,0.00,0,0,0.0%,0.0,0.0,0,0.00,0.0,0,0,0.0,0,0,0.0,0,0.0,0,0.0,0,0.0,0,0.0,0,0.0,0,0.0,0,0.0,0,0.0,0,0.0,0.00,0.0,0,0,0
1087616119,智R托管-真后悔-AGX-系统-3.7,暂停,审核通过,通投,商品7日总下单ROI,笔记（商品组件）,6502bff7000000001f034f89,59cde3b9db2e6029a99da214,图文笔记,"655d999b3214c000016712e8,67bd98663298ba00012572f5",智R托管-合集-AGX-系统-3.7-1,105135611,2025-03-07 18:15:48,0.00,0,0,0.0%,0.0,0.0,0,0.00,0.0,0,0,0.0,0,0,0.0,0,0.0,0,0.0,0,0.0,0,0.0,0,0.0,0,0.0,0,0.0,0,0.0,0,0.0,0.00,0.0,0,0,0
1087616118,智R托管-冻龄抗-AGX-系统-3.7,被计划暂停,审核通过,通投,商品7日总下单ROI,笔记（商品组件）,657ad4270000000038029574,59cde3b9db2e6029a99da214,图文笔记,"655d999b3214c000016712e8,67bd98663298ba00012572f5",智R托管-合集-AGX-系统-3.7-1,105135611,2025-03-07 18:15:48,0.00,0,0,0.0%,0.0,0.0,0,0.00,0.0,0,0,0.0,0,0,0.0,0,0.0,0,0.0,0,0.0,0,0.0,0,0.0,0,0.0,0,0.0,0,0.0,0,0.0,0.00,0.0,0,0,0
1087616117,智R托管-糖饮的-AGX-系统-3.7,暂停,审核通过,通投,商品7日总下单ROI,笔记（商品组件）,6791ee6a000000001800d5c3,59cde3b9db2e6029a99da214,图文笔记,"655d999b3214c000016712e8,67bd98663298ba00012572f5",智R托管-合集-AGX-系统-3.7-1,105135611,2025-03-07 18:15:48,0.00,0,0,0.0%,0.0,0.0,0,0.00,0.0,0,0,0.0,0,0,0.0,0,0.0,0,0.0,0,0.0,0,0.0,0,0.0,0,0.0,0,0.0,0,0.0,0,0.0,0.00,0.0,0,0,0
1076770990,智R托管-饮凭实-光感白肌饮-系统-3.5,暂停,不满足审核条件,通投,商品7日总下单ROI,笔记（商品组件）,67ac40e0000000001800dd1a,59cde3b9db2e6029a99da214,图文笔记,67a96f5af4fe140001803e33,智R托管-饮凭实-光感白肌饮-系统-3.5,104689489,2025-03-05 15:57:39,0.00,0,0,0.0%,0.0,0.0,0,0.00,0.0,0,0,0.0,0,0,0.0,0,0.0,0,0.0,0,0.0,0,0.0,0,0.0,0,0.0,0,0.0,0,0.0,0,0.0,0.00,0.0,0,0,0
1076044310,智R托管-小黄鸭-白肌饮-系统-3.5优化,被计划暂停,审核通过,通投,商品7日总下单ROI,笔记（商品组件）,6788dec300000000210004b6,59cde3b9db2e6029a99da214,视频笔记,655d9f4416c8df0001a7b75d,智R托管-小黄鸭-白肌饮-系统-3.5优化,104683129,2025-03-05 13:49:38,0.00,0,0,0.0%,0.0,0.0,0,0.00,0.0,0,0,0.0,0,0,0.0,0,0.0,0,0.0,0,0.0,0,0.0,0,0.0,0,0.0,0,0.0,0,0.0,0,0.0,0.00,0.0,0,0,0
1075931844,智R托管-Get冷皮-白肌饮-系统-3.5优化,被计划暂停,审核通过,通投,商品7日总下单ROI,笔记（商品组件）,6792e88d00000000180085f0,59cde3b9db2e6029a99da214,视频笔记,"655d9f4416c8df0001a7b75d,66aae159df61610001617a19",智R托管-Get冷皮-白肌饮-系统-3.5优化,104665715,2025-03-05 13:47:42,0.00,0,0,0.0%,0.0,0.0,0,0.00,0.0,0,0,0.0,0,0,0.0,0,0.0,0,0.0,0,0.0,0,0.0,0,0.0,0,0.0,0,0.0,0,0.0,0,0.0,0.00,0.0,0,0,0
1076043208,智R托管-恩人快来-白肌饮-系统-3.5优化,被计划暂停,审核拒绝,通投,商品7日总下单ROI,笔记（商品组件）,67a6d872000000001701c548,59cde3b9db2e6029a99da214,图文笔记,655d9f4416c8df0001a7b75d,智R托管-恩人快来-白肌饮-系统-3.5优化,104684033,2025-03-05 13:46:41,0.00,0,0,0.0%,0.0,0.0,0,0.00,0.0,0,0,0.0,0,0,0.0,0,0.0,0,0.0,0,0.0,0,0.0,0,0.0,0,0.0,0,0.0,0,0.0,0,0.0,0.00,0.0,0,0,0
1071140951,智R托管-颖儿3-光感白肌饮-定向-3.4,暂停,审核通过,通投,商品7日总下单ROI,笔记（商品组件）,67c18151000000001203c8ef,59cde3b9db2e6029a99da214,视频笔记,655d9f4416c8df0001a7b75d,智R托管-颖儿视频合集-光感白肌饮-定向-3.4,104514198,2025-03-04 15:22:18,0.00,0,0,0.0%,0.0,0.0,0,0.00,0.0,0,0,0.0,0,0,0.0,0,0.0,0,0.0,0,0.0,0,0.0,0,0.0,0,0.0,0,0.0,0,0.0,0,0.0,0.00,0.0,0,0,0
1071140950,智R托管-颖儿2-光感白肌饮-定向-3.4,被计划暂停,审核通过,通投,商品7日总下单ROI,笔记（商品组件）,67c17de2000000000d0175e9,59cde3b9db2e6029a99da214,视频笔记,"655d9f4416c8df0001a7b75d,66aae159df61610001617a19",智R托管-颖儿视频合集-光感白肌饮-定向-3.4,104514198,2025-03-04 15:22:18,0.00,0,0,0.0%,0.0,0.0,0,0.00,0.0,0,0,0.0,0,0,0.0,0,0.0,0,0.0,0,0.0,0,0.0,0,0.0,0,0.0,0,0.0,0,0.0,0,0.0,0.00,0.0,0,0,0
1071252300,智R托管-颖儿1-光感白肌饮-定向-3.4,被计划暂停,审核通过,通投,商品7日总下单ROI,笔记（商品组件）,67c17bc0000000000e007fd1,59cde3b9db2e6029a99da214,图文笔记,67a96fff17cfa0000166a95f,智R托管-颖儿1-光感白肌饮-定向-3.4,104508303,2025-03-04 15:18:38,0.00,0,0,0.0%,0.0,0.0,0,0.00,0.0,0,0,0.0,0,0,0.0,0,0.0,0,0.0,0,0.0,0,0.0,0,0.0,0,0.0,0,0.0,0,0.0,0,0.0,0.00,0.0,0,0,0
1070871489,智R托管-提高还得-X白-系统-3.4,被计划暂停,审核通过,通投,商品7日总下单ROI,笔记（商品组件）,678eec07000000001800c44f,59cde3b9db2e6029a99da214,图文笔记,655ebf2c60fa1b0001dd2183,智R托管-提高还得-X白-系统-3.4,104534505,2025-03-04 13:58:35,0.00,0,0,0.0%,0.0,0.0,0,0.00,0.0,0,0,0.0,0,0,0.0,0,0.0,0,0.0,0,0.0,0,0.0,0,0.0,0,0.0,0,0.0,0,0.0,0,0.0,0.00,0.0,0,0,0
1070812069,智R托管-脸来黄-X白-系统-3.4,被计划暂停,审核拒绝,通投,商品7日总下单ROI,笔记（商品组件）,67b6e73a000000000d0161c7,59cde3b9db2e6029a99da214,视频笔记,"655d9f4416c8df0001a7b75d,655d999b3214c000016712e8,655ebf2c60fa1b0001dd2183,6705f6f44cd289000101e982",智R托管-脸来黄-X白-系统-3.4,104528622,2025-03-04 13:57:22,0.00,0,0,0.0%,0.0,0.0,0,0.00,0.0,0,0,0.0,0,0,0.0,0,0.0,0,0.0,0,0.0,0,0.0,0,0.0,0,0.0,0,0.0,0,0.0,0,0.0,0.00,0.0,0,0,0
1070869271,智R托管-拒绝姨-X白-系统-3.4,被计划暂停,审核通过,通投,商品7日总下单ROI,笔记（商品组件）,66f370c6000000002a036fee,59cde3b9db2e6029a99da214,图文笔记,655ebf2c60fa1b0001dd2183,智R托管-拒绝姨-X白-系统-3.4,104516727,2025-03-04 13:52:36,0.00,0,0,0.0%,0.0,0.0,0,0.00,0.0,0,0,0.0,0,0,0.0,0,0.0,0,0.0,0,0.0,0,0.0,0,0.0,0,0.0,0,0.0,0,0.0,0,0.0,0.00,0.0,0,0,0
1070692960,智R托管-拉开差-X白-系统-3.4,被计划暂停,审核通过,通投,商品7日总下单ROI,笔记（商品组件）,67403a3900000000020387c8,59cde3b9db2e6029a99da214,视频笔记,655ebf2c60fa1b0001dd2183,智R托管-拉开差-X白-系统-3.4,104528418,2025-03-04 13:51:36,0.00,0,0,0.0%,0.0,0.0,0,0.00,0.0,0,0,0.0,0,0,0.0,0,0.0,0,0.0,0,0.0,0,0.0,0,0.0,0,0.0,0,0.0,0,0.0,0,0.0,0.00,0.0,0,0,0
1070184190,智R托管-须到位-X白-系统-3.4,被计划暂停,审核通过,通投,商品7日总下单ROI,笔记（商品组件）,6777b32a000000000800feff,59cde3b9db2e6029a99da214,图文笔记,"655ebf2c60fa1b0001dd2183,655d9f4416c8df0001a7b75d,655d999b3214c000016712e8",智R托管-须到位-X白-系统-3.4,104495715,2025-03-04 11:57:00,0.00,0,0,0.0%,0.0,0.0,0,0.00,0.0,0,0,0.0,0,0,0.0,0,0.0,0,0.0,0,0.0,0,0.0,0,0.0,0,0.0,0,0.0,0,0.0,0,0.0,0.00,0.0,0,0,0
1070297615,智R托管-贵妇甄-X白-定向-3.4,暂停,审核通过,通投,商品7日总下单ROI,笔记（商品组件）,662b31d0000000001c007330,59cde3b9db2e6029a99da214,图文笔记,"655ebf2c60fa1b0001dd2183,6705f6f44cd289000101e982,655d999b3214c000016712e8,655d9f4416c8df0001a7b75d,66aae159df61610001617a19",智R托管-贵妇甄-X白-定向-3.4,104472336,2025-03-04 11:55:54,0.00,0,0,0.0%,0.0,0.0,0,0.00,0.0,0,0,0.0,0,0,0.0,0,0.0,0,0.0,0,0.0,0,0.0,0,0.0,0,0.0,0,0.0,0,0.0,0,0.0,0.00,0.0,0,0,0
1069641879,智R托管-紧跟上-X白-系统-3.4,暂停,审核通过,通投,商品7日总下单ROI,笔记（商品组件）,65960506000000001e00ad0a,59cde3b9db2e6029a99da214,图文笔记,655ebf2c60fa1b0001dd2183,智R托管-紧跟上-X白-系统-3.4,104498378,2025-03-04 10:59:09,0.00,0,0,0.0%,0.0,0.0,0,0.00,0.0,0,0,0.0,0,0,0.0,0,0.0,0,0.0,0,0.0,0,0.0,0,0.0,0,0.0,0,0.0,0,0.0,0,0.0,0.00,0.0,0,0,0
1069698779,智R托管-全身雪-白肌饮-系统-3.4,被计划暂停,审核通过,通投,商品7日总下单ROI,笔记（商品组件）,65fab5c6000000001203689f,59cde3b9db2e6029a99da214,图文笔记,"67068747b3c39900017acc7e,655ebf2c60fa1b0001dd2183,6792015897ab0100015a3ef2,66dab817d0a0ac00014bec6f",智R托管-全身雪-白肌饮-系统-3.4,104474554,2025-03-04 10:55:26,0.00,0,0,0.0%,0.0,0.0,0,0.00,0.0,0,0,0.0,0,0,0.0,0,0.0,0,0.0,0,0.0,0,0.0,0,0.0,0,0.0,0,0.0,0,0.0,0,0.0,0.00,0.0,0,0,0
1053997436,智R托管-饮凭实-光感白肌饮-定向-2.28,暂停,不满足审核条件,通投,商品7日总下单ROI,笔记（商品组件）,67ac40e0000000001800dd1a,59cde3b9db2e6029a99da214,图文笔记,67a96f5af4fe140001803e33,智R托管-饮凭实-光感白肌饮-定向-2.28,103967614,2025-02-28 17:33:43,0.00,0,0,0.0%,0.0,0.0,0,0.00,0.0,0,0,0.0,0,0,0.0,0,0.0,0,0.0,0,0.0,0,0.0,0,0.0,0,0.0,0,0.0,0,0.0,0,0.0,0.00,0.0,0,0,0
1043193191,智R托管-合照的-白肌饮-定向-2.26,暂停,审核通过,通投,商品7日总下单ROI,笔记（商品组件）,67528f0b0000000006014282,59cde3b9db2e6029a99da214,视频笔记,"655d9f4416c8df0001a7b75d,66aaeba35a51410001f5d536,655ebf2c60fa1b0001dd2183,6762613bb1267e000195fe05",智R托管-合集-白肌饮-定向-2.26,103594341,2025-02-26 14:55:36,0.00,0,0,0.0%,0.0,0.0,0,0.00,0.0,0,0,0.0,0,0,0.0,0,0.0,0,0.0,0,0.0,0,0.0,0,0.0,0,0.0,0,0.0,0,0.0,0,0.0,0.00,0.0,0,0,0
1043193190,智R托管-夏日亮-白肌饮-定向-2.26,暂停,审核拒绝,通投,商品7日总下单ROI,笔记（商品组件）,66593c7e0000000015010722,59cde3b9db2e6029a99da214,视频笔记,"655d9f4416c8df0001a7b75d,66aaeba35a51410001f5d536,655ebf2c60fa1b0001dd2183,6762613bb1267e000195fe05",智R托管-合集-白肌饮-定向-2.26,103594341,2025-02-26 14:55:36,0.00,0,0,0.0%,0.0,0.0,0,0.00,0.0,0,0,0.0,0,0,0.0,0,0.0,0,0.0,0,0.0,0,0.0,0,0.0,0,0.0,0,0.0,0,0.0,0,0.0,0.00,0.0,0,0,0
1043193189,智R托管-皮的神-白肌饮-定向-2.26,暂停,审核通过,通投,商品7日总下单ROI,笔记（商品组件）,66d834c1000000001f01842b,59cde3b9db2e6029a99da214,图文笔记,"655d9f4416c8df0001a7b75d,66aaeba35a51410001f5d536,655ebf2c60fa1b0001dd2183,6762613bb1267e000195fe05",智R托管-合集-白肌饮-定向-2.26,103594341,2025-02-26 14:55:36,0.00,0,0,0.0%,0.0,0.0,0,0.00,0.0,0,0,0.0,0,0,0.0,0,0.0,0,0.0,0,0.0,0,0.0,0,0.0,0,0.0,0,0.0,0,0.0,0,0.0,0.00,0.0,0,0,0
1043193188,智R托管-贵妇圈-白肌饮-定向-2.26,暂停,审核通过,通投,商品7日总下单ROI,笔记（商品组件）,671efaec000000001b02fcaa,59cde3b9db2e6029a99da214,视频笔记,"655d9f4416c8df0001a7b75d,66aaeba35a51410001f5d536,655ebf2c60fa1b0001dd2183,6762613bb1267e000195fe05",智R托管-合集-白肌饮-定向-2.26,103594341,2025-02-26 14:55:36,0.00,0,0,0.0%,0.0,0.0,0,0.00,0.0,0,0,0.0,0,0,0.0,0,0.0,0,0.0,0,0.0,0,0.0,0,0.0,0,0.0,0,0.0,0,0.0,0,0.0,0.00,0.0,0,0,0
1043193187,智R托管-喝出自-白肌饮-定向-2.26,暂停,审核通过,通投,商品7日总下单ROI,笔记（商品组件）,6780c13c000000000203c64f,59cde3b9db2e6029a99da214,视频笔记,"655d9f4416c8df0001a7b75d,66aaeba35a51410001f5d536,655ebf2c60fa1b0001dd2183,6762613bb1267e000195fe05",智R托管-合集-白肌饮-定向-2.26,103594341,2025-02-26 14:55:36,0.00,0,0,0.0%,0.0,0.0,0,0.00,0.0,0,0,0.0,0,0,0.0,0,0.0,0,0.0,0,0.0,0,0.0,0,0.0,0,0.0,0,0.0,0,0.0,0,0.0,0.00,0.0,0,0,0
1043218806,智R托管-水素颜-白肌饮-系统-2.26,被计划暂停,审核通过,通投,商品7日总下单ROI,笔记（商品组件）,67ac4e7c00000000180054e6,59cde3b9db2e6029a99da214,图文笔记,"655d9f4416c8df0001a7b75d,655ebf2c60fa1b0001dd2183,6762613bb1267e000195fe05",智R托管-合集-白肌饮-系统-2.26,103598323,2025-02-26 14:39:45,0.00,0,0,0.0%,0.0,0.0,0,0.00,0.0,0,0,0.0,0,0,0.0,0,0.0,0,0.0,0,0.0,0,0.0,0,0.0,0,0.0,0,0.0,0,0.0,0,0.0,0.00,0.0,0,0,0
1043218805,智R托管-打赢色-白肌饮-系统-2.26,被计划暂停,审核通过,通投,商品7日总下单ROI,笔记（商品组件）,677f93cc000000000203ca16,59cde3b9db2e6029a99da214,图文笔记,"655d9f4416c8df0001a7b75d,66aaeba35a51410001f5d536,655ebf2c60fa1b0001dd2183,6762613bb1267e000195fe05",智R托管-合集-白肌饮-系统-2.26,103598323,2025-02-26 14:39:45,0.00,0,0,0.0%,0.0,0.0,0,0.00,0.0,0,0,0.0,0,0,0.0,0,0.0,0,0.0,0,0.0,0,0.0,0,0.0,0,0.0,0,0.0,0,0.0,0,0.0,0.00,0.0,0,0,0
1043218804,智R托管-美内调-白肌饮-系统-2.26,暂停,审核通过,通投,商品7日总下单ROI,笔记（商品组件）,67921626000000001902d9b0,59cde3b9db2e6029a99da214,视频笔记,"655d9f4416c8df0001a7b75d,66aaeba35a51410001f5d536,67481bd652f26600016eea9d,655ebf2c60fa1b0001dd2183,6762613bb1267e000195fe05",智R托管-合集-白肌饮-系统-2.26,103598323,2025-02-26 14:39:45,0.00,0,0,0.0%,0.0,0.0,0,0.00,0.0,0,0,0.0,0,0,0.0,0,0.0,0,0.0,0,0.0,0,0.0,0,0.0,0,0.0,0,0.0,0,0.0,0,0.0,0.00,0.0,0,0,0
1042043952,智R托管-如新生-AGX-系统-2.26,暂停,审核拒绝,通投,商品7日总下单ROI,笔记（商品组件）,6780e297000000001800f2ac,59cde3b9db2e6029a99da214,图文笔记,655d999b3214c000016712e8,智R托管-合集2-AGX-系统-2.26,103501804,2025-02-26 10:59:53,0.00,0,0,0.0%,0.0,0.0,0,0.00,0.0,0,0,0.0,0,0,0.0,0,0.0,0,0.0,0,0.0,0,0.0,0,0.0,0,0.0,0,0.0,0,0.0,0,0.0,0.00,0.0,0,0,0
1042043951,智R托管-糖让年-AGX-系统-2.26,被计划暂停,审核通过,通投,商品7日总下单ROI,笔记（商品组件）,67779ece000000000900c950,59cde3b9db2e6029a99da214,图文笔记,"655d999b3214c000016712e8,655ebf2c60fa1b0001dd2183,66aae536b81ac20001a5795e,6603736196b9a1000150745d",智R托管-合集2-AGX-系统-2.26,103501804,2025-02-26 10:59:53,0.00,0,0,0.0%,0.0,0.0,0,0.00,0.0,0,0,0.0,0,0,0.0,0,0.0,0,0.0,0,0.0,0,0.0,0,0.0,0,0.0,0,0.0,0,0.0,0,0.0,0.00,0.0,0,0,0
1042043950,智R托管-轻松K-AGX-系统-2.26,被计划暂停,审核通过,通投,商品7日总下单ROI,笔记（商品组件）,66d02dc0000000001f0145e4,59cde3b9db2e6029a99da214,视频笔记,655d999b3214c000016712e8,智R托管-合集2-AGX-系统-2.26,103501804,2025-02-26 10:59:53,0.00,0,0,0.0%,0.0,0.0,0,0.00,0.0,0,0,0.0,0,0,0.0,0,0.0,0,0.0,0,0.0,0,0.0,0,0.0,0,0.0,0,0.0,0,0.0,0,0.0,0.00,0.0,0,0,0
1042043949,智R托管-吃的细糠-AGX-系统-2.26,被计划暂停,审核通过,通投,商品7日总下单ROI,笔记（商品组件）,672b059b000000003c01c09d,59cde3b9db2e6029a99da214,图文笔记,655d999b3214c000016712e8,智R托管-合集2-AGX-系统-2.26,103501804,2025-02-26 10:59:53,0.00,0,0,0.0%,0.0,0.0,0,0.00,0.0,0,0,0.0,0,0,0.0,0,0.0,0,0.0,0,0.0,0,0.0,0,0.0,0,0.0,0,0.0,0,0.0,0,0.0,0.00,0.0,0,0,0
1042043948,智R托管-皮肤就-AGX-系统-2.26,暂停,审核通过,通投,商品7日总下单ROI,笔记（商品组件）,66f62a6a000000002a030272,59cde3b9db2e6029a99da214,视频笔记,655d999b3214c000016712e8,智R托管-合集2-AGX-系统-2.26,103501804,2025-02-26 10:59:53,0.00,0,0,0.0%,0.0,0.0,0,0.00,0.0,0,0,0.0,0,0,0.0,0,0.0,0,0.0,0,0.0,0,0.0,0,0.0,0,0.0,0,0.0,0,0.0,0,0.0,0.00,0.0,0,0,0
1042252562,智R托管-奚梦瑶19-AGX-系统-2.26,被计划暂停,审核通过,通投,商品7日总下单ROI,笔记（商品组件）,67760714000000000b00f29e,59cde3b9db2e6029a99da214,图文笔记,"655d999b3214c000016712e8,6735b3e9ec68d70001e032bb,655ebf2c60fa1b0001dd2183,6762613bb1267e000195fe05",智R托管-合集-AGX-系统-2.26,103507178,2025-02-26 10:53:14,0.00,0,0,0.0%,0.0,0.0,0,0.00,0.0,0,0,0.0,0,0,0.0,0,0.0,0,0.0,0,0.0,0,0.0,0,0.0,0,0.0,0,0.0,0,0.0,0,0.0,0.00,0.0,0,0,0
1042252561,智R托管-奚梦瑶24-AGX-系统-2.26,暂停,审核通过,通投,商品7日总下单ROI,笔记（商品组件）,6780bf000000000017039500,59cde3b9db2e6029a99da214,图文笔记,"655d999b3214c000016712e8,6735b3e9ec68d70001e032bb,655ebf2c60fa1b0001dd2183,6762613bb1267e000195fe05",智R托管-合集-AGX-系统-2.26,103507178,2025-02-26 10:53:14,0.00,0,0,0.0%,0.0,0.0,0,0.00,0.0,0,0,0.0,0,0,0.0,0,0.0,0,0.0,0,0.0,0,0.0,0,0.0,0,0.0,0,0.0,0,0.0,0,0.0,0.00,0.0,0,0,0
1020182562,智R托管-保持少-X白-系统-2.21,被计划暂停,审核拒绝,通投,商品7日总下单ROI,笔记（商品组件）,64ef1dee000000002000041c,59cde3b9db2e6029a99da214,图文笔记,655ebf2c60fa1b0001dd2183,智R托管-合集-X白-系统-2.21,102651039,2025-02-21 09:12:13,0.00,0,0,0.0%,0.0,0.0,0,0.00,0.0,0,0,0.0,0,0,0.0,0,0.0,0,0.0,0,0.0,0,0.0,0,0.0,0,0.0,0,0.0,0,0.0,0,0.0,0.00,0.0,0,0,0
1020182561,智R托管-拒绝姨-X白-系统-2.21,被计划暂停,审核通过,通投,商品7日总下单ROI,笔记（商品组件）,66f370c6000000002a036fee,59cde3b9db2e6029a99da214,图文笔记,655ebf2c60fa1b0001dd2183,智R托管-合集-X白-系统-2.21,102651039,2025-02-21 09:12:13,0.00,0,0,0.0%,0.0,0.0,0,0.00,0.0,0,0,0.0,0,0,0.0,0,0.0,0,0.0,0,0.0,0,0.0,0,0.0,0,0.0,0,0.0,0,0.0,0,0.0,0.00,0.0,0,0,0
1017206004,智R托管-局这俩-X白-系统-2.17,被计划暂停,审核拒绝,通投,商品7日总下单ROI,笔记（商品组件）,67904b620000000018013546,59cde3b9db2e6029a99da214,图文笔记,"655ebf2c60fa1b0001dd2183,6705f6f44cd289000101e982,6735b3e9ec68d70001e032bb,67481bd652f26600016eea9d",智R托管-局这俩-X白-系统-2.17,101990677,2025-02-20 14:58:05,0.00,0,0,0.0%,0.0,0.0,0,0.00,0.0,0,0,0.0,0,0,0.0,0,0.0,0,0.0,0,0.0,0,0.0,0,0.0,0,0.0,0,0.0,0,0.0,0,0.0,0.00,0.0,0,0,0
1015735848,智R托管-皮肤就-AGX-定向-2.20,暂停,审核通过,通投,商品7日总下单ROI,笔记（商品组件）,66f62a6a000000002a030272,59cde3b9db2e6029a99da214,视频笔记,655d999b3214c000016712e8,智R托管-优质合集-AGX-定向-2.20,102447734,2025-02-20 10:17:49,0.00,0,0,0.0%,0.0,0.0,0,0.00,0.0,0,0,0.0,0,0,0.0,0,0.0,0,0.0,0,0.0,0,0.0,0,0.0,0,0.0,0,0.0,0,0.0,0,0.0,0.00,0.0,0,0,0
1015735847,智R托管-冻龄抗-AGX-定向-2.20,被计划暂停,审核通过,通投,商品7日总下单ROI,笔记（商品组件）,657ad4270000000038029574,59cde3b9db2e6029a99da214,图文笔记,655d999b3214c000016712e8,智R托管-优质合集-AGX-定向-2.20,102447734,2025-02-20 10:17:49,0.00,0,0,0.0%,0.0,0.0,0,0.00,0.0,0,0,0.0,0,0,0.0,0,0.0,0,0.0,0,0.0,0,0.0,0,0.0,0,0.0,0,0.0,0,0.0,0,0.0,0.00,0.0,0,0,0
1015735846,智R托管-真后悔-AGX-定向-2.20,暂停,审核通过,通投,商品7日总下单ROI,笔记（商品组件）,6502bff7000000001f034f89,59cde3b9db2e6029a99da214,图文笔记,655d999b3214c000016712e8,智R托管-优质合集-AGX-定向-2.20,102447734,2025-02-20 10:17:49,0.00,0,0,0.0%,0.0,0.0,0,0.00,0.0,0,0,0.0,0,0,0.0,0,0.0,0,0.0,0,0.0,0,0.0,0,0.0,0,0.0,0,0.0,0,0.0,0,0.0,0.00,0.0,0,0,0
1011578220,智R托管-轻松K-AGX-系统-2.19,被计划暂停,审核通过,通投,商品7日总下单ROI,笔记（商品组件）,66d02dc0000000001f0145e4,59cde3b9db2e6029a99da214,视频笔记,655d999b3214c000016712e8,智R托管-轻松K-AGX-系统-2.19,102275492,2025-02-19 11:05:45,0.00,0,0,0.0%,0.0,0.0,0,0.00,0.0,0,0,0.0,0,0,0.0,0,0.0,0,0.0,0,0.0,0,0.0,0,0.0,0,0.0,0,0.0,0,0.0,0,0.0,0.00,0.0,0,0,0
1011457964,智R托管-皮肤就-AGX-定向-2.19,暂停,审核通过,通投,商品7日总下单ROI,笔记（商品组件）,66f62a6a000000002a030272,59cde3b9db2e6029a99da214,视频笔记,655d999b3214c000016712e8,智R托管-合集-AGX-定向-2.19,102270219,2025-02-19 11:01:19,0.00,0,0,0.0%,0.0,0.0,0,0.00,0.0,0,0,0.0,0,0,0.0,0,0.0,0,0.0,0,0.0,0,0.0,0,0.0,0,0.0,0,0.0,0,0.0,0,0.0,0.00,0.0,0,0,0
1011457963,智R托管-冻龄抗-AGX-定向-2.19,被计划暂停,审核通过,通投,商品7日总下单ROI,笔记（商品组件）,657ad4270000000038029574,59cde3b9db2e6029a99da214,图文笔记,655d999b3214c000016712e8,智R托管-合集-AGX-定向-2.19,102270219,2025-02-19 11:01:19,0.00,0,0,0.0%,0.0,0.0,0,0.00,0.0,0,0,0.0,0,0,0.0,0,0.0,0,0.0,0,0.0,0,0.0,0,0.0,0,0.0,0,0.0,0,0.0,0,0.0,0.00,0.0,0,0,0
1011457962,智R托管-真后悔-AGX-定向-2.19,暂停,审核通过,通投,商品7日总下单ROI,笔记（商品组件）,6502bff7000000001f034f89,59cde3b9db2e6029a99da214,图文笔记,655d999b3214c000016712e8,智R托管-合集-AGX-定向-2.19,102270219,2025-02-19 11:01:19,0.00,0,0,0.0%,0.0,0.0,0,0.00,0.0,0,0,0.0,0,0,0.0,0,0.0,0,0.0,0,0.0,0,0.0,0,0.0,0,0.0,0,0.0,0,0.0,0,0.0,0.00,0.0,0,0,0
1007586253,智R托管-皮的神-白肌饮-系统-2.18,暂停,审核通过,通投,商品7日总下单ROI,笔记（商品组件）,66d834c1000000001f01842b,59cde3b9db2e6029a99da214,图文笔记,655d9f4416c8df0001a7b75d,智R托管-皮的神-白肌饮-系统-2.18-1,102085279,2025-02-18 11:33:05,0.00,0,0,0.0%,0.0,0.0,0,0.00,0.0,0,0,0.0,0,0,0.0,0,0.0,0,0.0,0,0.0,0,0.0,0,0.0,0,0.0,0,0.0,0,0.0,0,0.0,0.00,0.0,0,0,0
1007337174,智R托管-快乐你-白肌饮-系统-2.18,暂停,审核拒绝,通投,商品7日总下单ROI,笔记（商品组件）,67502309000000000202fc81,59cde3b9db2e6029a99da214,视频笔记,655d9f4416c8df0001a7b75d,智R托管-合集-白肌饮-系统-2.18,102086504,2025-02-18 10:31:29,0.00,0,0,0.0%,0.0,0.0,0,0.00,0.0,0,0,0.0,0,0,0.0,0,0.0,0,0.0,0,0.0,0,0.0,0,0.0,0,0.0,0,0.0,0,0.0,0,0.0,0.00,0.0,0,0,0
1007337173,智R托管-合照的-白肌饮-系统-2.18,被计划暂停,审核通过,通投,商品7日总下单ROI,笔记（商品组件）,67528f0b0000000006014282,59cde3b9db2e6029a99da214,视频笔记,655d9f4416c8df0001a7b75d,智R托管-合集-白肌饮-系统-2.18,102086504,2025-02-18 10:31:29,0.00,0,0,0.0%,0.0,0.0,0,0.00,0.0,0,0,0.0,0,0,0.0,0,0.0,0,0.0,0,0.0,0,0.0,0,0.0,0,0.0,0,0.0,0,0.0,0,0.0,0.00,0.0,0,0,0
1004980906,智R托管-奚梦瑶33-AGX-系统-2.17,被计划暂停,审核通过,通投,商品7日总下单ROI,笔记（商品组件）,67a73ac0000000001800ee60,59cde3b9db2e6029a99da214,视频笔记,655d999b3214c000016712e8,智R托管-奚梦瑶33-AGX-系统-2.17,101980714,2025-02-17 17:25:55,0.00,0,0,0.0%,0.0,0.0,0,0.00,0.0,0,0,0.0,0,0,0.0,0,0.0,0,0.0,0,0.0,0,0.0,0,0.0,0,0.0,0,0.0,0,0.0,0,0.0,0.00,0.0,0,0,0
1004718169,智R托管-变白净-X白-系统-2.17,被计划暂停,审核通过,通投,商品7日总下单ROI,笔记（商品组件）,67232174000000003c015a8b,59cde3b9db2e6029a99da214,图文笔记,655ebf2c60fa1b0001dd2183,智R托管-潜力合集-X白-系统-2.17,101984853,2025-02-17 17:02:30,0.00,0,0,0.0%,0.0,0.0,0,0.00,0.0,0,0,0.0,0,0,0.0,0,0.0,0,0.0,0,0.0,0,0.0,0,0.0,0,0.0,0,0.0,0,0.0,0,0.0,0.00,0.0,0,0,0
1004660641,智R托管-斩黄气-X白-系统-2.17,被计划暂停,审核通过,通投,商品7日总下单ROI,笔记（商品组件）,67808042000000001703ce7b,59cde3b9db2e6029a99da214,图文笔记,655ebf2c60fa1b0001dd2183,智R托管-斩黄气-X白-系统-2.17,101979706,2025-02-17 17:00:14,0.00,0,0,0.0%,0.0,0.0,0,0.00,0.0,0,0,0.0,0,0,0.0,0,0.0,0,0.0,0,0.0,0,0.0,0,0.0,0,0.0,0,0.0,0,0.0,0,0.0,0.00,0.0,0,0,0
1004543989,智R托管-打破姨-X白-系统-2.17,暂停,审核通过,通投,商品7日总下单ROI,笔记（商品组件）,6709ca95000000002c02957b,59cde3b9db2e6029a99da214,图文笔记,655ebf2c60fa1b0001dd2183,智R托管-潜力合集-X白-系统-2.17,101984853,2025-02-17 16:57:00,0.00,0,0,0.0%,0.0,0.0,0,0.00,0.0,0,0,0.0,0,0,0.0,0,0.0,0,0.0,0,0.0,0,0.0,0,0.0,0,0.0,0,0.0,0,0.0,0,0.0,0.00,0.0,0,0,0
1004542699,智R托管-黑丑土-X白-系统-2.17,被计划暂停,审核通过,通投,商品7日总下单ROI,笔记（商品组件）,66d16f87000000001f03d511,59cde3b9db2e6029a99da214,图文笔记,655ebf2c60fa1b0001dd2183,智R托管-合集-X白-系统-2.17,101975214,2025-02-17 16:53:14,0.00,0,0,0.0%,0.0,0.0,0,0.00,0.0,0,0,0.0,0,0,0.0,0,0.0,0,0.0,0,0.0,0,0.0,0,0.0,0,0.0,0,0.0,0,0.0,0,0.0,0.00,0.0,0,0,0
1004542698,智R托管-须到位-X白-系统-2.17,暂停,审核通过,通投,商品7日总下单ROI,笔记（商品组件）,6777b32a000000000800feff,59cde3b9db2e6029a99da214,图文笔记,655ebf2c60fa1b0001dd2183,智R托管-合集-X白-系统-2.17,101975214,2025-02-17 16:53:14,0.00,0,0,0.0%,0.0,0.0,0,0.00,0.0,0,0,0.0,0,0,0.0,0,0.0,0,0.0,0,0.0,0,0.0,0,0.0,0,0.0,0,0.0,0,0.0,0,0.0,0.00,0.0,0,0,0
1004651183,智R托管-贵妇甄-X白-系统-2.17,暂停,审核通过,通投,商品7日总下单ROI,笔记（商品组件）,662b31d0000000001c007330,59cde3b9db2e6029a99da214,图文笔记,655ebf2c60fa1b0001dd2183,智R托管-优质合集-X白-系统-2.17-1,101979173,2025-02-17 16:47:16,0.00,0,0,0.0%,0.0,0.0,0,0.00,0.0,0,0,0.0,0,0,0.0,0,0.0,0,0.0,0,0.0,0,0.0,0,0.0,0,0.0,0,0.0,0,0.0,0,0.0,0.00,0.0,0,0,0
1004651182,智R托管-养成半-X白-系统-2.17,暂停,审核通过,通投,商品7日总下单ROI,笔记（商品组件）,66f52544000000002c014fe6,59cde3b9db2e6029a99da214,视频笔记,655ebf2c60fa1b0001dd2183,智R托管-优质合集-X白-系统-2.17-1,101979173,2025-02-17 16:47:16,0.00,0,0,0.0%,0.0,0.0,0,0.00,0.0,0,0,0.0,0,0,0.0,0,0.0,0,0.0,0,0.0,0,0.0,0,0.0,0,0.0,0,0.0,0,0.0,0,0.0,0.00,0.0,0,0,0
1004573565,智R托管-依旧亮-白肌饮-系统-2.17,暂停,审核通过,通投,商品7日总下单ROI,笔记（商品组件）,6708c455000000002c02e4fc,59cde3b9db2e6029a99da214,视频笔记,655d9f4416c8df0001a7b75d,智R托管-合集-白肌饮-系统-2.17,101968516,2025-02-17 16:26:54,0.00,0,0,0.0%,0.0,0.0,0,0.00,0.0,0,0,0.0,0,0,0.0,0,0.0,0,0.0,0,0.0,0,0.0,0,0.0,0,0.0,0,0.0,0,0.0,0,0.0,0.00,0.0,0,0,0
1004573564,智R托管-贵妇圈-白肌饮-系统-2.17,暂停,审核通过,通投,商品7日总下单ROI,笔记（商品组件）,671efaec000000001b02fcaa,59cde3b9db2e6029a99da214,视频笔记,655d9f4416c8df0001a7b75d,智R托管-合集-白肌饮-系统-2.17,101968516,2025-02-17 16:26:54,0.00,0,0,0.0%,0.0,0.0,0,0.00,0.0,0,0,0.0,0,0,0.0,0,0.0,0,0.0,0,0.0,0,0.0,0,0.0,0,0.0,0,0.0,0,0.0,0,0.0,0.00,0.0,0,0,0
1004573563,智R托管-全身雪-白肌饮-系统-2.17,被计划暂停,审核通过,通投,商品7日总下单ROI,笔记（商品组件）,65fab5c6000000001203689f,59cde3b9db2e6029a99da214,图文笔记,655d9f4416c8df0001a7b75d,智R托管-合集-白肌饮-系统-2.17,101968516,2025-02-17 16:26:54,0.00,0,0,0.0%,0.0,0.0,0,0.00,0.0,0,0,0.0,0,0,0.0,0,0.0,0,0.0,0,0.0,0,0.0,0,0.0,0,0.0,0,0.0,0,0.0,0,0.0,0.00,0.0,0,0,0
989662433,智R托管-奚梦瑶29-AGX-系统-2.13,被计划暂停,审核通过,通投,商品7日总下单ROI,笔记（商品组件）,6791f3480000000017039610,59cde3b9db2e6029a99da214,图文笔记,655d999b3214c000016712e8,智R托管-奚梦瑶合集2-AGX-系统-2.13,101376846,2025-02-13 15:53:00,0.00,0,0,0.0%,0.0,0.0,0,0.00,0.0,0,0,0.0,0,0,0.0,0,0.0,0,0.0,0,0.0,0,0.0,0,0.0,0,0.0,0,0.0,0,0.0,0,0.0,0.00,0.0,0,0,0
989662432,智R托管-奚梦瑶24-AGX-系统-2.13,暂停,审核通过,通投,商品7日总下单ROI,笔记（商品组件）,6780bf000000000017039500,59cde3b9db2e6029a99da214,图文笔记,655d999b3214c000016712e8,智R托管-奚梦瑶合集2-AGX-系统-2.13,101376846,2025-02-13 15:53:00,0.00,0,0,0.0%,0.0,0.0,0,0.00,0.0,0,0,0.0,0,0,0.0,0,0.0,0,0.0,0,0.0,0,0.0,0,0.0,0,0.0,0,0.0,0,0.0,0,0.0,0.00,0.0,0,0,0
989662431,智R托管-奚梦瑶18-AGX-系统-2.13,被计划暂停,审核通过,通投,商品7日总下单ROI,笔记（商品组件）,676df66f000000000b017758,59cde3b9db2e6029a99da214,图文笔记,655d999b3214c000016712e8,智R托管-奚梦瑶合集2-AGX-系统-2.13,101376846,2025-02-13 15:53:00,0.00,0,0,0.0%,0.0,0.0,0,0.00,0.0,0,0,0.0,0,0,0.0,0,0.0,0,0.0,0,0.0,0,0.0,0,0.0,0,0.0,0,0.0,0,0.0,0,0.0,0.00,0.0,0,0,0
989662430,智R托管-奚梦瑶23-AGX-系统-2.13,被计划暂停,审核通过,通投,商品7日总下单ROI,笔记（商品组件）,6780df31000000001703a5e0,59cde3b9db2e6029a99da214,视频笔记,655d999b3214c000016712e8,智R托管-奚梦瑶合集2-AGX-系统-2.13,101376846,2025-02-13 15:53:00,0.00,0,0,0.0%,0.0,0.0,0,0.00,0.0,0,0,0.0,0,0,0.0,0,0.0,0,0.0,0,0.0,0,0.0,0,0.0,0,0.0,0,0.0,0,0.0,0,0.0,0.00,0.0,0,0,0
989662429,智R托管-奚梦瑶28-AGX-系统-2.13,暂停,审核通过,通投,商品7日总下单ROI,笔记（商品组件）,678a1b100000000016022cc6,59cde3b9db2e6029a99da214,视频笔记,655d999b3214c000016712e8,智R托管-奚梦瑶合集2-AGX-系统-2.13,101376846,2025-02-13 15:53:00,0.00,0,0,0.0%,0.0,0.0,0,0.00,0.0,0,0,0.0,0,0,0.0,0,0.0,0,0.0,0,0.0,0,0.0,0,0.0,0,0.0,0,0.0,0,0.0,0,0.0,0.00,0.0,0,0,0
989662428,智R托管-奚梦瑶17-AGX-系统-2.13,被计划暂停,审核通过,通投,商品7日总下单ROI,笔记（商品组件）,676d4431000000000b00c81e,59cde3b9db2e6029a99da214,视频笔记,655d999b3214c000016712e8,智R托管-奚梦瑶合集2-AGX-系统-2.13,101376846,2025-02-13 15:53:00,0.00,0,0,0.0%,0.0,0.0,0,0.00,0.0,0,0,0.0,0,0,0.0,0,0.0,0,0.0,0,0.0,0,0.0,0,0.0,0,0.0,0,0.0,0,0.0,0,0.0,0.00,0.0,0,0,0
989662427,智R托管-奚梦瑶9-AGX-系统-2.13,被计划暂停,审核通过,通投,商品7日总下单ROI,笔记（商品组件）,67515acc000000000201925b,59cde3b9db2e6029a99da214,视频笔记,655d999b3214c000016712e8,智R托管-奚梦瑶合集2-AGX-系统-2.13,101376846,2025-02-13 15:53:00,0.00,0,0,0.0%,0.0,0.0,0,0.00,0.0,0,0,0.0,0,0,0.0,0,0.0,0,0.0,0,0.0,0,0.0,0,0.0,0,0.0,0,0.0,0,0.0,0,0.0,0.00,0.0,0,0,0
989662426,智R托管-奚梦瑶11-AGX-系统-2.13,被计划暂停,审核通过,通投,商品7日总下单ROI,笔记（商品组件）,675f81070000000002015dcb,59cde3b9db2e6029a99da214,视频笔记,655d999b3214c000016712e8,智R托管-奚梦瑶合集2-AGX-系统-2.13,101376846,2025-02-13 15:53:00,0.00,0,0,0.0%,0.0,0.0,0,0.00,0.0,0,0,0.0,0,0,0.0,0,0.0,0,0.0,0,0.0,0,0.0,0,0.0,0,0.0,0,0.0,0,0.0,0,0.0,0.00,0.0,0,0,0
989602290,智R托管-奚梦瑶2-AGX-系统-2.13,暂停,审核通过,通投,商品7日总下单ROI,笔记（商品组件）,67491541000000000201a5a7,59cde3b9db2e6029a99da214,视频笔记,655d999b3214c000016712e8,智R托管-奚梦瑶合集-AGX-系统-2.13,101391566,2025-02-13 15:45:41,0.00,0,0,0.0%,0.0,0.0,0,0.00,0.0,0,0,0.0,0,0,0.0,0,0.0,0,0.0,0,0.0,0,0.0,0,0.0,0,0.0,0,0.0,0,0.0,0,0.0,0.00,0.0,0,0,0
989602289,智R托管-奚梦瑶1-AGX-系统-2.13,暂停,审核通过,通投,商品7日总下单ROI,笔记（商品组件）,6745826b000000000202cce6,59cde3b9db2e6029a99da214,视频笔记,655d999b3214c000016712e8,智R托管-奚梦瑶合集-AGX-系统-2.13,101391566,2025-02-13 15:45:41,0.00,0,0,0.0%,0.0,0.0,0,0.00,0.0,0,0,0.0,0,0,0.0,0,0.0,0,0.0,0,0.0,0,0.0,0,0.0,0,0.0,0,0.0,0,0.0,0,0.0,0.00,0.0,0,0,0
989602288,智R托管-奚梦瑶13-AGX-系统-2.13,暂停,审核通过,通投,商品7日总下单ROI,笔记（商品组件）,675ffde2000000000b0162a9,59cde3b9db2e6029a99da214,视频笔记,655d999b3214c000016712e8,智R托管-奚梦瑶合集-AGX-系统-2.13,101391566,2025-02-13 15:45:41,0.00,0,0,0.0%,0.0,0.0,0,0.00,0.0,0,0,0.0,0,0,0.0,0,0.0,0,0.0,0,0.0,0,0.0,0,0.0,0,0.0,0,0.0,0,0.0,0,0.0,0.00,0.0,0,0,0
989602287,智R托管-奚梦瑶19-AGX-系统-2.13,被计划暂停,审核通过,通投,商品7日总下单ROI,笔记（商品组件）,67760714000000000b00f29e,59cde3b9db2e6029a99da214,图文笔记,655d999b3214c000016712e8,智R托管-奚梦瑶合集-AGX-系统-2.13,101391566,2025-02-13 15:45:41,0.00,0,0,0.0%,0.0,0.0,0,0.00,0.0,0,0,0.0,0,0,0.0,0,0.0,0,0.0,0,0.0,0,0.0,0,0.0,0,0.0,0,0.0,0,0.0,0,0.0,0.00,0.0,0,0,0
988068224,智R托管-变美法-白肌饮-系统-2.13,被计划暂停,审核通过,通投,商品7日总下单ROI,笔记（商品组件）,671b7968000000001b0133f3,59cde3b9db2e6029a99da214,图文笔记,655d9f4416c8df0001a7b75d,智R托管-合集-白肌饮-系统-2.13,101297501,2025-02-13 09:17:42,0.00,0,0,0.0%,0.0,0.0,0,0.00,0.0,0,0,0.0,0,0,0.0,0,0.0,0,0.0,0,0.0,0,0.0,0,0.0,0,0.0,0,0.0,0,0.0,0,0.0,0.00,0.0,0,0,0
988068223,智R托管-有冷皮-白肌饮-系统-2.13,被计划暂停,审核通过,通投,商品7日总下单ROI,笔记（商品组件）,672b0257000000003c014ae4,59cde3b9db2e6029a99da214,图文笔记,655d9f4416c8df0001a7b75d,智R托管-合集-白肌饮-系统-2.13,101297501,2025-02-13 09:17:42,0.00,0,0,0.0%,0.0,0.0,0,0.00,0.0,0,0,0.0,0,0,0.0,0,0.0,0,0.0,0,0.0,0,0.0,0,0.0,0,0.0,0,0.0,0,0.0,0,0.0,0.00,0.0,0,0,0
971053920,智R托管-奚梦瑶2-AGX-系统-2.5,被计划暂停,审核通过,通投,商品7日总下单ROI,笔记（商品组件）,67491541000000000201a5a7,59cde3b9db2e6029a99da214,视频笔记,655d999b3214c000016712e8,智R托管-奚梦瑶合集-AGX-系统-2.5,100184161,2025-02-08 11:58:50,0.00,0,0,0.0%,0.0,0.0,0,0.00,0.0,0,0,0.0,0,0,0.0,0,0.0,0,0.0,0,0.0,0,0.0,0,0.0,0,0.0,0,0.0,0,0.0,0,0.0,0.00,0.0,0,0,0
968353421,智R托管-轻松K-AGX-系统-2.7,被计划暂停,审核通过,通投,商品7日总下单ROI,笔记（商品组件）,66d02dc0000000001f0145e4,59cde3b9db2e6029a99da214,视频笔记,655d999b3214c000016712e8,智R托管-合集-AGX-系统-2.7,100478134,2025-02-07 15:05:18,0.00,0,0,0.0%,0.0,0.0,0,0.00,0.0,0,0,0.0,0,0,0.0,0,0.0,0,0.0,0,0.0,0,0.0,0,0.0,0,0.0,0,0.0,0,0.0,0,0.0,0.00,0.0,0,0,0
968074403,智R托管-吃的细糠-AGX-系统-2.7,被计划暂停,审核通过,通投,商品7日总下单ROI,笔记（商品组件）,672b059b000000003c01c09d,59cde3b9db2e6029a99da214,图文笔记,655d999b3214c000016712e8,智R托管-合集-AGX-系统-2.7,100478134,2025-02-07 14:19:49,0.00,0,0,0.0%,0.0,0.0,0,0.00,0.0,0,0,0.0,0,0,0.0,0,0.0,0,0.0,0,0.0,0,0.0,0,0.0,0,0.0,0,0.0,0,0.0,0,0.0,0.00,0.0,0,0,0
968074402,智R托管-肌爱惨-AGX-系统-2.7,暂停,审核拒绝,通投,商品7日总下单ROI,笔记（商品组件）,672487b3000000001a035a71,59cde3b9db2e6029a99da214,视频笔记,655d999b3214c000016712e8,智R托管-合集-AGX-系统-2.7,100478134,2025-02-07 14:19:49,0.00,0,0,0.0%,0.0,0.0,0,0.00,0.0,0,0,0.0,0,0,0.0,0,0.0,0,0.0,0,0.0,0,0.0,0,0.0,0,0.0,0,0.0,0,0.0,0,0.0,0.00,0.0,0,0,0
968074401,智R托管-皮肤就-AGX-系统-2.7,暂停,审核通过,通投,商品7日总下单ROI,笔记（商品组件）,66f62a6a000000002a030272,59cde3b9db2e6029a99da214,视频笔记,655d999b3214c000016712e8,智R托管-合集-AGX-系统-2.7,100478134,2025-02-07 14:19:49,0.00,0,0,0.0%,0.0,0.0,0,0.00,0.0,0,0,0.0,0,0,0.0,0,0.0,0,0.0,0,0.0,0,0.0,0,0.0,0,0.0,0,0.0,0,0.0,0,0.0,0.00,0.0,0,0,0
968074400,智R托管-支搞定-AGX-系统-2.7,暂停,审核拒绝,通投,商品7日总下单ROI,笔记（商品组件）,6746f0ab000000000203a42e,59cde3b9db2e6029a99da214,视频笔记,655d999b3214c000016712e8,智R托管-合集-AGX-系统-2.7,100478134,2025-02-07 14:19:49,0.00,0,0,0.0%,0.0,0.0,0,0.00,0.0,0,0,0.0,0,0,0.0,0,0.0,0,0.0,0,0.0,0,0.0,0,0.0,0,0.0,0,0.0,0,0.0,0,0.0,0.00,0.0,0,0,0
961709467,智R托管-奚梦瑶1-AGX-系统-2.5,被计划暂停,审核通过,通投,商品7日总下单ROI,笔记（商品组件）,6745826b000000000202cce6,59cde3b9db2e6029a99da214,视频笔记,655d999b3214c000016712e8,智R托管-奚梦瑶1-AGX-系统-2.5,100184450,2025-02-05 15:46:25,0.00,0,0,0.0%,0.0,0.0,0,0.00,0.0,0,0,0.0,0,0,0.0,0,0.0,0,0.0,0,0.0,0,0.0,0,0.0,0,0.0,0,0.0,0,0.0,0,0.0,0.00,0.0,0,0,0
961704889,智R托管-奚梦瑶29-AGX-系统-2.5,被计划暂停,审核通过,通投,商品7日总下单ROI,笔记（商品组件）,6791f3480000000017039610,59cde3b9db2e6029a99da214,图文笔记,655d999b3214c000016712e8,智R托管-奚梦瑶合集-AGX-系统-2.5,100184161,2025-02-05 15:36:49,0.00,0,0,0.0%,0.0,0.0,0,0.00,0.0,0,0,0.0,0,0,0.0,0,0.0,0,0.0,0,0.0,0,0.0,0,0.0,0,0.0,0,0.0,0,0.0,0,0.0,0.00,0.0,0,0,0
961704888,智R托管-奚梦瑶24-AGX-系统-2.5,暂停,审核通过,通投,商品7日总下单ROI,笔记（商品组件）,6780bf000000000017039500,59cde3b9db2e6029a99da214,图文笔记,655d999b3214c000016712e8,智R托管-奚梦瑶合集-AGX-系统-2.5,100184161,2025-02-05 15:36:49,0.00,0,0,0.0%,0.0,0.0,0,0.00,0.0,0,0,0.0,0,0,0.0,0,0.0,0,0.0,0,0.0,0,0.0,0,0.0,0,0.0,0,0.0,0,0.0,0,0.0,0.00,0.0,0,0,0
961704887,智R托管-奚梦瑶18-AGX-系统-2.5,被计划暂停,审核通过,通投,商品7日总下单ROI,笔记（商品组件）,676df66f000000000b017758,59cde3b9db2e6029a99da214,图文笔记,655d999b3214c000016712e8,智R托管-奚梦瑶合集-AGX-系统-2.5,100184161,2025-02-05 15:36:49,0.00,0,0,0.0%,0.0,0.0,0,0.00,0.0,0,0,0.0,0,0,0.0,0,0.0,0,0.0,0,0.0,0,0.0,0,0.0,0,0.0,0,0.0,0,0.0,0,0.0,0.00,0.0,0,0,0
961923302,智R托管-奚梦瑶9-AGX-定向-2.5,被计划暂停,审核通过,通投,商品7日总下单ROI,笔记（商品组件）,67515acc000000000201925b,59cde3b9db2e6029a99da214,视频笔记,655d999b3214c000016712e8,智R托管-奚梦瑶合集-AGX-定向-2.5,100165332,2025-02-05 15:29:34,0.00,0,0,0.0%,0.0,0.0,0,0.00,0.0,0,0,0.0,0,0,0.0,0,0.0,0,0.0,0,0.0,0,0.0,0,0.0,0,0.0,0,0.0,0,0.0,0,0.0,0.00,0.0,0,0,0
961923301,智R托管-奚梦瑶23-AGX-定向-2.5,暂停,审核通过,通投,商品7日总下单ROI,笔记（商品组件）,6780df31000000001703a5e0,59cde3b9db2e6029a99da214,视频笔记,655d999b3214c000016712e8,智R托管-奚梦瑶合集-AGX-定向-2.5,100165332,2025-02-05 15:29:34,0.00,0,0,0.0%,0.0,0.0,0,0.00,0.0,0,0,0.0,0,0,0.0,0,0.0,0,0.0,0,0.0,0,0.0,0,0.0,0,0.0,0,0.0,0,0.0,0,0.0,0.00,0.0,0,0,0
961923300,智R托管-奚梦瑶28-AGX-定向-2.5,暂停,审核通过,通投,商品7日总下单ROI,笔记（商品组件）,678a1b100000000016022cc6,59cde3b9db2e6029a99da214,视频笔记,655d999b3214c000016712e8,智R托管-奚梦瑶合集-AGX-定向-2.5,100165332,2025-02-05 15:29:34,0.00,0,0,0.0%,0.0,0.0,0,0.00,0.0,0,0,0.0,0,0,0.0,0,0.0,0,0.0,0,0.0,0,0.0,0,0.0,0,0.0,0,0.0,0,0.0,0,0.0,0.00,0.0,0,0,0
961923299,智R托管-奚梦瑶24-AGX-定向-2.5,暂停,审核通过,通投,商品7日总下单ROI,笔记（商品组件）,6780bf000000000017039500,59cde3b9db2e6029a99da214,图文笔记,655d999b3214c000016712e8,智R托管-奚梦瑶合集-AGX-定向-2.5,100165332,2025-02-05 15:29:34,0.00,0,0,0.0%,0.0,0.0,0,0.00,0.0,0,0,0.0,0,0,0.0,0,0.0,0,0.0,0,0.0,0,0.0,0,0.0,0,0.0,0,0.0,0,0.0,0,0.0,0.00,0.0,0,0,0
961923298,智R托管-奚梦瑶17-AGX-定向-2.5,暂停,审核通过,通投,商品7日总下单ROI,笔记（商品组件）,676d4431000000000b00c81e,59cde3b9db2e6029a99da214,视频笔记,655d999b3214c000016712e8,智R托管-奚梦瑶合集-AGX-定向-2.5,100165332,2025-02-05 15:29:34,0.00,0,0,0.0%,0.0,0.0,0,0.00,0.0,0,0,0.0,0,0,0.0,0,0.0,0,0.0,0,0.0,0,0.0,0,0.0,0,0.0,0,0.0,0,0.0,0,0.0,0.00,0.0,0,0,0
961752225,智R托管-奚梦瑶11-AGX-系统-2.5,暂停,审核通过,通投,商品7日总下单ROI,笔记（商品组件）,675f81070000000002015dcb,59cde3b9db2e6029a99da214,视频笔记,655d999b3214c000016712e8,智R托管-奚梦瑶合集-AGX-系统-1.24,99297854,2025-02-05 15:22:20,0.00,0,0,0.0%,0.0,0.0,0,0.00,0.0,0,0,0.0,0,0,0.0,0,0.0,0,0.0,0,0.0,0,0.0,0,0.0,0,0.0,0,0.0,0,0.0,0,0.0,0.00,0.0,0,0,0
956705371,智R托管-快乐你-白肌饮-定向-2.3,暂停,审核通过,通投,商品7日总下单ROI,笔记（商品组件）,67502309000000000202fc81,59cde3b9db2e6029a99da214,视频笔记,655d9f4416c8df0001a7b75d,智R托管-合集-白肌饮-定向-2.3,99930357,2025-02-03 14:13:41,0.00,0,0,0.0%,0.0,0.0,0,0.00,0.0,0,0,0.0,0,0,0.0,0,0.0,0,0.0,0,0.0,0,0.0,0,0.0,0,0.0,0,0.0,0,0.0,0,0.0,0.00,0.0,0,0,0
956705370,智R托管-合照的-白肌饮-定向-2.3,被计划暂停,审核通过,通投,商品7日总下单ROI,笔记（商品组件）,67528f0b0000000006014282,59cde3b9db2e6029a99da214,视频笔记,655d9f4416c8df0001a7b75d,智R托管-合集-白肌饮-定向-2.3,99930357,2025-02-03 14:13:41,0.00,0,0,0.0%,0.0,0.0,0,0.00,0.0,0,0,0.0,0,0,0.0,0,0.0,0,0.0,0,0.0,0,0.0,0,0.0,0,0.0,0,0.0,0,0.0,0,0.0,0.00,0.0,0,0,0
956696533,智R托管-皮肤就-AGX-系统-2.3,暂停,审核通过,通投,商品7日总下单ROI,笔记（商品组件）,66f62a6a000000002a030272,59cde3b9db2e6029a99da214,视频笔记,655d999b3214c000016712e8,智R托管-优质合集-AGX-系统-2.3,99936172,2025-02-03 13:48:38,0.00,0,0,0.0%,0.0,0.0,0,0.00,0.0,0,0,0.0,0,0,0.0,0,0.0,0,0.0,0,0.0,0,0.0,0,0.0,0,0.0,0,0.0,0,0.0,0,0.0,0.00,0.0,0,0,0
956696532,智R托管-冻龄抗-AGX-系统-2.3,被计划暂停,审核通过,通投,商品7日总下单ROI,笔记（商品组件）,657ad4270000000038029574,59cde3b9db2e6029a99da214,图文笔记,655d999b3214c000016712e8,智R托管-优质合集-AGX-系统-2.3,99936172,2025-02-03 13:48:38,0.00,0,0,0.0%,0.0,0.0,0,0.00,0.0,0,0,0.0,0,0,0.0,0,0.0,0,0.0,0,0.0,0,0.0,0,0.0,0,0.0,0,0.0,0,0.0,0,0.0,0.00,0.0,0,0,0
956696531,智R托管-护肤的-AGX-系统-2.3,暂停,审核通过,通投,商品7日总下单ROI,笔记（商品组件）,6593e436000000001102c48f,59cde3b9db2e6029a99da214,图文笔记,655d999b3214c000016712e8,智R托管-优质合集-AGX-系统-2.3,99936172,2025-02-03 13:48:38,0.00,0,0,0.0%,0.0,0.0,0,0.00,0.0,0,0,0.0,0,0,0.0,0,0.0,0,0.0,0,0.0,0,0.0,0,0.0,0,0.0,0,0.0,0,0.0,0,0.0,0.00,0.0,0,0,0
956696530,智R托管-真后悔-AGX-系统-2.3,暂停,审核通过,通投,商品7日总下单ROI,笔记（商品组件）,6502bff7000000001f034f89,59cde3b9db2e6029a99da214,图文笔记,655d999b3214c000016712e8,智R托管-优质合集-AGX-系统-2.3,99936172,2025-02-03 13:48:38,0.00,0,0,0.0%,0.0,0.0,0,0.00,0.0,0,0,0.0,0,0,0.0,0,0.0,0,0.0,0,0.0,0,0.0,0,0.0,0,0.0,0,0.0,0,0.0,0,0.0,0.00,0.0,0,0,0
938903186,智R托管-奚梦瑶20-AGX-定向-1.24,暂停,审核拒绝,通投,商品7日总下单ROI,笔记（商品组件）,67766e30000000000b0169a2,59cde3b9db2e6029a99da214,图文笔记,655d999b3214c000016712e8,智R托管-奚梦瑶合集-AGX-定向-1.24,99281143,2025-01-24 17:20:05,0.00,0,0,0.0%,0.0,0.0,0,0.00,0.0,0,0,0.0,0,0,0.0,0,0.0,0,0.0,0,0.0,0,0.0,0,0.0,0,0.0,0,0.0,0,0.0,0,0.0,0.00,0.0,0,0,0
938903185,智R托管-奚梦瑶11-AGX-定向-1.24,被计划暂停,审核通过,通投,商品7日总下单ROI,笔记（商品组件）,675f81070000000002015dcb,59cde3b9db2e6029a99da214,视频笔记,655d999b3214c000016712e8,智R托管-奚梦瑶合集-AGX-定向-1.24,99281143,2025-01-24 17:20:05,0.00,0,0,0.0%,0.0,0.0,0,0.00,0.0,0,0,0.0,0,0,0.0,0,0.0,0,0.0,0,0.0,0,0.0,0,0.0,0,0.0,0,0.0,0,0.0,0,0.0,0.00,0.0,0,0,0
938898446,智R托管-奚梦瑶24-AGX-系统-1.24,暂停,审核通过,通投,商品7日总下单ROI,笔记（商品组件）,6780bf000000000017039500,59cde3b9db2e6029a99da214,图文笔记,655d999b3214c000016712e8,智R托管-奚梦瑶合集-AGX-系统-1.24,99297854,2025-01-24 17:04:13,0.00,0,0,0.0%,0.0,0.0,0,0.00,0.0,0,0,0.0,0,0,0.0,0,0.0,0,0.0,0,0.0,0,0.0,0,0.0,0,0.0,0,0.0,0,0.0,0,0.0,0.00,0.0,0,0,0
938898445,智R托管-奚梦瑶18-AGX-系统-1.24,暂停,审核通过,通投,商品7日总下单ROI,笔记（商品组件）,676df66f000000000b017758,59cde3b9db2e6029a99da214,图文笔记,655d999b3214c000016712e8,智R托管-奚梦瑶合集-AGX-系统-1.24,99297854,2025-01-24 17:04:13,0.00,0,0,0.0%,0.0,0.0,0,0.00,0.0,0,0,0.0,0,0,0.0,0,0.0,0,0.0,0,0.0,0,0.0,0,0.0,0,0.0,0,0.0,0,0.0,0,0.0,0.00,0.0,0,0,0
938898444,智R托管-奚梦瑶2-AGX-系统-1.24,暂停,审核通过,通投,商品7日总下单ROI,笔记（商品组件）,67491541000000000201a5a7,59cde3b9db2e6029a99da214,视频笔记,655d999b3214c000016712e8,智R托管-奚梦瑶合集-AGX-系统-1.24,99297854,2025-01-24 17:04:13,0.00,0,0,0.0%,0.0,0.0,0,0.00,0.0,0,0,0.0,0,0,0.0,0,0.0,0,0.0,0,0.0,0,0.0,0,0.0,0,0.0,0,0.0,0,0.0,0,0.0,0.00,0.0,0,0,0
938898443,智R托管-奚梦瑶17-AGX-系统-1.24,被计划暂停,审核通过,通投,商品7日总下单ROI,笔记（商品组件）,676d4431000000000b00c81e,59cde3b9db2e6029a99da214,视频笔记,655d999b3214c000016712e8,智R托管-奚梦瑶合集-AGX-系统-1.24,99297854,2025-01-24 17:04:13,0.00,0,0,0.0%,0.0,0.0,0,0.00,0.0,0,0,0.0,0,0,0.0,0,0.0,0,0.0,0,0.0,0,0.0,0,0.0,0,0.0,0,0.0,0,0.0,0,0.0,0.00,0.0,0,0,0
938898442,智R托管-奚梦瑶14-AGX-系统-1.24,被计划暂停,审核通过,通投,商品7日总下单ROI,笔记（商品组件）,6763e85c000000000800e342,59cde3b9db2e6029a99da214,视频笔记,655d999b3214c000016712e8,智R托管-奚梦瑶合集-AGX-系统-1.24,99297854,2025-01-24 17:04:13,0.00,0,0,0.0%,0.0,0.0,0,0.00,0.0,0,0,0.0,0,0,0.0,0,0.0,0,0.0,0,0.0,0,0.0,0,0.0,0,0.0,0,0.0,0,0.0,0,0.0,0.00,0.0,0,0,0
935009254,智R托管-喝出自-白肌饮-系统-1.15-本土乘风,被计划暂停,审核通过,通投,商品7日总下单ROI,笔记（商品组件）,6780c13c000000000203c64f,59cde3b9db2e6029a99da214,视频笔记,655d9f4416c8df0001a7b75d,智R托管-合集2-白肌饮-系统-1.14-本土乘风,97792366,2025-01-23 09:50:20,0.00,0,0,0.0%,0.0,0.0,0,0.00,0.0,0,0,0.0,0,0,0.0,0,0.0,0,0.0,0,0.0,0,0.0,0,0.0,0,0.0,0,0.0,0,0.0,0,0.0,0.00,0.0,0,0,0
930445983,智R托管-保持少-X白-系统-1.21-本土乘风-起量,被计划暂停,审核拒绝,通投,商品7日总下单ROI,笔记（商品组件）,64ef1dee000000002000041c,59cde3b9db2e6029a99da214,图文笔记,655ebf2c60fa1b0001dd2183,智R托管-合集-X白-系统-1.21-本土乘风-起量,98906919,2025-01-21 18:50:34,0.00,0,0,0.0%,0.0,0.0,0,0.00,0.0,0,0,0.0,0,0,0.0,0,0.0,0,0.0,0,0.0,0,0.0,0,0.0,0,0.0,0,0.0,0,0.0,0,0.0,0.00,0.0,0,0,0
930445982,智R托管-拒绝姨-X白-系统-1.21-本土乘风-起量,被计划暂停,审核通过,通投,商品7日总下单ROI,笔记（商品组件）,66f370c6000000002a036fee,59cde3b9db2e6029a99da214,图文笔记,655ebf2c60fa1b0001dd2183,智R托管-合集-X白-系统-1.21-本土乘风-起量,98906919,2025-01-21 18:50:34,0.00,0,0,0.0%,0.0,0.0,0,0.00,0.0,0,0,0.0,0,0,0.0,0,0.0,0,0.0,0,0.0,0,0.0,0,0.0,0,0.0,0,0.0,0,0.0,0,0.0,0.00,0.0,0,0,0
930057844,智R托管-辰亦儒22-AGX-定向-1.21,被计划暂停,审核通过,通投,商品7日总下单ROI,笔记（商品组件）,677e50e700000000170390cd,59cde3b9db2e6029a99da214,视频笔记,655d999b3214c000016712e8,智R托管-辰亦儒合集-AGX-定向-1.21,98866552,2025-01-21 16:03:35,0.00,0,0,0.0%,0.0,0.0,0,0.00,0.0,0,0,0.0,0,0,0.0,0,0.0,0,0.0,0,0.0,0,0.0,0,0.0,0,0.0,0,0.0,0,0.0,0,0.0,0.00,0.0,0,0,0
930057843,智R托管-辰亦儒18-AGX-定向-1.21,被计划暂停,审核通过,通投,商品7日总下单ROI,笔记（商品组件）,67590b01000000000102ac4c,59cde3b9db2e6029a99da214,视频笔记,655d999b3214c000016712e8,智R托管-辰亦儒合集-AGX-定向-1.21,98866552,2025-01-21 16:03:35,0.00,0,0,0.0%,0.0,0.0,0,0.00,0.0,0,0,0.0,0,0,0.0,0,0.0,0,0.0,0,0.0,0,0.0,0,0.0,0,0.0,0,0.0,0,0.0,0,0.0,0.00,0.0,0,0,0
930057842,智R托管-辰亦儒9-AGX-定向-1.21,被计划暂停,审核通过,通投,商品7日总下单ROI,笔记（商品组件）,6736b8f2000000001d03a467,59cde3b9db2e6029a99da214,视频笔记,655d999b3214c000016712e8,智R托管-辰亦儒合集-AGX-定向-1.21,98866552,2025-01-21 16:03:35,0.00,0,0,0.0%,0.0,0.0,0,0.00,0.0,0,0,0.0,0,0,0.0,0,0.0,0,0.0,0,0.0,0,0.0,0,0.0,0,0.0,0,0.0,0,0.0,0,0.0,0.00,0.0,0,0,0
930057841,智R托管-辰亦儒3-AGX-定向-1.21,被计划暂停,审核通过,通投,商品7日总下单ROI,笔记（商品组件）,67244faa000000001d03a72c,59cde3b9db2e6029a99da214,视频笔记,655d999b3214c000016712e8,智R托管-辰亦儒合集-AGX-定向-1.21,98866552,2025-01-21 16:03:35,0.00,0,0,0.0%,0.0,0.0,0,0.00,0.0,0,0,0.0,0,0,0.0,0,0.0,0,0.0,0,0.0,0,0.0,0,0.0,0,0.0,0,0.0,0,0.0,0,0.0,0.00,0.0,0,0,0
917227298,智R托管-嘭弹肌-X白-系统-1.17,暂停,审核通过,通投,商品7日总下单ROI,笔记（商品组件）,6614f41e000000001b01357e,59cde3b9db2e6029a99da214,视频笔记,655ebf2c60fa1b0001dd2183,智R托管-合集-X白-系统-1.17,98261325,2025-01-17 14:30:52,0.00,0,0,0.0%,0.0,0.0,0,0.00,0.0,0,0,0.0,0,0,0.0,0,0.0,0,0.0,0,0.0,0,0.0,0,0.0,0,0.0,0,0.0,0,0.0,0,0.0,0.00,0.0,0,0,0
917227297,智R托管-长期主-X白-系统-1.17,被计划暂停,审核通过,通投,商品7日总下单ROI,笔记（商品组件）,66e25c2e00000000270043ae,59cde3b9db2e6029a99da214,图文笔记,655ebf2c60fa1b0001dd2183,智R托管-合集-X白-系统-1.17,98261325,2025-01-17 14:30:52,0.00,0,0,0.0%,0.0,0.0,0,0.00,0.0,0,0,0.0,0,0,0.0,0,0.0,0,0.0,0,0.0,0,0.0,0,0.0,0,0.0,0,0.0,0,0.0,0,0.0,0.00,0.0,0,0,0
909936781,智R托管-过再等-X白-定向-1.15-本土乘风,暂停,审核通过,通投,商品7日总下单ROI,笔记（商品组件）,672c75a7000000003c01ec36,59cde3b9db2e6029a99da214,图文笔记,655ebf2c60fa1b0001dd2183,智R托管-合集-X白-定向-1.15-本土乘风,97955923,2025-01-15 15:54:26,0.00,0,0,0.0%,0.0,0.0,0,0.00,0.0,0,0,0.0,0,0,0.0,0,0.0,0,0.0,0,0.0,0,0.0,0,0.0,0,0.0,0,0.0,0,0.0,0,0.0,0.00,0.0,0,0,0
909936780,智R托管-产后疯-X白-定向-1.15-本土乘风,暂停,审核通过,通投,商品7日总下单ROI,笔记（商品组件）,665949a1000000000c01a7a8,59cde3b9db2e6029a99da214,视频笔记,655ebf2c60fa1b0001dd2183,智R托管-合集-X白-定向-1.15-本土乘风,97955923,2025-01-15 15:54:26,0.00,0,0,0.0%,0.0,0.0,0,0.00,0.0,0,0,0.0,0,0,0.0,0,0.0,0,0.0,0,0.0,0,0.0,0,0.0,0,0.0,0,0.0,0,0.0,0,0.0,0.00,0.0,0,0,0
909936779,智R托管-真的有-X白-定向-1.15-本土乘风,暂停,审核通过,通投,商品7日总下单ROI,笔记（商品组件）,67652843000000000900fe84,59cde3b9db2e6029a99da214,图文笔记,655ebf2c60fa1b0001dd2183,智R托管-合集-X白-定向-1.15-本土乘风,97955923,2025-01-15 15:54:26,0.00,0,0,0.0%,0.0,0.0,0,0.00,0.0,0,0,0.0,0,0,0.0,0,0.0,0,0.0,0,0.0,0,0.0,0,0.0,0,0.0,0,0.0,0,0.0,0,0.0,0.00,0.0,0,0,0
909936778,智R托管-紧跟上-X白-定向-1.15-本土乘风,被计划暂停,审核通过,通投,商品7日总下单ROI,笔记（商品组件）,65960506000000001e00ad0a,59cde3b9db2e6029a99da214,图文笔记,655ebf2c60fa1b0001dd2183,智R托管-合集-X白-定向-1.15-本土乘风,97955923,2025-01-15 15:54:26,0.00,0,0,0.0%,0.0,0.0,0,0.00,0.0,0,0,0.0,0,0,0.0,0,0.0,0,0.0,0,0.0,0,0.0,0,0.0,0,0.0,0,0.0,0,0.0,0,0.0,0.00,0.0,0,0,0
910035973,智R托管-拍都不怕-X白-系统-1.15-本土乘风,被计划暂停,审核通过,通投,商品7日总下单ROI,笔记（商品组件）,67514179000000000203afd1,59cde3b9db2e6029a99da214,视频笔记,655ebf2c60fa1b0001dd2183,智R托管-合集-X白-系统-1.15-本土乘风,97955718,2025-01-15 15:48:57,0.00,0,0,0.0%,0.0,0.0,0,0.00,0.0,0,0,0.0,0,0,0.0,0,0.0,0,0.0,0,0.0,0,0.0,0,0.0,0,0.0,0,0.0,0,0.0,0,0.0,0.00,0.0,0,0,0
910035972,智R托管-学女明-X白-系统-1.15-本土乘风,被计划暂停,审核拒绝,通投,商品7日总下单ROI,笔记（商品组件）,663c94a0000000001e0278ee,59cde3b9db2e6029a99da214,图文笔记,655ebf2c60fa1b0001dd2183,智R托管-合集-X白-系统-1.15-本土乘风,97955718,2025-01-15 15:48:57,0.00,0,0,0.0%,0.0,0.0,0,0.00,0.0,0,0,0.0,0,0,0.0,0,0.0,0,0.0,0,0.0,0,0.0,0,0.0,0,0.0,0,0.0,0,0.0,0,0.0,0.00,0.0,0,0,0
910035971,智R托管-紧跟上-X白-系统-1.15-本土乘风,暂停,审核通过,通投,商品7日总下单ROI,笔记（商品组件）,65960506000000001e00ad0a,59cde3b9db2e6029a99da214,图文笔记,655ebf2c60fa1b0001dd2183,智R托管-合集-X白-系统-1.15-本土乘风,97955718,2025-01-15 15:48:57,0.00,0,0,0.0%,0.0,0.0,0,0.00,0.0,0,0,0.0,0,0,0.0,0,0.0,0,0.0,0,0.0,0,0.0,0,0.0,0,0.0,0,0.0,0,0.0,0,0.0,0.00,0.0,0,0,0
910035970,智R托管-贵妇甄-X白-系统-1.15-本土乘风,暂停,审核通过,通投,商品7日总下单ROI,笔记（商品组件）,662b31d0000000001c007330,59cde3b9db2e6029a99da214,图文笔记,655ebf2c60fa1b0001dd2183,智R托管-合集-X白-系统-1.15-本土乘风,97955718,2025-01-15 15:48:57,0.00,0,0,0.0%,0.0,0.0,0,0.00,0.0,0,0,0.0,0,0,0.0,0,0.0,0,0.0,0,0.0,0,0.0,0,0.0,0,0.0,0,0.0,0,0.0,0,0.0,0.00,0.0,0,0,0
908733082,智R托管-决赛圈-白肌饮-系统-1.15-本土乘风,暂停,审核拒绝,通投,商品7日总下单ROI,笔记（商品组件）,67775b8e000000000b015097,59cde3b9db2e6029a99da214,视频笔记,655d9f4416c8df0001a7b75d,智R托管-合集2-白肌饮-系统-1.14-本土乘风,97792366,2025-01-15 10:40:44,0.00,0,0,0.0%,0.0,0.0,0,0.00,0.0,0,0,0.0,0,0,0.0,0,0.0,0,0.0,0,0.0,0,0.0,0,0.0,0,0.0,0,0.0,0,0.0,0,0.0,0.00,0.0,0,0,0
906477928,智R托管-变美法-白肌饮-系统-1.14-本土乘风,暂停,审核通过,通投,商品7日总下单ROI,笔记（商品组件）,671b7968000000001b0133f3,59cde3b9db2e6029a99da214,图文笔记,655d9f4416c8df0001a7b75d,智R托管-合集2-白肌饮-系统-1.14-本土乘风,97792366,2025-01-14 16:50:59,0.00,0,0,0.0%,0.0,0.0,0,0.00,0.0,0,0,0.0,0,0,0.0,0,0.0,0,0.0,0,0.0,0,0.0,0,0.0,0,0.0,0,0.0,0,0.0,0,0.0,0.00,0.0,0,0,0
906477927,智R托管-有冷皮-白肌饮-系统-1.14-本土乘风,被计划暂停,审核通过,通投,商品7日总下单ROI,笔记（商品组件）,672b0257000000003c014ae4,59cde3b9db2e6029a99da214,图文笔记,655d9f4416c8df0001a7b75d,智R托管-合集2-白肌饮-系统-1.14-本土乘风,97792366,2025-01-14 16:50:59,0.00,0,0,0.0%,0.0,0.0,0,0.00,0.0,0,0,0.0,0,0,0.0,0,0.0,0,0.0,0,0.0,0,0.0,0,0.0,0,0.0,0,0.0,0,0.0,0,0.0,0.00,0.0,0,0,0
906328073,智R托管-产后疯-X白-系统-1.10-本土乘风-视频,被计划暂停,审核通过,通投,商品7日总下单ROI,笔记（商品组件）,665949a1000000000c01a7a8,59cde3b9db2e6029a99da214,视频笔记,655ebf2c60fa1b0001dd2183,智R托管-视频合集-X白-系统-1.10-本土乘风-视频,97177408,2025-01-14 16:32:10,0.00,0,0,0.0%,0.0,0.0,0,0.00,0.0,0,0,0.0,0,0,0.0,0,0.0,0,0.0,0,0.0,0,0.0,0,0.0,0,0.0,0,0.0,0,0.0,0,0.0,0.00,0.0,0,0,0
905726762,智R托管-辰亦儒15-AGX-系统-1.14-本土乘风,暂停,审核通过,通投,商品7日总下单ROI,笔记（商品组件）,67481adc000000000202e8ca,59cde3b9db2e6029a99da214,视频笔记,655d999b3214c000016712e8,智R托管-辰亦儒合集-AGX-系统-1.14-本土乘风,97745640,2025-01-14 13:58:24,0.00,0,0,0.0%,0.0,0.0,0,0.00,0.0,0,0,0.0,0,0,0.0,0,0.0,0,0.0,0,0.0,0,0.0,0,0.0,0,0.0,0,0.0,0,0.0,0,0.0,0.00,0.0,0,0,0
905726761,智R托管-辰亦儒10-AGX-系统-1.14-本土乘风,暂停,审核通过,通投,商品7日总下单ROI,笔记（商品组件）,6736e5b7000000003c01bf61,59cde3b9db2e6029a99da214,图文笔记,655d999b3214c000016712e8,智R托管-辰亦儒合集-AGX-系统-1.14-本土乘风,97745640,2025-01-14 13:58:24,0.00,0,0,0.0%,0.0,0.0,0,0.00,0.0,0,0,0.0,0,0,0.0,0,0.0,0,0.0,0,0.0,0,0.0,0,0.0,0,0.0,0,0.0,0,0.0,0,0.0,0.00,0.0,0,0,0
905726760,智R托管-辰亦儒1-AGX-系统-1.14-本土乘风,暂停,审核拒绝,通投,商品7日总下单ROI,笔记（商品组件）,67242f20000000001d03a1c0,59cde3b9db2e6029a99da214,图文笔记,655d999b3214c000016712e8,智R托管-辰亦儒合集-AGX-系统-1.14-本土乘风,97745640,2025-01-14 13:58:24,0.00,0,0,0.0%,0.0,0.0,0,0.00,0.0,0,0,0.0,0,0,0.0,0,0.0,0,0.0,0,0.0,0,0.0,0,0.0,0,0.0,0,0.0,0,0.0,0,0.0,0.00,0.0,0,0,0
905726759,智R托管-辰亦儒5-AGX-系统-1.14-本土乘风,暂停,审核通过,通投,商品7日总下单ROI,笔记（商品组件）,672d6624000000003c01e410,59cde3b9db2e6029a99da214,视频笔记,655d999b3214c000016712e8,智R托管-辰亦儒合集-AGX-系统-1.14-本土乘风,97745640,2025-01-14 13:58:24,0.00,0,0,0.0%,0.0,0.0,0,0.00,0.0,0,0,0.0,0,0,0.0,0,0.0,0,0.0,0,0.0,0,0.0,0,0.0,0,0.0,0,0.0,0,0.0,0,0.0,0.00,0.0,0,0,0
905726758,智R托管-辰亦儒9-AGX-系统-1.14-本土乘风,被计划暂停,审核通过,通投,商品7日总下单ROI,笔记（商品组件）,6736b8f2000000001d03a467,59cde3b9db2e6029a99da214,视频笔记,655d999b3214c000016712e8,智R托管-辰亦儒合集-AGX-系统-1.14-本土乘风,97745640,2025-01-14 13:58:24,0.00,0,0,0.0%,0.0,0.0,0,0.00,0.0,0,0,0.0,0,0,0.0,0,0.0,0,0.0,0,0.0,0,0.0,0,0.0,0,0.0,0,0.0,0,0.0,0,0.0,0.00,0.0,0,0,0
905726757,智R托管-辰亦儒3-AGX-系统-1.14-本土乘风,被计划暂停,审核通过,通投,商品7日总下单ROI,笔记（商品组件）,67244faa000000001d03a72c,59cde3b9db2e6029a99da214,视频笔记,655d999b3214c000016712e8,智R托管-辰亦儒合集-AGX-系统-1.14-本土乘风,97745640,2025-01-14 13:58:24,0.00,0,0,0.0%,0.0,0.0,0,0.00,0.0,0,0,0.0,0,0,0.0,0,0.0,0,0.0,0,0.0,0,0.0,0,0.0,0,0.0,0,0.0,0,0.0,0,0.0,0.00,0.0,0,0,0
905018310,智R托管-轻松K-AGX-定向-1.14优化,被计划暂停,审核通过,通投,商品7日总下单ROI,笔记（商品组件）,66d02dc0000000001f0145e4,59cde3b9db2e6029a99da214,视频笔记,655d999b3214c000016712e8,智R托管-轻松K-AGX-定向-1.14优化,97714660,2025-01-14 10:36:03,0.00,0,0,0.0%,0.0,0.0,0,0.00,0.0,0,0,0.0,0,0,0.0,0,0.0,0,0.0,0,0.0,0,0.0,0,0.0,0,0.0,0,0.0,0,0.0,0,0.0,0.00,0.0,0,0,0
901694298,智R托管-换色号-白肌饮-系统-1.13-本土乘风,被计划暂停,审核通过,通投,商品7日总下单ROI,笔记（商品组件）,67120ba5000000001b02d886,59cde3b9db2e6029a99da214,视频笔记,655d9f4416c8df0001a7b75d,智R托管-合集2-白肌饮-系统-1.13-本土乘风,97588313,2025-01-13 11:52:49,0.00,0,0,0.0%,0.0,0.0,0,0.00,0.0,0,0,0.0,0,0,0.0,0,0.0,0,0.0,0,0.0,0,0.0,0,0.0,0,0.0,0,0.0,0,0.0,0,0.0,0.00,0.0,0,0,0
901694297,智R托管-灯泡肌-白肌饮-系统-1.13-本土乘风,被计划暂停,审核通过,通投,商品7日总下单ROI,笔记（商品组件）,66fa5aaa000000002c02b434,59cde3b9db2e6029a99da214,视频笔记,655d9f4416c8df0001a7b75d,智R托管-合集2-白肌饮-系统-1.13-本土乘风,97588313,2025-01-13 11:52:49,0.00,0,0,0.0%,0.0,0.0,0,0.00,0.0,0,0,0.0,0,0,0.0,0,0.0,0,0.0,0,0.0,0,0.0,0,0.0,0,0.0,0,0.0,0,0.0,0,0.0,0.00,0.0,0,0,0
901694296,智R托管-李亚男15-白肌饮-系统-1.13-本土乘风,被计划暂停,审核通过,通投,商品7日总下单ROI,笔记（商品组件）,66befdd50000000005023996,59cde3b9db2e6029a99da214,图文笔记,66aae159df61610001617a19,智R托管-合集2-白肌饮-系统-1.13-本土乘风,97588313,2025-01-13 11:52:49,0.00,0,0,0.0%,0.0,0.0,0,0.00,0.0,0,0,0.0,0,0,0.0,0,0.0,0,0.0,0,0.0,0,0.0,0,0.0,0,0.0,0,0.0,0,0.0,0,0.0,0.00,0.0,0,0,0
901694295,智R托管-你先亮-白肌饮-系统-1.13-本土乘风,被计划暂停,审核通过,通投,商品7日总下单ROI,笔记（商品组件）,66f67561000000002c02eed3,59cde3b9db2e6029a99da214,图文笔记,655d9f4416c8df0001a7b75d,智R托管-合集2-白肌饮-系统-1.13-本土乘风,97588313,2025-01-13 11:52:49,0.00,0,0,0.0%,0.0,0.0,0,0.00,0.0,0,0,0.0,0,0,0.0,0,0.0,0,0.0,0,0.0,0,0.0,0,0.0,0,0.0,0,0.0,0,0.0,0,0.0,0.00,0.0,0,0,0
901694294,智R托管-闪到没-白肌饮-系统-1.13-本土乘风,被计划暂停,审核通过,通投,商品7日总下单ROI,笔记（商品组件）,6719fe00000000001b012588,59cde3b9db2e6029a99da214,视频笔记,655d9f4416c8df0001a7b75d,智R托管-合集2-白肌饮-系统-1.13-本土乘风,97588313,2025-01-13 11:52:49,0.00,0,0,0.0%,0.0,0.0,0,0.00,0.0,0,0,0.0,0,0,0.0,0,0.0,0,0.0,0,0.0,0,0.0,0,0.0,0,0.0,0,0.0,0,0.0,0,0.0,0.00,0.0,0,0,0
901559666,智R托管-吃的细糠-AGX-定向-1.13-本土乘风,暂停,审核通过,通投,商品7日总下单ROI,笔记（商品组件）,672b059b000000003c01c09d,59cde3b9db2e6029a99da214,图文笔记,655d999b3214c000016712e8,智R托管-合集-AGX-定向-1.13-本土乘风,97565263,2025-01-13 11:30:07,0.00,0,0,0.0%,0.0,0.0,0,0.00,0.0,0,0,0.0,0,0,0.0,0,0.0,0,0.0,0,0.0,0,0.0,0,0.0,0,0.0,0,0.0,0,0.0,0,0.0,0.00,0.0,0,0,0
901559665,智R托管-肌爱惨-AGX-定向-1.13-本土乘风,被计划暂停,审核拒绝,通投,商品7日总下单ROI,笔记（商品组件）,672487b3000000001a035a71,59cde3b9db2e6029a99da214,视频笔记,655d999b3214c000016712e8,智R托管-合集-AGX-定向-1.13-本土乘风,97565263,2025-01-13 11:30:07,0.00,0,0,0.0%,0.0,0.0,0,0.00,0.0,0,0,0.0,0,0,0.0,0,0.0,0,0.0,0,0.0,0,0.0,0,0.0,0,0.0,0,0.0,0,0.0,0,0.0,0.00,0.0,0,0,0
901559664,智R托管-皮肤就-AGX-定向-1.13-本土乘风,暂停,审核通过,通投,商品7日总下单ROI,笔记（商品组件）,66f62a6a000000002a030272,59cde3b9db2e6029a99da214,视频笔记,655d999b3214c000016712e8,智R托管-合集-AGX-定向-1.13-本土乘风,97565263,2025-01-13 11:30:07,0.00,0,0,0.0%,0.0,0.0,0,0.00,0.0,0,0,0.0,0,0,0.0,0,0.0,0,0.0,0,0.0,0,0.0,0,0.0,0,0.0,0,0.0,0,0.0,0,0.0,0.00,0.0,0,0,0
901559663,智R托管-支搞定-AGX-定向-1.13-本土乘风-视觉视频,被计划暂停,审核拒绝,通投,商品7日总下单ROI,笔记（商品组件）,6746f0ab000000000203a42e,59cde3b9db2e6029a99da214,视频笔记,655d999b3214c000016712e8,智R托管-合集-AGX-定向-1.13-本土乘风,97565263,2025-01-13 11:30:07,0.00,0,0,0.0%,0.0,0.0,0,0.00,0.0,0,0,0.0,0,0,0.0,0,0.0,0,0.0,0,0.0,0,0.0,0,0.0,0,0.0,0,0.0,0,0.0,0,0.0,0.00,0.0,0,0,0
901726880,智R托管-奚梦瑶19-AGX-系统-1.13-本土乘风,被计划暂停,审核通过,通投,商品7日总下单ROI,笔记（商品组件）,67760714000000000b00f29e,59cde3b9db2e6029a99da214,图文笔记,655d999b3214c000016712e8,智R托管-奚梦瑶合集-AGX-系统-1.13-本土乘风,97587123,2025-01-13 11:20:43,0.00,0,0,0.0%,0.0,0.0,0,0.00,0.0,0,0,0.0,0,0,0.0,0,0.0,0,0.0,0,0.0,0,0.0,0,0.0,0,0.0,0,0.0,0,0.0,0,0.0,0.00,0.0,0,0,0
901726879,智R托管-奚梦瑶4-AGX-系统-1.13-本土乘风,暂停,审核拒绝,通投,商品7日总下单ROI,笔记（商品组件）,67491da80000000002028d3b,59cde3b9db2e6029a99da214,视频笔记,655d999b3214c000016712e8,智R托管-奚梦瑶合集-AGX-系统-1.13-本土乘风,97587123,2025-01-13 11:20:43,0.00,0,0,0.0%,0.0,0.0,0,0.00,0.0,0,0,0.0,0,0,0.0,0,0.0,0,0.0,0,0.0,0,0.0,0,0.0,0,0.0,0,0.0,0,0.0,0,0.0,0.00,0.0,0,0,0
901726878,智R托管-奚梦瑶14-AGX-系统-1.13-本土乘风,被计划暂停,审核通过,通投,商品7日总下单ROI,笔记（商品组件）,6763e85c000000000800e342,59cde3b9db2e6029a99da214,视频笔记,655d999b3214c000016712e8,智R托管-奚梦瑶合集-AGX-系统-1.13-本土乘风,97587123,2025-01-13 11:20:43,0.00,0,0,0.0%,0.0,0.0,0,0.00,0.0,0,0,0.0,0,0,0.0,0,0.0,0,0.0,0,0.0,0,0.0,0,0.0,0,0.0,0,0.0,0,0.0,0,0.0,0.00,0.0,0,0,0
901726877,智R托管-奚梦瑶9-AGX-系统-1.13-本土乘风,被计划暂停,审核通过,通投,商品7日总下单ROI,笔记（商品组件）,67515acc000000000201925b,59cde3b9db2e6029a99da214,视频笔记,655d999b3214c000016712e8,智R托管-奚梦瑶合集-AGX-系统-1.13-本土乘风,97587123,2025-01-13 11:20:43,0.00,0,0,0.0%,0.0,0.0,0,0.00,0.0,0,0,0.0,0,0,0.0,0,0.0,0,0.0,0,0.0,0,0.0,0,0.0,0,0.0,0,0.0,0,0.0,0,0.0,0.00,0.0,0,0,0
901726876,智R托管-奚梦瑶13-AGX-系统-1.13-本土乘风,暂停,审核通过,通投,商品7日总下单ROI,笔记（商品组件）,675ffde2000000000b0162a9,59cde3b9db2e6029a99da214,视频笔记,655d999b3214c000016712e8,智R托管-奚梦瑶合集-AGX-系统-1.13-本土乘风,97587123,2025-01-13 11:20:43,0.00,0,0,0.0%,0.0,0.0,0,0.00,0.0,0,0,0.0,0,0,0.0,0,0.0,0,0.0,0,0.0,0,0.0,0,0.0,0,0.0,0,0.0,0,0.0,0,0.0,0.00,0.0,0,0,0
901174706,智R托管-奚梦瑶1-AGX-系统-1.13-本土乘风,被计划暂停,审核通过,通投,商品7日总下单ROI,笔记（商品组件）,6745826b000000000202cce6,59cde3b9db2e6029a99da214,视频笔记,655d999b3214c000016712e8,智R托管-奚梦瑶1-AGX-系统-1.13-本土乘风,97543843,2025-01-13 10:37:53,0.00,0,0,0.0%,0.0,0.0,0,0.00,0.0,0,0,0.0,0,0,0.0,0,0.0,0,0.0,0,0.0,0,0.0,0,0.0,0,0.0,0,0.0,0,0.0,0,0.0,0.00,0.0,0,0,0
891940130,智R托管-护肤的-AGX-系统-1.10-本土乘风,被计划暂停,审核通过,通投,商品7日总下单ROI,笔记（商品组件）,6593e436000000001102c48f,59cde3b9db2e6029a99da214,图文笔记,655d999b3214c000016712e8,智R托管-护肤的-AGX-系统-1.10-本土乘风,97203653,2025-01-10 11:51:57,0.00,0,0,0.0%,0.0,0.0,0,0.00,0.0,0,0,0.0,0,0,0.0,0,0.0,0,0.0,0,0.0,0,0.0,0,0.0,0,0.0,0,0.0,0,0.0,0,0.0,0.00,0.0,0,0,0
891682375,智R托管-辰亦儒3-AGX-系统-1.10-本土乘风,被计划暂停,审核通过,通投,商品7日总下单ROI,笔记（商品组件）,67244faa000000001d03a72c,59cde3b9db2e6029a99da214,视频笔记,655d999b3214c000016712e8,智R托管-辰亦儒3-AGX-系统-1.10-本土乘风,97177541,2025-01-10 11:36:48,0.00,0,0,0.0%,0.0,0.0,0,0.00,0.0,0,0,0.0,0,0,0.0,0,0.0,0,0.0,0,0.0,0,0.0,0,0.0,0,0.0,0,0.0,0,0.0,0,0.0,0.00,0.0,0,0,0
891511557,智R托管-拉开差-X白-系统-1.10-本土乘风-视频,被计划暂停,审核通过,通投,商品7日总下单ROI,笔记（商品组件）,67403a3900000000020387c8,59cde3b9db2e6029a99da214,视频笔记,655ebf2c60fa1b0001dd2183,智R托管-视频合集-X白-系统-1.10-本土乘风-视频,97177408,2025-01-10 11:34:17,0.00,0,0,0.0%,0.0,0.0,0,0.00,0.0,0,0,0.0,0,0,0.0,0,0.0,0,0.0,0,0.0,0,0.0,0,0.0,0,0.0,0,0.0,0,0.0,0,0.0,0.00,0.0,0,0,0
891511556,智R托管-春我悟-X白-系统-1.10-本土乘风-视频,被计划暂停,审核拒绝,通投,商品7日总下单ROI,笔记（商品组件）,66d1349c000000001f03a5ec,59cde3b9db2e6029a99da214,视频笔记,655ebf2c60fa1b0001dd2183,智R托管-视频合集-X白-系统-1.10-本土乘风-视频,97177408,2025-01-10 11:34:17,0.00,0,0,0.0%,0.0,0.0,0,0.00,0.0,0,0,0.0,0,0,0.0,0,0.0,0,0.0,0,0.0,0,0.0,0,0.0,0,0.0,0,0.0,0,0.0,0,0.0,0.00,0.0,0,0,0
884590136,智R托管-变白净-X白-系统-1.8-本土乘风,被计划暂停,审核通过,通投,商品7日总下单ROI,笔记（商品组件）,67232174000000003c015a8b,59cde3b9db2e6029a99da214,图文笔记,655ebf2c60fa1b0001dd2183,智R托管-变白净-X白-系统-1.8-本土乘风,96914154,2025-01-08 14:19:35,0.00,0,0,0.0%,0.0,0.0,0,0.00,0.0,0,0,0.0,0,0,0.0,0,0.0,0,0.0,0,0.0,0,0.0,0,0.0,0,0.0,0,0.0,0,0.0,0,0.0,0.00,0.0,0,0,0
879634171,智R托管-赢一年-X白-系统-1.7-本土乘风-起量,暂停,审核通过,通投,商品7日总下单ROI,笔记（商品组件）,6763c97c000000000800dcf9,59cde3b9db2e6029a99da214,图文笔记,655ebf2c60fa1b0001dd2183,智R托管-合集-X白-系统-1.7-本土乘风-起量,96710710,2025-01-07 10:02:04,0.00,0,0,0.0%,0.0,0.0,0,0.00,0.0,0,0,0.0,0,0,0.0,0,0.0,0,0.0,0,0.0,0,0.0,0,0.0,0,0.0,0,0.0,0,0.0,0,0.0,0.00,0.0,0,0,0
879634170,智R托管-保持少-X白-系统-1.7-本土乘风-起量,被计划暂停,审核拒绝,通投,商品7日总下单ROI,笔记（商品组件）,64ef1dee000000002000041c,59cde3b9db2e6029a99da214,图文笔记,655ebf2c60fa1b0001dd2183,智R托管-合集-X白-系统-1.7-本土乘风-起量,96710710,2025-01-07 10:02:04,0.00,0,0,0.0%,0.0,0.0,0,0.00,0.0,0,0,0.0,0,0,0.0,0,0.0,0,0.0,0,0.0,0,0.0,0,0.0,0,0.0,0,0.0,0,0.0,0,0.0,0.00,0.0,0,0,0
879634169,智R托管-拒绝姨-X白-系统-1.7-本土乘风-起量,被计划暂停,审核通过,通投,商品7日总下单ROI,笔记（商品组件）,66f370c6000000002a036fee,59cde3b9db2e6029a99da214,图文笔记,655ebf2c60fa1b0001dd2183,智R托管-合集-X白-系统-1.7-本土乘风-起量,96710710,2025-01-07 10:02:04,0.00,0,0,0.0%,0.0,0.0,0,0.00,0.0,0,0,0.0,0,0,0.0,0,0.0,0,0.0,0,0.0,0,0.0,0,0.0,0,0.0,0,0.0,0,0.0,0,0.0,0.00,0.0,0,0,0
865504283,智R托管-快乐你-白肌饮-定向-1.3复制-本土乘风,被计划暂停,审核拒绝,通投,商品7日总下单ROI,笔记（商品组件）,67502309000000000202fc81,59cde3b9db2e6029a99da214,视频笔记,655d9f4416c8df0001a7b75d,智R托管-合集-白肌饮-定向-1.3复制-本土乘风,96185152,2025-01-03 09:37:08,0.00,0,0,0.0%,0.0,0.0,0,0.00,0.0,0,0,0.0,0,0,0.0,0,0.0,0,0.0,0,0.0,0,0.0,0,0.0,0,0.0,0,0.0,0,0.0,0,0.0,0.00,0.0,0,0,0
865504282,智R托管-合照的-白肌饮-定向-1.3复制-本土乘风,被计划暂停,审核通过,通投,商品7日总下单ROI,笔记（商品组件）,67528f0b0000000006014282,59cde3b9db2e6029a99da214,视频笔记,655d9f4416c8df0001a7b75d,智R托管-合集-白肌饮-定向-1.3复制-本土乘风,96185152,2025-01-03 09:37:08,0.00,0,0,0.0%,0.0,0.0,0,0.00,0.0,0,0,0.0,0,0,0.0,0,0.0,0,0.0,0,0.0,0,0.0,0,0.0,0,0.0,0,0.0,0,0.0,0,0.0,0.00,0.0,0,0,0
863005427,智R托管-点抗糖-AGX-系统-1.2-本土乘风,被计划暂停,审核通过,通投,商品7日总下单ROI,笔记（商品组件）,676d0dda000000000b017cd1,59cde3b9db2e6029a99da214,图文笔记,655d999b3214c000016712e8,智R托管-点抗糖-AGX-系统-1.2-本土乘风,96105701,2025-01-02 15:44:20,0.00,0,0,0.0%,0.0,0.0,0,0.00,0.0,0,0,0.0,0,0,0.0,0,0.0,0,0.0,0,0.0,0,0.0,0,0.0,0,0.0,0,0.0,0,0.0,0,0.0,0.00,0.0,0,0,0
862810324,智R托管-真后悔-AGX-系统-1.2-聚光转移,暂停,审核通过,通投,商品7日总下单ROI,笔记（商品组件）,6502bff7000000001f034f89,59cde3b9db2e6029a99da214,图文笔记,655d999b3214c000016712e8,智R托管-优质合集-AGX-系统-1.2-聚光转移,96072547,2025-01-02 14:08:25,0.00,0,0,0.0%,0.0,0.0,0,0.00,0.0,0,0,0.0,0,0,0.0,0,0.0,0,0.0,0,0.0,0,0.0,0,0.0,0,0.0,0,0.0,0,0.0,0,0.0,0.00,0.0,0,0,0
862810323,智R托管-冻龄抗-AGX-系统-1.2-聚光转移,被计划暂停,审核通过,通投,商品7日总下单ROI,笔记（商品组件）,657ad4270000000038029574,59cde3b9db2e6029a99da214,图文笔记,655d999b3214c000016712e8,智R托管-优质合集-AGX-系统-1.2-聚光转移,96072547,2025-01-02 14:08:25,0.00,0,0,0.0%,0.0,0.0,0,0.00,0.0,0,0,0.0,0,0,0.0,0,0.0,0,0.0,0,0.0,0,0.0,0,0.0,0,0.0,0,0.0,0,0.0,0,0.0,0.00,0.0,0,0,0
862042763,智R托管-奚梦瑶6-AGX-定向-1.2-本土乘风,被计划暂停,审核拒绝,通投,商品7日总下单ROI,笔记（商品组件）,6749922a000000000201bd73,59cde3b9db2e6029a99da214,图文笔记,655d999b3214c000016712e8,智R托管-奚梦瑶6-AGX-定向-1.2-本土乘风,96068068,2025-01-02 11:18:19,0.00,0,0,0.0%,0.0,0.0,0,0.00,0.0,0,0,0.0,0,0,0.0,0,0.0,0,0.0,0,0.0,0,0.0,0,0.0,0,0.0,0,0.0,0,0.0,0,0.0,0.00,0.0,0,0,0
853363531,智R托管-辰亦儒20-AGX-定向-12.30-本土乘风,被计划暂停,审核通过,通投,商品7日总下单ROI,笔记（商品组件）,676e405a000000000800e02d,59cde3b9db2e6029a99da214,图文笔记,655d999b3214c000016712e8,智R托管-辰亦儒合集-AGX-定向-12.30-本土乘风,95694885,2024-12-30 17:08:19,0.00,0,0,0.0%,0.0,0.0,0,0.00,0.0,0,0,0.0,0,0,0.0,0,0.0,0,0.0,0,0.0,0,0.0,0,0.0,0,0.0,0,0.0,0,0.0,0,0.0,0.00,0.0,0,0,0
853363530,智R托管-辰亦儒19-AGX-定向-12.30-本土乘风,被计划暂停,审核通过,通投,商品7日总下单ROI,笔记（商品组件）,6762a4e6000000000b023eb0,59cde3b9db2e6029a99da214,图文笔记,655d999b3214c000016712e8,智R托管-辰亦儒合集-AGX-定向-12.30-本土乘风,95694885,2024-12-30 17:08:19,0.00,0,0,0.0%,0.0,0.0,0,0.00,0.0,0,0,0.0,0,0,0.0,0,0.0,0,0.0,0,0.0,0,0.0,0,0.0,0,0.0,0,0.0,0,0.0,0,0.0,0.00,0.0,0,0,0
853363529,智R托管-辰亦儒18-AGX-定向-12.30-本土乘风,被计划暂停,审核通过,通投,商品7日总下单ROI,笔记（商品组件）,67590b01000000000102ac4c,59cde3b9db2e6029a99da214,视频笔记,655d999b3214c000016712e8,智R托管-辰亦儒合集-AGX-定向-12.30-本土乘风,95694885,2024-12-30 17:08:19,0.00,0,0,0.0%,0.0,0.0,0,0.00,0.0,0,0,0.0,0,0,0.0,0,0.0,0,0.0,0,0.0,0,0.0,0,0.0,0,0.0,0,0.0,0,0.0,0,0.0,0.00,0.0,0,0,0
842550162,智R托管-辰亦儒6-AGX-定向-12.27-本土乘风,被计划暂停,审核通过,通投,商品7日总下单ROI,笔记（商品组件）,672d690f000000003c01fb52,59cde3b9db2e6029a99da214,视频笔记,655d999b3214c000016712e8,智R托管-辰亦儒6-AGX-定向-12.27-本土乘风,95292244,2024-12-27 14:32:50,0.00,0,0,0.0%,0.0,0.0,0,0.00,0.0,0,0,0.0,0,0,0.0,0,0.0,0,0.0,0,0.0,0,0.0,0,0.0,0,0.0,0,0.0,0,0.0,0,0.0,0.00,0.0,0,0,0
842064485,智R托管-奚梦瑶18-AGX-定向-12.27-本土乘风,被计划暂停,审核通过,通投,商品7日总下单ROI,笔记（商品组件）,676df66f000000000b017758,59cde3b9db2e6029a99da214,图文笔记,655d999b3214c000016712e8,智R托管-奚梦瑶合集-AGX-定向-12.27-本土乘风,95275866,2024-12-27 12:00:55,0.00,0,0,0.0%,0.0,0.0,0,0.00,0.0,0,0,0.0,0,0,0.0,0,0.0,0,0.0,0,0.0,0,0.0,0,0.0,0,0.0,0,0.0,0,0.0,0,0.0,0.00,0.0,0,0,0
842064484,智R托管-奚梦瑶17-AGX-定向-12.27-本土乘风,被计划暂停,审核通过,通投,商品7日总下单ROI,笔记（商品组件）,676d4431000000000b00c81e,59cde3b9db2e6029a99da214,视频笔记,655d999b3214c000016712e8,智R托管-奚梦瑶合集-AGX-定向-12.27-本土乘风,95275866,2024-12-27 12:00:55,0.00,0,0,0.0%,0.0,0.0,0,0.00,0.0,0,0,0.0,0,0,0.0,0,0.0,0,0.0,0,0.0,0,0.0,0,0.0,0,0.0,0,0.0,0,0.0,0,0.0,0.00,0.0,0,0,0
842064483,智R托管-奚梦瑶16-AGX-定向-12.27-本土乘风,被计划暂停,审核通过,通投,商品7日总下单ROI,笔记（商品组件）,676d2c48000000000b00ed79,59cde3b9db2e6029a99da214,视频笔记,655d999b3214c000016712e8,智R托管-奚梦瑶合集-AGX-定向-12.27-本土乘风,95275866,2024-12-27 12:00:55,0.00,0,0,0.0%,0.0,0.0,0,0.00,0.0,0,0,0.0,0,0,0.0,0,0.0,0,0.0,0,0.0,0,0.0,0,0.0,0,0.0,0,0.0,0,0.0,0,0.0,0.00,0.0,0,0,0
838440507,搜索托管-奚梦瑶11-AGX-关键词-12.26-乘风,被计划暂停,审核通过,搜索,商品7日总下单ROI,笔记（商品组件）,675f81070000000002015dcb,59cde3b9db2e6029a99da214,视频笔记,655d999b3214c000016712e8,搜索托管-奚梦瑶优质合集-AGX-关键词-12.26-乘风,95082640,2024-12-26 14:38:07,0.00,0,0,0.0%,0.0,0.0,0,0.00,0.0,0,0,0.0,0,0,0.0,0,0.0,0,0.0,0,0.0,0,0.0,0,0.0,0,0.0,0,0.0,0,0.0,0,0.0,0.00,0.0,0,0,0
838440506,搜索托管-奚梦瑶3-AGX-关键词-12.26-乘风,被计划暂停,审核通过,搜索,商品7日总下单ROI,笔记（商品组件）,6749187c0000000006017ada,59cde3b9db2e6029a99da214,图文笔记,655d999b3214c000016712e8,搜索托管-奚梦瑶优质合集-AGX-关键词-12.26-乘风,95082640,2024-12-26 14:38:07,0.00,0,0,0.0%,0.0,0.0,0,0.00,0.0,0,0,0.0,0,0,0.0,0,0.0,0,0.0,0,0.0,0,0.0,0,0.0,0,0.0,0,0.0,0,0.0,0,0.0,0.00,0.0,0,0,0
838440505,搜索托管-奚梦瑶1-AGX-关键词-12.26-乘风,暂停,审核通过,搜索,商品7日总下单ROI,笔记（商品组件）,6745826b000000000202cce6,59cde3b9db2e6029a99da214,视频笔记,655d999b3214c000016712e8,搜索托管-奚梦瑶优质合集-AGX-关键词-12.26-乘风,95082640,2024-12-26 14:38:07,0.00,0,0,0.0%,0.0,0.0,0,0.00,0.0,0,0,0.0,0,0,0.0,0,0.0,0,0.0,0,0.0,0,0.0,0,0.0,0,0.0,0,0.0,0,0.0,0,0.0,0.00,0.0,0,0,0
838488127,智R托管-奚梦瑶12-AGX-定向-12.26-乘风,暂停,审核通过,通投,商品7日总下单ROI,笔记（商品组件）,6760d7af000000000b00f71f,59cde3b9db2e6029a99da214,视频笔记,655d999b3214c000016712e8,智R托管-奚梦瑶合集2-AGX-定向-12.26-乘风,95086721,2024-12-26 14:32:10,0.00,0,0,0.0%,0.0,0.0,0,0.00,0.0,0,0,0.0,0,0,0.0,0,0.0,0,0.0,0,0.0,0,0.0,0,0.0,0,0.0,0,0.0,0,0.0,0,0.0,0.00,0.0,0,0,0
838488126,智R托管-奚梦瑶10-AGX-定向-12.26-乘风,暂停,审核通过,通投,商品7日总下单ROI,笔记（商品组件）,67515867000000000203ba8f,59cde3b9db2e6029a99da214,图文笔记,655d999b3214c000016712e8,智R托管-奚梦瑶合集2-AGX-定向-12.26-乘风,95086721,2024-12-26 14:32:10,0.00,0,0,0.0%,0.0,0.0,0,0.00,0.0,0,0,0.0,0,0,0.0,0,0.0,0,0.0,0,0.0,0,0.0,0,0.0,0,0.0,0,0.0,0,0.0,0,0.0,0.00,0.0,0,0,0
838488125,智R托管-奚梦瑶8-AGX-定向-12.26-乘风,暂停,审核拒绝,通投,商品7日总下单ROI,笔记（商品组件）,675150c9000000000202b486,59cde3b9db2e6029a99da214,图文笔记,655d999b3214c000016712e8,智R托管-奚梦瑶合集2-AGX-定向-12.26-乘风,95086721,2024-12-26 14:32:10,0.00,0,0,0.0%,0.0,0.0,0,0.00,0.0,0,0,0.0,0,0,0.0,0,0.0,0,0.0,0,0.0,0,0.0,0,0.0,0,0.0,0,0.0,0,0.0,0,0.0,0.00,0.0,0,0,0
838277977,智R托管-奚梦瑶14-AGX-定向-12.26-乘风,被计划暂停,审核通过,通投,商品7日总下单ROI,笔记（商品组件）,6763e85c000000000800e342,59cde3b9db2e6029a99da214,视频笔记,655d999b3214c000016712e8,智R托管-奚梦瑶合集-AGX-定向-12.26-乘风,95114811,2024-12-26 14:26:16,0.00,0,0,0.0%,0.0,0.0,0,0.00,0.0,0,0,0.0,0,0,0.0,0,0.0,0,0.0,0,0.0,0,0.0,0,0.0,0,0.0,0,0.0,0,0.0,0,0.0,0.00,0.0,0,0,0
838277976,智R托管-奚梦瑶15-AGX-定向-12.26-乘风,暂停,不满足审核条件,通投,商品7日总下单ROI,笔记（商品组件）,6764cda0000000000b023f5e,59cde3b9db2e6029a99da214,视频笔记,655d999b3214c000016712e8,智R托管-奚梦瑶合集-AGX-定向-12.26-乘风,95114811,2024-12-26 14:26:16,0.00,0,0,0.0%,0.0,0.0,0,0.00,0.0,0,0,0.0,0,0,0.0,0,0.0,0,0.0,0,0.0,0,0.0,0,0.0,0,0.0,0,0.0,0,0.0,0,0.0,0.00,0.0,0,0,0
838277975,智R托管-奚梦瑶9-AGX-定向-12.26-乘风,被计划暂停,审核通过,通投,商品7日总下单ROI,笔记（商品组件）,67515acc000000000201925b,59cde3b9db2e6029a99da214,视频笔记,655d999b3214c000016712e8,智R托管-奚梦瑶合集-AGX-定向-12.26-乘风,95114811,2024-12-26 14:26:16,0.00,0,0,0.0%,0.0,0.0,0,0.00,0.0,0,0,0.0,0,0,0.0,0,0.0,0,0.0,0,0.0,0,0.0,0,0.0,0,0.0,0,0.0,0,0.0,0,0.0,0.00,0.0,0,0,0
817179371,智R托管-护肤的-AGX-定向-12.20-本土乘风,被计划暂停,审核通过,通投,商品7日总下单ROI,笔记（商品组件）,6593e436000000001102c48f,59cde3b9db2e6029a99da214,图文笔记,655d999b3214c000016712e8,智R托管-护肤的-AGX-定向-12.20-本土乘风,94248095,2024-12-20 17:24:47,0.00,0,0,0.0%,0.0,0.0,0,0.00,0.0,0,0,0.0,0,0,0.0,0,0.0,0,0.0,0,0.0,0,0.0,0,0.0,0,0.0,0,0.0,0,0.0,0,0.0,0.00,0.0,0,0,0
807933136,智R托管-喝出来-白肌饮-系统-12.18-本土乘风,暂停,审核通过,通投,商品7日总下单ROI,笔记（商品组件）,675c07b1000000000103e2e9,59cde3b9db2e6029a99da214,图文笔记,655d9f4416c8df0001a7b75d,智R托管-合集-白肌饮-系统-12.18-本土乘风,93887293,2024-12-18 16:00:53,0.00,0,0,0.0%,0.0,0.0,0,0.00,0.0,0,0,0.0,0,0,0.0,0,0.0,0,0.0,0,0.0,0,0.0,0,0.0,0,0.0,0,0.0,0,0.0,0,0.0,0.00,0.0,0,0,0
807933135,智R托管-遇到了-白肌饮-系统-12.18-本土乘风,被计划暂停,审核拒绝,通投,商品7日总下单ROI,笔记（商品组件）,6740278b0000000006015db4,59cde3b9db2e6029a99da214,图文笔记,655d9f4416c8df0001a7b75d,智R托管-合集-白肌饮-系统-12.18-本土乘风,93887293,2024-12-18 16:00:53,0.00,0,0,0.0%,0.0,0.0,0,0.00,0.0,0,0,0.0,0,0,0.0,0,0.0,0,0.0,0,0.0,0,0.0,0,0.0,0,0.0,0,0.0,0,0.0,0,0.0,0.00,0.0,0,0,0
807933134,智R托管-快划走-白肌饮-系统-12.18-本土乘风,被计划暂停,审核通过,通投,商品7日总下单ROI,笔记（商品组件）,64dc83e9000000001700c3ff,59cde3b9db2e6029a99da214,图文笔记,655d9f4416c8df0001a7b75d,智R托管-合集-白肌饮-系统-12.18-本土乘风,93887293,2024-12-18 16:00:53,0.00,0,0,0.0%,0.0,0.0,0,0.00,0.0,0,0,0.0,0,0,0.0,0,0.0,0,0.0,0,0.0,0,0.0,0,0.0,0,0.0,0,0.0,0,0.0,0,0.0,0.00,0.0,0,0,0
808007007,搜索托管-秋冬黄-白肌饮-关键词-12.18复制-本土乘风,被计划暂停,审核通过,搜索,商品7日总下单ROI,笔记（商品组件）,6707886d000000002a0335eb,59cde3b9db2e6029a99da214,视频笔记,655d9f4416c8df0001a7b75d,搜索托管-合集2-白肌饮-关键词-12.18复制-本土乘风,93863377,2024-12-18 15:30:32,0.00,0,0,0.0%,0.0,0.0,0,0.00,0.0,0,0,0.0,0,0,0.0,0,0.0,0,0.0,0,0.0,0,0.0,0,0.0,0,0.0,0,0.0,0,0.0,0,0.0,0.00,0.0,0,0,0
808007006,搜索托管-韩女冷-白肌饮-关键词-12.18复制-本土乘风,被计划暂停,审核通过,搜索,商品7日总下单ROI,笔记（商品组件）,672db5bb000000003c019803,59cde3b9db2e6029a99da214,视频笔记,66aae159df61610001617a19,搜索托管-合集2-白肌饮-关键词-12.18复制-本土乘风,93863377,2024-12-18 15:30:32,0.00,0,0,0.0%,0.0,0.0,0,0.00,0.0,0,0,0.0,0,0,0.0,0,0.0,0,0.0,0,0.0,0,0.0,0,0.0,0,0.0,0,0.0,0,0.0,0,0.0,0.00,0.0,0,0,0
808007005,搜索托管-身白月-白肌饮-关键词-12.18复制-本土乘风,被计划暂停,审核通过,搜索,商品7日总下单ROI,笔记（商品组件）,670f79e50000000016023615,59cde3b9db2e6029a99da214,图文笔记,655d9f4416c8df0001a7b75d,搜索托管-合集2-白肌饮-关键词-12.18复制-本土乘风,93863377,2024-12-18 15:30:32,0.00,0,0,0.0%,0.0,0.0,0,0.00,0.0,0,0,0.0,0,0,0.0,0,0.0,0,0.0,0,0.0,0,0.0,0,0.0,0,0.0,0,0.0,0,0.0,0,0.0,0.00,0.0,0,0,0
808007004,搜索托管-闪到没-白肌饮-关键词-12.18复制-本土乘风,被计划暂停,审核通过,搜索,商品7日总下单ROI,笔记（商品组件）,6719fe00000000001b012588,59cde3b9db2e6029a99da214,视频笔记,655d9f4416c8df0001a7b75d,搜索托管-合集2-白肌饮-关键词-12.18复制-本土乘风,93863377,2024-12-18 15:30:32,0.00,0,0,0.0%,0.0,0.0,0,0.00,0.0,0,0,0.0,0,0,0.0,0,0.0,0,0.0,0,0.0,0,0.0,0,0.0,0,0.0,0,0.0,0,0.0,0,0.0,0.00,0.0,0,0,0
808007003,搜索托管-变美法-白肌饮-关键词-12.18复制-本土乘风,被计划暂停,审核通过,搜索,商品7日总下单ROI,笔记（商品组件）,671b7968000000001b0133f3,59cde3b9db2e6029a99da214,图文笔记,655d9f4416c8df0001a7b75d,搜索托管-合集2-白肌饮-关键词-12.18复制-本土乘风,93863377,2024-12-18 15:30:32,0.00,0,0,0.0%,0.0,0.0,0,0.00,0.0,0,0,0.0,0,0,0.0,0,0.0,0,0.0,0,0.0,0,0.0,0,0.0,0,0.0,0,0.0,0,0.0,0,0.0,0.00,0.0,0,0,0
807432678,搜索托管-轻松K-AGX-关键词-12.18-本土乘风,被计划暂停,审核通过,搜索,商品7日总下单ROI,笔记（商品组件）,66d02dc0000000001f0145e4,59cde3b9db2e6029a99da214,视频笔记,655d999b3214c000016712e8,搜索托管-优质合集-AGX-关键词-12.18-本土乘风,93852428,2024-12-18 14:05:24,0.00,0,0,0.0%,0.0,0.0,0,0.00,0.0,0,0,0.0,0,0,0.0,0,0.0,0,0.0,0,0.0,0,0.0,0,0.0,0,0.0,0,0.0,0,0.0,0,0.0,0.00,0.0,0,0,0
807432677,搜索托管-真后悔-AGX-关键词-12.18-本土乘风,暂停,审核通过,搜索,商品7日总下单ROI,笔记（商品组件）,6502bff7000000001f034f89,59cde3b9db2e6029a99da214,图文笔记,655d999b3214c000016712e8,搜索托管-优质合集-AGX-关键词-12.18-本土乘风,93852428,2024-12-18 14:05:24,0.00,0,0,0.0%,0.0,0.0,0,0.00,0.0,0,0,0.0,0,0,0.0,0,0.0,0,0.0,0,0.0,0,0.0,0,0.0,0,0.0,0,0.0,0,0.0,0,0.0,0.00,0.0,0,0,0
807432676,搜索托管-冻龄抗-AGX-关键词-12.18-本土乘风,被计划暂停,审核通过,搜索,商品7日总下单ROI,笔记（商品组件）,657ad4270000000038029574,59cde3b9db2e6029a99da214,图文笔记,655d999b3214c000016712e8,搜索托管-优质合集-AGX-关键词-12.18-本土乘风,93852428,2024-12-18 14:05:24,0.00,0,0,0.0%,0.0,0.0,0,0.00,0.0,0,0,0.0,0,0,0.0,0,0.0,0,0.0,0,0.0,0,0.0,0,0.0,0,0.0,0,0.0,0,0.0,0,0.0,0.00,0.0,0,0,0
807021022,智R托管-是正解-X白-定向-12.18-本土乘风,被计划暂停,审核通过,通投,商品7日总下单ROI,笔记（商品组件）,67524eb1000000000202f211,59cde3b9db2e6029a99da214,图文笔记,6603736196b9a1000150745d,智R托管-图文合集-X白-定向-12.18-本土乘风,93849150,2024-12-18 11:47:17,0.00,0,0,0.0%,0.0,0.0,0,0.00,0.0,0,0,0.0,0,0,0.0,0,0.0,0,0.0,0,0.0,0,0.0,0,0.0,0,0.0,0,0.0,0,0.0,0,0.0,0.00,0.0,0,0,0
807021021,智R托管-福袋打-X白-定向-12.18-本土乘风,被计划暂停,审核通过,通投,商品7日总下单ROI,笔记（商品组件）,675a343b0000000002027646,59cde3b9db2e6029a99da214,图文笔记,655ebf2c60fa1b0001dd2183,智R托管-图文合集-X白-定向-12.18-本土乘风,93849150,2024-12-18 11:47:17,0.00,0,0,0.0%,0.0,0.0,0,0.00,0.0,0,0,0.0,0,0,0.0,0,0.0,0,0.0,0,0.0,0,0.0,0,0.0,0,0.0,0,0.0,0,0.0,0,0.0,0.00,0.0,0,0,0
807021020,智R托管-成这样-X白-定向-12.18-本土乘风,被计划暂停,审核通过,通投,商品7日总下单ROI,笔记（商品组件）,6718ba0f000000001b0115a1,59cde3b9db2e6029a99da214,图文笔记,6705f6f44cd289000101e982,智R托管-图文合集-X白-定向-12.18-本土乘风,93849150,2024-12-18 11:47:17,0.00,0,0,0.0%,0.0,0.0,0,0.00,0.0,0,0,0.0,0,0,0.0,0,0.0,0,0.0,0,0.0,0,0.0,0,0.0,0,0.0,0,0.0,0,0.0,0,0.0,0.00,0.0,0,0,0
807013298,智R托管-小白花miu-定向-12.18-本土乘风,被计划暂停,审核通过,通投,商品7日总下单ROI,笔记（商品组件）,67590a13000000000102a0e3,59cde3b9db2e6029a99da214,视频笔记,655ebf2c60fa1b0001dd2183,智R托管-视频合集-X白-定向-12.18-本土乘风,93826016,2024-12-18 11:38:02,0.00,0,0,0.0%,0.0,0.0,0,0.00,0.0,0,0,0.0,0,0,0.0,0,0.0,0,0.0,0,0.0,0,0.0,0,0.0,0,0.0,0,0.0,0,0.0,0,0.0,0.00,0.0,0,0,0
807013297,智R托管-到擒来-X白-定向-12.18-本土乘风,暂停,审核通过,通投,商品7日总下单ROI,笔记（商品组件）,675016e8000000000203861c,59cde3b9db2e6029a99da214,视频笔记,655d999b3214c000016712e8,智R托管-视频合集-X白-定向-12.18-本土乘风,93826016,2024-12-18 11:38:02,0.00,0,0,0.0%,0.0,0.0,0,0.00,0.0,0,0,0.0,0,0,0.0,0,0.0,0,0.0,0,0.0,0,0.0,0,0.0,0,0.0,0,0.0,0,0.0,0,0.0,0.00,0.0,0,0,0
807013296,智R托管-拍摄日-X白-定向-12.18-本土乘风,暂停,审核通过,通投,商品7日总下单ROI,笔记（商品组件）,67579c210000000002024d64,59cde3b9db2e6029a99da214,视频笔记,655ebf2c60fa1b0001dd2183,智R托管-视频合集-X白-定向-12.18-本土乘风,93826016,2024-12-18 11:38:02,0.00,0,0,0.0%,0.0,0.0,0,0.00,0.0,0,0,0.0,0,0,0.0,0,0.0,0,0.0,0,0.0,0,0.0,0,0.0,0,0.0,0,0.0,0,0.0,0,0.0,0.00,0.0,0,0,0
806868958,智R托管-奚梦瑶12-AGX-定向-12.18-本土乘风,暂停,审核通过,通投,商品7日总下单ROI,笔记（商品组件）,6760d7af000000000b00f71f,59cde3b9db2e6029a99da214,视频笔记,655d999b3214c000016712e8,智R托管-奚梦瑶合集-AGX-定向-12.18-本土乘风,93787324,2024-12-18 10:33:18,0.00,0,0,0.0%,0.0,0.0,0,0.00,0.0,0,0,0.0,0,0,0.0,0,0.0,0,0.0,0,0.0,0,0.0,0,0.0,0,0.0,0,0.0,0,0.0,0,0.0,0.00,0.0,0,0,0
806868957,智R托管-奚梦瑶11-AGX-定向-12.18-本土乘风,被计划暂停,审核通过,通投,商品7日总下单ROI,笔记（商品组件）,675f81070000000002015dcb,59cde3b9db2e6029a99da214,视频笔记,655d999b3214c000016712e8,智R托管-奚梦瑶合集-AGX-定向-12.18-本土乘风,93787324,2024-12-18 10:33:18,0.00,0,0,0.0%,0.0,0.0,0,0.00,0.0,0,0,0.0,0,0,0.0,0,0.0,0,0.0,0,0.0,0,0.0,0,0.0,0,0.0,0,0.0,0,0.0,0,0.0,0.00,0.0,0,0,0
806744875,智R托管-奚梦瑶6-AGX-系统-12.18复制-本土乘风,暂停,审核拒绝,通投,商品7日总下单ROI,笔记（商品组件）,6749922a000000000201bd73,59cde3b9db2e6029a99da214,图文笔记,655d999b3214c000016712e8,智R托管-奚梦瑶合集-AGX-系统-12.18复制-本土乘风,93815226,2024-12-18 10:09:49,0.00,0,0,0.0%,0.0,0.0,0,0.00,0.0,0,0,0.0,0,0,0.0,0,0.0,0,0.0,0,0.0,0,0.0,0,0.0,0,0.0,0,0.0,0,0.0,0,0.0,0.00,0.0,0,0,0
806744874,智R托管-奚梦瑶5-AGX-系统-12.18复制-本土乘风,被计划暂停,审核通过,通投,商品7日总下单ROI,笔记（商品组件）,67491ed3000000000201b9f8,59cde3b9db2e6029a99da214,图文笔记,655d999b3214c000016712e8,智R托管-奚梦瑶合集-AGX-系统-12.18复制-本土乘风,93815226,2024-12-18 10:09:49,0.00,0,0,0.0%,0.0,0.0,0,0.00,0.0,0,0,0.0,0,0,0.0,0,0.0,0,0.0,0,0.0,0,0.0,0,0.0,0,0.0,0,0.0,0,0.0,0,0.0,0.00,0.0,0,0,0
806744873,智R托管-奚梦瑶4-AGX-系统-12.18复制-本土乘风,暂停,审核拒绝,通投,商品7日总下单ROI,笔记（商品组件）,67491da80000000002028d3b,59cde3b9db2e6029a99da214,视频笔记,655d999b3214c000016712e8,智R托管-奚梦瑶合集-AGX-系统-12.18复制-本土乘风,93815226,2024-12-18 10:09:49,0.00,0,0,0.0%,0.0,0.0,0,0.00,0.0,0,0,0.0,0,0,0.0,0,0.0,0,0.0,0,0.0,0,0.0,0,0.0,0,0.0,0,0.0,0,0.0,0,0.0,0.00,0.0,0,0,0
806744872,智R托管-奚梦瑶3-AGX-系统-12.18复制-本土乘风,暂停,审核通过,通投,商品7日总下单ROI,笔记（商品组件）,6749187c0000000006017ada,59cde3b9db2e6029a99da214,图文笔记,655d999b3214c000016712e8,智R托管-奚梦瑶合集-AGX-系统-12.18复制-本土乘风,93815226,2024-12-18 10:09:49,0.00,0,0,0.0%,0.0,0.0,0,0.00,0.0,0,0,0.0,0,0,0.0,0,0.0,0,0.0,0,0.0,0,0.0,0,0.0,0,0.0,0,0.0,0,0.0,0,0.0,0.00,0.0,0,0,0
784446139,智R托管-在这一-X白-定向-12.12复制-本土乘风-图文,暂停,审核通过,通投,商品7日总下单ROI,笔记（商品组件）,67087fd5000000002c01400b,59cde3b9db2e6029a99da214,图文笔记,6705f6f44cd289000101e982,智R托管-图文合集-X白-定向-12.12复制-本土乘风-图文,92911561,2024-12-12 11:11:45,0.00,0,0,0.0%,0.0,0.0,0,0.00,0.0,0,0,0.0,0,0,0.0,0,0.0,0,0.0,0,0.0,0,0.0,0,0.0,0,0.0,0,0.0,0,0.0,0,0.0,0.00,0.0,0,0,0
784446138,智R托管-都爱的-X白-定向-12.12复制-本土乘风-图文,被计划暂停,审核通过,通投,商品7日总下单ROI,笔记（商品组件）,66f61077000000002c02e160,59cde3b9db2e6029a99da214,图文笔记,655ebf2c60fa1b0001dd2183,智R托管-图文合集-X白-定向-12.12复制-本土乘风-图文,92911561,2024-12-12 11:11:45,0.00,0,0,0.0%,0.0,0.0,0,0.00,0.0,0,0,0.0,0,0,0.0,0,0.0,0,0.0,0,0.0,0,0.0,0,0.0,0,0.0,0,0.0,0,0.0,0,0.0,0.00,0.0,0,0,0
784446137,智R托管-过再等-X白-定向-12.12复制-本土乘风-图文,被计划暂停,审核通过,通投,商品7日总下单ROI,笔记（商品组件）,672c75a7000000003c01ec36,59cde3b9db2e6029a99da214,图文笔记,655ebf2c60fa1b0001dd2183,智R托管-图文合集-X白-定向-12.12复制-本土乘风-图文,92911561,2024-12-12 11:11:45,0.00,0,0,0.0%,0.0,0.0,0,0.00,0.0,0,0,0.0,0,0,0.0,0,0.0,0,0.0,0,0.0,0,0.0,0,0.0,0,0.0,0,0.0,0,0.0,0,0.0,0.00,0.0,0,0,0
784446136,智R托管-确养肤-X白-定向-12.12复制-本土乘风-图文,被计划暂停,审核通过,通投,商品7日总下单ROI,笔记（商品组件）,673db722000000000202d781,59cde3b9db2e6029a99da214,图文笔记,6705f6f44cd289000101e982,智R托管-图文合集-X白-定向-12.12复制-本土乘风-图文,92911561,2024-12-12 11:11:45,0.00,0,0,0.0%,0.0,0.0,0,0.00,0.0,0,0,0.0,0,0,0.0,0,0.0,0,0.0,0,0.0,0,0.0,0,0.0,0,0.0,0,0.0,0,0.0,0,0.0,0.00,0.0,0,0,0
784446135,智R托管-女娲-X白-定向-12.12复制-本土乘风-图文,被计划暂停,审核通过,通投,商品7日总下单ROI,笔记（商品组件）,67483209000000000202c773,59cde3b9db2e6029a99da214,图文笔记,655ebf2c60fa1b0001dd2183,智R托管-图文合集-X白-定向-12.12复制-本土乘风-图文,92911561,2024-12-12 11:11:45,0.00,0,0,0.0%,0.0,0.0,0,0.00,0.0,0,0,0.0,0,0,0.0,0,0.0,0,0.0,0,0.0,0,0.0,0,0.0,0,0.0,0,0.0,0,0.0,0,0.0,0.00,0.0,0,0,0
784036116,智R托管-蓝盈莹35-AGX-系统-12.12复制-本土乘风,被计划暂停,审核通过,通投,商品7日总下单ROI,笔记（商品组件）,67079e1d000000002c029382,59cde3b9db2e6029a99da214,视频笔记,655d999b3214c000016712e8,智R托管-蓝盈莹35-AGX-系统-12.12复制-本土乘风,92914719,2024-12-12 10:08:35,0.00,0,0,0.0%,0.0,0.0,0,0.00,0.0,0,0,0.0,0,0,0.0,0,0.0,0,0.0,0,0.0,0,0.0,0,0.0,0,0.0,0,0.0,0,0.0,0,0.0,0.00,0.0,0,0,0
782229480,智R托管-肌爱惨-AGX-系统-12.11-乘风,被计划暂停,审核拒绝,通投,商品7日总下单ROI,笔记（商品组件）,672487b3000000001a035a71,59cde3b9db2e6029a99da214,视频笔记,655d999b3214c000016712e8,智R托管-肌爱惨-AGX-系统-12.11-乘风,92850394,2024-12-11 18:26:09,0.00,0,0,0.0%,0.0,0.0,0,0.00,0.0,0,0,0.0,0,0,0.0,0,0.0,0,0.0,0,0.0,0,0.0,0,0.0,0,0.0,0,0.0,0,0.0,0,0.0,0.00,0.0,0,0,0
780429107,智R托管-拒绝姨-X白-定向-12.11-本土乘风-图文,被计划暂停,审核通过,通投,商品7日总下单ROI,笔记（商品组件）,66f370c6000000002a036fee,59cde3b9db2e6029a99da214,图文笔记,655ebf2c60fa1b0001dd2183,智R托管-图文合集1-X白-定向-12.11-本土乘风-图文,92769180,2024-12-11 11:21:48,0.00,0,0,0.0%,0.0,0.0,0,0.00,0.0,0,0,0.0,0,0,0.0,0,0.0,0,0.0,0,0.0,0,0.0,0,0.0,0,0.0,0,0.0,0,0.0,0,0.0,0.00,0.0,0,0,0
780429106,智R托管-养成透-X白-定向-12.11-本土乘风-图文,被计划暂停,审核通过,通投,商品7日总下单ROI,笔记（商品组件）,671109d5000000001b02ccaf,59cde3b9db2e6029a99da214,图文笔记,6705f6f44cd289000101e982,智R托管-图文合集1-X白-定向-12.11-本土乘风-图文,92769180,2024-12-11 11:21:48,0.00,0,0,0.0%,0.0,0.0,0,0.00,0.0,0,0,0.0,0,0,0.0,0,0.0,0,0.0,0,0.0,0,0.0,0,0.0,0,0.0,0,0.0,0,0.0,0,0.0,0.00,0.0,0,0,0
780429105,智R托管-连喝几-X白-定向-12.11-本土乘风-图文,被计划暂停,审核通过,通投,商品7日总下单ROI,笔记（商品组件）,673558c0000000003c0181f6,59cde3b9db2e6029a99da214,图文笔记,655ebf2c60fa1b0001dd2183,智R托管-图文合集1-X白-定向-12.11-本土乘风-图文,92769180,2024-12-11 11:21:48,0.00,0,0,0.0%,0.0,0.0,0,0.00,0.0,0,0,0.0,0,0,0.0,0,0.0,0,0.0,0,0.0,0,0.0,0,0.0,0,0.0,0,0.0,0,0.0,0,0.0,0.00,0.0,0,0,0
780429104,智R托管-春密码-X白-定向-12.11-本土乘风-图文,暂停,审核通过,通投,商品7日总下单ROI,笔记（商品组件）,671b4bfd000000001402e7b6,59cde3b9db2e6029a99da214,图文笔记,6705f6f44cd289000101e982,智R托管-图文合集1-X白-定向-12.11-本土乘风-图文,92769180,2024-12-11 11:21:48,0.00,0,0,0.0%,0.0,0.0,0,0.00,0.0,0,0,0.0,0,0,0.0,0,0.0,0,0.0,0,0.0,0,0.0,0,0.0,0,0.0,0,0.0,0,0.0,0,0.0,0.00,0.0,0,0,0
776564309,智R搜索-紧跟上-X白-系统-12.10复制-本土乘风,暂停,审核通过,搜索,商品7日总下单ROI,笔记（商品组件）,65960506000000001e00ad0a,59cde3b9db2e6029a99da214,图文笔记,655ebf2c60fa1b0001dd2183,智R搜索-优质合集-X白-系统-12.10复制-本土乘风,92579834,2024-12-10 11:49:23,0.00,0,0,0.0%,0.0,0.0,0,0.00,0.0,0,0,0.0,0,0,0.0,0,0.0,0,0.0,0,0.0,0,0.0,0,0.0,0,0.0,0,0.0,0,0.0,0,0.0,0.00,0.0,0,0,0
776564308,智R搜索-贵妇甄-X白-系统-12.10复制-本土乘风,暂停,审核通过,搜索,商品7日总下单ROI,笔记（商品组件）,662b31d0000000001c007330,59cde3b9db2e6029a99da214,图文笔记,655ebf2c60fa1b0001dd2183,智R搜索-优质合集-X白-系统-12.10复制-本土乘风,92579834,2024-12-10 11:49:23,0.00,0,0,0.0%,0.0,0.0,0,0.00,0.0,0,0,0.0,0,0,0.0,0,0.0,0,0.0,0,0.0,0,0.0,0,0.0,0,0.0,0,0.0,0,0.0,0,0.0,0.00,0.0,0,0,0
776247086,智R托管-试过了-白肌饮-定向-12.10-本土乘风,被计划暂停,审核通过,通投,商品7日总下单ROI,笔记（商品组件）,66c6ecec000000001f03cb96,59cde3b9db2e6029a99da214,图文笔记,66aae159df61610001617a19,智R托管-合集-白肌饮-定向-12.10-本土乘风,92578683,2024-12-10 11:22:17,0.00,0,0,0.0%,0.0,0.0,0,0.00,0.0,0,0,0.0,0,0,0.0,0,0.0,0,0.0,0,0.0,0,0.0,0,0.0,0,0.0,0,0.0,0,0.0,0,0.0,0.00,0.0,0,0,0
776247085,智R托管-皮信手-白肌饮-定向-12.10-本土乘风,被计划暂停,审核通过,通投,商品7日总下单ROI,笔记（商品组件）,674826bc0000000006015dd3,59cde3b9db2e6029a99da214,视频笔记,66aae159df61610001617a19,智R托管-合集-白肌饮-定向-12.10-本土乘风,92578683,2024-12-10 11:22:17,0.00,0,0,0.0%,0.0,0.0,0,0.00,0.0,0,0,0.0,0,0,0.0,0,0.0,0,0.0,0,0.0,0,0.0,0,0.0,0,0.0,0,0.0,0,0.0,0,0.0,0.00,0.0,0,0,0
776247084,智R托管-一百天-白肌饮-定向-12.10-本土乘风,被计划暂停,审核通过,通投,商品7日总下单ROI,笔记（商品组件）,6749b63e000000000202cbdb,59cde3b9db2e6029a99da214,视频笔记,655d9f4416c8df0001a7b75d,智R托管-合集-白肌饮-定向-12.10-本土乘风,92578683,2024-12-10 11:22:17,0.00,0,0,0.0%,0.0,0.0,0,0.00,0.0,0,0,0.0,0,0,0.0,0,0.0,0,0.0,0,0.0,0,0.0,0,0.0,0,0.0,0,0.0,0,0.0,0,0.0,0.00,0.0,0,0,0
776381237,智R托管-辰亦儒10-AGX-系统-12.10-本土乘风,暂停,审核通过,通投,商品7日总下单ROI,笔记（商品组件）,6736e5b7000000003c01bf61,59cde3b9db2e6029a99da214,图文笔记,655d999b3214c000016712e8,智R托管-辰亦儒合集-AGX-系统-12.10-本土乘风,92582961,2024-12-10 10:41:11,0.00,0,0,0.0%,0.0,0.0,0,0.00,0.0,0,0,0.0,0,0,0.0,0,0.0,0,0.0,0,0.0,0,0.0,0,0.0,0,0.0,0,0.0,0,0.0,0,0.0,0.00,0.0,0,0,0
776381236,智R托管-辰亦儒9-AGX-系统-12.10-本土乘风,暂停,审核通过,通投,商品7日总下单ROI,笔记（商品组件）,6736b8f2000000001d03a467,59cde3b9db2e6029a99da214,视频笔记,655d999b3214c000016712e8,智R托管-辰亦儒合集-AGX-系统-12.10-本土乘风,92582961,2024-12-10 10:41:11,0.00,0,0,0.0%,0.0,0.0,0,0.00,0.0,0,0,0.0,0,0,0.0,0,0.0,0,0.0,0,0.0,0,0.0,0,0.0,0,0.0,0,0.0,0,0.0,0,0.0,0.00,0.0,0,0,0
776381235,智R托管-辰亦儒17-AGX-系统-12.10-本土乘风,被计划暂停,审核通过,通投,商品7日总下单ROI,笔记（商品组件）,6751466f000000000201a1fd,59cde3b9db2e6029a99da214,图文笔记,655d999b3214c000016712e8,智R托管-辰亦儒合集-AGX-系统-12.10-本土乘风,92582961,2024-12-10 10:41:11,0.00,0,0,0.0%,0.0,0.0,0,0.00,0.0,0,0,0.0,0,0,0.0,0,0.0,0,0.0,0,0.0,0,0.0,0,0.0,0,0.0,0,0.0,0,0.0,0,0.0,0.00,0.0,0,0,0
776381234,智R托管-辰亦儒16-AGX-系统-12.10-本土乘风,暂停,审核通过,通投,商品7日总下单ROI,笔记（商品组件）,6750279200000000060162e5,59cde3b9db2e6029a99da214,视频笔记,655d999b3214c000016712e8,智R托管-辰亦儒合集-AGX-系统-12.10-本土乘风,92582961,2024-12-10 10:41:11,0.00,0,0,0.0%,0.0,0.0,0,0.00,0.0,0,0,0.0,0,0,0.0,0,0.0,0,0.0,0,0.0,0,0.0,0,0.0,0,0.0,0,0.0,0,0.0,0,0.0,0.00,0.0,0,0,0
772787384,智R托管-长期主-X白-系统-12.9复制-乘风,被计划暂停,审核通过,通投,商品7日总下单ROI,笔记（商品组件）,66e25c2e00000000270043ae,59cde3b9db2e6029a99da214,图文笔记,655ebf2c60fa1b0001dd2183,智R托管-合集-X白-系统-12.9复制-乘风,92413047,2024-12-09 11:48:09,0.00,0,0,0.0%,0.0,0.0,0,0.00,0.0,0,0,0.0,0,0,0.0,0,0.0,0,0.0,0,0.0,0,0.0,0,0.0,0,0.0,0,0.0,0,0.0,0,0.0,0.00,0.0,0,0,0
772787383,智R托管-秘籍学-X白-系统-12.9复制-乘风,暂停,审核通过,通投,商品7日总下单ROI,笔记（商品组件）,66ed577d000000002603cdf8,59cde3b9db2e6029a99da214,视频笔记,655ebf2c60fa1b0001dd2183,智R托管-合集-X白-系统-12.9复制-乘风,92413047,2024-12-09 11:48:09,0.00,0,0,0.0%,0.0,0.0,0,0.00,0.0,0,0,0.0,0,0,0.0,0,0.0,0,0.0,0,0.0,0,0.0,0,0.0,0,0.0,0,0.0,0,0.0,0,0.0,0.00,0.0,0,0,0
772723130,智R托管-秋冬黄-白肌饮-定向-12.9-本土乘风,暂停,审核通过,通投,商品7日总下单ROI,笔记（商品组件）,6707886d000000002a0335eb,59cde3b9db2e6029a99da214,视频笔记,655d9f4416c8df0001a7b75d,智R托管-合集-白肌饮-定向-12.9-本土乘风,92406801,2024-12-09 11:29:35,0.00,0,0,0.0%,0.0,0.0,0,0.00,0.0,0,0,0.0,0,0,0.0,0,0.0,0,0.0,0,0.0,0,0.0,0,0.0,0,0.0,0,0.0,0,0.0,0,0.0,0.00,0.0,0,0,0
772723129,智R托管-快乐你-白肌饮-定向-12.9-本土乘风,被计划暂停,审核拒绝,通投,商品7日总下单ROI,笔记（商品组件）,67502309000000000202fc81,59cde3b9db2e6029a99da214,视频笔记,655d9f4416c8df0001a7b75d,智R托管-合集-白肌饮-定向-12.9-本土乘风,92406801,2024-12-09 11:29:35,0.00,0,0,0.0%,0.0,0.0,0,0.00,0.0,0,0,0.0,0,0,0.0,0,0.0,0,0.0,0,0.0,0,0.0,0,0.0,0,0.0,0,0.0,0,0.0,0,0.0,0.00,0.0,0,0,0
772723128,智R托管-合照的-白肌饮-定向-12.9-本土乘风,被计划暂停,审核通过,通投,商品7日总下单ROI,笔记（商品组件）,67528f0b0000000006014282,59cde3b9db2e6029a99da214,视频笔记,655d9f4416c8df0001a7b75d,智R托管-合集-白肌饮-定向-12.9-本土乘风,92406801,2024-12-09 11:29:35,0.00,0,0,0.0%,0.0,0.0,0,0.00,0.0,0,0,0.0,0,0,0.0,0,0.0,0,0.0,0,0.0,0,0.0,0,0.0,0,0.0,0,0.0,0,0.0,0,0.0,0.00,0.0,0,0,0
772723127,智R托管-的捷径-白肌饮-定向-12.9-本土乘风,暂停,审核拒绝,通投,商品7日总下单ROI,笔记（商品组件）,67524b7d000000000201914c,59cde3b9db2e6029a99da214,图文笔记,655d9f4416c8df0001a7b75d,智R托管-合集-白肌饮-定向-12.9-本土乘风,92406801,2024-12-09 11:29:35,0.00,0,0,0.0%,0.0,0.0,0,0.00,0.0,0,0,0.0,0,0,0.0,0,0.0,0,0.0,0,0.0,0,0.0,0,0.0,0,0.0,0,0.0,0,0.0,0,0.0,0.00,0.0,0,0,0
772321068,智R托管-辰亦儒3-AGX-系统-12.9复制-本土乘风,被计划暂停,审核通过,通投,商品7日总下单ROI,笔记（商品组件）,67244faa000000001d03a72c,59cde3b9db2e6029a99da214,视频笔记,655d999b3214c000016712e8,智R托管-辰亦儒3-AGX-系统-12.9复制-本土乘风,92414943,2024-12-09 10:24:39,0.00,0,0,0.0%,0.0,0.0,0,0.00,0.0,0,0,0.0,0,0,0.0,0,0.0,0,0.0,0,0.0,0,0.0,0,0.0,0,0.0,0,0.0,0,0.0,0,0.0,0.00,0.0,0,0,0
764914401,智R托管-在这一-X白-定向-12.6-本土乘风-图文,暂停,审核通过,通投,商品7日总下单ROI,笔记（商品组件）,67087fd5000000002c01400b,59cde3b9db2e6029a99da214,图文笔记,6705f6f44cd289000101e982,智R托管-图文合集2-X白-定向-12.6-本土乘风-图文,92100898,2024-12-06 17:13:23,0.00,0,0,0.0%,0.0,0.0,0,0.00,0.0,0,0,0.0,0,0,0.0,0,0.0,0,0.0,0,0.0,0,0.0,0,0.0,0,0.0,0,0.0,0,0.0,0,0.0,0.00,0.0,0,0,0
764914400,智R托管-都爱的-X白-定向-12.6-本土乘风-图文,被计划暂停,审核通过,通投,商品7日总下单ROI,笔记（商品组件）,66f61077000000002c02e160,59cde3b9db2e6029a99da214,图文笔记,655ebf2c60fa1b0001dd2183,智R托管-图文合集2-X白-定向-12.6-本土乘风-图文,92100898,2024-12-06 17:13:23,0.00,0,0,0.0%,0.0,0.0,0,0.00,0.0,0,0,0.0,0,0,0.0,0,0.0,0,0.0,0,0.0,0,0.0,0,0.0,0,0.0,0,0.0,0,0.0,0,0.0,0.00,0.0,0,0,0
764914399,智R托管-过再等-X白-定向-12.6-本土乘风-图文,被计划暂停,审核通过,通投,商品7日总下单ROI,笔记（商品组件）,672c75a7000000003c01ec36,59cde3b9db2e6029a99da214,图文笔记,655ebf2c60fa1b0001dd2183,智R托管-图文合集2-X白-定向-12.6-本土乘风-图文,92100898,2024-12-06 17:13:23,0.00,0,0,0.0%,0.0,0.0,0,0.00,0.0,0,0,0.0,0,0,0.0,0,0.0,0,0.0,0,0.0,0,0.0,0,0.0,0,0.0,0,0.0,0,0.0,0,0.0,0.00,0.0,0,0,0
764914398,智R托管-确养肤-X白-定向-12.6-本土乘风-图文,被计划暂停,审核通过,通投,商品7日总下单ROI,笔记（商品组件）,673db722000000000202d781,59cde3b9db2e6029a99da214,图文笔记,6705f6f44cd289000101e982,智R托管-图文合集2-X白-定向-12.6-本土乘风-图文,92100898,2024-12-06 17:13:23,0.00,0,0,0.0%,0.0,0.0,0,0.00,0.0,0,0,0.0,0,0,0.0,0,0.0,0,0.0,0,0.0,0,0.0,0,0.0,0,0.0,0,0.0,0,0.0,0,0.0,0.00,0.0,0,0,0
764914397,智R托管-女娲-X白-定向-12.6-本土乘风-图文,被计划暂停,审核通过,通投,商品7日总下单ROI,笔记（商品组件）,67483209000000000202c773,59cde3b9db2e6029a99da214,图文笔记,655ebf2c60fa1b0001dd2183,智R托管-图文合集2-X白-定向-12.6-本土乘风-图文,92100898,2024-12-06 17:13:23,0.00,0,0,0.0%,0.0,0.0,0,0.00,0.0,0,0,0.0,0,0,0.0,0,0.0,0,0.0,0,0.0,0,0.0,0,0.0,0,0.0,0,0.0,0,0.0,0,0.0,0.00,0.0,0,0,0
765047159,智R托管-变白净-X白-定向-12.6-本土乘风-图文,暂停,审核通过,通投,商品7日总下单ROI,笔记（商品组件）,67232174000000003c015a8b,59cde3b9db2e6029a99da214,图文笔记,655ebf2c60fa1b0001dd2183,智R托管-图文合集1-X白-定向-12.6-本土乘风-图文,92088830,2024-12-06 17:10:30,0.00,0,0,0.0%,0.0,0.0,0,0.00,0.0,0,0,0.0,0,0,0.0,0,0.0,0,0.0,0,0.0,0,0.0,0,0.0,0,0.0,0,0.0,0,0.0,0,0.0,0.00,0.0,0,0,0
765047158,智R托管-拒绝姨-X白-定向-12.6-本土乘风-图文,被计划暂停,审核通过,通投,商品7日总下单ROI,笔记（商品组件）,66f370c6000000002a036fee,59cde3b9db2e6029a99da214,图文笔记,655ebf2c60fa1b0001dd2183,智R托管-图文合集1-X白-定向-12.6-本土乘风-图文,92088830,2024-12-06 17:10:30,0.00,0,0,0.0%,0.0,0.0,0,0.00,0.0,0,0,0.0,0,0,0.0,0,0.0,0,0.0,0,0.0,0,0.0,0,0.0,0,0.0,0,0.0,0,0.0,0,0.0,0.00,0.0,0,0,0
765047157,智R托管-养成透-X白-定向-12.6-本土乘风-图文,被计划暂停,审核通过,通投,商品7日总下单ROI,笔记（商品组件）,671109d5000000001b02ccaf,59cde3b9db2e6029a99da214,图文笔记,6705f6f44cd289000101e982,智R托管-图文合集1-X白-定向-12.6-本土乘风-图文,92088830,2024-12-06 17:10:30,0.00,0,0,0.0%,0.0,0.0,0,0.00,0.0,0,0,0.0,0,0,0.0,0,0.0,0,0.0,0,0.0,0,0.0,0,0.0,0,0.0,0,0.0,0,0.0,0,0.0,0.00,0.0,0,0,0
765047156,智R托管-连喝几-X白-定向-12.6-本土乘风-图文,被计划暂停,审核通过,通投,商品7日总下单ROI,笔记（商品组件）,673558c0000000003c0181f6,59cde3b9db2e6029a99da214,图文笔记,655ebf2c60fa1b0001dd2183,智R托管-图文合集1-X白-定向-12.6-本土乘风-图文,92088830,2024-12-06 17:10:30,0.00,0,0,0.0%,0.0,0.0,0,0.00,0.0,0,0,0.0,0,0,0.0,0,0.0,0,0.0,0,0.0,0,0.0,0,0.0,0,0.0,0,0.0,0,0.0,0,0.0,0.00,0.0,0,0,0
765047155,智R托管-春密码-X白-定向-12.6-本土乘风-图文,被计划暂停,审核通过,通投,商品7日总下单ROI,笔记（商品组件）,671b4bfd000000001402e7b6,59cde3b9db2e6029a99da214,图文笔记,6705f6f44cd289000101e982,智R托管-图文合集1-X白-定向-12.6-本土乘风-图文,92088830,2024-12-06 17:10:30,0.00,0,0,0.0%,0.0,0.0,0,0.00,0.0,0,0,0.0,0,0,0.0,0,0.0,0,0.0,0,0.0,0,0.0,0,0.0,0,0.0,0,0.0,0,0.0,0,0.0,0.00,0.0,0,0,0
764990782,智R托管-拉开差-X白-定向-12.6-本土乘风-视频,被计划暂停,审核通过,通投,商品7日总下单ROI,笔记（商品组件）,67403a3900000000020387c8,59cde3b9db2e6029a99da214,视频笔记,655ebf2c60fa1b0001dd2183,智R托管-视频合集-X白-定向-12.6-本土乘风-视频,92082969,2024-12-06 17:02:13,0.00,0,0,0.0%,0.0,0.0,0,0.00,0.0,0,0,0.0,0,0,0.0,0,0.0,0,0.0,0,0.0,0,0.0,0,0.0,0,0.0,0,0.0,0,0.0,0,0.0,0.00,0.0,0,0,0
764990781,智R托管-是束缚-X白-定向-12.6-本土乘风-视频,暂停,审核拒绝,通投,商品7日总下单ROI,笔记（商品组件）,6749387f0000000006014fa6,59cde3b9db2e6029a99da214,视频笔记,655ebf2c60fa1b0001dd2183,智R托管-视频合集-X白-定向-12.6-本土乘风-视频,92082969,2024-12-06 17:02:13,0.00,0,0,0.0%,0.0,0.0,0,0.00,0.0,0,0,0.0,0,0,0.0,0,0.0,0,0.0,0,0.0,0,0.0,0,0.0,0,0.0,0,0.0,0,0.0,0,0.0,0.00,0.0,0,0,0
764990780,智R托管-略来啦-X白-定向-12.6-本土乘风-视频,暂停,审核通过,通投,商品7日总下单ROI,笔记（商品组件）,6662a971000000001500b32a,59cde3b9db2e6029a99da214,视频笔记,655ebf2c60fa1b0001dd2183,智R托管-视频合集-X白-定向-12.6-本土乘风-视频,92082969,2024-12-06 17:02:13,0.00,0,0,0.0%,0.0,0.0,0,0.00,0.0,0,0,0.0,0,0,0.0,0,0.0,0,0.0,0,0.0,0,0.0,0,0.0,0,0.0,0,0.0,0,0.0,0,0.0,0.00,0.0,0,0,0
764990779,智R托管-春我悟-X白-定向-12.6-本土乘风-视频,被计划暂停,审核拒绝,通投,商品7日总下单ROI,笔记（商品组件）,66d1349c000000001f03a5ec,59cde3b9db2e6029a99da214,视频笔记,655ebf2c60fa1b0001dd2183,智R托管-视频合集-X白-定向-12.6-本土乘风-视频,92082969,2024-12-06 17:02:13,0.00,0,0,0.0%,0.0,0.0,0,0.00,0.0,0,0,0.0,0,0,0.0,0,0.0,0,0.0,0,0.0,0,0.0,0,0.0,0,0.0,0,0.0,0,0.0,0,0.0,0.00,0.0,0,0,0
764990778,智R托管-实测打-X白-定向-12.6-本土乘风-视频,暂停,审核通过,通投,商品7日总下单ROI,笔记（商品组件）,672207ab000000003c0142de,59cde3b9db2e6029a99da214,视频笔记,655ebf2c60fa1b0001dd2183,智R托管-视频合集-X白-定向-12.6-本土乘风-视频,92082969,2024-12-06 17:02:13,0.00,0,0,0.0%,0.0,0.0,0,0.00,0.0,0,0,0.0,0,0,0.0,0,0.0,0,0.0,0,0.0,0,0.0,0,0.0,0,0.0,0,0.0,0,0.0,0,0.0,0.00,0.0,0,0,0
764990777,智R托管-拍都不怕-X白-定向-12.6-本土乘风-视频,暂停,审核通过,通投,商品7日总下单ROI,笔记（商品组件）,67514179000000000203afd1,59cde3b9db2e6029a99da214,视频笔记,655ebf2c60fa1b0001dd2183,智R托管-视频合集-X白-定向-12.6-本土乘风-视频,92082969,2024-12-06 17:02:13,0.00,0,0,0.0%,0.0,0.0,0,0.00,0.0,0,0,0.0,0,0,0.0,0,0.0,0,0.0,0,0.0,0,0.0,0,0.0,0,0.0,0,0.0,0,0.0,0,0.0,0.00,0.0,0,0,0
761103040,智R托管-奚梦瑶10-AGX-系统-12.5-本土乘风-图文,暂停,审核通过,通投,商品7日总下单ROI,笔记（商品组件）,67515867000000000203ba8f,59cde3b9db2e6029a99da214,图文笔记,655d999b3214c000016712e8,智R托管-奚梦瑶合集-AGX-系统-12.5-本土乘风-图文,91922872,2024-12-05 17:27:56,0.00,0,0,0.0%,0.0,0.0,0,0.00,0.0,0,0,0.0,0,0,0.0,0,0.0,0,0.0,0,0.0,0,0.0,0,0.0,0,0.0,0,0.0,0,0.0,0,0.0,0.00,0.0,0,0,0
761103039,智R托管-奚梦瑶8-AGX-系统-12.5-本土乘风-图文,被计划暂停,审核拒绝,通投,商品7日总下单ROI,笔记（商品组件）,675150c9000000000202b486,59cde3b9db2e6029a99da214,图文笔记,655d999b3214c000016712e8,智R托管-奚梦瑶合集-AGX-系统-12.5-本土乘风-图文,91922872,2024-12-05 17:27:56,0.00,0,0,0.0%,0.0,0.0,0,0.00,0.0,0,0,0.0,0,0,0.0,0,0.0,0,0.0,0,0.0,0,0.0,0,0.0,0,0.0,0,0.0,0,0.0,0,0.0,0.00,0.0,0,0,0
761501779,智R托管-奚梦瑶9-AGX-系统-12.5-本土乘风,被计划暂停,审核通过,通投,商品7日总下单ROI,笔记（商品组件）,67515acc000000000201925b,59cde3b9db2e6029a99da214,视频笔记,655d999b3214c000016712e8,智R托管-奚梦瑶合集-AGX-系统-12.5-本土乘风,91922831,2024-12-05 17:27:05,0.00,0,0,0.0%,0.0,0.0,0,0.00,0.0,0,0,0.0,0,0,0.0,0,0.0,0,0.0,0,0.0,0,0.0,0,0.0,0,0.0,0,0.0,0,0.0,0,0.0,0.00,0.0,0,0,0
761501778,智R托管-奚梦瑶7-AGX-系统-12.5-本土乘风,被计划暂停,审核通过,通投,商品7日总下单ROI,笔记（商品组件）,67514df0000000000201b8d8,59cde3b9db2e6029a99da214,视频笔记,655d999b3214c000016712e8,智R托管-奚梦瑶合集-AGX-系统-12.5-本土乘风,91922831,2024-12-05 17:27:05,0.00,0,0,0.0%,0.0,0.0,0,0.00,0.0,0,0,0.0,0,0,0.0,0,0.0,0,0.0,0,0.0,0,0.0,0,0.0,0,0.0,0,0.0,0,0.0,0,0.0,0.00,0.0,0,0,0
760641585,智R托管-换色号-白肌饮-定向-12.5复制-本土乘风,暂停,审核通过,通投,商品7日总下单ROI,笔记（商品组件）,67120ba5000000001b02d886,59cde3b9db2e6029a99da214,视频笔记,655d9f4416c8df0001a7b75d,智R托管-合集2-白肌饮-定向-12.5复制-本土乘风,91858943,2024-12-05 15:30:47,0.00,0,0,0.0%,0.0,0.0,0,0.00,0.0,0,0,0.0,0,0,0.0,0,0.0,0,0.0,0,0.0,0,0.0,0,0.0,0,0.0,0,0.0,0,0.0,0,0.0,0.00,0.0,0,0,0
760641584,智R托管-灯泡肌-白肌饮-定向-12.5复制-本土乘风,暂停,审核通过,通投,商品7日总下单ROI,笔记（商品组件）,66fa5aaa000000002c02b434,59cde3b9db2e6029a99da214,视频笔记,655d9f4416c8df0001a7b75d,智R托管-合集2-白肌饮-定向-12.5复制-本土乘风,91858943,2024-12-05 15:30:47,0.00,0,0,0.0%,0.0,0.0,0,0.00,0.0,0,0,0.0,0,0,0.0,0,0.0,0,0.0,0,0.0,0,0.0,0,0.0,0,0.0,0,0.0,0,0.0,0,0.0,0.00,0.0,0,0,0
756171029,智R托管-奚梦瑶6-AGX-系统-12.23重启-本土乘风,暂停,审核拒绝,通投,商品7日总下单ROI,笔记（商品组件）,6749922a000000000201bd73,59cde3b9db2e6029a99da214,图文笔记,655d999b3214c000016712e8,智R托管-奚梦瑶合集-AGX-系统-12.23重启-本土乘风,91658925,2024-12-04 10:47:49,0.00,0,0,0.0%,0.0,0.0,0,0.00,0.0,0,0,0.0,0,0,0.0,0,0.0,0,0.0,0,0.0,0,0.0,0,0.0,0,0.0,0,0.0,0,0.0,0,0.0,0.00,0.0,0,0,0
756171028,智R托管-奚梦瑶5-AGX-系统-12.4-本土乘风,暂停,审核通过,通投,商品7日总下单ROI,笔记（商品组件）,67491ed3000000000201b9f8,59cde3b9db2e6029a99da214,图文笔记,655d999b3214c000016712e8,智R托管-奚梦瑶合集-AGX-系统-12.23重启-本土乘风,91658925,2024-12-04 10:47:49,0.00,0,0,0.0%,0.0,0.0,0,0.00,0.0,0,0,0.0,0,0,0.0,0,0.0,0,0.0,0,0.0,0,0.0,0,0.0,0,0.0,0,0.0,0,0.0,0,0.0,0.00,0.0,0,0,0
756171027,智R托管-奚梦瑶4-AGX-系统-12.4-本土乘风,暂停,审核拒绝,通投,商品7日总下单ROI,笔记（商品组件）,67491da80000000002028d3b,59cde3b9db2e6029a99da214,视频笔记,655d999b3214c000016712e8,智R托管-奚梦瑶合集-AGX-系统-12.23重启-本土乘风,91658925,2024-12-04 10:47:49,0.00,0,0,0.0%,0.0,0.0,0,0.00,0.0,0,0,0.0,0,0,0.0,0,0.0,0,0.0,0,0.0,0,0.0,0,0.0,0,0.0,0,0.0,0,0.0,0,0.0,0.00,0.0,0,0,0
756171026,智R托管-奚梦瑶3-AGX-系统-12.4-本土乘风,暂停,审核通过,通投,商品7日总下单ROI,笔记（商品组件）,6749187c0000000006017ada,59cde3b9db2e6029a99da214,图文笔记,655d999b3214c000016712e8,智R托管-奚梦瑶合集-AGX-系统-12.23重启-本土乘风,91658925,2024-12-04 10:47:49,0.00,0,0,0.0%,0.0,0.0,0,0.00,0.0,0,0,0.0,0,0,0.0,0,0.0,0,0.0,0,0.0,0,0.0,0,0.0,0,0.0,0,0.0,0,0.0,0,0.0,0.00,0.0,0,0,0
752923513,智R托管-感真能-AGX-定向-12.3-本土乘风,暂停,审核通过,通投,商品7日总下单ROI,笔记（商品组件）,6731a0db000000001a03456b,59cde3b9db2e6029a99da214,视频笔记,655d999b3214c000016712e8,智R托管-合集-AGX-定向-12.3-本土乘风,91465130,2024-12-03 11:02:42,0.00,0,0,0.0%,0.0,0.0,0,0.00,0.0,0,0,0.0,0,0,0.0,0,0.0,0,0.0,0,0.0,0,0.0,0,0.0,0,0.0,0,0.0,0,0.0,0,0.0,0.00,0.0,0,0,0
752923512,智R托管-支搞定-AGX-定向-12.3-本土乘风,被计划暂停,审核拒绝,通投,商品7日总下单ROI,笔记（商品组件）,6746f0ab000000000203a42e,59cde3b9db2e6029a99da214,视频笔记,655d999b3214c000016712e8,智R托管-合集-AGX-定向-12.3-本土乘风,91465130,2024-12-03 11:02:42,0.00,0,0,0.0%,0.0,0.0,0,0.00,0.0,0,0,0.0,0,0,0.0,0,0.0,0,0.0,0,0.0,0,0.0,0,0.0,0,0.0,0,0.0,0,0.0,0,0.0,0.00,0.0,0,0,0
751127550,智R托管-奚梦瑶1-AGX-系统-12.26重启-本土乘风,被计划暂停,审核通过,通投,商品7日总下单ROI,笔记（商品组件）,6745826b000000000202cce6,59cde3b9db2e6029a99da214,视频笔记,655d999b3214c000016712e8,智R托管-奚梦瑶1-AGX-系统-12.26重启-本土乘风,91396653,2024-12-02 17:41:41,0.00,0,0,0.0%,0.0,0.0,0,0.00,0.0,0,0,0.0,0,0,0.0,0,0.0,0,0.0,0,0.0,0,0.0,0,0.0,0,0.0,0,0.0,0,0.0,0,0.0,0.00,0.0,0,0,0
749545492,智R托管-奚梦瑶6-AGX-定向-12.2-本土乘风,暂停,审核拒绝,通投,商品7日总下单ROI,笔记（商品组件）,6749922a000000000201bd73,59cde3b9db2e6029a99da214,图文笔记,655d999b3214c000016712e8,智R托管-奚梦瑶合集2-AGX-定向-12.2-本土乘风,91329103,2024-12-02 11:01:58,0.00,0,0,0.0%,0.0,0.0,0,0.00,0.0,0,0,0.0,0,0,0.0,0,0.0,0,0.0,0,0.0,0,0.0,0,0.0,0,0.0,0,0.0,0,0.0,0,0.0,0.00,0.0,0,0,0
749545491,智R托管-奚梦瑶5-AGX-定向-12.2-本土乘风,被计划暂停,审核通过,通投,商品7日总下单ROI,笔记（商品组件）,67491ed3000000000201b9f8,59cde3b9db2e6029a99da214,图文笔记,655d999b3214c000016712e8,智R托管-奚梦瑶合集2-AGX-定向-12.2-本土乘风,91329103,2024-12-02 11:01:58,0.00,0,0,0.0%,0.0,0.0,0,0.00,0.0,0,0,0.0,0,0,0.0,0,0.0,0,0.0,0,0.0,0,0.0,0,0.0,0,0.0,0,0.0,0,0.0,0,0.0,0.00,0.0,0,0,0
749425017,智R托管-奚梦瑶4-AGX-定向-12.2-本土乘风,暂停,审核拒绝,通投,商品7日总下单ROI,笔记（商品组件）,67491da80000000002028d3b,59cde3b9db2e6029a99da214,视频笔记,655d999b3214c000016712e8,智R托管-奚梦瑶合集-AGX-定向-12.2-本土乘风,91305587,2024-12-02 10:57:54,0.00,0,0,0.0%,0.0,0.0,0,0.00,0.0,0,0,0.0,0,0,0.0,0,0.0,0,0.0,0,0.0,0,0.0,0,0.0,0,0.0,0,0.0,0,0.0,0,0.0,0.00,0.0,0,0,0
749425016,智R托管-奚梦瑶3-AGX-定向-12.2-本土乘风,被计划暂停,审核通过,通投,商品7日总下单ROI,笔记（商品组件）,6749187c0000000006017ada,59cde3b9db2e6029a99da214,图文笔记,655d999b3214c000016712e8,智R托管-奚梦瑶合集-AGX-定向-12.2-本土乘风,91305587,2024-12-02 10:57:54,0.00,0,0,0.0%,0.0,0.0,0,0.00,0.0,0,0,0.0,0,0,0.0,0,0.0,0,0.0,0,0.0,0,0.0,0,0.0,0,0.0,0,0.0,0,0.0,0,0.0,0.00,0.0,0,0,0
736684702,智R托管-阚清子9-AGX-系统-11.27复制-本土乘风,被计划暂停,审核通过(私密),通投,商品7日总下单ROI,笔记（商品组件）,672c9895000000001d03831a,59cde3b9db2e6029a99da214,视频笔记,655d999b3214c000016712e8,智R托管-阚清子合集-AGX-系统-11.27复制-本土乘风,90650920,2024-11-27 14:00:51,0.00,0,0,0.0%,0.0,0.0,0,0.00,0.0,0,0,0.0,0,0,0.0,0,0.0,0,0.0,0,0.0,0,0.0,0,0.0,0,0.0,0,0.0,0,0.0,0,0.0,0.00,0.0,0,0,0
736684701,智R托管-阚清子10-AGX-系统-11.27复制-本土乘风,被计划暂停,审核通过,通投,商品7日总下单ROI,笔记（商品组件）,672c994e000000003c01b928,59cde3b9db2e6029a99da214,视频笔记,6706865094a44c00014cb673,智R托管-阚清子合集-AGX-系统-11.27复制-本土乘风,90650920,2024-11-27 14:00:51,0.00,0,0,0.0%,0.0,0.0,0,0.00,0.0,0,0,0.0,0,0,0.0,0,0.0,0,0.0,0,0.0,0,0.0,0,0.0,0,0.0,0,0.0,0,0.0,0,0.0,0.00,0.0,0,0,0
736563879,智R托管-阚清子8-AGX-系统-11.27复制-本土乘风,被计划暂停,审核通过,通投,商品7日总下单ROI,笔记（商品组件）,672c97af000000001d03b906,59cde3b9db2e6029a99da214,视频笔记,655d999b3214c000016712e8,智R托管-阚清子8-AGX-系统-11.27复制-本土乘风,90668444,2024-11-27 13:56:05,0.00,0,0,0.0%,0.0,0.0,0,0.00,0.0,0,0,0.0,0,0,0.0,0,0.0,0,0.0,0,0.0,0,0.0,0,0.0,0,0.0,0,0.0,0,0.0,0,0.0,0.00,0.0,0,0,0
736505095,智R托管-轻松K-AGX-定向-11.27复制-本土乘风,暂停,审核通过,通投,商品7日总下单ROI,笔记（商品组件）,66d02dc0000000001f0145e4,59cde3b9db2e6029a99da214,视频笔记,655d999b3214c000016712e8,智R托管-轻松K-AGX-定向-11.27复制-本土乘风,90662482,2024-11-27 13:54:52,0.00,0,0,0.0%,0.0,0.0,0,0.00,0.0,0,0,0.0,0,0,0.0,0,0.0,0,0.0,0,0.0,0,0.0,0,0.0,0,0.0,0,0.0,0,0.0,0,0.0,0.00,0.0,0,0,0
734042730,智R托管-阚清子17-AGX-系统-11.26-本土乘风,被计划暂停,审核通过,通投,商品7日总下单ROI,笔记（商品组件）,673f146c0000000002039031,59cde3b9db2e6029a99da214,视频笔记,655d999b3214c000016712e8,智R托管-阚清子17-AGX-系统-11.26-本土乘风,90507519,2024-11-26 15:55:28,0.00,0,0,0.0%,0.0,0.0,0,0.00,0.0,0,0,0.0,0,0,0.0,0,0.0,0,0.0,0,0.0,0,0.0,0,0.0,0,0.0,0,0.0,0,0.0,0,0.0,0.00,0.0,0,0,0
733312036,智R托管-身白月-白肌饮-系统-11.26优化-本土乘风,被计划暂停,审核通过,通投,商品7日总下单ROI,笔记（商品组件）,670f79e50000000016023615,59cde3b9db2e6029a99da214,图文笔记,655d9f4416c8df0001a7b75d,智R托管-身白月-白肌饮-系统-11.26优化-本土乘风,90450740,2024-11-26 11:48:05,0.00,0,0,0.0%,0.0,0.0,0,0.00,0.0,0,0,0.0,0,0,0.0,0,0.0,0,0.0,0,0.0,0,0.0,0,0.0,0,0.0,0,0.0,0,0.0,0,0.0,0.00,0.0,0,0,0
722980354,智R托管-蓝盈莹5-AGX-定向-11.22优化-本土乘风,被计划暂停,审核通过,通投,商品7日总下单ROI,笔记（商品组件）,66bd556f0000000005023571,59cde3b9db2e6029a99da214,视频笔记,655d999b3214c000016712e8,智R托管-蓝盈莹5-AGX-定向-11.22优化-本土乘风,89937047,2024-11-22 11:42:42,0.00,0,0,0.0%,0.0,0.0,0,0.00,0.0,0,0,0.0,0,0,0.0,0,0.0,0,0.0,0,0.0,0,0.0,0,0.0,0,0.0,0,0.0,0,0.0,0,0.0,0.00,0.0,0,0,0
719726922,智R托管-快速变-白肌饮-定向-11.21-本土乘风,暂停,审核通过,通投,商品7日总下单ROI,笔记（商品组件）,6697143b000000000d00cf0f,59cde3b9db2e6029a99da214,视频笔记,655d9f4416c8df0001a7b75d,智R托管-合集-白肌饮-定向-11.21-本土乘风,89769601,2024-11-21 11:43:45,0.00,0,0,0.0%,0.0,0.0,0,0.00,0.0,0,0,0.0,0,0,0.0,0,0.0,0,0.0,0,0.0,0,0.0,0,0.0,0,0.0,0,0.0,0,0.0,0,0.0,0.00,0.0,0,0,0
719726921,智R托管-身白月-白肌饮-定向-11.21-本土乘风,被计划暂停,审核通过,通投,商品7日总下单ROI,笔记（商品组件）,670f79e50000000016023615,59cde3b9db2e6029a99da214,图文笔记,655d9f4416c8df0001a7b75d,智R托管-合集-白肌饮-定向-11.21-本土乘风,89769601,2024-11-21 11:43:45,0.00,0,0,0.0%,0.0,0.0,0,0.00,0.0,0,0,0.0,0,0,0.0,0,0.0,0,0.0,0,0.0,0,0.0,0,0.0,0,0.0,0,0.0,0,0.0,0,0.0,0.00,0.0,0,0,0
719726920,智R托管-试过了-白肌饮-定向-11.21-本土乘风,暂停,审核通过,通投,商品7日总下单ROI,笔记（商品组件）,66c6ecec000000001f03cb96,59cde3b9db2e6029a99da214,图文笔记,66aae159df61610001617a19,智R托管-合集-白肌饮-定向-11.21-本土乘风,89769601,2024-11-21 11:43:45,0.00,0,0,0.0%,0.0,0.0,0,0.00,0.0,0,0,0.0,0,0,0.0,0,0.0,0,0.0,0,0.0,0,0.0,0,0.0,0,0.0,0,0.0,0,0.0,0,0.0,0.00,0.0,0,0,0
719708435,智R托管-小liya呀-X白-定向-11.21-本土乘风,暂停,审核通过,通投,商品7日总下单ROI,笔记（商品组件）,67345194000000003c01f8d1,59cde3b9db2e6029a99da214,视频笔记,655ebf2c60fa1b0001dd2183,智R托管-合集2-X白-定向-11.21-本土乘风,89747746,2024-11-21 11:16:35,0.00,0,0,0.0%,0.0,0.0,0,0.00,0.0,0,0,0.0,0,0,0.0,0,0.0,0,0.0,0,0.0,0,0.0,0,0.0,0,0.0,0,0.0,0,0.0,0,0.0,0.00,0.0,0,0,0
719708434,智R托管-春密码-X白-定向-11.21-本土乘风,暂停,审核通过,通投,商品7日总下单ROI,笔记（商品组件）,671b4bfd000000001402e7b6,59cde3b9db2e6029a99da214,图文笔记,655ebf2c60fa1b0001dd2183,智R托管-合集2-X白-定向-11.21-本土乘风,89747746,2024-11-21 11:16:35,0.00,0,0,0.0%,0.0,0.0,0,0.00,0.0,0,0,0.0,0,0,0.0,0,0.0,0,0.0,0,0.0,0,0.0,0,0.0,0,0.0,0,0.0,0,0.0,0,0.0,0.00,0.0,0,0,0
719708433,智R托管-藏硬货-X白-定向-11.21-本土乘风,暂停,审核拒绝,通投,商品7日总下单ROI,笔记（商品组件）,672d7348000000003c014d2c,59cde3b9db2e6029a99da214,视频笔记,655ebf2c60fa1b0001dd2183,智R托管-合集2-X白-定向-11.21-本土乘风,89747746,2024-11-21 11:16:35,0.00,0,0,0.0%,0.0,0.0,0,0.00,0.0,0,0,0.0,0,0,0.0,0,0.0,0,0.0,0,0.0,0,0.0,0,0.0,0,0.0,0,0.0,0,0.0,0,0.0,0.00,0.0,0,0,0
719708432,智R托管-实测打-X白-定向-11.21-本土乘风,暂停,审核通过,通投,商品7日总下单ROI,笔记（商品组件）,672207ab000000003c0142de,59cde3b9db2e6029a99da214,视频笔记,655ebf2c60fa1b0001dd2183,智R托管-合集2-X白-定向-11.21-本土乘风,89747746,2024-11-21 11:16:35,0.00,0,0,0.0%,0.0,0.0,0,0.00,0.0,0,0,0.0,0,0,0.0,0,0.0,0,0.0,0,0.0,0,0.0,0,0.0,0,0.0,0,0.0,0,0.0,0,0.0,0.00,0.0,0,0,0
719708431,智R托管-春我悟-X白-定向-11.21-本土乘风,被计划暂停,审核拒绝,通投,商品7日总下单ROI,笔记（商品组件）,66d1349c000000001f03a5ec,59cde3b9db2e6029a99da214,视频笔记,655ebf2c60fa1b0001dd2183,智R托管-合集2-X白-定向-11.21-本土乘风,89747746,2024-11-21 11:16:35,0.00,0,0,0.0%,0.0,0.0,0,0.00,0.0,0,0,0.0,0,0,0.0,0,0.0,0,0.0,0,0.0,0,0.0,0,0.0,0,0.0,0,0.0,0,0.0,0,0.0,0.00,0.0,0,0,0
719652528,智R托管-贵妇甄-X白-定向-11.21-本土乘风,暂停,审核通过,通投,商品7日总下单ROI,笔记（商品组件）,662b31d0000000001c007330,59cde3b9db2e6029a99da214,图文笔记,655ebf2c60fa1b0001dd2183,智R托管-合集-X白-定向-11.21-本土乘风,89741598,2024-11-21 11:11:07,0.00,0,0,0.0%,0.0,0.0,0,0.00,0.0,0,0,0.0,0,0,0.0,0,0.0,0,0.0,0,0.0,0,0.0,0,0.0,0,0.0,0,0.0,0,0.0,0,0.0,0.00,0.0,0,0,0
719652527,智R托管-保持少-X白-定向-11.21-本土乘风,被计划暂停,审核拒绝,通投,商品7日总下单ROI,笔记（商品组件）,64ef1dee000000002000041c,59cde3b9db2e6029a99da214,图文笔记,655ebf2c60fa1b0001dd2183,智R托管-合集-X白-定向-11.21-本土乘风,89741598,2024-11-21 11:11:07,0.00,0,0,0.0%,0.0,0.0,0,0.00,0.0,0,0,0.0,0,0,0.0,0,0.0,0,0.0,0,0.0,0,0.0,0,0.0,0,0.0,0,0.0,0,0.0,0,0.0,0.00,0.0,0,0,0
719652526,智R托管-风翻盘-X白-定向-11.21-本土乘风,被计划暂停,审核通过,通投,商品7日总下单ROI,笔记（商品组件）,6736c39b000000001d039305,59cde3b9db2e6029a99da214,图文笔记,655ebf2c60fa1b0001dd2183,智R托管-合集-X白-定向-11.21-本土乘风,89741598,2024-11-21 11:11:07,0.00,0,0,0.0%,0.0,0.0,0,0.00,0.0,0,0,0.0,0,0,0.0,0,0.0,0,0.0,0,0.0,0,0.0,0,0.0,0,0.0,0,0.0,0,0.0,0,0.0,0.00,0.0,0,0,0
719652525,智R托管-贵气感-X白-定向-11.21-本土乘风,被计划暂停,审核通过,通投,商品7日总下单ROI,笔记（商品组件）,6618ec62000000001b013c95,59cde3b9db2e6029a99da214,图文笔记,655ebf2c60fa1b0001dd2183,智R托管-合集-X白-定向-11.21-本土乘风,89741598,2024-11-21 11:11:07,0.00,0,0,0.0%,0.0,0.0,0,0.00,0.0,0,0,0.0,0,0,0.0,0,0.0,0,0.0,0,0.0,0,0.0,0,0.0,0,0.0,0,0.0,0,0.0,0,0.0,0.00,0.0,0,0,0
719621360,智R托管-晚胶原-GQ-定向-11.21-本土乘风,被计划暂停,审核拒绝,通投,商品7日总下单ROI,笔记（商品组件）,670a1300000000001b011d04,59cde3b9db2e6029a99da214,视频笔记,66aae536b81ac20001a5795e,智R托管-合集-GQ-定向-11.21-本土乘风,89745619,2024-11-21 10:23:13,0.00,0,0,0.0%,0.0,0.0,0,0.00,0.0,0,0,0.0,0,0,0.0,0,0.0,0,0.0,0,0.0,0,0.0,0,0.0,0,0.0,0,0.0,0,0.0,0,0.0,0.00,0.0,0,0,0
719621359,智R托管-老瓶颈-GQ-定向-11.21-本土乘风,被计划暂停,审核通过,通投,商品7日总下单ROI,笔记（商品组件）,6736af81000000003c01ca6f,59cde3b9db2e6029a99da214,图文笔记,66aae536b81ac20001a5795e,智R托管-合集-GQ-定向-11.21-本土乘风,89745619,2024-11-21 10:23:13,0.00,0,0,0.0%,0.0,0.0,0,0.00,0.0,0,0,0.0,0,0,0.0,0,0.0,0,0.0,0,0.0,0,0.0,0,0.0,0,0.0,0,0.0,0,0.0,0,0.0,0.00,0.0,0,0,0
719621358,智R托管-内行人-GQ-定向-11.21-本土乘风,被计划暂停,审核通过,通投,商品7日总下单ROI,笔记（商品组件）,66ac9171000000000d0302a4,59cde3b9db2e6029a99da214,视频笔记,66aae536b81ac20001a5795e,智R托管-合集-GQ-定向-11.21-本土乘风,89745619,2024-11-21 10:23:13,0.00,0,0,0.0%,0.0,0.0,0,0.00,0.0,0,0,0.0,0,0,0.0,0,0.0,0,0.0,0,0.0,0,0.0,0,0.0,0,0.0,0,0.0,0,0.0,0,0.0,0.00,0.0,0,0,0
719563462,智R托管-美貌体-A益纤-定向-11.21-本土乘风,被计划暂停,审核通过,通投,商品7日总下单ROI,笔记（商品组件）,66f5224d000000002a031670,59cde3b9db2e6029a99da214,图文笔记,6603736196b9a1000150745d,智R托管-合集2-A益纤-定向-11.21-本土乘风,89731514,2024-11-21 10:18:17,0.00,0,0,0.0%,0.0,0.0,0,0.00,0.0,0,0,0.0,0,0,0.0,0,0.0,0,0.0,0,0.0,0,0.0,0,0.0,0,0.0,0,0.0,0,0.0,0,0.0,0.00,0.0,0,0,0
719563461,智R托管-翻倍涨-A益纤-定向-11.21-本土乘风,被计划暂停,审核拒绝,通投,商品7日总下单ROI,笔记（商品组件）,66ced469000000001f039a30,59cde3b9db2e6029a99da214,图文笔记,6603736196b9a1000150745d,智R托管-合集2-A益纤-定向-11.21-本土乘风,89731514,2024-11-21 10:18:17,0.00,0,0,0.0%,0.0,0.0,0,0.00,0.0,0,0,0.0,0,0,0.0,0,0.0,0,0.0,0,0.0,0,0.0,0,0.0,0,0.0,0,0.0,0,0.0,0,0.0,0.00,0.0,0,0,0
719563460,智R托管-折都能-A益纤-定向-11.21-本土乘风,被计划暂停,审核通过,通投,商品7日总下单ROI,笔记（商品组件）,673590b4000000003c019fe4,59cde3b9db2e6029a99da214,图文笔记,6603736196b9a1000150745d,智R托管-合集2-A益纤-定向-11.21-本土乘风,89731514,2024-11-21 10:18:17,0.00,0,0,0.0%,0.0,0.0,0,0.00,0.0,0,0,0.0,0,0,0.0,0,0.0,0,0.0,0,0.0,0,0.0,0,0.0,0,0.0,0,0.0,0,0.0,0,0.0,0.00,0.0,0,0,0
719316588,智R托管-双逆龄-A益纤-定向-11.21-本土乘风,被计划暂停,审核通过,通投,商品7日总下单ROI,笔记（商品组件）,672d71b0000000001a035be6,59cde3b9db2e6029a99da214,图文笔记,6603736196b9a1000150745d,智R托管-合集-A益纤-定向-11.21-本土乘风,89745351,2024-11-21 10:15:45,0.00,0,0,0.0%,0.0,0.0,0,0.00,0.0,0,0,0.0,0,0,0.0,0,0.0,0,0.0,0,0.0,0,0.0,0,0.0,0,0.0,0,0.0,0,0.0,0,0.0,0.00,0.0,0,0,0
719316587,智R托管-含金量-A益纤-定向-11.21-本土乘风,被计划暂停,审核通过,通投,商品7日总下单ROI,笔记（商品组件）,672326ba000000001a03409f,59cde3b9db2e6029a99da214,图文笔记,6603736196b9a1000150745d,智R托管-合集-A益纤-定向-11.21-本土乘风,89745351,2024-11-21 10:15:45,0.00,0,0,0.0%,0.0,0.0,0,0.00,0.0,0,0,0.0,0,0,0.0,0,0.0,0,0.0,0,0.0,0,0.0,0,0.0,0,0.0,0,0.0,0,0.0,0,0.0,0.00,0.0,0,0,0
719316586,智R托管-你莫属-A益纤-定向-11.21-本土乘风,被计划暂停,审核拒绝,通投,商品7日总下单ROI,笔记（商品组件）,672c8984000000003c0180ac,59cde3b9db2e6029a99da214,图文笔记,6603736196b9a1000150745d,智R托管-合集-A益纤-定向-11.21-本土乘风,89745351,2024-11-21 10:15:45,0.00,0,0,0.0%,0.0,0.0,0,0.00,0.0,0,0,0.0,0,0,0.0,0,0.0,0,0.0,0,0.0,0,0.0,0,0.0,0,0.0,0,0.0,0,0.0,0,0.0,0.00,0.0,0,0,0
719316585,智R托管-新天地-A益纤-定向-11.21-本土乘风,被计划暂停,审核通过,通投,商品7日总下单ROI,笔记（商品组件）,6736b4c4000000003c01a635,59cde3b9db2e6029a99da214,视频笔记,6603736196b9a1000150745d,智R托管-合集-A益纤-定向-11.21-本土乘风,89745351,2024-11-21 10:15:45,0.00,0,0,0.0%,0.0,0.0,0,0.00,0.0,0,0,0.0,0,0,0.0,0,0.0,0,0.0,0,0.0,0,0.0,0,0.0,0,0.0,0,0.0,0,0.0,0,0.0,0.00,0.0,0,0,0
719316584,智R托管-看这篇-A益纤-定向-11.21-本土乘风,被计划暂停,审核通过,通投,商品7日总下单ROI,笔记（商品组件）,670a26f4000000001b02ee4d,59cde3b9db2e6029a99da214,图文笔记,6603736196b9a1000150745d,智R托管-合集-A益纤-定向-11.21-本土乘风,89745351,2024-11-21 10:15:45,0.00,0,0,0.0%,0.0,0.0,0,0.00,0.0,0,0,0.0,0,0,0.0,0,0.0,0,0.0,0,0.0,0,0.0,0,0.0,0,0.0,0,0.0,0,0.0,0,0.0,0.00,0.0,0,0,0
719247973,智R托管-皮肤就-AGX-系统-11.21-本土乘风,暂停,审核通过,通投,商品7日总下单ROI,笔记（商品组件）,66f62a6a000000002a030272,59cde3b9db2e6029a99da214,视频笔记,655d999b3214c000016712e8,智R托管-优质合集-AGX-系统-11.21-本土乘风,89725320,2024-11-21 09:50:46,0.00,0,0,0.0%,0.0,0.0,0,0.00,0.0,0,0,0.0,0,0,0.0,0,0.0,0,0.0,0,0.0,0,0.0,0,0.0,0,0.0,0,0.0,0,0.0,0,0.0,0.00,0.0,0,0,0
719247972,智R托管-冻龄抗-AGX-系统-11.21-本土乘风,被计划暂停,审核通过,通投,商品7日总下单ROI,笔记（商品组件）,657ad4270000000038029574,59cde3b9db2e6029a99da214,图文笔记,655d999b3214c000016712e8,智R托管-优质合集-AGX-系统-11.21-本土乘风,89725320,2024-11-21 09:50:46,0.00,0,0,0.0%,0.0,0.0,0,0.00,0.0,0,0,0.0,0,0,0.0,0,0.0,0,0.0,0,0.0,0,0.0,0,0.0,0,0.0,0,0.0,0,0.0,0,0.0,0.00,0.0,0,0,0
719247971,智R托管-护肤的-AGX-系统-11.21-本土乘风,被计划暂停,审核通过,通投,商品7日总下单ROI,笔记（商品组件）,6593e436000000001102c48f,59cde3b9db2e6029a99da214,图文笔记,655d999b3214c000016712e8,智R托管-优质合集-AGX-系统-11.21-本土乘风,89725320,2024-11-21 09:50:46,0.00,0,0,0.0%,0.0,0.0,0,0.00,0.0,0,0,0.0,0,0,0.0,0,0.0,0,0.0,0,0.0,0,0.0,0,0.0,0,0.0,0,0.0,0,0.0,0,0.0,0.00,0.0,0,0,0
719247970,智R托管-真后悔-AGX-系统-11.21-本土乘风,暂停,审核通过,通投,商品7日总下单ROI,笔记（商品组件）,6502bff7000000001f034f89,59cde3b9db2e6029a99da214,图文笔记,655d999b3214c000016712e8,智R托管-优质合集-AGX-系统-11.21-本土乘风,89725320,2024-11-21 09:50:46,0.00,0,0,0.0%,0.0,0.0,0,0.00,0.0,0,0,0.0,0,0,0.0,0,0.0,0,0.0,0,0.0,0,0.0,0,0.0,0,0.0,0,0.0,0,0.0,0,0.0,0.00,0.0,0,0,0
719243557,智R托管-辰亦儒7-AGX-系统-11.21-本土乘风,暂停,审核通过,通投,商品7日总下单ROI,笔记（商品组件）,672db713000000001a034e17,59cde3b9db2e6029a99da214,图文笔记,655d999b3214c000016712e8,智R托管-辰亦儒合集-AGX-系统-11.21-本土乘风,89744167,2024-11-21 09:43:43,0.00,0,0,0.0%,0.0,0.0,0,0.00,0.0,0,0,0.0,0,0,0.0,0,0.0,0,0.0,0,0.0,0,0.0,0,0.0,0,0.0,0,0.0,0,0.0,0,0.0,0.00,0.0,0,0,0
719243556,智R托管-辰亦儒3-AGX-系统-11.21-本土乘风,暂停,审核通过,通投,商品7日总下单ROI,笔记（商品组件）,67244faa000000001d03a72c,59cde3b9db2e6029a99da214,视频笔记,655d999b3214c000016712e8,智R托管-辰亦儒合集-AGX-系统-11.21-本土乘风,89744167,2024-11-21 09:43:43,0.00,0,0,0.0%,0.0,0.0,0,0.00,0.0,0,0,0.0,0,0,0.0,0,0.0,0,0.0,0,0.0,0,0.0,0,0.0,0,0.0,0,0.0,0,0.0,0,0.0,0.00,0.0,0,0,0
719243555,智R托管-辰亦儒9-AGX-系统-11.21-本土乘风,暂停,审核通过,通投,商品7日总下单ROI,笔记（商品组件）,6736b8f2000000001d03a467,59cde3b9db2e6029a99da214,视频笔记,655d999b3214c000016712e8,智R托管-辰亦儒合集-AGX-系统-11.21-本土乘风,89744167,2024-11-21 09:43:43,0.00,0,0,0.0%,0.0,0.0,0,0.00,0.0,0,0,0.0,0,0,0.0,0,0.0,0,0.0,0,0.0,0,0.0,0,0.0,0,0.0,0,0.0,0,0.0,0,0.0,0.00,0.0,0,0,0
719296105,智R托管-阚清子15-AGX-系统-11.21-本土乘风,暂停,审核通过,通投,商品7日总下单ROI,笔记（商品组件）,6736bfd9000000001d03ac54,59cde3b9db2e6029a99da214,图文笔记,655d999b3214c000016712e8,智R托管-阚清子合集-AGX-系统-11.21-本土乘风,89738113,2024-11-21 09:40:32,0.00,0,0,0.0%,0.0,0.0,0,0.00,0.0,0,0,0.0,0,0,0.0,0,0.0,0,0.0,0,0.0,0,0.0,0,0.0,0,0.0,0,0.0,0,0.0,0,0.0,0.00,0.0,0,0,0
719296104,智R托管-阚清子13-AGX-系统-11.21-本土乘风,被计划暂停,审核通过(私密),通投,商品7日总下单ROI,笔记（商品组件）,6731b67d000000003c017f93,59cde3b9db2e6029a99da214,视频笔记,655d999b3214c000016712e8,智R托管-阚清子合集-AGX-系统-11.21-本土乘风,89738113,2024-11-21 09:40:32,0.00,0,0,0.0%,0.0,0.0,0,0.00,0.0,0,0,0.0,0,0,0.0,0,0.0,0,0.0,0,0.0,0,0.0,0,0.0,0,0.0,0,0.0,0,0.0,0,0.0,0.00,0.0,0,0,0
719296103,智R托管-阚清子16-AGX-系统-11.21-本土乘风,暂停,审核通过,通投,商品7日总下单ROI,笔记（商品组件）,6736e26c000000003c019fe7,59cde3b9db2e6029a99da214,视频笔记,655d999b3214c000016712e8,智R托管-阚清子合集-AGX-系统-11.21-本土乘风,89738113,2024-11-21 09:40:32,0.00,0,0,0.0%,0.0,0.0,0,0.00,0.0,0,0,0.0,0,0,0.0,0,0.0,0,0.0,0,0.0,0,0.0,0,0.0,0,0.0,0,0.0,0,0.0,0,0.0,0.00,0.0,0,0,0
719296102,智R托管-阚清子12-AGX-系统-11.21-本土乘风,被计划暂停,审核通过(私密),通投,商品7日总下单ROI,笔记（商品组件）,673071d7000000001d0396ec,59cde3b9db2e6029a99da214,图文笔记,655d999b3214c000016712e8,智R托管-阚清子合集-AGX-系统-11.21-本土乘风,89738113,2024-11-21 09:40:32,0.00,0,0,0.0%,0.0,0.0,0,0.00,0.0,0,0,0.0,0,0,0.0,0,0.0,0,0.0,0,0.0,0,0.0,0,0.0,0,0.0,0,0.0,0,0.0,0,0.0,0.00,0.0,0,0,0
719296101,智R托管-阚清子14-AGX-系统-11.21-本土乘风,被计划暂停,审核通过(私密),通投,商品7日总下单ROI,笔记（商品组件）,6736beb7000000003c018c87,59cde3b9db2e6029a99da214,视频笔记,655d999b3214c000016712e8,智R托管-阚清子合集-AGX-系统-11.21-本土乘风,89738113,2024-11-21 09:40:32,0.00,0,0,0.0%,0.0,0.0,0,0.00,0.0,0,0,0.0,0,0,0.0,0,0.0,0,0.0,0,0.0,0,0.0,0,0.0,0,0.0,0,0.0,0,0.0,0,0.0,0.00,0.0,0,0,0
714968731,智R托管-变白净-X白-系统-11.19-本土乘风,被计划暂停,审核通过,通投,商品7日总下单ROI,笔记（商品组件）,67232174000000003c015a8b,59cde3b9db2e6029a99da214,图文笔记,655ebf2c60fa1b0001dd2183,智R托管-变白净-X白-系统-11.19-本土乘风,89516898,2024-11-19 18:01:20,0.00,0,0,0.0%,0.0,0.0,0,0.00,0.0,0,0,0.0,0,0,0.0,0,0.0,0,0.0,0,0.0,0,0.0,0,0.0,0,0.0,0,0.0,0,0.0,0,0.0,0.00,0.0,0,0,0
714944837,智R放量-连喝几-X白-系统-11.19-本土乘风,被计划暂停,审核通过,通投,商品7日总下单ROI,笔记（商品组件）,673558c0000000003c0181f6,59cde3b9db2e6029a99da214,图文笔记,655ebf2c60fa1b0001dd2183,智R放量-连喝几-X白-系统-11.19-本土乘风,89494809,2024-11-19 17:27:06,0.00,0,0,0.0%,0.0,0.0,0,0.00,0.0,0,0,0.0,0,0,0.0,0,0.0,0,0.0,0,0.0,0,0.0,0,0.0,0,0.0,0,0.0,0,0.0,0,0.0,0.00,0.0,0,0,0
714394224,智R托管-秋季肤-白肌饮-定向-11.19-本土乘风,暂停,审核通过,通投,商品7日总下单ROI,笔记（商品组件）,66ed4e1300000000260300e3,59cde3b9db2e6029a99da214,视频笔记,655d9f4416c8df0001a7b75d,智R托管-合集-白肌饮-定向-11.19-本土乘风,89482379,2024-11-19 15:54:57,0.00,0,0,0.0%,0.0,0.0,0,0.00,0.0,0,0,0.0,0,0,0.0,0,0.0,0,0.0,0,0.0,0,0.0,0,0.0,0,0.0,0,0.0,0,0.0,0,0.0,0.00,0.0,0,0,0
714394223,智R托管-逆袭爽文-白肌饮-定向-11.19-本土乘风,暂停,审核通过,通投,商品7日总下单ROI,笔记（商品组件）,6737230f000000003c01b9b1,59cde3b9db2e6029a99da214,图文笔记,655d9f4416c8df0001a7b75d,智R托管-合集-白肌饮-定向-11.19-本土乘风,89482379,2024-11-19 15:54:57,0.00,0,0,0.0%,0.0,0.0,0,0.00,0.0,0,0,0.0,0,0,0.0,0,0.0,0,0.0,0,0.0,0,0.0,0,0.0,0,0.0,0,0.0,0,0.0,0,0.0,0.00,0.0,0,0,0
714394222,智R托管-韩女冷-白肌饮-定向-11.19-本土乘风,被计划暂停,审核通过,通投,商品7日总下单ROI,笔记（商品组件）,672db5bb000000003c019803,59cde3b9db2e6029a99da214,视频笔记,66aae159df61610001617a19,智R托管-合集-白肌饮-定向-11.19-本土乘风,89482379,2024-11-19 15:54:57,0.00,0,0,0.0%,0.0,0.0,0,0.00,0.0,0,0,0.0,0,0,0.0,0,0.0,0,0.0,0,0.0,0,0.0,0,0.0,0,0.0,0,0.0,0,0.0,0,0.0,0.00,0.0,0,0,0
714394221,智R托管-像擦粉-白肌饮-定向-11.19-本土乘风,暂停,审核通过,通投,商品7日总下单ROI,笔记（商品组件）,66166744000000000401920b,59cde3b9db2e6029a99da214,视频笔记,655d9f4416c8df0001a7b75d,智R托管-合集-白肌饮-定向-11.19-本土乘风,89482379,2024-11-19 15:54:57,0.00,0,0,0.0%,0.0,0.0,0,0.00,0.0,0,0,0.0,0,0,0.0,0,0.0,0,0.0,0,0.0,0,0.0,0,0.0,0,0.0,0,0.0,0,0.0,0,0.0,0.00,0.0,0,0,0
714317751,智R扩量-在这一-X白-系统-11.19-本土乘风,暂停,审核通过,通投,商品7日总下单ROI,笔记（商品组件）,67087fd5000000002c01400b,59cde3b9db2e6029a99da214,图文笔记,6705f6f44cd289000101e982,智R扩量-跑不动合集-X白-系统-11.19-本土乘风,89475791,2024-11-19 15:08:27,0.00,0,0,0.0%,0.0,0.0,0,0.00,0.0,0,0,0.0,0,0,0.0,0,0.0,0,0.0,0,0.0,0,0.0,0,0.0,0,0.0,0,0.0,0,0.0,0,0.0,0.00,0.0,0,0,0
714317750,智R扩量-略来啦-X白-系统-11.19-本土乘风,暂停,审核通过,通投,商品7日总下单ROI,笔记（商品组件）,6662a971000000001500b32a,59cde3b9db2e6029a99da214,视频笔记,655ebf2c60fa1b0001dd2183,智R扩量-跑不动合集-X白-系统-11.19-本土乘风,89475791,2024-11-19 15:08:27,0.00,0,0,0.0%,0.0,0.0,0,0.00,0.0,0,0,0.0,0,0,0.0,0,0.0,0,0.0,0,0.0,0,0.0,0,0.0,0,0.0,0,0.0,0,0.0,0,0.0,0.00,0.0,0,0,0
714317749,智R扩量-都爱的-X白-系统-11.19-本土乘风,被计划暂停,审核通过,通投,商品7日总下单ROI,笔记（商品组件）,66f61077000000002c02e160,59cde3b9db2e6029a99da214,图文笔记,655ebf2c60fa1b0001dd2183,智R扩量-跑不动合集-X白-系统-11.19-本土乘风,89475791,2024-11-19 15:08:27,0.00,0,0,0.0%,0.0,0.0,0,0.00,0.0,0,0,0.0,0,0,0.0,0,0.0,0,0.0,0,0.0,0,0.0,0,0.0,0,0.0,0,0.0,0,0.0,0,0.0,0.00,0.0,0,0,0
714317748,智R扩量-藏硬货-X白-系统-11.19-本土乘风,暂停,审核拒绝,通投,商品7日总下单ROI,笔记（商品组件）,672d7348000000003c014d2c,59cde3b9db2e6029a99da214,视频笔记,655ebf2c60fa1b0001dd2183,智R扩量-跑不动合集-X白-系统-11.19-本土乘风,89475791,2024-11-19 15:08:27,0.00,0,0,0.0%,0.0,0.0,0,0.00,0.0,0,0,0.0,0,0,0.0,0,0.0,0,0.0,0,0.0,0,0.0,0,0.0,0,0.0,0,0.0,0,0.0,0,0.0,0.00,0.0,0,0,0
714317747,智R扩量-过再等-X白-系统-11.19-本土乘风,被计划暂停,审核通过,通投,商品7日总下单ROI,笔记（商品组件）,672c75a7000000003c01ec36,59cde3b9db2e6029a99da214,图文笔记,655ebf2c60fa1b0001dd2183,智R扩量-跑不动合集-X白-系统-11.19-本土乘风,89475791,2024-11-19 15:08:27,0.00,0,0,0.0%,0.0,0.0,0,0.00,0.0,0,0,0.0,0,0,0.0,0,0.0,0,0.0,0,0.0,0,0.0,0,0.0,0,0.0,0,0.0,0,0.0,0,0.0,0.00,0.0,0,0,0
710348025,智R托管-键是养-软糖-系统-11.18-本土乘风,被计划暂停,审核拒绝,通投,商品7日总下单ROI,笔记（商品组件）,67371734000000003c01706f,59cde3b9db2e6029a99da214,图文笔记,66a33ba448950300019a1f80,智R托管-键是养-软糖-系统-11.18-本土乘风,89259988,2024-11-18 10:29:40,0.00,0,0,0.0%,0.0,0.0,0,0.00,0.0,0,0,0.0,0,0,0.0,0,0.0,0,0.0,0,0.0,0,0.0,0,0.0,0,0.0,0,0.0,0,0.0,0,0.0,0.00,0.0,0,0,0
700769859,搜索托管-秋冬黄-白肌饮-关键词-11.14-本土乘风,被计划暂停,审核通过,搜索,商品7日总下单ROI,笔记（商品组件）,6707886d000000002a0335eb,59cde3b9db2e6029a99da214,视频笔记,655d9f4416c8df0001a7b75d,搜索托管-合集2-白肌饮-关键词-11.14-本土乘风,88826236,2024-11-14 16:35:52,0.00,0,0,0.0%,0.0,0.0,0,0.00,0.0,0,0,0.0,0,0,0.0,0,0.0,0,0.0,0,0.0,0,0.0,0,0.0,0,0.0,0,0.0,0,0.0,0,0.0,0.00,0.0,0,0,0
700769858,搜索托管-韩女冷-白肌饮-关键词-11.14-本土乘风,暂停,审核通过,搜索,商品7日总下单ROI,笔记（商品组件）,672db5bb000000003c019803,59cde3b9db2e6029a99da214,视频笔记,66aae159df61610001617a19,搜索托管-合集2-白肌饮-关键词-11.14-本土乘风,88826236,2024-11-14 16:35:52,0.00,0,0,0.0%,0.0,0.0,0,0.00,0.0,0,0,0.0,0,0,0.0,0,0.0,0,0.0,0,0.0,0,0.0,0,0.0,0,0.0,0,0.0,0,0.0,0,0.0,0.00,0.0,0,0,0
700769857,搜索托管-身白月-白肌饮-关键词-11.14-本土乘风,被计划暂停,审核通过,搜索,商品7日总下单ROI,笔记（商品组件）,670f79e50000000016023615,59cde3b9db2e6029a99da214,图文笔记,655d9f4416c8df0001a7b75d,搜索托管-合集2-白肌饮-关键词-11.14-本土乘风,88826236,2024-11-14 16:35:52,0.00,0,0,0.0%,0.0,0.0,0,0.00,0.0,0,0,0.0,0,0,0.0,0,0.0,0,0.0,0,0.0,0,0.0,0,0.0,0,0.0,0,0.0,0,0.0,0,0.0,0.00,0.0,0,0,0
700769856,搜索托管-闪到没-白肌饮-关键词-11.14-本土乘风,被计划暂停,审核通过,搜索,商品7日总下单ROI,笔记（商品组件）,6719fe00000000001b012588,59cde3b9db2e6029a99da214,视频笔记,655d9f4416c8df0001a7b75d,搜索托管-合集2-白肌饮-关键词-11.14-本土乘风,88826236,2024-11-14 16:35:52,0.00,0,0,0.0%,0.0,0.0,0,0.00,0.0,0,0,0.0,0,0,0.0,0,0.0,0,0.0,0,0.0,0,0.0,0,0.0,0,0.0,0,0.0,0,0.0,0,0.0,0.00,0.0,0,0,0
700769855,搜索托管-变美法-白肌饮-关键词-11.14-本土乘风,暂停,审核通过,搜索,商品7日总下单ROI,笔记（商品组件）,671b7968000000001b0133f3,59cde3b9db2e6029a99da214,图文笔记,655d9f4416c8df0001a7b75d,搜索托管-合集2-白肌饮-关键词-11.14-本土乘风,88826236,2024-11-14 16:35:52,0.00,0,0,0.0%,0.0,0.0,0,0.00,0.0,0,0,0.0,0,0,0.0,0,0.0,0,0.0,0,0.0,0,0.0,0,0.0,0,0.0,0,0.0,0,0.0,0,0.0,0.00,0.0,0,0,0
700816060,搜索托管-有冷皮-白肌饮-关键词-11.14-本土乘风,暂停,审核通过,搜索,商品7日总下单ROI,笔记（商品组件）,672b0257000000003c014ae4,59cde3b9db2e6029a99da214,图文笔记,655d9f4416c8df0001a7b75d,搜索托管-合集-白肌饮-关键词-11.14-本土乘风,88795309,2024-11-14 16:10:15,0.00,0,0,0.0%,0.0,0.0,0,0.00,0.0,0,0,0.0,0,0,0.0,0,0.0,0,0.0,0,0.0,0,0.0,0,0.0,0,0.0,0,0.0,0,0.0,0,0.0,0.00,0.0,0,0,0
700816059,搜索托管-灯泡肌-白肌饮-关键词-11.14-本土乘风,暂停,审核通过,搜索,商品7日总下单ROI,笔记（商品组件）,66fa5aaa000000002c02b434,59cde3b9db2e6029a99da214,视频笔记,66aae536b81ac20001a5795e,搜索托管-合集-白肌饮-关键词-11.14-本土乘风,88795309,2024-11-14 16:10:15,0.00,0,0,0.0%,0.0,0.0,0,0.00,0.0,0,0,0.0,0,0,0.0,0,0.0,0,0.0,0,0.0,0,0.0,0,0.0,0,0.0,0,0.0,0,0.0,0,0.0,0.00,0.0,0,0,0
700816058,搜索托管-别色差-白肌饮-关键词-11.14-本土乘风,暂停,审核通过,搜索,商品7日总下单ROI,笔记（商品组件）,67342481000000003c0145b7,59cde3b9db2e6029a99da214,视频笔记,655d9f4416c8df0001a7b75d,搜索托管-合集-白肌饮-关键词-11.14-本土乘风,88795309,2024-11-14 16:10:15,0.00,0,0,0.0%,0.0,0.0,0,0.00,0.0,0,0,0.0,0,0,0.0,0,0.0,0,0.0,0,0.0,0,0.0,0,0.0,0,0.0,0,0.0,0,0.0,0,0.0,0.00,0.0,0,0,0
700816057,搜索托管-活菩萨-白肌饮-关键词-11.14-本土乘风,暂停,审核通过,搜索,商品7日总下单ROI,笔记（商品组件）,672c5ba6000000001a0370c8,59cde3b9db2e6029a99da214,视频笔记,655d9f4416c8df0001a7b75d,搜索托管-合集-白肌饮-关键词-11.14-本土乘风,88795309,2024-11-14 16:10:15,0.00,0,0,0.0%,0.0,0.0,0,0.00,0.0,0,0,0.0,0,0,0.0,0,0.0,0,0.0,0,0.0,0,0.0,0,0.0,0,0.0,0,0.0,0,0.0,0,0.0,0.00,0.0,0,0,0
700816056,搜索托管-李亚男15-白肌饮-关键词-11.14-本土乘风,被计划暂停,审核通过,搜索,商品7日总下单ROI,笔记（商品组件）,66befdd50000000005023996,59cde3b9db2e6029a99da214,图文笔记,66aae159df61610001617a19,搜索托管-合集-白肌饮-关键词-11.14-本土乘风,88795309,2024-11-14 16:10:15,0.00,0,0,0.0%,0.0,0.0,0,0.00,0.0,0,0,0.0,0,0,0.0,0,0.0,0,0.0,0,0.0,0,0.0,0,0.0,0,0.0,0,0.0,0,0.0,0,0.0,0.00,0.0,0,0,0
700597221,搜索托管-养成半-X白-关键词-11.14-本土乘风,暂停,审核通过,搜索,商品7日总下单ROI,笔记（商品组件）,66f52544000000002c014fe6,59cde3b9db2e6029a99da214,视频笔记,655ebf2c60fa1b0001dd2183,搜索托管-合集2-X白-关键词-11.14-本土乘风,88797122,2024-11-14 15:55:56,0.00,0,0,0.0%,0.0,0.0,0,0.00,0.0,0,0,0.0,0,0,0.0,0,0.0,0,0.0,0,0.0,0,0.0,0,0.0,0,0.0,0,0.0,0,0.0,0,0.0,0.00,0.0,0,0,0
700597220,搜索托管-学女明-X白-关键词-11.14-本土乘风,被计划暂停,审核拒绝,搜索,商品7日总下单ROI,笔记（商品组件）,663c94a0000000001e0278ee,59cde3b9db2e6029a99da214,图文笔记,655ebf2c60fa1b0001dd2183,搜索托管-合集2-X白-关键词-11.14-本土乘风,88797122,2024-11-14 15:55:56,0.00,0,0,0.0%,0.0,0.0,0,0.00,0.0,0,0,0.0,0,0,0.0,0,0.0,0,0.0,0,0.0,0,0.0,0,0.0,0,0.0,0,0.0,0,0.0,0,0.0,0.00,0.0,0,0,0
700597219,搜索托管-实测打-X白-关键词-11.14-本土乘风,暂停,审核通过,搜索,商品7日总下单ROI,笔记（商品组件）,672207ab000000003c0142de,59cde3b9db2e6029a99da214,视频笔记,655ebf2c60fa1b0001dd2183,搜索托管-合集2-X白-关键词-11.14-本土乘风,88797122,2024-11-14 15:55:56,0.00,0,0,0.0%,0.0,0.0,0,0.00,0.0,0,0,0.0,0,0,0.0,0,0.0,0,0.0,0,0.0,0,0.0,0,0.0,0,0.0,0,0.0,0,0.0,0,0.0,0.00,0.0,0,0,0
700597218,搜索托管-春密码-X白-关键词-11.14-本土乘风,被计划暂停,审核通过,搜索,商品7日总下单ROI,笔记（商品组件）,671b4bfd000000001402e7b6,59cde3b9db2e6029a99da214,图文笔记,6705f6f44cd289000101e982,搜索托管-合集2-X白-关键词-11.14-本土乘风,88797122,2024-11-14 15:55:56,0.00,0,0,0.0%,0.0,0.0,0,0.00,0.0,0,0,0.0,0,0,0.0,0,0.0,0,0.0,0,0.0,0,0.0,0,0.0,0,0.0,0,0.0,0,0.0,0,0.0,0.00,0.0,0,0,0
700597217,搜索托管-春我悟-X白-关键词-11.14-本土乘风,被计划暂停,审核拒绝,搜索,商品7日总下单ROI,笔记（商品组件）,66d1349c000000001f03a5ec,59cde3b9db2e6029a99da214,视频笔记,655ebf2c60fa1b0001dd2183,搜索托管-合集2-X白-关键词-11.14-本土乘风,88797122,2024-11-14 15:55:56,0.00,0,0,0.0%,0.0,0.0,0,0.00,0.0,0,0,0.0,0,0,0.0,0,0.0,0,0.0,0,0.0,0,0.0,0,0.0,0,0.0,0,0.0,0,0.0,0,0.0,0.00,0.0,0,0,0
700597216,搜索托管-藏硬货-X白-关键词-11.14-本土乘风,暂停,审核拒绝,搜索,商品7日总下单ROI,笔记（商品组件）,672d7348000000003c014d2c,59cde3b9db2e6029a99da214,视频笔记,655ebf2c60fa1b0001dd2183,搜索托管-合集2-X白-关键词-11.14-本土乘风,88797122,2024-11-14 15:55:56,0.00,0,0,0.0%,0.0,0.0,0,0.00,0.0,0,0,0.0,0,0,0.0,0,0.0,0,0.0,0,0.0,0,0.0,0,0.0,0,0.0,0,0.0,0,0.0,0,0.0,0.00,0.0,0,0,0
700843009,搜索托管-养成透-X白-关键词-11.14-本土乘风,被计划暂停,审核通过,搜索,商品7日总下单ROI,笔记（商品组件）,671109d5000000001b02ccaf,59cde3b9db2e6029a99da214,图文笔记,6705f6f44cd289000101e982,搜索托管-合集-X白-关键词-11.14-本土乘风,88796924,2024-11-14 15:51:02,0.00,0,0,0.0%,0.0,0.0,0,0.00,0.0,0,0,0.0,0,0,0.0,0,0.0,0,0.0,0,0.0,0,0.0,0,0.0,0,0.0,0,0.0,0,0.0,0,0.0,0.00,0.0,0,0,0
700843008,搜索托管-季抗老-X白-关键词-11.14-本土乘风,暂停,审核通过,搜索,商品7日总下单ROI,笔记（商品组件）,66c70fae000000001f01533a,59cde3b9db2e6029a99da214,图文笔记,6705f6f44cd289000101e982,搜索托管-合集-X白-关键词-11.14-本土乘风,88796924,2024-11-14 15:51:02,0.00,0,0,0.0%,0.0,0.0,0,0.00,0.0,0,0,0.0,0,0,0.0,0,0.0,0,0.0,0,0.0,0,0.0,0,0.0,0,0.0,0,0.0,0,0.0,0,0.0,0.00,0.0,0,0,0
700843007,搜索托管-紧跟上-X白-关键词-11.14-本土乘风,暂停,审核通过,搜索,商品7日总下单ROI,笔记（商品组件）,65960506000000001e00ad0a,59cde3b9db2e6029a99da214,图文笔记,655ebf2c60fa1b0001dd2183,搜索托管-合集-X白-关键词-11.14-本土乘风,88796924,2024-11-14 15:51:02,0.00,0,0,0.0%,0.0,0.0,0,0.00,0.0,0,0,0.0,0,0,0.0,0,0.0,0,0.0,0,0.0,0,0.0,0,0.0,0,0.0,0,0.0,0,0.0,0,0.0,0.00,0.0,0,0,0
700843006,搜索托管-略来啦-X白-关键词-11.14-本土乘风,暂停,审核通过,搜索,商品7日总下单ROI,笔记（商品组件）,6662a971000000001500b32a,59cde3b9db2e6029a99da214,视频笔记,655ebf2c60fa1b0001dd2183,搜索托管-合集-X白-关键词-11.14-本土乘风,88796924,2024-11-14 15:51:02,0.00,0,0,0.0%,0.0,0.0,0,0.00,0.0,0,0,0.0,0,0,0.0,0,0.0,0,0.0,0,0.0,0,0.0,0,0.0,0,0.0,0,0.0,0,0.0,0,0.0,0.00,0.0,0,0,0
697635049,智R托管-换色号-白肌饮-定向-11.13-本土乘风,被计划暂停,审核通过,通投,商品7日总下单ROI,笔记（商品组件）,67120ba5000000001b02d886,59cde3b9db2e6029a99da214,视频笔记,655d9f4416c8df0001a7b75d,智R托管-合集2-白肌饮-定向-11.13-本土乘风,88646768,2024-11-13 14:56:34,0.00,0,0,0.0%,0.0,0.0,0,0.00,0.0,0,0,0.0,0,0,0.0,0,0.0,0,0.0,0,0.0,0,0.0,0,0.0,0,0.0,0,0.0,0,0.0,0,0.0,0.00,0.0,0,0,0
697635048,智R托管-灯泡肌-白肌饮-定向-11.13-本土乘风,被计划暂停,审核拒绝,通投,商品7日总下单ROI,笔记（商品组件）,66fa5aaa000000002c02b434,59cde3b9db2e6029a99da214,视频笔记,655d9f4416c8df0001a7b75d,智R托管-合集2-白肌饮-定向-11.13-本土乘风,88646768,2024-11-13 14:56:34,0.00,0,0,0.0%,0.0,0.0,0,0.00,0.0,0,0,0.0,0,0,0.0,0,0.0,0,0.0,0,0.0,0,0.0,0,0.0,0,0.0,0,0.0,0,0.0,0,0.0,0.00,0.0,0,0,0
697635047,智R托管-李亚男15-白肌饮-定向-11.13-本土乘风,暂停,审核通过,通投,商品7日总下单ROI,笔记（商品组件）,66befdd50000000005023996,59cde3b9db2e6029a99da214,图文笔记,66aae159df61610001617a19,智R托管-合集2-白肌饮-定向-11.13-本土乘风,88646768,2024-11-13 14:56:34,0.00,0,0,0.0%,0.0,0.0,0,0.00,0.0,0,0,0.0,0,0,0.0,0,0.0,0,0.0,0,0.0,0,0.0,0,0.0,0,0.0,0,0.0,0,0.0,0,0.0,0.00,0.0,0,0,0
697635046,智R托管-你先亮-白肌饮-定向-11.13-本土乘风,暂停,审核通过,通投,商品7日总下单ROI,笔记（商品组件）,66f67561000000002c02eed3,59cde3b9db2e6029a99da214,图文笔记,655d9f4416c8df0001a7b75d,智R托管-合集2-白肌饮-定向-11.13-本土乘风,88646768,2024-11-13 14:56:34,0.00,0,0,0.0%,0.0,0.0,0,0.00,0.0,0,0,0.0,0,0,0.0,0,0.0,0,0.0,0,0.0,0,0.0,0,0.0,0,0.0,0,0.0,0,0.0,0,0.0,0.00,0.0,0,0,0
697635045,智R托管-闪到没-白肌饮-定向-11.13-本土乘风,暂停,审核通过,通投,商品7日总下单ROI,笔记（商品组件）,6719fe00000000001b012588,59cde3b9db2e6029a99da214,视频笔记,655d9f4416c8df0001a7b75d,智R托管-合集2-白肌饮-定向-11.13-本土乘风,88646768,2024-11-13 14:56:34,0.00,0,0,0.0%,0.0,0.0,0,0.00,0.0,0,0,0.0,0,0,0.0,0,0.0,0,0.0,0,0.0,0,0.0,0,0.0,0,0.0,0,0.0,0,0.0,0,0.0,0.00,0.0,0,0,0
695193267,智R托管-别再搜-护肝片-定向-11.12-乘风,被计划暂停,审核通过,通投,商品7日总下单ROI,笔记（商品组件）,66b2c1500000000005023dc0,59cde3b9db2e6029a99da214,图文笔记,66a33cd3734bb900013d9b04,智R托管-别再搜-护肝片-定向-11.12-乘风,88510574,2024-11-12 17:48:32,0.00,0,0,0.0%,0.0,0.0,0,0.00,0.0,0,0,0.0,0,0,0.0,0,0.0,0,0.0,0,0.0,0,0.0,0,0.0,0,0.0,0,0.0,0,0.0,0,0.0,0.00,0.0,0,0,0
692503297,智R托管-具象化-护肝片-系统-11.11优化-本土乘风,被计划暂停,审核通过,通投,商品7日总下单ROI,笔记（商品组件）,66b348d0000000000503b254,59cde3b9db2e6029a99da214,图文笔记,66a33cd3734bb900013d9b04,智R托管-具象化-护肝片-系统-11.11优化-本土乘风,88343868,2024-11-11 17:56:30,0.00,0,0,0.0%,0.0,0.0,0,0.00,0.0,0,0,0.0,0,0,0.0,0,0.0,0,0.0,0,0.0,0,0.0,0,0.0,0,0.0,0,0.0,0,0.0,0,0.0,0.00,0.0,0,0,0
691745458,智R托管-大胆预-护肝片-系统-11.11优化-本土乘风,被计划暂停,审核通过,通投,商品7日总下单ROI,笔记（商品组件）,66aca1b90000000005031535,59cde3b9db2e6029a99da214,图文笔记,66a33cd3734bb900013d9b04,智R托管-大胆预-护肝片-系统-11.11优化-本土乘风,88319204,2024-11-11 14:57:46,0.00,0,0,0.0%,0.0,0.0,0,0.00,0.0,0,0,0.0,0,0,0.0,0,0.0,0,0.0,0,0.0,0,0.0,0,0.0,0,0.0,0,0.0,0,0.0,0,0.0,0.00,0.0,0,0,0
689055473,商销扩量-到了什-X白-系统-11.10-本土乘风,暂停,审核通过,通投,商品7日总下单ROI,笔记（商品组件）,670a3def000000001b02e82f,59cde3b9db2e6029a99da214,图文笔记,655ebf2c60fa1b0001dd2183,商销扩量-到了什-X白-系统-11.10-本土乘风,88180724,2024-11-10 14:53:34,0.00,0,0,0.0%,0.0,0.0,0,0.00,0.0,0,0,0.0,0,0,0.0,0,0.0,0,0.0,0,0.0,0,0.0,0,0.0,0,0.0,0,0.0,0,0.0,0,0.0,0.00,0.0,0,0,0
682756813,智R托管-阚清子7-AGX-系统-11.8-本土乘风,暂停,审核通过,通投,商品7日总下单ROI,笔记（商品组件）,672c96c9000000003c01f04b,59cde3b9db2e6029a99da214,视频笔记,655d999b3214c000016712e8,智R托管-阚清子8-AGX-系统-11.8-本土乘风,87867140,2024-11-08 11:03:43,0.00,0,0,0.0%,0.0,0.0,0,0.00,0.0,0,0,0.0,0,0,0.0,0,0.0,0,0.0,0,0.0,0,0.0,0,0.0,0,0.0,0,0.0,0,0.0,0,0.0,0.00,0.0,0,0,0
682756812,智R托管-阚清子8-AGX-系统-11.8-本土乘风,被计划暂停,审核通过,通投,商品7日总下单ROI,笔记（商品组件）,672c97af000000001d03b906,59cde3b9db2e6029a99da214,视频笔记,655d999b3214c000016712e8,智R托管-阚清子8-AGX-系统-11.8-本土乘风,87867140,2024-11-08 11:03:43,0.00,0,0,0.0%,0.0,0.0,0,0.00,0.0,0,0,0.0,0,0,0.0,0,0.0,0,0.0,0,0.0,0,0.0,0,0.0,0,0.0,0,0.0,0,0.0,0,0.0,0.00,0.0,0,0,0
682756811,智R托管-阚清子5-AGX-系统-11.8-本土乘风,暂停,审核通过,通投,商品7日总下单ROI,笔记（商品组件）,672b42b2000000003c01d94e,59cde3b9db2e6029a99da214,视频笔记,655d999b3214c000016712e8,智R托管-阚清子8-AGX-系统-11.8-本土乘风,87867140,2024-11-08 11:03:43,0.00,0,0,0.0%,0.0,0.0,0,0.00,0.0,0,0,0.0,0,0,0.0,0,0.0,0,0.0,0,0.0,0,0.0,0,0.0,0,0.0,0,0.0,0,0.0,0,0.0,0.00,0.0,0,0,0
682931899,智R托管-阚清子9-AGX-系统-11.8-本土乘风,被计划暂停,审核通过,通投,商品7日总下单ROI,笔记（商品组件）,672c9895000000001d03831a,59cde3b9db2e6029a99da214,视频笔记,655d999b3214c000016712e8,智R托管-阚清子合集-AGX-系统-11.8-本土乘风,87872991,2024-11-08 11:00:37,0.00,0,0,0.0%,0.0,0.0,0,0.00,0.0,0,0,0.0,0,0,0.0,0,0.0,0,0.0,0,0.0,0,0.0,0,0.0,0,0.0,0,0.0,0,0.0,0,0.0,0.00,0.0,0,0,0
682931898,智R托管-阚清子10-AGX-系统-11.8-本土乘风,被计划暂停,审核通过,通投,商品7日总下单ROI,笔记（商品组件）,672c994e000000003c01b928,59cde3b9db2e6029a99da214,视频笔记,6706865094a44c00014cb673,智R托管-阚清子合集-AGX-系统-11.8-本土乘风,87872991,2024-11-08 11:00:37,0.00,0,0,0.0%,0.0,0.0,0,0.00,0.0,0,0,0.0,0,0,0.0,0,0.0,0,0.0,0,0.0,0,0.0,0,0.0,0,0.0,0,0.0,0,0.0,0,0.0,0.00,0.0,0,0,0
682931897,智R托管-阚清子6-AGX-系统-11.8-本土乘风,暂停,审核通过,通投,商品7日总下单ROI,笔记（商品组件）,672c7891000000003c01b9c7,59cde3b9db2e6029a99da214,视频笔记,655d999b3214c000016712e8,智R托管-阚清子合集-AGX-系统-11.8-本土乘风,87872991,2024-11-08 11:00:37,0.00,0,0,0.0%,0.0,0.0,0,0.00,0.0,0,0,0.0,0,0,0.0,0,0.0,0,0.0,0,0.0,0,0.0,0,0.0,0,0.0,0,0.0,0,0.0,0,0.0,0.00,0.0,0,0,0
682931896,智R托管-阚清子4-AGX-系统-11.8-本土乘风,被计划暂停,审核通过,通投,商品7日总下单ROI,笔记（商品组件）,67282909000000003c0140e5,59cde3b9db2e6029a99da214,视频笔记,655d999b3214c000016712e8,智R托管-阚清子合集-AGX-系统-11.8-本土乘风,87872991,2024-11-08 11:00:37,0.00,0,0,0.0%,0.0,0.0,0,0.00,0.0,0,0,0.0,0,0,0.0,0,0.0,0,0.0,0,0.0,0,0.0,0,0.0,0,0.0,0,0.0,0,0.0,0,0.0,0.00,0.0,0,0,0
681084058,智R托管-不重视-软糖-系统-11.7-本土乘风,被计划暂停,审核拒绝,通投,商品7日总下单ROI,笔记（商品组件）,672c705e000000001a0347a9,59cde3b9db2e6029a99da214,图文笔记,66a33ba448950300019a1f80,智R托管-不重视-软糖-系统-11.7-本土乘风,87739855,2024-11-07 17:58:56,0.00,0,0,0.0%,0.0,0.0,0,0.00,0.0,0,0,0.0,0,0,0.0,0,0.0,0,0.0,0,0.0,0,0.0,0,0.0,0,0.0,0,0.0,0,0.0,0,0.0,0.00,0.0,0,0,0
680232404,智R托管-季抗老-X白-系统-11.7-本土乘风,暂停,审核通过,通投,商品7日总下单ROI,笔记（商品组件）,66c70fae000000001f01533a,59cde3b9db2e6029a99da214,图文笔记,6705f6f44cd289000101e982,智R托管-合集2-X白-系统-11.7-本土乘风,87714947,2024-11-07 14:49:19,0.00,0,0,0.0%,0.0,0.0,0,0.00,0.0,0,0,0.0,0,0,0.0,0,0.0,0,0.0,0,0.0,0,0.0,0,0.0,0,0.0,0,0.0,0,0.0,0,0.0,0.00,0.0,0,0,0
680232403,智R托管-养成透-X白-系统-11.7-本土乘风,被计划暂停,审核通过,通投,商品7日总下单ROI,笔记（商品组件）,671109d5000000001b02ccaf,59cde3b9db2e6029a99da214,图文笔记,6705f6f44cd289000101e982,智R托管-合集2-X白-系统-11.7-本土乘风,87714947,2024-11-07 14:49:19,0.00,0,0,0.0%,0.0,0.0,0,0.00,0.0,0,0,0.0,0,0,0.0,0,0.0,0,0.0,0,0.0,0,0.0,0,0.0,0,0.0,0,0.0,0,0.0,0,0.0,0.00,0.0,0,0,0
680172531,智R托管-产后疯-X白-系统-11.7-本土乘风,暂停,审核通过,通投,商品7日总下单ROI,笔记（商品组件）,665949a1000000000c01a7a8,59cde3b9db2e6029a99da214,视频笔记,655ebf2c60fa1b0001dd2183,智R托管-合集-X白-系统-11.7-本土乘风,87720762,2024-11-07 14:45:50,0.00,0,0,0.0%,0.0,0.0,0,0.00,0.0,0,0,0.0,0,0,0.0,0,0.0,0,0.0,0,0.0,0,0.0,0,0.0,0,0.0,0,0.0,0,0.0,0,0.0,0.00,0.0,0,0,0
680172530,智R托管-变白净-X白-系统-11.7-本土乘风,暂停,审核通过,通投,商品7日总下单ROI,笔记（商品组件）,67232174000000003c015a8b,59cde3b9db2e6029a99da214,图文笔记,655ebf2c60fa1b0001dd2183,智R托管-合集-X白-系统-11.7-本土乘风,87720762,2024-11-07 14:45:50,0.00,0,0,0.0%,0.0,0.0,0,0.00,0.0,0,0,0.0,0,0,0.0,0,0.0,0,0.0,0,0.0,0,0.0,0,0.0,0,0.0,0,0.0,0,0.0,0,0.0,0.00,0.0,0,0,0
680172529,智R托管-轻光彩-X白-系统-11.7-本土乘风,暂停,审核通过,通投,商品7日总下单ROI,笔记（商品组件）,66851fe10000000005005591,59cde3b9db2e6029a99da214,图文笔记,655ebf2c60fa1b0001dd2183,智R托管-合集-X白-系统-11.7-本土乘风,87720762,2024-11-07 14:45:50,0.00,0,0,0.0%,0.0,0.0,0,0.00,0.0,0,0,0.0,0,0,0.0,0,0.0,0,0.0,0,0.0,0,0.0,0,0.0,0,0.0,0,0.0,0,0.0,0,0.0,0.00,0.0,0,0,0
680285695,智R托管-黄黑速-白肌饮-定向-11.7-本土乘风,暂停,审核通过,通投,商品7日总下单ROI,笔记（商品组件）,67249f3b000000003c01bccb,59cde3b9db2e6029a99da214,视频笔记,655d9f4416c8df0001a7b75d,智R托管-合集2-白肌饮-定向-11.7-本土乘风,87702502,2024-11-07 14:37:05,0.00,0,0,0.0%,0.0,0.0,0,0.00,0.0,0,0,0.0,0,0,0.0,0,0.0,0,0.0,0,0.0,0,0.0,0,0.0,0,0.0,0,0.0,0,0.0,0,0.0,0.00,0.0,0,0,0
680285694,智R托管-变美法-白肌饮-定向-11.7-本土乘风,被计划暂停,审核通过,通投,商品7日总下单ROI,笔记（商品组件）,671b7968000000001b0133f3,59cde3b9db2e6029a99da214,图文笔记,655d9f4416c8df0001a7b75d,智R托管-合集2-白肌饮-定向-11.7-本土乘风,87702502,2024-11-07 14:37:05,0.00,0,0,0.0%,0.0,0.0,0,0.00,0.0,0,0,0.0,0,0,0.0,0,0.0,0,0.0,0,0.0,0,0.0,0,0.0,0,0.0,0,0.0,0,0.0,0,0.0,0.00,0.0,0,0,0
680285693,智R托管-肤色亮-白肌饮-定向-11.7-本土乘风,暂停,审核通过,通投,商品7日总下单ROI,笔记（商品组件）,66d04a2c000000001f017ea0,59cde3b9db2e6029a99da214,视频笔记,655d9f4416c8df0001a7b75d,智R托管-合集2-白肌饮-定向-11.7-本土乘风,87702502,2024-11-07 14:37:05,0.00,0,0,0.0%,0.0,0.0,0,0.00,0.0,0,0,0.0,0,0,0.0,0,0.0,0,0.0,0,0.0,0,0.0,0,0.0,0,0.0,0,0.0,0,0.0,0,0.0,0.00,0.0,0,0,0
680285692,智R托管-有冷皮-白肌饮-定向-11.7-本土乘风,被计划暂停,审核通过,通投,商品7日总下单ROI,笔记（商品组件）,672b0257000000003c014ae4,59cde3b9db2e6029a99da214,图文笔记,655d9f4416c8df0001a7b75d,智R托管-合集2-白肌饮-定向-11.7-本土乘风,87702502,2024-11-07 14:37:05,0.00,0,0,0.0%,0.0,0.0,0,0.00,0.0,0,0,0.0,0,0,0.0,0,0.0,0,0.0,0,0.0,0,0.0,0,0.0,0,0.0,0,0.0,0,0.0,0,0.0,0.00,0.0,0,0,0
680285691,智R托管-灯泡肌-白肌饮-定向-11.7-本土乘风,暂停,审核通过,通投,商品7日总下单ROI,笔记（商品组件）,66fa5aaa000000002c02b434,59cde3b9db2e6029a99da214,视频笔记,655d9f4416c8df0001a7b75d,智R托管-合集2-白肌饮-定向-11.7-本土乘风,87702502,2024-11-07 14:37:05,0.00,0,0,0.0%,0.0,0.0,0,0.00,0.0,0,0,0.0,0,0,0.0,0,0.0,0,0.0,0,0.0,0,0.0,0,0.0,0,0.0,0,0.0,0,0.0,0,0.0,0.00,0.0,0,0,0
680285690,智R托管-触底反-白肌饮-定向-11.7-本土乘风,暂停,审核通过,通投,商品7日总下单ROI,笔记（商品组件）,66ec03fa0000000026032f86,59cde3b9db2e6029a99da214,图文笔记,655d9f4416c8df0001a7b75d,智R托管-合集2-白肌饮-定向-11.7-本土乘风,87702502,2024-11-07 14:37:05,0.00,0,0,0.0%,0.0,0.0,0,0.00,0.0,0,0,0.0,0,0,0.0,0,0.0,0,0.0,0,0.0,0,0.0,0,0.0,0,0.0,0,0.0,0,0.0,0,0.0,0.00,0.0,0,0,0
680160752,智R托管-依旧亮-白肌饮-定向-11.7-本土乘风,被计划暂停,审核通过,通投,商品7日总下单ROI,笔记（商品组件）,6708c455000000002c02e4fc,59cde3b9db2e6029a99da214,视频笔记,655d9f4416c8df0001a7b75d,智R托管-合集-白肌饮-定向-11.7-本土乘风,87696318,2024-11-07 14:28:25,0.00,0,0,0.0%,0.0,0.0,0,0.00,0.0,0,0,0.0,0,0,0.0,0,0.0,0,0.0,0,0.0,0,0.0,0,0.0,0,0.0,0,0.0,0,0.0,0,0.0,0.00,0.0,0,0,0
680160751,智R托管-贵妇圈-白肌饮-定向-11.7-本土乘风,暂停,审核通过,通投,商品7日总下单ROI,笔记（商品组件）,671efaec000000001b02fcaa,59cde3b9db2e6029a99da214,视频笔记,655d9f4416c8df0001a7b75d,智R托管-合集-白肌饮-定向-11.7-本土乘风,87696318,2024-11-07 14:28:25,0.00,0,0,0.0%,0.0,0.0,0,0.00,0.0,0,0,0.0,0,0,0.0,0,0.0,0,0.0,0,0.0,0,0.0,0,0.0,0,0.0,0,0.0,0,0.0,0,0.0,0.00,0.0,0,0,0
680160750,智R托管-秋冬黄-白肌饮-定向-11.7-本土乘风,被计划暂停,审核通过,通投,商品7日总下单ROI,笔记（商品组件）,6707886d000000002a0335eb,59cde3b9db2e6029a99da214,视频笔记,655d9f4416c8df0001a7b75d,智R托管-合集-白肌饮-定向-11.7-本土乘风,87696318,2024-11-07 14:28:25,0.00,0,0,0.0%,0.0,0.0,0,0.00,0.0,0,0,0.0,0,0,0.0,0,0.0,0,0.0,0,0.0,0,0.0,0,0.0,0,0.0,0,0.0,0,0.0,0,0.0,0.00,0.0,0,0,0
680160749,智R托管-色山头-白肌饮-定向-11.7-本土乘风,暂停,审核通过,通投,商品7日总下单ROI,笔记（商品组件）,66d9830c000000002603d04a,59cde3b9db2e6029a99da214,视频笔记,655d9f4416c8df0001a7b75d,智R托管-合集-白肌饮-定向-11.7-本土乘风,87696318,2024-11-07 14:28:25,0.00,0,0,0.0%,0.0,0.0,0,0.00,0.0,0,0,0.0,0,0,0.0,0,0.0,0,0.0,0,0.0,0,0.0,0,0.0,0,0.0,0,0.0,0,0.0,0,0.0,0.00,0.0,0,0,0
680160748,智R托管-全身雪-白肌饮-定向-11.7-本土乘风,被计划暂停,审核通过,通投,商品7日总下单ROI,笔记（商品组件）,65fab5c6000000001203689f,59cde3b9db2e6029a99da214,图文笔记,655d9f4416c8df0001a7b75d,智R托管-合集-白肌饮-定向-11.7-本土乘风,87696318,2024-11-07 14:28:25,0.00,0,0,0.0%,0.0,0.0,0,0.00,0.0,0,0,0.0,0,0,0.0,0,0.0,0,0.0,0,0.0,0,0.0,0,0.0,0,0.0,0,0.0,0,0.0,0,0.0,0.00,0.0,0,0,0
679196695,智R托管-充盈感-护肝片-系统-11.7-本土乘风,被计划暂停,审核通过,通投,商品7日总下单ROI,笔记（商品组件）,672b2349000000001a037aeb,59cde3b9db2e6029a99da214,图文笔记,66a33cd3734bb900013d9b04,智R托管-充盈感-护肝片-系统-11.7-本土乘风,87662086,2024-11-07 09:02:50,0.00,0,0,0.0%,0.0,0.0,0,0.00,0.0,0,0,0.0,0,0,0.0,0,0.0,0,0.0,0,0.0,0,0.0,0,0.0,0,0.0,0,0.0,0,0.0,0,0.0,0.00,0.0,0,0,0
676601677,智R托管-拒绝姨-X白-系统-11.6复制-本土乘风,被计划暂停,审核通过,通投,商品7日总下单ROI,笔记（商品组件）,66f370c6000000002a036fee,59cde3b9db2e6029a99da214,图文笔记,6602936b9146850001289881,智R托管-拒绝姨-X白-系统-11.6复制-本土乘风,87537547,2024-11-06 11:57:06,0.00,0,0,0.0%,0.0,0.0,0,0.00,0.0,0,0,0.0,0,0,0.0,0,0.0,0,0.0,0,0.0,0,0.0,0,0.0,0,0.0,0,0.0,0,0.0,0,0.0,0.00,0.0,0,0,0
676178738,智R托管-小腰快-纤颜冻-定向-11.6-本土乘风,被计划暂停,审核通过,通投,商品7日总下单ROI,笔记（商品组件）,671b7442000000001402f9bc,59cde3b9db2e6029a99da214,图文笔记,670f7b51c42e3d0001f6933b,智R托管-合集-纤颜冻-定向-11.6-本土乘风,87537308,2024-11-06 11:49:38,0.00,0,0,0.0%,0.0,0.0,0,0.00,0.0,0,0,0.0,0,0,0.0,0,0.0,0,0.0,0,0.0,0,0.0,0,0.0,0,0.0,0,0.0,0,0.0,0,0.0,0.00,0.0,0,0,0
676178737,智R托管-底冲刺-纤颜冻-定向-11.6-本土乘风,暂停,审核拒绝,通投,商品7日总下单ROI,笔记（商品组件）,67235655000000001a035175,59cde3b9db2e6029a99da214,图文笔记,670f7b51c42e3d0001f6933b,智R托管-合集-纤颜冻-定向-11.6-本土乘风,87537308,2024-11-06 11:49:38,0.00,0,0,0.0%,0.0,0.0,0,0.00,0.0,0,0,0.0,0,0,0.0,0,0.0,0,0.0,0,0.0,0,0.0,0,0.0,0,0.0,0,0.0,0,0.0,0,0.0,0.00,0.0,0,0,0
676178736,智R托管-字管理-纤颜冻-定向-11.6-本土乘风,被计划暂停,审核通过,通投,商品7日总下单ROI,笔记（商品组件）,66c2ef7a000000001f03d1d2,59cde3b9db2e6029a99da214,视频笔记,660293cf3b4dcf0001ccc97d,智R托管-合集-纤颜冻-定向-11.6-本土乘风,87537308,2024-11-06 11:49:38,0.00,0,0,0.0%,0.0,0.0,0,0.00,0.0,0,0,0.0,0,0,0.0,0,0.0,0,0.0,0,0.0,0,0.0,0,0.0,0,0.0,0,0.0,0,0.0,0,0.0,0.00,0.0,0,0,0
676178735,智R托管-易暴食-纤颜冻-定向-11.6-本土乘风,被计划暂停,审核通过,通投,商品7日总下单ROI,笔记（商品组件）,66e537760000000027000df7,59cde3b9db2e6029a99da214,图文笔记,66050f1cd391df0001790a4d,智R托管-合集-纤颜冻-定向-11.6-本土乘风,87537308,2024-11-06 11:49:38,0.00,0,0,0.0%,0.0,0.0,0,0.00,0.0,0,0,0.0,0,0,0.0,0,0.0,0,0.0,0,0.0,0,0.0,0,0.0,0,0.0,0,0.0,0,0.0,0,0.0,0.00,0.0,0,0,0
676403983,智R托管-工人小-护肝片-定向-11.6-本土乘风,被计划暂停,审核通过,通投,商品7日总下单ROI,笔记（商品组件）,671aee6f000000001b02cade,59cde3b9db2e6029a99da214,图文笔记,66a33cd3734bb900013d9b04,智R托管-合集-护肝片-定向-11.6-本土乘风,87542586,2024-11-06 11:36:47,0.00,0,0,0.0%,0.0,0.0,0,0.00,0.0,0,0,0.0,0,0,0.0,0,0.0,0,0.0,0,0.0,0,0.0,0,0.0,0,0.0,0,0.0,0,0.0,0,0.0,0.00,0.0,0,0,0
676403982,智R托管-羊elsa-护肝片-定向-11.6-本土乘风,被计划暂停,审核通过,通投,商品7日总下单ROI,笔记（商品组件）,671873f3000000001b02c58d,59cde3b9db2e6029a99da214,视频笔记,66a33cd3734bb900013d9b04,智R托管-合集-护肝片-定向-11.6-本土乘风,87542586,2024-11-06 11:36:47,0.00,0,0,0.0%,0.0,0.0,0,0.00,0.0,0,0,0.0,0,0,0.0,0,0.0,0,0.0,0,0.0,0,0.0,0,0.0,0,0.0,0,0.0,0,0.0,0,0.0,0.00,0.0,0,0,0
676403981,智R托管-大胆预-护肝片-定向-11.6-本土乘风,被计划暂停,审核通过,通投,商品7日总下单ROI,笔记（商品组件）,66aca1b90000000005031535,59cde3b9db2e6029a99da214,图文笔记,66a33cd3734bb900013d9b04,智R托管-合集-护肝片-定向-11.6-本土乘风,87542586,2024-11-06 11:36:47,0.00,0,0,0.0%,0.0,0.0,0,0.00,0.0,0,0,0.0,0,0,0.0,0,0.0,0,0.0,0,0.0,0,0.0,0,0.0,0,0.0,0,0.0,0,0.0,0,0.0,0.00,0.0,0,0,0
673460522,智R托管-分层补-驱动饮-定向-11.5,被计划暂停,审核通过,通投,商品7日总下单ROI,笔记（商品组件）,6724adf6000000003c01d7fe,59cde3b9db2e6029a99da214,视频笔记,662b5c49853c0300010a6c80,智R托管-合集-驱动饮-定向-11.5,87336192,2024-11-05 11:25:08,0.00,0,0,0.0%,0.0,0.0,0,0.00,0.0,0,0,0.0,0,0,0.0,0,0.0,0,0.0,0,0.0,0,0.0,0,0.0,0,0.0,0,0.0,0,0.0,0,0.0,0.00,0.0,0,0,0
673460521,智R托管-垮脸报恩-驱动饮-定向-11.5,被计划暂停,审核通过,通投,商品7日总下单ROI,笔记（商品组件）,67288d55000000003c015f2f,59cde3b9db2e6029a99da214,图文笔记,662b5c49853c0300010a6c80,智R托管-合集-驱动饮-定向-11.5,87336192,2024-11-05 11:25:08,0.00,0,0,0.0%,0.0,0.0,0,0.00,0.0,0,0,0.0,0,0,0.0,0,0.0,0,0.0,0,0.0,0,0.0,0,0.0,0,0.0,0,0.0,0,0.0,0,0.0,0.00,0.0,0,0,0
673269890,智R托管-春密码-X白-定向-11.5,暂停,审核通过,通投,商品7日总下单ROI,笔记（商品组件）,671b4bfd000000001402e7b6,59cde3b9db2e6029a99da214,图文笔记,6705f6f44cd289000101e982,智R托管-合集-X白-定向-11.5,87341223,2024-11-05 10:59:40,0.00,0,0,0.0%,0.0,0.0,0,0.00,0.0,0,0,0.0,0,0,0.0,0,0.0,0,0.0,0,0.0,0,0.0,0,0.0,0,0.0,0,0.0,0,0.0,0,0.0,0.00,0.0,0,0,0
673269889,智R托管-学女明-X白-定向-11.5,被计划暂停,审核拒绝,通投,商品7日总下单ROI,笔记（商品组件）,663c94a0000000001e0278ee,59cde3b9db2e6029a99da214,图文笔记,655ebf2c60fa1b0001dd2183,智R托管-合集-X白-定向-11.5,87341223,2024-11-05 10:59:40,0.00,0,0,0.0%,0.0,0.0,0,0.00,0.0,0,0,0.0,0,0,0.0,0,0.0,0,0.0,0,0.0,0,0.0,0,0.0,0,0.0,0,0.0,0,0.0,0,0.0,0.00,0.0,0,0,0
673269888,智R托管-养成半-X白-定向-11.5,暂停,审核通过,通投,商品7日总下单ROI,笔记（商品组件）,66f52544000000002c014fe6,59cde3b9db2e6029a99da214,视频笔记,670554d8eb6ef200015a293f,智R托管-合集-X白-定向-11.5,87341223,2024-11-05 10:59:40,0.00,0,0,0.0%,0.0,0.0,0,0.00,0.0,0,0,0.0,0,0,0.0,0,0.0,0,0.0,0,0.0,0,0.0,0,0.0,0,0.0,0,0.0,0,0.0,0,0.0,0.00,0.0,0,0,0
673261213,智R托管-辰亦儒1-AGX-定向-11.5-本土乘风,暂停,审核拒绝,通投,商品7日总下单ROI,笔记（商品组件）,67242f20000000001d03a1c0,59cde3b9db2e6029a99da214,图文笔记,655d999b3214c000016712e8,智R托管-辰亦儒合集-AGX-定向-11.5-本土乘风,87358210,2024-11-05 10:42:13,0.00,0,0,0.0%,0.0,0.0,0,0.00,0.0,0,0,0.0,0,0,0.0,0,0.0,0,0.0,0,0.0,0,0.0,0,0.0,0,0.0,0,0.0,0,0.0,0,0.0,0.00,0.0,0,0,0
673261212,智R托管-辰亦儒4-AGX-定向-11.5-本土乘风,被计划暂停,审核通过,通投,商品7日总下单ROI,笔记（商品组件）,67246df7000000003c01a399,59cde3b9db2e6029a99da214,视频笔记,655d999b3214c000016712e8,智R托管-辰亦儒合集-AGX-定向-11.5-本土乘风,87358210,2024-11-05 10:42:13,0.00,0,0,0.0%,0.0,0.0,0,0.00,0.0,0,0,0.0,0,0,0.0,0,0.0,0,0.0,0,0.0,0,0.0,0,0.0,0,0.0,0,0.0,0,0.0,0,0.0,0.00,0.0,0,0,0
673261211,智R托管-辰亦儒2-AGX-定向-11.5-本土乘风,暂停,审核通过,通投,商品7日总下单ROI,笔记（商品组件）,67243788000000001d03a9aa,59cde3b9db2e6029a99da214,视频笔记,655d999b3214c000016712e8,智R托管-辰亦儒合集-AGX-定向-11.5-本土乘风,87358210,2024-11-05 10:42:13,0.00,0,0,0.0%,0.0,0.0,0,0.00,0.0,0,0,0.0,0,0,0.0,0,0.0,0,0.0,0,0.0,0,0.0,0,0.0,0,0.0,0,0.0,0,0.0,0,0.0,0.00,0.0,0,0,0
664083320,智R托管-身白月-白肌饮-系统-11.1-本土乘风,被计划暂停,审核通过,通投,商品7日总下单ROI,笔记（商品组件）,670f79e50000000016023615,59cde3b9db2e6029a99da214,图文笔记,655d9f4416c8df0001a7b75d,智R-身白月-白肌饮-系统-11.1-本土乘风,86867605,2024-11-01 16:50:05,0.00,0,0,0.0%,0.0,0.0,0,0.00,0.0,0,0,0.0,0,0,0.0,0,0.0,0,0.0,0,0.0,0,0.0,0,0.0,0,0.0,0,0.0,0,0.0,0,0.0,0.00,0.0,0,0,0
664192984,智R托管-蓝盈莹35-AGX-系统-11.25优化-本土乘风,被计划暂停,审核通过,通投,商品7日总下单ROI,笔记（商品组件）,67079e1d000000002c029382,59cde3b9db2e6029a99da214,视频笔记,655d999b3214c000016712e8,智R托管-蓝盈莹35-AGX-系统-11.25优化-本土乘风,86867118,2024-11-01 16:37:42,0.00,0,0,0.0%,0.0,0.0,0,0.00,0.0,0,0,0.0,0,0,0.0,0,0.0,0,0.0,0,0.0,0,0.0,0,0.0,0,0.0,0,0.0,0,0.0,0,0.0,0.00,0.0,0,0,0
663778187,智R托管-羊elsa-护肝片-系统-11.1-本土乘风,被计划暂停,审核通过,通投,商品7日总下单ROI,笔记（商品组件）,671873f3000000001b02c58d,59cde3b9db2e6029a99da214,视频笔记,66a33cd3734bb900013d9b04,智R托管-羊elsa-护肝片-系统-11.1-本土乘风,86846910,2024-11-01 15:15:27,0.00,0,0,0.0%,0.0,0.0,0,0.00,0.0,0,0,0.0,0,0,0.0,0,0.0,0,0.0,0,0.0,0,0.0,0,0.0,0,0.0,0,0.0,0,0.0,0,0.0,0.00,0.0,0,0,0
663714804,智R托管-巢开始-软糖-系统-11.1-本土乘风,被计划暂停,审核拒绝,通投,商品7日总下单ROI,笔记（商品组件）,671205a8000000001402f13e,59cde3b9db2e6029a99da214,视频笔记,66a33ba448950300019a1f80,智R托管-巢开始-软糖-系统-11.1-本土乘风,86833841,2024-11-01 15:07:54,0.00,0,0,0.0%,0.0,0.0,0,0.00,0.0,0,0,0.0,0,0,0.0,0,0.0,0,0.0,0,0.0,0,0.0,0,0.0,0,0.0,0,0.0,0,0.0,0,0.0,0.00,0.0,0,0,0
660646273,智R托管-大胆预-护肝片-系统-10.31优化-乘风,被计划暂停,审核通过,通投,商品7日总下单ROI,笔记（商品组件）,66aca1b90000000005031535,59cde3b9db2e6029a99da214,图文笔记,66a33cd3734bb900013d9b04,智R托管-大胆预-护肝片-系统-10.31优化-乘风,86634166,2024-10-31 11:50:06,0.00,0,0,0.0%,0.0,0.0,0,0.00,0.0,0,0,0.0,0,0,0.0,0,0.0,0,0.0,0,0.0,0,0.0,0,0.0,0,0.0,0,0.0,0,0.0,0,0.0,0.00,0.0,0,0,0
660470609,智R托管-近路变-软糖-系统-10.31-乘风,被计划暂停,审核通过,通投,商品7日总下单ROI,笔记（商品组件）,6722f136000000003c014b72,59cde3b9db2e6029a99da214,视频笔记,66a33ba448950300019a1f80,智R托管-近路变-软糖-系统-10.31-乘风,86634036,2024-10-31 11:46:35,0.00,0,0,0.0%,0.0,0.0,0,0.00,0.0,0,0,0.0,0,0,0.0,0,0.0,0,0.0,0,0.0,0,0.0,0,0.0,0,0.0,0,0.0,0,0.0,0,0.0,0.00,0.0,0,0,0
655924363,智R托管-选三抗-粉钻面膜-系统-10.29-本土乘风,被计划暂停,审核通过,通投,商品7日总下单ROI,笔记（商品组件）,6718cf5d000000001b03df76,665c705e0000000007004d3e,图文笔记,66aa1121274e5300010ec762,智R托管-选三抗-粉钻面膜-系统-10.29-本土乘风,86375172,2024-10-29 16:06:59,0.00,0,0,0.0%,0.0,0.0,0,0.00,0.0,0,0,0.0,0,0,0.0,0,0.0,0,0.0,0,0.0,0,0.0,0,0.0,0,0.0,0,0.0,0,0.0,0,0.0,0.00,0.0,0,0,0
655654819,智R托管-对手吗-GQ-定向-10.29-本土乘风,被计划暂停,审核通过,通投,商品7日总下单ROI,笔记（商品组件）,66d06a5f000000001f039ad2,59cde3b9db2e6029a99da214,图文笔记,66aae536b81ac20001a5795e,智R托管-合集-GQ-定向-10.29-本土乘风,86357377,2024-10-29 15:23:51,0.00,0,0,0.0%,0.0,0.0,0,0.00,0.0,0,0,0.0,0,0,0.0,0,0.0,0,0.0,0,0.0,0,0.0,0,0.0,0,0.0,0,0.0,0,0.0,0,0.0,0.00,0.0,0,0,0
655654818,智R托管-漂亮底-GQ-定向-10.29-本土乘风,暂停,审核通过,通投,商品7日总下单ROI,笔记（商品组件）,6719b67f0000000016020b77,59cde3b9db2e6029a99da214,图文笔记,66aae536b81ac20001a5795e,智R托管-合集-GQ-定向-10.29-本土乘风,86357377,2024-10-29 15:23:51,0.00,0,0,0.0%,0.0,0.0,0,0.00,0.0,0,0,0.0,0,0,0.0,0,0.0,0,0.0,0,0.0,0,0.0,0,0.0,0,0.0,0,0.0,0,0.0,0,0.0,0.00,0.0,0,0,0
655654817,智R托管-内行人-GQ-定向-10.29-本土乘风,被计划暂停,审核通过,通投,商品7日总下单ROI,笔记（商品组件）,66ac9171000000000d0302a4,59cde3b9db2e6029a99da214,视频笔记,66aae536b81ac20001a5795e,智R托管-合集-GQ-定向-10.29-本土乘风,86357377,2024-10-29 15:23:51,0.00,0,0,0.0%,0.0,0.0,0,0.00,0.0,0,0,0.0,0,0,0.0,0,0.0,0,0.0,0,0.0,0,0.0,0,0.0,0,0.0,0,0.0,0,0.0,0,0.0,0.00,0.0,0,0,0
655654816,智R托管-这样回-GQ-定向-10.29-本土乘风,暂停,审核通过,通投,商品7日总下单ROI,笔记（商品组件）,6710899d000000001b011009,59cde3b9db2e6029a99da214,图文笔记,66aae536b81ac20001a5795e,智R托管-合集-GQ-定向-10.29-本土乘风,86357377,2024-10-29 15:23:51,0.00,0,0,0.0%,0.0,0.0,0,0.00,0.0,0,0,0.0,0,0,0.0,0,0.0,0,0.0,0,0.0,0,0.0,0,0.0,0,0.0,0,0.0,0,0.0,0,0.0,0.00,0.0,0,0,0
654868378,智R放量-速来g-粉钻精华-定向-10.29-本土乘风,被计划暂停,审核通过,通投,商品7日总下单ROI,笔记（商品组件）,66ebe6fa0000000012011727,665c705e0000000007004d3e,视频笔记,66aa10bca9bd4d00015a43db,智R放量-合集-粉钻精华-定向-10.29-本土乘风,86313582,2024-10-29 10:58:14,0.00,0,0,0.0%,0.0,0.0,0,0.00,0.0,0,0,0.0,0,0,0.0,0,0.0,0,0.0,0,0.0,0,0.0,0,0.0,0,0.0,0,0.0,0,0.0,0,0.0,0.00,0.0,0,0,0
654868377,智R放量-是贵妇-粉钻精华-定向-10.29-本土乘风,被计划暂停,审核通过,通投,商品7日总下单ROI,笔记（商品组件）,6708d449000000001a020bda,665c705e0000000007004d3e,图文笔记,66aa10bca9bd4d00015a43db,智R放量-合集-粉钻精华-定向-10.29-本土乘风,86313582,2024-10-29 10:58:14,0.00,0,0,0.0%,0.0,0.0,0,0.00,0.0,0,0,0.0,0,0,0.0,0,0.0,0,0.0,0,0.0,0,0.0,0,0.0,0,0.0,0,0.0,0,0.0,0,0.0,0.00,0.0,0,0,0
654868376,智R放量-从肌肤-粉钻精华-定向-10.29-本土乘风,被计划暂停,审核通过,通投,商品7日总下单ROI,笔记（商品组件）,66f4b143000000001902cb02,665c705e0000000007004d3e,视频笔记,66aa10bca9bd4d00015a43db,智R放量-合集-粉钻精华-定向-10.29-本土乘风,86313582,2024-10-29 10:58:14,0.00,0,0,0.0%,0.0,0.0,0,0.00,0.0,0,0,0.0,0,0,0.0,0,0.0,0,0.0,0,0.0,0,0.0,0,0.0,0,0.0,0,0.0,0,0.0,0,0.0,0.00,0.0,0,0,0
654868375,智R放量-的密码-粉钻精华-定向-10.29-本土乘风,被计划暂停,审核通过,通投,商品7日总下单ROI,笔记（商品组件）,66f52ebd000000001902e496,665c705e0000000007004d3e,图文笔记,66aa10bca9bd4d00015a43db,智R放量-合集-粉钻精华-定向-10.29-本土乘风,86313582,2024-10-29 10:58:14,0.00,0,0,0.0%,0.0,0.0,0,0.00,0.0,0,0,0.0,0,0,0.0,0,0.0,0,0.0,0,0.0,0,0.0,0,0.0,0,0.0,0,0.0,0,0.0,0,0.0,0.00,0.0,0,0,0
654983753,智R放量-就是猛-粉钻精华-系统-10.29-本土乘风,被计划暂停,审核通过,通投,商品7日总下单ROI,笔记（商品组件）,66d0367e000000001d019218,665c705e0000000007004d3e,图文笔记,66aa10bca9bd4d00015a43db,智R放量-合集-粉钻精华-系统-10.29-本土乘风,86307714,2024-10-29 10:54:47,0.00,0,0,0.0%,0.0,0.0,0,0.00,0.0,0,0,0.0,0,0,0.0,0,0.0,0,0.0,0,0.0,0,0.0,0,0.0,0,0.0,0,0.0,0,0.0,0,0.0,0.00,0.0,0,0,0
654983752,智R放量-夜回春-粉钻精华-系统-10.29-本土乘风,被计划暂停,审核通过,通投,商品7日总下单ROI,笔记（商品组件）,670cecdc0000000026036c01,665c705e0000000007004d3e,视频笔记,66aa10bca9bd4d00015a43db,智R放量-合集-粉钻精华-系统-10.29-本土乘风,86307714,2024-10-29 10:54:47,0.00,0,0,0.0%,0.0,0.0,0,0.00,0.0,0,0,0.0,0,0,0.0,0,0.0,0,0.0,0,0.0,0,0.0,0,0.0,0,0.0,0,0.0,0,0.0,0,0.0,0.00,0.0,0,0,0
654983751,智R放量-的杀伤-粉钻精华-系统-10.29-本土乘风,被计划暂停,审核通过,通投,商品7日总下单ROI,笔记（商品组件）,6710e4240000000024015b31,665c705e0000000007004d3e,图文笔记,66aa10bca9bd4d00015a43db,智R放量-合集-粉钻精华-系统-10.29-本土乘风,86307714,2024-10-29 10:54:47,0.00,0,0,0.0%,0.0,0.0,0,0.00,0.0,0,0,0.0,0,0,0.0,0,0.0,0,0.0,0,0.0,0,0.0,0,0.0,0,0.0,0,0.0,0,0.0,0,0.0,0.00,0.0,0,0,0
654983750,智R放量-抗王炸-粉钻精华-系统-10.29-本土乘风,被计划暂停,审核通过,通投,商品7日总下单ROI,笔记（商品组件）,66cdbb75000000001d0149c9,665c705e0000000007004d3e,图文笔记,66aa10bca9bd4d00015a43db,智R放量-合集-粉钻精华-系统-10.29-本土乘风,86307714,2024-10-29 10:54:47,0.00,0,0,0.0%,0.0,0.0,0,0.00,0.0,0,0,0.0,0,0,0.0,0,0.0,0,0.0,0,0.0,0,0.0,0,0.0,0,0.0,0,0.0,0,0.0,0,0.0,0.00,0.0,0,0,0
653698062,智R托管-娲捏脸-粉钻面膜-系统-10.28优化-乘风,被计划暂停,审核通过,通投,商品7日总下单ROI,笔记（商品组件）,66d820e8000000000c019e91,665c705e0000000007004d3e,图文笔记,66aa1121274e5300010ec762,智R托管-娲捏脸-粉钻面膜-系统-10.28优化-乘风,86235388,2024-10-28 18:16:50,0.00,0,0,0.0%,0.0,0.0,0,0.00,0.0,0,0,0.0,0,0,0.0,0,0.0,0,0.0,0,0.0,0,0.0,0,0.0,0,0.0,0,0.0,0,0.0,0,0.0,0.00,0.0,0,0,0
653697226,智R托管-衰黑马-粉钻CP-系统-10.28优化-乘风,被计划暂停,审核通过,通投,商品7日总下单ROI,笔记（商品组件）,66d7baf70000000012011601,665c705e0000000007004d3e,图文笔记,6699e12e76267a000109b8d5,智R托管-衰黑马-粉钻CP-系统-10.28优化-乘风,86227869,2024-10-28 18:12:10,0.00,0,0,0.0%,0.0,0.0,0,0.00,0.0,0,0,0.0,0,0,0.0,0,0.0,0,0.0,0,0.0,0,0.0,0,0.0,0,0.0,0,0.0,0,0.0,0,0.0,0.00,0.0,0,0,0
653754760,智R托管-的存在-碳酸面膜-定向-10.28-本土乘风,被计划暂停,审核通过,通投,商品7日总下单ROI,笔记（商品组件）,65d445050000000001029304,59cde3b9db2e6029a99da214,图文笔记,66036fa3b3a57a0001eedbc7,智R托管-的存在-碳酸面膜-定向-10.28-本土乘风,86252191,2024-10-28 18:08:53,0.00,0,0,0.0%,0.0,0.0,0,0.00,0.0,0,0,0.0,0,0,0.0,0,0.0,0,0.0,0,0.0,0,0.0,0,0.0,0,0.0,0,0.0,0,0.0,0,0.0,0.00,0.0,0,0,0
653693047,智R托管-这样回-GQ-定向-10.28-本土乘风,暂停,审核通过,通投,商品7日总下单ROI,笔记（商品组件）,6710899d000000001b011009,59cde3b9db2e6029a99da214,图文笔记,66aae536b81ac20001a5795e,智R托管-这样回-GQ-定向-10.28-本土乘风,86227525,2024-10-28 18:01:51,0.00,0,0,0.0%,0.0,0.0,0,0.00,0.0,0,0,0.0,0,0,0.0,0,0.0,0,0.0,0,0.0,0,0.0,0,0.0,0,0.0,0,0.0,0,0.0,0,0.0,0.00,0.0,0,0,0
653808664,智R托管-晚胶原-GQ-定向-10.28-本土乘风,被计划暂停,审核拒绝,通投,商品7日总下单ROI,笔记（商品组件）,670a1300000000001b011d04,59cde3b9db2e6029a99da214,视频笔记,66aae536b81ac20001a5795e,智R托管-晚胶原-GQ-定向-10.28-本土乘风,86232234,2024-10-28 17:57:59,0.00,0,0,0.0%,0.0,0.0,0,0.00,0.0,0,0,0.0,0,0,0.0,0,0.0,0,0.0,0,0.0,0,0.0,0,0.0,0,0.0,0,0.0,0,0.0,0,0.0,0.00,0.0,0,0,0
653571181,智R托管-张曼慢慢长胖-粉钻CP-系统-10.28优化-乘风,被计划暂停,审核通过,通投,商品7日总下单ROI,笔记（商品组件）,66e5299e000000001e01ab53,665c705e0000000007004d3e,视频笔记,6699e12e76267a000109b8d5,智R托管-张曼慢慢长胖-粉钻CP-系统-10.28优化-乘风,86223231,2024-10-28 16:07:36,0.00,0,0,0.0%,0.0,0.0,0,0.00,0.0,0,0,0.0,0,0,0.0,0,0.0,0,0.0,0,0.0,0,0.0,0,0.0,0,0.0,0,0.0,0,0.0,0,0.0,0.00,0.0,0,0,0
652467708,智R托管-轻松K-AGX-定向-10.28-本土乘风,暂停,审核通过,通投,商品7日总下单ROI,笔记（商品组件）,66d02dc0000000001f0145e4,59cde3b9db2e6029a99da214,视频笔记,655d999b3214c000016712e8,智R托管-轻松K-AGX-定向-10.28-本土乘风,86162465,2024-10-28 11:40:10,0.00,0,0,0.0%,0.0,0.0,0,0.00,0.0,0,0,0.0,0,0,0.0,0,0.0,0,0.0,0,0.0,0,0.0,0,0.0,0,0.0,0,0.0,0,0.0,0,0.0,0.00,0.0,0,0,0
652308616,智R托管-溜好肌-粉钻精华-系统-10.28-乘风-视觉视频,被计划暂停,审核通过,通投,商品7日总下单ROI,笔记（商品组件）,671b6c3c00000000260377f8,665c705e0000000007004d3e,视频笔记,66aa10bca9bd4d00015a43db,智R托管-溜好肌-粉钻精华-系统-10.28-乘风-视觉视频,86146510,2024-10-28 10:29:32,0.00,0,0,0.0%,0.0,0.0,0,0.00,0.0,0,0,0.0,0,0,0.0,0,0.0,0,0.0,0,0.0,0,0.0,0,0.0,0,0.0,0,0.0,0,0.0,0,0.0,0.00,0.0,0,0,0
652366169,智R托管-好双眼-护眼丸-系统-10.28-乘风,被计划暂停,审核通过,通投,商品7日总下单ROI,笔记（商品组件）,671aecbc000000001402d858,59cde3b9db2e6029a99da214,图文笔记,66d80f390eae5900018bbc15,智R托管-好双眼-护眼丸-系统-10.28-乘风,86140780,2024-10-28 10:26:57,0.00,0,0,0.0%,0.0,0.0,0,0.00,0.0,0,0,0.0,0,0,0.0,0,0.0,0,0.0,0,0.0,0,0.0,0,0.0,0,0.0,0,0.0,0,0.0,0,0.0,0.00,0.0,0,0,0
651961006,智R托管-速来g-粉钻精华-系统-10.28-本土乘风,被计划暂停,审核通过,通投,商品7日总下单ROI,笔记（商品组件）,66ebe6fa0000000012011727,665c705e0000000007004d3e,视频笔记,66aa10bca9bd4d00015a43db,智R托管-合集2-粉钻精华-系统-10.28-本土乘风,86138090,2024-10-28 08:57:21,0.00,0,0,0.0%,0.0,0.0,0,0.00,0.0,0,0,0.0,0,0,0.0,0,0.0,0,0.0,0,0.0,0,0.0,0,0.0,0,0.0,0,0.0,0,0.0,0,0.0,0.00,0.0,0,0,0
651841810,智R托管-是贵妇-粉钻精华-系统-10.28-本土乘风,被计划暂停,审核通过,通投,商品7日总下单ROI,笔记（商品组件）,6708d449000000001a020bda,665c705e0000000007004d3e,图文笔记,66aa10bca9bd4d00015a43db,智R托管-合集2-粉钻精华-系统-10.28-本土乘风,86138090,2024-10-28 08:56:43,0.00,0,0,0.0%,0.0,0.0,0,0.00,0.0,0,0,0.0,0,0,0.0,0,0.0,0,0.0,0,0.0,0,0.0,0,0.0,0,0.0,0,0.0,0,0.0,0,0.0,0.00,0.0,0,0,0
651841809,智R托管-从肌肤-粉钻精华-系统-10.28-本土乘风,被计划暂停,审核通过,通投,商品7日总下单ROI,笔记（商品组件）,66f4b143000000001902cb02,665c705e0000000007004d3e,视频笔记,66aa10bca9bd4d00015a43db,智R托管-合集2-粉钻精华-系统-10.28-本土乘风,86138090,2024-10-28 08:56:43,0.00,0,0,0.0%,0.0,0.0,0,0.00,0.0,0,0,0.0,0,0,0.0,0,0.0,0,0.0,0,0.0,0,0.0,0,0.0,0,0.0,0,0.0,0,0.0,0,0.0,0.00,0.0,0,0,0
651841808,智R托管-的密码-粉钻精华-系统-10.28-本土乘风,被计划暂停,审核通过,通投,商品7日总下单ROI,笔记（商品组件）,66f52ebd000000001902e496,665c705e0000000007004d3e,图文笔记,66aa10bca9bd4d00015a43db,智R托管-合集2-粉钻精华-系统-10.28-本土乘风,86138090,2024-10-28 08:56:43,0.00,0,0,0.0%,0.0,0.0,0,0.00,0.0,0,0,0.0,0,0,0.0,0,0.0,0,0.0,0,0.0,0,0.0,0,0.0,0,0.0,0,0.0,0,0.0,0,0.0,0.00,0.0,0,0,0
651901814,智R托管-就是猛-粉钻精华-系统-10.28-本土乘风,被计划暂停,审核通过,通投,商品7日总下单ROI,笔记（商品组件）,66d0367e000000001d019218,665c705e0000000007004d3e,图文笔记,66aa10bca9bd4d00015a43db,智R托管-合集-粉钻精华-系统-10.28-本土乘风,86132416,2024-10-28 08:55:17,0.00,0,0,0.0%,0.0,0.0,0,0.00,0.0,0,0,0.0,0,0,0.0,0,0.0,0,0.0,0,0.0,0,0.0,0,0.0,0,0.0,0,0.0,0,0.0,0,0.0,0.00,0.0,0,0,0
651901813,智R托管-夜回春-粉钻精华-系统-10.28-本土乘风,被计划暂停,审核通过,通投,商品7日总下单ROI,笔记（商品组件）,670cecdc0000000026036c01,665c705e0000000007004d3e,视频笔记,66aa10bca9bd4d00015a43db,智R托管-合集-粉钻精华-系统-10.28-本土乘风,86132416,2024-10-28 08:55:17,0.00,0,0,0.0%,0.0,0.0,0,0.00,0.0,0,0,0.0,0,0,0.0,0,0.0,0,0.0,0,0.0,0,0.0,0,0.0,0,0.0,0,0.0,0,0.0,0,0.0,0.00,0.0,0,0,0
651901812,智R托管-的杀伤-粉钻精华-系统-10.28-本土乘风,被计划暂停,审核通过,通投,商品7日总下单ROI,笔记（商品组件）,6710e4240000000024015b31,665c705e0000000007004d3e,图文笔记,66aa10bca9bd4d00015a43db,智R托管-合集-粉钻精华-系统-10.28-本土乘风,86132416,2024-10-28 08:55:17,0.00,0,0,0.0%,0.0,0.0,0,0.00,0.0,0,0,0.0,0,0,0.0,0,0.0,0,0.0,0,0.0,0,0.0,0,0.0,0,0.0,0,0.0,0,0.0,0,0.0,0.00,0.0,0,0,0
651901811,智R托管-抗王炸-粉钻精华-系统-10.28-本土乘风,被计划暂停,审核通过,通投,商品7日总下单ROI,笔记（商品组件）,66cdbb75000000001d0149c9,665c705e0000000007004d3e,图文笔记,66aa10bca9bd4d00015a43db,智R托管-合集-粉钻精华-系统-10.28-本土乘风,86132416,2024-10-28 08:55:17,0.00,0,0,0.0%,0.0,0.0,0,0.00,0.0,0,0,0.0,0,0,0.0,0,0.0,0,0.0,0,0.0,0,0.0,0,0.0,0,0.0,0,0.0,0,0.0,0,0.0,0.00,0.0,0,0,0
652078260,智R托管-SAVI-新品防晒直投-系统-10.28-本土乘风,被计划暂停,审核通过,通投,商品7日总下单ROI,笔记（商品组件）,666185e6000000000600667f,548826d62e1d933605ca5b70,图文笔记,660bd1f663221900016c7c0d,智R托管-合集-新品防晒直投-系统-10.28-本土乘风,86113652,2024-10-28 08:52:51,0.00,0,0,0.0%,0.0,0.0,0,0.00,0.0,0,0,0.0,0,0,0.0,0,0.0,0,0.0,0,0.0,0,0.0,0,0.0,0,0.0,0,0.0,0,0.0,0,0.0,0.00,0.0,0,0,0
652078259,智R托管-洛桂花儿-新品防晒直投-系统-10.28-本土乘风,被计划暂停,审核通过,通投,商品7日总下单ROI,笔记（商品组件）,66433aca000000001e02f3a1,627b58f300000000210212b1,视频笔记,660bd1f663221900016c7c0d,智R托管-合集-新品防晒直投-系统-10.28-本土乘风,86113652,2024-10-28 08:52:51,0.00,0,0,0.0%,0.0,0.0,0,0.00,0.0,0,0,0.0,0,0,0.0,0,0.0,0,0.0,0,0.0,0,0.0,0,0.0,0,0.0,0,0.0,0,0.0,0,0.0,0.00,0.0,0,0,0
652078258,智R托管-小羊就是我-新品防晒直投-系统-10.28-本土乘风,被计划暂停,审核通过,通投,商品7日总下单ROI,笔记（商品组件）,6686c40d000000001c024364,61e02e0e0000000010007b06,图文笔记,660bd1f663221900016c7c0d,智R托管-合集-新品防晒直投-系统-10.28-本土乘风,86113652,2024-10-28 08:52:51,0.00,0,0,0.0%,0.0,0.0,0,0.00,0.0,0,0,0.0,0,0,0.0,0,0.0,0,0.0,0,0.0,0,0.0,0,0.0,0,0.0,0,0.0,0,0.0,0,0.0,0.00,0.0,0,0,0
650120462,智R托管-等于没-粉钻CP-系统-10.27-本土乘风_20241027_101154,被计划暂停,审核通过,通投,商品7日总下单ROI,笔记（商品组件）,66f919a0000000001b02365c,665c705e0000000007004d3e,视频笔记,66aa1121274e5300010ec762,智R托管-合集-粉钻面膜-系统-10.27-本土乘风,86028224,2024-10-27 10:14:09,0.00,0,0,0.0%,0.0,0.0,0,0.00,0.0,0,0,0.0,0,0,0.0,0,0.0,0,0.0,0,0.0,0,0.0,0,0.0,0,0.0,0,0.0,0,0.0,0,0.0,0.00,0.0,0,0,0
650120461,智R托管-保养进-粉钻面膜-系统-10.27-本土乘风,被计划暂停,审核通过,通投,商品7日总下单ROI,笔记（商品组件）,66e10c10000000000c01a3b6,665c705e0000000007004d3e,图文笔记,66aa1121274e5300010ec762,智R托管-合集-粉钻面膜-系统-10.27-本土乘风,86028224,2024-10-27 10:14:09,0.00,0,0,0.0%,0.0,0.0,0,0.00,0.0,0,0,0.0,0,0,0.0,0,0.0,0,0.0,0,0.0,0,0.0,0,0.0,0,0.0,0,0.0,0,0.0,0,0.0,0.00,0.0,0,0,0
650120460,智R托管-抗老届-粉钻面膜-系统-10.27-本土乘风,被计划暂停,审核通过,通投,商品7日总下单ROI,笔记（商品组件）,66f64b2a000000001a0230ef,665c705e0000000007004d3e,图文笔记,66aa1121274e5300010ec762,智R托管-合集-粉钻面膜-系统-10.27-本土乘风,86028224,2024-10-27 10:14:09,0.00,0,0,0.0%,0.0,0.0,0,0.00,0.0,0,0,0.0,0,0,0.0,0,0.0,0,0.0,0,0.0,0,0.0,0,0.0,0,0.0,0,0.0,0,0.0,0,0.0,0.00,0.0,0,0,0
650120459,智R托管-拜您嘞-粉钻面膜-系统-10.27-本土乘风,被计划暂停,审核通过,通投,商品7日总下单ROI,笔记（商品组件）,66bc81230000000025031329,665c705e0000000007004d3e,图文笔记,66aa1121274e5300010ec762,智R托管-合集-粉钻面膜-系统-10.27-本土乘风,86028224,2024-10-27 10:14:09,0.00,0,0,0.0%,0.0,0.0,0,0.00,0.0,0,0,0.0,0,0,0.0,0,0.0,0,0.0,0,0.0,0,0.0,0,0.0,0,0.0,0,0.0,0,0.0,0,0.0,0.00,0.0,0,0,0
650120458,智R托管-天塌脸-粉钻面膜-系统-10.27-本土乘风,被计划暂停,审核通过,通投,商品7日总下单ROI,笔记（商品组件）,66b3287e000000001e01f9c7,665c705e0000000007004d3e,图文笔记,66aa1121274e5300010ec762,智R托管-合集-粉钻面膜-系统-10.27-本土乘风,86028224,2024-10-27 10:14:09,0.00,0,0,0.0%,0.0,0.0,0,0.00,0.0,0,0,0.0,0,0,0.0,0,0.0,0,0.0,0,0.0,0,0.0,0,0.0,0,0.0,0,0.0,0,0.0,0,0.0,0.00,0.0,0,0,0
650354137,智R托管-抗主宰-粉钻CP-系统-10.27-本土乘风,被计划暂停,审核通过,通投,商品7日总下单ROI,笔记（商品组件）,6719a556000000002401a872,665c705e0000000007004d3e,图文笔记,6699e12e76267a000109b8d5,智R托管-合集-粉钻CP-系统-10.27-本土乘风,86045273,2024-10-27 10:10:33,0.00,0,0,0.0%,0.0,0.0,0,0.00,0.0,0,0,0.0,0,0,0.0,0,0.0,0,0.0,0,0.0,0,0.0,0,0.0,0,0.0,0,0.0,0,0.0,0,0.0,0.00,0.0,0,0,0
650354136,智R托管-春利器-粉钻CP-系统-10.27-本土乘风,被计划暂停,审核通过,通投,商品7日总下单ROI,笔记（商品组件）,6710dbbb0000000024017e05,665c705e0000000007004d3e,视频笔记,6699e12e76267a000109b8d5,智R托管-合集-粉钻CP-系统-10.27-本土乘风,86045273,2024-10-27 10:10:33,0.00,0,0,0.0%,0.0,0.0,0,0.00,0.0,0,0,0.0,0,0,0.0,0,0.0,0,0.0,0,0.0,0,0.0,0,0.0,0,0.0,0,0.0,0,0.0,0,0.0,0.00,0.0,0,0,0
650354135,智R托管-求你用-粉钻CP-系统-10.27-本土乘风,被计划暂停,审核通过,通投,商品7日总下单ROI,笔记（商品组件）,6709eed90000000021003ac4,665c705e0000000007004d3e,视频笔记,6699e12e76267a000109b8d5,智R托管-合集-粉钻CP-系统-10.27-本土乘风,86045273,2024-10-27 10:10:33,0.00,0,0,0.0%,0.0,0.0,0,0.00,0.0,0,0,0.0,0,0,0.0,0,0.0,0,0.0,0,0.0,0,0.0,0,0.0,0,0.0,0,0.0,0,0.0,0,0.0,0.00,0.0,0,0,0
650354134,智R托管-到发光-粉钻CP-系统-10.27-本土乘风,被计划暂停,审核通过,通投,商品7日总下单ROI,笔记（商品组件）,66e23b5b000000000c0194cc,665c705e0000000007004d3e,图文笔记,6699e12e76267a000109b8d5,智R托管-合集-粉钻CP-系统-10.27-本土乘风,86045273,2024-10-27 10:10:33,0.00,0,0,0.0%,0.0,0.0,0,0.00,0.0,0,0,0.0,0,0,0.0,0,0.0,0,0.0,0,0.0,0,0.0,0,0.0,0,0.0,0,0.0,0,0.0,0,0.0,0.00,0.0,0,0,0
650117548,智R托管-的存在-碳酸面膜-系统-10.27-本土乘风,被计划暂停,审核通过,通投,商品7日总下单ROI,笔记（商品组件）,65d445050000000001029304,59cde3b9db2e6029a99da214,图文笔记,66036fa3b3a57a0001eedbc7,智R托管-合集-碳酸面膜-系统-10.27-本土乘风,86022464,2024-10-27 10:08:32,0.00,0,0,0.0%,0.0,0.0,0,0.00,0.0,0,0,0.0,0,0,0.0,0,0.0,0,0.0,0,0.0,0,0.0,0,0.0,0,0.0,0,0.0,0,0.0,0,0.0,0.00,0.0,0,0,0
650117547,智R托管-肌的神-碳酸面膜-系统-10.27-本土乘风,被计划暂停,审核通过,通投,商品7日总下单ROI,笔记（商品组件）,65965302000000001101e550,59cde3b9db2e6029a99da214,图文笔记,66036fa3b3a57a0001eedbc7,智R托管-合集-碳酸面膜-系统-10.27-本土乘风,86022464,2024-10-27 10:08:32,0.00,0,0,0.0%,0.0,0.0,0,0.00,0.0,0,0,0.0,0,0,0.0,0,0.0,0,0.0,0,0.0,0,0.0,0,0.0,0,0.0,0,0.0,0,0.0,0,0.0,0.00,0.0,0,0,0
650176081,智R托管-普通面-碳酸面膜-系统-10.27-本土乘风,被计划暂停,审核拒绝,通投,商品7日总下单ROI,笔记（商品组件）,658c0176000000001a0032ba,59cde3b9db2e6029a99da214,图文笔记,66036fa3b3a57a0001eedbc7,智R托管-普通面-碳酸面膜-系统-10.27-本土乘风,86028084,2024-10-27 10:05:47,0.00,0,0,0.0%,0.0,0.0,0,0.00,0.0,0,0,0.0,0,0,0.0,0,0.0,0,0.0,0,0.0,0,0.0,0,0.0,0,0.0,0,0.0,0,0.0,0,0.0,0.00,0.0,0,0,0
645144283,智R托管-工人小-护肝片-系统-10.25-乘风,被计划暂停,审核通过,通投,商品7日总下单ROI,笔记（商品组件）,671aee6f000000001b02cade,59cde3b9db2e6029a99da214,图文笔记,66a33cd3734bb900013d9b04,智R托管-工人小-护肝片-系统-10.25-乘风,85746086,2024-10-25 10:08:21,0.00,0,0,0.0%,0.0,0.0,0,0.00,0.0,0,0,0.0,0,0,0.0,0,0.0,0,0.0,0,0.0,0,0.0,0,0.0,0,0.0,0,0.0,0,0.0,0,0.0,0.00,0.0,0,0,0
