创意ID,创意名称,创意状态,创意审核状态,广告类型,推广目标,创意类型,笔记/素材ID,作者ID,笔记类型,计划名称,计划ID,创意创建时间,消费,展现量,点击量,点击率,平均点击成本,平均千次展示费用,直播间观看次数,直播间观看成本,直播间平均停留时长,直播间新增粉丝数量,直播间5s观看次数,直播间5s观看成本,直播间评论次数,直播间30s观看次数,直播间30s观看成本,7日总商品访客量,7日总商品访客成本,7日总商品加购量,7日总商品加购成本,7日总下单订单量,7日总下单订单成本,7日总下单金额,7日总下单ROI,7日总支付订单量,7日总支付订单成本,7日总支付金额,7日总支付ROI,直播间直接下单订单量,直播间直接下单订单成本,直播间直接下单金额,直播间直接下单ROI,直播间直接支付订单量,直播间直接支付订单成本,直播间直接支付金额,直播间直接支付ROI,店铺新客商品访问量,店铺新客支付订单量,店铺新客支付金额
-,合计899条记录,-,-,-,-,-,-,-,-,-,-,-,3.57,22,1,4.55%,3.57,162.27,0,0.00,0.0,0,0,0.0,0,0,0.0,0,0.0,0,0.0,0,0.0,0.0,0.0,0,0.0,0.0,0.0,0,0.0,0.0,0.0,0,0.0,0.00,0.0,0,0,0.0
4700327473,直播通投托管-直播笔记-自产-福利速抢-系统-ROI-5.11,计划处于暂停时段,审核通过,通投,直播间直接支付ROI,笔记（直播组件）,690dbde0000000000402319f,5c6e75ba000000001201be11,视频笔记,直播通投托管-直播笔记-自产-福利速抢-系统-ROI-5.11,193329794,2026-05-11 13:45:49,0.00,0,0,0.0%,0.0,0.0,0,0.00,0.0,0,0,0.0,0,0,0.0,0,0.0,0,0.0,0,0.0,0,0.0,0,0.0,0,0.0,0,0.0,0,0.0,0,0.0,0.00,0.0,0,0,0
4700019207,直播通投托管-粉底液-自产-穿白T-系统-ROI-2026.5.11,计划处于暂停时段,审核通过,通投,直播间直接支付ROI,笔记（直播组件）,69eae508000000001f00153c,5c6e75ba000000001201be11,视频笔记,直播通投托管-粉底液-自产-穿白T-系统-ROI-2026.5.11,193329590,2026-05-11 13:43:03,0.00,0,0,0.0%,0.0,0.0,0,0.00,0.0,0,0,0.0,0,0,0.0,0,0.0,0,0.0,0,0.0,0,0.0,0,0.0,0,0.0,0,0.0,0,0.0,0,0.0,0.00,0.0,0,0,0
4569886865,直播通投托管-波波杯-混剪-轻盈好有型-直播人群-ROI-2026.4.30,被计划暂停,审核通过,通投,直播间直接支付ROI,笔记（直播组件）,69eb19ac0000000022024a80,5c6e75ba000000001201be11,视频笔记,直播通投托管-波波杯-混剪-轻盈好有型-直播人群-ROI-2026.4.30,190559001,2026-04-30 15:06:27,0.00,0,0,0.0%,0.0,0.0,0,0.00,0.0,0,0,0.0,0,0,0.0,0,0.0,0,0.0,0,0.0,0,0.0,0,0.0,0,0.0,0,0.0,0,0.0,0,0.0,0.00,0.0,0,0,0
4492687545,直播通投托管-粉底液-自产-穿白T-直播人群-ROI-2026.4.24,被计划暂停,审核通过,通投,直播间直接支付ROI,笔记（直播组件）,69eae508000000001f00153c,5c6e75ba000000001201be11,视频笔记,直播通投托管-粉底液-自产-穿白T-直播人群-ROI-2026.4.24,188562616,2026-04-24 11:54:45,0.00,1,0,0.0%,0.0,0.0,0,0.00,0.0,0,0,0.0,0,0,0.0,0,0.0,0,0.0,0,0.0,0.0,0.0,0,0.0,0.0,0.0,0,0.0,0.0,0.0,0,0.0,0.00,0.0,0,0,0.0
4492599274,直播通投托管-波波杯-混剪-优雅感-直播人群-ROI-2026.4.24,计划处于暂停时段,审核通过,通投,直播间直接支付ROI,笔记（直播组件）,69e9ba0000000000230076d3,5c6e75ba000000001201be11,视频笔记,直播通投托管-波波杯-混剪-优雅感-直播人群-ROI-2026.4.24,188582327,2026-04-24 11:53:43,0.09,1,0,0.0%,0.0,90.0,0,0.00,0.0,0,0,0.0,0,0,0.0,0,0.0,0,0.0,0,0.0,0.0,0.0,0,0.0,0.0,0.0,0,0.0,0.0,0.0,0,0.0,0.00,0.0,0,0,0.0
4457427862,直播通投托管-小时光-自产-就爱上-细节装饰（36+）-ROI-2026.4.21,计划处于暂停时段,审核通过,通投,直播间直接支付ROI,笔记（直播组件）,69e598ca000000001f005abd,5c6e75ba000000001201be11,视频笔记,直播通投托管-小时光-自产-就爱上-细节装饰（36+）-ROI-2026.4.21,187802952,2026-04-21 17:15:39,0.00,0,0,0.0%,0.0,0.0,0,0.00,0.0,0,0,0.0,0,0,0.0,0,0.0,0,0.0,0,0.0,0,0.0,0,0.0,0,0.0,0,0.0,0,0.0,0,0.0,0.00,0.0,0,0,0
4423681464,直播通投托管-经典大胸-自产-谁说大胸-轻奢人群（36+）-ROI-4.18,被计划暂停,审核通过,通投,直播间直接支付ROI,笔记（直播组件）,6971a091000000001a02d168,5c6e75ba000000001201be11,视频笔记,直播通投托管-经典大胸-自产-谁说大胸-轻奢人群（36+）-ROI-4.18,187119717,2026-04-18 21:04:29,0.00,0,0,0.0%,0.0,0.0,0,0.00,0.0,0,0,0.0,0,0,0.0,0,0.0,0,0.0,0,0.0,0,0.0,0,0.0,0,0.0,0,0.0,0,0.0,0,0.0,0.00,0.0,0,0,0
4423520289,直播通投托管-波波杯-自产-美依礼芽爆款-灵犀AIPS人群-ROI-2026.4.18,计划处于暂停时段,审核通过,通投,直播间直接支付ROI,笔记（直播组件）,69c4f796000000002800b278,5c6e75ba000000001201be11,视频笔记,直播通投托管-波波杯-自产-美依礼芽爆款-灵犀AIPS人群-ROI-2026.4.18,187114227,2026-04-18 21:02:54,0.00,1,0,0.0%,0.0,0.0,0,0.00,0.0,0,0,0.0,0,0,0.0,0,0.0,0,0.0,0,0.0,0.0,0.0,0,0.0,0.0,0.0,0,0.0,0.0,0.0,0,0.0,0.00,0.0,0,0,0.0
4423567969,直播通投托管-粉底液-自产-聚拢又隐形-直播人群-ROI-2026.4.18,计划处于暂停时段,审核通过,通投,直播间直接支付ROI,笔记（直播组件）,69e207b2000000001e00c96a,5c6e75ba000000001201be11,视频笔记,直播通投托管-粉底液-自产-聚拢又隐形-直播人群-ROI-2026.4.18,187119587,2026-04-18 20:58:38,0.00,0,0,0.0%,0.0,0.0,0,0.00,0.0,0,0,0.0,0,0,0.0,0,0.0,0,0.0,0,0.0,0,0.0,0,0.0,0,0.0,0,0.0,0,0.0,0,0.0,0.00,0.0,0,0,0
4409490395,直播通投托管-救星杯-自产-空气感春夏（广）-细节装饰（36+）-ROI-2026.4.17,计划处于暂停时段,审核通过,通投,直播间直接支付ROI,笔记（直播组件）,69ce165b000000001f004761,5c6e75ba000000001201be11,视频笔记,直播通投托管-救星杯-自产-空气感春夏（广）-细节装饰（36+）-ROI-2026.4.17,186843706,2026-04-17 16:05:11,0.00,0,0,0.0%,0.0,0.0,0,0.00,0.0,0,0,0.0,0,0,0.0,0,0.0,0,0.0,0,0.0,0,0.0,0,0.0,0,0.0,0,0.0,0,0.0,0,0.0,0.00,0.0,0,0,0
4404679895,直播通投托管-小时光-自产-就爱上-细节装饰（36+）-ROI-2026.4.17,被计划暂停,审核通过,通投,直播间直接支付ROI,笔记（直播组件）,69e0a58c000000001e00e633,5c6e75ba000000001201be11,视频笔记,直播通投托管-小时光-自产-就爱上-细节装饰（36+）-ROI-2026.4.17,186722642,2026-04-17 09:20:14,0.00,0,0,0.0%,0.0,0.0,0,0.00,0.0,0,0,0.0,0,0,0.0,0,0.0,0,0.0,0,0.0,0,0.0,0,0.0,0,0.0,0,0.0,0,0.0,0,0.0,0.00,0.0,0,0,0
4404709570,直播通投托管-救星杯-自产-给到一个夯（广）-直播人群-ROI-4.17,计划处于暂停时段,审核通过,通投,直播间直接支付ROI,笔记（直播组件）,69e086b40000000022003598,5c6e75ba000000001201be11,视频笔记,直播通投托管-救星杯-自产-给到一个夯（广）-直播人群-ROI-4.17,186722607,2026-04-17 09:18:49,0.00,5,0,0.0%,0.0,0.0,0,0.00,0.0,0,0,0.0,0,0,0.0,0,0.0,0,0.0,0,0.0,0.0,0.0,0,0.0,0.0,0.0,0,0.0,0.0,0.0,0,0.0,0.00,0.0,0,0,0.0
4394069824,直播通投托管-救星杯-自产-内衣太懂了-细节装饰（36+）-ROI-2026.4.16,被计划暂停,审核拒绝,通投,直播间直接支付ROI,笔记（直播组件）,69cf1a140000000028009b6e,5c6e75ba000000001201be11,视频笔记,直播通投托管-救星杯-自产-内衣太懂了-细节装饰（36+）-ROI-2026.4.16,186474516,2026-04-16 12:58:34,0.00,0,0,0.0%,0.0,0.0,0,0.00,0.0,0,0,0.0,0,0,0.0,0,0.0,0,0.0,0,0.0,0,0.0,0,0.0,0,0.0,0,0.0,0,0.0,0,0.0,0.00,0.0,0,0,0
4393464215,直播通投托管-波波杯-自产-很曼妙-灵犀AIPS人群-ROI-2026.4.16,被计划暂停,审核通过,通投,直播间直接支付ROI,笔记（直播组件）,69ddb4dd000000001b002b1f,5c6e75ba000000001201be11,视频笔记,直播通投托管-波波杯-自产-很曼妙-灵犀AIPS人群-ROI-2026.4.16,186467216,2026-04-16 12:04:32,0.00,0,0,0.0%,0.0,0.0,0,0.00,0.0,0,0,0.0,0,0,0.0,0,0.0,0,0.0,0,0.0,0,0.0,0,0.0,0,0.0,0,0.0,0,0.0,0,0.0,0.00,0.0,0,0,0
4359682370,直播通投托管-波波杯-自产-显瘦内衣-灵犀AIPS人群-ROI-2026.4.13,计划处于暂停时段,审核通过,通投,直播间直接支付ROI,笔记（直播组件）,69b36e5800000000040030bd,5c6e75ba000000001201be11,视频笔记,直播通投托管-波波杯-自产-显瘦内衣-灵犀AIPS人群-ROI-2026.4.13,185816414,2026-04-13 18:20:13,0.00,2,0,0.0%,0.0,0.0,0,0.00,0.0,0,0,0.0,0,0,0.0,0,0.0,0,0.0,0,0.0,0.0,0.0,0,0.0,0.0,0.0,0,0.0,0.0,0.0,0,0.0,0.00,0.0,0,0,0.0
4356601248,直播通投托管-救星杯-自产-给到一个夯-直播人群-ROI-4.13,被计划暂停,审核拒绝,通投,直播间直接支付ROI,笔记（直播组件）,69dc875d000000002301e647,5c6e75ba000000001201be11,视频笔记,直播通投托管-救星杯-自产-给到一个夯-直播人群-ROI-4.13,185720487,2026-04-13 14:15:36,0.00,0,0,0.0%,0.0,0.0,0,0.00,0.0,0,0,0.0,0,0,0.0,0,0.0,0,0.0,0,0.0,0,0.0,0,0.0,0,0.0,0,0.0,0,0.0,0,0.0,0.00,0.0,0,0,0
4356248045,直播通投托管-救星杯-自产-夯爆了（广）-直播人群-ROI-4.13,计划处于暂停时段,审核通过,通投,直播间直接支付ROI,笔记（直播组件）,69dc839e00000000210136b7,5c6e75ba000000001201be11,视频笔记,直播通投托管-救星杯-自产-夯爆了（广）-直播人群-ROI-4.13,185708853,2026-04-13 13:55:59,0.00,0,0,0.0%,0.0,0.0,0,0.00,0.0,0,0,0.0,0,0,0.0,0,0.0,0,0.0,0,0.0,0,0.0,0,0.0,0,0.0,0,0.0,0,0.0,0,0.0,0.00,0.0,0,0,0
4356137649,直播通投托管-波波杯-自产-纸片人内衣-灵犀AIPS人群-ROI-4.13,被计划暂停,审核通过,通投,直播间直接支付ROI,笔记（直播组件）,69364779000000001e02d173,5c6e75ba000000001201be11,图文笔记,直播通投托管-波波杯-自产-纸片人内衣-灵犀AIPS人群-ROI-4.13,185693174,2026-04-13 13:54:23,0.00,0,0,0.0%,0.0,0.0,0,0.00,0.0,0,0,0.0,0,0,0.0,0,0.0,0,0.0,0,0.0,0,0.0,0,0.0,0,0.0,0,0.0,0,0.0,0,0.0,0.00,0.0,0,0,0
4356133975,直播通投托管-波波杯-混剪-大胸天菜-灵犀AIPS人群-ROI-2026.4.13,计划处于暂停时段,审核通过,通投,直播间直接支付ROI,笔记（直播组件）,69bcacb2000000001f007455,5c6e75ba000000001201be11,视频笔记,直播通投托管-波波杯-混剪-大胸天菜-灵犀AIPS人群-ROI-2026.4.13,185693092,2026-04-13 13:52:36,0.00,0,0,0.0%,0.0,0.0,0,0.00,0.0,0,0,0.0,0,0,0.0,0,0.0,0,0.0,0,0.0,0,0.0,0,0.0,0,0.0,0,0.0,0,0.0,0,0.0,0.00,0.0,0,0,0
4322778513,直播通投托管-波波杯-自产-大胸穿上-直播人群-ROI-2026.4.10,被计划暂停,审核通过,通投,直播间直接支付ROI,笔记（直播组件）,698f0ec7000000001a02088c,5c6e75ba000000001201be11,视频笔记,直播通投托管-波波杯-自产-大胸穿上-直播人群-ROI-2026.4.10,185219422,2026-04-10 14:57:56,0.00,0,0,0.0%,0.0,0.0,0,0.00,0.0,0,0,0.0,0,0,0.0,0,0.0,0,0.0,0,0.0,0,0.0,0,0.0,0,0.0,0,0.0,0,0.0,0,0.0,0.00,0.0,0,0,0
4292997364,直播通投托管-救星杯-自产-跟着小美穿（广）-细节装饰（36+）-ROI-2026.4.8,计划处于暂停时段,审核通过,通投,直播间直接支付ROI,笔记（直播组件）,69cf5d55000000001d01d697,5c6e75ba000000001201be11,视频笔记,直播通投托管-救星杯-自产-跟着小美穿（广）-细节装饰（36+）-ROI-2026.4.8,184609939,2026-04-08 09:49:48,0.07,1,0,0.0%,0.0,70.0,0,0.00,0.0,0,0,0.0,0,0,0.0,0,0.0,0,0.0,0,0.0,0.0,0.0,0,0.0,0.0,0.0,0,0.0,0.0,0.0,0,0.0,0.00,0.0,0,0,0.0
4255715622,直播通投托管-救星杯-自产-内衣太懂了-直播人群-ROI-2026.4.4,被计划暂停,审核拒绝,通投,直播间直接支付ROI,笔记（直播组件）,69cf1a140000000028009b6e,5c6e75ba000000001201be11,视频笔记,直播通投托管-救星杯-自产-内衣太懂了-直播人群-ROI-2026.4.4,184192674,2026-04-04 20:16:19,0.00,0,0,0.0%,0.0,0.0,0,0.00,0.0,0,0,0.0,0,0,0.0,0,0.0,0,0.0,0,0.0,0,0.0,0,0.0,0,0.0,0,0.0,0,0.0,0,0.0,0.00,0.0,0,0,0
4255655841,直播通投托管-救星杯-自产-空气感春夏（广）-直播人群-ROI-2026.4.4,计划处于暂停时段,审核通过,通投,直播间直接支付ROI,笔记（直播组件）,69ce165b000000001f004761,5c6e75ba000000001201be11,视频笔记,直播通投托管-救星杯-自产-空气感春夏（广）-直播人群-ROI-2026.4.4,184198673,2026-04-04 20:14:04,0.00,0,0,0.0%,0.0,0.0,0,0.00,0.0,0,0,0.0,0,0,0.0,0,0.0,0,0.0,0,0.0,0,0.0,0,0.0,0,0.0,0,0.0,0,0.0,0,0.0,0.00,0.0,0,0,0
4214839809,直播通投托管-经典大胸-混剪-春夏穿衣-系统-ROI-2026.4.1,计划处于暂停时段,审核通过,通投,直播间直接支付ROI,笔记（直播组件）,69aaa199000000000e00e650,5c6e75ba000000001201be11,视频笔记,直播通投托管-经典大胸-混剪-春夏穿衣-系统-ROI-2026.4.1,183519467,2026-04-01 13:46:39,0.00,0,0,0.0%,0.0,0.0,0,0.00,0.0,0,0,0.0,0,0,0.0,0,0.0,0,0.0,0,0.0,0,0.0,0,0.0,0,0.0,0,0.0,0,0.0,0,0.0,0.00,0.0,0,0,0
4212178916,直播通投托管-救星杯-自产-跟着小美穿-细节装饰（36+）-ROI-2026.4.1,被计划暂停,审核拒绝,通投,直播间直接支付ROI,笔记（直播组件）,69c4f54c000000001f0053d8,5c6e75ba000000001201be11,视频笔记,直播通投托管-救星杯-自产-跟着小美穿-细节装饰（36+）-ROI-2026.4.1,183445024,2026-04-01 09:37:56,0.00,0,0,0.0%,0.0,0.0,0,0.00,0.0,0,0,0.0,0,0,0.0,0,0.0,0,0.0,0,0.0,0,0.0,0,0.0,0,0.0,0,0.0,0,0.0,0,0.0,0.00,0.0,0,0,0
4188038511,直播通投托管-小懒猫-自产-秋冬舒适无痕-系统-ROI-3.30,计划处于暂停时段,审核通过,通投,直播间直接支付ROI,笔记（直播组件）,690dc37c000000000400187b,5c6e75ba000000001201be11,视频笔记,直播通投托管-小懒猫-自产-秋冬舒适无痕-系统-ROI-3.30,183039877,2026-03-30 10:30:38,0.00,0,0,0.0%,0.0,0.0,0,0.00,0.0,0,0,0.0,0,0,0.0,0,0.0,0,0.0,0,0.0,0,0.0,0,0.0,0,0.0,0,0.0,0,0.0,0,0.0,0.00,0.0,0,0,0
4155516191,直播通投托管-波波杯-混剪-秋冬不显胖-直播人群-ROI-3.27,被计划暂停,不满足审核条件,通投,直播间直接支付ROI,笔记（直播组件）,69152dac0000000005039afc,5c6e75ba000000001201be11,视频笔记,直播通投托管-波波杯-混剪-秋冬不显胖-直播人群-ROI-3.27,182604873,2026-03-27 10:58:00,0.00,0,0,0.0%,0.0,0.0,0,0.00,0.0,0,0,0.0,0,0,0.0,0,0.0,0,0.0,0,0.0,0,0.0,0,0.0,0,0.0,0,0.0,0,0.0,0,0.0,0.00,0.0,0,0,0
4155547392,直播通投托管-救星杯-自产-跟着小美穿-直播人群-ROI-2026.3.27,被计划暂停,审核拒绝,通投,直播间直接支付ROI,笔记（直播组件）,69c4f54c000000001f0053d8,5c6e75ba000000001201be11,视频笔记,直播通投托管-救星杯-自产-跟着小美穿-直播人群-ROI-2026.3.27,182610136,2026-03-27 10:47:02,0.00,0,0,0.0%,0.0,0.0,0,0.00,0.0,0,0,0.0,0,0,0.0,0,0.0,0,0.0,0,0.0,0,0.0,0,0.0,0,0.0,0,0.0,0,0.0,0,0.0,0.00,0.0,0,0,0
4155529672,直播通投托管-波波杯-自产-美依礼芽爆款-直播人群-ROI-2026.3.27,被计划暂停,审核通过,通投,直播间直接支付ROI,笔记（直播组件）,69c4f796000000002800b278,5c6e75ba000000001201be11,视频笔记,直播通投托管-波波杯-自产-美依礼芽爆款-直播人群-ROI-2026.3.27,182612754,2026-03-27 10:38:41,0.00,0,0,0.0%,0.0,0.0,0,0.00,0.0,0,0,0.0,0,0,0.0,0,0.0,0,0.0,0,0.0,0,0.0,0,0.0,0,0.0,0,0.0,0,0.0,0,0.0,0.00,0.0,0,0,0
4132791607,直播通投托管-救星杯-混剪-穿出蜜桃胸-直播人群-ROI-2026.3.25,计划处于暂停时段,审核通过,通投,直播间直接支付ROI,笔记（直播组件）,69bbc10c00000000230060e4,5c6e75ba000000001201be11,视频笔记,直播通投托管-救星杯-混剪-穿出蜜桃胸-直播人群-ROI-2026.3.25,182146677,2026-03-25 10:00:48,0.00,0,0,0.0%,0.0,0.0,0,0.00,0.0,0,0,0.0,0,0,0.0,0,0.0,0,0.0,0,0.0,0,0.0,0,0.0,0,0.0,0,0.0,0,0.0,0,0.0,0.00,0.0,0,0,0
4121184565,直播通投托管-救星杯-自产-空气感春夏-直播人群-ROI-2026.3.24,审核状态异常,审核拒绝,通投,直播间直接支付ROI,笔记（直播组件）,69a92330000000000e00df32,5c6e75ba000000001201be11,视频笔记,直播通投托管-救星杯-自产-空气感春夏-直播人群-ROI-2026.3.24,181935932,2026-03-24 10:03:31,0.00,0,0,0.0%,0.0,0.0,0,0.00,0.0,0,0,0.0,0,0,0.0,0,0.0,0,0.0,0,0.0,0,0.0,0,0.0,0,0.0,0,0.0,0,0.0,0,0.0,0.00,0.0,0,0,0
4113386085,直播通投托管-经典大胸-混剪-春夏穿衣-直播人群-ROI-2026.3.23,被计划暂停,审核通过,通投,直播间直接支付ROI,笔记（直播组件）,69aaa199000000000e00e650,5c6e75ba000000001201be11,视频笔记,直播通投托管-经典大胸-混剪-春夏穿衣-直播人群-ROI-2026.3.23,181796249,2026-03-23 15:07:17,0.00,0,0,0.0%,0.0,0.0,0,0.00,0.0,0,0,0.0,0,0,0.0,0,0.0,0,0.0,0,0.0,0,0.0,0,0.0,0,0.0,0,0.0,0,0.0,0,0.0,0.00,0.0,0,0,0
4083661664,直播通投托管-救星杯-自产-跪谢美依礼芽-直播人群-ROI-2026.3.20,被计划暂停,审核通过,通投,直播间直接支付ROI,笔记（直播组件）,69b3c573000000002301ff82,5c6e75ba000000001201be11,视频笔记,直播通投托管-救星杯-自产-跪谢美依礼芽-直播人群-ROI-2026.3.20,181303704,2026-03-20 15:54:50,0.00,0,0,0.0%,0.0,0.0,0,0.00,0.0,0,0,0.0,0,0,0.0,0,0.0,0,0.0,0,0.0,0,0.0,0,0.0,0,0.0,0,0.0,0,0.0,0,0.0,0.00,0.0,0,0,0
4083643564,直播通投托管-糯糯杯小胸-混剪-不硬挤-细节装饰（36+）-ROI-2026.3.20,被计划暂停,审核通过,通投,直播间直接支付ROI,笔记（直播组件）,69bce985000000002102f0ac,5c6e75ba000000001201be11,视频笔记,直播通投托管-糯糯杯小胸-混剪-不硬挤-细节装饰（36+）-ROI-2026.3.20,181323618,2026-03-20 15:48:41,0.00,0,0,0.0%,0.0,0.0,0,0.00,0.0,0,0,0.0,0,0,0.0,0,0.0,0,0.0,0,0.0,0,0.0,0,0.0,0,0.0,0,0.0,0,0.0,0,0.0,0.00,0.0,0,0,0
4083304847,直播通投托管-波波杯-混剪-大胸天菜-细节装饰（36+）-ROI-2026.3.20,被计划暂停,审核通过,通投,直播间直接支付ROI,笔记（直播组件）,69bcacb2000000001f007455,5c6e75ba000000001201be11,视频笔记,直播通投托管-波波杯-混剪-大胸天菜-细节装饰（36+）-ROI-2026.3.20,181322543,2026-03-20 15:32:52,0.00,0,0,0.0%,0.0,0.0,0,0.00,0.0,0,0,0.0,0,0,0.0,0,0.0,0,0.0,0,0.0,0,0.0,0,0.0,0,0.0,0,0.0,0,0.0,0,0.0,0.00,0.0,0,0,0
4073076696,直播通投托管-救星杯-混剪-穿出蜜桃胸-细节装饰（36+）-ROI-2026.3.19,被计划暂停,审核拒绝,通投,直播间直接支付ROI,笔记（直播组件）,69bbc10c00000000230060e4,5c6e75ba000000001201be11,视频笔记,直播通投托管-救星杯-混剪-穿出蜜桃胸-细节装饰（36+）-ROI-2026.3.19,181102975,2026-03-19 18:00:34,0.00,0,0,0.0%,0.0,0.0,0,0.00,0.0,0,0,0.0,0,0,0.0,0,0.0,0,0.0,0,0.0,0,0.0,0,0.0,0,0.0,0,0.0,0,0.0,0,0.0,0.00,0.0,0,0,0
4010368119,直播通投托管-救星杯-自产-跪谢美依礼芽-细节装饰（36+）-ROI-2026.3.13,被计划暂停,审核通过,通投,直播间直接支付ROI,笔记（直播组件）,69b3c573000000002301ff82,5c6e75ba000000001201be11,视频笔记,直播通投托管-救星杯-自产-跪谢美依礼芽-细节装饰（36+）-ROI-2026.3.13,179822686,2026-03-13 16:30:27,0.00,0,0,0.0%,0.0,0.0,0,0.00,0.0,0,0,0.0,0,0,0.0,0,0.0,0,0.0,0,0.0,0,0.0,0,0.0,0,0.0,0,0.0,0,0.0,0,0.0,0.00,0.0,0,0,0
4007038799,直播通投托管-经典大胸-混剪-只服它-细节装饰（36+）-ROI-2026.3.13,计划处于暂停时段,审核通过,通投,直播间直接支付ROI,笔记（直播组件）,69b372650000000004000168,5c6e75ba000000001201be11,视频笔记,直播通投托管-经典大胸-混剪-只服它-细节装饰（36+）-ROI-2026.3.13,179732135,2026-03-13 11:24:14,0.00,0,0,0.0%,0.0,0.0,0,0.00,0.0,0,0,0.0,0,0,0.0,0,0.0,0,0.0,0,0.0,0,0.0,0,0.0,0,0.0,0,0.0,0,0.0,0,0.0,0.00,0.0,0,0,0
4006815351,直播通投托管-波波杯-自产-显瘦内衣-细节装饰（36+）-ROI-2026.3.13,被计划暂停,审核通过,通投,直播间直接支付ROI,笔记（直播组件）,69b36e5800000000040030bd,5c6e75ba000000001201be11,视频笔记,直播通投托管-波波杯-自产-显瘦内衣-细节装饰（36+）-ROI-2026.3.13,179732100,2026-03-13 11:23:34,0.00,0,0,0.0%,0.0,0.0,0,0.00,0.0,0,0,0.0,0,0,0.0,0,0.0,0,0.0,0,0.0,0,0.0,0,0.0,0,0.0,0,0.0,0,0.0,0,0.0,0.00,0.0,0,0,0
3999877311,直播通投托管-经典大胸-自产-谁说大胸-灵犀AIPS人群-ROI-3.12,被计划暂停,审核通过,通投,直播间直接支付ROI,笔记（直播组件）,6971a091000000001a02d168,5c6e75ba000000001201be11,视频笔记,直播通投托管-经典大胸-自产-谁说大胸-灵犀AIPS人群-ROI-3.12,179604183,2026-03-12 17:59:38,0.00,0,0,0.0%,0.0,0.0,0,0.00,0.0,0,0,0.0,0,0,0.0,0,0.0,0,0.0,0,0.0,0,0.0,0,0.0,0,0.0,0,0.0,0,0.0,0,0.0,0.00,0.0,0,0,0
3999875589,直播通投托管-救星杯-混剪-穿衣不臃肿-灵犀AIPS人群-ROI-3.12,被计划暂停,不满足审核条件,通投,直播间直接支付ROI,笔记（直播组件）,6985a2ca000000001a031605,5c6e75ba000000001201be11,视频笔记,直播通投托管-救星杯-混剪-穿衣不臃肿-灵犀AIPS人群-ROI-3.12,179593286,2026-03-12 17:58:30,0.00,0,0,0.0%,0.0,0.0,0,0.00,0.0,0,0,0.0,0,0,0.0,0,0.0,0,0.0,0,0.0,0,0.0,0,0.0,0,0.0,0,0.0,0,0.0,0,0.0,0.00,0.0,0,0,0
4000122575,直播通投托管-经典大胸-自产-直接小一圈-细节装饰（36+）-ROI-2026.3.12,计划处于暂停时段,审核通过,通投,直播间直接支付ROI,笔记（直播组件）,698f1049000000002801d12a,5c6e75ba000000001201be11,视频笔记,直播通投托管-经典大胸-自产-直接小一圈-细节装饰（36+）-ROI-2026.3.12,179612864,2026-03-12 17:53:33,0.00,0,0,0.0%,0.0,0.0,0,0.00,0.0,0,0,0.0,0,0,0.0,0,0.0,0,0.0,0,0.0,0,0.0,0,0.0,0,0.0,0,0.0,0,0.0,0,0.0,0.00,0.0,0,0,0
3989958941,直播通投托管-救星杯-自产-空气感春夏-细节装饰（36+）-ROI-2026.3.11,暂停,审核通过,通投,直播间直接支付ROI,笔记（直播组件）,69a92330000000000e00df32,5c6e75ba000000001201be11,视频笔记,直播通投托管-救星杯-自产-空气感春夏-细节装饰（36+）-ROI-2026.3.11,179359590,2026-03-11 17:37:10,0.00,0,0,0.0%,0.0,0.0,0,0.00,0.0,0,0,0.0,0,0,0.0,0,0.0,0,0.0,0,0.0,0,0.0,0,0.0,0,0.0,0,0.0,0,0.0,0,0.0,0.00,0.0,0,0,0
3985361096,直播通投托管-经典大胸-自产-嘎嘎显瘦-直播人群-ROI-3.11,被计划暂停,审核通过,通投,直播间直接支付ROI,笔记（直播组件）,698d9110000000000e00e7e4,5c6e75ba000000001201be11,视频笔记,直播通投托管-经典大胸-自产-嘎嘎显瘦-直播人群-ROI-3.11,179242683,2026-03-11 10:24:39,0.00,0,0,0.0%,0.0,0.0,0,0.00,0.0,0,0,0.0,0,0,0.0,0,0.0,0,0.0,0,0.0,0,0.0,0,0.0,0,0.0,0,0.0,0,0.0,0,0.0,0.00,0.0,0,0,0
3985054538,直播通投托管-波波杯-自产-纤薄利落-细节装饰（36+）-ROI-2026.3.11,计划处于暂停时段,审核通过,通投,直播间直接支付ROI,笔记（直播组件）,69a926c4000000000e00ef23,5c6e75ba000000001201be11,视频笔记,直播通投托管-波波杯-自产-纤薄利落-细节装饰（36+）-ROI-2026.3.11,179246603,2026-03-11 10:21:11,0.00,0,0,0.0%,0.0,0.0,0,0.00,0.0,0,0,0.0,0,0,0.0,0,0.0,0,0.0,0,0.0,0,0.0,0,0.0,0,0.0,0,0.0,0,0.0,0,0.0,0.00,0.0,0,0,0
3985152574,直播通投托管-波波杯-自产-纸片人内衣-细节装饰（36+）-ROI-3.11,被计划暂停,审核通过,通投,直播间直接支付ROI,笔记（直播组件）,69364779000000001e02d173,5c6e75ba000000001201be11,图文笔记,直播通投托管-波波杯-自产-纸片人内衣-细节装饰（36+）-ROI-3.11,179258170,2026-03-11 10:19:45,0.00,0,0,0.0%,0.0,0.0,0,0.00,0.0,0,0,0.0,0,0,0.0,0,0.0,0,0.0,0,0.0,0,0.0,0,0.0,0,0.0,0,0.0,0,0.0,0,0.0,0.00,0.0,0,0,0
3942001821,直播通投托管-经典大胸-混剪-春夏穿衣-灵犀AIPS人群-ROI-2026.3.6,计划处于暂停时段,审核通过,通投,直播间直接支付ROI,笔记（直播组件）,69aaa199000000000e00e650,5c6e75ba000000001201be11,视频笔记,直播通投托管-经典大胸-混剪-春夏穿衣-灵犀AIPS人群-ROI-2026.3.6,178388218,2026-03-06 18:08:29,0.00,0,0,0.0%,0.0,0.0,0,0.00,0.0,0,0,0.0,0,0,0.0,0,0.0,0,0.0,0,0.0,0,0.0,0,0.0,0,0.0,0,0.0,0,0.0,0,0.0,0.00,0.0,0,0,0
3940953266,直播通投托管-合集-混剪-所有胸型躺赢-灵犀AIPS人群-ROI-2026.3.6,被计划暂停,审核通过,通投,直播间直接支付ROI,笔记（直播组件）,692e52b8000000001f00afb0,5c6e75ba000000001201be11,图文笔记,直播通投托管-合集-混剪-所有胸型躺赢-灵犀AIPS人群-ROI-2026.3.6,178342571,2026-03-06 16:57:53,0.00,0,0,0.0%,0.0,0.0,0,0.00,0.0,0,0,0.0,0,0,0.0,0,0.0,0,0.0,0,0.0,0,0.0,0,0.0,0,0.0,0,0.0,0,0.0,0,0.0,0.00,0.0,0,0,0
3941227589,直播通投托管-经典大胸-自产-直接小一圈-直播人群-ROI-2026.3.6,被计划暂停,审核通过,通投,直播间直接支付ROI,笔记（直播组件）,698f1049000000002801d12a,5c6e75ba000000001201be11,视频笔记,直播通投托管-经典大胸-自产-直接小一圈-直播人群-ROI-2026.3.6,178327060,2026-03-06 16:54:53,0.00,0,0,0.0%,0.0,0.0,0,0.00,0.0,0,0,0.0,0,0,0.0,0,0.0,0,0.0,0,0.0,0,0.0,0,0.0,0,0.0,0,0.0,0,0.0,0,0.0,0.00,0.0,0,0,0
3929502725,直播通投托管-波波杯-自产-纤薄利落-直播人群-ROI-2026.3.5,计划处于暂停时段,审核通过,通投,直播间直接支付ROI,笔记（直播组件）,69a926c4000000000e00ef23,5c6e75ba000000001201be11,视频笔记,直播通投托管-波波杯-自产-纤薄利落-直播人群-ROI-2026.3.5,178002877,2026-03-05 14:57:58,0.00,2,0,0.0%,0.0,0.0,0,0.00,0.0,0,0,0.0,0,0,0.0,0,0.0,0,0.0,0,0.0,0.0,0.0,0,0.0,0.0,0.0,0,0.0,0.0,0.0,0,0.0,0.00,0.0,0,0,0.0
3929107788,直播通投托管-救星杯-自产-空气感春夏-直播人群-ROI-2026.3.11,暂停,审核通过,通投,直播间直接支付ROI,笔记（直播组件）,69a92330000000000e00df32,5c6e75ba000000001201be11,视频笔记,直播通投托管-救星杯-自产-空气感春夏-直播人群-ROI-2026.3.11,178001655,2026-03-05 14:40:19,0.00,0,0,0.0%,0.0,0.0,0,0.00,0.0,0,0,0.0,0,0,0.0,0,0.0,0,0.0,0,0.0,0,0.0,0,0.0,0,0.0,0,0.0,0,0.0,0,0.0,0.00,0.0,0,0,0
3883064223,直播通投托管-经典大胸-自产-虎背熊腰拜拜-细节装饰（36+）-ROI-2.28,被计划暂停,审核通过,通投,直播间直接支付ROI,笔记（直播组件）,696896d8000000001a02752c,5c6e75ba000000001201be11,视频笔记,直播通投托管-经典大胸-自产-虎背熊腰拜拜-细节装饰（36+）-ROI-2.28,177026732,2026-02-28 15:07:38,0.00,0,0,0.0%,0.0,0.0,0,0.00,0.0,0,0,0.0,0,0,0.0,0,0.0,0,0.0,0,0.0,0,0.0,0,0.0,0,0.0,0,0.0,0,0.0,0,0.0,0.00,0.0,0,0,0
3882952942,直播通投托管-经典大胸-自产-舒适高颜值-直播人群-ROI-2.28,被计划暂停,审核通过,通投,直播间直接支付ROI,笔记（直播组件）,6971eeec000000001a026b20,5c6e75ba000000001201be11,视频笔记,直播通投托管-经典大胸-自产-舒适高颜值-直播人群-ROI-2.28,177017081,2026-02-28 15:06:29,0.00,0,0,0.0%,0.0,0.0,0,0.00,0.0,0,0,0.0,0,0,0.0,0,0.0,0,0.0,0,0.0,0,0.0,0,0.0,0,0.0,0,0.0,0,0.0,0,0.0,0.00,0.0,0,0,0
3882430986,直播通投托管-波波杯-自产-显瘦又舒服-直播人群-ROI-2.28,被计划暂停,审核通过,通投,直播间直接支付ROI,笔记（直播组件）,690d485500000000040106b6,5c6e75ba000000001201be11,视频笔记,直播通投托管-波波杯-自产-显瘦又舒服-直播人群-ROI-2.28,177011741,2026-02-28 14:22:07,0.00,0,0,0.0%,0.0,0.0,0,0.00,0.0,0,0,0.0,0,0,0.0,0,0.0,0,0.0,0,0.0,0,0.0,0,0.0,0,0.0,0,0.0,0,0.0,0,0.0,0.00,0.0,0,0,0
3873039136,直播通投托管-波波杯-自产-喷不了一点-直播人群-ROI-2.27,被计划暂停,审核通过,通投,直播间直接支付ROI,笔记（直播组件）,698d8e8a000000001a02d51a,5c6e75ba000000001201be11,视频笔记,直播通投托管-波波杯-自产-喷不了一点-直播人群-ROI-2.27,176771394,2026-02-27 14:33:18,0.00,0,0,0.0%,0.0,0.0,0,0.00,0.0,0,0,0.0,0,0,0.0,0,0.0,0,0.0,0,0.0,0,0.0,0,0.0,0,0.0,0,0.0,0,0.0,0,0.0,0.00,0.0,0,0,0
3853146565,直播通投托管-经典大胸-自产-大胸别乱买-直播人群-ROI-2.25,被计划暂停,审核通过,通投,直播间直接支付ROI,笔记（直播组件）,698fdc43000000001a0285fe,5c6e75ba000000001201be11,视频笔记,直播通投托管-经典大胸-自产-大胸别乱买-直播人群-ROI-2.25,176318723,2026-02-25 11:42:16,0.00,0,0,0.0%,0.0,0.0,0,0.00,0.0,0,0,0.0,0,0,0.0,0,0.0,0,0.0,0,0.0,0,0.0,0,0.0,0,0.0,0,0.0,0,0.0,0,0.0,0.00,0.0,0,0,0
3853183174,直播通投托管-经典大胸-自产-告别臃肿-直播人群-ROI-2.25,被计划暂停,审核通过,通投,直播间直接支付ROI,笔记（直播组件）,6985bacc000000001a029758,5c6e75ba000000001201be11,视频笔记,直播通投托管-经典大胸-自产-告别臃肿-直播人群-ROI-2.25,176306732,2026-02-25 11:31:11,0.00,0,0,0.0%,0.0,0.0,0,0.00,0.0,0,0,0.0,0,0,0.0,0,0.0,0,0.0,0,0.0,0,0.0,0,0.0,0,0.0,0,0.0,0,0.0,0,0.0,0.00,0.0,0,0,0
3845328709,直播通投托管-猫耳杯-自产-无痕内衣-直播人群-ROI-2.24,被计划暂停,审核通过,通投,直播间直接支付ROI,笔记（直播组件）,68ff39c90000000005031ced,5c6e75ba000000001201be11,视频笔记,直播通投托管-猫耳杯-自产-无痕内衣-直播人群-ROI-2.24,176127622,2026-02-24 14:30:25,0.00,0,0,0.0%,0.0,0.0,0,0.00,0.0,0,0,0.0,0,0,0.0,0,0.0,0,0.0,0,0.0,0,0.0,0,0.0,0,0.0,0,0.0,0,0.0,0,0.0,0.00,0.0,0,0,0
3845158956,直播通投托管-小懒猫-自产-秋冬舒适无痕-直播人群-ROI-2.24,计划处于暂停时段,审核通过,通投,直播间直接支付ROI,笔记（直播组件）,690dc37c000000000400187b,5c6e75ba000000001201be11,视频笔记,直播通投托管-小懒猫-自产-秋冬舒适无痕-直播人群-ROI-2.24,176138027,2026-02-24 14:13:51,0.00,0,0,0.0%,0.0,0.0,0,0.00,0.0,0,0,0.0,0,0,0.0,0,0.0,0,0.0,0,0.0,0,0.0,0,0.0,0,0.0,0,0.0,0,0.0,0,0.0,0.00,0.0,0,0,0
3815809912,直播通投托管-经典大胸-自产-大胸别乱买-购买核心人群（36+）-ROI-2.19,被计划暂停,审核通过,通投,直播间直接支付ROI,笔记（直播组件）,698fdc43000000001a0285fe,5c6e75ba000000001201be11,视频笔记,直播通投托管-经典大胸-自产-大胸别乱买-购买核心人群（36+）-ROI-2.19,175712377,2026-02-19 12:28:17,0.00,0,0,0.0%,0.0,0.0,0,0.00,0.0,0,0,0.0,0,0,0.0,0,0.0,0,0.0,0,0.0,0,0.0,0,0.0,0,0.0,0,0.0,0,0.0,0,0.0,0.00,0.0,0,0,0
3815611794,直播通投托管-经典大胸-自产-直接小一圈-购买核心人群（36+）-ROI-2.19,暂停,审核通过,通投,直播间直接支付ROI,笔记（直播组件）,698f1049000000002801d12a,5c6e75ba000000001201be11,视频笔记,直播通投托管-经典大胸-自产-直接小一圈-购买核心人群（36+）-ROI-2.19,175706725,2026-02-19 12:27:19,0.00,0,0,0.0%,0.0,0.0,0,0.00,0.0,0,0,0.0,0,0,0.0,0,0.0,0,0.0,0,0.0,0,0.0,0,0.0,0,0.0,0,0.0,0,0.0,0,0.0,0.00,0.0,0,0,0
3778144369,直播通投托管-经典大胸-自产-嘎嘎显瘦-细节装饰（36+）-ROI-2.12,被计划暂停,审核通过,通投,直播间直接支付ROI,笔记（直播组件）,698d9110000000000e00e7e4,5c6e75ba000000001201be11,视频笔记,直播通投托管-经典大胸-自产-嘎嘎显瘦-细节装饰（36+）-ROI-2.12,175018073,2026-02-12 17:49:03,0.00,0,0,0.0%,0.0,0.0,0,0.00,0.0,0,0,0.0,0,0,0.0,0,0.0,0,0.0,0,0.0,0,0.0,0,0.0,0,0.0,0,0.0,0,0.0,0,0.0,0.00,0.0,0,0,0
3778186879,直播通投托管-波波杯-自产-喷不了一点-细节装饰（36+）-ROI-2.12,被计划暂停,审核通过,通投,直播间直接支付ROI,笔记（直播组件）,698d8e8a000000001a02d51a,5c6e75ba000000001201be11,视频笔记,直播通投托管-波波杯-自产-喷不了一点-细节装饰（36+）-ROI-2.12,175018016,2026-02-12 17:47:49,0.00,0,0,0.0%,0.0,0.0,0,0.00,0.0,0,0,0.0,0,0,0.0,0,0.0,0,0.0,0,0.0,0,0.0,0,0.0,0,0.0,0,0.0,0,0.0,0,0.0,0.00,0.0,0,0,0
3775799592,直播通投托管-救星杯-混剪-穿衣不臃肿-直播人群-ROI-2.12,被计划暂停,审核通过,通投,直播间直接支付ROI,笔记（直播组件）,6985a2ca000000001a031605,5c6e75ba000000001201be11,视频笔记,直播通投托管-救星杯-混剪-穿衣不臃肿-直播人群-ROI-2.12,174934253,2026-02-12 11:22:29,0.00,0,0,0.0%,0.0,0.0,0,0.00,0.0,0,0,0.0,0,0,0.0,0,0.0,0,0.0,0,0.0,0,0.0,0,0.0,0,0.0,0,0.0,0,0.0,0,0.0,0.00,0.0,0,0,0
3775651480,直播通投托管-经典大胸-自产-就靠它-直播人群-ROI-2.12,被计划暂停,审核通过,通投,直播间直接支付ROI,笔记（直播组件）,696ee395000000001a02aa4a,5c6e75ba000000001201be11,视频笔记,直播通投托管-经典大胸-自产-就靠它-直播人群-ROI-2.12,174957639,2026-02-12 11:20:47,0.00,0,0,0.0%,0.0,0.0,0,0.00,0.0,0,0,0.0,0,0,0.0,0,0.0,0,0.0,0,0.0,0,0.0,0,0.0,0,0.0,0,0.0,0,0.0,0,0.0,0.00,0.0,0,0,0
3774573813,直播通投托管-轻挺系列-自产-托起-直播人群-ROI-2026.2.12,被计划暂停,审核通过,通投,直播间直接支付ROI,笔记（直播组件）,68b79585000000001c012388,5c6e75ba000000001201be11,视频笔记,直播通投托管-轻挺系列-自产-托起-直播人群-ROI-2026.2.12,174895716,2026-02-12 09:17:01,0.00,0,0,0.0%,0.0,0.0,0,0.00,0.0,0,0,0.0,0,0,0.0,0,0.0,0,0.0,0,0.0,0,0.0,0,0.0,0,0.0,0,0.0,0,0.0,0,0.0,0.00,0.0,0,0,0
3774573812,直播通投托管-轻挺系列-自产-邪修-直播人群-ROI-2026.2.12,被计划暂停,审核通过,通投,直播间直接支付ROI,笔记（直播组件）,689d7c9b000000001c012acf,5c6e75ba000000001201be11,视频笔记,直播通投托管-轻挺系列-自产-托起-直播人群-ROI-2026.2.12,174895716,2026-02-12 09:17:01,0.00,0,0,0.0%,0.0,0.0,0,0.00,0.0,0,0,0.0,0,0,0.0,0,0.0,0,0.0,0,0.0,0,0.0,0,0.0,0,0.0,0,0.0,0,0.0,0,0.0,0.00,0.0,0,0,0
3774384558,直播通投托管-经典大胸-自产-谁说大胸-直播人群-ROI-2.12-新框架,被计划暂停,审核通过,通投,直播间直接支付ROI,笔记（直播组件）,6971a091000000001a02d168,5c6e75ba000000001201be11,视频笔记,直播通投托管-经典大胸-自产-谁说大胸-直播人群-ROI-2.12-新框架,174918292,2026-02-12 08:03:50,0.00,0,0,0.0%,0.0,0.0,0,0.00,0.0,0,0,0.0,0,0,0.0,0,0.0,0,0.0,0,0.0,0,0.0,0,0.0,0,0.0,0,0.0,0,0.0,0,0.0,0.00,0.0,0,0,0
3770317525,直播通投托管-糯糯杯大胸-自产-美晕-细节装饰（36+）-ROI-2026.2.11,被计划暂停,审核通过,通投,直播间直接支付ROI,笔记（直播组件）,67ebb578000000001e006c94,5c6e75ba000000001201be11,图文笔记,直播通投托管-糯糯杯大胸-自产-美晕-细节装饰（36+）-ROI-2026.2.11,174826542,2026-02-11 16:52:05,0.00,0,0,0.0%,0.0,0.0,0,0.00,0.0,0,0,0.0,0,0,0.0,0,0.0,0,0.0,0,0.0,0,0.0,0,0.0,0,0.0,0,0.0,0,0.0,0,0.0,0.00,0.0,0,0,0
3770458584,直播通投托管-救星杯-自产-别再说-直播人群-ROI-2026.2.11,被计划暂停,审核通过,通投,直播间直接支付ROI,笔记（直播组件）,68f04e1a00000000050313fc,5c6e75ba000000001201be11,视频笔记,直播通投托管-救星杯-自产-别再说-直播人群-ROI-2026.2.11,174849910,2026-02-11 16:49:43,0.00,0,0,0.0%,0.0,0.0,0,0.00,0.0,0,0,0.0,0,0,0.0,0,0.0,0,0.0,0,0.0,0,0.0,0,0.0,0,0.0,0,0.0,0,0.0,0,0.0,0.00,0.0,0,0,0
3770455494,直播通投托管-救星杯-自产-上身秒变-直播人群-ROI-2026.2.11,被计划暂停,审核通过,通投,直播间直接支付ROI,笔记（直播组件）,693bdab6000000001e039f41,5c6e75ba000000001201be11,图文笔记,直播通投托管-救星杯-自产-上身秒变-直播人群-ROI-2026.2.11,174849721,2026-02-11 16:44:45,0.00,0,0,0.0%,0.0,0.0,0,0.00,0.0,0,0,0.0,0,0,0.0,0,0.0,0,0.0,0,0.0,0.0,0.0,0,0.0,0.0,0.0,0,0.0,0.0,0.0,0,0.0,0.00,0.0,0,0,0.0
3770407374,直播通投托管-经典大胸-自产-DNA-直播人群-ROI-2026.2.11,被计划暂停,审核通过,通投,直播间直接支付ROI,笔记（直播组件）,680613b4000000001d01fafe,5c6e75ba000000001201be11,视频笔记,直播通投托管-经典大胸-自产-DNA-直播人群-ROI-2026.2.11,174826122,2026-02-11 16:41:49,0.00,0,0,0.0%,0.0,0.0,0,0.00,0.0,0,0,0.0,0,0,0.0,0,0.0,0,0.0,0,0.0,0,0.0,0,0.0,0,0.0,0,0.0,0,0.0,0,0.0,0.00,0.0,0,0,0
3770451448,直播通投托管-经典大胸-自产-天花板-细节装饰（36+）-ROI-2026.2.11,被计划暂停,审核通过,通投,直播间直接支付ROI,笔记（直播组件）,67f477e9000000001d03acdc,5c6e75ba000000001201be11,图文笔记,直播通投托管-经典大胸-自产-天花板-细节装饰（36+）-ROI-2026.2.11,174849493,2026-02-11 16:39:10,0.00,0,0,0.0%,0.0,0.0,0,0.00,0.0,0,0,0.0,0,0,0.0,0,0.0,0,0.0,0,0.0,0,0.0,0,0.0,0,0.0,0,0.0,0,0.0,0,0.0,0.00,0.0,0,0,0
3770510102,直播通投托管-经典大胸-自产-高颜值-直播人群-ROI-2.11,被计划暂停,审核通过,通投,直播间直接支付ROI,笔记（直播组件）,67da1636000000000302941e,5c6e75ba000000001201be11,图文笔记,直播通投托管-经典大胸-自产-高颜值-直播人群-ROI-2.11,174849429,2026-02-11 16:37:36,0.00,0,0,0.0%,0.0,0.0,0,0.00,0.0,0,0,0.0,0,0,0.0,0,0.0,0,0.0,0,0.0,0,0.0,0,0.0,0,0.0,0,0.0,0,0.0,0,0.0,0.00,0.0,0,0,0
3770241188,直播通投托管-合集-混剪-所有胸型躺赢-细节装饰（36+）-ROI-2.11,被计划暂停,审核通过,通投,直播间直接支付ROI,笔记（直播组件）,692e52b8000000001f00afb0,5c6e75ba000000001201be11,图文笔记,直播通投托管-合集-混剪-所有胸型躺赢-细节装饰（36+）-ROI-2.11,174830666,2026-02-11 16:13:36,0.00,0,0,0.0%,0.0,0.0,0,0.00,0.0,0,0,0.0,0,0,0.0,0,0.0,0,0.0,0,0.0,0,0.0,0,0.0,0,0.0,0,0.0,0,0.0,0,0.0,0.00,0.0,0,0,0
3763045258,直播通投托管-经典大胸-自产-显瘦神器-购买核心人群（36+）-ROI-2.10,被计划暂停,审核通过,通投,直播间直接支付ROI,笔记（直播组件）,67c16251000000000d01580e,5c6e75ba000000001201be11,图文笔记,直播通投托管-经典大胸-自产-显瘦神器-购买核心人群（36+）-ROI-2.10,174659792,2026-02-10 18:07:24,0.00,0,0,0.0%,0.0,0.0,0,0.00,0.0,0,0,0.0,0,0,0.0,0,0.0,0,0.0,0,0.0,0,0.0,0,0.0,0,0.0,0,0.0,0,0.0,0,0.0,0.00,0.0,0,0,0
3762877490,直播通投托管-波波杯-自产-长期主义内衣-美依利芽粉丝人群-ROI-2.10,被计划暂停,审核通过,通投,直播间直接支付ROI,笔记（直播组件）,69203a0d000000001e02cd40,5c6e75ba000000001201be11,视频笔记,直播通投托管-波波杯-自产-长期主义内衣-美依利芽粉丝人群-ROI-2.10,174659568,2026-02-10 18:01:27,0.00,0,0,0.0%,0.0,0.0,0,0.00,0.0,0,0,0.0,0,0,0.0,0,0.0,0,0.0,0,0.0,0,0.0,0,0.0,0,0.0,0,0.0,0,0.0,0,0.0,0.00,0.0,0,0,0
3762977434,直播通投托管-波波杯-自产-长期主义内衣-灵犀AIPS人群-ROI-2.10,被计划暂停,审核通过,通投,直播间直接支付ROI,笔记（直播组件）,69203a0d000000001e02cd40,5c6e75ba000000001201be11,视频笔记,直播通投托管-波波杯-自产-长期主义内衣-灵犀AIPS人群-ROI-2.10,174647907,2026-02-10 18:00:05,0.00,0,0,0.0%,0.0,0.0,0,0.00,0.0,0,0,0.0,0,0,0.0,0,0.0,0,0.0,0,0.0,0,0.0,0,0.0,0,0.0,0,0.0,0,0.0,0,0.0,0.00,0.0,0,0,0
3762874127,直播通投托管-糯糯杯小胸-自产-小胸姐妹-灵犀AIPS人群-ROI-2.10,被计划暂停,审核通过,通投,直播间直接支付ROI,笔记（直播组件）,69201e4c000000001e036b06,5c6e75ba000000001201be11,视频笔记,直播通投托管-糯糯杯小胸-自产-小胸姐妹-灵犀AIPS人群-ROI-2.10,174659453,2026-02-10 17:58:42,0.00,0,0,0.0%,0.0,0.0,0,0.00,0.0,0,0,0.0,0,0,0.0,0,0.0,0,0.0,0,0.0,0,0.0,0,0.0,0,0.0,0,0.0,0,0.0,0,0.0,0.00,0.0,0,0,0
3762975587,直播通投托管-小懒猫-自产-秋冬舒适无痕-灵犀AIPS人群-ROI-2.10,计划处于暂停时段,审核通过,通投,直播间直接支付ROI,笔记（直播组件）,690dc37c000000000400187b,5c6e75ba000000001201be11,视频笔记,直播通投托管-小懒猫-自产-秋冬舒适无痕-灵犀AIPS人群-ROI-2.10,174642313,2026-02-10 17:57:10,0.00,0,0,0.0%,0.0,0.0,0,0.00,0.0,0,0,0.0,0,0,0.0,0,0.0,0,0.0,0,0.0,0.0,0.0,0,0.0,0.0,0.0,0,0.0,0.0,0.0,0,0.0,0.00,0.0,0,0,0.0
3763030342,直播通投托管-经典大胸-自产-谁说大胸-细节装饰（36+）-ROI-2.10-新框架,被计划暂停,审核通过,通投,直播间直接支付ROI,笔记（直播组件）,6971a091000000001a02d168,5c6e75ba000000001201be11,视频笔记,直播通投托管-经典大胸-自产-谁说大胸-细节装饰（36+）-ROI-2.10-新框架,174665320,2026-02-10 17:55:03,0.00,0,0,0.0%,0.0,0.0,0,0.00,0.0,0,0,0.0,0,0,0.0,0,0.0,0,0.0,0,0.0,0,0.0,0,0.0,0,0.0,0,0.0,0,0.0,0,0.0,0.00,0.0,0,0,0
3763074607,直播通投托管-猫耳杯-自产-无痕内衣-细节装饰（36+）-ROI-2.10,计划处于暂停时段,审核通过,通投,直播间直接支付ROI,笔记（直播组件）,68ff39c90000000005031ced,5c6e75ba000000001201be11,视频笔记,直播通投托管-猫耳杯-自产-无痕内衣-细节装饰（36+）-ROI-2.10,174647661,2026-02-10 17:54:13,0.00,0,0,0.0%,0.0,0.0,0,0.00,0.0,0,0,0.0,0,0,0.0,0,0.0,0,0.0,0,0.0,0,0.0,0,0.0,0,0.0,0,0.0,0,0.0,0,0.0,0.00,0.0,0,0,0
3763022461,直播通投托管-救星杯-自产-封神内衣-灵犀AIPS人群-ROI-2.10,暂停,审核通过,通投,直播间直接支付ROI,笔记（直播组件）,695c5fc9000000001a02bf49,5c6e75ba000000001201be11,视频笔记,直播通投-托管-救星杯-自产-封神内衣-灵犀AIPS人群-ROI-2.10,174664920,2026-02-10 17:45:59,0.00,0,0,0.0%,0.0,0.0,0,0.00,0.0,0,0,0.0,0,0,0.0,0,0.0,0,0.0,0,0.0,0,0.0,0,0.0,0,0.0,0,0.0,0,0.0,0,0.0,0.00,0.0,0,0,0
3762899367,直播通投托管-经典大胸-自产-易如反掌-灵犀AIPS人群-ROI-2.10-历史爆文,计划处于暂停时段,审核通过,通投,直播间直接支付ROI,笔记（直播组件）,67ecfa25000000001d023b2f,5c6e75ba000000001201be11,图文笔记,直播通投托管-经典大胸-自产-易如反掌-灵犀AIPS人群-ROI-2.10,174658488,2026-02-10 17:36:26,0.00,0,0,0.0%,0.0,0.0,0,0.00,0.0,0,0,0.0,0,0,0.0,0,0.0,0,0.0,0,0.0,0.0,0.0,0,0.0,0.0,0.0,0,0.0,0.0,0.0,0,0.0,0.00,0.0,0,0,0.0
3762754562,直播通投托管-经典大胸-自产-显瘦又高级-灵犀AIPS人群-ROI-2.10-历史爆文,被计划暂停,审核通过,通投,直播间直接支付ROI,笔记（直播组件）,6854cb58000000002203e304,5c6e75ba000000001201be11,图文笔记,直播通投托管-经典大胸-自产-显瘦又高级-灵犀AIPS人群-ROI-2.10,174652504,2026-02-10 17:33:19,0.00,0,0,0.0%,0.0,0.0,0,0.00,0.0,0,0,0.0,0,0,0.0,0,0.0,0,0.0,0,0.0,0,0.0,0,0.0,0,0.0,0,0.0,0,0.0,0,0.0,0.00,0.0,0,0,0
3762782654,直播通投托管-波波杯-混剪-秋冬不显胖-灵犀AIPS人群-ROI-2.10-历史爆文,计划处于暂停时段,审核通过,通投,直播间直接支付ROI,笔记（直播组件）,69152dac0000000005039afc,5c6e75ba000000001201be11,视频笔记,直播通投托管-波波杯-混剪-秋冬不显胖-灵犀AIPS人群-ROI-2.10,174640855,2026-02-10 17:24:56,0.00,1,0,0.0%,0.0,0.0,0,0.00,0.0,0,0,0.0,0,0,0.0,0,0.0,0,0.0,0,0.0,0.0,0.0,0,0.0,0.0,0.0,0,0.0,0.0,0.0,0,0.0,0.00,0.0,0,0,0.0
3731425893,直播通投托管-救星杯-混剪-穿衣不臃肿-细节装饰（36+）-ROI-2.6,暂停,审核通过,通投,直播间直接支付ROI,笔记（直播组件）,6985a2ca000000001a031605,5c6e75ba000000001201be11,视频笔记,直播通投托管-救星杯-混剪-穿衣不臃肿-细节装饰（36+）-ROI-2.6,174001980,2026-02-06 16:40:20,0.00,0,0,0.0%,0.0,0.0,0,0.00,0.0,0,0,0.0,0,0,0.0,0,0.0,0,0.0,0,0.0,0,0.0,0,0.0,0,0.0,0,0.0,0,0.0,0,0.0,0.00,0.0,0,0,0
3731424358,直播通投托管-经典大胸-自产-穿一次就爱上-细节装饰（36+）-ROI-2.6,被计划暂停,审核通过,通投,直播间直接支付ROI,笔记（直播组件）,69859fa7000000002801c091,5c6e75ba000000001201be11,视频笔记,直播通投托管-经典大胸-自产-穿一次就爱上-细节装饰（36+）-ROI-2.6,174001930,2026-02-06 16:39:30,0.00,0,0,0.0%,0.0,0.0,0,0.00,0.0,0,0,0.0,0,0,0.0,0,0.0,0,0.0,0,0.0,0,0.0,0,0.0,0,0.0,0,0.0,0,0.0,0,0.0,0.00,0.0,0,0,0
3729187638,直播通投托管-经典大胸-自产-春夏-购买核心人群（28+）-ROI-2.6,被计划暂停,审核拒绝,通投,直播间直接支付ROI,笔记（直播组件）,67da8cc20000000003028970,5c6e75ba000000001201be11,图文笔记,直播通投托管-爆文笔记扩量-购买核心人群（28+）-ROI-2.6,173967330,2026-02-06 11:48:42,0.00,0,0,0.0%,0.0,0.0,0,0.00,0.0,0,0,0.0,0,0,0.0,0,0.0,0,0.0,0,0.0,0,0.0,0,0.0,0,0.0,0,0.0,0,0.0,0,0.0,0.00,0.0,0,0,0
3729187637,直播通投托管-经典大胸-自产-高颜值-购买核心人群（28+）-ROI-2.6,被计划暂停,审核通过,通投,直播间直接支付ROI,笔记（直播组件）,67da1636000000000302941e,5c6e75ba000000001201be11,图文笔记,直播通投托管-爆文笔记扩量-购买核心人群（28+）-ROI-2.6,173967330,2026-02-06 11:48:42,0.00,0,0,0.0%,0.0,0.0,0,0.00,0.0,0,0,0.0,0,0,0.0,0,0.0,0,0.0,0,0.0,0,0.0,0,0.0,0,0.0,0,0.0,0,0.0,0,0.0,0.00,0.0,0,0,0
3729187636,直播通投托管-经典大胸-自产-天花板-购买核心人群（28+）-ROI-2.6,被计划暂停,审核通过,通投,直播间直接支付ROI,笔记（直播组件）,67f477e9000000001d03acdc,5c6e75ba000000001201be11,图文笔记,直播通投托管-爆文笔记扩量-购买核心人群（28+）-ROI-2.6,173967330,2026-02-06 11:48:42,0.00,0,0,0.0%,0.0,0.0,0,0.00,0.0,0,0,0.0,0,0,0.0,0,0.0,0,0.0,0,0.0,0,0.0,0,0.0,0,0.0,0,0.0,0,0.0,0,0.0,0.00,0.0,0,0,0
3729187635,直播通投托管-经典大胸-自产-DNA-购买核心人群（28+）-ROI-2.6,被计划暂停,审核通过,通投,直播间直接支付ROI,笔记（直播组件）,680613b4000000001d01fafe,5c6e75ba000000001201be11,视频笔记,直播通投托管-爆文笔记扩量-购买核心人群（28+）-ROI-2.6,173967330,2026-02-06 11:48:42,0.00,0,0,0.0%,0.0,0.0,0,0.00,0.0,0,0,0.0,0,0,0.0,0,0.0,0,0.0,0,0.0,0,0.0,0,0.0,0,0.0,0,0.0,0,0.0,0,0.0,0.00,0.0,0,0,0
3729187634,直播通投托管-经典大胸-自产-显瘦神器-购买核心人群（28+）-ROI-2.6,被计划暂停,审核通过,通投,直播间直接支付ROI,笔记（直播组件）,67c16251000000000d01580e,5c6e75ba000000001201be11,图文笔记,直播通投托管-爆文笔记扩量-购买核心人群（28+）-ROI-2.6,173967330,2026-02-06 11:48:42,0.00,0,0,0.0%,0.0,0.0,0,0.00,0.0,0,0,0.0,0,0,0.0,0,0.0,0,0.0,0,0.0,0,0.0,0,0.0,0,0.0,0,0.0,0,0.0,0,0.0,0.00,0.0,0,0,0
3701128008,直播通投托管-经典大胸-自产-就靠它-购买核心人群（36+）-ROI-2.3-新框架,暂停,审核通过,通投,直播间直接支付ROI,笔记（直播组件）,696ee395000000001a02aa4a,5c6e75ba000000001201be11,视频笔记,直播通投托管-经典大胸-自产-就靠它-购买核心人群（36+）-ROI-2.3-新框架,173306741,2026-02-03 13:41:28,0.00,0,0,0.0%,0.0,0.0,0,0.00,0.0,0,0,0.0,0,0,0.0,0,0.0,0,0.0,0,0.0,0,0.0,0,0.0,0,0.0,0,0.0,0,0.0,0,0.0,0.00,0.0,0,0,0
3690157590,直播通投托管-救星杯-混剪-高能颜值-细节装饰（36+）-ROI-2.2,被计划暂停,审核通过,通投,直播间直接支付ROI,笔记（直播组件）,694110f8000000001f0052a2,5c6e75ba000000001201be11,视频笔记,直播通投托管-救星杯-混剪-高能颜值-细节装饰（36+）-ROI-2.2,173045653,2026-02-02 10:16:04,0.00,0,0,0.0%,0.0,0.0,0,0.00,0.0,0,0,0.0,0,0,0.0,0,0.0,0,0.0,0,0.0,0,0.0,0,0.0,0,0.0,0,0.0,0,0.0,0,0.0,0.00,0.0,0,0,0
3635504408,直播通投托管-经典大胸-官号-对话（下）-轻奢人群（36+）-ROI-1.22-官号科普互动,被计划暂停,审核通过,通投,直播间直接支付ROI,笔记（直播组件）,69522f8a000000001e02e60c,5c6e75ba000000001201be11,视频笔记,直播通投托管-官号科普互动合集-轻奢人群（36+）-ROI-1.27-官号科普互动,171939309,2026-01-27 13:59:18,0.00,0,0,0.0%,0.0,0.0,0,0.00,0.0,0,0,0.0,0,0,0.0,0,0.0,0,0.0,0,0.0,0,0.0,0,0.0,0,0.0,0,0.0,0,0.0,0,0.0,0.00,0.0,0,0,0
3635504407,直播通投托管-经典大胸-官号-沉浸式洗内衣-轻奢人群（36+）-ROI-1.22-官号科普互动,被计划暂停,审核通过,通投,直播间直接支付ROI,笔记（直播组件）,694530e2000000001e023114,5c6e75ba000000001201be11,视频笔记,直播通投托管-官号科普互动合集-轻奢人群（36+）-ROI-1.27-官号科普互动,171939309,2026-01-27 13:59:18,0.00,0,0,0.0%,0.0,0.0,0,0.00,0.0,0,0,0.0,0,0,0.0,0,0.0,0,0.0,0,0.0,0,0.0,0,0.0,0,0.0,0,0.0,0,0.0,0,0.0,0.00,0.0,0,0,0
3635504406,直播通投托管-经典大胸-官号-暂停调整-轻奢人群（36+）-ROI-1.22-官号科普互动,被计划暂停,审核拒绝,通投,直播间直接支付ROI,笔记（直播组件）,6953af14000000001e038fca,5c6e75ba000000001201be11,视频笔记,直播通投托管-官号科普互动合集-轻奢人群（36+）-ROI-1.27-官号科普互动,171939309,2026-01-27 13:59:18,0.00,0,0,0.0%,0.0,0.0,0,0.00,0.0,0,0,0.0,0,0,0.0,0,0.0,0,0.0,0,0.0,0,0.0,0,0.0,0,0.0,0,0.0,0,0.0,0,0.0,0.00,0.0,0,0,0
3635504405,直播通投托管-经典大胸-官号-对话（上）-轻奢人群（36+）-ROI-1.22-官号科普互动,被计划暂停,审核通过,通投,直播间直接支付ROI,笔记（直播组件）,694e3d58000000001e0382d5,5c6e75ba000000001201be11,视频笔记,直播通投托管-官号科普互动合集-轻奢人群（36+）-ROI-1.27-官号科普互动,171939309,2026-01-27 13:59:18,0.00,0,0,0.0%,0.0,0.0,0,0.00,0.0,0,0,0.0,0,0,0.0,0,0.0,0,0.0,0,0.0,0,0.0,0,0.0,0,0.0,0,0.0,0,0.0,0,0.0,0.00,0.0,0,0,0
3634148538,直播通投托管-经典大胸-自产-就靠它-细节装饰（36+）-ROI-1.27-新框架,暂停,审核通过,通投,直播间直接支付ROI,笔记（直播组件）,696ee395000000001a02aa4a,5c6e75ba000000001201be11,视频笔记,直播通投托管-经典大胸-自产-就靠它-细节装饰（36+）-ROI-1.27-新框架,171932392,2026-01-27 11:16:07,0.00,0,0,0.0%,0.0,0.0,0,0.00,0.0,0,0,0.0,0,0,0.0,0,0.0,0,0.0,0,0.0,0,0.0,0,0.0,0,0.0,0,0.0,0,0.0,0,0.0,0.00,0.0,0,0,0
3623872903,直播通投托管-经典大胸-自产-舒适高颜值-购买核心人群（36+）-ROI-1.26-新框架,暂停,审核通过,通投,直播间直接支付ROI,笔记（直播组件）,6971eeec000000001a026b20,5c6e75ba000000001201be11,视频笔记,直播通投托管-经典大胸-自产-舒适高颜值-购买核心人群（36+）-ROI-1.26-新框架,171680848,2026-01-26 10:35:24,0.00,0,0,0.0%,0.0,0.0,0,0.00,0.0,0,0,0.0,0,0,0.0,0,0.0,0,0.0,0,0.0,0,0.0,0,0.0,0,0.0,0,0.0,0,0.0,0,0.0,0.00,0.0,0,0,0
3588187945,直播通投托管-经典大胸-自产-谁说大胸-购买核心人群（36+）-ROI-1.22-新框架,被计划暂停,审核通过,通投,直播间直接支付ROI,笔记（直播组件）,6971a091000000001a02d168,5c6e75ba000000001201be11,视频笔记,直播通投托管-经典大胸-自产-谁说大胸-购买核心人群（36+）-ROI-1.22-新框架,171025871,2026-01-22 15:56:58,0.00,0,0,0.0%,0.0,0.0,0,0.00,0.0,0,0,0.0,0,0,0.0,0,0.0,0,0.0,0,0.0,0,0.0,0,0.0,0,0.0,0,0.0,0,0.0,0,0.0,0.00,0.0,0,0,0
3586375654,直播通投托管-经典大胸-官号-对话（下）-细节装饰（36+）-ROI-1.22-官号科普互动,被计划暂停,不满足审核条件,通投,直播间直接支付ROI,笔记（直播组件）,69522f8a000000001e02e60c,5c6e75ba000000001201be11,视频笔记,直播通投托管-官号科普互动合集-细节装饰（36+）-ROI-1.22-官号科普互动,170978837,2026-01-22 11:52:15,0.00,0,0,0.0%,0.0,0.0,0,0.00,0.0,0,0,0.0,0,0,0.0,0,0.0,0,0.0,0,0.0,0,0.0,0,0.0,0,0.0,0,0.0,0,0.0,0,0.0,0.00,0.0,0,0,0
3586375653,直播通投托管-经典大胸-官号-沉浸式洗内衣-细节装饰（36+）-ROI-1.22-官号科普互动,被计划暂停,审核通过,通投,直播间直接支付ROI,笔记（直播组件）,694530e2000000001e023114,5c6e75ba000000001201be11,视频笔记,直播通投托管-官号科普互动合集-细节装饰（36+）-ROI-1.22-官号科普互动,170978837,2026-01-22 11:52:15,0.00,0,0,0.0%,0.0,0.0,0,0.00,0.0,0,0,0.0,0,0,0.0,0,0.0,0,0.0,0,0.0,0,0.0,0,0.0,0,0.0,0,0.0,0,0.0,0,0.0,0.00,0.0,0,0,0
3586375652,直播通投托管-经典大胸-官号-暂停调整-细节装饰（36+）-ROI-1.22-官号科普互动,被计划暂停,审核拒绝,通投,直播间直接支付ROI,笔记（直播组件）,6953af14000000001e038fca,5c6e75ba000000001201be11,视频笔记,直播通投托管-官号科普互动合集-细节装饰（36+）-ROI-1.22-官号科普互动,170978837,2026-01-22 11:52:15,0.00,0,0,0.0%,0.0,0.0,0,0.00,0.0,0,0,0.0,0,0,0.0,0,0.0,0,0.0,0,0.0,0,0.0,0,0.0,0,0.0,0,0.0,0,0.0,0,0.0,0.00,0.0,0,0,0
3586375651,直播通投托管-经典大胸-官号-对话（上）-细节装饰（36+）-ROI-1.22-官号科普互动,被计划暂停,审核通过,通投,直播间直接支付ROI,笔记（直播组件）,694e3d58000000001e0382d5,5c6e75ba000000001201be11,视频笔记,直播通投托管-官号科普互动合集-细节装饰（36+）-ROI-1.22-官号科普互动,170978837,2026-01-22 11:52:15,0.00,0,0,0.0%,0.0,0.0,0,0.00,0.0,0,0,0.0,0,0,0.0,0,0.0,0,0.0,0,0.0,0,0.0,0,0.0,0,0.0,0,0.0,0,0.0,0,0.0,0.00,0.0,0,0,0
3576260923,直播通投托管-经典大胸-自产-虎背熊腰拜拜-购买核心人群（36+）-ROI-1.21-新框架,被计划暂停,审核拒绝,通投,直播间直接支付ROI,笔记（直播组件）,696896d8000000001a02752c,5c6e75ba000000001201be11,视频笔记,直播通投托管-经典大胸-自产-虎背熊腰拜拜-购买核心人群（36+）-ROI-1.21-新框架,170757242,2026-01-21 14:43:17,0.00,0,0,0.0%,0.0,0.0,0,0.00,0.0,0,0,0.0,0,0,0.0,0,0.0,0,0.0,0,0.0,0,0.0,0,0.0,0,0.0,0,0.0,0,0.0,0,0.0,0.00,0.0,0,0,0
3576257720,直播通投托管-经典大胸-自产-谁懂大胸-购买核心人群（36+）-ROI-1.21-新框架,被计划暂停,审核通过,通投,直播间直接支付ROI,笔记（直播组件）,696a021e000000001a02fd16,5c6e75ba000000001201be11,视频笔记,直播通投托管-经典大胸-自产-谁懂大胸-购买核心人群（36+）-ROI-1.21-新框架,170751380,2026-01-21 14:42:20,0.00,0,0,0.0%,0.0,0.0,0,0.00,0.0,0,0,0.0,0,0,0.0,0,0.0,0,0.0,0,0.0,0,0.0,0,0.0,0,0.0,0,0.0,0,0.0,0,0.0,0.00,0.0,0,0,0
3563070240,直播通投托管-经典大胸-自产-就靠它-购买核心人群（36+）-ROI-1.20-新框架,暂停,审核通过,通投,直播间直接支付ROI,笔记（直播组件）,696ee395000000001a02aa4a,5c6e75ba000000001201be11,视频笔记,直播通投托管-经典大胸-自产-就靠它-购买核心人群（36+）-ROI-1.20-新框架,170458731,2026-01-20 10:43:03,0.00,0,0,0.0%,0.0,0.0,0,0.00,0.0,0,0,0.0,0,0,0.0,0,0.0,0,0.0,0,0.0,0,0.0,0,0.0,0,0.0,0,0.0,0,0.0,0,0.0,0.00,0.0,0,0,0
3552644639,直播通投托管-救星杯-混剪-终于挖到-细节装饰（36+）-ROI-1.19,被计划暂停,审核拒绝,通投,直播间直接支付ROI,笔记（直播组件）,69315bcd000000001e032c5f,5c6e75ba000000001201be11,图文笔记,直播通投托管-救星杯-混剪-终于挖到-细节装饰（36+）-ROI-1.19,170225512,2026-01-19 09:56:18,0.00,0,0,0.0%,0.0,0.0,0,0.00,0.0,0,0,0.0,0,0,0.0,0,0.0,0,0.0,0,0.0,0,0.0,0,0.0,0,0.0,0,0.0,0,0.0,0,0.0,0.00,0.0,0,0,0
3552440218,直播通投托管-救星杯-自产-冬季困扰-购买核心人群（36+）-ROI-1.19,被计划暂停,审核通过,通投,直播间直接支付ROI,笔记（直播组件）,694df71e000000001f0057aa,5c6e75ba000000001201be11,视频笔记,直播通投托管-救星杯-自产-冬季困扰-购买核心人群（36+）-ROI-1.19,170236989,2026-01-19 09:53:58,0.00,0,0,0.0%,0.0,0.0,0,0.00,0.0,0,0,0.0,0,0,0.0,0,0.0,0,0.0,0,0.0,0,0.0,0,0.0,0,0.0,0,0.0,0,0.0,0,0.0,0.00,0.0,0,0,0
3529594382,直播通投托管-经典大胸-自产-谁懂大胸-细节装饰（36+）-ROI-1.16-新框架,被计划暂停,审核通过,通投,直播间直接支付ROI,笔记（直播组件）,696a021e000000001a02fd16,5c6e75ba000000001201be11,视频笔记,直播通投托管-经典大胸-自产-谁懂大胸-细节装饰（36+）-ROI-1.16-新框架,169852066,2026-01-16 17:50:22,0.00,0,0,0.0%,0.0,0.0,0,0.00,0.0,0,0,0.0,0,0,0.0,0,0.0,0,0.0,0,0.0,0,0.0,0,0.0,0,0.0,0,0.0,0,0.0,0,0.0,0.00,0.0,0,0,0
3525793711,直播通投托管-救星杯-混剪-终于挖到-轻奢人群（36+）-ROI-1.16,被计划暂停,审核拒绝,通投,直播间直接支付ROI,笔记（直播组件）,69315bcd000000001e032c5f,5c6e75ba000000001201be11,图文笔记,直播通投托管-12月自产新笔记扩量合集-轻奢人群（36+）-ROI-1.16,169717966,2026-01-16 11:57:33,0.00,0,0,0.0%,0.0,0.0,0,0.00,0.0,0,0,0.0,0,0,0.0,0,0.0,0,0.0,0,0.0,0,0.0,0,0.0,0,0.0,0,0.0,0,0.0,0,0.0,0.00,0.0,0,0,0
3525793710,直播通投托管-合集-混剪-所有胸型躺赢-轻奢人群（36+）-ROI-1.16,被计划暂停,审核通过,通投,直播间直接支付ROI,笔记（直播组件）,692e52b8000000001f00afb0,5c6e75ba000000001201be11,图文笔记,直播通投托管-12月自产新笔记扩量合集-轻奢人群（36+）-ROI-1.16,169717966,2026-01-16 11:57:33,0.00,0,0,0.0%,0.0,0.0,0,0.00,0.0,0,0,0.0,0,0,0.0,0,0.0,0,0.0,0,0.0,0,0.0,0,0.0,0,0.0,0,0.0,0,0.0,0,0.0,0.00,0.0,0,0,0
3525793709,直播通投托管-救星杯-自产-藏肉神器-轻奢人群（36+）-ROI-1.16,被计划暂停,审核通过,通投,直播间直接支付ROI,笔记（直播组件）,693b6911000000001e03abda,5c6e75ba000000001201be11,图文笔记,直播通投托管-12月自产新笔记扩量合集-轻奢人群（36+）-ROI-1.16,169717966,2026-01-16 11:57:33,0.00,0,0,0.0%,0.0,0.0,0,0.00,0.0,0,0,0.0,0,0,0.0,0,0.0,0,0.0,0,0.0,0,0.0,0,0.0,0,0.0,0,0.0,0,0.0,0,0.0,0.00,0.0,0,0,0
3525793708,直播通投托管-救星杯-混剪-高能颜值-轻奢人群（36+）-ROI-1.16,被计划暂停,审核通过,通投,直播间直接支付ROI,笔记（直播组件）,694110f8000000001f0052a2,5c6e75ba000000001201be11,视频笔记,直播通投托管-12月自产新笔记扩量合集-轻奢人群（36+）-ROI-1.16,169717966,2026-01-16 11:57:33,0.00,0,0,0.0%,0.0,0.0,0,0.00,0.0,0,0,0.0,0,0,0.0,0,0.0,0,0.0,0,0.0,0,0.0,0,0.0,0,0.0,0,0.0,0,0.0,0,0.0,0.00,0.0,0,0,0
3525793707,直播通投托管-小懒猫-自产-无钢圈-轻奢人群（36+）-ROI-1.16,暂停,审核通过,通投,直播间直接支付ROI,笔记（直播组件）,693bbd1d000000001f00d4cd,5c6e75ba000000001201be11,图文笔记,直播通投托管-12月自产新笔记扩量合集-轻奢人群（36+）-ROI-1.16,169717966,2026-01-16 11:57:33,0.00,0,0,0.0%,0.0,0.0,0,0.00,0.0,0,0,0.0,0,0,0.0,0,0.0,0,0.0,0,0.0,0,0.0,0,0.0,0,0.0,0,0.0,0,0.0,0,0.0,0.00,0.0,0,0,0
3525793706,直播通投托管-小懒猫-混剪-不愧是-轻奢人群（36+）-ROI-1.16,被计划暂停,审核通过,通投,直播间直接支付ROI,笔记（直播组件）,694216aa000000001e03ab64,5c6e75ba000000001201be11,视频笔记,直播通投托管-12月自产新笔记扩量合集-轻奢人群（36+）-ROI-1.16,169717966,2026-01-16 11:57:33,0.00,0,0,0.0%,0.0,0.0,0,0.00,0.0,0,0,0.0,0,0,0.0,0,0.0,0,0.0,0,0.0,0,0.0,0,0.0,0,0.0,0,0.0,0,0.0,0,0.0,0.00,0.0,0,0,0
3525793705,直播通投托管-救星杯-自产-挖宝必冲-轻奢人群（36+）-ROI-1.16-视频组,被计划暂停,审核通过,通投,直播间直接支付ROI,笔记（直播组件）,695b7ef8000000001a02e8e5,5c6e75ba000000001201be11,视频笔记,直播通投托管-12月自产新笔记扩量合集-轻奢人群（36+）-ROI-1.16,169717966,2026-01-16 11:57:33,0.00,0,0,0.0%,0.0,0.0,0,0.00,0.0,0,0,0.0,0,0,0.0,0,0.0,0,0.0,0,0.0,0,0.0,0,0.0,0,0.0,0,0.0,0,0.0,0,0.0,0.00,0.0,0,0,0
3525793704,直播通投托管-底妆暖衣-自产-同款黑科技-轻奢人群（36+）-ROI-1.16,被计划暂停,审核通过,通投,直播间直接支付ROI,笔记（直播组件）,69363253000000001e023232,5c6e75ba000000001201be11,图文笔记,直播通投托管-12月自产新笔记扩量合集-轻奢人群（36+）-ROI-1.16,169717966,2026-01-16 11:57:33,0.00,0,0,0.0%,0.0,0.0,0,0.00,0.0,0,0,0.0,0,0,0.0,0,0.0,0,0.0,0,0.0,0,0.0,0,0.0,0,0.0,0,0.0,0,0.0,0,0.0,0.00,0.0,0,0,0
3525793703,直播通投托管-救星杯-自产-封神内衣-轻奢人群（36+）-ROI-1.16-视频组,暂停,审核通过,通投,直播间直接支付ROI,笔记（直播组件）,695c5fc9000000001a02bf49,5c6e75ba000000001201be11,视频笔记,直播通投托管-12月自产新笔记扩量合集-轻奢人群（36+）-ROI-1.16,169717966,2026-01-16 11:57:33,0.00,0,0,0.0%,0.0,0.0,0,0.00,0.0,0,0,0.0,0,0,0.0,0,0.0,0,0.0,0,0.0,0,0.0,0,0.0,0,0.0,0,0.0,0,0.0,0,0.0,0.00,0.0,0,0,0
3523913768,直播通投托管-经典大胸-自产-虎背熊腰拜拜-轻奢人群（36+）-ROI-1.16-新框架,被计划暂停,审核通过,通投,直播间直接支付ROI,笔记（直播组件）,696896d8000000001a02752c,5c6e75ba000000001201be11,视频笔记,直播通投托管-经典大胸-自产-虎背熊腰拜拜-轻奢人群（36+）-ROI-1.16-新框架,169680680,2026-01-16 09:03:00,0.00,0,0,0.0%,0.0,0.0,0,0.00,0.0,0,0,0.0,0,0,0.0,0,0.0,0,0.0,0,0.0,0,0.0,0,0.0,0,0.0,0,0.0,0,0.0,0,0.0,0.00,0.0,0,0,0
3481395897,直播通投托管-救星杯-自产-封神内衣-细节装饰（36+）-ROI-1.12-视频组,暂停,审核通过,通投,直播间直接支付ROI,笔记（直播组件）,695c5fc9000000001a02bf49,5c6e75ba000000001201be11,视频笔记,直播通投-托管-救星杯-自产-封神内衣-细节装饰（36+）-ROI-1.12,168717898,2026-01-12 09:20:52,0.00,0,0,0.0%,0.0,0.0,0,0.00,0.0,0,0,0.0,0,0,0.0,0,0.0,0,0.0,0,0.0,0,0.0,0,0.0,0,0.0,0,0.0,0,0.0,0,0.0,0.00,0.0,0,0,0
3481443404,直播通投托管-救星杯-自产-挖宝必冲-细节装饰（36+）-ROI-1.12-视频组,被计划暂停,审核通过,通投,直播间直接支付ROI,笔记（直播组件）,695b7ef8000000001a02e8e5,5c6e75ba000000001201be11,视频笔记,直播通投托管-救星杯-自产-挖宝必冲-细节装饰（36+）-ROI-1.12,168712073,2026-01-12 09:19:37,0.00,0,0,0.0%,0.0,0.0,0,0.00,0.0,0,0,0.0,0,0,0.0,0,0.0,0,0.0,0,0.0,0,0.0,0,0.0,0,0.0,0,0.0,0,0.0,0,0.0,0.00,0.0,0,0,0
3445138247,直播通投托管-救星杯-自产-上身秒变-细节装饰（36+）-ROI-1.8,被计划暂停,审核通过,通投,直播间直接支付ROI,笔记（直播组件）,693bdab6000000001e039f41,5c6e75ba000000001201be11,图文笔记,直播通投托管-救星杯-自产-上身秒变-细节装饰（36+）-ROI-1.8,168070799,2026-01-08 13:35:43,0.00,0,0,0.0%,0.0,0.0,0,0.00,0.0,0,0,0.0,0,0,0.0,0,0.0,0,0.0,0,0.0,0,0.0,0,0.0,0,0.0,0,0.0,0,0.0,0,0.0,0.00,0.0,0,0,0
3354152588,直播通投托管-救星杯-自产-别再说-细节装饰（36+）-ROI-12.30,被计划暂停,审核通过,通投,直播间直接支付ROI,笔记（直播组件）,68f04e1a00000000050313fc,5c6e75ba000000001201be11,视频笔记,直播通投托管-救星杯-自产-别再说-细节装饰（36+）-ROI-12.30,166417013,2025-12-30 13:40:13,0.00,0,0,0.0%,0.0,0.0,0,0.00,0.0,0,0,0.0,0,0,0.0,0,0.0,0,0.0,0,0.0,0,0.0,0,0.0,0,0.0,0,0.0,0,0.0,0,0.0,0.00,0.0,0,0,0
3352631582,直播通投托管-轻挺系列-自产-邪修-细节装饰（36+）-ROI-12.30-视频组,被计划暂停,不满足审核条件,通投,直播间直接支付ROI,笔记（直播组件）,689d7c9b000000001c012acf,5c6e75ba000000001201be11,视频笔记,直播通投托管-轻挺系列-自产-邪修-细节装饰（36+）-ROI-12.30-视频组,166389908,2025-12-30 10:16:41,0.00,0,0,0.0%,0.0,0.0,0,0.00,0.0,0,0,0.0,0,0,0.0,0,0.0,0,0.0,0,0.0,0,0.0,0,0.0,0,0.0,0,0.0,0,0.0,0,0.0,0.00,0.0,0,0,0
3345248155,直播通投托管-波波杯-官号-双11必入-松弛舒适派（36+）-ROI-10.16,被计划暂停,审核通过,通投,直播间直接支付ROI,笔记（直播组件）,68ef51d00000000004029f23,5c6e75ba000000001201be11,视频笔记,直播通投托管-波波杯-官号-双11必入-松弛舒适派（36+）-ROI-10.16,148698542,2025-12-29 17:07:53,0.00,0,0,0.0%,0.0,0.0,0,0.00,0.0,0,0,0.0,0,0,0.0,0,0.0,0,0.0,0,0.0,0,0.0,0,0.0,0,0.0,0,0.0,0,0.0,0,0.0,0.00,0.0,0,0,0
3342875858,直播通投托管-波波杯-自产-显瘦又舒服-购买核心人群-ROI-12.29,被计划暂停,审核通过,通投,直播间直接支付ROI,笔记（直播组件）,690d485500000000040106b6,5c6e75ba000000001201be11,视频笔记,直播通投托管-波波杯-自产-显瘦又舒服-购买核心人群-ROI-12.29,166165657,2025-12-29 14:20:09,0.00,0,0,0.0%,0.0,0.0,0,0.00,0.0,0,0,0.0,0,0,0.0,0,0.0,0,0.0,0,0.0,0,0.0,0,0.0,0,0.0,0,0.0,0,0.0,0,0.0,0.00,0.0,0,0,0
3337112936,直播通投托管-救星杯-自产-冬季困扰-轻奢人群（36+）-ROI-12.28,被计划暂停,审核通过,通投,直播间直接支付ROI,笔记（直播组件）,694df71e000000001f0057aa,5c6e75ba000000001201be11,视频笔记,直播通投托管-救星杯-自产-冬季困扰-轻奢人群（36+）-ROI-12.28,166086885,2025-12-28 23:09:00,0.00,0,0,0.0%,0.0,0.0,0,0.00,0.0,0,0,0.0,0,0,0.0,0,0.0,0,0.0,0,0.0,0,0.0,0,0.0,0,0.0,0,0.0,0,0.0,0,0.0,0.00,0.0,0,0,0
3313191796,直播通投托管-救星杯-混剪-高能颜值-轻奢人群（36+）-ROI-12.26,被计划暂停,审核通过,通投,直播间直接支付ROI,笔记（直播组件）,694110f8000000001f0052a2,5c6e75ba000000001201be11,视频笔记,直播通投托管-救星杯-混剪-高能颜值-轻奢人群（36+）-ROI-12.26,165706378,2025-12-26 16:20:19,0.00,0,0,0.0%,0.0,0.0,0,0.00,0.0,0,0,0.0,0,0,0.0,0,0.0,0,0.0,0,0.0,0,0.0,0,0.0,0,0.0,0,0.0,0,0.0,0,0.0,0.00,0.0,0,0,0
3302274094,直播通投托管-救星杯-自产-下垂-购买核心人群-ROI-12.25,被计划暂停,审核通过,通投,直播间直接支付ROI,笔记（直播组件）,68f5ee9300000000040131e3,5c6e75ba000000001201be11,视频笔记,直播通投托管-救星杯-自产-下垂-购买核心人群-ROI-12.25,165466145,2025-12-25 16:43:02,0.00,0,0,0.0%,0.0,0.0,0,0.00,0.0,0,0,0.0,0,0,0.0,0,0.0,0,0.0,0,0.0,0,0.0,0,0.0,0,0.0,0,0.0,0,0.0,0,0.0,0.00,0.0,0,0,0
3291469180,直播通投托管-合集-混剪-所有胸型躺赢-轻奢人群（36+）-ROI-12.24,被计划暂停,审核通过,通投,直播间直接支付ROI,笔记（直播组件）,692e52b8000000001f00afb0,5c6e75ba000000001201be11,图文笔记,直播通投托管-合集-混剪-所有胸型躺赢-轻奢人群（36+）-ROI-12.24,165239736,2025-12-24 16:27:44,0.00,0,0,0.0%,0.0,0.0,0,0.00,0.0,0,0,0.0,0,0,0.0,0,0.0,0,0.0,0,0.0,0,0.0,0,0.0,0,0.0,0,0.0,0,0.0,0,0.0,0.00,0.0,0,0,0
3275658882,直播通投托管-小懒猫-自产-秋冬舒适无痕-轻奢人群-ROI-12.23,被计划暂停,审核通过,通投,直播间直接支付ROI,笔记（直播组件）,690dc37c000000000400187b,5c6e75ba000000001201be11,视频笔记,直播通投托管-小懒猫-自产-秋冬舒适无痕-轻奢人群-ROI-12.23,164879121,2025-12-23 09:36:25,0.00,0,0,0.0%,0.0,0.0,0,0.00,0.0,0,0,0.0,0,0,0.0,0,0.0,0,0.0,0,0.0,0,0.0,0,0.0,0,0.0,0,0.0,0,0.0,0,0.0,0.00,0.0,0,0,0
3275598904,直播通投托管-救星杯-混剪-终于挖到-轻奢人群（36+）-ROI-12.9,被计划暂停,审核拒绝,通投,直播间直接支付ROI,笔记（直播组件）,69315bcd000000001e032c5f,5c6e75ba000000001201be11,图文笔记,直播通投托管-救星杯-混剪-终于挖到-轻奢人群（36+）-ROI-12.23,164879019,2025-12-23 09:33:27,0.00,0,0,0.0%,0.0,0.0,0,0.00,0.0,0,0,0.0,0,0,0.0,0,0.0,0,0.0,0,0.0,0,0.0,0,0.0,0,0.0,0,0.0,0,0.0,0,0.0,0.00,0.0,0,0,0
3275497209,直播通投托管-直播笔记-自产-福利速抢-细节装饰（36+）-ROI-12.23,被计划暂停,审核通过,通投,直播间直接支付ROI,笔记（直播组件）,690dbde0000000000402319f,5c6e75ba000000001201be11,视频笔记,直播通投托管-直播笔记-自产-福利速抢-细节装饰（36+）-ROI-12.23,164867946,2025-12-23 09:24:16,0.00,0,0,0.0%,0.0,0.0,0,0.00,0.0,0,0,0.0,0,0,0.0,0,0.0,0,0.0,0,0.0,0,0.0,0,0.0,0,0.0,0,0.0,0,0.0,0,0.0,0.00,0.0,0,0,0
3264750704,直播通投托管-小懒猫-混剪-不愧是-细节装饰（36+）-ROI-12.22,被计划暂停,审核通过,通投,直播间直接支付ROI,笔记（直播组件）,694216aa000000001e03ab64,5c6e75ba000000001201be11,视频笔记,直播通投托管-小懒猫-混剪-不愧是-细节装饰（36+）-ROI-12.22,164666732,2025-12-22 09:48:29,0.00,0,0,0.0%,0.0,0.0,0,0.00,0.0,0,0,0.0,0,0,0.0,0,0.0,0,0.0,0,0.0,0,0.0,0,0.0,0,0.0,0,0.0,0,0.0,0,0.0,0.00,0.0,0,0,0
3227220277,直播通投托管-救星杯-混剪-终于挖到-细节装饰（36+）-ROI-12.18,被计划暂停,审核拒绝,通投,直播间直接支付ROI,笔记（直播组件）,69315bcd000000001e032c5f,5c6e75ba000000001201be11,图文笔记,直播通投托管-救星杯-混剪-终于挖到-细节装饰（36+）-ROI-12.18,163970703,2025-12-18 13:37:45,0.00,0,0,0.0%,0.0,0.0,0,0.00,0.0,0,0,0.0,0,0,0.0,0,0.0,0,0.0,0,0.0,0,0.0,0,0.0,0,0.0,0,0.0,0,0.0,0,0.0,0.00,0.0,0,0,0
3218971246,直播通投托管-小懒猫-混剪-不愧是-购买核心人群-ROI-12.17,被计划暂停,审核通过,通投,直播间直接支付ROI,笔记（直播组件）,694216aa000000001e03ab64,5c6e75ba000000001201be11,视频笔记,直播通投托管-小懒猫-混剪-不愧是-购买核心人群-ROI-12.17,163795362,2025-12-17 17:48:11,0.00,0,0,0.0%,0.0,0.0,0,0.00,0.0,0,0,0.0,0,0,0.0,0,0.0,0,0.0,0,0.0,0,0.0,0,0.0,0,0.0,0,0.0,0,0.0,0,0.0,0.00,0.0,0,0,0
3219162510,直播通投托管-救星杯-混剪-高能颜值-购买核心人群-ROI-12.17,被计划暂停,不满足审核条件,通投,直播间直接支付ROI,笔记（直播组件）,694110f8000000001f0052a2,5c6e75ba000000001201be11,视频笔记,直播通投托管-救星杯-混剪-高能颜值-购买核心人群-ROI-12.17,163820354,2025-12-17 17:47:23,0.00,0,0,0.0%,0.0,0.0,0,0.00,0.0,0,0,0.0,0,0,0.0,0,0.0,0,0.0,0,0.0,0,0.0,0,0.0,0,0.0,0,0.0,0,0.0,0,0.0,0.00,0.0,0,0,0
3189922296,直播通投托管-救星杯-自产-上身秒变-购买核心人群-ROI-12.15,被计划暂停,审核通过,通投,直播间直接支付ROI,笔记（直播组件）,693bdab6000000001e039f41,5c6e75ba000000001201be11,图文笔记,直播通投托管-救星杯-自产-上身秒变-购买核心人群-ROI-12.15,163137961,2025-12-15 09:13:48,0.00,0,0,0.0%,0.0,0.0,0,0.00,0.0,0,0,0.0,0,0,0.0,0,0.0,0,0.0,0,0.0,0,0.0,0,0.0,0,0.0,0,0.0,0,0.0,0,0.0,0.00,0.0,0,0,0
3164871005,直播通投托管-小懒猫-自产-无钢圈-购买核心人群-ROI-12.12,被计划暂停,审核通过,通投,直播间直接支付ROI,笔记（直播组件）,693bbd1d000000001f00d4cd,5c6e75ba000000001201be11,图文笔记,直播通投托管-小懒猫-自产-无钢圈-购买核心人群-ROI-12.12,162530065,2025-12-12 15:14:52,0.00,0,0,0.0%,0.0,0.0,0,0.00,0.0,0,0,0.0,0,0,0.0,0,0.0,0,0.0,0,0.0,0,0.0,0,0.0,0,0.0,0,0.0,0,0.0,0,0.0,0.00,0.0,0,0,0
3164707802,直播通投托管-救星杯-自产-藏肉神器-购买核心人群-ROI-12.12,被计划暂停,审核通过,通投,直播间直接支付ROI,笔记（直播组件）,693b6911000000001e03abda,5c6e75ba000000001201be11,图文笔记,直播通投托管-救星杯-自产-藏肉神器-购买核心人群-ROI-12.12,162520404,2025-12-12 15:13:42,0.00,0,0,0.0%,0.0,0.0,0,0.00,0.0,0,0,0.0,0,0,0.0,0,0.0,0,0.0,0,0.0,0,0.0,0,0.0,0,0.0,0,0.0,0,0.0,0,0.0,0.00,0.0,0,0,0
3153104560,直播通投托管-猫耳杯-自产-无痕内衣-购买核心人群-ROI-12.11,被计划暂停,审核通过,通投,直播间直接支付ROI,笔记（直播组件）,68ff39c90000000005031ced,5c6e75ba000000001201be11,视频笔记,直播通投托管-猫耳杯-自产-无痕内衣-购买核心人群-ROI-12.11,162173202,2025-12-11 14:19:12,0.00,0,0,0.0%,0.0,0.0,0,0.00,0.0,0,0,0.0,0,0,0.0,0,0.0,0,0.0,0,0.0,0,0.0,0,0.0,0,0.0,0,0.0,0,0.0,0,0.0,0.00,0.0,0,0,0
3152793128,直播通投托管-波波杯-自产-长期主义内衣-购买核心人群-ROI-12.11,计划处于暂停时段,审核通过,通投,直播间直接支付ROI,笔记（直播组件）,69203a0d000000001e02cd40,5c6e75ba000000001201be11,视频笔记,直播通投托管-波波杯-自产-长期主义内衣-购买核心人群-ROI-12.11,162172933,2025-12-11 14:13:55,0.00,0,0,0.0%,0.0,0.0,0,0.00,0.0,0,0,0.0,0,0,0.0,0,0.0,0,0.0,0,0.0,0.0,0.0,0,0.0,0.0,0.0,0,0.0,0.0,0.0,0,0.0,0.00,0.0,0,0,0.0
3152486447,直播通投托管-波波杯-混剪-秋冬不显胖-细节装饰（36+）-ROI-12.11,被计划暂停,审核通过,通投,直播间直接支付ROI,笔记（直播组件）,69152dac0000000005039afc,5c6e75ba000000001201be11,视频笔记,直播通投托管-波波杯-混剪-秋冬不显胖-细节装饰（36+）-ROI-12.11,162162430,2025-12-11 13:53:24,0.00,0,0,0.0%,0.0,0.0,0,0.00,0.0,0,0,0.0,0,0,0.0,0,0.0,0,0.0,0,0.0,0,0.0,0,0.0,0,0.0,0,0.0,0,0.0,0,0.0,0.00,0.0,0,0,0
3150116280,直播通投托管-救星杯-混剪-终于挖到-购买核心人群-ROI-12.11,被计划暂停,审核拒绝,通投,直播间直接支付ROI,笔记（直播组件）,69315bcd000000001e032c5f,5c6e75ba000000001201be11,图文笔记,直播通投托管-救星杯-混剪-终于挖到-购买核心人群-ROI-12.11,162096965,2025-12-11 09:18:25,0.00,0,0,0.0%,0.0,0.0,0,0.00,0.0,0,0,0.0,0,0,0.0,0,0.0,0,0.0,0,0.0,0,0.0,0,0.0,0,0.0,0,0.0,0,0.0,0,0.0,0.00,0.0,0,0,0
3127280093,直播通投托管-糯糯杯大胸-混剪-美疯了-购买核心人群-ROI-12.9,被计划暂停,审核通过,通投,直播间直接支付ROI,笔记（直播组件）,69364a14000000001f00f323,5c6e75ba000000001201be11,视频笔记,直播通投托管-糯糯杯大胸-混剪-美疯了-购买核心人群-ROI-12.9,161448659,2025-12-09 10:05:10,0.00,0,0,0.0%,0.0,0.0,0,0.00,0.0,0,0,0.0,0,0,0.0,0,0.0,0,0.0,0,0.0,0,0.0,0,0.0,0,0.0,0,0.0,0,0.0,0,0.0,0.00,0.0,0,0,0
3127494473,直播通投托管-波波杯-自产-纸片人内衣-购买核心人群-ROI-12.9,被计划暂停,审核通过,通投,直播间直接支付ROI,笔记（直播组件）,69364779000000001e02d173,5c6e75ba000000001201be11,图文笔记,直播通投托管-波波杯-自产-纸片人内衣-购买核心人群-ROI-12.9,161443259,2025-12-09 10:04:11,0.00,0,0,0.0%,0.0,0.0,0,0.00,0.0,0,0,0.0,0,0,0.0,0,0.0,0,0.0,0,0.0,0,0.0,0,0.0,0,0.0,0,0.0,0,0.0,0,0.0,0.00,0.0,0,0,0
3127374830,直播通投托管-底妆暖衣-自产-同款黑科技-细节装饰（36+）-ROI-12.9,被计划暂停,审核通过,通投,直播间直接支付ROI,笔记（直播组件）,69363253000000001e023232,5c6e75ba000000001201be11,图文笔记,直播通投托管-底妆暖衣-自产-同款黑科技-细节装饰（36+）-ROI-12.9,161448584,2025-12-09 10:03:10,0.00,0,0,0.0%,0.0,0.0,0,0.00,0.0,0,0,0.0,0,0,0.0,0,0.0,0,0.0,0,0.0,0,0.0,0,0.0,0,0.0,0,0.0,0,0.0,0,0.0,0.00,0.0,0,0,0
3127489148,直播通投托管-救星杯-混剪-终于挖到-细节装饰（36+）-ROI-12.9,被计划暂停,审核拒绝,通投,直播间直接支付ROI,笔记（直播组件）,69315bcd000000001e032c5f,5c6e75ba000000001201be11,图文笔记,直播通投托管-救星杯-混剪-终于挖到-细节装饰（36+）-ROI-12.9,161443176,2025-12-09 10:01:53,0.00,0,0,0.0%,0.0,0.0,0,0.00,0.0,0,0,0.0,0,0,0.0,0,0.0,0,0.0,0,0.0,0,0.0,0,0.0,0,0.0,0,0.0,0,0.0,0,0.0,0.00,0.0,0,0,0
3066722426,直播通投托管-小懒猫-达人-脏脏包fashion日记-购买核心人群-ROI-12.3,被计划暂停,不满足审核条件,通投,直播间直接支付ROI,笔记（直播组件）,68f73b890000000007037a95,59d9a503de5fb47614a8e421,图文笔记,直播通投托管-小懒猫-达人-赛马合集-购买核心人群-ROI-12.3,159968431,2025-12-03 11:13:53,0.00,0,0,0.0%,0.0,0.0,0,0.00,0.0,0,0,0.0,0,0,0.0,0,0.0,0,0.0,0,0.0,0,0.0,0,0.0,0,0.0,0,0.0,0,0.0,0,0.0,0.00,0.0,0,0,0
3066722425,直播通投托管-小懒猫-达人-发了疯的卤蛋-购买核心人群-ROI-12.3,被计划暂停,审核通过,通投,直播间直接支付ROI,笔记（直播组件）,68ff3fde0000000004022879,5654749067bc6550d365e323,图文笔记,直播通投托管-小懒猫-达人-赛马合集-购买核心人群-ROI-12.3,159968431,2025-12-03 11:13:53,0.00,0,0,0.0%,0.0,0.0,0,0.00,0.0,0,0,0.0,0,0,0.0,0,0.0,0,0.0,0,0.0,0,0.0,0,0.0,0,0.0,0,0.0,0,0.0,0,0.0,0.00,0.0,0,0,0
3065072086,直播通投托管-小懒猫-自产-一穿就上头-购买核心人群-ROI-12.3,被计划暂停,审核通过,通投,直播间直接支付ROI,笔记（直播组件）,6920155e000000001e022502,5c6e75ba000000001201be11,视频笔记,直播通投托管-小懒猫-自产-一穿就上头-购买核心人群-ROI-12.3,159928438,2025-12-03 09:11:37,0.00,0,0,0.0%,0.0,0.0,0,0.00,0.0,0,0,0.0,0,0,0.0,0,0.0,0,0.0,0,0.0,0,0.0,0,0.0,0,0.0,0,0.0,0,0.0,0,0.0,0.00,0.0,0,0,0
3058163687,直播通投托管-合集-混剪-所有胸型躺赢-购买核心人群-ROI-12.2,被计划暂停,审核通过,通投,直播间直接支付ROI,笔记（直播组件）,692e52b8000000001f00afb0,5c6e75ba000000001201be11,图文笔记,直播通投托管-合集-混剪-所有胸型躺赢-购买核心人群-ROI-12.2,159740544,2025-12-02 15:01:34,0.00,0,0,0.0%,0.0,0.0,0,0.00,0.0,0,0,0.0,0,0,0.0,0,0.0,0,0.0,0,0.0,0,0.0,0,0.0,0,0.0,0,0.0,0,0.0,0,0.0,0.00,0.0,0,0,0
3055226346,直播通投托管-薄薄杯-自产-貌美又实穿-购买核心人群-ROI-12.2-优化测试,被计划暂停,审核通过,通投,直播间直接支付ROI,笔记（直播组件）,6901abd20000000004029d2f,5c6e75ba000000001201be11,视频笔记,直播通投托管-薄薄杯-自产-貌美又实穿-购买核心人群-ROI-12.2-优化测试,159660447,2025-12-02 10:19:15,0.00,0,0,0.0%,0.0,0.0,0,0.00,0.0,0,0,0.0,0,0,0.0,0,0.0,0,0.0,0,0.0,0,0.0,0,0.0,0,0.0,0,0.0,0,0.0,0,0.0,0.00,0.0,0,0,0
3054924161,直播通投托管-糯糯杯小胸-自产-小胸姐妹-购买核心人群-ROI-12.2,被计划暂停,审核通过,通投,直播间直接支付ROI,笔记（直播组件）,69201e4c000000001e036b06,5c6e75ba000000001201be11,视频笔记,直播通投托管-糯糯杯小胸-自产-小胸姐妹-购买核心人群-ROI-12.2,159680730,2025-12-02 10:04:43,0.00,0,0,0.0%,0.0,0.0,0,0.00,0.0,0,0,0.0,0,0,0.0,0,0.0,0,0.0,0,0.0,0,0.0,0,0.0,0,0.0,0,0.0,0,0.0,0,0.0,0.00,0.0,0,0,0
2984898010,直播通投托管-波波杯-自产-长期主义内衣-细节装饰（36+）-ROI-11.25,被计划暂停,审核通过,通投,直播间直接支付ROI,笔记（直播组件）,69203a0d000000001e02cd40,5c6e75ba000000001201be11,视频笔记,直播通投托管-波波杯-自产-长期主义内衣-细节装饰（36+）-ROI-11.25,157955434,2025-11-25 09:08:24,0.00,0,0,0.0%,0.0,0.0,0,0.00,0.0,0,0,0.0,0,0,0.0,0,0.0,0,0.0,0,0.0,0,0.0,0,0.0,0,0.0,0,0.0,0,0.0,0,0.0,0.00,0.0,0,0,0
2984833992,直播通投托管-糯糯杯小胸-混剪-完美弧度-细节装饰（36+）-ROI-11.25,被计划暂停,审核通过,通投,直播间直接支付ROI,笔记（直播组件）,691534e10000000005012e0d,5c6e75ba000000001201be11,视频笔记,直播通投托管-糯糯杯小胸-混剪-完美弧度-细节装饰（36+）-ROI-11.25,157939050,2025-11-25 09:03:32,0.00,0,0,0.0%,0.0,0.0,0,0.00,0.0,0,0,0.0,0,0,0.0,0,0.0,0,0.0,0,0.0,0,0.0,0,0.0,0,0.0,0,0.0,0,0.0,0,0.0,0.00,0.0,0,0,0
2959547571,直播通投托管-糯糯杯小胸-自产-小胸姐妹-细节装饰（36+）-ROI-11.22,被计划暂停,审核通过,通投,直播间直接支付ROI,笔记（直播组件）,69201e4c000000001e036b06,5c6e75ba000000001201be11,视频笔记,直播通投托管-糯糯杯小胸-自产-小胸姐妹-细节装饰（36+）-ROI-11.22,157307504,2025-11-22 12:43:56,0.00,0,0,0.0%,0.0,0.0,0,0.00,0.0,0,0,0.0,0,0,0.0,0,0.0,0,0.0,0,0.0,0,0.0,0,0.0,0,0.0,0,0.0,0,0.0,0,0.0,0.00,0.0,0,0,0
2959509072,直播通投托管-底妆暖衣-自产-过冬神器-细节装饰（36+）-ROI-11.22,被计划暂停,审核通过,通投,直播间直接支付ROI,笔记（直播组件）,69201945000000001e0272d1,5c6e75ba000000001201be11,视频笔记,直播通投托管-底妆暖衣-自产-过冬神器-细节装饰（36+）-ROI-11.22,157307497,2025-11-22 12:43:09,0.00,0,0,0.0%,0.0,0.0,0,0.00,0.0,0,0,0.0,0,0,0.0,0,0.0,0,0.0,0,0.0,0,0.0,0,0.0,0,0.0,0,0.0,0,0.0,0,0.0,0.00,0.0,0,0,0
2959456942,直播通投托管-小懒猫-自产-一穿就上头-细节装饰（36+）-ROI-11.22,被计划暂停,审核通过,通投,直播间直接支付ROI,笔记（直播组件）,6920155e000000001e022502,5c6e75ba000000001201be11,视频笔记,直播通投托管-小懒猫-自产-一穿就上头-细节装饰（36+）-ROI-11.22,157307488,2025-11-22 12:42:12,0.00,0,0,0.0%,0.0,0.0,0,0.00,0.0,0,0,0.0,0,0,0.0,0,0.0,0,0.0,0,0.0,0,0.0,0,0.0,0,0.0,0,0.0,0,0.0,0,0.0,0.00,0.0,0,0,0
2959506609,直播通投托管-救星杯-自产-立体圆圆胸-细节装饰（36+）-ROI-11.22,被计划暂停,不满足审核条件,通投,直播间直接支付ROI,笔记（直播组件）,6920106b000000001f008922,5c6e75ba000000001201be11,视频笔记,直播通投托管-救星杯-自产-立体圆圆胸-细节装饰（36+）-ROI-11.22,157296625,2025-11-22 12:41:03,0.00,0,0,0.0%,0.0,0.0,0,0.00,0.0,0,0,0.0,0,0,0.0,0,0.0,0,0.0,0,0.0,0,0.0,0,0.0,0,0.0,0,0.0,0,0.0,0,0.0,0.00,0.0,0,0,0
2883769040,直播通投托管-救星杯-混剪-舒适与高级-购买核心人群-ROI-11.15,被计划暂停,审核通过,通投,直播间直接支付ROI,笔记（直播组件）,69167d7300000000050106e6,5c6e75ba000000001201be11,图文笔记,直播通投托管-救星杯-混剪-舒适与高级-购买核心人群-ROI-11.15,155560930,2025-11-14 15:30:56,0.00,0,0,0.0%,0.0,0.0,0,0.00,0.0,0,0,0.0,0,0,0.0,0,0.0,0,0.0,0,0.0,0,0.0,0,0.0,0,0.0,0,0.0,0,0.0,0,0.0,0.00,0.0,0,0,0
2883707078,直播通投托管-救星杯-混剪-舒适与高级-购买核心人群-ROI-11.14,被计划暂停,审核通过,通投,直播间直接支付ROI,笔记（直播组件）,69167d7300000000050106e6,5c6e75ba000000001201be11,图文笔记,直播通投托管-救星杯-混剪-舒适与高级-购买核心人群-ROI-11.14,155560876,2025-11-14 15:29:52,0.00,0,0,0.0%,0.0,0.0,0,0.00,0.0,0,0,0.0,0,0,0.0,0,0.0,0,0.0,0,0.0,0,0.0,0,0.0,0,0.0,0,0.0,0,0.0,0,0.0,0.00,0.0,0,0,0
2874617732,直播通投托管-MOOMIN-混剪-舒适有型双拿捏-细节装饰（36+）-ROI-11.13,被计划暂停,审核通过,通投,直播间直接支付ROI,笔记（直播组件）,69153d860000000004022c73,5c6e75ba000000001201be11,视频笔记,直播通投托管-MOOMIN-混剪-舒适有型双拿捏-细节装饰（36+）-ROI-11.13,155358703,2025-11-13 17:45:56,0.00,0,0,0.0%,0.0,0.0,0,0.00,0.0,0,0,0.0,0,0,0.0,0,0.0,0,0.0,0,0.0,0,0.0,0,0.0,0,0.0,0,0.0,0,0.0,0,0.0,0.00,0.0,0,0,0
2869852874,直播通投托管-波波杯-混剪-秋冬不显胖-购买核心人群-ROI-11.13,被计划暂停,审核通过,通投,直播间直接支付ROI,笔记（直播组件）,69152dac0000000005039afc,5c6e75ba000000001201be11,视频笔记,直播通投托管-波波杯-混剪-秋冬不显胖-购买核心人群-ROI-11.13,155238238,2025-11-13 09:13:37,0.00,0,0,0.0%,0.0,0.0,0,0.00,0.0,0,0,0.0,0,0,0.0,0,0.0,0,0.0,0,0.0,0,0.0,0,0.0,0,0.0,0,0.0,0,0.0,0,0.0,0.00,0.0,0,0,0
2864703363,直播通投托管-合集-自产-攻略-购买核心人群-ROI-11.12,被计划暂停,审核通过,通投,直播间直接支付ROI,笔记（直播组件）,68ef735c000000000501007f,5c6e75ba000000001201be11,图文笔记,直播通投托管-合集-自产-攻略-购买核心人群-ROI-11.12,155172391,2025-11-12 17:30:13,0.00,0,0,0.0%,0.0,0.0,0,0.00,0.0,0,0,0.0,0,0,0.0,0,0.0,0,0.0,0,0.0,0,0.0,0,0.0,0,0.0,0,0.0,0,0.0,0,0.0,0.00,0.0,0,0,0
2855540146,直播通投托管-合集-官号-官宣-美依礼芽粉丝人群-ROI-11.11-放量,被计划暂停,不满足审核条件,通投,直播间直接支付ROI,笔记（直播组件）,68e8ad6b00000000040040c8,5c6e75ba000000001201be11,视频笔记,直播通投托管-美依礼芽-美依礼芽粉丝人群-ROI-11.11-放量,154932786,2025-11-11 20:27:20,0.00,0,0,0.0%,0.0,0.0,0,0.00,0.0,0,0,0.0,0,0,0.0,0,0.0,0,0.0,0,0.0,0,0.0,0,0.0,0,0.0,0,0.0,0,0.0,0,0.0,0.00,0.0,0,0,0
2855540145,直播通投托管-小懒猫-官号-美依礼芽私服-美依礼芽粉丝人群-ROI-11.11-放量,被计划暂停,审核通过,通投,直播间直接支付ROI,笔记（直播组件）,690463610000000004010808,5c6e75ba000000001201be11,视频笔记,直播通投托管-美依礼芽-美依礼芽粉丝人群-ROI-11.11-放量,154932786,2025-11-11 20:27:20,0.00,0,0,0.0%,0.0,0.0,0,0.00,0.0,0,0,0.0,0,0,0.0,0,0.0,0,0.0,0,0.0,0,0.0,0,0.0,0,0.0,0,0.0,0,0.0,0,0.0,0.00,0.0,0,0,0
2855540144,直播通投托管-波波杯-官号-双11必入-美依礼芽粉丝人群-ROI-11.11-放量,被计划暂停,审核通过,通投,直播间直接支付ROI,笔记（直播组件）,68ef51d00000000004029f23,5c6e75ba000000001201be11,视频笔记,直播通投托管-美依礼芽-美依礼芽粉丝人群-ROI-11.11-放量,154932786,2025-11-11 20:27:20,0.00,0,0,0.0%,0.0,0.0,0,0.00,0.0,0,0,0.0,0,0,0.0,0,0.0,0,0.0,0,0.0,0,0.0,0,0.0,0,0.0,0,0.0,0,0.0,0,0.0,0.00,0.0,0,0,0
2855540143,直播通投托管-糯糯杯小胸-自产-新哲学-美依礼芽粉丝人群-ROI-11.11-放量,被计划暂停,不满足审核条件,通投,直播间直接支付ROI,笔记（直播组件）,68ff37520000000004004d20,5c6e75ba000000001201be11,视频笔记,直播通投托管-美依礼芽-美依礼芽粉丝人群-ROI-11.11-放量,154932786,2025-11-11 20:27:20,0.00,0,0,0.0%,0.0,0.0,0,0.00,0.0,0,0,0.0,0,0,0.0,0,0.0,0,0.0,0,0.0,0,0.0,0,0.0,0,0.0,0,0.0,0,0.0,0,0.0,0.00,0.0,0,0,0
2855540142,直播通投托管-波波杯-自产-人类设计-美依礼芽粉丝人群-ROI-11.11-放量,被计划暂停,不满足审核条件,通投,直播间直接支付ROI,笔记（直播组件）,68fb116b000000000401519a,5c6e75ba000000001201be11,视频笔记,直播通投托管-美依礼芽-美依礼芽粉丝人群-ROI-11.11-放量,154932786,2025-11-11 20:27:20,0.00,0,0,0.0%,0.0,0.0,0,0.00,0.0,0,0,0.0,0,0,0.0,0,0.0,0,0.0,0,0.0,0,0.0,0,0.0,0,0.0,0,0.0,0,0.0,0,0.0,0.00,0.0,0,0,0
2855540141,直播通投托管-猫耳杯-自产-无痕内衣-美依礼芽粉丝人群-ROI-11.11-放量,被计划暂停,审核通过,通投,直播间直接支付ROI,笔记（直播组件）,68ff39c90000000005031ced,5c6e75ba000000001201be11,视频笔记,直播通投托管-美依礼芽-美依礼芽粉丝人群-ROI-11.11-放量,154932786,2025-11-11 20:27:20,0.00,0,0,0.0%,0.0,0.0,0,0.00,0.0,0,0,0.0,0,0,0.0,0,0.0,0,0.0,0,0.0,0,0.0,0,0.0,0,0.0,0,0.0,0,0.0,0,0.0,0.00,0.0,0,0,0
2855540140,直播通投托管-救星杯-自产-舒适度过-美依礼芽粉丝人群-ROI-11.11-放量,被计划暂停,审核通过,通投,直播间直接支付ROI,笔记（直播组件）,6900614200000000040030bf,5c6e75ba000000001201be11,视频笔记,直播通投托管-美依礼芽-美依礼芽粉丝人群-ROI-11.11-放量,154932786,2025-11-11 20:27:20,0.00,0,0,0.0%,0.0,0.0,0,0.00,0.0,0,0,0.0,0,0,0.0,0,0.0,0,0.0,0,0.0,0,0.0,0,0.0,0,0.0,0,0.0,0,0.0,0,0.0,0.00,0.0,0,0,0
2855540139,直播通投托管-救星杯-官号-美依礼芽同款-美依礼芽粉丝人群-ROI-11.11-放量,被计划暂停,审核拒绝,通投,直播间直接支付ROI,笔记（直播组件）,68f5fa170000000004002ded,5c6e75ba000000001201be11,视频笔记,直播通投托管-美依礼芽-美依礼芽粉丝人群-ROI-11.11-放量,154932786,2025-11-11 20:27:20,0.00,0,0,0.0%,0.0,0.0,0,0.00,0.0,0,0,0.0,0,0,0.0,0,0.0,0,0.0,0,0.0,0,0.0,0,0.0,0,0.0,0,0.0,0,0.0,0,0.0,0.00,0.0,0,0,0
2855540138,直播通投托管-猫耳杯-自产-代餐-美依礼芽粉丝人群-ROI-11.11-放量,被计划暂停,审核通过,通投,直播间直接支付ROI,笔记（直播组件）,68f0c3210000000005039fde,5c6e75ba000000001201be11,视频笔记,直播通投托管-美依礼芽-美依礼芽粉丝人群-ROI-11.11-放量,154932786,2025-11-11 20:27:20,0.00,0,0,0.0%,0.0,0.0,0,0.00,0.0,0,0,0.0,0,0,0.0,0,0.0,0,0.0,0,0.0,0,0.0,0,0.0,0,0.0,0,0.0,0,0.0,0,0.0,0.00,0.0,0,0,0
2849913612,直播通投托管-小懒猫-自产-秋冬舒适无痕-细节装饰（36+）-ROI-11.11,被计划暂停,审核通过,通投,直播间直接支付ROI,笔记（直播组件）,690dc37c000000000400187b,5c6e75ba000000001201be11,视频笔记,直播通投托管-小懒猫-自产-秋冬舒适无痕-细节装饰（36+）-ROI-11.11,154794966,2025-11-11 09:58:52,0.00,0,0,0.0%,0.0,0.0,0,0.00,0.0,0,0,0.0,0,0,0.0,0,0.0,0,0.0,0,0.0,0,0.0,0,0.0,0,0.0,0,0.0,0,0.0,0,0.0,0.00,0.0,0,0,0
2844235852,直播通投托管-合集-官号-官宣-美依礼芽粉丝人群-ROI-11.10,被计划暂停,审核通过,通投,直播间直接支付ROI,笔记（直播组件）,68e8ad6b00000000040040c8,5c6e75ba000000001201be11,视频笔记,直播通投托管-美依礼芽-美依礼芽粉丝人群-ROI-11.10,154738860,2025-11-10 17:26:35,0.00,0,0,0.0%,0.0,0.0,0,0.00,0.0,0,0,0.0,0,0,0.0,0,0.0,0,0.0,0,0.0,0,0.0,0,0.0,0,0.0,0,0.0,0,0.0,0,0.0,0.00,0.0,0,0,0
2844235851,直播通投托管-小懒猫-官号-美依礼芽私服-美依礼芽粉丝人群-ROI-11.10,被计划暂停,审核通过,通投,直播间直接支付ROI,笔记（直播组件）,690463610000000004010808,5c6e75ba000000001201be11,视频笔记,直播通投托管-美依礼芽-美依礼芽粉丝人群-ROI-11.10,154738860,2025-11-10 17:26:35,0.00,0,0,0.0%,0.0,0.0,0,0.00,0.0,0,0,0.0,0,0,0.0,0,0.0,0,0.0,0,0.0,0,0.0,0,0.0,0,0.0,0,0.0,0,0.0,0,0.0,0.00,0.0,0,0,0
2844235850,直播通投托管-波波杯-官号-双11必入-美依礼芽粉丝人群-ROI-11.10,被计划暂停,不满足审核条件,通投,直播间直接支付ROI,笔记（直播组件）,68ef51d00000000004029f23,5c6e75ba000000001201be11,视频笔记,直播通投托管-美依礼芽-美依礼芽粉丝人群-ROI-11.10,154738860,2025-11-10 17:26:35,0.00,0,0,0.0%,0.0,0.0,0,0.00,0.0,0,0,0.0,0,0,0.0,0,0.0,0,0.0,0,0.0,0,0.0,0,0.0,0,0.0,0,0.0,0,0.0,0,0.0,0.00,0.0,0,0,0
2844235849,直播通投托管-糯糯杯小胸-自产-新哲学-美依礼芽粉丝人群-ROI-11.10,被计划暂停,审核通过,通投,直播间直接支付ROI,笔记（直播组件）,68ff37520000000004004d20,5c6e75ba000000001201be11,视频笔记,直播通投托管-美依礼芽-美依礼芽粉丝人群-ROI-11.10,154738860,2025-11-10 17:26:35,0.00,0,0,0.0%,0.0,0.0,0,0.00,0.0,0,0,0.0,0,0,0.0,0,0.0,0,0.0,0,0.0,0,0.0,0,0.0,0,0.0,0,0.0,0,0.0,0,0.0,0.00,0.0,0,0,0
2844235848,直播通投托管-波波杯-自产-人类设计-美依礼芽粉丝人群-ROI-11.10,被计划暂停,审核通过,通投,直播间直接支付ROI,笔记（直播组件）,68fb116b000000000401519a,5c6e75ba000000001201be11,视频笔记,直播通投托管-美依礼芽-美依礼芽粉丝人群-ROI-11.10,154738860,2025-11-10 17:26:35,0.00,0,0,0.0%,0.0,0.0,0,0.00,0.0,0,0,0.0,0,0,0.0,0,0.0,0,0.0,0,0.0,0,0.0,0,0.0,0,0.0,0,0.0,0,0.0,0,0.0,0.00,0.0,0,0,0
2844235847,直播通投托管-猫耳杯-自产-无痕内衣-美依礼芽粉丝人群-ROI-11.10,被计划暂停,审核通过,通投,直播间直接支付ROI,笔记（直播组件）,68ff39c90000000005031ced,5c6e75ba000000001201be11,视频笔记,直播通投托管-美依礼芽-美依礼芽粉丝人群-ROI-11.10,154738860,2025-11-10 17:26:35,0.00,0,0,0.0%,0.0,0.0,0,0.00,0.0,0,0,0.0,0,0,0.0,0,0.0,0,0.0,0,0.0,0,0.0,0,0.0,0,0.0,0,0.0,0,0.0,0,0.0,0.00,0.0,0,0,0
2844235846,直播通投托管-救星杯-自产-舒适度过-美依礼芽粉丝人群-ROI-11.10,被计划暂停,审核通过,通投,直播间直接支付ROI,笔记（直播组件）,6900614200000000040030bf,5c6e75ba000000001201be11,视频笔记,直播通投托管-美依礼芽-美依礼芽粉丝人群-ROI-11.10,154738860,2025-11-10 17:26:35,0.00,0,0,0.0%,0.0,0.0,0,0.00,0.0,0,0,0.0,0,0,0.0,0,0.0,0,0.0,0,0.0,0,0.0,0,0.0,0,0.0,0,0.0,0,0.0,0,0.0,0.00,0.0,0,0,0
2844235845,直播通投托管-救星杯-官号-美依礼芽同款-美依礼芽粉丝人群-ROI-11.10,被计划暂停,审核拒绝,通投,直播间直接支付ROI,笔记（直播组件）,68f5fa170000000004002ded,5c6e75ba000000001201be11,视频笔记,直播通投托管-美依礼芽-美依礼芽粉丝人群-ROI-11.10,154738860,2025-11-10 17:26:35,0.00,0,0,0.0%,0.0,0.0,0,0.00,0.0,0,0,0.0,0,0,0.0,0,0.0,0,0.0,0,0.0,0,0.0,0,0.0,0,0.0,0,0.0,0,0.0,0,0.0,0.00,0.0,0,0,0
2844235844,直播通投托管-猫耳杯-自产-代餐-美依礼芽粉丝人群-ROI-11.10,被计划暂停,审核通过,通投,直播间直接支付ROI,笔记（直播组件）,68f0c3210000000005039fde,5c6e75ba000000001201be11,视频笔记,直播通投托管-美依礼芽-美依礼芽粉丝人群-ROI-11.10,154738860,2025-11-10 17:26:35,0.00,0,0,0.0%,0.0,0.0,0,0.00,0.0,0,0,0.0,0,0,0.0,0,0.0,0,0.0,0,0.0,0,0.0,0,0.0,0,0.0,0,0.0,0,0.0,0,0.0,0.00,0.0,0,0,0
2818901052,直播通投托管-小懒猫-自产-秋冬舒适无痕-购买核心人群-ROI-11.7,被计划暂停,审核通过,通投,直播间直接支付ROI,笔记（直播组件）,690dc37c000000000400187b,5c6e75ba000000001201be11,视频笔记,直播通投托管-小懒猫-自产-秋冬舒适无痕-购买核心人群-ROI-11.7,154190398,2025-11-07 20:54:01,0.00,0,0,0.0%,0.0,0.0,0,0.00,0.0,0,0,0.0,0,0,0.0,0,0.0,0,0.0,0,0.0,0,0.0,0,0.0,0,0.0,0,0.0,0,0.0,0,0.0,0.00,0.0,0,0,0
2818708754,直播通投托管-直播笔记-自产-福利速抢-购买核心人群-ROI-11.7,计划处于暂停时段,审核通过,通投,直播间直接支付ROI,笔记（直播组件）,690dbde0000000000402319f,5c6e75ba000000001201be11,视频笔记,直播通投托管-直播笔记-自产-福利速抢-购买核心人群-ROI-11.7,154185580,2025-11-07 20:53:10,0.00,2,0,0.0%,0.0,0.0,0,0.00,0.0,0,0,0.0,0,0,0.0,0,0.0,0,0.0,0,0.0,0.0,0.0,0,0.0,0.0,0.0,0,0.0,0.0,0.0,0,0.0,0.00,0.0,0,0,0.0
2816000988,直播通投托管-救星杯-自产-闭眼冲-细节装饰（36+）-ROI-11.7,被计划暂停,审核通过,通投,直播间直接支付ROI,笔记（直播组件）,690d69ea0000000004011437,5c6e75ba000000001201be11,视频笔记,直播通投托管-救星杯-自产-闭眼冲-细节装饰（36+）-ROI-11.7,154101214,2025-11-07 15:41:30,0.00,0,0,0.0%,0.0,0.0,0,0.00,0.0,0,0,0.0,0,0,0.0,0,0.0,0,0.0,0,0.0,0,0.0,0,0.0,0,0.0,0,0.0,0,0.0,0,0.0,0.00,0.0,0,0,0
2812752041,直播通投托管-波波杯-自产-显瘦又舒服-细节装饰（36+）-ROI-11.7,被计划暂停,审核通过,通投,直播间直接支付ROI,笔记（直播组件）,690d485500000000040106b6,5c6e75ba000000001201be11,视频笔记,直播通投托管-波波杯-自产-显瘦又舒服-细节装饰（36+）-ROI-11.7,154008219,2025-11-07 09:44:08,0.00,0,0,0.0%,0.0,0.0,0,0.00,0.0,0,0,0.0,0,0,0.0,0,0.0,0,0.0,0,0.0,0,0.0,0,0.0,0,0.0,0,0.0,0,0.0,0,0.0,0.00,0.0,0,0,0
2793235869,直播通投托管-救星杯-自产-别再说-细节装饰（36+）-ROI-10.16-2,被计划暂停,审核通过,通投,直播间直接支付ROI,笔记（直播组件）,68f04e1a00000000050313fc,5c6e75ba000000001201be11,视频笔记,直播通投托管-救星杯-自产-别再说-细节装饰（36+）-ROI-10.16-2,148809173,2025-11-05 10:58:49,0.00,0,0,0.0%,0.0,0.0,0,0.00,0.0,0,0,0.0,0,0,0.0,0,0.0,0,0.0,0,0.0,0,0.0,0,0.0,0,0.0,0,0.0,0,0.0,0,0.0,0.00,0.0,0,0,0
2793190396,直播通投托管-救星杯-自产-别再说-服饰人群-ROI-10.20,被计划暂停,审核通过,通投,直播间直接支付ROI,笔记（直播组件）,68f04e1a00000000050313fc,5c6e75ba000000001201be11,视频笔记,直播通投托管-救星杯-自产-别再说-服饰人群-ROI-10.20,149577191,2025-11-05 10:57:26,0.00,0,0,0.0%,0.0,0.0,0,0.00,0.0,0,0,0.0,0,0,0.0,0,0.0,0,0.0,0,0.0,0,0.0,0,0.0,0,0.0,0,0.0,0,0.0,0,0.0,0.00,0.0,0,0,0
2793187599,直播通投托管-救星杯-自产-别再说-轻奢人群（36+）-ROI-10.20-2,被计划暂停,审核通过,通投,直播间直接支付ROI,笔记（直播组件）,68f04e1a00000000050313fc,5c6e75ba000000001201be11,视频笔记,直播通投托管-救星杯-自产-别再说-轻奢人群（36+）-ROI-10.20-2,149583073,2025-11-05 10:55:22,0.00,0,0,0.0%,0.0,0.0,0,0.00,0.0,0,0,0.0,0,0,0.0,0,0.0,0,0.0,0,0.0,0,0.0,0,0.0,0,0.0,0,0.0,0,0.0,0,0.0,0.00,0.0,0,0,0
2787224592,直播通投托管-经典大胸-自产-秘诀-灵犀AIPS人群-ROI-11.4,被计划暂停,审核通过,通投,直播间直接支付ROI,笔记（直播组件）,68535e410000000023004488,5c6e75ba000000001201be11,图文笔记,直播通投托管-经典大胸-自产-秘诀-灵犀AIPS人群-ROI-11.4,153525882,2025-11-04 17:28:17,0.00,0,0,0.0%,0.0,0.0,0,0.00,0.0,0,0,0.0,0,0,0.0,0,0.0,0,0.0,0,0.0,0,0.0,0,0.0,0,0.0,0,0.0,0,0.0,0,0.0,0.00,0.0,0,0,0
2750228009,直播通投托管-小懒猫-官号-美依礼芽私服-细节装饰（36+）-ROI-10.31,被计划暂停,审核通过,通投,直播间直接支付ROI,笔记（直播组件）,690463610000000004010808,5c6e75ba000000001201be11,视频笔记,直播通投托管-小懒猫-官号-美依礼芽私服-细节装饰（36+）-ROI-10.31,152832076,2025-10-31 17:52:23,0.00,0,0,0.0%,0.0,0.0,0,0.00,0.0,0,0,0.0,0,0,0.0,0,0.0,0,0.0,0,0.0,0,0.0,0,0.0,0,0.0,0,0.0,0,0.0,0,0.0,0.00,0.0,0,0,0
2748631392,直播通投托管-救星杯&小懒猫-达人-Bq睡不醒-细节装饰（36+）-ROI-10.31-图文,被计划暂停,审核通过,通投,直播间直接支付ROI,笔记（直播组件）,6902d1e50000000003039567,5593a34967bc655b150ddb46,图文笔记,直播通投托管-救星杯&小懒猫-达人-Bq睡不醒-细节装饰（36+）-ROI-10.31-图文,152793913,2025-10-31 15:41:17,0.00,0,0,0.0%,0.0,0.0,0,0.00,0.0,0,0,0.0,0,0,0.0,0,0.0,0,0.0,0,0.0,0,0.0,0,0.0,0,0.0,0,0.0,0,0.0,0,0.0,0.00,0.0,0,0,0
2739570983,直播通投托管-MOOMIN-官号-牵手成功-灵犀AIPS人群-ROI-10.30,被计划暂停,审核通过,通投,直播间直接支付ROI,笔记（直播组件）,68f1e81f00000000040034ce,5c6e75ba000000001201be11,图文笔记,直播通投托管-MOOMIN-官号-牵手成功-灵犀AIPS人群-ROI-10.30,152622867,2025-10-30 17:45:06,0.00,0,0,0.0%,0.0,0.0,0,0.00,0.0,0,0,0.0,0,0,0.0,0,0.0,0,0.0,0,0.0,0,0.0,0,0.0,0,0.0,0,0.0,0,0.0,0,0.0,0.00,0.0,0,0,0
2729383604,直播通投托管-薄薄杯-自产-貌美又实穿-轻奢人群（36+）-ROI-10.29,被计划暂停,审核通过,通投,直播间直接支付ROI,笔记（直播组件）,6901abd20000000004029d2f,5c6e75ba000000001201be11,视频笔记,直播通投托管-薄薄杯-自产-貌美又实穿-轻奢人群（36+）-ROI-10.29,152422402,2025-10-29 17:39:30,0.00,0,0,0.0%,0.0,0.0,0,0.00,0.0,0,0,0.0,0,0,0.0,0,0.0,0,0.0,0,0.0,0,0.0,0,0.0,0,0.0,0,0.0,0,0.0,0,0.0,0.00,0.0,0,0,0
2718114733,直播通投托管-救星杯-自产-舒适度过-轻奢人群（36+）-ROI-10.28,被计划暂停,审核通过,通投,直播间直接支付ROI,笔记（直播组件）,6900614200000000040030bf,5c6e75ba000000001201be11,视频笔记,直播通投托管-救星杯-自产-舒适度过-轻奢人群（36+）-ROI-10.28,152014983,2025-10-28 15:25:59,0.00,0,0,0.0%,0.0,0.0,0,0.00,0.0,0,0,0.0,0,0,0.0,0,0.0,0,0.0,0,0.0,0,0.0,0,0.0,0,0.0,0,0.0,0,0.0,0,0.0,0.00,0.0,0,0,0
2710672046,直播通投托管-猫耳杯-自产-无痕内衣-轻奢人群（36+）-ROI-10.27,被计划暂停,审核通过,通投,直播间直接支付ROI,笔记（直播组件）,68ff39c90000000005031ced,5c6e75ba000000001201be11,视频笔记,直播通投托管-猫耳杯-自产-无痕内衣-轻奢人群（36+）-ROI-10.27,151686016,2025-10-27 20:46:15,0.00,0,0,0.0%,0.0,0.0,0,0.00,0.0,0,0,0.0,0,0,0.0,0,0.0,0,0.0,0,0.0,0,0.0,0,0.0,0,0.0,0,0.0,0,0.0,0,0.0,0.00,0.0,0,0,0
2710416723,直播通投托管-糯糯杯小胸-自产-新哲学-轻奢人群（36+）-ROI-10.27,被计划暂停,审核通过,通投,直播间直接支付ROI,笔记（直播组件）,68ff37520000000004004d20,5c6e75ba000000001201be11,视频笔记,直播通投托管-糯糯杯小胸-自产-新哲学-轻奢人群（36+）-ROI-10.27,151701357,2025-10-27 20:45:36,0.00,0,0,0.0%,0.0,0.0,0,0.00,0.0,0,0,0.0,0,0,0.0,0,0.0,0,0.0,0,0.0,0,0.0,0,0.0,0,0.0,0,0.0,0,0.0,0,0.0,0.00,0.0,0,0,0
2710518735,直播通投托管-波波杯-自产-人类设计-轻奢人群（36+）-ROI-10.27,被计划暂停,审核通过,通投,直播间直接支付ROI,笔记（直播组件）,68fb116b000000000401519a,5c6e75ba000000001201be11,视频笔记,直播通投托管-波波杯-自产-人类设计-轻奢人群（36+）-ROI-10.27,151689684,2025-10-27 20:44:06,0.00,0,0,0.0%,0.0,0.0,0,0.00,0.0,0,0,0.0,0,0,0.0,0,0.0,0,0.0,0,0.0,0,0.0,0,0.0,0,0.0,0,0.0,0,0.0,0,0.0,0.00,0.0,0,0,0
2690981142,直播通投托管-轻挺系列-自产-托起-购买核心人群-ROI-10.25,被计划暂停,审核通过,通投,直播间直接支付ROI,笔记（直播组件）,68b79585000000001c012388,5c6e75ba000000001201be11,视频笔记,直播通投托管-轻挺系列-自产-托起-购买核心人群-ROI-10.25,151031191,2025-10-25 15:00:01,0.00,0,0,0.0%,0.0,0.0,0,0.00,0.0,0,0,0.0,0,0,0.0,0,0.0,0,0.0,0,0.0,0,0.0,0,0.0,0,0.0,0,0.0,0,0.0,0,0.0,0.00,0.0,0,0,0
2690981141,直播通投托管-轻挺系列-自产-邪修-购买核心人群-ROI-10.25,被计划暂停,审核通过,通投,直播间直接支付ROI,笔记（直播组件）,689d7c9b000000001c012acf,5c6e75ba000000001201be11,视频笔记,直播通投托管-轻挺系列-自产-托起-购买核心人群-ROI-10.25,151031191,2025-10-25 15:00:01,0.00,0,0,0.0%,0.0,0.0,0,0.00,0.0,0,0,0.0,0,0,0.0,0,0.0,0,0.0,0,0.0,0,0.0,0,0.0,0,0.0,0,0.0,0,0.0,0,0.0,0.00,0.0,0,0,0
2681628267,直播通投托管-猫耳杯-自产-代餐-细节装饰（36+）-ROI-10.24-优化测试,被计划暂停,审核通过,通投,直播间直接支付ROI,笔记（直播组件）,68f0c3210000000005039fde,5c6e75ba000000001201be11,视频笔记,直播通投托管-猫耳杯-自产-代餐-细节装饰（36+）-ROI-10.24-优化测试,150794117,2025-10-24 15:30:42,0.00,0,0,0.0%,0.0,0.0,0,0.00,0.0,0,0,0.0,0,0,0.0,0,0.0,0,0.0,0,0.0,0,0.0,0,0.0,0,0.0,0,0.0,0,0.0,0,0.0,0.00,0.0,0,0,0
2678536254,直播通投托管-合集-官号-官宣-美依礼芽（36+）-ROI-10.24,被计划暂停,审核通过,通投,直播间直接支付ROI,笔记（直播组件）,68e8ad6b00000000040040c8,5c6e75ba000000001201be11,视频笔记,直播通投托管-合集-官号-官宣-美依礼芽（36+）-ROI-10.24,150701022,2025-10-24 10:28:13,0.00,0,0,0.0%,0.0,0.0,0,0.00,0.0,0,0,0.0,0,0,0.0,0,0.0,0,0.0,0,0.0,0,0.0,0,0.0,0,0.0,0,0.0,0,0.0,0,0.0,0.00,0.0,0,0,0
2670694062,直播通投托管-MOOMIN-自产-满分-商务职场范（36+）-ROI-10.23,被计划暂停,审核通过,通投,直播间直接支付ROI,笔记（直播组件）,68f75223000000000503ba7a,5c6e75ba000000001201be11,视频笔记,直播通投托管-MOOMIN-自产-满分-商务职场范（36+）-ROI-10.23,150498970,2025-10-23 14:12:05,0.00,0,0,0.0%,0.0,0.0,0,0.00,0.0,0,0,0.0,0,0,0.0,0,0.0,0,0.0,0,0.0,0,0.0,0,0.0,0,0.0,0,0.0,0,0.0,0,0.0,0.00,0.0,0,0,0
2670881259,直播通投托管-MOOMIN-自产-满分-轻奢人群（36+）-ROI-10.23,被计划暂停,审核通过,通投,直播间直接支付ROI,笔记（直播组件）,68f75223000000000503ba7a,5c6e75ba000000001201be11,视频笔记,直播通投托管-MOOMIN-自产-满分-轻奢人群（36+）-ROI-10.23,150520637,2025-10-23 14:11:35,0.00,0,0,0.0%,0.0,0.0,0,0.00,0.0,0,0,0.0,0,0,0.0,0,0.0,0,0.0,0,0.0,0,0.0,0,0.0,0,0.0,0,0.0,0,0.0,0,0.0,0.00,0.0,0,0,0
2670880525,直播通投托管-MOOMIN-自产-满分-服饰人群-ROI-10.23,被计划暂停,审核通过,通投,直播间直接支付ROI,笔记（直播组件）,68f75223000000000503ba7a,5c6e75ba000000001201be11,视频笔记,直播通投托管-MOOMIN-自产-满分-服饰人群-ROI-10.23,150503438,2025-10-23 14:10:57,0.00,0,0,0.0%,0.0,0.0,0,0.00,0.0,0,0,0.0,0,0,0.0,0,0.0,0,0.0,0,0.0,0,0.0,0,0.0,0,0.0,0,0.0,0,0.0,0,0.0,0.00,0.0,0,0,0
2644100727,直播通投托管-救星杯-自产-下垂-轻奢人群（36+）-ROI-10.20,被计划暂停,审核通过,通投,直播间直接支付ROI,笔记（直播组件）,68f5ee9300000000040131e3,5c6e75ba000000001201be11,视频笔记,直播通投托管-救星杯-自产-下垂-轻奢人群（36+）-ROI-10.20,149677948,2025-10-20 18:14:45,0.00,0,0,0.0%,0.0,0.0,0,0.00,0.0,0,0,0.0,0,0,0.0,0,0.0,0,0.0,0,0.0,0,0.0,0,0.0,0,0.0,0,0.0,0,0.0,0,0.0,0.00,0.0,0,0,0
2644143479,直播通投托管-救星杯-自产-下垂-细节装饰（36+）-ROI-10.20,被计划暂停,审核通过,通投,直播间直接支付ROI,笔记（直播组件）,68f5ee9300000000040131e3,5c6e75ba000000001201be11,视频笔记,直播通投托管-救星杯-自产-下垂-细节装饰（36+）-ROI-10.20,149689356,2025-10-20 18:14:07,0.00,0,0,0.0%,0.0,0.0,0,0.00,0.0,0,0,0.0,0,0,0.0,0,0.0,0,0.0,0,0.0,0,0.0,0,0.0,0,0.0,0,0.0,0,0.0,0,0.0,0.00,0.0,0,0,0
2644361335,直播通投托管-救星杯-自产-下垂-服饰人群-ROI-10.20,被计划暂停,审核通过,通投,直播间直接支付ROI,笔记（直播组件）,68f5ee9300000000040131e3,5c6e75ba000000001201be11,视频笔记,直播通投托管-救星杯-自产-下垂-服饰人群-ROI-10.20,149689308,2025-10-20 18:13:19,0.00,0,0,0.0%,0.0,0.0,0,0.00,0.0,0,0,0.0,0,0,0.0,0,0.0,0,0.0,0,0.0,0,0.0,0,0.0,0,0.0,0,0.0,0,0.0,0,0.0,0.00,0.0,0,0,0
2644059115,直播通投托管-糯糯杯小胸-自产-闭眼-轻奢人群（36+）-ROI-10.20,被计划暂停,审核通过,通投,直播间直接支付ROI,笔记（直播组件）,68f5e403000000000500241a,5c6e75ba000000001201be11,视频笔记,直播通投托管-糯糯杯小胸-自产-闭眼-轻奢人群（36+）-ROI-10.20,149683405,2025-10-20 18:11:32,0.00,0,0,0.0%,0.0,0.0,0,0.00,0.0,0,0,0.0,0,0,0.0,0,0.0,0,0.0,0,0.0,0,0.0,0,0.0,0,0.0,0,0.0,0,0.0,0,0.0,0.00,0.0,0,0,0
2644242491,直播通投托管-糯糯杯小胸-自产-闭眼-细节装饰（36+）-ROI-10.20,被计划暂停,审核通过,通投,直播间直接支付ROI,笔记（直播组件）,68f5e403000000000500241a,5c6e75ba000000001201be11,视频笔记,直播通投托管-糯糯杯小胸-自产-闭眼-细节装饰（36+）-ROI-10.20,149677696,2025-10-20 18:10:25,0.00,0,0,0.0%,0.0,0.0,0,0.00,0.0,0,0,0.0,0,0,0.0,0,0.0,0,0.0,0,0.0,0,0.0,0,0.0,0,0.0,0,0.0,0,0.0,0,0.0,0.00,0.0,0,0,0
2644189038,直播通投托管-糯糯杯小胸-自产-闭眼-服饰人群-ROI-10.20,被计划暂停,审核通过,通投,直播间直接支付ROI,笔记（直播组件）,68f5e403000000000500241a,5c6e75ba000000001201be11,视频笔记,直播通投托管-糯糯杯小胸-自产-闭眼-服饰人群-ROI-10.20,149703177,2025-10-20 18:09:21,0.00,0,0,0.0%,0.0,0.0,0,0.00,0.0,0,0,0.0,0,0,0.0,0,0.0,0,0.0,0,0.0,0,0.0,0,0.0,0,0.0,0,0.0,0,0.0,0,0.0,0.00,0.0,0,0,0
2643994007,直播通投托管-救星杯-官号-美依礼芽同款-轻奢人群（36+）-ROI-10.20,被计划暂停,审核拒绝,通投,直播间直接支付ROI,笔记（直播组件）,68f5fa170000000004002ded,5c6e75ba000000001201be11,视频笔记,直播通投托管-救星杯-官号-美依礼芽同款-轻奢人群（36+）-ROI-10.20,149702840,2025-10-20 18:03:29,0.00,0,0,0.0%,0.0,0.0,0,0.00,0.0,0,0,0.0,0,0,0.0,0,0.0,0,0.0,0,0.0,0,0.0,0,0.0,0,0.0,0,0.0,0,0.0,0,0.0,0.00,0.0,0,0,0
2644131328,直播通投托管-救星杯-官号-美依礼芽同款-细节装饰（36+）-ROI-10.20,被计划暂停,审核拒绝,通投,直播间直接支付ROI,笔记（直播组件）,68f5fa170000000004002ded,5c6e75ba000000001201be11,视频笔记,直播通投托管-救星杯-官号-美依礼芽同款-细节装饰（36+）-ROI-10.20,149702694,2025-10-20 18:01:33,0.00,0,0,0.0%,0.0,0.0,0,0.00,0.0,0,0,0.0,0,0,0.0,0,0.0,0,0.0,0,0.0,0,0.0,0,0.0,0,0.0,0,0.0,0,0.0,0,0.0,0.00,0.0,0,0,0
2643991154,直播通投托管-救星杯-官号-美依礼芽同款-服饰人群-ROI-10.20,被计划暂停,审核拒绝,通投,直播间直接支付ROI,笔记（直播组件）,68f5fa170000000004002ded,5c6e75ba000000001201be11,视频笔记,直播通投托管-救星杯-官号-美依礼芽同款-服饰人群-ROI-10.20,149700248,2025-10-20 18:00:53,0.00,0,0,0.0%,0.0,0.0,0,0.00,0.0,0,0,0.0,0,0,0.0,0,0.0,0,0.0,0,0.0,0,0.0,0,0.0,0,0.0,0,0.0,0,0.0,0,0.0,0.00,0.0,0,0,0
2641643473,直播通投托管-波波杯-自产-薄片感-服饰人群-ROI-10.20,被计划暂停,审核通过,通投,直播间直接支付ROI,笔记（直播组件）,68f1e4ac0000000004013a71,5c6e75ba000000001201be11,视频笔记,直播通投托管-波波杯-自产-薄片感-服饰人群-ROI-10.20,149608227,2025-10-20 14:01:08,0.00,0,0,0.0%,0.0,0.0,0,0.00,0.0,0,0,0.0,0,0,0.0,0,0.0,0,0.0,0,0.0,0,0.0,0,0.0,0,0.0,0,0.0,0,0.0,0,0.0,0.00,0.0,0,0,0
2641860248,直播通投托管-波波杯-自产-薄片感-细节装饰（36+）-ROI-10.20,被计划暂停,审核通过,通投,直播间直接支付ROI,笔记（直播组件）,68f1e4ac0000000004013a71,5c6e75ba000000001201be11,视频笔记,直播通投托管-波波杯-自产-薄片感-细节装饰（36+）-ROI-10.20,149608150,2025-10-20 13:59:01,0.00,0,0,0.0%,0.0,0.0,0,0.00,0.0,0,0,0.0,0,0,0.0,0,0.0,0,0.0,0,0.0,0,0.0,0,0.0,0,0.0,0,0.0,0,0.0,0,0.0,0.00,0.0,0,0,0
2641690516,直播通投托管-波波杯-自产-薄片感-轻奢人群（36+）-ROI-10.20,被计划暂停,审核通过,通投,直播间直接支付ROI,笔记（直播组件）,68f1e4ac0000000004013a71,5c6e75ba000000001201be11,视频笔记,直播通投托管-波波杯-自产-薄片感-轻奢人群（36+）-ROI-10.20,149608059,2025-10-20 13:56:47,0.00,0,0,0.0%,0.0,0.0,0,0.00,0.0,0,0,0.0,0,0,0.0,0,0.0,0,0.0,0,0.0,0,0.0,0,0.0,0,0.0,0,0.0,0,0.0,0,0.0,0.00,0.0,0,0,0
2640014305,直播通投托管-救星杯-自产-别再说-轻奢人群（36+）-ROI-10.20,被计划暂停,审核通过,通投,直播间直接支付ROI,笔记（直播组件）,68f04e1a00000000050313fc,5c6e75ba000000001201be11,视频笔记,直播通投托管-救星杯-自产-别再说-轻奢人群（36+）-ROI-10.20,149588815,2025-10-20 10:51:44,0.00,0,0,0.0%,0.0,0.0,0,0.00,0.0,0,0,0.0,0,0,0.0,0,0.0,0,0.0,0,0.0,0,0.0,0,0.0,0,0.0,0,0.0,0,0.0,0,0.0,0.00,0.0,0,0,0
2640111141,直播通投托管-波波杯-官号-双11必入-服饰人群-ROI-10.20,被计划暂停,审核通过,通投,直播间直接支付ROI,笔记（直播组件）,68ef51d00000000004029f23,5c6e75ba000000001201be11,视频笔记,直播通投托管-经典大胸-官号-双11必入-服饰人群-ROI-10.20,149561411,2025-10-20 10:49:27,0.00,0,0,0.0%,0.0,0.0,0,0.00,0.0,0,0,0.0,0,0,0.0,0,0.0,0,0.0,0,0.0,0,0.0,0,0.0,0,0.0,0,0.0,0,0.0,0,0.0,0.00,0.0,0,0,0
2639948416,直播通投托管-双层大胸-转载-穿衣臃肿-服饰人群-ROI-10.20,被计划暂停,审核通过,通投,直播间直接支付ROI,笔记（直播组件）,68d34b31000000001101d18f,5c6e75ba000000001201be11,视频笔记,直播通投托管-双层大胸-自产-穿衣臃肿-服饰人群-ROI-10.20,149565514,2025-10-20 10:45:12,0.00,0,0,0.0%,0.0,0.0,0,0.00,0.0,0,0,0.0,0,0,0.0,0,0.0,0,0.0,0,0.0,0,0.0,0,0.0,0,0.0,0,0.0,0,0.0,0,0.0,0.00,0.0,0,0,0
2639839655,直播通投托管-双层大胸-转载-穿衣臃肿-轻奢人群（36+）-ROI-10.20,被计划暂停,审核通过,通投,直播间直接支付ROI,笔记（直播组件）,68d34b31000000001101d18f,5c6e75ba000000001201be11,视频笔记,直播通投托管-双层大胸-自产-穿衣臃肿-轻奢人群（36+）-ROI-10.20,149571036,2025-10-20 10:43:41,0.00,0,0,0.0%,0.0,0.0,0,0.00,0.0,0,0,0.0,0,0,0.0,0,0.0,0,0.0,0,0.0,0,0.0,0,0.0,0,0.0,0,0.0,0,0.0,0,0.0,0.00,0.0,0,0,0
2609458289,直播通投托管-猫耳杯-自产-代餐-细节装饰（36+）-ROI-10.16,被计划暂停,审核通过,通投,直播间直接支付ROI,笔记（直播组件）,68f0c3210000000005039fde,5c6e75ba000000001201be11,视频笔记,直播通投托管-猫耳杯-自产-代餐-细节装饰（36+）-ROI-10.16,148814587,2025-10-16 20:23:36,0.00,0,0,0.0%,0.0,0.0,0,0.00,0.0,0,0,0.0,0,0,0.0,0,0.0,0,0.0,0,0.0,0,0.0,0,0.0,0,0.0,0,0.0,0,0.0,0,0.0,0.00,0.0,0,0,0
2609355217,直播通投托管-救星杯-自产-别再说-细节装饰（36+）-ROI-10.16,被计划暂停,审核通过,通投,直播间直接支付ROI,笔记（直播组件）,68f04e1a00000000050313fc,5c6e75ba000000001201be11,视频笔记,直播通投托管-救星杯-自产-别再说-细节装饰（36+）-ROI-10.16,148804821,2025-10-16 20:22:42,0.00,0,0,0.0%,0.0,0.0,0,0.00,0.0,0,0,0.0,0,0,0.0,0,0.0,0,0.0,0,0.0,0,0.0,0,0.0,0,0.0,0,0.0,0,0.0,0,0.0,0.00,0.0,0,0,0
2607343272,直播通投托管-波波杯-官号-双11必入-轻奢人群（36+）-ROI-10.16,被计划暂停,审核通过,通投,直播间直接支付ROI,笔记（直播组件）,68ef51d00000000004029f23,5c6e75ba000000001201be11,视频笔记,直播通投托管-经典大胸-官号-双11必入-轻奢人群（36+）-ROI-10.16,148708404,2025-10-16 15:05:42,0.00,0,0,0.0%,0.0,0.0,0,0.00,0.0,0,0,0.0,0,0,0.0,0,0.0,0,0.0,0,0.0,0,0.0,0,0.0,0,0.0,0,0.0,0,0.0,0,0.0,0.00,0.0,0,0,0
2607189046,直播通投托管-波波杯-官号-双11必入-细节装饰（36+）-ROI-10.16,被计划暂停,审核通过,通投,直播间直接支付ROI,笔记（直播组件）,68ef51d00000000004029f23,5c6e75ba000000001201be11,视频笔记,直播通投托管-经典大胸-官号-双11必入-细节装饰（36+）-ROI-10.16,148698414,2025-10-16 15:02:53,0.00,0,0,0.0%,0.0,0.0,0,0.00,0.0,0,0,0.0,0,0,0.0,0,0.0,0,0.0,0,0.0,0,0.0,0,0.0,0,0.0,0,0.0,0,0.0,0,0.0,0.00,0.0,0,0,0
2607188069,直播通投托管-波波杯-官号-双11必入-双十一人群-ROI-10.16,被计划暂停,审核通过,通投,直播间直接支付ROI,笔记（直播组件）,68ef51d00000000004029f23,5c6e75ba000000001201be11,视频笔记,直播通投托管-经典大胸-官号-双11必入-双十一人群-ROI-10.16,148725023,2025-10-16 15:02:16,0.00,0,0,0.0%,0.0,0.0,0,0.00,0.0,0,0,0.0,0,0,0.0,0,0.0,0,0.0,0,0.0,0,0.0,0,0.0,0,0.0,0,0.0,0,0.0,0,0.0,0.00,0.0,0,0,0
2606532684,直播通投托管-糯糯杯大胸-自产-瘦身外挂-双十一人群-ROI-10.16,被计划暂停,审核通过,通投,直播间直接支付ROI,笔记（直播组件）,689ab0cb000000002203968e,5c6e75ba000000001201be11,视频笔记,直播通投托管-糯糯杯大胸-自产-瘦身外挂-双十一人群-ROI-10.16,148674668,2025-10-16 13:51:36,0.00,0,0,0.0%,0.0,0.0,0,0.00,0.0,0,0,0.0,0,0,0.0,0,0.0,0,0.0,0,0.0,0,0.0,0,0.0,0,0.0,0,0.0,0,0.0,0,0.0,0.00,0.0,0,0,0
2606476241,直播通投托管-经典大胸-转载-慵懒感-轻奢人群（36+）-ROI-10.16,被计划暂停,审核通过,通投,直播间直接支付ROI,笔记（直播组件）,68d493750000000011015e69,5c6e75ba000000001201be11,视频笔记,直播通投托管-经典大胸-自产-慵懒感-轻奢人群（36+）-ROI-10.16,148691387,2025-10-16 13:49:05,0.00,0,0,0.0%,0.0,0.0,0,0.00,0.0,0,0,0.0,0,0,0.0,0,0.0,0,0.0,0,0.0,0,0.0,0,0.0,0,0.0,0,0.0,0,0.0,0,0.0,0.00,0.0,0,0,0
2606429625,直播通投托管-经典大胸-转载-慵懒感-松弛舒适派（36+）-ROI-10.16,被计划暂停,审核通过,通投,直播间直接支付ROI,笔记（直播组件）,68d493750000000011015e69,5c6e75ba000000001201be11,视频笔记,直播通投托管-经典大胸-自产-慵懒感-松弛舒适派（36+）-ROI-10.16,148685729,2025-10-16 13:48:33,0.00,0,0,0.0%,0.0,0.0,0,0.00,0.0,0,0,0.0,0,0,0.0,0,0.0,0,0.0,0,0.0,0,0.0,0,0.0,0,0.0,0,0.0,0,0.0,0,0.0,0.00,0.0,0,0,0
2606584461,直播通投托管-经典大胸-转载-慵懒感-细节装饰（36+）-ROI-10.16,被计划暂停,审核通过,通投,直播间直接支付ROI,笔记（直播组件）,68d493750000000011015e69,5c6e75ba000000001201be11,视频笔记,直播通投托管-经典大胸-自产-慵懒感-细节装饰（36+）-ROI-10.16,148685717,2025-10-16 13:48:10,0.00,0,0,0.0%,0.0,0.0,0,0.00,0.0,0,0,0.0,0,0,0.0,0,0.0,0,0.0,0,0.0,0,0.0,0,0.0,0,0.0,0,0.0,0,0.0,0,0.0,0.00,0.0,0,0,0
2606473282,直播通投托管-经典大胸-转载-能呼吸-松弛舒适派（36+）-ROI-10.16,被计划暂停,审核通过,通投,直播间直接支付ROI,笔记（直播组件）,68cd1550000000000e00da02,5c6e75ba000000001201be11,视频笔记,直播通投托管-经典大胸-转载-能呼吸-松弛舒适派（36+）-ROI-10.16,148694622,2025-10-16 13:46:23,0.00,0,0,0.0%,0.0,0.0,0,0.00,0.0,0,0,0.0,0,0,0.0,0,0.0,0,0.0,0,0.0,0,0.0,0,0.0,0,0.0,0,0.0,0,0.0,0,0.0,0.00,0.0,0,0,0
2606581563,直播通投托管-经典大胸-转载-能呼吸-双十一人群-ROI-10.16,被计划暂停,审核通过,通投,直播间直接支付ROI,笔记（直播组件）,68cd1550000000000e00da02,5c6e75ba000000001201be11,视频笔记,直播通投托管-经典大胸-转载-能呼吸-双十一人群-ROI-10.16,148674424,2025-10-16 13:45:48,0.00,0,0,0.0%,0.0,0.0,0,0.00,0.0,0,0,0.0,0,0,0.0,0,0.0,0,0.0,0,0.0,0,0.0,0,0.0,0,0.0,0,0.0,0,0.0,0,0.0,0.00,0.0,0,0,0
2604875179,直播通投托管-糯糯杯大胸-转载-初秋-高级感穿搭（36+）-ROI-10.15,被计划暂停,审核通过,通投,直播间直接支付ROI,笔记（直播组件）,68ccac860000000011017183,5c6e75ba000000001201be11,视频笔记,直播通投托管-糯糯杯大胸-转载-初秋-高级感穿搭（36+）-ROI-10.15,148645954,2025-10-16 11:24:54,0.00,0,0,0.0%,0.0,0.0,0,0.00,0.0,0,0,0.0,0,0,0.0,0,0.0,0,0.0,0,0.0,0,0.0,0,0.0,0,0.0,0,0.0,0,0.0,0,0.0,0.00,0.0,0,0,0
2596761100,直播通投托管-经典大胸-转载-能呼吸-轻奢人群（36+）-ROI-10.15,被计划暂停,审核通过,通投,直播间直接支付ROI,笔记（直播组件）,68cd1550000000000e00da02,5c6e75ba000000001201be11,视频笔记,直播通投托管-经典大胸-转载-能呼吸-轻奢人群（36+）-ROI-10.15,148386293,2025-10-15 14:17:07,0.00,0,0,0.0%,0.0,0.0,0,0.00,0.0,0,0,0.0,0,0,0.0,0,0.0,0,0.0,0,0.0,0,0.0,0,0.0,0,0.0,0,0.0,0,0.0,0,0.0,0.00,0.0,0,0,0
2596913698,直播通投托管-经典大胸-转载-能呼吸-商务职场范（36+）-ROI-10.15,被计划暂停,审核通过,通投,直播间直接支付ROI,笔记（直播组件）,68cd1550000000000e00da02,5c6e75ba000000001201be11,视频笔记,直播通投托管-经典大胸-转载-能呼吸-商务职场范（36+）-ROI-10.15,148380693,2025-10-15 14:16:36,0.00,0,0,0.0%,0.0,0.0,0,0.00,0.0,0,0,0.0,0,0,0.0,0,0.0,0,0.0,0,0.0,0,0.0,0,0.0,0,0.0,0,0.0,0,0.0,0,0.0,0.00,0.0,0,0,0
2596810645,直播通投托管-经典大胸-转载-能呼吸-细节装饰（36+）-ROI-10.15,被计划暂停,审核通过,通投,直播间直接支付ROI,笔记（直播组件）,68cd1550000000000e00da02,5c6e75ba000000001201be11,视频笔记,直播通投托管-经典大胸-转载-能呼吸-细节装饰（36+）-ROI-10.15,148406100,2025-10-15 14:16:04,0.00,0,0,0.0%,0.0,0.0,0,0.00,0.0,0,0,0.0,0,0,0.0,0,0.0,0,0.0,0,0.0,0,0.0,0,0.0,0,0.0,0,0.0,0,0.0,0,0.0,0.00,0.0,0,0,0
2596912756,直播通投托管-双层大胸-转载-选对-轻奢人群（36+）-ROI-10.15,被计划暂停,审核通过,通投,直播间直接支付ROI,笔记（直播组件）,68d34e3b000000000b0133f9,5c6e75ba000000001201be11,视频笔记,直播通投托管-双层大胸-自产-选对-轻奢人群（36+）-ROI-10.15,148386199,2025-10-15 14:15:23,0.00,0,0,0.0%,0.0,0.0,0,0.00,0.0,0,0,0.0,0,0,0.0,0,0.0,0,0.0,0,0.0,0,0.0,0,0.0,0,0.0,0,0.0,0,0.0,0,0.0,0.00,0.0,0,0,0
2596866128,直播通投托管-双层大胸-转载-选对-商务职场范（36+）-ROI-10.15,被计划暂停,审核通过,通投,直播间直接支付ROI,笔记（直播组件）,68d34e3b000000000b0133f9,5c6e75ba000000001201be11,视频笔记,直播通投托管-双层大胸-自产-选对-商务职场范（36+）-ROI-10.15,148391692,2025-10-15 14:14:22,0.00,0,0,0.0%,0.0,0.0,0,0.00,0.0,0,0,0.0,0,0,0.0,0,0.0,0,0.0,0,0.0,0,0.0,0,0.0,0,0.0,0,0.0,0,0.0,0,0.0,0.00,0.0,0,0,0
2596910438,直播通投托管-双层大胸-转载-选对-细节装饰（36+）-ROI-10.15,被计划暂停,审核通过,通投,直播间直接支付ROI,笔记（直播组件）,68d34e3b000000000b0133f9,5c6e75ba000000001201be11,视频笔记,直播通投托管-双层大胸-自产-选对-细节装饰（36+）-ROI-10.15,148391659,2025-10-15 14:13:43,0.00,0,0,0.0%,0.0,0.0,0,0.00,0.0,0,0,0.0,0,0,0.0,0,0.0,0,0.0,0,0.0,0,0.0,0,0.0,0,0.0,0,0.0,0,0.0,0,0.0,0.00,0.0,0,0,0
2596713839,直播通投托管-糯糯杯大胸-自产-瘦身外挂-轻奢人群（36+）-ROI-10.15,被计划暂停,审核通过,通投,直播间直接支付ROI,笔记（直播组件）,689ab0cb000000002203968e,5c6e75ba000000001201be11,视频笔记,直播通投托管-糯糯杯大胸-自产-瘦身外挂-轻奢人群（36+）-ROI-10.15,148397225,2025-10-15 14:12:45,0.00,0,0,0.0%,0.0,0.0,0,0.00,0.0,0,0,0.0,0,0,0.0,0,0.0,0,0.0,0,0.0,0,0.0,0,0.0,0,0.0,0,0.0,0,0.0,0,0.0,0.00,0.0,0,0,0
2596654283,直播通投托管-糯糯杯大胸-自产-瘦身外挂-商务职场范（36+）-ROI-10.15,被计划暂停,审核通过,通投,直播间直接支付ROI,笔记（直播组件）,689ab0cb000000002203968e,5c6e75ba000000001201be11,视频笔记,直播通投托管-糯糯杯大胸-自产-瘦身外挂-商务职场范（36+）-ROI-10.15,148397070,2025-10-15 14:09:36,0.00,0,0,0.0%,0.0,0.0,0,0.00,0.0,0,0,0.0,0,0,0.0,0,0.0,0,0.0,0,0.0,0,0.0,0,0.0,0,0.0,0,0.0,0,0.0,0,0.0,0.00,0.0,0,0,0
2576095657,直播通投托管-合集-官号-官宣-36+-ROI-10.13,被计划暂停,审核通过,通投,直播间直接支付ROI,笔记（直播组件）,68e8ad6b00000000040040c8,5c6e75ba000000001201be11,视频笔记,直播通投托管-合集-官号-官宣-36+-ROI-10.13,147822946,2025-10-13 11:30:09,0.00,0,0,0.0%,0.0,0.0,0,0.00,0.0,0,0,0.0,0,0,0.0,0,0.0,0,0.0,0,0.0,0,0.0,0,0.0,0,0.0,0,0.0,0,0.0,0,0.0,0.00,0.0,0,0,0
2576049084,直播通投托管-合集-官号-官宣-轻奢人群（36+）-ROI-10.13,计划处于暂停时段,审核通过,通投,直播间直接支付ROI,笔记（直播组件）,68e8ad6b00000000040040c8,5c6e75ba000000001201be11,视频笔记,直播通投托管-合集-官号-官宣-轻奢人群（36+）-ROI-10.13,147817165,2025-10-13 11:29:45,0.00,0,0,0.0%,0.0,0.0,0,0.00,0.0,0,0,0.0,0,0,0.0,0,0.0,0,0.0,0,0.0,0,0.0,0,0.0,0,0.0,0,0.0,0,0.0,0,0.0,0.00,0.0,0,0,0
2576048562,直播通投托管-合集-官号-官宣-商务职场范（36+）-ROI-10.13,被计划暂停,审核通过,通投,直播间直接支付ROI,笔记（直播组件）,68e8ad6b00000000040040c8,5c6e75ba000000001201be11,视频笔记,直播通投托管-合集-官号-官宣-商务职场范（36+）-ROI-10.13,147817142,2025-10-13 11:29:20,0.00,0,0,0.0%,0.0,0.0,0,0.00,0.0,0,0,0.0,0,0,0.0,0,0.0,0,0.0,0,0.0,0,0.0,0,0.0,0,0.0,0,0.0,0,0.0,0,0.0,0.00,0.0,0,0,0
2558817530,直播通投托管-合集-官号-官宣-二次元（36+）-ROI-10.11,被计划暂停,审核通过,通投,直播间直接支付ROI,笔记（直播组件）,68e8ad6b00000000040040c8,5c6e75ba000000001201be11,视频笔记,直播通投托管-合集-官号-官宣-二次元（36+）-ROI-10.11,147407477,2025-10-11 11:21:43,0.00,0,0,0.0%,0.0,0.0,0,0.00,0.0,0,0,0.0,0,0,0.0,0,0.0,0,0.0,0,0.0,0,0.0,0,0.0,0,0.0,0,0.0,0,0.0,0,0.0,0.00,0.0,0,0,0
2542800591,直播通投托管-轻挺系列-自产-托起-轻奢人群（36+）-ROI-10.9,被计划暂停,审核通过,通投,直播间直接支付ROI,笔记（直播组件）,68b79585000000001c012388,5c6e75ba000000001201be11,视频笔记,直播通投托管-轻挺系列-自产-托起-轻奢人群（36+）-ROI-10.9,146981572,2025-10-09 16:39:46,0.00,0,0,0.0%,0.0,0.0,0,0.00,0.0,0,0,0.0,0,0,0.0,0,0.0,0,0.0,0,0.0,0,0.0,0,0.0,0,0.0,0,0.0,0,0.0,0,0.0,0.00,0.0,0,0,0
2542636981,直播通投托管-轻挺系列-自产-托起-商务职场范（36+）-ROI-10.9,计划处于暂停时段,审核通过,通投,直播间直接支付ROI,笔记（直播组件）,68b79585000000001c012388,5c6e75ba000000001201be11,视频笔记,直播通投托管-轻挺系列-自产-托起-商务职场范（36+）-ROI-10.9,146987354,2025-10-09 16:39:10,3.41,6,1,16.67%,3.41,568.33,0,0.00,0.0,0,0,0.0,0,0,0.0,0,0.0,0,0.0,0,0.0,0.0,0.0,0,0.0,0.0,0.0,0,0.0,0.0,0.0,0,0.0,0.00,0.0,0,0,0.0
2542694618,直播通投托管-轻挺系列-自产-托起-36+-ROI-10.9,被计划暂停,审核通过,通投,直播间直接支付ROI,笔记（直播组件）,68b79585000000001c012388,5c6e75ba000000001201be11,视频笔记,直播通投托管-轻挺系列-自产-托起-36+-ROI-10.9,146998672,2025-10-09 16:38:30,0.00,0,0,0.0%,0.0,0.0,0,0.00,0.0,0,0,0.0,0,0,0.0,0,0.0,0,0.0,0,0.0,0,0.0,0,0.0,0,0.0,0,0.0,0,0.0,0,0.0,0.00,0.0,0,0,0
2542753422,直播通投托管-轻挺系列-自产-托起-松弛舒适派（36+）-ROI-10.9,被计划暂停,审核通过,通投,直播间直接支付ROI,笔记（直播组件）,68b79585000000001c012388,5c6e75ba000000001201be11,视频笔记,直播通投托管-轻挺系列-自产-托起-松弛舒适派（36+）-ROI-10.9,146992882,2025-10-09 16:38:09,0.00,0,0,0.0%,0.0,0.0,0,0.00,0.0,0,0,0.0,0,0,0.0,0,0.0,0,0.0,0,0.0,0,0.0,0,0.0,0,0.0,0,0.0,0,0.0,0,0.0,0.00,0.0,0,0,0
2542752610,直播通投托管-轻挺系列-自产-托起-塑身品类（36+）-ROI-10.9,被计划暂停,审核通过,通投,直播间直接支付ROI,笔记（直播组件）,68b79585000000001c012388,5c6e75ba000000001201be11,视频笔记,直播通投托管-轻挺系列-自产-托起-塑身品类（36+）-ROI-10.9,146992827,2025-10-09 16:37:14,0.00,0,0,0.0%,0.0,0.0,0,0.00,0.0,0,0,0.0,0,0,0.0,0,0.0,0,0.0,0,0.0,0,0.0,0,0.0,0,0.0,0,0.0,0,0.0,0,0.0,0.00,0.0,0,0,0
2532474050,直播通投托管-糯糯杯&经典&星河-达人-苦茶苦茶子-价敏囤货-ROI-10.8,被计划暂停,审核通过,通投,直播间直接支付ROI,笔记（直播组件）,67e278d5000000001b039392,60af984c000000000101fc0a,视频笔记,直播通投托管-糯糯杯&经典&星河-达人-苦茶苦茶子-价敏囤货-ROI-10.8,146758143,2025-10-08 11:14:10,0.00,0,0,0.0%,0.0,0.0,0,0.00,0.0,0,0,0.0,0,0,0.0,0,0.0,0,0.0,0,0.0,0,0.0,0,0.0,0,0.0,0,0.0,0,0.0,0,0.0,0.00,0.0,0,0,0
2532381701,直播通投托管-糯糯杯&经典&星河-达人-苦茶苦茶子-精致中产-ROI-10.8,被计划暂停,审核通过,通投,直播间直接支付ROI,笔记（直播组件）,67e278d5000000001b039392,60af984c000000000101fc0a,视频笔记,直播通投托管-糯糯杯&经典&星河-达人-苦茶苦茶子-精致中产-ROI-10.8,146764131,2025-10-08 11:13:36,0.00,0,0,0.0%,0.0,0.0,0,0.00,0.0,0,0,0.0,0,0,0.0,0,0.0,0,0.0,0,0.0,0,0.0,0,0.0,0,0.0,0,0.0,0,0.0,0,0.0,0.00,0.0,0,0,0
2532580641,直播通投托管-轻挺系列-自产-邪修-价敏囤货-ROI-10.8,暂停,审核通过,通投,直播间直接支付ROI,笔记（直播组件）,689d7c9b000000001c012acf,5c6e75ba000000001201be11,视频笔记,直播通投托管-轻挺系列-自产-邪修-价敏囤货-ROI-10.8,146781272,2025-10-08 11:10:18,0.00,0,0,0.0%,0.0,0.0,0,0.00,0.0,0,0,0.0,0,0,0.0,0,0.0,0,0.0,0,0.0,0,0.0,0,0.0,0,0.0,0,0.0,0,0.0,0,0.0,0.00,0.0,0,0,0
2532338957,直播通投托管-轻挺系列-自产-邪修-精致中产-ROI-10.8,暂停,审核通过,通投,直播间直接支付ROI,笔记（直播组件）,689d7c9b000000001c012acf,5c6e75ba000000001201be11,视频笔记,直播通投托管-轻挺系列-自产-邪修-精致中产-ROI-10.8,146775436,2025-10-08 11:09:37,0.00,0,0,0.0%,0.0,0.0,0,0.00,0.0,0,0,0.0,0,0,0.0,0,0.0,0,0.0,0,0.0,0,0.0,0,0.0,0,0.0,0,0.0,0,0.0,0,0.0,0.00,0.0,0,0,0
2527749649,直播通投托管-双层大胸-转载-穿衣臃肿-双十一人群-ROI-10.7,被计划暂停,审核通过,通投,直播间直接支付ROI,笔记（直播组件）,68d34b31000000001101d18f,5c6e75ba000000001201be11,视频笔记,直播通投托管-双层大胸-自产-穿衣臃肿-双十一人群-ROI-10.7,146691890,2025-10-07 19:08:28,0.00,0,0,0.0%,0.0,0.0,0,0.00,0.0,0,0,0.0,0,0,0.0,0,0.0,0,0.0,0,0.0,0,0.0,0,0.0,0,0.0,0,0.0,0,0.0,0,0.0,0.00,0.0,0,0,0
2527749515,直播通投托管-双层大胸-转载-选对-双十一人群-ROI-10.7,被计划暂停,审核通过,通投,直播间直接支付ROI,笔记（直播组件）,68d34e3b000000000b0133f9,5c6e75ba000000001201be11,视频笔记,直播通投托管-双层大胸-自产-选对-双十一人群-ROI-10.7,146686018,2025-10-07 19:07:53,0.00,0,0,0.0%,0.0,0.0,0,0.00,0.0,0,0,0.0,0,0,0.0,0,0.0,0,0.0,0,0.0,0,0.0,0,0.0,0,0.0,0,0.0,0,0.0,0,0.0,0.00,0.0,0,0,0
2527749255,直播通投托管-经典大胸-转载-慵懒感-双十一人群-ROI-10.7,被计划暂停,不满足审核条件,通投,直播间直接支付ROI,笔记（直播组件）,68d493750000000011015e69,5c6e75ba000000001201be11,视频笔记,直播通投托管-经典大胸-自产-慵懒感-双十一人群-ROI-10.7,146686002,2025-10-07 19:06:37,0.00,0,0,0.0%,0.0,0.0,0,0.00,0.0,0,0,0.0,0,0,0.0,0,0.0,0,0.0,0,0.0,0,0.0,0,0.0,0,0.0,0,0.0,0,0.0,0,0.0,0.00,0.0,0,0,0
2514557167,直播通投托管-双层大胸-转载-真的牛-核心-ROI-10.5-视频,被计划暂停,审核通过,通投,直播间直接支付ROI,笔记（直播组件）,68c91f43000000001003d681,5c6e75ba000000001201be11,视频笔记,直播通投托管-双层大胸-转载-真的牛-核心-ROI-10.5-视频,146488167,2025-10-05 20:15:43,0.00,0,0,0.0%,0.0,0.0,0,0.00,0.0,0,0,0.0,0,0,0.0,0,0.0,0,0.0,0,0.0,0,0.0,0,0.0,0,0.0,0,0.0,0,0.0,0,0.0,0.00,0.0,0,0,0
2514718906,直播通投托管-双层大胸-转载-真的牛-直播人群-ROI-10.5,被计划暂停,审核通过,通投,直播间直接支付ROI,笔记（直播组件）,68c91f43000000001003d681,5c6e75ba000000001201be11,视频笔记,直播通投托管-双层大胸-转载-真的牛-直播人群-ROI-10.5,146465297,2025-10-05 20:12:14,0.00,0,0,0.0%,0.0,0.0,0,0.00,0.0,0,0,0.0,0,0,0.0,0,0.0,0,0.0,0,0.0,0,0.0,0,0.0,0,0.0,0,0.0,0,0.0,0,0.0,0.00,0.0,0,0,0
2491859017,直播通投托管-测线美-自产-侧颜-服饰人群-ROI-10.2,被计划暂停,审核通过,通投,直播间直接支付ROI,笔记（直播组件）,682da89000000000210019d8,5c6e75ba000000001201be11,视频笔记,直播通投托管-测线美-自产-赛马-服饰人群-ROI-10.2,146066975,2025-10-02 10:40:37,0.00,0,0,0.0%,0.0,0.0,0,0.00,0.0,0,0,0.0,0,0,0.0,0,0.0,0,0.0,0,0.0,0,0.0,0,0.0,0,0.0,0,0.0,0,0.0,0,0.0,0.00,0.0,0,0,0
2491859016,直播通投托管-测线美-自产-侧颜-服饰人群-ROI-10.2,被计划暂停,审核通过,通投,直播间直接支付ROI,笔记（直播组件）,6811ea2d000000002100bec3,5c6e75ba000000001201be11,图文笔记,直播通投托管-测线美-自产-赛马-服饰人群-ROI-10.2,146066975,2025-10-02 10:40:37,0.00,0,0,0.0%,0.0,0.0,0,0.00,0.0,0,0,0.0,0,0,0.0,0,0.0,0,0.0,0,0.0,0,0.0,0,0.0,0,0.0,0,0.0,0,0.0,0,0.0,0.00,0.0,0,0,0
2492024809,直播通投托管-测线美-自产-侧颜-双十一人群-ROI-10.2,暂停,审核通过,通投,直播间直接支付ROI,笔记（直播组件）,682da89000000000210019d8,5c6e75ba000000001201be11,视频笔记,直播通投托管-测线美-自产-消失术-双十一人群-ROI-10.2,146066964,2025-10-02 10:39:57,0.00,0,0,0.0%,0.0,0.0,0,0.00,0.0,0,0,0.0,0,0,0.0,0,0.0,0,0.0,0,0.0,0,0.0,0,0.0,0,0.0,0,0.0,0,0.0,0,0.0,0.00,0.0,0,0,0
2492024808,直播通投托管-测线美-自产-侧颜-双十一人群-ROI-10.2,被计划暂停,审核通过,通投,直播间直接支付ROI,笔记（直播组件）,6811ea2d000000002100bec3,5c6e75ba000000001201be11,图文笔记,直播通投托管-测线美-自产-消失术-双十一人群-ROI-10.2,146066964,2025-10-02 10:39:57,0.00,0,0,0.0%,0.0,0.0,0,0.00,0.0,0,0,0.0,0,0,0.0,0,0.0,0,0.0,0,0.0,0,0.0,0,0.0,0,0.0,0,0.0,0,0.0,0,0.0,0.00,0.0,0,0,0
2491856476,直播通投托管-糯糯杯大胸-转载-追问-高级感穿搭-ROI-10.2,暂停,审核通过,通投,直播间直接支付ROI,笔记（直播组件）,68c923bb000000000e021931,5c6e75ba000000001201be11,视频笔记,直播通投托管-糯糯杯大胸-转载-初秋-高级感穿搭-ROI-10.2,146059840,2025-10-02 10:36:33,0.00,0,0,0.0%,0.0,0.0,0,0.00,0.0,0,0,0.0,0,0,0.0,0,0.0,0,0.0,0,0.0,0,0.0,0,0.0,0,0.0,0,0.0,0,0.0,0,0.0,0.00,0.0,0,0,0
2491856475,直播通投托管-糯糯杯大胸-转载-初秋-高级感穿搭-ROI-10.2,被计划暂停,审核通过,通投,直播间直接支付ROI,笔记（直播组件）,68ccac860000000011017183,5c6e75ba000000001201be11,视频笔记,直播通投托管-糯糯杯大胸-转载-初秋-高级感穿搭-ROI-10.2,146059840,2025-10-02 10:36:33,0.00,0,0,0.0%,0.0,0.0,0,0.00,0.0,0,0,0.0,0,0,0.0,0,0.0,0,0.0,0,0.0,0,0.0,0,0.0,0,0.0,0,0.0,0,0.0,0,0.0,0.00,0.0,0,0,0
2491856474,直播通投托管-糯糯杯大胸-混剪-空气感-高级感穿搭-ROI-10.2,暂停,不满足审核条件,通投,直播间直接支付ROI,笔记（直播组件）,68bab09c000000001b033b38,5c6e75ba000000001201be11,视频笔记,直播通投托管-糯糯杯大胸-转载-初秋-高级感穿搭-ROI-10.2,146059840,2025-10-02 10:36:33,0.00,0,0,0.0%,0.0,0.0,0,0.00,0.0,0,0,0.0,0,0,0.0,0,0.0,0,0.0,0,0.0,0,0.0,0,0.0,0,0.0,0,0.0,0,0.0,0,0.0,0.00,0.0,0,0,0
2491766585,直播通投托管-糯糯杯大胸-转载-追问-双十一人群-ROI-10.2,被计划暂停,审核通过,通投,直播间直接支付ROI,笔记（直播组件）,68c923bb000000000e021931,5c6e75ba000000001201be11,视频笔记,直播通投托管-糯糯杯大胸-转载-追问-双十一人群-ROI-10.2,146059825,2025-10-02 10:35:39,0.00,0,0,0.0%,0.0,0.0,0,0.00,0.0,0,0,0.0,0,0,0.0,0,0.0,0,0.0,0,0.0,0,0.0,0,0.0,0,0.0,0,0.0,0,0.0,0,0.0,0.00,0.0,0,0,0
2491766584,直播通投托管-糯糯杯大胸-转载-初秋-双十一人群-ROI-10.2,暂停,不满足审核条件,通投,直播间直接支付ROI,笔记（直播组件）,68ccac860000000011017183,5c6e75ba000000001201be11,视频笔记,直播通投托管-糯糯杯大胸-转载-追问-双十一人群-ROI-10.2,146059825,2025-10-02 10:35:39,0.00,0,0,0.0%,0.0,0.0,0,0.00,0.0,0,0,0.0,0,0,0.0,0,0.0,0,0.0,0,0.0,0,0.0,0,0.0,0,0.0,0,0.0,0,0.0,0,0.0,0.00,0.0,0,0,0
2491766583,直播通投托管-糯糯杯大胸-混剪-空气感-双十一人群-ROI-10.2,暂停,不满足审核条件,通投,直播间直接支付ROI,笔记（直播组件）,68bab09c000000001b033b38,5c6e75ba000000001201be11,视频笔记,直播通投托管-糯糯杯大胸-转载-追问-双十一人群-ROI-10.2,146059825,2025-10-02 10:35:39,0.00,0,0,0.0%,0.0,0.0,0,0.00,0.0,0,0,0.0,0,0,0.0,0,0.0,0,0.0,0,0.0,0,0.0,0,0.0,0,0.0,0,0.0,0,0.0,0,0.0,0.00,0.0,0,0,0
2491800380,直播通投托管-糯糯杯大胸-转载-追问-服饰人群-ROI-10.2,暂停,不满足审核条件,通投,直播间直接支付ROI,笔记（直播组件）,68c923bb000000000e021931,5c6e75ba000000001201be11,视频笔记,直播通投托管-糯糯杯大胸-转载-初秋-服饰人群-ROI-10.2,146078711,2025-10-02 10:33:58,0.00,0,0,0.0%,0.0,0.0,0,0.00,0.0,0,0,0.0,0,0,0.0,0,0.0,0,0.0,0,0.0,0,0.0,0,0.0,0,0.0,0,0.0,0,0.0,0,0.0,0.00,0.0,0,0,0
2491800379,直播通投托管-糯糯杯大胸-转载-初秋-服饰人群-ROI-10.2,被计划暂停,审核通过,通投,直播间直接支付ROI,笔记（直播组件）,68ccac860000000011017183,5c6e75ba000000001201be11,视频笔记,直播通投托管-糯糯杯大胸-转载-初秋-服饰人群-ROI-10.2,146078711,2025-10-02 10:33:58,0.00,0,0,0.0%,0.0,0.0,0,0.00,0.0,0,0,0.0,0,0,0.0,0,0.0,0,0.0,0,0.0,0,0.0,0,0.0,0,0.0,0,0.0,0,0.0,0,0.0,0.00,0.0,0,0,0
2491800378,直播通投托管-糯糯杯大胸-混剪-空气感-服饰人群-ROI-10.2,暂停,不满足审核条件,通投,直播间直接支付ROI,笔记（直播组件）,68bab09c000000001b033b38,5c6e75ba000000001201be11,视频笔记,直播通投托管-糯糯杯大胸-转载-初秋-服饰人群-ROI-10.2,146078711,2025-10-02 10:33:58,0.00,0,0,0.0%,0.0,0.0,0,0.00,0.0,0,0,0.0,0,0,0.0,0,0.0,0,0.0,0,0.0,0,0.0,0,0.0,0,0.0,0,0.0,0,0.0,0,0.0,0.00,0.0,0,0,0
2491717283,直播通投托管-轻挺系列-自产-托起-服饰人群-ROI-10.2,被计划暂停,审核通过,通投,直播间直接支付ROI,笔记（直播组件）,68b79585000000001c012388,5c6e75ba000000001201be11,视频笔记,直播通投托管-轻挺系列-自产-托起-服饰人群-ROI-10.2,146078664,2025-10-02 10:31:45,0.00,0,0,0.0%,0.0,0.0,0,0.00,0.0,0,0,0.0,0,0,0.0,0,0.0,0,0.0,0,0.0,0,0.0,0,0.0,0,0.0,0,0.0,0,0.0,0,0.0,0.00,0.0,0,0,0
2491717282,直播通投托管-轻挺系列-自产-邪修-服饰人群-ROI-10.2,暂停,不满足审核条件,通投,直播间直接支付ROI,笔记（直播组件）,689d7c9b000000001c012acf,5c6e75ba000000001201be11,视频笔记,直播通投托管-轻挺系列-自产-托起-服饰人群-ROI-10.2,146078664,2025-10-02 10:31:45,0.00,0,0,0.0%,0.0,0.0,0,0.00,0.0,0,0,0.0,0,0,0.0,0,0.0,0,0.0,0,0.0,0,0.0,0,0.0,0,0.0,0,0.0,0,0.0,0,0.0,0.00,0.0,0,0,0
2491716516,直播通投托管-轻挺系列-自产-托起-双十一人群-ROI-10.2,被计划暂停,审核通过,通投,直播间直接支付ROI,笔记（直播组件）,68b79585000000001c012388,5c6e75ba000000001201be11,视频笔记,直播通投托管-轻挺系列-自产-托起-双十一人群-ROI-10.2,146066805,2025-10-02 10:31:00,0.00,0,0,0.0%,0.0,0.0,0,0.00,0.0,0,0,0.0,0,0,0.0,0,0.0,0,0.0,0,0.0,0,0.0,0,0.0,0,0.0,0,0.0,0,0.0,0,0.0,0.00,0.0,0,0,0
2491716515,直播通投托管-轻挺系列-自产-邪修-双十一人群-ROI-10.2,暂停,审核通过,通投,直播间直接支付ROI,笔记（直播组件）,689d7c9b000000001c012acf,5c6e75ba000000001201be11,视频笔记,直播通投托管-轻挺系列-自产-托起-双十一人群-ROI-10.2,146066805,2025-10-02 10:31:00,0.00,0,0,0.0%,0.0,0.0,0,0.00,0.0,0,0,0.0,0,0,0.0,0,0.0,0,0.0,0,0.0,0,0.0,0,0.0,0,0.0,0,0.0,0,0.0,0,0.0,0.00,0.0,0,0,0
2491908662,直播通投托管-轻挺系列-自产-托起-高级感穿搭-ROI-10.2,被计划暂停,审核通过,通投,直播间直接支付ROI,笔记（直播组件）,68b79585000000001c012388,5c6e75ba000000001201be11,视频笔记,直播通投托管-轻挺系列-自产-赛马-高级感穿搭-ROI-10.2,146053853,2025-10-02 10:30:19,0.00,0,0,0.0%,0.0,0.0,0,0.00,0.0,0,0,0.0,0,0,0.0,0,0.0,0,0.0,0,0.0,0,0.0,0,0.0,0,0.0,0,0.0,0,0.0,0,0.0,0.00,0.0,0,0,0
2491908661,直播通投托管-轻挺系列-自产-邪修-高级感穿搭-ROI-10.2,暂停,审核通过,通投,直播间直接支付ROI,笔记（直播组件）,689d7c9b000000001c012acf,5c6e75ba000000001201be11,视频笔记,直播通投托管-轻挺系列-自产-赛马-高级感穿搭-ROI-10.2,146053853,2025-10-02 10:30:19,0.00,0,0,0.0%,0.0,0.0,0,0.00,0.0,0,0,0.0,0,0,0.0,0,0.0,0,0.0,0,0.0,0,0.0,0,0.0,0,0.0,0,0.0,0,0.0,0,0.0,0.00,0.0,0,0,0
2491847240,直播通投托管-双层大胸-转载-真的牛-服饰人群-ROI-10.2,被计划暂停,审核通过,通投,直播间直接支付ROI,笔记（直播组件）,68c91f43000000001003d681,5c6e75ba000000001201be11,视频笔记,直播通投托管-双层大胸-转载-真的牛-服饰人群-ROI-10.2,146066761,2025-10-02 10:28:09,0.00,0,0,0.0%,0.0,0.0,0,0.00,0.0,0,0,0.0,0,0,0.0,0,0.0,0,0.0,0,0.0,0,0.0,0,0.0,0,0.0,0,0.0,0,0.0,0,0.0,0.00,0.0,0,0,0
2491792856,直播通投托管-双层大胸-转载-真的牛-双十一人群-ROI-10.2,被计划暂停,审核通过,通投,直播间直接支付ROI,笔记（直播组件）,68c91f43000000001003d681,5c6e75ba000000001201be11,视频笔记,直播通投托管-双层大胸-转载-真的牛-双十一人群-ROI-10.2,146078573,2025-10-02 10:27:34,0.00,0,0,0.0%,0.0,0.0,0,0.00,0.0,0,0,0.0,0,0,0.0,0,0.0,0,0.0,0,0.0,0,0.0,0,0.0,0,0.0,0,0.0,0,0.0,0,0.0,0.00,0.0,0,0,0
2491904974,直播通投托管-双层大胸-转载-真的牛-高级感穿搭-ROI-10.2,被计划暂停,审核通过,通投,直播间直接支付ROI,笔记（直播组件）,68c91f43000000001003d681,5c6e75ba000000001201be11,视频笔记,直播通投托管-双层大胸-转载-真的牛-高级感穿搭-ROI-10.2,146053787,2025-10-02 10:26:50,0.00,0,0,0.0%,0.0,0.0,0,0.00,0.0,0,0,0.0,0,0,0.0,0,0.0,0,0.0,0,0.0,0,0.0,0,0.0,0,0.0,0,0.0,0,0.0,0,0.0,0.00,0.0,0,0,0
2487168828,直播通投托管-测线美-自产-侧颜-细节装饰-ROI-10.1,被计划暂停,审核通过,通投,直播间直接支付ROI,笔记（直播组件）,6811ea2d000000002100bec3,5c6e75ba000000001201be11,图文笔记,直播通投托管-测线美-自产-侧颜-细节装饰-ROI-10.1,145963163,2025-10-01 17:41:05,0.00,0,0,0.0%,0.0,0.0,0,0.00,0.0,0,0,0.0,0,0,0.0,0,0.0,0,0.0,0,0.0,0,0.0,0,0.0,0,0.0,0,0.0,0,0.0,0,0.0,0.00,0.0,0,0,0
2487033236,直播通投托管-糯糯杯大胸-转载-追问-细节装饰-ROI-10.1,被计划暂停,审核通过,通投,直播间直接支付ROI,笔记（直播组件）,68c923bb000000000e021931,5c6e75ba000000001201be11,视频笔记,直播通投托管-糯糯杯大胸-转载-追问-细节装饰-ROI-10.1,145963121,2025-10-01 17:38:43,0.00,0,0,0.0%,0.0,0.0,0,0.00,0.0,0,0,0.0,0,0,0.0,0,0.0,0,0.0,0,0.0,0,0.0,0,0.0,0,0.0,0,0.0,0,0.0,0,0.0,0.00,0.0,0,0,0
2487165013,直播通投托管-合集-自产-耐穿-细节装饰-ROI-10.1-视频,被计划暂停,审核通过,通投,直播间直接支付ROI,笔记（直播组件）,68a66e31000000001b03cc98,5c6e75ba000000001201be11,视频笔记,直播通投托管-合集-自产-耐穿-细节装饰-ROI-10.1-视频,145980091,2025-10-01 17:34:48,0.00,0,0,0.0%,0.0,0.0,0,0.00,0.0,0,0,0.0,0,0,0.0,0,0.0,0,0.0,0,0.0,0,0.0,0,0.0,0,0.0,0,0.0,0,0.0,0,0.0,0.00,0.0,0,0,0
2478706164,直播通投托管-糯糯杯大胸-转载-追问-都市白领（36+）-ROI-9.30,被计划暂停,审核通过,通投,直播间直接支付ROI,笔记（直播组件）,68c923bb000000000e021931,5c6e75ba000000001201be11,视频笔记,直播通投托管-糯糯杯大胸-转载-追问-都市白领（36+）-ROI-9.30,145747618,2025-09-30 15:33:21,0.00,0,0,0.0%,0.0,0.0,0,0.00,0.0,0,0,0.0,0,0,0.0,0,0.0,0,0.0,0,0.0,0,0.0,0,0.0,0,0.0,0,0.0,0,0.0,0,0.0,0.00,0.0,0,0,0
2478106135,直播通投托管-双层大胸-转载-薄背感-细节装饰（36+）-ROI-9.30,被计划暂停,审核通过,通投,直播间直接支付ROI,笔记（直播组件）,68cba18f00000000110169d8,5c6e75ba000000001201be11,视频笔记,直播通投托管-糯糯杯大胸-转载-初秋-细节装饰（36+）-ROI-9.30,145761830,2025-09-30 14:32:18,0.00,0,0,0.0%,0.0,0.0,0,0.00,0.0,0,0,0.0,0,0,0.0,0,0.0,0,0.0,0,0.0,0,0.0,0,0.0,0,0.0,0,0.0,0,0.0,0,0.0,0.00,0.0,0,0,0
2476275572,直播通投托管-经典大胸-转载-真的显瘦-细节装饰（36+）-ROI-9.30,被计划暂停,审核通过,通投,直播间直接支付ROI,笔记（直播组件）,68d0f18e000000001101dccf,5c6e75ba000000001201be11,视频笔记,直播通投托管-经典大胸-转载-真的显瘦-细节装饰（36+）-ROI-9.30,145731548,2025-09-30 11:00:12,0.00,0,0,0.0%,0.0,0.0,0,0.00,0.0,0,0,0.0,0,0,0.0,0,0.0,0,0.0,0,0.0,0,0.0,0,0.0,0,0.0,0,0.0,0,0.0,0,0.0,0.00,0.0,0,0,0
2443678930,直播通投托管-双层大胸-转载-真的牛-都市白领（36+）-ROI-9.26,暂停,审核通过,通投,直播间直接支付ROI,笔记（直播组件）,68c91f43000000001003d681,5c6e75ba000000001201be11,视频笔记,直播通投托管-双层大胸-转载-真的牛-都市白领（36+）-ROI-9.26,144936515,2025-09-26 14:11:02,0.00,0,0,0.0%,0.0,0.0,0,0.00,0.0,0,0,0.0,0,0,0.0,0,0.0,0,0.0,0,0.0,0,0.0,0,0.0,0,0.0,0,0.0,0,0.0,0,0.0,0.00,0.0,0,0,0
2435951039,直播通投托管-糯糯杯大胸-转载-初秋-都市白领（36+）-ROI-9.25,暂停,不满足审核条件,通投,直播间直接支付ROI,笔记（直播组件）,68ccac860000000011017183,5c6e75ba000000001201be11,视频笔记,直播通投托管-糯糯杯大胸-转载-初秋-都市白领（36+）-ROI-9.25,144768374,2025-09-25 17:09:13,0.00,0,0,0.0%,0.0,0.0,0,0.00,0.0,0,0,0.0,0,0,0.0,0,0.0,0,0.0,0,0.0,0,0.0,0,0.0,0,0.0,0,0.0,0,0.0,0,0.0,0.00,0.0,0,0,0
2435951038,直播通投托管-糯糯杯大胸-转载-没穿-都市白领（36+）-ROI-9.25,暂停,审核通过,通投,直播间直接支付ROI,笔记（直播组件）,68cca8a3000000001101d93c,5c6e75ba000000001201be11,视频笔记,直播通投托管-糯糯杯大胸-转载-初秋-都市白领（36+）-ROI-9.25,144768374,2025-09-25 17:09:13,0.00,0,0,0.0%,0.0,0.0,0,0.00,0.0,0,0,0.0,0,0,0.0,0,0.0,0,0.0,0,0.0,0,0.0,0,0.0,0,0.0,0,0.0,0,0.0,0,0.0,0.00,0.0,0,0,0
2426886916,直播通投托管-星河日系-自产-秘密-细节装饰（36+）-ROI-9.24-视频,被计划暂停,审核通过,通投,直播间直接支付ROI,笔记（直播组件）,67e67beb000000001d01dc58,5c6e75ba000000001201be11,视频笔记,直播通投托管-星河日系-自产-秘密-细节装饰（36+）-ROI-9.24-视频,144549513,2025-09-24 16:48:49,0.00,0,0,0.0%,0.0,0.0,0,0.00,0.0,0,0,0.0,0,0,0.0,0,0.0,0,0.0,0,0.0,0,0.0,0,0.0,0,0.0,0,0.0,0,0.0,0,0.0,0.00,0.0,0,0,0
2415589597,直播通投托管-经典大胸-混剪-秘！-细节装饰（36+）-ROI-9.23,暂停,审核通过,通投,直播间直接支付ROI,笔记（直播组件）,68c3caf3000000001c030b0b,5c6e75ba000000001201be11,视频笔记,直播通投托管-经典大胸-混剪-秘！-细节装饰（36+）-ROI-9.23,144200056,2025-09-23 10:59:43,0.00,0,0,0.0%,0.0,0.0,0,0.00,0.0,0,0,0.0,0,0,0.0,0,0.0,0,0.0,0,0.0,0,0.0,0,0.0,0,0.0,0,0.0,0,0.0,0,0.0,0.00,0.0,0,0,0
2415589596,直播通投托管-经典大胸-转载-真的显瘦-细节装饰（36+）-ROI-9.23,暂停,审核通过,通投,直播间直接支付ROI,笔记（直播组件）,68d0f18e000000001101dccf,5c6e75ba000000001201be11,视频笔记,直播通投托管-经典大胸-混剪-秘！-细节装饰（36+）-ROI-9.23,144200056,2025-09-23 10:59:43,0.00,0,0,0.0%,0.0,0.0,0,0.00,0.0,0,0,0.0,0,0,0.0,0,0.0,0,0.0,0,0.0,0,0.0,0,0.0,0,0.0,0,0.0,0,0.0,0,0.0,0.00,0.0,0,0,0
2415589595,直播通投托管-经典大胸-混剪-锁死-细节装饰（36+）-ROI-9.23,暂停,审核拒绝,通投,直播间直接支付ROI,笔记（直播组件）,68c3ca57000000001b0206f3,5c6e75ba000000001201be11,视频笔记,直播通投托管-经典大胸-混剪-秘！-细节装饰（36+）-ROI-9.23,144200056,2025-09-23 10:59:43,0.00,0,0,0.0%,0.0,0.0,0,0.00,0.0,0,0,0.0,0,0,0.0,0,0.0,0,0.0,0,0.0,0,0.0,0,0.0,0,0.0,0,0.0,0,0.0,0,0.0,0.00,0.0,0,0,0
2407152049,直播通投托管-糯糯杯大胸-混剪-空气感-都市白领（36+）-ROI-9.22,被计划暂停,审核通过,通投,直播间直接支付ROI,笔记（直播组件）,68bab09c000000001b033b38,5c6e75ba000000001201be11,视频笔记,直播通投托管-糯糯杯大胸-混剪-空气感-都市白领（36+）-ROI-9.22,143897249,2025-09-22 11:49:27,0.00,0,0,0.0%,0.0,0.0,0,0.00,0.0,0,0,0.0,0,0,0.0,0,0.0,0,0.0,0,0.0,0,0.0,0,0.0,0,0.0,0,0.0,0,0.0,0,0.0,0.00,0.0,0,0,0
2407198217,直播通投托管-合集-自产-耐穿-都市白领（36+）-ROI-9.22-视频,被计划暂停,审核通过,通投,直播间直接支付ROI,笔记（直播组件）,68a66e31000000001b03cc98,5c6e75ba000000001201be11,视频笔记,直播通投托管-合集-自产-耐穿-都市白领（36+）-ROI-9.22-视频,143874832,2025-09-22 11:48:53,0.00,0,0,0.0%,0.0,0.0,0,0.00,0.0,0,0,0.0,0,0,0.0,0,0.0,0,0.0,0,0.0,0,0.0,0,0.0,0,0.0,0,0.0,0,0.0,0,0.0,0.00,0.0,0,0,0
2407149704,直播通投托管-经典大胸-自产-显瘦神器-都市白领（36+）-ROI-9.22,被计划暂停,审核通过,通投,直播间直接支付ROI,笔记（直播组件）,67c16251000000000d01580e,5c6e75ba000000001201be11,图文笔记,直播通投托管-经典大胸-自产-显瘦神器-都市白领（36+）-ROI-9.22,143897018,2025-09-22 11:47:44,0.00,0,0,0.0%,0.0,0.0,0,0.00,0.0,0,0,0.0,0,0,0.0,0,0.0,0,0.0,0,0.0,0,0.0,0,0.0,0,0.0,0,0.0,0,0.0,0,0.0,0.00,0.0,0,0,0
2406985693,直播通投托管-经典大胸-自产-DNA-都市白领（36+）-ROI-9.22-视频,被计划暂停,审核通过,通投,直播间直接支付ROI,笔记（直播组件）,680613b4000000001d01fafe,5c6e75ba000000001201be11,视频笔记,直播通投托管-经典大胸-自产-DNA-都市白领（36+）-ROI-9.22-视频,143902959,2025-09-22 11:46:48,0.00,0,0,0.0%,0.0,0.0,0,0.00,0.0,0,0,0.0,0,0,0.0,0,0.0,0,0.0,0,0.0,0,0.0,0,0.0,0,0.0,0,0.0,0,0.0,0,0.0,0.00,0.0,0,0,0
2406929905,直播通投托管-经典大胸-自产-秘诀-都市白领（36+）-ROI-9.22,被计划暂停,审核通过,通投,直播间直接支付ROI,笔记（直播组件）,68535e410000000023004488,5c6e75ba000000001201be11,图文笔记,直播通投托管-经典大胸-自产-秘诀-都市白领（36+）-ROI-9.22,143885821,2025-09-22 11:45:30,0.00,0,0,0.0%,0.0,0.0,0,0.00,0.0,0,0,0.0,0,0,0.0,0,0.0,0,0.0,0,0.0,0,0.0,0,0.0,0,0.0,0,0.0,0,0.0,0,0.0,0.00,0.0,0,0,0
2406650490,直播通投托管-双层大胸-转载-真的牛-细节装饰（36+）-ROI-9.22,暂停,审核通过,通投,直播间直接支付ROI,笔记（直播组件）,68c91f43000000001003d681,5c6e75ba000000001201be11,视频笔记,直播通投托管-双层大胸-自产-赛马-细节装饰（36+）-ROI-9.22,143851594,2025-09-22 10:47:49,0.00,0,0,0.0%,0.0,0.0,0,0.00,0.0,0,0,0.0,0,0,0.0,0,0.0,0,0.0,0,0.0,0,0.0,0,0.0,0,0.0,0,0.0,0,0.0,0,0.0,0.00,0.0,0,0,0
2406760001,直播通投托管-糯糯杯大胸-转载-追问-细节装饰（36+）-ROI-9.22,暂停,审核通过,通投,直播间直接支付ROI,笔记（直播组件）,68c923bb000000000e021931,5c6e75ba000000001201be11,视频笔记,直播通投托管-糯糯杯大胸-自产-赛马-细节装饰（36+）-ROI-9.22,143862814,2025-09-22 10:47:10,0.00,0,0,0.0%,0.0,0.0,0,0.00,0.0,0,0,0.0,0,0,0.0,0,0.0,0,0.0,0,0.0,0,0.0,0,0.0,0,0.0,0,0.0,0,0.0,0,0.0,0.00,0.0,0,0,0
2406207962,直播通投托管-直播笔记-自产-5重-细节装饰（36+）-ROI-9.22,暂停,审核通过,通投,直播间直接支付ROI,笔记（直播组件）,68ccebec000000000e0336a1,5c6e75ba000000001201be11,图文笔记,直播通投托管-直播笔记-自产-5重-细节装饰（36+）-ROI-9.22,143868778,2025-09-22 10:31:19,0.00,0,0,0.0%,0.0,0.0,0,0.00,0.0,0,0,0.0,0,0,0.0,0,0.0,0,0.0,0,0.0,0,0.0,0,0.0,0,0.0,0,0.0,0,0.0,0,0.0,0.00,0.0,0,0,0
2406258176,直播通投托管-经典大胸-转载-能呼吸-细节装饰（36+）-ROI-9.22,暂停,审核通过,通投,直播间直接支付ROI,笔记（直播组件）,68cd1550000000000e00da02,5c6e75ba000000001201be11,视频笔记,直播通投托管-经典大胸-自产-赛马-细节装饰（36+）-ROI-9.22,143857419,2025-09-22 10:30:51,0.00,0,0,0.0%,0.0,0.0,0,0.00,0.0,0,0,0.0,0,0,0.0,0,0.0,0,0.0,0,0.0,0,0.0,0,0.0,0,0.0,0,0.0,0,0.0,0,0.0,0.00,0.0,0,0,0
2406258175,直播通投托管-经典大胸-转载-天菜内衣-细节装饰（36+）-ROI-9.22,暂停,审核通过,通投,直播间直接支付ROI,笔记（直播组件）,68ccaad3000000000b03c341,5c6e75ba000000001201be11,视频笔记,直播通投托管-经典大胸-自产-赛马-细节装饰（36+）-ROI-9.22,143857419,2025-09-22 10:30:51,0.00,0,0,0.0%,0.0,0.0,0,0.00,0.0,0,0,0.0,0,0,0.0,0,0.0,0,0.0,0,0.0,0,0.0,0,0.0,0,0.0,0,0.0,0,0.0,0,0.0,0.00,0.0,0,0,0
2406419188,直播通投托管-糯糯杯大胸-转载-虎背熊腰-细节装饰（36+）-ROI-9.22,暂停,审核通过,通投,直播间直接支付ROI,笔记（直播组件）,68cd0fb0000000000e026ef1,5c6e75ba000000001201be11,视频笔记,直播通投托管-糯糯杯大胸-自产-赛马-细节装饰（36+）-ROI-9.22,143862814,2025-09-22 10:29:46,0.00,0,0,0.0%,0.0,0.0,0,0.00,0.0,0,0,0.0,0,0,0.0,0,0.0,0,0.0,0,0.0,0,0.0,0,0.0,0,0.0,0,0.0,0,0.0,0,0.0,0.00,0.0,0,0,0
2406419187,直播通投托管-糯糯杯大胸-转载-初秋-细节装饰（36+）-ROI-9.22,暂停,审核通过,通投,直播间直接支付ROI,笔记（直播组件）,68ccac860000000011017183,5c6e75ba000000001201be11,视频笔记,直播通投托管-糯糯杯大胸-自产-赛马-细节装饰（36+）-ROI-9.22,143862814,2025-09-22 10:29:46,0.00,0,0,0.0%,0.0,0.0,0,0.00,0.0,0,0,0.0,0,0,0.0,0,0.0,0,0.0,0,0.0,0,0.0,0,0.0,0,0.0,0,0.0,0,0.0,0,0.0,0.00,0.0,0,0,0
2406419186,直播通投托管-糯糯杯大胸-转载-没穿-细节装饰（36+）-ROI-9.22,暂停,审核通过,通投,直播间直接支付ROI,笔记（直播组件）,68cca8a3000000001101d93c,5c6e75ba000000001201be11,视频笔记,直播通投托管-糯糯杯大胸-自产-赛马-细节装饰（36+）-ROI-9.22,143862814,2025-09-22 10:29:46,0.00,0,0,0.0%,0.0,0.0,0,0.00,0.0,0,0,0.0,0,0,0.0,0,0.0,0,0.0,0,0.0,0,0.0,0,0.0,0,0.0,0,0.0,0,0.0,0,0.0,0.00,0.0,0,0,0
2406307337,直播通投托管-双层大胸-转载-薄背感-细节装饰（36+）-ROI-9.22,被计划暂停,审核通过,通投,直播间直接支付ROI,笔记（直播组件）,68cba18f00000000110169d8,5c6e75ba000000001201be11,视频笔记,直播通投托管-双层大胸-自产-赛马-细节装饰（36+）-ROI-9.22,143851594,2025-09-22 10:28:36,0.00,0,0,0.0%,0.0,0.0,0,0.00,0.0,0,0,0.0,0,0,0.0,0,0.0,0,0.0,0,0.0,0,0.0,0,0.0,0,0.0,0,0.0,0,0.0,0,0.0,0.00,0.0,0,0,0
2406307336,直播通投托管-双层大胸-转载-退退退-细节装饰（36+）-ROI-9.22,暂停,审核通过,通投,直播间直接支付ROI,笔记（直播组件）,68cd11160000000011015813,5c6e75ba000000001201be11,视频笔记,直播通投托管-双层大胸-自产-赛马-细节装饰（36+）-ROI-9.22,143851594,2025-09-22 10:28:36,0.00,0,0,0.0%,0.0,0.0,0,0.00,0.0,0,0,0.0,0,0,0.0,0,0.0,0,0.0,0,0.0,0,0.0,0,0.0,0,0.0,0,0.0,0,0.0,0,0.0,0.00,0.0,0,0,0
2401894019,直播通投托管-双层大胸-转载-退退退-都市白领（36+）-ROI-9.21,被计划暂停,审核通过,通投,直播间直接支付ROI,笔记（直播组件）,68cd11160000000011015813,5c6e75ba000000001201be11,视频笔记,直播通投托管-双层大胸-转载-退退退-都市白领（36+）-ROI-9.21,143800501,2025-09-21 19:56:19,0.00,0,0,0.0%,0.0,0.0,0,0.00,0.0,0,0,0.0,0,0,0.0,0,0.0,0,0.0,0,0.0,0,0.0,0,0.0,0,0.0,0,0.0,0,0.0,0,0.0,0.00,0.0,0,0,0
2402106294,直播通投托管-糯糯杯大胸-转载-虎背熊腰-都市白领（36+）-ROI-9.21,被计划暂停,审核通过,通投,直播间直接支付ROI,笔记（直播组件）,68cd0fb0000000000e026ef1,5c6e75ba000000001201be11,视频笔记,直播通投托管-糯糯杯大胸-转载-虎背熊腰-都市白领（36+）-ROI-9.21,143817504,2025-09-21 19:55:33,0.00,0,0,0.0%,0.0,0.0,0,0.00,0.0,0,0,0.0,0,0,0.0,0,0.0,0,0.0,0,0.0,0,0.0,0,0.0,0,0.0,0,0.0,0,0.0,0,0.0,0.00,0.0,0,0,0
2402105379,直播通投托管-经典大胸-转载-能呼吸-都市白领（36+）-ROI-9.21,被计划暂停,审核通过,通投,直播间直接支付ROI,笔记（直播组件）,68cd1550000000000e00da02,5c6e75ba000000001201be11,视频笔记,直播通投托管-经典大胸-转载-能呼吸-都市白领（36+）-ROI-9.21,143811675,2025-09-21 19:54:23,0.00,0,0,0.0%,0.0,0.0,0,0.00,0.0,0,0,0.0,0,0,0.0,0,0.0,0,0.0,0,0.0,0,0.0,0,0.0,0,0.0,0,0.0,0,0.0,0,0.0,0.00,0.0,0,0,0
2401937929,直播通投托管-直播笔记-自产-5重-都市白领（36+）-ROI-9.21,暂停,审核通过,通投,直播间直接支付ROI,笔记（直播组件）,68ccebec000000000e0336a1,5c6e75ba000000001201be11,图文笔记,直播通投托管-直播笔记-自产-5重-都市白领（36+）-ROI-9.21,143828718,2025-09-21 19:52:47,0.00,0,0,0.0%,0.0,0.0,0,0.00,0.0,0,0,0.0,0,0,0.0,0,0.0,0,0.0,0,0.0,0,0.0,0,0.0,0,0.0,0,0.0,0,0.0,0,0.0,0.00,0.0,0,0,0
2383041250,直播通投托管-糯糯杯大胸-转载-追问-都市白领（36+）-ROI-9.19,被计划暂停,不满足审核条件,通投,直播间直接支付ROI,笔记（直播组件）,68c923bb000000000e021931,5c6e75ba000000001201be11,视频笔记,直播通投托管-糯糯杯大胸-转载-追问-都市白领（36+）-ROI-9.19,143423951,2025-09-19 11:44:11,0.00,0,0,0.0%,0.0,0.0,0,0.00,0.0,0,0,0.0,0,0,0.0,0,0.0,0,0.0,0,0.0,0,0.0,0,0.0,0,0.0,0,0.0,0,0.0,0,0.0,0.00,0.0,0,0,0
2383041249,直播通投托管-糯糯杯大胸-转载-初秋-都市白领（36+）-ROI-9.19,暂停,审核通过,通投,直播间直接支付ROI,笔记（直播组件）,68ccac860000000011017183,5c6e75ba000000001201be11,视频笔记,直播通投托管-糯糯杯大胸-转载-追问-都市白领（36+）-ROI-9.19,143423951,2025-09-19 11:44:11,0.00,0,0,0.0%,0.0,0.0,0,0.00,0.0,0,0,0.0,0,0,0.0,0,0.0,0,0.0,0,0.0,0,0.0,0,0.0,0,0.0,0,0.0,0,0.0,0,0.0,0.00,0.0,0,0,0
2383041248,直播通投托管-糯糯杯大胸-转载-没穿-都市白领（36+）-ROI-9.19,暂停,审核通过,通投,直播间直接支付ROI,笔记（直播组件）,68cca8a3000000001101d93c,5c6e75ba000000001201be11,视频笔记,直播通投托管-糯糯杯大胸-转载-追问-都市白领（36+）-ROI-9.19,143423951,2025-09-19 11:44:11,0.00,0,0,0.0%,0.0,0.0,0,0.00,0.0,0,0,0.0,0,0,0.0,0,0.0,0,0.0,0,0.0,0,0.0,0,0.0,0,0.0,0,0.0,0,0.0,0,0.0,0.00,0.0,0,0,0
2382930492,直播通投托管-双层大胸-转载-薄背感-都市白领（36+）-ROI-9.19,暂停,审核通过,通投,直播间直接支付ROI,笔记（直播组件）,68cba18f00000000110169d8,5c6e75ba000000001201be11,视频笔记,直播通投托管-双层大胸-自产-赛马-都市白领（36+）-ROI-9.19,143412337,2025-09-19 11:42:59,0.00,0,0,0.0%,0.0,0.0,0,0.00,0.0,0,0,0.0,0,0,0.0,0,0.0,0,0.0,0,0.0,0,0.0,0,0.0,0,0.0,0,0.0,0,0.0,0,0.0,0.00,0.0,0,0,0
2382930491,直播通投托管-双层大胸-转载-真的牛-都市白领（36+）-ROI-9.19,暂停,审核通过,通投,直播间直接支付ROI,笔记（直播组件）,68c91f43000000001003d681,5c6e75ba000000001201be11,视频笔记,直播通投托管-双层大胸-自产-赛马-都市白领（36+）-ROI-9.19,143412337,2025-09-19 11:42:59,0.00,0,0,0.0%,0.0,0.0,0,0.00,0.0,0,0,0.0,0,0,0.0,0,0.0,0,0.0,0,0.0,0,0.0,0,0.0,0,0.0,0,0.0,0,0.0,0,0.0,0.00,0.0,0,0,0
2324794516,直播通投托管-经典大胸-混剪-告别秋日-细节装饰（36+）-ROI-9.12,被计划暂停,审核通过,通投,直播间直接支付ROI,笔记（直播组件）,68c3d96f000000001c00cad2,5c6e75ba000000001201be11,视频笔记,直播通投托管-经典大胸-混剪-告别秋日-细节装饰（36+）-ROI-9.12,141473184,2025-09-12 16:45:37,0.00,0,0,0.0%,0.0,0.0,0,0.00,0.0,0,0,0.0,0,0,0.0,0,0.0,0,0.0,0,0.0,0,0.0,0,0.0,0,0.0,0,0.0,0,0.0,0,0.0,0.00,0.0,0,0,0
2324793944,直播通投托管-糯糯杯大胸-混剪-瘦一圈-细节装饰（36+）-ROI-9.12,被计划暂停,审核通过,通投,直播间直接支付ROI,笔记（直播组件）,68c3d8a3000000001b01e2e6,5c6e75ba000000001201be11,视频笔记,直播通投托管-糯糯杯大胸-混剪-瘦一圈-细节装饰（36+）-ROI-9.12,141473163,2025-09-12 16:45:12,0.00,0,0,0.0%,0.0,0.0,0,0.00,0.0,0,0,0.0,0,0,0.0,0,0.0,0,0.0,0,0.0,0,0.0,0,0.0,0,0.0,0,0.0,0,0.0,0,0.0,0.00,0.0,0,0,0
2315479867,直播通投托管-经典大胸-自产-天花板-细节装饰（36+）-ROI-9.11,被计划暂停,审核通过,通投,直播间直接支付ROI,笔记（直播组件）,67f477e9000000001d03acdc,5c6e75ba000000001201be11,图文笔记,直播通投托管-经典大胸-自产-天花板-细节装饰（36+）-ROI-9.11,141172253,2025-09-11 17:25:42,0.00,0,0,0.0%,0.0,0.0,0,0.00,0.0,0,0,0.0,0,0,0.0,0,0.0,0,0.0,0,0.0,0,0.0,0,0.0,0,0.0,0,0.0,0,0.0,0,0.0,0.00,0.0,0,0,0
2315588132,直播通投托管-轻挺系列-自产-托起-细节装饰（36+）-ROI-9.11,被计划暂停,审核通过,通投,直播间直接支付ROI,笔记（直播组件）,68b79585000000001c012388,5c6e75ba000000001201be11,视频笔记,直播通投托管-轻挺系列-自产-托起-细节装饰（36+）-ROI-9.11,141172241,2025-09-11 17:25:18,0.00,0,0,0.0%,0.0,0.0,0,0.00,0.0,0,0,0.0,0,0,0.0,0,0.0,0,0.0,0,0.0,0,0.0,0,0.0,0,0.0,0,0.0,0,0.0,0,0.0,0.00,0.0,0,0,0
2305459170,直播通投托管-经典大胸-自产-天花板-都市白领（36+）-ROI-9.10,被计划暂停,不满足审核条件,通投,直播间直接支付ROI,笔记（直播组件）,67f477e9000000001d03acdc,5c6e75ba000000001201be11,图文笔记,直播通投托管-经典大胸-自产-天花板-都市白领（36+）-ROI-9.10,140800724,2025-09-10 15:15:49,0.00,0,0,0.0%,0.0,0.0,0,0.00,0.0,0,0,0.0,0,0,0.0,0,0.0,0,0.0,0,0.0,0,0.0,0,0.0,0,0.0,0,0.0,0,0.0,0,0.0,0.00,0.0,0,0,0
2305407077,直播通投托管-经典大胸-自产-天花板-精致中产（36+）-ROI-9.10,被计划暂停,审核通过,通投,直播间直接支付ROI,笔记（直播组件）,67f477e9000000001d03acdc,5c6e75ba000000001201be11,图文笔记,直播通投托管-经典大胸-自产-天花板-精致中产（36+）-ROI-9.10,140788965,2025-09-10 15:15:24,0.00,0,0,0.0%,0.0,0.0,0,0.00,0.0,0,0,0.0,0,0,0.0,0,0.0,0,0.0,0,0.0,0,0.0,0,0.0,0,0.0,0,0.0,0,0.0,0,0.0,0.00,0.0,0,0,0
2305515802,直播通投托管-轻挺系列-自产-夏日必备-精致中产（36+）-ROI-9.10,被计划暂停,审核通过,通投,直播间直接支付ROI,笔记（直播组件）,685b984b000000002001ad07,5c6e75ba000000001201be11,视频笔记,直播通投托管-轻挺系列-自产-夏日必备-精致中产（36+）-ROI-9.10,140811881,2025-09-10 15:14:09,0.00,0,0,0.0%,0.0,0.0,0,0.00,0.0,0,0,0.0,0,0,0.0,0,0.0,0,0.0,0,0.0,0,0.0,0,0.0,0,0.0,0,0.0,0,0.0,0,0.0,0.00,0.0,0,0,0
2305575095,直播通投托管-轻挺系列-自产-夏日必备-都市白领（36+）-ROI-9.10,被计划暂停,审核通过,通投,直播间直接支付ROI,笔记（直播组件）,685b984b000000002001ad07,5c6e75ba000000001201be11,视频笔记,直播通投托管-轻挺系列-自产-夏日必备-都市白领（36+）-ROI-9.10,140806217,2025-09-10 15:13:46,0.00,0,0,0.0%,0.0,0.0,0,0.00,0.0,0,0,0.0,0,0,0.0,0,0.0,0,0.0,0,0.0,0,0.0,0,0.0,0,0.0,0,0.0,0,0.0,0,0.0,0.00,0.0,0,0,0
2305671976,直播通投托管-轻挺系列-自产-四季-都市白领（36+）-ROI-9.10,被计划暂停,审核通过,通投,直播间直接支付ROI,笔记（直播组件）,68a837e1000000001b01effb,5c6e75ba000000001201be11,视频笔记,直播通投托管-轻挺系列-自产-四季-都市白领（36+）-ROI-9.10,140788837,2025-09-10 15:12:32,0.00,0,0,0.0%,0.0,0.0,0,0.00,0.0,0,0,0.0,0,0,0.0,0,0.0,0,0.0,0,0.0,0,0.0,0,0.0,0,0.0,0,0.0,0,0.0,0,0.0,0.00,0.0,0,0,0
2305453119,直播通投托管-轻挺系列-自产-四季-精致中产（36+）-ROI-9.10,被计划暂停,审核通过,通投,直播间直接支付ROI,笔记（直播组件）,68a837e1000000001b01effb,5c6e75ba000000001201be11,视频笔记,直播通投托管-轻挺系列-自产-四季-精致中产（36+）-ROI-9.10,140806124,2025-09-10 15:11:18,0.00,0,0,0.0%,0.0,0.0,0,0.00,0.0,0,0,0.0,0,0,0.0,0,0.0,0,0.0,0,0.0,0,0.0,0,0.0,0,0.0,0,0.0,0,0.0,0,0.0,0.00,0.0,0,0,0
2293459378,直播通投托管-经典大胸-自产-轻盈感-质享人群（36+）-ROI-9.9,被计划暂停,审核通过,通投,直播间直接支付ROI,笔记（直播组件）,68a833b0000000001c00a3d2,5c6e75ba000000001201be11,视频笔记,直播通投托管-经典大胸-自产-轻盈感-质享人群（36+）-ROI-9.9,140410499,2025-09-09 10:13:40,0.00,0,0,0.0%,0.0,0.0,0,0.00,0.0,0,0,0.0,0,0,0.0,0,0.0,0,0.0,0,0.0,0,0.0,0,0.0,0,0.0,0,0.0,0,0.0,0,0.0,0.00,0.0,0,0,0
2293541469,直播通投托管-轻挺系列-自产-四季-质享人群（36+）-ROI-9.9,被计划暂停,审核通过,通投,直播间直接支付ROI,笔记（直播组件）,68a837e1000000001b01effb,5c6e75ba000000001201be11,视频笔记,直播通投托管-轻挺系列-自产-四季-质享人群（36+）-ROI-9.9,140387242,2025-09-09 10:12:58,0.00,0,0,0.0%,0.0,0.0,0,0.00,0.0,0,0,0.0,0,0,0.0,0,0.0,0,0.0,0,0.0,0,0.0,0,0.0,0,0.0,0,0.0,0,0.0,0,0.0,0.00,0.0,0,0,0
2293239210,直播通投托管-糯糯杯大胸-混剪-臃肿-细节装饰（36+）-ROI-9.9,被计划暂停,审核通过,通投,直播间直接支付ROI,笔记（直播组件）,68bab37b000000001b03f2e1,5c6e75ba000000001201be11,视频笔记,直播通投托管-糯糯杯大胸-混剪-臃肿-细节装饰（36+）-ROI-9.9,140387187,2025-09-09 10:11:43,0.00,0,0,0.0%,0.0,0.0,0,0.00,0.0,0,0,0.0,0,0,0.0,0,0.0,0,0.0,0,0.0,0,0.0,0,0.0,0,0.0,0,0.0,0,0.0,0,0.0,0.00,0.0,0,0,0
2285006217,直播通投托管-经典大胸-自产-天花板-质享人群（36+）-ROI-9.8,被计划暂停,审核通过,通投,直播间直接支付ROI,笔记（直播组件）,67f477e9000000001d03acdc,5c6e75ba000000001201be11,图文笔记,直播通投托管-经典大胸-自产-天花板-质享人群（36+）-ROI-9.8,140118624,2025-09-08 11:18:40,0.00,0,0,0.0%,0.0,0.0,0,0.00,0.0,0,0,0.0,0,0,0.0,0,0.0,0,0.0,0,0.0,0,0.0,0,0.0,0,0.0,0,0.0,0,0.0,0,0.0,0.00,0.0,0,0,0
2285005280,直播通投托管-轻挺系列-自产-夏日必备-质享人群（36+）-ROI-9.8,被计划暂停,审核通过,通投,直播间直接支付ROI,笔记（直播组件）,685b984b000000002001ad07,5c6e75ba000000001201be11,视频笔记,直播通投托管-轻挺系列-自产-夏日必备-质享人群（36+）-ROI-9.8,140101015,2025-09-08 11:18:10,0.00,0,0,0.0%,0.0,0.0,0,0.00,0.0,0,0,0.0,0,0,0.0,0,0.0,0,0.0,0,0.0,0,0.0,0,0.0,0,0.0,0,0.0,0,0.0,0,0.0,0.00,0.0,0,0,0
2264187584,直播通投托管-糯糯杯大胸-混剪-空气感-细节装饰（36+）-ROI-9.5,被计划暂停,审核通过,通投,直播间直接支付ROI,笔记（直播组件）,68bab09c000000001b033b38,5c6e75ba000000001201be11,视频笔记,直播通投托管-糯糯杯大胸-混剪-空气感-细节装饰（36+）-ROI-9.5,139518749,2025-09-05 17:52:19,0.00,0,0,0.0%,0.0,0.0,0,0.00,0.0,0,0,0.0,0,0,0.0,0,0.0,0,0.0,0,0.0,0,0.0,0,0.0,0,0.0,0,0.0,0,0.0,0,0.0,0.00,0.0,0,0,0
2264263816,直播通投托管-经典大胸-混剪-爱上-细节装饰（36+）-ROI-9.5,被计划暂停,审核通过,通投,直播间直接支付ROI,笔记（直播组件）,68baac83000000001c03207a,5c6e75ba000000001201be11,视频笔记,直播通投托管-经典大胸-混剪-爱上-细节装饰（36+）-ROI-9.5,139494040,2025-09-05 17:32:15,0.00,0,0,0.0%,0.0,0.0,0,0.00,0.0,0,0,0.0,0,0,0.0,0,0.0,0,0.0,0,0.0,0,0.0,0,0.0,0,0.0,0,0.0,0,0.0,0,0.0,0.00,0.0,0,0,0
2264051023,直播通投托管-小懒猫-混剪-新体验-细节装饰（36+）-ROI-9.5,被计划暂停,审核通过,通投,直播间直接支付ROI,笔记（直播组件）,68baab7f000000001c008463,5c6e75ba000000001201be11,视频笔记,直播通投托管-小懒猫-混剪-新体验-细节装饰（36+）-ROI-9.5,139494002,2025-09-05 17:31:40,0.00,0,0,0.0%,0.0,0.0,0,0.00,0.0,0,0,0.0,0,0,0.0,0,0.0,0,0.0,0,0.0,0,0.0,0,0.0,0,0.0,0,0.0,0,0.0,0,0.0,0.00,0.0,0,0,0
2254715486,直播通投托管-经典大胸-自产-yyds-细节装饰（36+）-ROI-9.4,被计划暂停,审核通过,通投,直播间直接支付ROI,笔记（直播组件）,68b9425d000000001c009266,5c6e75ba000000001201be11,视频笔记,直播通投托管-经典大胸-自产-yyds-细节装饰（36+）-ROI-9.4,139200827,2025-09-04 17:09:33,0.00,0,0,0.0%,0.0,0.0,0,0.00,0.0,0,0,0.0,0,0,0.0,0,0.0,0,0.0,0,0.0,0,0.0,0,0.0,0,0.0,0,0.0,0,0.0,0,0.0,0.00,0.0,0,0,0
2252805167,直播通投托管-轻挺系列-自产-托起-质享人群（36+）-ROI-9.4,被计划暂停,审核通过,通投,直播间直接支付ROI,笔记（直播组件）,68b79585000000001c012388,5c6e75ba000000001201be11,视频笔记,直播通投托管-轻挺系列-自产-托起-质享人群（36+）-ROI-9.4,139146533,2025-09-04 11:48:35,0.00,0,0,0.0%,0.0,0.0,0,0.00,0.0,0,0,0.0,0,0,0.0,0,0.0,0,0.0,0,0.0,0,0.0,0,0.0,0,0.0,0,0.0,0,0.0,0,0.0,0.00,0.0,0,0,0
2252549137,直播通投托管-轻挺系列-自产-托起-塑身品类（36+）-ROI-9.4,被计划暂停,审核通过,通投,直播间直接支付ROI,笔记（直播组件）,68b79585000000001c012388,5c6e75ba000000001201be11,视频笔记,直播通投托管-轻挺系列-自产-托起-塑身品类（36+）-ROI-9.4,139128610,2025-09-04 11:46:44,0.00,0,0,0.0%,0.0,0.0,0,0.00,0.0,0,0,0.0,0,0,0.0,0,0.0,0,0.0,0,0.0,0,0.0,0,0.0,0,0.0,0,0.0,0,0.0,0,0.0,0.00,0.0,0,0,0
2243244909,直播通投托管-糯糯杯大胸-自产-太爽了-细节装饰（36+）-ROI-9.3,被计划暂停,审核通过,通投,直播间直接支付ROI,笔记（直播组件）,68b7967c000000001b02375b,5c6e75ba000000001201be11,视频笔记,直播通投托管-糯糯杯大胸-自产-太爽了-细节装饰（36+）-ROI-9.3,138857190,2025-09-03 11:28:45,0.00,0,0,0.0%,0.0,0.0,0,0.00,0.0,0,0,0.0,0,0,0.0,0,0.0,0,0.0,0,0.0,0,0.0,0,0.0,0,0.0,0,0.0,0,0.0,0,0.0,0.00,0.0,0,0,0
2243507118,直播通投托管-轻挺系列-自产-托起-细节装饰（36+）-ROI-9.3,被计划暂停,审核通过,通投,直播间直接支付ROI,笔记（直播组件）,68b79585000000001c012388,5c6e75ba000000001201be11,视频笔记,直播通投托管-轻挺系列-自产-托起-细节装饰（36+）-ROI-9.3,138857177,2025-09-03 11:28:22,0.00,0,0,0.0%,0.0,0.0,0,0.00,0.0,0,0,0.0,0,0,0.0,0,0.0,0,0.0,0,0.0,0,0.0,0,0.0,0,0.0,0,0.0,0,0.0,0,0.0,0.00,0.0,0,0,0
2235834011,直播通投托管-轻挺系列-自产-拒绝将就-细节装饰（36+）-ROI-9.2,被计划暂停,不满足审核条件,通投,直播间直接支付ROI,笔记（直播组件）,6854b16c000000002001bb34,5c6e75ba000000001201be11,图文笔记,直播通投托管-轻挺系列-自产-拒绝将就-细节装饰（36+）-ROI-9.2,138663306,2025-09-02 14:59:51,0.00,0,0,0.0%,0.0,0.0,0,0.00,0.0,0,0,0.0,0,0,0.0,0,0.0,0,0.0,0,0.0,0,0.0,0,0.0,0,0.0,0,0.0,0,0.0,0,0.0,0.00,0.0,0,0,0
2235783977,直播通投托管-经典大胸-自产-天花板-细节装饰（36+）-ROI-9.2,被计划暂停,审核通过,通投,直播间直接支付ROI,笔记（直播组件）,67f477e9000000001d03acdc,5c6e75ba000000001201be11,图文笔记,直播通投托管-经典大胸-自产-天花板-细节装饰（36+）-ROI-9.2,138633738,2025-09-02 14:59:12,0.00,0,0,0.0%,0.0,0.0,0,0.00,0.0,0,0,0.0,0,0,0.0,0,0.0,0,0.0,0,0.0,0,0.0,0,0.0,0,0.0,0,0.0,0,0.0,0,0.0,0.00,0.0,0,0,0
2235831751,直播通投托管-轻挺系列-自产-夏日必备-细节装饰（36+）-ROI-9.2,被计划暂停,审核通过,通投,直播间直接支付ROI,笔记（直播组件）,685b984b000000002001ad07,5c6e75ba000000001201be11,视频笔记,直播通投托管-轻挺系列-自产-夏日必备-细节装饰（36+）-ROI-9.2,138633632,2025-09-02 14:56:53,0.00,0,0,0.0%,0.0,0.0,0,0.00,0.0,0,0,0.0,0,0,0.0,0,0.0,0,0.0,0,0.0,0,0.0,0,0.0,0,0.0,0,0.0,0,0.0,0,0.0,0.00,0.0,0,0,0
2235725142,直播通投托管-经典大胸-自产-显瘦神器-细节装饰（36+）-ROI-9.2,被计划暂停,不满足审核条件,通投,直播间直接支付ROI,笔记（直播组件）,67c16251000000000d01580e,5c6e75ba000000001201be11,图文笔记,直播通投托管-经典大胸-自产-显瘦神器-细节装饰（36+）-ROI-9.2,138633541,2025-09-02 14:54:50,0.00,0,0,0.0%,0.0,0.0,0,0.00,0.0,0,0,0.0,0,0,0.0,0,0.0,0,0.0,0,0.0,0,0.0,0,0.0,0,0.0,0,0.0,0,0.0,0,0.0,0.00,0.0,0,0,0
2235636806,直播通投托管-糯糯杯大胸-自产-瘦身咒-细节装饰（36+）-ROI-9.2,被计划暂停,审核通过,通投,直播间直接支付ROI,笔记（直播组件）,685bc06c000000002001867a,5c6e75ba000000001201be11,视频笔记,直播通投托管-糯糯杯大胸-自产-瘦身咒-细节装饰（36+）-ROI-9.2,138651075,2025-09-02 14:53:49,0.00,0,0,0.0%,0.0,0.0,0,0.00,0.0,0,0,0.0,0,0,0.0,0,0.0,0,0.0,0,0.0,0,0.0,0,0.0,0,0.0,0,0.0,0,0.0,0,0.0,0.00,0.0,0,0,0
2227893224,直播通投托管-经典大胸-自产-DNA-细节装饰（36+）-ROI-9.1-视频,被计划暂停,审核通过,通投,直播间直接支付ROI,笔记（直播组件）,680613b4000000001d01fafe,5c6e75ba000000001201be11,视频笔记,直播通投托管-经典大胸-自产-DNA-细节装饰（36+）-ROI-9.1-视频,138428812,2025-09-01 16:58:41,0.00,0,0,0.0%,0.0,0.0,0,0.00,0.0,0,0,0.0,0,0,0.0,0,0.0,0,0.0,0,0.0,0,0.0,0,0.0,0,0.0,0,0.0,0,0.0,0,0.0,0.00,0.0,0,0,0
2227834368,直播通投托管-糯糯杯大胸-自产-透气-核心（36+）-ROI-9.1-视频,被计划暂停,不满足审核条件,通投,直播间直接支付ROI,笔记（直播组件）,689b0905000000001c00c551,5c6e75ba000000001201be11,视频笔记,直播通投托管-糯糯杯大胸-自产-透气-核心（36+）-ROI-9.1-视频,138446501,2025-09-01 16:57:16,0.00,0,0,0.0%,0.0,0.0,0,0.00,0.0,0,0,0.0,0,0,0.0,0,0.0,0,0.0,0,0.0,0,0.0,0,0.0,0,0.0,0,0.0,0,0.0,0,0.0,0.00,0.0,0,0,0
2228000696,直播通投托管-糯糯杯大胸-自产-美晕-核心（36+）-ROI-9.1-视频,被计划暂停,审核通过,通投,直播间直接支付ROI,笔记（直播组件）,67ebb578000000001e006c94,5c6e75ba000000001201be11,图文笔记,直播通投托管-糯糯杯大胸-自产-美晕-核心（36+）-ROI-9.1-视频,138434508,2025-09-01 16:56:31,0.00,0,0,0.0%,0.0,0.0,0,0.00,0.0,0,0,0.0,0,0,0.0,0,0.0,0,0.0,0,0.0,0,0.0,0,0.0,0,0.0,0,0.0,0,0.0,0,0.0,0.00,0.0,0,0,0
2228051590,直播通投托管-轻挺系列-自产-四季-核心（36+）-ROI-9.1-视频,被计划暂停,审核通过,通投,直播间直接支付ROI,笔记（直播组件）,68a837e1000000001b01effb,5c6e75ba000000001201be11,视频笔记,直播通投托管-轻挺系列-自产-四季-核心（36+）-ROI-9.1-视频,138416896,2025-09-01 16:55:30,0.00,0,0,0.0%,0.0,0.0,0,0.00,0.0,0,0,0.0,0,0,0.0,0,0.0,0,0.0,0,0.0,0,0.0,0,0.0,0,0.0,0,0.0,0,0.0,0,0.0,0.00,0.0,0,0,0
2227936653,直播通投托管-糯糯杯大胸-自产-七夕自留-细节装饰（36+）-ROI-9.1,被计划暂停,审核通过,通投,直播间直接支付ROI,笔记（直播组件）,68ad2a33000000001b034540,5c6e75ba000000001201be11,视频笔记,直播通投托管-糯糯杯大胸-自产-七夕自留-细节装饰（36+）-ROI-9.1,138416691,2025-09-01 16:52:01,0.00,0,0,0.0%,0.0,0.0,0,0.00,0.0,0,0,0.0,0,0,0.0,0,0.0,0,0.0,0,0.0,0,0.0,0,0.0,0,0.0,0,0.0,0,0.0,0,0.0,0.00,0.0,0,0,0
2164039477,直播通投托管-轻挺系列-自产-四季-细节装饰（36+）-ROI-8.25,被计划暂停,审核通过,通投,直播间直接支付ROI,笔记（直播组件）,68a837e1000000001b01effb,5c6e75ba000000001201be11,视频笔记,直播通投托管-轻挺系列-自产-四季-细节装饰（36+）-ROI-8.25,136958489,2025-08-25 18:11:36,0.00,0,0,0.0%,0.0,0.0,0,0.00,0.0,0,0,0.0,0,0,0.0,0,0.0,0,0.0,0,0.0,0,0.0,0,0.0,0,0.0,0,0.0,0,0.0,0,0.0,0.00,0.0,0,0,0
2163873913,直播通投托管-经典大胸-自产-轻盈感-细节装饰（36+）-ROI-8.25,被计划暂停,审核通过,通投,直播间直接支付ROI,笔记（直播组件）,68a833b0000000001c00a3d2,5c6e75ba000000001201be11,视频笔记,直播通投托管-经典大胸-自产-轻盈感-细节装饰（36+）-ROI-8.25,136942596,2025-08-25 18:10:48,0.00,0,0,0.0%,0.0,0.0,0,0.00,0.0,0,0,0.0,0,0,0.0,0,0.0,0,0.0,0,0.0,0,0.0,0,0.0,0,0.0,0,0.0,0,0.0,0,0.0,0.00,0.0,0,0,0
2163931102,直播通投托管-糯糯杯大胸-自产-吊带-细节装饰（36+）-ROI-8.25,被计划暂停,审核通过,通投,直播间直接支付ROI,笔记（直播组件）,68a6e618000000001b03e956,5c6e75ba000000001201be11,视频笔记,直播通投托管-糯糯杯大胸-自产-吊带-细节装饰（36+）-ROI-8.25,136958381,2025-08-25 18:10:26,0.00,0,0,0.0%,0.0,0.0,0,0.00,0.0,0,0,0.0,0,0,0.0,0,0.0,0,0.0,0,0.0,0,0.0,0,0.0,0,0.0,0,0.0,0,0.0,0,0.0,0.00,0.0,0,0,0
2164135844,直播通投托管-经典大胸-自产-七夕战袍-细节装饰（36+）-ROI-8.25,被计划暂停,审核通过,通投,直播间直接支付ROI,笔记（直播组件）,68a6d660000000001c007fea,5c6e75ba000000001201be11,视频笔记,直播通投托管-经典大胸-自产-七夕战袍-细节装饰（36+）-ROI-8.25,136937262,2025-08-25 18:10:01,0.00,0,0,0.0%,0.0,0.0,0,0.00,0.0,0,0,0.0,0,0,0.0,0,0.0,0,0.0,0,0.0,0,0.0,0,0.0,0,0.0,0,0.0,0,0.0,0,0.0,0.00,0.0,0,0,0
2163872394,直播通投托管-双层大胸-自产-别忍-细节装饰（36+）-ROI-8.25,被计划暂停,审核通过,通投,直播间直接支付ROI,笔记（直播组件）,68a284b0000000001c00c79b,5c6e75ba000000001201be11,视频笔记,直播通投托管-双层大胸-自产-别忍-细节装饰（36+）-ROI-8.25,136942489,2025-08-25 18:09:38,0.00,0,0,0.0%,0.0,0.0,0,0.00,0.0,0,0,0.0,0,0,0.0,0,0.0,0,0.0,0,0.0,0,0.0,0,0.0,0,0.0,0,0.0,0,0.0,0,0.0,0.00,0.0,0,0,0
2163869678,直播通投托管-合集-自产-耐穿-细节装饰（36+）-ROI-8.25-视频,被计划暂停,审核通过,通投,直播间直接支付ROI,笔记（直播组件）,68a66e31000000001b03cc98,5c6e75ba000000001201be11,视频笔记,直播通投托管-合集-自产-耐穿-细节装饰（36+）-ROI-8.25-视频,136932449,2025-08-25 18:07:05,0.00,0,0,0.0%,0.0,0.0,0,0.00,0.0,0,0,0.0,0,0,0.0,0,0.0,0,0.0,0,0.0,0,0.0,0,0.0,0,0.0,0,0.0,0,0.0,0,0.0,0.00,0.0,0,0,0
2063357512,直播通投托管-轻挺系列-自产-邪修-细节装饰（36+）-ROI-8.14-视频,暂停,审核通过,通投,直播间直接支付ROI,笔记（直播组件）,689d7c9b000000001c012acf,5c6e75ba000000001201be11,视频笔记,直播通投托管-轻挺系列-自产-邪修-细节装饰（36+）-ROI-8.14-视频,134625161,2025-08-14 17:31:05,0.00,0,0,0.0%,0.0,0.0,0,0.00,0.0,0,0,0.0,0,0,0.0,0,0.0,0,0.0,0,0.0,0,0.0,0,0.0,0,0.0,0,0.0,0,0.0,0,0.0,0.00,0.0,0,0,0
2063356783,直播通投托管-轻挺系列-自产-邪修-核心（36+）-ROI-8.14-视频,暂停,审核通过,通投,直播间直接支付ROI,笔记（直播组件）,689d7c9b000000001c012acf,5c6e75ba000000001201be11,视频笔记,直播通投托管-轻挺系列-自产-邪修-核心（36+）-ROI-8.14-视频,134625104,2025-08-14 17:30:24,0.00,0,0,0.0%,0.0,0.0,0,0.00,0.0,0,0,0.0,0,0,0.0,0,0.0,0,0.0,0,0.0,0,0.0,0,0.0,0,0.0,0,0.0,0,0.0,0,0.0,0.00,0.0,0,0,0
2051576838,直播通投托管-经典大胸-自产-停产-细节装饰（36+）-ROI-8.13-视频,被计划暂停,审核通过,通投,直播间直接支付ROI,笔记（直播组件）,689be04a000000001c033aff,5c6e75ba000000001201be11,视频笔记,直播通投托管-经典大胸-自产-停产-细节装饰（36+）-ROI-8.13-视频,134254222,2025-08-13 11:14:37,0.00,0,0,0.0%,0.0,0.0,0,0.00,0.0,0,0,0.0,0,0,0.0,0,0.0,0,0.0,0,0.0,0,0.0,0,0.0,0,0.0,0,0.0,0,0.0,0,0.0,0.00,0.0,0,0,0
2051467281,直播通投托管-糯糯杯大胸-自产-透气-细节装饰（36+）-ROI-8.13-视频,被计划暂停,审核通过,通投,直播间直接支付ROI,笔记（直播组件）,689b0905000000001c00c551,5c6e75ba000000001201be11,视频笔记,直播通投托管-糯糯杯大胸-自产-透气-细节装饰（36+）-ROI-8.13-视频,134239098,2025-08-13 11:14:13,0.00,0,0,0.0%,0.0,0.0,0,0.00,0.0,0,0,0.0,0,0,0.0,0,0.0,0,0.0,0,0.0,0,0.0,0,0.0,0,0.0,0,0.0,0,0.0,0,0.0,0.00,0.0,0,0,0
2051424474,直播通投托管-经典大胸-自产-神Bra-细节装饰（36+）-ROI-8.13-视频,被计划暂停,不满足审核条件,通投,直播间直接支付ROI,笔记（直播组件）,689b0a13000000001c0075bc,5c6e75ba000000001201be11,视频笔记,直播通投托管-经典大胸-自产-神Bra-细节装饰（36+）-ROI-8.13-视频,134259386,2025-08-13 11:13:11,0.00,0,0,0.0%,0.0,0.0,0,0.00,0.0,0,0,0.0,0,0,0.0,0,0.0,0,0.0,0,0.0,0,0.0,0,0.0,0,0.0,0,0.0,0,0.0,0,0.0,0.00,0.0,0,0,0
2051364589,直播通投托管-经典大胸-自产-停产-核心（36+）-ROI-8.13-视频,被计划暂停,审核通过,通投,直播间直接支付ROI,笔记（直播组件）,689be04a000000001c033aff,5c6e75ba000000001201be11,视频笔记,直播通投托管-经典大胸-自产-停产-核心（36+）-ROI-8.13-视频,134248421,2025-08-13 11:12:29,0.00,0,0,0.0%,0.0,0.0,0,0.00,0.0,0,0,0.0,0,0,0.0,0,0.0,0,0.0,0,0.0,0,0.0,0,0.0,0,0.0,0,0.0,0,0.0,0,0.0,0.00,0.0,0,0,0
2051421564,直播通投托管-糯糯杯大胸-自产-透气-核心（36+）-ROI-8.13-视频,被计划暂停,审核通过,通投,直播间直接支付ROI,笔记（直播组件）,689b0905000000001c00c551,5c6e75ba000000001201be11,视频笔记,直播通投托管-糯糯杯大胸-自产-透气-核心（36+）-ROI-8.13-视频,134244063,2025-08-13 11:11:33,0.00,0,0,0.0%,0.0,0.0,0,0.00,0.0,0,0,0.0,0,0,0.0,0,0.0,0,0.0,0,0.0,0,0.0,0,0.0,0,0.0,0,0.0,0,0.0,0,0.0,0.00,0.0,0,0,0
2051621605,直播通投托管-经典大胸-自产-神Bra-核心（36+）-ROI-8.13-视频,被计划暂停,审核通过,通投,直播间直接支付ROI,笔记（直播组件）,689b0a13000000001c0075bc,5c6e75ba000000001201be11,视频笔记,直播通投托管-经典大胸-自产-神Bra-核心（36+）-ROI-8.13-视频,134254050,2025-08-13 11:11:06,0.00,0,0,0.0%,0.0,0.0,0,0.00,0.0,0,0,0.0,0,0,0.0,0,0.0,0,0.0,0,0.0,0,0.0,0,0.0,0,0.0,0,0.0,0,0.0,0,0.0,0.00,0.0,0,0,0
2044803887,直播通投托管-星河日系-自产-蕾丝战甲-细节装饰（36+）-ROI-8.12-视频,被计划暂停,审核通过,通投,直播间直接支付ROI,笔记（直播组件）,682566f600000000210187fe,5c6e75ba000000001201be11,视频笔记,直播通投托管-星河日系-自产-蕾丝战甲-细节装饰（36+）-ROI-8.12-视频,134097362,2025-08-12 16:36:15,0.00,0,0,0.0%,0.0,0.0,0,0.00,0.0,0,0,0.0,0,0,0.0,0,0.0,0,0.0,0,0.0,0,0.0,0,0.0,0,0.0,0,0.0,0,0.0,0,0.0,0.00,0.0,0,0,0
2044634690,直播通投托管-糯糯杯&经典&星河-达人-喝奶又舔盖-细节装饰（36+）-ROI-8.12-视频,被计划暂停,审核通过,通投,直播间直接支付ROI,笔记（直播组件）,67d3b6bc000000000e00628a,5bffd88e0000000008006d81,视频笔记,直播通投托管-糯糯杯&经典&星河-达人-喝奶又舔盖-细节装饰（36+）-ROI-8.12-视频,134086389,2025-08-12 16:34:48,0.00,0,0,0.0%,0.0,0.0,0,0.00,0.0,0,0,0.0,0,0,0.0,0,0.0,0,0.0,0,0.0,0,0.0,0,0.0,0,0.0,0,0.0,0,0.0,0,0.0,0.00,0.0,0,0,0
2044592772,直播通投托管-糯糯杯大胸-自产-大胸显瘦-核心（36+）-ROI-8.12-视频,被计划暂停,审核通过,通投,直播间直接支付ROI,笔记（直播组件）,67c166ae000000000903b4ad,5c6e75ba000000001201be11,图文笔记,直播通投托管-糯糯杯大胸-自产-大胸显瘦-核心（36+）-ROI-8.12-视频,134092028,2025-08-12 16:34:02,0.00,0,0,0.0%,0.0,0.0,0,0.00,0.0,0,0,0.0,0,0,0.0,0,0.0,0,0.0,0,0.0,0,0.0,0,0.0,0,0.0,0,0.0,0,0.0,0,0.0,0.00,0.0,0,0,0
2044684153,直播通投托管-糯糯杯大胸-自产-美晕-核心（36+）-ROI-8.12-视频,被计划暂停,不满足审核条件,通投,直播间直接支付ROI,笔记（直播组件）,67ebb578000000001e006c94,5c6e75ba000000001201be11,图文笔记,直播通投托管-糯糯杯大胸-自产-美晕-核心（36+）-ROI-8.12,134097211,2025-08-12 16:32:50,0.00,0,0,0.0%,0.0,0.0,0,0.00,0.0,0,0,0.0,0,0,0.0,0,0.0,0,0.0,0,0.0,0,0.0,0,0.0,0,0.0,0,0.0,0,0.0,0,0.0,0.00,0.0,0,0,0
2044531399,直播通投托管-经典大胸-自产-显瘦又高级-细节装饰（36+）-ROI-8.12-视频,被计划暂停,审核通过,通投,直播间直接支付ROI,笔记（直播组件）,6854cb58000000002203e304,5c6e75ba000000001201be11,图文笔记,直播通投托管-经典大胸-自产-DNA-细节装饰（36+）-ROI-8.12-视频,134082579,2025-08-12 16:31:47,0.00,0,0,0.0%,0.0,0.0,0,0.00,0.0,0,0,0.0,0,0,0.0,0,0.0,0,0.0,0,0.0,0,0.0,0,0.0,0,0.0,0,0.0,0,0.0,0,0.0,0.00,0.0,0,0,0
2044586699,直播通投托管-轻挺系列-自产-防凸-细节装饰（36+）-ROI-8.12-视频,被计划暂停,审核通过,通投,直播间直接支付ROI,笔记（直播组件）,686cbb5200000000220330fb,5c6e75ba000000001201be11,视频笔记,直播通投托管-轻挺系列-自产-防凸-细节装饰（36+）-ROI-8.12-视频,134097145,2025-08-12 16:31:04,0.00,0,0,0.0%,0.0,0.0,0,0.00,0.0,0,0,0.0,0,0,0.0,0,0.0,0,0.0,0,0.0,0,0.0,0,0.0,0,0.0,0,0.0,0,0.0,0,0.0,0.00,0.0,0,0,0
2044489097,直播通投托管-糯糯杯大胸-自产-瘦身外挂-细节装饰（36+）-ROI-8.12-视频,被计划暂停,审核通过,通投,直播间直接支付ROI,笔记（直播组件）,689ab0cb000000002203968e,5c6e75ba000000001201be11,视频笔记,直播通投托管-糯糯杯大胸-自产-瘦身外挂-细节装饰（36+）-ROI-8.12-视频,134075783,2025-08-12 16:08:36,0.00,0,0,0.0%,0.0,0.0,0,0.00,0.0,0,0,0.0,0,0,0.0,0,0.0,0,0.0,0,0.0,0,0.0,0,0.0,0,0.0,0,0.0,0,0.0,0,0.0,0.00,0.0,0,0,0
2044544676,直播通投托管-糯糯杯大胸-自产-瘦身外挂-核心（36+）-ROI-8.12-视频,被计划暂停,审核通过,通投,直播间直接支付ROI,笔记（直播组件）,689ab0cb000000002203968e,5c6e75ba000000001201be11,视频笔记,直播通投托管-糯糯杯大胸-自产-瘦身外挂-核心（36+）-ROI-8.12-视频,134090856,2025-08-12 16:08:09,0.00,0,0,0.0%,0.0,0.0,0,0.00,0.0,0,0,0.0,0,0,0.0,0,0.0,0,0.0,0,0.0,0,0.0,0,0.0,0,0.0,0,0.0,0,0.0,0,0.0,0.00,0.0,0,0,0
2035002864,直播通投托管-经典大胸-自产-秘诀-直播人群-ROI-8.11,被计划暂停,审核通过,通投,直播间直接支付ROI,笔记（直播组件）,68535e410000000023004488,5c6e75ba000000001201be11,图文笔记,直播通投托管-经典大胸-自产-秘诀-直播人群-ROI-8.11,133832614,2025-08-11 14:44:28,0.00,0,0,0.0%,0.0,0.0,0,0.00,0.0,0,0,0.0,0,0,0.0,0,0.0,0,0.0,0,0.0,0,0.0,0,0.0,0,0.0,0,0.0,0,0.0,0,0.0,0.00,0.0,0,0,0
2034795490,直播通投托管-经典大胸-自产-显瘦又高级-核心（36+）-ROI-8.11-视频,被计划暂停,审核通过,通投,直播间直接支付ROI,笔记（直播组件）,6854cb58000000002203e304,5c6e75ba000000001201be11,图文笔记,直播通投托管-经典大胸-自产-DNA-核心（36+）-ROI-8.11-视频,133832596,2025-08-11 14:44:09,0.00,0,0,0.0%,0.0,0.0,0,0.00,0.0,0,0,0.0,0,0,0.0,0,0.0,0,0.0,0,0.0,0,0.0,0,0.0,0,0.0,0,0.0,0,0.0,0,0.0,0.00,0.0,0,0,0
2034773539,直播通投托管-轻挺系列-自产-防凸-核心（36+）-ROI-8.11-视频,被计划暂停,不满足审核条件,通投,直播间直接支付ROI,笔记（直播组件）,686cbb5200000000220330fb,5c6e75ba000000001201be11,视频笔记,直播通投托管-轻挺系列-自产-防凸-核心（36+）-ROI-8.11-视频,133807197,2025-08-11 14:21:48,0.00,0,0,0.0%,0.0,0.0,0,0.00,0.0,0,0,0.0,0,0,0.0,0,0.0,0,0.0,0,0.0,0,0.0,0,0.0,0,0.0,0,0.0,0,0.0,0,0.0,0.00,0.0,0,0,0
2034610197,直播通投托管-糯糯杯&经典&星河-达人-喝奶又舔盖-直播人群-ROI-8.11-视频,被计划暂停,审核通过,通投,直播间直接支付ROI,笔记（直播组件）,67d3b6bc000000000e00628a,5bffd88e0000000008006d81,视频笔记,直播通投托管-糯糯杯&经典&星河-达人-喝奶又舔盖-直播人群-ROI-8.11-视频,133816438,2025-08-11 14:04:32,0.00,0,0,0.0%,0.0,0.0,0,0.00,0.0,0,0,0.0,0,0,0.0,0,0.0,0,0.0,0,0.0,0,0.0,0,0.0,0,0.0,0,0.0,0,0.0,0,0.0,0.00,0.0,0,0,0
1984699195,直播通投托管-经典大胸-自产-高级-细节装饰（36+）-ROI-8.5-视频,被计划暂停,审核通过,通投,直播间直接支付ROI,笔记（直播组件）,68919d82000000002303639e,5c6e75ba000000001201be11,视频笔记,直播通投托管-经典大胸-自产-高级-细节装饰（36+）-ROI-8.5-视频,132533442,2025-08-05 16:32:19,0.00,0,0,0.0%,0.0,0.0,0,0.00,0.0,0,0,0.0,0,0,0.0,0,0.0,0,0.0,0,0.0,0,0.0,0,0.0,0,0.0,0,0.0,0,0.0,0,0.0,0.00,0.0,0,0,0
1984644955,直播通投托管-经典大胸-自产-高级-直播人群-ROI-8.5-视频,被计划暂停,审核通过,通投,直播间直接支付ROI,笔记（直播组件）,68919d82000000002303639e,5c6e75ba000000001201be11,视频笔记,直播通投托管-经典大胸-自产-高级-直播人群-ROI-8.5-视频,132536217,2025-08-05 16:31:26,0.00,0,0,0.0%,0.0,0.0,0,0.00,0.0,0,0,0.0,0,0,0.0,0,0.0,0,0.0,0,0.0,0,0.0,0,0.0,0,0.0,0,0.0,0,0.0,0,0.0,0.00,0.0,0,0,0
1983886260,直播通投托管-糯糯杯大胸-自产-美晕-细节装饰（36+）-ROI-8.5,被计划暂停,审核通过,通投,直播间直接支付ROI,笔记（直播组件）,67ebb578000000001e006c94,5c6e75ba000000001201be11,图文笔记,直播通投托管-糯糯杯大胸-自产-美晕-细节装饰（36+）-ROI-8.5,132475691,2025-08-05 14:22:47,0.00,0,0,0.0%,0.0,0.0,0,0.00,0.0,0,0,0.0,0,0,0.0,0,0.0,0,0.0,0,0.0,0,0.0,0,0.0,0,0.0,0,0.0,0,0.0,0,0.0,0.00,0.0,0,0,0
1983743198,直播通投托管-轻挺系列-自产-夏日必备-直播人群-ROI-8.5,被计划暂停,审核通过,通投,直播间直接支付ROI,笔记（直播组件）,685b984b000000002001ad07,5c6e75ba000000001201be11,视频笔记,直播通投托管-轻挺系列-自产-夏日必备-直播人群-ROI-8.5,132481358,2025-08-05 14:22:05,0.00,0,0,0.0%,0.0,0.0,0,0.00,0.0,0,0,0.0,0,0,0.0,0,0.0,0,0.0,0,0.0,0,0.0,0,0.0,0,0.0,0,0.0,0,0.0,0,0.0,0.00,0.0,0,0,0
1982255385,直播通投托管-救星杯-自产-纠正-细节装饰（36+）-ROI-8.5-视频,被计划暂停,审核通过,通投,直播间直接支付ROI,笔记（直播组件）,68905fe1000000002302ee3d,5c6e75ba000000001201be11,视频笔记,直播通投托管-救星杯-自产-纠正-细节装饰（36+）-ROI-8.5-视频,132437883,2025-08-05 10:49:06,0.00,0,0,0.0%,0.0,0.0,0,0.00,0.0,0,0,0.0,0,0,0.0,0,0.0,0,0.0,0,0.0,0,0.0,0,0.0,0,0.0,0,0.0,0,0.0,0,0.0,0.00,0.0,0,0,0
1982307373,直播通投托管-双层大胸-自产-夏天-细节装饰（36+）-ROI-8.5-视频,被计划暂停,审核通过,通投,直播间直接支付ROI,笔记（直播组件）,689061cc0000000023036800,5c6e75ba000000001201be11,视频笔记,直播通投托管-双层大胸-自产-夏天-细节装饰（36+）-ROI-8.5-视频,132453468,2025-08-05 10:48:36,0.00,0,0,0.0%,0.0,0.0,0,0.00,0.0,0,0,0.0,0,0,0.0,0,0.0,0,0.0,0,0.0,0,0.0,0,0.0,0,0.0,0,0.0,0,0.0,0,0.0,0.00,0.0,0,0,0
1982254378,直播通投托管-救星杯-自产-纠正-直播人群-ROI-8.5-视频,被计划暂停,审核通过,通投,直播间直接支付ROI,笔记（直播组件）,68905fe1000000002302ee3d,5c6e75ba000000001201be11,视频笔记,直播通投托管-救星杯-自产-纠正-直播人群-ROI-8.5-视频,132459236,2025-08-05 10:47:20,0.00,0,0,0.0%,0.0,0.0,0,0.00,0.0,0,0,0.0,0,0,0.0,0,0.0,0,0.0,0,0.0,0,0.0,0,0.0,0,0.0,0,0.0,0,0.0,0,0.0,0.00,0.0,0,0,0
1982199584,直播通投托管-双层大胸-自产-夏天-直播人群-ROI-8.5-视频,被计划暂停,审核通过,通投,直播间直接支付ROI,笔记（直播组件）,689061cc0000000023036800,5c6e75ba000000001201be11,视频笔记,直播通投托管-双层大胸-自产-夏天-直播人群-ROI-8.5-视频,132443370,2025-08-05 10:46:54,0.00,0,0,0.0%,0.0,0.0,0,0.00,0.0,0,0,0.0,0,0,0.0,0,0.0,0,0.0,0,0.0,0,0.0,0,0.0,0,0.0,0,0.0,0,0.0,0,0.0,0.00,0.0,0,0,0
1975973879,直播通投托管-糯糯杯&经典&星河-达人-喝奶又舔盖-服饰直播（36+）-ROI-8.4-视频,被计划暂停,审核通过,通投,直播间直接支付ROI,笔记（直播组件）,67d3b6bc000000000e00628a,5bffd88e0000000008006d81,视频笔记,直播通投托管-糯糯杯&经典&星河-达人-喝奶又舔盖-服饰直播（36+）-ROI-8.4-视频,132290300,2025-08-04 15:34:24,0.00,0,0,0.0%,0.0,0.0,0,0.00,0.0,0,0,0.0,0,0,0.0,0,0.0,0,0.0,0,0.0,0,0.0,0,0.0,0,0.0,0,0.0,0,0.0,0,0.0,0.00,0.0,0,0,0
1975972823,直播通投托管-糯糯杯&经典&星河-达人-喝奶又舔盖-时尚态度（36+）-ROI-8.4-视频,被计划暂停,审核通过,通投,直播间直接支付ROI,笔记（直播组件）,67d3b6bc000000000e00628a,5bffd88e0000000008006d81,视频笔记,直播通投托管-糯糯杯&经典&星河-达人-喝奶又舔盖-时尚态度（36+）-ROI-8.4-视频,132284524,2025-08-04 15:33:22,0.00,0,0,0.0%,0.0,0.0,0,0.00,0.0,0,0,0.0,0,0,0.0,0,0.0,0,0.0,0,0.0,0,0.0,0,0.0,0,0.0,0,0.0,0,0.0,0,0.0,0.00,0.0,0,0,0
1975867202,直播通投托管-糯糯杯大胸-自产-大胸显瘦-服饰直播（36+）-ROI-8.4,被计划暂停,审核通过,通投,直播间直接支付ROI,笔记（直播组件）,67c166ae000000000903b4ad,5c6e75ba000000001201be11,图文笔记,直播通投托管-糯糯杯大胸-自产-大胸显瘦-服饰直播（36+）-ROI-8.4,132270703,2025-08-04 15:32:21,0.00,0,0,0.0%,0.0,0.0,0,0.00,0.0,0,0,0.0,0,0,0.0,0,0.0,0,0.0,0,0.0,0,0.0,0,0.0,0,0.0,0,0.0,0,0.0,0,0.0,0.00,0.0,0,0,0
1975775065,直播通投托管-糯糯杯大胸-自产-大胸显瘦-时尚态度（36+）-ROI-8.4,被计划暂停,审核通过,通投,直播间直接支付ROI,笔记（直播组件）,67c166ae000000000903b4ad,5c6e75ba000000001201be11,图文笔记,直播通投托管-糯糯杯大胸-自产-大胸显瘦-时尚态度（36+）-ROI-8.4,132281592,2025-08-04 15:31:51,0.00,0,0,0.0%,0.0,0.0,0,0.00,0.0,0,0,0.0,0,0,0.0,0,0.0,0,0.0,0,0.0,0,0.0,0,0.0,0,0.0,0,0.0,0,0.0,0,0.0,0.00,0.0,0,0,0
1975921853,直播通投托管-经典大胸-自产-DNA-服饰直播（36+）-ROI-8.4-视频,被计划暂停,审核通过,通投,直播间直接支付ROI,笔记（直播组件）,680613b4000000001d01fafe,5c6e75ba000000001201be11,视频笔记,直播通投托管-经典大胸-自产-DNA-服饰直播（36+）-ROI-8.4-视频,132281489,2025-08-04 15:30:01,0.00,0,0,0.0%,0.0,0.0,0,0.00,0.0,0,0,0.0,0,0,0.0,0,0.0,0,0.0,0,0.0,0,0.0,0,0.0,0,0.0,0,0.0,0,0.0,0,0.0,0.00,0.0,0,0,0
1975824228,直播通投托管-经典大胸-自产-DNA-时尚态度（36+）-ROI-8.4-视频,被计划暂停,审核通过,通投,直播间直接支付ROI,笔记（直播组件）,680613b4000000001d01fafe,5c6e75ba000000001201be11,视频笔记,直播通投托管-经典大胸-自产-DNA-时尚态度（36+）-ROI-8.4-视频,132275524,2025-08-04 15:29:23,0.00,0,0,0.0%,0.0,0.0,0,0.00,0.0,0,0,0.0,0,0,0.0,0,0.0,0,0.0,0,0.0,0,0.0,0,0.0,0,0.0,0,0.0,0,0.0,0,0.0,0.00,0.0,0,0,0
1975863065,直播通投托管-轻挺系列-自产-烦恼-时尚态度（36+）-ROI-8.4-视频,被计划暂停,审核通过,通投,直播间直接支付ROI,笔记（直播组件）,6887219a000000001c0323c3,5c6e75ba000000001201be11,视频笔记,直播通投托管-轻挺系列-自产-烦恼-时尚态度（36+）-ROI-8.4-视频,132281358,2025-08-04 15:28:07,0.00,0,0,0.0%,0.0,0.0,0,0.00,0.0,0,0,0.0,0,0,0.0,0,0.0,0,0.0,0,0.0,0,0.0,0,0.0,0,0.0,0,0.0,0,0.0,0,0.0,0.00,0.0,0,0,0
1975861179,直播通投托管-轻挺系列-自产-烦恼-服饰直播（36+）-ROI-8.4-视频,被计划暂停,审核通过,通投,直播间直接支付ROI,笔记（直播组件）,6887219a000000001c0323c3,5c6e75ba000000001201be11,视频笔记,直播通投托管-轻挺系列-自产-烦恼-服饰直播（36+）-ROI-8.4-视频,132281235,2025-08-04 15:26:04,0.00,0,0,0.0%,0.0,0.0,0,0.00,0.0,0,0,0.0,0,0,0.0,0,0.0,0,0.0,0,0.0,0,0.0,0,0.0,0,0.0,0,0.0,0,0.0,0,0.0,0.00,0.0,0,0,0
1975916096,直播通投托管-经典大胸-自产-显瘦神器-直播人群-ROI-8.4,被计划暂停,审核通过,通投,直播间直接支付ROI,笔记（直播组件）,67c16251000000000d01580e,5c6e75ba000000001201be11,图文笔记,直播通投托管-经典大胸-自产-显瘦神器-直播人群-ROI-8.4,132281034,2025-08-04 15:23:14,0.00,0,0,0.0%,0.0,0.0,0,0.00,0.0,0,0,0.0,0,0,0.0,0,0.0,0,0.0,0,0.0,0,0.0,0,0.0,0,0.0,0,0.0,0,0.0,0,0.0,0.00,0.0,0,0,0
1974323827,直播通投托管-经典大胸-自产-DNA-直播人群-ROI-8.4-视频,被计划暂停,审核通过,通投,直播间直接支付ROI,笔记（直播组件）,680613b4000000001d01fafe,5c6e75ba000000001201be11,视频笔记,直播通投托管-经典大胸-自产-DNA-直播人群-ROI-8.4-视频,132204817,2025-08-04 11:06:55,0.00,0,0,0.0%,0.0,0.0,0,0.00,0.0,0,0,0.0,0,0,0.0,0,0.0,0,0.0,0,0.0,0,0.0,0,0.0,0,0.0,0,0.0,0,0.0,0,0.0,0.00,0.0,0,0,0
1958926782,直播通投托管-经典大胸-自产-秘诀-直播人群-ROI-8.2,被计划暂停,审核通过,通投,直播间直接支付ROI,笔记（直播组件）,68535e410000000023004488,5c6e75ba000000001201be11,图文笔记,直播通投托管-经典大胸-自产-秘诀-直播人群-ROI-8.2,131943015,2025-08-02 09:06:59,0.00,0,0,0.0%,0.0,0.0,0,0.00,0.0,0,0,0.0,0,0,0.0,0,0.0,0,0.0,0,0.0,0,0.0,0,0.0,0,0.0,0,0.0,0,0.0,0,0.0,0.00,0.0,0,0,0
1951004800,直播通投托管-糯糯杯大胸-自产-蕾丝焕新季-核心（36+）-ROI-8.1,被计划暂停,审核通过,通投,直播间直接支付ROI,笔记（直播组件）,688b3eee000000002302b792,5c6e75ba000000001201be11,图文笔记,直播通投托管-糯糯杯大胸-自产-蕾丝焕新季-核心（36+）-ROI-8.1,131731458,2025-08-01 09:58:51,0.00,0,0,0.0%,0.0,0.0,0,0.00,0.0,0,0,0.0,0,0,0.0,0,0.0,0,0.0,0,0.0,0,0.0,0,0.0,0,0.0,0,0.0,0,0.0,0,0.0,0.00,0.0,0,0,0
1950690945,直播通投托管-糯糯杯大胸-自产-魔法内衣-直播人群-ROI-8.1,被计划暂停,不满足审核条件,通投,直播间直接支付ROI,笔记（直播组件）,68414be50000000021001978,5c6e75ba000000001201be11,图文笔记,直播通投托管-糯糯杯大胸-自产-魔法内衣-直播人群-ROI-8.1,131736274,2025-08-01 09:49:43,0.00,0,0,0.0%,0.0,0.0,0,0.00,0.0,0,0,0.0,0,0,0.0,0,0.0,0,0.0,0,0.0,0,0.0,0,0.0,0,0.0,0,0.0,0,0.0,0,0.0,0.00,0.0,0,0,0
1934873300,直播通投托管-轻挺系列-自产-烦恼-核心（36+）-ROI-7.30-视频,被计划暂停,审核通过,通投,直播间直接支付ROI,笔记（直播组件）,6887219a000000001c0323c3,5c6e75ba000000001201be11,视频笔记,直播通投托管-轻挺系列-自产-烦恼-核心（36+）-ROI-7.30-视频,131332377,2025-07-30 10:08:42,0.00,0,0,0.0%,0.0,0.0,0,0.00,0.0,0,0,0.0,0,0,0.0,0,0.0,0,0.0,0,0.0,0,0.0,0,0.0,0,0.0,0,0.0,0,0.0,0,0.0,0.00,0.0,0,0,0
1934727714,直播通投托管-轻挺系列-自产-存在感-核心（36+）-ROI-7.30-视频,被计划暂停,审核通过,通投,直播间直接支付ROI,笔记（直播组件）,685bb1be000000001d00cae3,5c6e75ba000000001201be11,视频笔记,直播通投托管-轻挺系列-自产-存在感-核心（36+）-ROI-7.30-视频,131327642,2025-07-30 10:08:12,0.00,0,0,0.0%,0.0,0.0,0,0.00,0.0,0,0,0.0,0,0,0.0,0,0.0,0,0.0,0,0.0,0,0.0,0,0.0,0,0.0,0,0.0,0,0.0,0,0.0,0.00,0.0,0,0,0
1934722686,直播通投托管-糯糯杯&经典&星河-达人-苦茶苦茶子-直播人群-ROI-7.30-视频,被计划暂停,审核通过,通投,直播间直接支付ROI,笔记（直播组件）,67e278d5000000001b039392,60af984c000000000101fc0a,视频笔记,直播通投托管-糯糯杯&经典&星河-达人-苦茶苦茶子-直播人群-ROI-7.30-视频,131327511,2025-07-30 10:05:07,0.00,0,0,0.0%,0.0,0.0,0,0.00,0.0,0,0,0.0,0,0,0.0,0,0.0,0,0.0,0,0.0,0,0.0,0,0.0,0,0.0,0,0.0,0,0.0,0,0.0,0.00,0.0,0,0,0
1934808630,直播通投托管-糯糯杯&经典&星河-达人-喝奶又舔盖-直播人群-ROI-7.30-视频,被计划暂停,审核通过,通投,直播间直接支付ROI,笔记（直播组件）,67d3b6bc000000000e00628a,5bffd88e0000000008006d81,视频笔记,直播通投托管-糯糯杯&经典&星河-达人-喝奶又舔盖-直播人群-ROI-7.30-视频,131321639,2025-07-30 10:04:10,0.00,0,0,0.0%,0.0,0.0,0,0.00,0.0,0,0,0.0,0,0,0.0,0,0.0,0,0.0,0,0.0,0,0.0,0,0.0,0,0.0,0,0.0,0,0.0,0,0.0,0.00,0.0,0,0,0
1934616400,直播通投托管-双层大胸-自产-回不去-直播人群-ROI-7.30-视频,被计划暂停,不满足审核条件,通投,直播间直接支付ROI,笔记（直播组件）,686cbd16000000002400dc0b,5c6e75ba000000001201be11,视频笔记,直播通投托管-双层大胸-自产-回不去-直播人群-ROI-7.30-视频,131342659,2025-07-30 10:03:19,0.00,0,0,0.0%,0.0,0.0,0,0.00,0.0,0,0,0.0,0,0,0.0,0,0.0,0,0.0,0,0.0,0,0.0,0,0.0,0,0.0,0,0.0,0,0.0,0,0.0,0.00,0.0,0,0,0
1934716355,直播通投托管-轻挺系列-自产-防凸-直播人群-ROI-7.30-视频,被计划暂停,不满足审核条件,通投,直播间直接支付ROI,笔记（直播组件）,686cbb5200000000220330fb,5c6e75ba000000001201be11,视频笔记,直播通投托管-轻挺系列-自产-防凸-直播人群-ROI-7.30-视频,131337025,2025-07-30 10:02:32,0.00,0,0,0.0%,0.0,0.0,0,0.00,0.0,0,0,0.0,0,0,0.0,0,0.0,0,0.0,0,0.0,0,0.0,0,0.0,0,0.0,0,0.0,0,0.0,0,0.0,0.00,0.0,0,0,0
1934758183,直播通投托管-经典大胸-自产-木瓜-核心（36+）-ROI-7.30-视频,被计划暂停,不满足审核条件,通投,直播间直接支付ROI,笔记（直播组件）,68833ca5000000002201cfca,5c6e75ba000000001201be11,视频笔记,直播通投托管-经典大胸-自产-木瓜-核心（36+）-ROI-7.30-视频,131336974,2025-07-30 10:00:58,0.00,0,0,0.0%,0.0,0.0,0,0.00,0.0,0,0,0.0,0,0,0.0,0,0.0,0,0.0,0,0.0,0,0.0,0,0.0,0,0.0,0,0.0,0,0.0,0,0.0,0.00,0.0,0,0,0
1934754203,直播通投托管-经典大胸-自产-DNA-直播人群-ROI-7.30-视频,被计划暂停,审核通过,通投,直播间直接支付ROI,笔记（直播组件）,680613b4000000001d01fafe,5c6e75ba000000001201be11,视频笔记,直播通投托管-经典大胸-自产-DNA-直播人群-ROI-7.30-视频,131321487,2025-07-30 09:59:46,0.00,0,0,0.0%,0.0,0.0,0,0.00,0.0,0,0,0.0,0,0,0.0,0,0.0,0,0.0,0,0.0,0,0.0,0,0.0,0,0.0,0,0.0,0,0.0,0,0.0,0.00,0.0,0,0,0
1934650404,直播通投托管-经典大胸-自产-秘诀-核心（36+）-ROI-7.30,被计划暂停,审核通过,通投,直播间直接支付ROI,笔记（直播组件）,68535e410000000023004488,5c6e75ba000000001201be11,图文笔记,直播通投托管-经典大胸-自产-秘诀-核心（36+）-ROI-7.30,131342495,2025-07-30 09:58:58,0.00,0,0,0.0%,0.0,0.0,0,0.00,0.0,0,0,0.0,0,0,0.0,0,0.0,0,0.0,0,0.0,0,0.0,0,0.0,0,0.0,0,0.0,0,0.0,0,0.0,0.00,0.0,0,0,0
1921259902,直播通投托管-糯糯杯大胸-自产-大胸显瘦-细节装饰（36+）-ROI-7.28,被计划暂停,不满足审核条件,通投,直播间直接支付ROI,笔记（直播组件）,67c166ae000000000903b4ad,5c6e75ba000000001201be11,图文笔记,直播通投托管-糯糯杯大胸-自产-大胸显瘦-细节装饰（36+）-ROI-7.28,130967669,2025-07-28 16:04:51,0.00,0,0,0.0%,0.0,0.0,0,0.00,0.0,0,0,0.0,0,0,0.0,0,0.0,0,0.0,0,0.0,0,0.0,0,0.0,0,0.0,0,0.0,0,0.0,0,0.0,0.00,0.0,0,0,0
1921141056,直播通投托管-糯糯杯大胸-自产-大胸显瘦-直播人群-ROI-7.28,被计划暂停,审核通过,通投,直播间直接支付ROI,笔记（直播组件）,67c166ae000000000903b4ad,5c6e75ba000000001201be11,图文笔记,直播通投托管-糯糯杯大胸-自产-大胸显瘦-直播人群-ROI-7.28,130972913,2025-07-28 16:03:36,0.00,0,0,0.0%,0.0,0.0,0,0.00,0.0,0,0,0.0,0,0,0.0,0,0.0,0,0.0,0,0.0,0,0.0,0,0.0,0,0.0,0,0.0,0,0.0,0,0.0,0.00,0.0,0,0,0
1918961927,直播通投托管-经典大胸-自产-木瓜-直播人群-ROI-7.28-视频,被计划暂停,审核通过,通投,直播间直接支付ROI,笔记（直播组件）,68833ca5000000002201cfca,5c6e75ba000000001201be11,视频笔记,直播通投托管-经典大胸-自产-木瓜-直播人群-ROI-7.28-视频,130898287,2025-07-28 10:43:42,0.00,0,0,0.0%,0.0,0.0,0,0.00,0.0,0,0,0.0,0,0,0.0,0,0.0,0,0.0,0,0.0,0,0.0,0,0.0,0,0.0,0,0.0,0,0.0,0,0.0,0.00,0.0,0,0,0
1918664278,直播通投托管-糯糯杯大胸-自产-开挂-核心（36+）-ROI-7.28,被计划暂停,审核通过,通投,直播间直接支付ROI,笔记（直播组件）,67ebb7c0000000001b0249d3,5c6e75ba000000001201be11,图文笔记,直播通投托管-糯糯杯大胸-自产-开挂-核心（36+）-ROI-7.28,130877124,2025-07-28 10:09:29,0.00,0,0,0.0%,0.0,0.0,0,0.00,0.0,0,0,0.0,0,0,0.0,0,0.0,0,0.0,0,0.0,0,0.0,0,0.0,0,0.0,0,0.0,0,0.0,0,0.0,0.00,0.0,0,0,0
1898580012,直播通投托管-糯糯杯&星河-达人-星河慢慢-精致中产-ROI-7.25-视频,被计划暂停,审核通过,通投,直播间直接支付ROI,笔记（直播组件）,67efa546000000001c00fa51,5c8a64b20000000010006c27,视频笔记,直播通投托管-糯糯杯&星河-达人-星河慢慢-精致中产-ROI-7.25-视频,130343273,2025-07-25 14:28:52,0.00,0,0,0.0%,0.0,0.0,0,0.00,0.0,0,0,0.0,0,0,0.0,0,0.0,0,0.0,0,0.0,0,0.0,0,0.0,0,0.0,0,0.0,0,0.0,0,0.0,0.00,0.0,0,0,0
1898463460,直播通投托管-糯糯杯&星河-达人-星河慢慢-直播人群-ROI-7.25-视频,被计划暂停,审核通过,通投,直播间直接支付ROI,笔记（直播组件）,67efa546000000001c00fa51,5c8a64b20000000010006c27,视频笔记,直播通投托管-糯糯杯&星河-达人-星河慢慢-直播人群-ROI-7.25-视频,130354213,2025-07-25 14:28:20,0.00,0,0,0.0%,0.0,0.0,0,0.00,0.0,0,0,0.0,0,0,0.0,0,0.0,0,0.0,0,0.0,0,0.0,0,0.0,0,0.0,0,0.0,0,0.0,0,0.0,0.00,0.0,0,0,0
1898578939,直播通投托管-星河日系-自产-蕾丝战甲-直播人群-ROI-7.25-视频,被计划暂停,审核通过,通投,直播间直接支付ROI,笔记（直播组件）,682566f600000000210187fe,5c6e75ba000000001201be11,视频笔记,直播通投托管-星河日系-自产-蕾丝战甲-直播人群-ROI-7.25-视频,130348881,2025-07-25 14:27:35,0.00,0,0,0.0%,0.0,0.0,0,0.00,0.0,0,0,0.0,0,0,0.0,0,0.0,0,0.0,0,0.0,0,0.0,0,0.0,0,0.0,0,0.0,0,0.0,0,0.0,0.00,0.0,0,0,0
1898376562,直播通投托管-糯糯杯大胸-自产-瘦身咒-精致中产-ROI-7.25,被计划暂停,审核通过,通投,直播间直接支付ROI,笔记（直播组件）,685bc06c000000002001867a,5c6e75ba000000001201be11,视频笔记,直播通投托管-糯糯杯大胸-自产-瘦身咒-精致中产-ROI-7.25,130354142,2025-07-25 14:26:51,0.00,0,0,0.0%,0.0,0.0,0,0.00,0.0,0,0,0.0,0,0,0.0,0,0.0,0,0.0,0,0.0,0,0.0,0,0.0,0,0.0,0,0.0,0,0.0,0,0.0,0.00,0.0,0,0,0
1898518404,直播通投托管-糯糯杯大胸-自产-开挂-直播人群-ROI-7.25,被计划暂停,审核通过,通投,直播间直接支付ROI,笔记（直播组件）,67ebb7c0000000001b0249d3,5c6e75ba000000001201be11,图文笔记,直播通投托管-糯糯杯大胸-自产-开挂-直播人群-ROI-7.25,130343143,2025-07-25 14:26:05,0.00,0,0,0.0%,0.0,0.0,0,0.00,0.0,0,0,0.0,0,0,0.0,0,0.0,0,0.0,0,0.0,0,0.0,0,0.0,0,0.0,0,0.0,0,0.0,0,0.0,0.00,0.0,0,0,0
1898516856,直播通投手动-经典大胸-自产-悟了-直播人群-ROI-7.25-视频,被计划暂停,审核通过,通投,直播间直接支付ROI,笔记（直播组件）,67edeb41000000001b0240bc,5c6e75ba000000001201be11,视频笔记,直播通投手动-经典大胸-自产-悟了-直播人群-ROI-7.25-视频,130359322,2025-07-25 14:24:15,0.00,0,0,0.0%,0.0,0.0,0,0.00,0.0,0,0,0.0,0,0,0.0,0,0.0,0,0.0,0,0.0,0,0.0,0,0.0,0,0.0,0,0.0,0,0.0,0,0.0,0.00,0.0,0,0,0
1898574587,直播通投托管-经典大胸-自产-显薄显瘦-直播人群（36+）-ROI-7.25,被计划暂停,审核通过,通投,直播间直接支付ROI,笔记（直播组件）,680afd56000000001c00d6da,5c6e75ba000000001201be11,图文笔记,直播通投托管-经典大胸-自产-显薄显瘦-直播人群（36+）-ROI-7.25,130364565,2025-07-25 14:23:19,0.00,0,0,0.0%,0.0,0.0,0,0.00,0.0,0,0,0.0,0,0,0.0,0,0.0,0,0.0,0,0.0,0,0.0,0,0.0,0,0.0,0,0.0,0,0.0,0,0.0,0.00,0.0,0,0,0
1898414526,直播通投托管-糯糯杯大胸-自产-魔法内衣-直播人群-ROI-7.25,被计划暂停,审核通过,通投,直播间直接支付ROI,笔记（直播组件）,68414be50000000021001978,5c6e75ba000000001201be11,图文笔记,直播通投托管-糯糯杯大胸-自产-魔法内衣-直播人群-ROI-7.25,130342621,2025-07-25 14:17:23,0.00,0,0,0.0%,0.0,0.0,0,0.00,0.0,0,0,0.0,0,0,0.0,0,0.0,0,0.0,0,0.0,0,0.0,0,0.0,0,0.0,0,0.0,0,0.0,0,0.0,0.00,0.0,0,0,0
1898306844,直播通投托管-糯糯杯大胸-自产-开挂-核心（36+）-ROI-7.25,被计划暂停,审核通过,通投,直播间直接支付ROI,笔记（直播组件）,67ebb7c0000000001b0249d3,5c6e75ba000000001201be11,图文笔记,直播通投托管-糯糯杯大胸-自产-开挂-核心（36+）-ROI-7.25,130364205,2025-07-25 14:16:56,0.00,0,0,0.0%,0.0,0.0,0,0.00,0.0,0,0,0.0,0,0,0.0,0,0.0,0,0.0,0,0.0,0,0.0,0,0.0,0,0.0,0,0.0,0,0.0,0,0.0,0.00,0.0,0,0,0
1890209344,直播通投托管-星河系列2.0-自产-作弊器-直播人群-ROI-7.24,被计划暂停,不满足审核条件,通投,直播间直接支付ROI,笔记（直播组件）,6881cd2d000000001d00c011,5c6e75ba000000001201be11,视频笔记,直播通投托管-星河系列2.0-自产-作弊器-直播人群-ROI-7.24,130099299,2025-07-24 14:34:10,0.00,0,0,0.0%,0.0,0.0,0,0.00,0.0,0,0,0.0,0,0,0.0,0,0.0,0,0.0,0,0.0,0,0.0,0,0.0,0,0.0,0,0.0,0,0.0,0,0.0,0.00,0.0,0,0,0
1890420478,直播通投托管-星河系列2.0-自产-作弊器-精致中产-ROI-7.24,被计划暂停,不满足审核条件,通投,直播间直接支付ROI,笔记（直播组件）,6881cd2d000000001d00c011,5c6e75ba000000001201be11,视频笔记,直播通投托管-星河系列2.0-自产-作弊器-精致中产-ROI-7.24,130099270,2025-07-24 14:33:43,0.00,0,0,0.0%,0.0,0.0,0,0.00,0.0,0,0,0.0,0,0,0.0,0,0.0,0,0.0,0,0.0,0,0.0,0,0.0,0,0.0,0,0.0,0,0.0,0,0.0,0.00,0.0,0,0,0
1890363244,直播通投托管-超薄蕾丝-自产-大胸救星-直播人群-ROI-7.24,被计划暂停,审核通过,通投,直播间直接支付ROI,笔记（直播组件）,6881cbf0000000002001a9c3,5c6e75ba000000001201be11,视频笔记,直播通投托管-超薄蕾丝-自产-大胸救星-直播人群-ROI-7.24,130104797,2025-07-24 14:33:02,0.00,0,0,0.0%,0.0,0.0,0,0.00,0.0,0,0,0.0,0,0,0.0,0,0.0,0,0.0,0,0.0,0,0.0,0,0.0,0,0.0,0,0.0,0,0.0,0,0.0,0.00,0.0,0,0,0
1890205363,直播通投托管-超薄蕾丝-自产-大胸救星-精致中产-ROI-7.24,被计划暂停,审核通过,通投,直播间直接支付ROI,笔记（直播组件）,6881cbf0000000002001a9c3,5c6e75ba000000001201be11,视频笔记,直播通投托管-超薄蕾丝-自产-大胸救星-精致中产-ROI-7.24,130104730,2025-07-24 14:31:46,0.00,0,0,0.0%,0.0,0.0,0,0.00,0.0,0,0,0.0,0,0,0.0,0,0.0,0,0.0,0,0.0,0,0.0,0,0.0,0,0.0,0,0.0,0,0.0,0,0.0,0.00,0.0,0,0,0
1867944679,直播通投托管-超薄蕾丝-自产-锁死-核心（36+）-ROI-7.21-视频,被计划暂停,审核拒绝,通投,直播间直接支付ROI,笔记（直播组件）,687a1db9000000001c030fd3,5c6e75ba000000001201be11,视频笔记,直播通投托管-超薄蕾丝-自产-锁死-核心（36+）-ROI-7.21-视频,129469806,2025-07-21 18:03:36,0.00,0,0,0.0%,0.0,0.0,0,0.00,0.0,0,0,0.0,0,0,0.0,0,0.0,0,0.0,0,0.0,0,0.0,0,0.0,0,0.0,0,0.0,0,0.0,0,0.0,0.00,0.0,0,0,0
1867999845,直播通投托管-糯糯杯大胸-自产-缩胸术-核心（36+）-ROI-7.21-视频,被计划暂停,审核通过,通投,直播间直接支付ROI,笔记（直播组件）,687a1cca000000002203f44e,5c6e75ba000000001201be11,视频笔记,直播通投托管-糯糯杯大胸-自产-缩胸术-核心（36+）-ROI-7.21-视频,129469742,2025-07-21 18:02:19,0.00,0,0,0.0%,0.0,0.0,0,0.00,0.0,0,0,0.0,0,0,0.0,0,0.0,0,0.0,0,0.0,0,0.0,0,0.0,0,0.0,0,0.0,0,0.0,0,0.0,0.00,0.0,0,0,0
1866898404,直播通投托管-超薄蕾丝-自产-锁死-细节装饰（36+）-ROI-7.21-视频,被计划暂停,审核拒绝,通投,直播间直接支付ROI,笔记（直播组件）,687a1db9000000001c030fd3,5c6e75ba000000001201be11,视频笔记,直播通投托管-超薄蕾丝-自产-锁死-细节装饰（36+）-ROI-7.21-视频,129437268,2025-07-21 15:35:25,0.00,0,0,0.0%,0.0,0.0,0,0.00,0.0,0,0,0.0,0,0,0.0,0,0.0,0,0.0,0,0.0,0,0.0,0,0.0,0,0.0,0,0.0,0,0.0,0,0.0,0.00,0.0,0,0,0
1866740901,直播通投托管-糯糯杯大胸-自产-缩胸术-细节装饰（36+）-ROI-7.21-视频,被计划暂停,审核通过,通投,直播间直接支付ROI,笔记（直播组件）,687a1cca000000002203f44e,5c6e75ba000000001201be11,视频笔记,直播通投托管-糯糯杯大胸-自产-缩胸术-细节装饰（36+）-ROI-7.21-视频,129446321,2025-07-21 15:34:53,0.00,0,0,0.0%,0.0,0.0,0,0.00,0.0,0,0,0.0,0,0,0.0,0,0.0,0,0.0,0,0.0,0,0.0,0,0.0,0,0.0,0,0.0,0,0.0,0,0.0,0.00,0.0,0,0,0
1864755675,直播通投手动-经典大胸-自产-悟了-精致中产-ROI-7.21-视频,被计划暂停,审核通过,通投,直播间直接支付ROI,笔记（直播组件）,67edeb41000000001b0240bc,5c6e75ba000000001201be11,视频笔记,直播通投手动-经典大胸-自产-悟了-精致中产-ROI-7.21-视频,129360428,2025-07-21 10:04:47,0.00,0,0,0.0%,0.0,0.0,0,0.00,0.0,0,0,0.0,0,0,0.0,0,0.0,0,0.0,0,0.0,0,0.0,0,0.0,0,0.0,0,0.0,0,0.0,0,0.0,0.00,0.0,0,0,0
1864846036,直播通投托管-糯糯杯大胸-自产-魔法内衣-精致中产-ROI-7.21,被计划暂停,审核通过,通投,直播间直接支付ROI,笔记（直播组件）,68414be50000000021001978,5c6e75ba000000001201be11,图文笔记,直播通投托管-糯糯杯大胸-自产-魔法内衣-精致中产-ROI-7.21,129360414,2025-07-21 10:04:01,0.00,0,0,0.0%,0.0,0.0,0,0.00,0.0,0,0,0.0,0,0,0.0,0,0.0,0,0.0,0,0.0,0,0.0,0,0.0,0,0.0,0,0.0,0,0.0,0,0.0,0.00,0.0,0,0,0
1864636009,直播通投托管-糯糯杯大胸-自产-魔法内衣-细节装饰（36+）-ROI-7.21,被计划暂停,审核通过,通投,直播间直接支付ROI,笔记（直播组件）,68414be50000000021001978,5c6e75ba000000001201be11,图文笔记,直播通投托管-糯糯杯大胸-自产-魔法内衣-细节装饰（36+）-ROI-7.21,129369133,2025-07-21 10:03:31,0.00,0,0,0.0%,0.0,0.0,0,0.00,0.0,0,0,0.0,0,0,0.0,0,0.0,0,0.0,0,0.0,0,0.0,0,0.0,0,0.0,0,0.0,0,0.0,0,0.0,0.00,0.0,0,0,0
1864749896,直播通投托管-糯糯杯&星河-达人-星河慢慢-核心（36+）-ROI-7.21-视频,被计划暂停,审核通过,通投,直播间直接支付ROI,笔记（直播组件）,67efa546000000001c00fa51,5c8a64b20000000010006c27,视频笔记,直播通投托管-糯糯杯&星河-达人-星河慢慢-核心（36+）-ROI-7.21-视频,129374092,2025-07-21 10:02:41,0.00,0,0,0.0%,0.0,0.0,0,0.00,0.0,0,0,0.0,0,0,0.0,0,0.0,0,0.0,0,0.0,0,0.0,0,0.0,0,0.0,0,0.0,0,0.0,0,0.0,0.00,0.0,0,0,0
1864746444,直播通投托管-糯糯杯&经典&星河-达人-米米mm-核心（36+）-ROI-7.21-视频,被计划暂停,审核通过,通投,直播间直接支付ROI,笔记（直播组件）,67cff486000000000900ec3c,60728c860000000001007b8f,视频笔记,直播通投托管-糯糯杯&经典&星河-达人-米米mm-核心（36+）-ROI-7.21-视频,129369073,2025-07-21 10:01:42,0.00,0,0,0.0%,0.0,0.0,0,0.00,0.0,0,0,0.0,0,0,0.0,0,0.0,0,0.0,0,0.0,0,0.0,0,0.0,0,0.0,0,0.0,0,0.0,0,0.0,0.00,0.0,0,0,0
1864582724,直播通投托管-糯糯杯&经典&星河-达人-喝奶又舔盖-核心（36+）-ROI-7.21-视频,被计划暂停,审核通过,通投,直播间直接支付ROI,笔记（直播组件）,67d3b6bc000000000e00628a,5bffd88e0000000008006d81,视频笔记,直播通投托管-糯糯杯&经典&星河-达人-喝奶又舔盖-核心（36+）-ROI-7.21-视频,129349510,2025-07-21 10:00:03,0.00,0,0,0.0%,0.0,0.0,0,0.00,0.0,0,0,0.0,0,0,0.0,0,0.0,0,0.0,0,0.0,0,0.0,0,0.0,0,0.0,0,0.0,0,0.0,0,0.0,0.00,0.0,0,0,0
1864682067,直播通投托管-糯糯杯&经典&星河-达人-苦茶苦茶子-核心（36+）-ROI-7.21-视频,被计划暂停,审核通过,通投,直播间直接支付ROI,笔记（直播组件）,67e278d5000000001b039392,60af984c000000000101fc0a,视频笔记,直播通投托管-糯糯杯&经典&星河-达人-苦茶苦茶子-核心（36+）-ROI-7.21-视频,129369011,2025-07-21 09:59:17,0.00,0,0,0.0%,0.0,0.0,0,0.00,0.0,0,0,0.0,0,0,0.0,0,0.0,0,0.0,0,0.0,0,0.0,0,0.0,0,0.0,0,0.0,0,0.0,0,0.0,0.00,0.0,0,0,0
1864456078,直播通投托管-经典大胸-自产-天花板-核心（36+）-ROI-7.21,被计划暂停,审核通过,通投,直播间直接支付ROI,笔记（直播组件）,67f477e9000000001d03acdc,5c6e75ba000000001201be11,图文笔记,直播通投托管-经典大胸-自产-天花板-核心（36+）-ROI-7.21,129368480,2025-07-21 09:42:54,0.00,0,0,0.0%,0.0,0.0,0,0.00,0.0,0,0,0.0,0,0,0.0,0,0.0,0,0.0,0,0.0,0,0.0,0,0.0,0,0.0,0,0.0,0,0.0,0,0.0,0.00,0.0,0,0,0
1864562599,直播通投托管-双层大胸-自产-回不去-核心（36+）-ROI-7.21-视频,被计划暂停,不满足审核条件,通投,直播间直接支付ROI,笔记（直播组件）,686cbd16000000002400dc0b,5c6e75ba000000001201be11,视频笔记,直播通投托管-双层大胸-自产-回不去-核心（36+）-ROI-7.21-视频,129359772,2025-07-21 09:42:25,0.00,0,0,0.0%,0.0,0.0,0,0.00,0.0,0,0,0.0,0,0,0.0,0,0.0,0,0.0,0,0.0,0,0.0,0,0.0,0,0.0,0,0.0,0,0.0,0,0.0,0.00,0.0,0,0,0
1864661138,直播通投托管-轻挺系列-自产-拒绝将就-核心（36+）-ROI-7.21,被计划暂停,不满足审核条件,通投,直播间直接支付ROI,笔记（直播组件）,6854b16c000000002001bb34,5c6e75ba000000001201be11,图文笔记,直播通投托管-轻挺系列-自产-拒绝将就-核心（36+）-ROI-7.21,129364360,2025-07-21 09:42:00,0.00,0,0,0.0%,0.0,0.0,0,0.00,0.0,0,0,0.0,0,0,0.0,0,0.0,0,0.0,0,0.0,0,0.0,0,0.0,0,0.0,0,0.0,0,0.0,0,0.0,0.00,0.0,0,0,0
1864417575,直播通投托管-糯糯杯大胸-自产-美晕-细节装饰（36+）-ROI-7.21,被计划暂停,审核通过,通投,直播间直接支付ROI,笔记（直播组件）,67ebb578000000001e006c94,5c6e75ba000000001201be11,图文笔记,直播通投托管-糯糯杯大胸-自产-美晕-细节装饰（36+）-ROI-7.21,129343442,2025-07-21 09:41:10,0.00,0,0,0.0%,0.0,0.0,0,0.00,0.0,0,0,0.0,0,0,0.0,0,0.0,0,0.0,0,0.0,0,0.0,0,0.0,0,0.0,0,0.0,0,0.0,0,0.0,0.00,0.0,0,0,0
1864357690,直播通投托管-轻挺系列-自产-防凸-核心（36+）-ROI-7.21-视频,被计划暂停,不满足审核条件,通投,直播间直接支付ROI,笔记（直播组件）,686cbb5200000000220330fb,5c6e75ba000000001201be11,视频笔记,直播通投托管-轻挺系列-自产-防凸-核心（36+）-ROI-7.21-视频,129368409,2025-07-21 09:40:30,0.00,0,0,0.0%,0.0,0.0,0,0.00,0.0,0,0,0.0,0,0,0.0,0,0.0,0,0.0,0,0.0,0,0.0,0,0.0,0,0.0,0,0.0,0,0.0,0,0.0,0.00,0.0,0,0,0
1829464977,直播通投托管-糯糯杯-达人-长岛冰块er-核心（36+）-ROI-7.16,暂停,审核通过,通投,直播间直接支付ROI,笔记（直播组件）,67cad26a000000000602b0a4,58836af850c4b45abfac283c,图文笔记,直播通投托管-糯糯杯-达人-长岛冰块er-核心（36+）-ROI-7.16,128497048,2025-07-16 14:19:03,0.00,0,0,0.0%,0.0,0.0,0,0.00,0.0,0,0,0.0,0,0,0.0,0,0.0,0,0.0,0,0.0,0,0.0,0,0.0,0,0.0,0,0.0,0,0.0,0,0.0,0.00,0.0,0,0,0
1827681098,直播通投托管-糯糯杯大胸-自产-开挂-核心（36+）-ROI-7.16,被计划暂停,审核通过,通投,直播间直接支付ROI,笔记（直播组件）,67ebb7c0000000001b0249d3,5c6e75ba000000001201be11,图文笔记,直播通投托管-糯糯杯大胸-自产-开挂-核心（36+）-ROI-7.16,128457652,2025-07-16 09:35:49,0.00,0,0,0.0%,0.0,0.0,0,0.00,0.0,0,0,0.0,0,0,0.0,0,0.0,0,0.0,0,0.0,0,0.0,0,0.0,0,0.0,0,0.0,0,0.0,0,0.0,0.00,0.0,0,0,0
1827831981,直播通投托管-糯糯杯大胸-自产-天菜-核心（36+）-ROI-7.16,被计划暂停,审核通过,通投,直播间直接支付ROI,笔记（直播组件）,67da2993000000000b01592f,5c6e75ba000000001201be11,图文笔记,直播通投托管-糯糯杯大胸-自产-天菜-核心（36+）-ROI-7.16,128462324,2025-07-16 09:34:04,0.00,0,0,0.0%,0.0,0.0,0,0.00,0.0,0,0,0.0,0,0,0.0,0,0.0,0,0.0,0,0.0,0,0.0,0,0.0,0,0.0,0,0.0,0,0.0,0,0.0,0.00,0.0,0,0,0
1827675679,直播通投托管-糯糯杯大胸-自产-被问爆-核心（36+）-ROI-7.16,被计划暂停,审核通过,通投,直播间直接支付ROI,笔记（直播组件）,685361360000000023004f36,5c6e75ba000000001201be11,图文笔记,直播通投托管-糯糯杯大胸-自产-被问爆-核心（36+）-ROI-7.16,128462307,2025-07-16 09:33:25,0.00,0,0,0.0%,0.0,0.0,0,0.00,0.0,0,0,0.0,0,0,0.0,0,0.0,0,0.0,0,0.0,0,0.0,0,0.0,0,0.0,0,0.0,0,0.0,0,0.0,0.00,0.0,0,0,0
1827562627,直播通投托管-糯糯杯大胸-自产-穿衣自由-核心（36+）-ROI-7.16,被计划暂停,审核通过,通投,直播间直接支付ROI,笔记（直播组件）,685bb3ae000000002203c972,5c6e75ba000000001201be11,视频笔记,直播通投托管-糯糯杯大胸-自产-穿衣自由-核心（36+）-ROI-7.16,128447202,2025-07-16 09:32:30,0.00,0,0,0.0%,0.0,0.0,0,0.00,0.0,0,0,0.0,0,0,0.0,0,0.0,0,0.0,0,0.0,0,0.0,0,0.0,0,0.0,0,0.0,0,0.0,0,0.0,0.00,0.0,0,0,0
1813395209,直播通投托管-经典大胸-自产-天花板-细节装饰（36+）-ROI-7.14,被计划暂停,审核通过,通投,直播间直接支付ROI,笔记（直播组件）,67f477e9000000001d03acdc,5c6e75ba000000001201be11,图文笔记,直播通投托管-经典大胸-自产-天花板-细节装饰（36+）-ROI-7.14,128132219,2025-07-14 11:24:17,0.00,0,0,0.0%,0.0,0.0,0,0.00,0.0,0,0,0.0,0,0,0.0,0,0.0,0,0.0,0,0.0,0,0.0,0,0.0,0,0.0,0,0.0,0,0.0,0,0.0,0.00,0.0,0,0,0
1812873337,直播通投托管-经典大胸-自产-显瘦又高级-核心（36+）-ROI-7.14,被计划暂停,不满足审核条件,通投,直播间直接支付ROI,笔记（直播组件）,6854cb58000000002203e304,5c6e75ba000000001201be11,图文笔记,直播通投托管-经典大胸-自产-显瘦又高级-核心（36+）-ROI-7.14,128094858,2025-07-14 10:22:25,0.00,0,0,0.0%,0.0,0.0,0,0.00,0.0,0,0,0.0,0,0,0.0,0,0.0,0,0.0,0,0.0,0,0.0,0,0.0,0,0.0,0,0.0,0,0.0,0,0.0,0.00,0.0,0,0,0
1813021608,直播通投托管-轻挺系列-自产-拒绝将就-核心（36+）-ROI-7.14,被计划暂停,不满足审核条件,通投,直播间直接支付ROI,笔记（直播组件）,6854b16c000000002001bb34,5c6e75ba000000001201be11,图文笔记,直播通投托管-轻挺系列-自产-拒绝将就-核心（36+）-ROI-7.14,128089099,2025-07-14 10:22:02,0.00,0,0,0.0%,0.0,0.0,0,0.00,0.0,0,0,0.0,0,0,0.0,0,0.0,0,0.0,0,0.0,0,0.0,0,0.0,0,0.0,0,0.0,0,0.0,0,0.0,0.00,0.0,0,0,0
1812925558,直播通投托管-经典大胸-自产-天花板-核心（36+）-ROI-7.14,被计划暂停,审核通过,通投,直播间直接支付ROI,笔记（直播组件）,67f477e9000000001d03acdc,5c6e75ba000000001201be11,图文笔记,直播通投托管-经典大胸-自产-天花板-核心（36+）-ROI-7.14,128094825,2025-07-14 10:21:42,0.00,0,0,0.0%,0.0,0.0,0,0.00,0.0,0,0,0.0,0,0,0.0,0,0.0,0,0.0,0,0.0,0,0.0,0,0.0,0,0.0,0,0.0,0,0.0,0,0.0,0.00,0.0,0,0,0
1812946270,直播通投托管-经典大胸-自产-显薄显瘦-核心（36+）-ROI-7.14,被计划暂停,审核通过,通投,直播间直接支付ROI,笔记（直播组件）,680afd56000000001c00d6da,5c6e75ba000000001201be11,图文笔记,直播通投托管-经典大胸-自产-显薄显瘦-核心（36+）-ROI-7.14,128088504,2025-07-14 10:07:16,0.00,0,0,0.0%,0.0,0.0,0,0.00,0.0,0,0,0.0,0,0,0.0,0,0.0,0,0.0,0,0.0,0,0.0,0,0.0,0,0.0,0,0.0,0,0.0,0,0.0,0.00,0.0,0,0,0
1787878293,直播通投托管-轻挺系列-自产-防凸-品牌行为（36+）-ROI-7.10-视频,被计划暂停,审核通过,通投,直播间直接支付ROI,笔记（直播组件）,686cbb5200000000220330fb,5c6e75ba000000001201be11,视频笔记,直播通投托管-轻挺系列-自产-防凸-品牌行为（36+）-ROI-7.10-视频,127584685,2025-07-10 15:08:50,0.00,0,0,0.0%,0.0,0.0,0,0.00,0.0,0,0,0.0,0,0,0.0,0,0.0,0,0.0,0,0.0,0,0.0,0,0.0,0,0.0,0,0.0,0,0.0,0,0.0,0.00,0.0,0,0,0
1787765382,直播通投托管-轻挺系列-自产-防凸-细节装饰（36+）-ROI-7.10-视频,被计划暂停,审核通过,通投,直播间直接支付ROI,笔记（直播组件）,686cbb5200000000220330fb,5c6e75ba000000001201be11,视频笔记,直播通投托管-轻挺系列-自产-防凸-细节装饰（36+）-ROI-7.10-视频,127604118,2025-07-10 15:08:15,0.00,0,0,0.0%,0.0,0.0,0,0.00,0.0,0,0,0.0,0,0,0.0,0,0.0,0,0.0,0,0.0,0,0.0,0,0.0,0,0.0,0,0.0,0,0.0,0,0.0,0.00,0.0,0,0,0
1787763749,直播通投托管-轻挺系列-自产-拒绝将就-品牌行为（36+）-ROI-7.10,被计划暂停,不满足审核条件,通投,直播间直接支付ROI,笔记（直播组件）,6854b16c000000002001bb34,5c6e75ba000000001201be11,图文笔记,直播通投托管-轻挺系列-自产-拒绝将就-品牌行为（36+）-ROI-7.10,127578836,2025-07-10 15:05:33,0.00,0,0,0.0%,0.0,0.0,0,0.00,0.0,0,0,0.0,0,0,0.0,0,0.0,0,0.0,0,0.0,0,0.0,0,0.0,0,0.0,0,0.0,0,0.0,0,0.0,0.00,0.0,0,0,0
1787610388,直播通投托管-轻挺系列-自产-拒绝将就-细节装饰（36+）-ROI-7.10,被计划暂停,审核通过,通投,直播间直接支付ROI,笔记（直播组件）,6854b16c000000002001bb34,5c6e75ba000000001201be11,图文笔记,直播通投托管-轻挺系列-自产-拒绝将就-细节装饰（36+）-ROI-7.10,127590264,2025-07-10 15:05:08,0.00,0,0,0.0%,0.0,0.0,0,0.00,0.0,0,0,0.0,0,0,0.0,0,0.0,0,0.0,0,0.0,0,0.0,0,0.0,0,0.0,0,0.0,0,0.0,0,0.0,0.00,0.0,0,0,0
1787496992,直播通投托管-糯糯杯&经典&星河-达人-cherrybb-核心（36+）-ROI-7.10-视频,暂停,审核通过,通投,直播间直接支付ROI,笔记（直播组件）,67ed2b41000000001e00058f,55729d8afaea911a0699a19b,视频笔记,直播通投托管-糯糯杯&经典&星河-达人-赛马-核心（36+）-ROI-7.10-视频,127589623,2025-07-10 14:49:18,0.00,0,0,0.0%,0.0,0.0,0,0.00,0.0,0,0,0.0,0,0,0.0,0,0.0,0,0.0,0,0.0,0,0.0,0,0.0,0,0.0,0,0.0,0,0.0,0,0.0,0.00,0.0,0,0,0
1787496991,直播通投托管-糯糯杯&经典&星河-达人-苦茶苦茶子-核心（36+）-ROI-7.10-视频,被计划暂停,审核通过,通投,直播间直接支付ROI,笔记（直播组件）,67e278d5000000001b039392,60af984c000000000101fc0a,视频笔记,直播通投托管-糯糯杯&经典&星河-达人-赛马-核心（36+）-ROI-7.10-视频,127589623,2025-07-10 14:49:18,0.00,0,0,0.0%,0.0,0.0,0,0.00,0.0,0,0,0.0,0,0,0.0,0,0.0,0,0.0,0,0.0,0,0.0,0,0.0,0,0.0,0,0.0,0,0.0,0,0.0,0.00,0.0,0,0,0
1787496990,直播通投托管-糯糯杯&经典&星河-达人-naranja橙-核心（36+）-ROI-7.10-视频,暂停,审核通过,通投,直播间直接支付ROI,笔记（直播组件）,67dbf978000000001b025fbd,5edf95990000000001007f68,视频笔记,直播通投托管-糯糯杯&经典&星河-达人-赛马-核心（36+）-ROI-7.10-视频,127589623,2025-07-10 14:49:18,0.00,0,0,0.0%,0.0,0.0,0,0.00,0.0,0,0,0.0,0,0,0.0,0,0.0,0,0.0,0,0.0,0,0.0,0,0.0,0,0.0,0,0.0,0,0.0,0,0.0,0.00,0.0,0,0,0
1787496989,直播通投托管-糯糯杯&经典&星河-达人-喝奶又舔盖-核心（36+）-ROI-7.10-视频,被计划暂停,审核通过,通投,直播间直接支付ROI,笔记（直播组件）,67d3b6bc000000000e00628a,5bffd88e0000000008006d81,视频笔记,直播通投托管-糯糯杯&经典&星河-达人-赛马-核心（36+）-ROI-7.10-视频,127589623,2025-07-10 14:49:18,0.00,0,0,0.0%,0.0,0.0,0,0.00,0.0,0,0,0.0,0,0,0.0,0,0.0,0,0.0,0,0.0,0,0.0,0,0.0,0,0.0,0,0.0,0,0.0,0,0.0,0.00,0.0,0,0,0
1787496988,直播通投托管-糯糯杯&经典&星河-达人-米米mm-核心（36+）-ROI-7.10-视频,被计划暂停,审核通过,通投,直播间直接支付ROI,笔记（直播组件）,67cff486000000000900ec3c,60728c860000000001007b8f,视频笔记,直播通投托管-糯糯杯&经典&星河-达人-赛马-核心（36+）-ROI-7.10-视频,127589623,2025-07-10 14:49:18,0.00,0,0,0.0%,0.0,0.0,0,0.00,0.0,0,0,0.0,0,0,0.0,0,0.0,0,0.0,0,0.0,0,0.0,0,0.0,0,0.0,0,0.0,0,0.0,0,0.0,0.00,0.0,0,0,0
1787552946,直播通投托管-糯糯杯&星河-达人-星河慢慢-核心（36+）-ROI-7.10-视频,被计划暂停,审核通过,通投,直播间直接支付ROI,笔记（直播组件）,67efa546000000001c00fa51,5c8a64b20000000010006c27,视频笔记,直播通投托管-糯糯杯&星河-达人-赛马-核心（36+）-ROI-7.10-视频,127589501,2025-07-10 14:46:21,0.00,0,0,0.0%,0.0,0.0,0,0.00,0.0,0,0,0.0,0,0,0.0,0,0.0,0,0.0,0,0.0,0,0.0,0,0.0,0,0.0,0,0.0,0,0.0,0,0.0,0.00,0.0,0,0,0
1787552945,直播通投托管-糯糯杯&星河-达人-雪姐姐-核心（36+）-ROI-7.10-视频,暂停,审核拒绝,通投,直播间直接支付ROI,笔记（直播组件）,67d2db91000000001b02616d,5790669aa9b2ed5dddad8a07,视频笔记,直播通投托管-糯糯杯&星河-达人-赛马-核心（36+）-ROI-7.10-视频,127589501,2025-07-10 14:46:21,0.00,0,0,0.0%,0.0,0.0,0,0.00,0.0,0,0,0.0,0,0,0.0,0,0.0,0,0.0,0,0.0,0,0.0,0,0.0,0,0.0,0,0.0,0,0.0,0,0.0,0.00,0.0,0,0,0
1787434945,直播通投托管-星河&经典-达人-艾-核心（36+）-ROI-7.10-视频,暂停,审核通过,通投,直播间直接支付ROI,笔记（直播组件）,67ceaea3000000002900eadf,5989ed4150c4b4184044c58c,视频笔记,直播通投托管-星河&经典-达人-艾-核心（36+）-ROI-7.10-视频,127594313,2025-07-10 14:41:15,0.00,0,0,0.0%,0.0,0.0,0,0.00,0.0,0,0,0.0,0,0,0.0,0,0.0,0,0.0,0,0.0,0,0.0,0,0.0,0,0.0,0,0.0,0,0.0,0,0.0,0.00,0.0,0,0,0
1787484714,直播通投托管-星河系列-达人-Hhhyr_-核心（36+）-ROI-7.10,暂停,审核通过,通投,直播间直接支付ROI,笔记（直播组件）,67d23505000000001b027168,5a05bab44eacab678b325d7f,图文笔记,直播通投托管-星河系列-达人-Hhhyr_-核心（36+）-ROI-7.10,127583429,2025-07-10 14:37:53,0.00,0,0,0.0%,0.0,0.0,0,0.00,0.0,0,0,0.0,0,0,0.0,0,0.0,0,0.0,0,0.0,0,0.0,0,0.0,0,0.0,0,0.0,0,0.0,0,0.0,0.00,0.0,0,0,0
1787635612,直播通投托管-糯糯杯-达人-长岛冰块er-核心（36+）-ROI-7.10,暂停,审核通过,通投,直播间直接支付ROI,笔记（直播组件）,67cad26a000000000602b0a4,58836af850c4b45abfac283c,图文笔记,直播通投托管-糯糯杯-达人-长岛冰块er-核心（36+）-ROI-7.10,127086498,2025-07-10 14:34:07,0.00,0,0,0.0%,0.0,0.0,0,0.00,0.0,0,0,0.0,0,0,0.0,0,0.0,0,0.0,0,0.0,0,0.0,0,0.0,0,0.0,0,0.0,0,0.0,0,0.0,0.00,0.0,0,0,0
1787681196,直播通投托管-星河日系-自产-蕾丝战甲-核心（36+）-ROI-7.10-视频,被计划暂停,审核通过,通投,直播间直接支付ROI,笔记（直播组件）,682566f600000000210187fe,5c6e75ba000000001201be11,视频笔记,直播通投托管-星河日系-自产-蕾丝战甲-核心（36+）-ROI-7.10-视频,127572491,2025-07-10 14:28:04,0.00,0,0,0.0%,0.0,0.0,0,0.00,0.0,0,0,0.0,0,0,0.0,0,0.0,0,0.0,0,0.0,0,0.0,0,0.0,0,0.0,0,0.0,0,0.0,0,0.0,0.00,0.0,0,0,0
1787476084,直播通投托管-糯糯杯大胸-自产-开挂-核心（36+）-ROI-7.10-视频,被计划暂停,审核通过,通投,直播间直接支付ROI,笔记（直播组件）,67ebb7c0000000001b0249d3,5c6e75ba000000001201be11,图文笔记,直播通投托管-糯糯杯大胸-自产-开挂-核心（36+）-ROI-7.10-视频,127588756,2025-07-10 14:27:20,0.00,0,0,0.0%,0.0,0.0,0,0.00,0.0,0,0,0.0,0,0,0.0,0,0.0,0,0.0,0,0.0,0,0.0,0,0.0,0,0.0,0,0.0,0,0.0,0,0.0,0.00,0.0,0,0,0
1778797746,直播通投托管-双层大胸-自产-回不去-核心（36+）-ROI-7.9-视频,被计划暂停,审核通过,通投,直播间直接支付ROI,笔记（直播组件）,686cbd16000000002400dc0b,5c6e75ba000000001201be11,视频笔记,直播通投托管-双层大胸-自产-回不去-核心（36+）-ROI-7.9-视频,127369476,2025-07-09 09:43:38,0.00,0,0,0.0%,0.0,0.0,0,0.00,0.0,0,0,0.0,0,0,0.0,0,0.0,0,0.0,0,0.0,0,0.0,0,0.0,0,0.0,0,0.0,0,0.0,0,0.0,0.00,0.0,0,0,0
1778909665,直播通投托管-轻挺系列-自产-防凸-核心（36+）-ROI-7.9-视频,被计划暂停,审核通过,通投,直播间直接支付ROI,笔记（直播组件）,686cbb5200000000220330fb,5c6e75ba000000001201be11,视频笔记,直播通投托管-轻挺系列-自产-防凸-核心（36+）-ROI-7.9-视频,127375171,2025-07-09 09:43:11,0.00,0,0,0.0%,0.0,0.0,0,0.00,0.0,0,0,0.0,0,0,0.0,0,0.0,0,0.0,0,0.0,0,0.0,0,0.0,0,0.0,0,0.0,0,0.0,0,0.0,0.00,0.0,0,0,0
1767871784,直播通投托管-经典大胸-自产-显瘦神器-核心（36+）-ROI-7.8,被计划暂停,审核通过,通投,直播间直接支付ROI,笔记（直播组件）,67c16251000000000d01580e,5c6e75ba000000001201be11,图文笔记,直播通投托管-经典大胸-自产-显瘦神器-核心（36+）-ROI-7.8,127231369,2025-07-08 09:46:17,0.00,0,0,0.0%,0.0,0.0,0,0.00,0.0,0,0,0.0,0,0,0.0,0,0.0,0,0.0,0,0.0,0,0.0,0,0.0,0,0.0,0,0.0,0,0.0,0,0.0,0.00,0.0,0,0,0
1768076270,直播通投托管-经典大胸-自产-DNA-直播人群-ROI-7.8-视频,被计划暂停,审核通过,通投,直播间直接支付ROI,笔记（直播组件）,680613b4000000001d01fafe,5c6e75ba000000001201be11,视频笔记,直播通投托管-经典大胸-自产-DNA-直播人群-ROI-7.8-视频,127236339,2025-07-08 09:44:48,0.00,0,0,0.0%,0.0,0.0,0,0.00,0.0,0,0,0.0,0,0,0.0,0,0.0,0,0.0,0,0.0,0,0.0,0,0.0,0,0.0,0,0.0,0,0.0,0,0.0,0.00,0.0,0,0,0
1767870916,直播通投托管-经典大胸-自产-秘诀-直播人群-ROI-7.8,被计划暂停,审核通过,通投,直播间直接支付ROI,笔记（直播组件）,68535e410000000023004488,5c6e75ba000000001201be11,图文笔记,直播通投托管-经典大胸-自产-秘诀-直播人群-ROI-7.8,127231311,2025-07-08 09:44:04,0.00,0,0,0.0%,0.0,0.0,0,0.00,0.0,0,0,0.0,0,0,0.0,0,0.0,0,0.0,0,0.0,0,0.0,0,0.0,0,0.0,0,0.0,0,0.0,0,0.0,0.00,0.0,0,0,0
1767780463,直播通投托管-测线美-自产-侧颜-系统（36+）-ROI-7.8,被计划暂停,审核通过,通投,直播间直接支付ROI,笔记（直播组件）,6811ea2d000000002100bec3,5c6e75ba000000001201be11,图文笔记,直播通投托管-测线美-自产-侧颜-系统（36+）-ROI-7.8,127244857,2025-07-08 09:22:25,0.00,0,0,0.0%,0.0,0.0,0,0.00,0.0,0,0,0.0,0,0,0.0,0,0.0,0,0.0,0,0.0,0,0.0,0,0.0,0,0.0,0,0.0,0,0.0,0,0.0,0.00,0.0,0,0,0
1767838652,直播通投托管-轻挺系列-自产-夏日必备-核心（36+）-ROI-7.8,被计划暂停,审核通过,通投,直播间直接支付ROI,笔记（直播组件）,685b984b000000002001ad07,5c6e75ba000000001201be11,视频笔记,直播通投托管-轻挺系列-自产-夏日必备-核心（36+）-ROI-7.8,127230855,2025-07-08 09:21:19,0.00,0,0,0.0%,0.0,0.0,0,0.00,0.0,0,0,0.0,0,0,0.0,0,0.0,0,0.0,0,0.0,0,0.0,0,0.0,0,0.0,0,0.0,0,0.0,0,0.0,0.00,0.0,0,0,0
1760781500,直播通投托管-糯糯杯小胸-自产-妈生感-核心（36+）-ROI-7.7,被计划暂停,审核通过,通投,直播间直接支付ROI,笔记（直播组件）,67e9f780000000001c0030da,5c6e75ba000000001201be11,视频笔记,直播通投托管-糯糯杯小胸-自产-妈生感-核心（36+）-ROI-7.7,127075133,2025-07-07 09:42:00,0.00,0,0,0.0%,0.0,0.0,0,0.00,0.0,0,0,0.0,0,0,0.0,0,0.0,0,0.0,0,0.0,0,0.0,0,0.0,0,0.0,0,0.0,0,0.0,0,0.0,0.00,0.0,0,0,0
1760732101,直播通投托管-星河系列2.0-自产-圆润-核心（36+）-ROI-7.7,被计划暂停,审核通过,通投,直播间直接支付ROI,笔记（直播组件）,67ff6440000000001c00053b,5c6e75ba000000001201be11,图文笔记,直播通投托管-星河系列2.0-自产-圆润-核心（36+）-ROI-7.7,127075108,2025-07-07 09:41:11,0.00,0,0,0.0%,0.0,0.0,0,0.00,0.0,0,0,0.0,0,0,0.0,0,0.0,0,0.0,0,0.0,0,0.0,0,0.0,0,0.0,0,0.0,0,0.0,0,0.0,0.00,0.0,0,0,0
1760618109,直播通投托管-糯糯杯大胸-自产-被问爆-核心（36+）-ROI-7.7,被计划暂停,审核通过,通投,直播间直接支付ROI,笔记（直播组件）,685361360000000023004f36,5c6e75ba000000001201be11,图文笔记,直播通投托管-糯糯杯大胸-自产-被问爆-核心（36+）-ROI-7.7,127096143,2025-07-07 09:31:24,0.00,0,0,0.0%,0.0,0.0,0,0.00,0.0,0,0,0.0,0,0,0.0,0,0.0,0,0.0,0,0.0,0,0.0,0,0.0,0,0.0,0,0.0,0,0.0,0,0.0,0.00,0.0,0,0,0
1760673672,直播通投托管-糯糯杯大胸-自产-貌美-核心（36+）-ROI-7.7,被计划暂停,审核通过,通投,直播间直接支付ROI,笔记（直播组件）,6841471c000000002102f679,5c6e75ba000000001201be11,视频笔记,直播通投托管-糯糯杯大胸-自产-貌美-核心（36+）-ROI-7.7,127080485,2025-07-07 09:29:39,0.00,0,0,0.0%,0.0,0.0,0,0.00,0.0,0,0,0.0,0,0,0.0,0,0.0,0,0.0,0,0.0,0,0.0,0,0.0,0,0.0,0,0.0,0,0.0,0,0.0,0.00,0.0,0,0,0
1760614943,直播通投托管-经典大胸-自产-天花板-核心（36+）-ROI-7.7,被计划暂停,审核通过,通投,直播间直接支付ROI,笔记（直播组件）,67f477e9000000001d03acdc,5c6e75ba000000001201be11,图文笔记,直播通投托管-经典大胸-自产-天花板-核心（36+）-ROI-7.7,127091061,2025-07-07 09:26:34,0.00,0,0,0.0%,0.0,0.0,0,0.00,0.0,0,0,0.0,0,0,0.0,0,0.0,0,0.0,0,0.0,0,0.0,0,0.0,0,0.0,0,0.0,0,0.0,0,0.0,0.00,0.0,0,0,0
1760718300,直播通投托管-糯糯杯大胸-自产-穿衣自由-核心（36+）-ROI-7.7,被计划暂停,审核通过,通投,直播间直接支付ROI,笔记（直播组件）,685bb3ae000000002203c972,5c6e75ba000000001201be11,视频笔记,直播通投托管-糯糯杯大胸-自产-穿衣自由-核心（36+）-ROI-7.7,127091050,2025-07-07 09:26:00,0.00,0,0,0.0%,0.0,0.0,0,0.00,0.0,0,0,0.0,0,0,0.0,0,0.0,0,0.0,0,0.0,0,0.0,0,0.0,0,0.0,0,0.0,0,0.0,0,0.0,0.00,0.0,0,0,0
1760614496,直播通投托管-糯糯杯大胸-自产-天菜-核心（36+）-ROI-7.7,被计划暂停,不满足审核条件,通投,直播间直接支付ROI,笔记（直播组件）,67da2993000000000b01592f,5c6e75ba000000001201be11,图文笔记,直播通投托管-糯糯杯大胸-自产-天菜-核心（36+）-ROI-7.7,127091040,2025-07-07 09:25:18,0.00,0,0,0.0%,0.0,0.0,0,0.00,0.0,0,0,0.0,0,0,0.0,0,0.0,0,0.0,0,0.0,0,0.0,0,0.0,0,0.0,0,0.0,0,0.0,0,0.0,0.00,0.0,0,0,0
1760767125,直播通投托管-轻挺系列-自产-拒绝将就-核心（36+）-ROI-7.7,被计划暂停,审核通过,通投,直播间直接支付ROI,笔记（直播组件）,6854b16c000000002001bb34,5c6e75ba000000001201be11,图文笔记,直播通投托管-轻挺系列-自产-拒绝将就-核心（36+）-ROI-7.7,127091032,2025-07-07 09:24:50,0.00,0,0,0.0%,0.0,0.0,0,0.00,0.0,0,0,0.0,0,0,0.0,0,0.0,0,0.0,0,0.0,0,0.0,0,0.0,0,0.0,0,0.0,0,0.0,0,0.0,0.00,0.0,0,0,0
1730925453,直播通投托管-糯糯杯大胸-自产-救命内衣-核心（36+）-ROI-7.4-视频,被计划暂停,审核通过,通投,直播间直接支付ROI,笔记（直播组件）,686643d4000000002201f8a5,5c6e75ba000000001201be11,视频笔记,直播通投托管-糯糯杯大胸-自产-救命内衣-核心（36+）-ROI-7.4-视频,126790357,2025-07-04 10:49:52,0.00,0,0,0.0%,0.0,0.0,0,0.00,0.0,0,0,0.0,0,0,0.0,0,0.0,0,0.0,0,0.0,0,0.0,0,0.0,0,0.0,0,0.0,0,0.0,0,0.0,0.00,0.0,0,0,0
1730981478,直播通投托管-经典大胸-自产-冰箱-核心（36+）-ROI-7.4-视频,被计划暂停,不满足审核条件,通投,直播间直接支付ROI,笔记（直播组件）,686641a20000000022032ce7,5c6e75ba000000001201be11,视频笔记,直播通投托管-经典大胸-自产-冰箱-核心（36+）-ROI-7.4-视频,126795264,2025-07-04 10:48:36,0.00,0,0,0.0%,0.0,0.0,0,0.00,0.0,0,0,0.0,0,0,0.0,0,0.0,0,0.0,0,0.0,0,0.0,0,0.0,0,0.0,0,0.0,0,0.0,0,0.0,0.00,0.0,0,0,0
1729816097,直播通投托管-经典大胸-自产-DNA-店铺人群-ROI-7.4-视频,被计划暂停,审核通过,通投,直播间直接支付ROI,笔记（直播组件）,680613b4000000001d01fafe,5c6e75ba000000001201be11,视频笔记,直播通投托管-经典大胸-自产-DNA-店铺人群-ROI-7.4-视频,126766407,2025-07-04 09:42:41,0.00,0,0,0.0%,0.0,0.0,0,0.00,0.0,0,0,0.0,0,0,0.0,0,0.0,0,0.0,0,0.0,0,0.0,0,0.0,0,0.0,0,0.0,0,0.0,0,0.0,0.00,0.0,0,0,0
1730104650,直播通投托管-经典大胸-自产-DNA-内衣行业（36+）-ROI-7.4-视频,被计划暂停,审核通过,通投,直播间直接支付ROI,笔记（直播组件）,680613b4000000001d01fafe,5c6e75ba000000001201be11,视频笔记,直播通投托管-经典大胸-自产-DNA-内衣行业（36+）-ROI-7.4-视频,126757604,2025-07-04 09:42:05,0.00,0,0,0.0%,0.0,0.0,0,0.00,0.0,0,0,0.0,0,0,0.0,0,0.0,0,0.0,0,0.0,0,0.0,0,0.0,0,0.0,0,0.0,0,0.0,0,0.0,0.00,0.0,0,0,0
1729932762,直播通投托管-经典大胸-自产-显瘦又高级-核心（36+）-ROI-7.4-视频,被计划暂停,审核通过,通投,直播间直接支付ROI,笔记（直播组件）,6854cb58000000002203e304,5c6e75ba000000001201be11,图文笔记,直播通投托管-经典大胸-自产-DNA-核心（36+）-ROI-7.4-视频,126762561,2025-07-04 09:41:31,0.00,0,0,0.0%,0.0,0.0,0,0.00,0.0,0,0,0.0,0,0,0.0,0,0.0,0,0.0,0,0.0,0,0.0,0,0.0,0,0.0,0,0.0,0,0.0,0,0.0,0.00,0.0,0,0,0
1729813836,直播通投托管-经典大胸-自产-DNA-价格囤货（36+）-ROI-7.4-视频,被计划暂停,审核通过,通投,直播间直接支付ROI,笔记（直播组件）,680613b4000000001d01fafe,5c6e75ba000000001201be11,视频笔记,直播通投托管-经典大胸-自产-DNA-价格囤货（36+）-ROI-7.4-视频,126782208,2025-07-04 09:40:33,0.00,0,0,0.0%,0.0,0.0,0,0.00,0.0,0,0,0.0,0,0,0.0,0,0.0,0,0.0,0,0.0,0,0.0,0,0.0,0,0.0,0,0.0,0,0.0,0,0.0,0.00,0.0,0,0,0
1730162167,直播通投托管-经典大胸-自产-天花板-店铺人群-ROI-7.4,被计划暂停,不满足审核条件,通投,直播间直接支付ROI,笔记（直播组件）,67f477e9000000001d03acdc,5c6e75ba000000001201be11,图文笔记,直播通投托管-经典大胸-自产-天花板-店铺人群-ROI-7.4,126757517,2025-07-04 09:39:58,0.00,0,0,0.0%,0.0,0.0,0,0.00,0.0,0,0,0.0,0,0,0.0,0,0.0,0,0.0,0,0.0,0,0.0,0,0.0,0,0.0,0,0.0,0,0.0,0,0.0,0.00,0.0,0,0,0
1730101940,直播通投托管-经典大胸-自产-天花板-内衣行业（36+）-ROI-7.4,被计划暂停,审核通过,通投,直播间直接支付ROI,笔记（直播组件）,67f477e9000000001d03acdc,5c6e75ba000000001201be11,图文笔记,直播通投托管-经典大胸-自产-天花板-内衣行业（36+）-ROI-7.4,126782158,2025-07-04 09:39:13,0.00,0,0,0.0%,0.0,0.0,0,0.00,0.0,0,0,0.0,0,0,0.0,0,0.0,0,0.0,0,0.0,0,0.0,0,0.0,0,0.0,0,0.0,0,0.0,0,0.0,0.00,0.0,0,0,0
1730161069,直播通投托管-经典大胸-自产-天花板-细节装饰（36+）-ROI-7.4,被计划暂停,审核通过,通投,直播间直接支付ROI,笔记（直播组件）,67f477e9000000001d03acdc,5c6e75ba000000001201be11,图文笔记,直播通投托管-经典大胸-自产-天花板-细节装饰（36+）-ROI-7.4,126762448,2025-07-04 09:38:17,0.00,0,0,0.0%,0.0,0.0,0,0.00,0.0,0,0,0.0,0,0,0.0,0,0.0,0,0.0,0,0.0,0,0.0,0,0.0,0,0.0,0,0.0,0,0.0,0,0.0,0.00,0.0,0,0,0
1730208177,直播通投托管-经典大胸-自产-天花板-直播人群-ROI-7.4,被计划暂停,不满足审核条件,通投,直播间直接支付ROI,笔记（直播组件）,67f477e9000000001d03acdc,5c6e75ba000000001201be11,图文笔记,直播通投托管-经典大胸-自产-天花板-直播人群-ROI-7.4,126762429,2025-07-04 09:37:48,0.00,0,0,0.0%,0.0,0.0,0,0.00,0.0,0,0,0.0,0,0,0.0,0,0.0,0,0.0,0,0.0,0,0.0,0,0.0,0,0.0,0,0.0,0,0.0,0,0.0,0.00,0.0,0,0,0
1730207729,直播通投托管-经典大胸-自产-显瘦神器-细节装饰（36+）-ROI-7.4,被计划暂停,审核通过,通投,直播间直接支付ROI,笔记（直播组件）,67c16251000000000d01580e,5c6e75ba000000001201be11,图文笔记,直播通投托管-经典大胸-自产-显瘦神器-细节装饰（36+）-ROI-7.4,126762413,2025-07-04 09:37:11,0.00,0,0,0.0%,0.0,0.0,0,0.00,0.0,0,0,0.0,0,0,0.0,0,0.0,0,0.0,0,0.0,0,0.0,0,0.0,0,0.0,0,0.0,0,0.0,0,0.0,0.00,0.0,0,0,0
1730207051,直播通投托管-经典大胸-自产-显瘦神器-直播人群-ROI-7.4,被计划暂停,审核通过,通投,直播间直接支付ROI,笔记（直播组件）,67c16251000000000d01580e,5c6e75ba000000001201be11,图文笔记,直播通投托管-经典大胸-自产-显瘦神器-直播人群-ROI-7.4,126762398,2025-07-04 09:36:31,0.00,0,0,0.0%,0.0,0.0,0,0.00,0.0,0,0,0.0,0,0,0.0,0,0.0,0,0.0,0,0.0,0,0.0,0,0.0,0,0.0,0,0.0,0,0.0,0,0.0,0.00,0.0,0,0,0
1721007953,直播通投托管-星河日系-自产-蕾丝战甲-精致中产-ROI-7.3-视频,被计划暂停,不满足审核条件,通投,直播间直接支付ROI,笔记（直播组件）,682566f600000000210187fe,5c6e75ba000000001201be11,视频笔记,直播通投托管-星河日系-自产-蕾丝战甲-精致中产-ROI-7.3-视频,126606901,2025-07-03 09:45:34,0.00,0,0,0.0%,0.0,0.0,0,0.00,0.0,0,0,0.0,0,0,0.0,0,0.0,0,0.0,0,0.0,0,0.0,0,0.0,0,0.0,0,0.0,0,0.0,0,0.0,0.00,0.0,0,0,0
1721033408,直播通投托管-糯糯杯大胸-自产-被问爆-直播人群（36+）-ROI-7.3,被计划暂停,审核通过,通投,直播间直接支付ROI,笔记（直播组件）,685361360000000023004f36,5c6e75ba000000001201be11,图文笔记,直播通投托管-糯糯杯大胸-自产-被问爆-直播人群（36+）-ROI-7.3,126617569,2025-07-03 09:45:06,0.00,0,0,0.0%,0.0,0.0,0,0.00,0.0,0,0,0.0,0,0,0.0,0,0.0,0,0.0,0,0.0,0,0.0,0,0.0,0,0.0,0,0.0,0,0.0,0,0.0,0.00,0.0,0,0,0
1721089522,直播通投托管-经典大胸-自产-显薄显瘦-直播人群（36+）-ROI-7.3,被计划暂停,不满足审核条件,通投,直播间直接支付ROI,笔记（直播组件）,680afd56000000001c00d6da,5c6e75ba000000001201be11,图文笔记,直播通投托管-经典大胸-自产-显薄显瘦-直播人群（36+）-ROI-7.3,126612208,2025-07-03 09:44:14,0.00,0,0,0.0%,0.0,0.0,0,0.00,0.0,0,0,0.0,0,0,0.0,0,0.0,0,0.0,0,0.0,0,0.0,0,0.0,0,0.0,0,0.0,0,0.0,0,0.0,0.00,0.0,0,0,0
1720776274,直播通投托管-双层大胸-自产-大胸必臃肿-核心（36+）-ROI-7.3,被计划暂停,审核通过,通投,直播间直接支付ROI,笔记（直播组件）,68649afc000000002400dd0a,5c6e75ba000000001201be11,图文笔记,直播通投托管-双层大胸-自产-大胸必臃肿-核心（36+）-ROI-7.3,126617240,2025-07-03 09:34:08,0.00,0,0,0.0%,0.0,0.0,0,0.00,0.0,0,0,0.0,0,0,0.0,0,0.0,0,0.0,0,0.0,0,0.0,0,0.0,0,0.0,0,0.0,0,0.0,0,0.0,0.00,0.0,0,0,0
1720716972,直播通投手动-双层大胸-自产-大胸必臃肿-精致中产-ROI-7.3,被计划暂停,审核通过,通投,直播间直接支付ROI,笔记（直播组件）,68649afc000000002400dd0a,5c6e75ba000000001201be11,图文笔记,直播通投手动-双层大胸-自产-大胸必臃肿-精致中产-ROI-7.3,126606537,2025-07-03 09:33:17,0.00,0,0,0.0%,0.0,0.0,0,0.00,0.0,0,0,0.0,0,0,0.0,0,0.0,0,0.0,0,0.0,0,0.0,0,0.0,0,0.0,0,0.0,0,0.0,0,0.0,0.00,0.0,0,0,0
1715877271,直播通投托管-经典大胸-自产-好绝-系统-ROI-7.2,被计划暂停,审核通过,通投,直播间直接支付ROI,笔记（直播组件）,67d15eac000000000900dd39,5c6e75ba000000001201be11,图文笔记,直播通投托管-经典大胸-自产-好绝-系统-ROI-7.2,126493439,2025-07-02 13:58:37,0.00,0,0,0.0%,0.0,0.0,0,0.00,0.0,0,0,0.0,0,0,0.0,0,0.0,0,0.0,0,0.0,0,0.0,0,0.0,0,0.0,0,0.0,0,0.0,0,0.0,0.00,0.0,0,0,0
1704303911,直播通投手动-糯糯杯小胸-自产-膨胀术-直播人群-ROI-6.30,被计划暂停,审核通过,通投,直播间直接支付ROI,笔记（直播组件）,67f5093e000000001c00bb0a,5c6e75ba000000001201be11,图文笔记,直播通投手动-糯糯杯小胸-自产-膨胀术-直播人群-ROI-6.30,126244980,2025-06-30 17:12:33,0.00,0,0,0.0%,0.0,0.0,0,0.00,0.0,0,0,0.0,0,0,0.0,0,0.0,0,0.0,0,0.0,0,0.0,0,0.0,0,0.0,0,0.0,0,0.0,0,0.0,0.00,0.0,0,0,0
1688507612,直播通投托管-糯糯杯大胸-自产-瘦身咒-直播人群-ROI-6.27,被计划暂停,审核通过,通投,直播间直接支付ROI,笔记（直播组件）,685bc06c000000002001867a,5c6e75ba000000001201be11,视频笔记,直播通投托管-糯糯杯大胸-自产-瘦身咒-直播人群-ROI-6.27,125948256,2025-06-27 19:10:13,0.00,0,0,0.0%,0.0,0.0,0,0.00,0.0,0,0,0.0,0,0,0.0,0,0.0,0,0.0,0,0.0,0,0.0,0,0.0,0,0.0,0,0.0,0,0.0,0,0.0,0.00,0.0,0,0,0
1688507179,直播通投托管-糯糯杯大胸-自产-穿衣自由-直播人群-ROI-6.27,被计划暂停,不满足审核条件,通投,直播间直接支付ROI,笔记（直播组件）,685bb3ae000000002203c972,5c6e75ba000000001201be11,视频笔记,直播通投托管-糯糯杯大胸-自产-穿衣自由-直播人群-ROI-6.27,125936446,2025-06-27 19:08:53,0.00,0,0,0.0%,0.0,0.0,0,0.00,0.0,0,0,0.0,0,0,0.0,0,0.0,0,0.0,0,0.0,0,0.0,0,0.0,0,0.0,0,0.0,0,0.0,0,0.0,0.00,0.0,0,0,0
1688506985,直播通投托管-轻挺系列-自产-夏日必备-直播人群-ROI-6.27,被计划暂停,审核通过,通投,直播间直接支付ROI,笔记（直播组件）,685b984b000000002001ad07,5c6e75ba000000001201be11,视频笔记,直播通投托管-轻挺系列-自产-夏日必备-直播人群-ROI-6.27,125928621,2025-06-27 19:08:24,0.00,0,0,0.0%,0.0,0.0,0,0.00,0.0,0,0,0.0,0,0,0.0,0,0.0,0,0.0,0,0.0,0,0.0,0,0.0,0,0.0,0,0.0,0,0.0,0,0.0,0.00,0.0,0,0,0
1672448265,直播通投托管-星河系列2.0-自产-圆润-核心（36+）-ROI-6.25,被计划暂停,审核通过,通投,直播间直接支付ROI,笔记（直播组件）,67ff6440000000001c00053b,5c6e75ba000000001201be11,图文笔记,直播通投托管-星河系列2.0-自产-圆润-核心（36+）-ROI-6.25,125441672,2025-06-25 10:09:20,0.00,0,0,0.0%,0.0,0.0,0,0.00,0.0,0,0,0.0,0,0,0.0,0,0.0,0,0.0,0,0.0,0,0.0,0,0.0,0,0.0,0,0.0,0,0.0,0,0.0,0.00,0.0,0,0,0
1672661840,直播通投托管-经典大胸-自产-显瘦又高级-核心（36+）-ROI-6.25,被计划暂停,审核通过,通投,直播间直接支付ROI,笔记（直播组件）,6854cb58000000002203e304,5c6e75ba000000001201be11,图文笔记,直播通投托管-经典大胸-自产-显瘦又高级-核心（36+）-ROI-6.25,125441629,2025-06-25 10:08:39,0.00,0,0,0.0%,0.0,0.0,0,0.00,0.0,0,0,0.0,0,0,0.0,0,0.0,0,0.0,0,0.0,0,0.0,0,0.0,0,0.0,0,0.0,0,0.0,0,0.0,0.00,0.0,0,0,0
1672445753,直播通投托管-糯糯杯大胸-自产-魔法内衣-核心（36+）-ROI-6.25,被计划暂停,审核通过,通投,直播间直接支付ROI,笔记（直播组件）,68414be50000000021001978,5c6e75ba000000001201be11,图文笔记,直播通投托管-糯糯杯大胸-自产-魔法内衣-核心（36+）-ROI-6.25,125436082,2025-06-25 10:07:27,0.00,0,0,0.0%,0.0,0.0,0,0.00,0.0,0,0,0.0,0,0,0.0,0,0.0,0,0.0,0,0.0,0,0.0,0,0.0,0,0.0,0,0.0,0,0.0,0,0.0,0.00,0.0,0,0,0
1672605335,直播通投托管-糯糯杯大胸-自产-显瘦魔法-直播人群-ROI-6.25,被计划暂停,审核通过,通投,直播间直接支付ROI,笔记（直播组件）,684b83d20000000021008435,5c6e75ba000000001201be11,图文笔记,直播通投托管-糯糯杯大胸-自产-显瘦魔法-直播人群-ROI-6.25,125458049,2025-06-25 10:00:38,0.00,0,0,0.0%,0.0,0.0,0,0.00,0.0,0,0,0.0,0,0,0.0,0,0.0,0,0.0,0,0.0,0,0.0,0,0.0,0,0.0,0,0.0,0,0.0,0,0.0,0.00,0.0,0,0,0
1672604954,直播通投托管-糯糯杯大胸-自产-美晕-细节装饰（36+）-ROI-6.25,被计划暂停,审核通过,通投,直播间直接支付ROI,笔记（直播组件）,67ebb578000000001e006c94,5c6e75ba000000001201be11,图文笔记,直播通投托管-糯糯杯大胸-自产-美晕-细节装饰（36+）-ROI-6.25,125447055,2025-06-25 10:00:16,0.00,0,0,0.0%,0.0,0.0,0,0.00,0.0,0,0,0.0,0,0,0.0,0,0.0,0,0.0,0,0.0,0,0.0,0,0.0,0,0.0,0,0.0,0,0.0,0,0.0,0.00,0.0,0,0,0
1661968462,直播通投托管-糯糯杯大胸-自产-显瘦魔法-精致中产-ROI-6.23,被计划暂停,审核通过,通投,直播间直接支付ROI,笔记（直播组件）,684b83d20000000021008435,5c6e75ba000000001201be11,图文笔记,直播通投托管-糯糯杯大胸-自产-显瘦魔法-精致中产-ROI-6.23,125149402,2025-06-23 16:06:36,0.00,0,0,0.0%,0.0,0.0,0,0.00,0.0,0,0,0.0,0,0,0.0,0,0.0,0,0.0,0,0.0,0,0.0,0,0.0,0,0.0,0,0.0,0,0.0,0,0.0,0.00,0.0,0,0,0
1662028207,直播通投托管-糯糯杯大胸-自产-显瘦魔法-细节装饰（36+）-ROI-6.23,被计划暂停,审核通过,通投,直播间直接支付ROI,笔记（直播组件）,684b83d20000000021008435,5c6e75ba000000001201be11,图文笔记,直播通投托管-糯糯杯大胸-自产-显瘦魔法-细节装饰（36+）-ROI-6.23,125175513,2025-06-23 16:05:52,0.00,0,0,0.0%,0.0,0.0,0,0.00,0.0,0,0,0.0,0,0,0.0,0,0.0,0,0.0,0,0.0,0,0.0,0,0.0,0,0.0,0,0.0,0,0.0,0,0.0,0.00,0.0,0,0,0
1660183661,直播通投托管-经典大胸-自产-显瘦又高级-直播人群-ROI-6.23,被计划暂停,不满足审核条件,通投,直播间直接支付ROI,笔记（直播组件）,6854cb58000000002203e304,5c6e75ba000000001201be11,图文笔记,直播通投托管-经典大胸-自产-显瘦又高级-直播人群-ROI-6.23,125102514,2025-06-23 09:53:20,0.00,0,0,0.0%,0.0,0.0,0,0.00,0.0,0,0,0.0,0,0,0.0,0,0.0,0,0.0,0,0.0,0,0.0,0,0.0,0,0.0,0,0.0,0,0.0,0,0.0,0.00,0.0,0,0,0
1644474065,直播通投托管-轻挺系列-自产-拒绝将就-直播人群-ROI-6.20,被计划暂停,审核通过,通投,直播间直接支付ROI,笔记（直播组件）,6854b16c000000002001bb34,5c6e75ba000000001201be11,图文笔记,直播通投托管-轻挺系列-自产-拒绝将就-直播人群-ROI-6.20,124747141,2025-06-20 10:18:22,0.00,0,0,0.0%,0.0,0.0,0,0.00,0.0,0,0,0.0,0,0,0.0,0,0.0,0,0.0,0,0.0,0,0.0,0,0.0,0,0.0,0,0.0,0,0.0,0,0.0,0.00,0.0,0,0,0
1639293713,直播通投托管-经典大胸-自产-秘诀-直播人群-ROI-6.19,被计划暂停,审核通过,通投,直播间直接支付ROI,笔记（直播组件）,68535e410000000023004488,5c6e75ba000000001201be11,图文笔记,直播通投托管-经典大胸-自产-秘诀-直播人群-ROI-6.19,124641483,2025-06-19 13:56:19,0.00,0,0,0.0%,0.0,0.0,0,0.00,0.0,0,0,0.0,0,0,0.0,0,0.0,0,0.0,0,0.0,0,0.0,0,0.0,0,0.0,0,0.0,0,0.0,0,0.0,0.00,0.0,0,0,0
1639350080,直播通投托管-糯糯杯大胸-自产-被问爆-直播人群-ROI-6.19,被计划暂停,审核通过,通投,直播间直接支付ROI,笔记（直播组件）,685361360000000023004f36,5c6e75ba000000001201be11,图文笔记,直播通投托管-糯糯杯大胸-自产-被问爆-直播人群-ROI-6.19,124658099,2025-06-19 13:55:51,0.00,0,0,0.0%,0.0,0.0,0,0.00,0.0,0,0,0.0,0,0,0.0,0,0.0,0,0.0,0,0.0,0,0.0,0,0.0,0,0.0,0,0.0,0,0.0,0,0.0,0.00,0.0,0,0,0
1634813073,直播通投托管-测线美-自产-副乳星人-直播人群-ROI-6.18,被计划暂停,审核通过,通投,直播间直接支付ROI,笔记（直播组件）,685280b1000000001c037077,5c6e75ba000000001201be11,图文笔记,直播通投托管-测线美-自产-副乳星人-直播人群-ROI-6.18,124510039,2025-06-18 17:07:21,0.00,0,0,0.0%,0.0,0.0,0,0.00,0.0,0,0,0.0,0,0,0.0,0,0.0,0,0.0,0,0.0,0,0.0,0,0.0,0,0.0,0,0.0,0,0.0,0,0.0,0.00,0.0,0,0,0
1626116400,直播通投托管-星河日系-自产-蕾丝战甲-精致中产-ROI-6.17-视频,被计划暂停,审核通过,通投,直播间直接支付ROI,笔记（直播组件）,682566f600000000210187fe,5c6e75ba000000001201be11,视频笔记,直播通投托管-星河日系-自产-蕾丝战甲-精致中产-ROI-6.17-视频,124210401,2025-06-17 09:55:00,0.00,0,0,0.0%,0.0,0.0,0,0.00,0.0,0,0,0.0,0,0,0.0,0,0.0,0,0.0,0,0.0,0,0.0,0,0.0,0,0.0,0,0.0,0,0.0,0,0.0,0.00,0.0,0,0,0
1625998510,直播通投托管-星河日系-自产-蕾丝战甲-细节装饰（36+）-ROI-6.17-视频,被计划暂停,审核通过,通投,直播间直接支付ROI,笔记（直播组件）,682566f600000000210187fe,5c6e75ba000000001201be11,视频笔记,直播通投托管-星河日系-自产-蕾丝战甲-细节装饰（36+）-ROI-6.17-视频,124232632,2025-06-17 09:54:33,0.00,0,0,0.0%,0.0,0.0,0,0.00,0.0,0,0,0.0,0,0,0.0,0,0.0,0,0.0,0,0.0,0,0.0,0,0.0,0,0.0,0,0.0,0,0.0,0,0.0,0.00,0.0,0,0,0
1626057383,直播通投托管-超薄蕾丝-自产-夏日救星-直播人群-ROI-6.17,被计划暂停,审核通过,通投,直播间直接支付ROI,笔记（直播组件）,681da2dc000000002002b406,5c6e75ba000000001201be11,图文笔记,直播通投托管-超薄蕾丝-自产-夏日救星-直播人群-ROI-6.17,124215910,2025-06-17 09:53:59,0.00,0,0,0.0%,0.0,0.0,0,0.00,0.0,0,0,0.0,0,0,0.0,0,0.0,0,0.0,0,0.0,0,0.0,0,0.0,0,0.0,0,0.0,0,0.0,0,0.0,0.00,0.0,0,0,0
1626115376,直播通投托管-超薄蕾丝-自产-夏日救星-细节装饰-ROI-6.17,被计划暂停,审核通过,通投,直播间直接支付ROI,笔记（直播组件）,681da2dc000000002002b406,5c6e75ba000000001201be11,图文笔记,直播通投托管-超薄蕾丝-自产-夏日救星-细节装饰-ROI-6.17,124232599,2025-06-17 09:53:36,0.00,0,0,0.0%,0.0,0.0,0,0.00,0.0,0,0,0.0,0,0,0.0,0,0.0,0,0.0,0,0.0,0,0.0,0,0.0,0,0.0,0,0.0,0,0.0,0,0.0,0.00,0.0,0,0,0
1625996691,直播通投托管-糯糯杯大胸-自产-飞机场-精致中产-ROI-6.17,被计划暂停,审核通过,通投,直播间直接支付ROI,笔记（直播组件）,6819d748000000002102eb65,5c6e75ba000000001201be11,图文笔记,直播通投托管-糯糯杯大胸-自产-飞机场-精致中产-ROI-6.17,124221291,2025-06-17 09:52:45,0.00,0,0,0.0%,0.0,0.0,0,0.00,0.0,0,0,0.0,0,0,0.0,0,0.0,0,0.0,0,0.0,0,0.0,0,0.0,0,0.0,0,0.0,0,0.0,0,0.0,0.00,0.0,0,0,0
1625941551,直播通投托管-糯糯杯大胸-自产-开玩笑-核心（36+）-ROI-6.17,被计划暂停,不满足审核条件,通投,直播间直接支付ROI,笔记（直播组件）,67fefedf000000001c002d4f,5c6e75ba000000001201be11,图文笔记,直播通投托管-糯糯杯大胸-自产-开玩笑-核心（36+）-ROI-6.17,124210300,2025-06-17 09:52:08,0.00,0,0,0.0%,0.0,0.0,0,0.00,0.0,0,0,0.0,0,0,0.0,0,0.0,0,0.0,0,0.0,0,0.0,0,0.0,0,0.0,0,0.0,0,0.0,0,0.0,0.00,0.0,0,0,0
1626054230,直播通投托管-糯糯杯大胸-自产-开玩笑-细节装饰（36+）-ROI-6.17,被计划暂停,审核通过,通投,直播间直接支付ROI,笔记（直播组件）,67fefedf000000001c002d4f,5c6e75ba000000001201be11,图文笔记,直播通投托管-糯糯杯大胸-自产-开玩笑-细节装饰（36+）-ROI-6.17,124232529,2025-06-17 09:51:25,0.00,0,0,0.0%,0.0,0.0,0,0.00,0.0,0,0,0.0,0,0,0.0,0,0.0,0,0.0,0,0.0,0,0.0,0,0.0,0,0.0,0,0.0,0,0.0,0,0.0,0.00,0.0,0,0,0
1626167924,直播通投托管-糯糯杯大胸-自产-貌美-核心（36+）-ROI-6.17,被计划暂停,审核通过,通投,直播间直接支付ROI,笔记（直播组件）,6841471c000000002102f679,5c6e75ba000000001201be11,视频笔记,直播通投托管-糯糯杯大胸-自产-貌美-核心（36+）-ROI-6.17,124215800,2025-06-17 09:50:45,0.00,0,0,0.0%,0.0,0.0,0,0.00,0.0,0,0,0.0,0,0,0.0,0,0.0,0,0.0,0,0.0,0,0.0,0,0.0,0,0.0,0,0.0,0,0.0,0,0.0,0.00,0.0,0,0,0
1625882783,直播通投托管-糯糯杯大胸-自产-貌美-细节装饰（36+）-ROI-6.17-视频,被计划暂停,审核通过,通投,直播间直接支付ROI,笔记（直播组件）,6841471c000000002102f679,5c6e75ba000000001201be11,视频笔记,直播通投托管-糯糯杯大胸-自产-貌美-细节装饰（36+）-ROI-6.17-视频,124227119,2025-06-17 09:49:42,0.00,0,0,0.0%,0.0,0.0,0,0.00,0.0,0,0,0.0,0,0,0.0,0,0.0,0,0.0,0,0.0,0,0.0,0,0.0,0,0.0,0,0.0,0,0.0,0,0.0,0.00,0.0,0,0,0
1626052284,直播通投托管-糯糯杯大胸-自产-美晕-精致中产-ROI-6.17,被计划暂停,不满足审核条件,通投,直播间直接支付ROI,笔记（直播组件）,67ebb578000000001e006c94,5c6e75ba000000001201be11,图文笔记,直播通投托管-糯糯杯大胸-自产-美晕-精致中产-ROI-6.17,124227083,2025-06-17 09:48:41,0.00,0,0,0.0%,0.0,0.0,0,0.00,0.0,0,0,0.0,0,0,0.0,0,0.0,0,0.0,0,0.0,0,0.0,0,0.0,0,0.0,0,0.0,0,0.0,0,0.0,0.00,0.0,0,0,0
1620245253,直播通投托管-糯糯杯大胸-自产-显瘦魔法-直播人群-ROI-6.16,被计划暂停,审核通过,通投,直播间直接支付ROI,笔记（直播组件）,684b83d20000000021008435,5c6e75ba000000001201be11,图文笔记,直播通投托管-糯糯杯大胸-自产-显瘦魔法-直播人群-ROI-6.16,124027373,2025-06-16 10:24:03,0.00,0,0,0.0%,0.0,0.0,0,0.00,0.0,0,0,0.0,0,0,0.0,0,0.0,0,0.0,0,0.0,0,0.0,0,0.0,0,0.0,0,0.0,0,0.0,0,0.0,0.00,0.0,0,0,0
1620122250,直播通投托管-测线美-自产-侧颜-直播人群-ROI-6.16,被计划暂停,审核通过,通投,直播间直接支付ROI,笔记（直播组件）,6811ea2d000000002100bec3,5c6e75ba000000001201be11,图文笔记,直播通投托管-测线美-自产-侧颜-直播人群-ROI-6.16,124043984,2025-06-16 10:14:06,0.00,0,0,0.0%,0.0,0.0,0,0.00,0.0,0,0,0.0,0,0,0.0,0,0.0,0,0.0,0,0.0,0,0.0,0,0.0,0,0.0,0,0.0,0,0.0,0,0.0,0.00,0.0,0,0,0
1620230994,直播通投托管-经典大胸-自产-本命内衣-直播人群-ROI-6.16,被计划暂停,审核通过,通投,直播间直接支付ROI,笔记（直播组件）,6842a813000000002102fd62,5c6e75ba000000001201be11,图文笔记,直播通投托管-经典大胸-自产-本命内衣-直播人群-ROI-6.16,124054941,2025-06-16 10:12:03,0.00,0,0,0.0%,0.0,0.0,0,0.00,0.0,0,0,0.0,0,0,0.0,0,0.0,0,0.0,0,0.0,0,0.0,0,0.0,0,0.0,0,0.0,0,0.0,0,0.0,0.00,0.0,0,0,0
1601237519,直播通投托管-轻挺系列-自产-漫画-直播人群-ROI-6.12,被计划暂停,审核通过,通投,直播间直接支付ROI,笔记（直播组件）,684a9ca400000000210069b1,5c6e75ba000000001201be11,图文笔记,直播通投托管-轻挺系列-自产-漫画-直播人群-ROI-6.12,123536073,2025-06-12 17:36:17,0.00,0,0,0.0%,0.0,0.0,0,0.00,0.0,0,0,0.0,0,0,0.0,0,0.0,0,0.0,0,0.0,0,0.0,0,0.0,0,0.0,0,0.0,0,0.0,0,0.0,0.00,0.0,0,0,0
1600740342,直播通投托管-超薄蕾丝-自产-夏日救星-精致中产-ROI-6.12,被计划暂停,审核通过,通投,直播间直接支付ROI,笔记（直播组件）,681da2dc000000002002b406,5c6e75ba000000001201be11,图文笔记,直播通投托管-超薄蕾丝-自产-夏日救星-精致中产-ROI-6.12,123478859,2025-06-12 16:17:15,0.00,0,0,0.0%,0.0,0.0,0,0.00,0.0,0,0,0.0,0,0,0.0,0,0.0,0,0.0,0,0.0,0,0.0,0,0.0,0,0.0,0,0.0,0,0.0,0,0.0,0.00,0.0,0,0,0
1600624123,直播通投托管-糯糯杯小胸-自产-圆圆-精致中产-ROI-6.12,被计划暂停,审核通过,通投,直播间直接支付ROI,笔记（直播组件）,681daae0000000002102f808,5c6e75ba000000001201be11,图文笔记,直播通投托管-糯糯杯小胸-自产-圆圆-精致中产-ROI-6.12,123478825,2025-06-12 16:16:28,0.00,0,0,0.0%,0.0,0.0,0,0.00,0.0,0,0,0.0,0,0,0.0,0,0.0,0,0.0,0,0.0,0,0.0,0,0.0,0,0.0,0,0.0,0,0.0,0,0.0,0.00,0.0,0,0,0
1600907845,直播通投托管-糯糯杯大胸-自产-貌美-精致中产-ROI-6.12-视频,被计划暂停,不满足审核条件,通投,直播间直接支付ROI,笔记（直播组件）,6841471c000000002102f679,5c6e75ba000000001201be11,视频笔记,直播通投托管-糯糯杯大胸-自产-貌美-精致中产-ROI-6.12-视频,123507194,2025-06-12 16:15:05,0.00,0,0,0.0%,0.0,0.0,0,0.00,0.0,0,0,0.0,0,0,0.0,0,0.0,0,0.0,0,0.0,0,0.0,0,0.0,0,0.0,0,0.0,0,0.0,0,0.0,0.00,0.0,0,0,0
1600675842,直播通投托管-经典大胸-自产-本命内衣-精致中产-ROI-6.12,被计划暂停,审核通过,通投,直播间直接支付ROI,笔记（直播组件）,6842a813000000002102fd62,5c6e75ba000000001201be11,图文笔记,直播通投托管-经典大胸-自产-本命内衣-精致中产-ROI-6.12,123484505,2025-06-12 16:13:58,0.00,0,0,0.0%,0.0,0.0,0,0.00,0.0,0,0,0.0,0,0,0.0,0,0.0,0,0.0,0,0.0,0,0.0,0,0.0,0,0.0,0,0.0,0,0.0,0,0.0,0.00,0.0,0,0,0
1591875685,直播通投托管-糯糯杯大胸-自产-飞机场-核心（36+）-ROI-6.11,被计划暂停,审核通过,通投,直播间直接支付ROI,笔记（直播组件）,6819d748000000002102eb65,5c6e75ba000000001201be11,图文笔记,直播通投托管-糯糯杯大胸-自产-飞机场-核心（36+）-ROI-6.11,123167431,2025-06-11 09:54:29,0.00,0,0,0.0%,0.0,0.0,0,0.00,0.0,0,0,0.0,0,0,0.0,0,0.0,0,0.0,0,0.0,0,0.0,0,0.0,0,0.0,0,0.0,0,0.0,0,0.0,0.00,0.0,0,0,0
1580719223,直播通投托管-测线美-自产-消失术-核心（36+）-ROI-6.9-视频,被计划暂停,审核通过,通投,直播间直接支付ROI,笔记（直播组件）,682da89000000000210019d8,5c6e75ba000000001201be11,视频笔记,直播通投托管-测线美-自产-消失术-核心（36+）-ROI-6.9-视频,122698167,2025-06-09 14:59:12,0.00,0,0,0.0%,0.0,0.0,0,0.00,0.0,0,0,0.0,0,0,0.0,0,0.0,0,0.0,0,0.0,0,0.0,0,0.0,0,0.0,0,0.0,0,0.0,0,0.0,0.00,0.0,0,0,0
1580718369,直播通投托管-糯糯杯小胸-自产-圆圆-核心（36+）-ROI-6.9,被计划暂停,审核通过,通投,直播间直接支付ROI,笔记（直播组件）,681daae0000000002102f808,5c6e75ba000000001201be11,图文笔记,直播通投托管-糯糯杯小胸-自产-圆圆-核心（36+）-ROI-6.9,122698131,2025-06-09 14:58:24,0.00,0,0,0.0%,0.0,0.0,0,0.00,0.0,0,0,0.0,0,0,0.0,0,0.0,0,0.0,0,0.0,0,0.0,0,0.0,0,0.0,0,0.0,0,0.0,0,0.0,0.00,0.0,0,0,0
1580660583,直播通投托管-糯糯杯小胸-自产-圆圆-细节装饰（36+）-ROI-6.9,被计划暂停,审核通过,通投,直播间直接支付ROI,笔记（直播组件）,681daae0000000002102f808,5c6e75ba000000001201be11,图文笔记,直播通投托管-糯糯杯小胸-自产-圆圆-细节装饰（36+）-ROI-6.9,122703810,2025-06-09 14:57:28,0.00,0,0,0.0%,0.0,0.0,0,0.00,0.0,0,0,0.0,0,0,0.0,0,0.0,0,0.0,0,0.0,0,0.0,0,0.0,0,0.0,0,0.0,0,0.0,0,0.0,0.00,0.0,0,0,0
1580776035,直播通投托管-测线美-自产-消失术-细节装饰（36+）-ROI-6.9-视频,被计划暂停,审核通过,通投,直播间直接支付ROI,笔记（直播组件）,682da89000000000210019d8,5c6e75ba000000001201be11,视频笔记,直播通投托管-测线美-自产-消失术-细节装饰（36+）-ROI-6.9-视频,122698044,2025-06-09 14:56:47,0.00,0,0,0.0%,0.0,0.0,0,0.00,0.0,0,0,0.0,0,0,0.0,0,0.0,0,0.0,0,0.0,0,0.0,0,0.0,0,0.0,0,0.0,0,0.0,0,0.0,0.00,0.0,0,0,0
1580775348,直播通投托管-糯糯杯大胸-自产-飞机场-细节装饰（36+）-ROI-6.9,被计划暂停,审核通过,通投,直播间直接支付ROI,笔记（直播组件）,6819d748000000002102eb65,5c6e75ba000000001201be11,图文笔记,直播通投托管-糯糯杯大胸-自产-飞机场-细节装饰（36+）-ROI-6.9,122709563,2025-06-09 14:56:14,0.00,0,0,0.0%,0.0,0.0,0,0.00,0.0,0,0,0.0,0,0,0.0,0,0.0,0,0.0,0,0.0,0,0.0,0,0.0,0,0.0,0,0.0,0,0.0,0,0.0,0.00,0.0,0,0,0
1579982255,直播通投托管-经典大胸-自产-吹爆-直播人群-ROI-6.9-视频,被计划暂停,不满足审核条件,通投,直播间直接支付ROI,笔记（直播组件）,6842b9a4000000002100a9d3,5c6e75ba000000001201be11,视频笔记,直播通投托管-经典大胸-自产-吹爆-直播人群-ROI-6.9-视频,122679723,2025-06-09 11:55:31,0.00,0,0,0.0%,0.0,0.0,0,0.00,0.0,0,0,0.0,0,0,0.0,0,0.0,0,0.0,0,0.0,0,0.0,0,0.0,0,0.0,0,0.0,0,0.0,0,0.0,0.00,0.0,0,0,0
1580094294,直播通投托管-糯糯杯大胸-自产-魔法内衣-直播人群-ROI-6.9,被计划暂停,审核通过,通投,直播间直接支付ROI,笔记（直播组件）,68414be50000000021001978,5c6e75ba000000001201be11,图文笔记,直播通投托管-糯糯杯大胸-自产-魔法内衣-直播人群-ROI-6.9,122673804,2025-06-09 11:54:35,0.00,0,0,0.0%,0.0,0.0,0,0.00,0.0,0,0,0.0,0,0,0.0,0,0.0,0,0.0,0,0.0,0,0.0,0,0.0,0,0.0,0,0.0,0,0.0,0,0.0,0.00,0.0,0,0,0
1579864414,直播通投托管-经典大胸-自产-独宠-直播人群-ROI-6.9,被计划暂停,审核通过,通投,直播间直接支付ROI,笔记（直播组件）,6842bbee000000002100bb7f,5c6e75ba000000001201be11,图文笔记,直播通投托管-经典大胸-自产-独宠-直播人群-ROI-6.9,122690857,2025-06-09 11:54:08,0.00,0,0,0.0%,0.0,0.0,0,0.00,0.0,0,0,0.0,0,0,0.0,0,0.0,0,0.0,0,0.0,0,0.0,0,0.0,0,0.0,0,0.0,0,0.0,0,0.0,0.00,0.0,0,0,0
1580150771,直播通投托管-星河深V-自产-夏日-直播人群-ROI-6.9,被计划暂停,审核通过,通投,直播间直接支付ROI,笔记（直播组件）,6842b218000000002100538d,5c6e75ba000000001201be11,图文笔记,直播通投托管-星河深V-自产-夏日-直播人群-ROI-6.9,122662342,2025-06-09 11:53:40,0.00,0,0,0.0%,0.0,0.0,0,0.00,0.0,0,0,0.0,0,0,0.0,0,0.0,0,0.0,0,0.0,0,0.0,0,0.0,0,0.0,0,0.0,0,0.0,0,0.0,0.00,0.0,0,0,0
1564768549,直播通投托管-经典大胸-自产-本命内衣-直播人群-ROI-6.6,被计划暂停,审核通过,通投,直播间直接支付ROI,笔记（直播组件）,6842a813000000002102fd62,5c6e75ba000000001201be11,图文笔记,直播通投托管-经典大胸-自产-本命内衣-直播人群-ROI-6.6,122236514,2025-06-06 17:09:48,0.00,0,0,0.0%,0.0,0.0,0,0.00,0.0,0,0,0.0,0,0,0.0,0,0.0,0,0.0,0,0.0,0,0.0,0,0.0,0,0.0,0,0.0,0,0.0,0,0.0,0.00,0.0,0,0,0
1564999911,直播通投托管-糯糯杯大胸-自产-不勒痕-直播人群-ROI-6.6,被计划暂停,不满足审核条件,通投,直播间直接支付ROI,笔记（直播组件）,6842ae7f000000002100300c,5c6e75ba000000001201be11,图文笔记,直播通投托管-糯糯杯大胸-自产-不勒痕-直播人群-ROI-6.6,122230600,2025-06-06 17:09:11,0.00,0,0,0.0%,0.0,0.0,0,0.00,0.0,0,0,0.0,0,0,0.0,0,0.0,0,0.0,0,0.0,0,0.0,0,0.0,0,0.0,0,0.0,0,0.0,0,0.0,0.00,0.0,0,0,0
1558373715,直播通投托管-糯糯杯大胸-自产-貌美-直播人群-ROI-6.5-视频,被计划暂停,审核通过,通投,直播间直接支付ROI,笔记（直播组件）,6841471c000000002102f679,5c6e75ba000000001201be11,视频笔记,直播通投托管-糯糯杯大胸-自产-貌美-直播人群-ROI-6.5-视频,121969887,2025-06-05 16:27:11,0.00,0,0,0.0%,0.0,0.0,0,0.00,0.0,0,0,0.0,0,0,0.0,0,0.0,0,0.0,0,0.0,0,0.0,0,0.0,0,0.0,0,0.0,0,0.0,0,0.0,0.00,0.0,0,0,0
1557926706,直播通投托管-糯糯杯大胸-自产-魔法内衣-直播人群-ROI-6.5,被计划暂停,审核通过,通投,直播间直接支付ROI,笔记（直播组件）,682fcf1d0000000021004862,5c6e75ba000000001201be11,图文笔记,直播通投托管-糯糯杯大胸-自产-魔法内衣-直播人群-ROI-6.5,121957269,2025-06-05 15:55:02,0.00,0,0,0.0%,0.0,0.0,0,0.00,0.0,0,0,0.0,0,0,0.0,0,0.0,0,0.0,0,0.0,0,0.0,0,0.0,0,0.0,0,0.0,0,0.0,0,0.0,0.00,0.0,0,0,0
1555770467,直播通投托管-糯糯杯大胸-自产-开玩笑-精致中产-ROI-6.5,被计划暂停,审核通过,通投,直播间直接支付ROI,笔记（直播组件）,67fefedf000000001c002d4f,5c6e75ba000000001201be11,图文笔记,直播通投托管-糯糯杯大胸-自产-开玩笑-精致中产-ROI-6.5,121894599,2025-06-05 10:17:15,0.00,0,0,0.0%,0.0,0.0,0,0.00,0.0,0,0,0.0,0,0,0.0,0,0.0,0,0.0,0,0.0,0,0.0,0,0.0,0,0.0,0,0.0,0,0.0,0,0.0,0.00,0.0,0,0,0
1555945283,直播通投托管-经典大胸-自产-加分-精致中产-ROI-5.6,被计划暂停,审核通过,通投,直播间直接支付ROI,笔记（直播组件）,67f8e09f000000001e00b038,5c6e75ba000000001201be11,图文笔记,直播通投托管-经典大胸-自产-加分-精致中产-ROI-5.6,121899176,2025-06-05 10:15:59,0.00,0,0,0.0%,0.0,0.0,0,0.00,0.0,0,0,0.0,0,0,0.0,0,0.0,0,0.0,0,0.0,0,0.0,0,0.0,0,0.0,0,0.0,0,0.0,0,0.0,0.00,0.0,0,0,0
1545930858,直播通投托管-经典大胸-自产-高颜值-核心（36+）-ROI-6.3,被计划暂停,审核通过,通投,直播间直接支付ROI,笔记（直播组件）,67da1636000000000302941e,5c6e75ba000000001201be11,图文笔记,直播通投托管-经典大胸-自产-高颜值-核心（36+）-ROI-6.3,121539956,2025-06-03 15:54:06,0.00,0,0,0.0%,0.0,0.0,0,0.00,0.0,0,0,0.0,0,0,0.0,0,0.0,0,0.0,0,0.0,0,0.0,0,0.0,0,0.0,0,0.0,0,0.0,0,0.0,0.00,0.0,0,0,0
1546160326,直播通投托管-经典大胸-自产-高颜值-价格囤货（36+）-ROI-6.3,被计划暂停,审核通过,通投,直播间直接支付ROI,笔记（直播组件）,67da1636000000000302941e,5c6e75ba000000001201be11,图文笔记,直播通投托管-经典大胸-自产-高颜值-价格囤货（36+）-ROI-6.3,121562598,2025-06-03 15:53:46,0.00,0,0,0.0%,0.0,0.0,0,0.00,0.0,0,0,0.0,0,0,0.0,0,0.0,0,0.0,0,0.0,0,0.0,0,0.0,0,0.0,0,0.0,0,0.0,0,0.0,0.00,0.0,0,0,0
1546216707,直播通投托管-经典大胸-自产-高颜值-直播人群-ROI-6.3,被计划暂停,审核通过,通投,直播间直接支付ROI,笔记（直播组件）,67da1636000000000302941e,5c6e75ba000000001201be11,图文笔记,直播通投托管-经典大胸-自产-高颜值-直播人群-ROI-6.3,121537257,2025-06-03 15:53:19,0.00,0,0,0.0%,0.0,0.0,0,0.00,0.0,0,0,0.0,0,0,0.0,0,0.0,0,0.0,0,0.0,0,0.0,0,0.0,0,0.0,0,0.0,0,0.0,0,0.0,0.00,0.0,0,0,0
1544587964,直播通投托管-叶脉-自产-王者-直播人群-ROI-6.3-视频,被计划暂停,不满足审核条件,通投,直播间直接支付ROI,笔记（直播组件）,682da91f0000000020029ff6,5c6e75ba000000001201be11,视频笔记,直播通投托管-叶脉-自产-王者-直播人群-ROI-6.3-视频,121474405,2025-06-03 11:18:32,0.00,0,0,0.0%,0.0,0.0,0,0.00,0.0,0,0,0.0,0,0,0.0,0,0.0,0,0.0,0,0.0,0,0.0,0,0.0,0,0.0,0,0.0,0,0.0,0,0.0,0.00,0.0,0,0,0
1544474910,直播通投托管-测线美-自产-消失术-直播人群-ROI-6.3-视频,被计划暂停,审核通过,通投,直播间直接支付ROI,笔记（直播组件）,682da89000000000210019d8,5c6e75ba000000001201be11,视频笔记,直播通投托管-测线美-自产-消失术-直播人群-ROI-6.3-视频,121496018,2025-06-03 11:18:03,0.00,0,0,0.0%,0.0,0.0,0,0.00,0.0,0,0,0.0,0,0,0.0,0,0.0,0,0.0,0,0.0,0,0.0,0,0.0,0,0.0,0,0.0,0,0.0,0,0.0,0.00,0.0,0,0,0
1544474746,直播通投托管-糯糯杯小胸-自产-圆圆-直播人群-ROI-6.3,被计划暂停,不满足审核条件,通投,直播间直接支付ROI,笔记（直播组件）,681daae0000000002102f808,5c6e75ba000000001201be11,图文笔记,直播通投托管-糯糯杯小胸-自产-圆圆-直播人群-ROI-6.3,121485309,2025-06-03 11:17:37,0.00,0,0,0.0%,0.0,0.0,0,0.00,0.0,0,0,0.0,0,0,0.0,0,0.0,0,0.0,0,0.0,0,0.0,0,0.0,0,0.0,0,0.0,0,0.0,0,0.0,0.00,0.0,0,0,0
1544336717,直播通投托管-经典大胸-自产-DNA-直播人群-ROI-6.3-视频,被计划暂停,审核通过,通投,直播间直接支付ROI,笔记（直播组件）,680613b4000000001d01fafe,5c6e75ba000000001201be11,视频笔记,直播通投托管-经典大胸-自产-DNA-直播人群-ROI-6.3-视频,121453008,2025-06-03 10:22:50,0.00,0,0,0.0%,0.0,0.0,0,0.00,0.0,0,0,0.0,0,0,0.0,0,0.0,0,0.0,0,0.0,0,0.0,0,0.0,0,0.0,0,0.0,0,0.0,0,0.0,0.00,0.0,0,0,0
1544089859,直播通投托管-糯糯杯小胸-自产-水蜜桃-直播人群-ROI-6.3,被计划暂停,审核通过,通投,直播间直接支付ROI,笔记（直播组件）,67ff1ee7000000001d01d678,5c6e75ba000000001201be11,图文笔记,直播通投托管-糯糯杯小胸-自产-水蜜桃-直播人群-ROI-6.3,121456900,2025-06-03 10:06:25,0.00,0,0,0.0%,0.0,0.0,0,0.00,0.0,0,0,0.0,0,0,0.0,0,0.0,0,0.0,0,0.0,0,0.0,0,0.0,0,0.0,0,0.0,0,0.0,0,0.0,0.00,0.0,0,0,0
1543957047,直播通投托管-星河日系-自产-秘密-直播人群-ROI-6.3-视频,被计划暂停,审核通过,通投,直播间直接支付ROI,笔记（直播组件）,67e67beb000000001d01dc58,5c6e75ba000000001201be11,视频笔记,直播通投托管-星河日系-自产-秘密-直播人群-ROI-6.3-视频,121441027,2025-06-03 10:02:38,0.00,0,0,0.0%,0.0,0.0,0,0.00,0.0,0,0,0.0,0,0,0.0,0,0.0,0,0.0,0,0.0,0,0.0,0,0.0,0,0.0,0,0.0,0,0.0,0,0.0,0.00,0.0,0,0,0
1543951331,直播通投托管-经典大胸-自产-显瘦神器-核心（36+）-ROI-6.3,被计划暂停,审核通过,通投,直播间直接支付ROI,笔记（直播组件）,67c16251000000000d01580e,5c6e75ba000000001201be11,图文笔记,直播通投托管-经典大胸-自产-显瘦神器-核心（36+）-ROI-6.3,121446361,2025-06-03 09:56:02,0.00,0,0,0.0%,0.0,0.0,0,0.00,0.0,0,0,0.0,0,0,0.0,0,0.0,0,0.0,0,0.0,0,0.0,0,0.0,0,0.0,0,0.0,0,0.0,0,0.0,0.00,0.0,0,0,0
1526995180,直播通投托管-经典大胸-自产-显薄显瘦-核心（36+）-ROI-5.30,被计划暂停,审核通过,通投,直播间直接支付ROI,笔记（直播组件）,680afd56000000001c00d6da,5c6e75ba000000001201be11,图文笔记,直播通投托管-经典大胸-自产-显薄显瘦-核心（36+）-ROI-5.30,120751356,2025-05-30 16:31:01,0.00,0,0,0.0%,0.0,0.0,0,0.00,0.0,0,0,0.0,0,0,0.0,0,0.0,0,0.0,0,0.0,0,0.0,0,0.0,0,0.0,0,0.0,0,0.0,0,0.0,0.00,0.0,0,0,0
1524966929,直播通投托管-经典大胸-自产-大胸警告-618大促-ROI-5.30-视频,被计划暂停,不满足审核条件,通投,直播间直接支付ROI,笔记（直播组件）,6811ced6000000002002ae7f,5c6e75ba000000001201be11,视频笔记,直播通投托管-经典大胸-自产-大胸警告-618大促-ROI-5.30-视频,120681892,2025-05-30 10:48:22,0.00,0,0,0.0%,0.0,0.0,0,0.00,0.0,0,0,0.0,0,0,0.0,0,0.0,0,0.0,0,0.0,0,0.0,0,0.0,0,0.0,0,0.0,0,0.0,0,0.0,0.00,0.0,0,0,0
1525080067,直播通投托管-糯糯杯大胸-自产-大胸显瘦-细节装饰（36+）-ROI-5.30,被计划暂停,不满足审核条件,通投,直播间直接支付ROI,笔记（直播组件）,67c166ae000000000903b4ad,5c6e75ba000000001201be11,图文笔记,直播通投托管-糯糯杯大胸-自产-大胸显瘦-细节装饰（36+）-ROI-5.30,120693605,2025-05-30 10:47:55,0.00,0,0,0.0%,0.0,0.0,0,0.00,0.0,0,0,0.0,0,0,0.0,0,0.0,0,0.0,0,0.0,0,0.0,0,0.0,0,0.0,0,0.0,0,0.0,0,0.0,0.00,0.0,0,0,0
1525021490,直播通投托管-经典大胸-自产-天花板-核心（36+）-ROI-5.30,被计划暂停,审核通过,通投,直播间直接支付ROI,笔记（直播组件）,67f477e9000000001d03acdc,5c6e75ba000000001201be11,图文笔记,直播通投托管-经典大胸-自产-天花板-核心（36+）-ROI-5.30,120681858,2025-05-30 10:47:32,0.00,0,0,0.0%,0.0,0.0,0,0.00,0.0,0,0,0.0,0,0,0.0,0,0.0,0,0.0,0,0.0,0,0.0,0,0.0,0,0.0,0,0.0,0,0.0,0,0.0,0.00,0.0,0,0,0
1525253397,直播通投托管-经典大胸-自产-显瘦神器-核心（36+）-ROI-5.30,被计划暂停,审核通过,通投,直播间直接支付ROI,笔记（直播组件）,67c16251000000000d01580e,5c6e75ba000000001201be11,图文笔记,直播通投托管-经典大胸-自产-显瘦神器-核心（36+）-ROI-5.30,120667501,2025-05-30 10:46:15,0.00,0,0,0.0%,0.0,0.0,0,0.00,0.0,0,0,0.0,0,0,0.0,0,0.0,0,0.0,0,0.0,0,0.0,0,0.0,0,0.0,0,0.0,0,0.0,0,0.0,0.00,0.0,0,0,0
1525252843,直播通投托管-糯糯杯大胸-自产-美晕-细节装饰（36+）-ROI-5.30,被计划暂停,审核通过,通投,直播间直接支付ROI,笔记（直播组件）,67ebb578000000001e006c94,5c6e75ba000000001201be11,图文笔记,直播通投托管-糯糯杯大胸-自产-美晕-细节装饰（36+）-ROI-5.30,120675899,2025-05-30 10:45:44,0.00,0,0,0.0%,0.0,0.0,0,0.00,0.0,0,0,0.0,0,0,0.0,0,0.0,0,0.0,0,0.0,0,0.0,0,0.0,0,0.0,0,0.0,0,0.0,0,0.0,0.00,0.0,0,0,0
1525078153,直播通投托管-经典大胸-自产-DNA-直播人群-ROI-5.30-视频,被计划暂停,审核通过,通投,直播间直接支付ROI,笔记（直播组件）,680613b4000000001d01fafe,5c6e75ba000000001201be11,视频笔记,直播通投托管-经典大胸-自产-DNA-直播人群-ROI-5.30-视频,120681755,2025-05-30 10:45:02,0.00,0,0,0.0%,0.0,0.0,0,0.00,0.0,0,0,0.0,0,0,0.0,0,0.0,0,0.0,0,0.0,0,0.0,0,0.0,0,0.0,0,0.0,0,0.0,0,0.0,0.00,0.0,0,0,0
1519791744,直播通投托管-超薄蕾丝-自产-夏日救星-核心（36+）-ROI-5.29,被计划暂停,不满足审核条件,通投,直播间直接支付ROI,笔记（直播组件）,681da2dc000000002002b406,5c6e75ba000000001201be11,图文笔记,直播通投托管-超薄蕾丝-自产-夏日救星-核心（36+）-ROI-5.29,120423547,2025-05-29 11:45:59,0.00,0,0,0.0%,0.0,0.0,0,0.00,0.0,0,0,0.0,0,0,0.0,0,0.0,0,0.0,0,0.0,0,0.0,0,0.0,0,0.0,0,0.0,0,0.0,0,0.0,0.00,0.0,0,0,0
1519478573,直播通投托管-糯糯杯大胸-自产-飞机场-核心（36+）-ROI-5.29,被计划暂停,不满足审核条件,通投,直播间直接支付ROI,笔记（直播组件）,6819d748000000002102eb65,5c6e75ba000000001201be11,图文笔记,直播通投托管-糯糯杯大胸-自产-飞机场-核心（36+）-ROI-5.29,120418396,2025-05-29 11:39:06,0.00,0,0,0.0%,0.0,0.0,0,0.00,0.0,0,0,0.0,0,0,0.0,0,0.0,0,0.0,0,0.0,0,0.0,0,0.0,0,0.0,0,0.0,0,0.0,0,0.0,0.00,0.0,0,0,0
1519477300,直播通投托管-经典大胸-自产-放福利-核心（36+）-ROI-5.29,被计划暂停,审核通过,通投,直播间直接支付ROI,笔记（直播组件）,6837b72a0000000020029339,5c6e75ba000000001201be11,图文笔记,直播通投托管-经典大胸-自产-放福利-核心（36+）-ROI-5.29,120418286,2025-05-29 11:36:26,0.00,0,0,0.0%,0.0,0.0,0,0.00,0.0,0,0,0.0,0,0,0.0,0,0.0,0,0.0,0,0.0,0,0.0,0,0.0,0,0.0,0,0.0,0,0.0,0,0.0,0.00,0.0,0,0,0
1519547265,直播通投托管-糯糯杯大胸-自产-狂欢-核心（36+）-ROI-5.29,被计划暂停,审核通过,通投,直播间直接支付ROI,笔记（直播组件）,6837b1af000000002001f4eb,5c6e75ba000000001201be11,图文笔记,直播通投托管-糯糯杯大胸-自产-狂欢-核心（36+）-ROI-5.29,120440702,2025-05-29 11:35:29,0.00,0,0,0.0%,0.0,0.0,0,0.00,0.0,0,0,0.0,0,0,0.0,0,0.0,0,0.0,0,0.0,0,0.0,0,0.0,0,0.0,0,0.0,0,0.0,0,0.0,0.00,0.0,0,0,0
1519534087,直播通投托管-测线美-自产-侧颜-核心（36+）-ROI-5.29,被计划暂停,不满足审核条件,通投,直播间直接支付ROI,笔记（直播组件）,6811ea2d000000002100bec3,5c6e75ba000000001201be11,图文笔记,直播通投托管-测线美-自产-侧颜-核心（36+）-ROI-5.29,120440662,2025-05-29 11:34:39,0.00,0,0,0.0%,0.0,0.0,0,0.00,0.0,0,0,0.0,0,0,0.0,0,0.0,0,0.0,0,0.0,0,0.0,0,0.0,0,0.0,0,0.0,0,0.0,0,0.0,0.00,0.0,0,0,0
1519601651,直播通投托管-星河日系-自产-蕾丝战甲-核心（36+）-ROI-5.29-视频,被计划暂停,审核通过,通投,直播间直接支付ROI,笔记（直播组件）,682566f600000000210187fe,5c6e75ba000000001201be11,视频笔记,直播通投托管-星河日系-自产-蕾丝战甲-核心（36+）-ROI-5.29-视频,120423014,2025-05-29 11:34:00,0.00,0,0,0.0%,0.0,0.0,0,0.00,0.0,0,0,0.0,0,0,0.0,0,0.0,0,0.0,0,0.0,0,0.0,0,0.0,0,0.0,0,0.0,0,0.0,0,0.0,0.00,0.0,0,0,0
1503519437,直播通投托管-星河深V-自产-3D-直播人群-ROI-5.26,被计划暂停,不满足审核条件,通投,直播间直接支付ROI,笔记（直播组件）,6800b05c000000001e003654,5c6e75ba000000001201be11,图文笔记,直播通投托管-星河深V-自产-3D-直播人群-ROI-5.26,119655619,2025-05-26 17:17:46,0.00,0,0,0.0%,0.0,0.0,0,0.00,0.0,0,0,0.0,0,0,0.0,0,0.0,0,0.0,0,0.0,0,0.0,0,0.0,0,0.0,0,0.0,0,0.0,0,0.0,0.00,0.0,0,0,0
1502963693,直播通投托管-糯糯杯大胸-自产-美晕-细节装饰（36+）-ROI-5.26,被计划暂停,不满足审核条件,通投,直播间直接支付ROI,笔记（直播组件）,67ebb578000000001e006c94,5c6e75ba000000001201be11,图文笔记,直播通投托管-糯糯杯大胸-自产-美晕-细节装饰（36+）-ROI-5.26,119632905,2025-05-26 16:08:29,0.00,0,0,0.0%,0.0,0.0,0,0.00,0.0,0,0,0.0,0,0,0.0,0,0.0,0,0.0,0,0.0,0,0.0,0,0.0,0,0.0,0,0.0,0,0.0,0,0.0,0.00,0.0,0,0,0
1502886611,直播通投托管-经典大胸-自产-狂喜-核心（36+）-ROI-5.26,被计划暂停,审核通过,通投,直播间直接支付ROI,笔记（直播组件）,68006899000000001b03ba3b,5c6e75ba000000001201be11,图文笔记,直播通投托管-经典大胸-自产-狂喜-核心（36+）-ROI-5.26,119611320,2025-05-26 15:09:08,0.00,0,0,0.0%,0.0,0.0,0,0.00,0.0,0,0,0.0,0,0,0.0,0,0.0,0,0.0,0,0.0,0,0.0,0,0.0,0,0.0,0,0.0,0,0.0,0,0.0,0.00,0.0,0,0,0
1502652480,直播通投托管-经典大胸-自产-狂喜-618大促-ROI-5.26,被计划暂停,不满足审核条件,通投,直播间直接支付ROI,笔记（直播组件）,68006899000000001b03ba3b,5c6e75ba000000001201be11,图文笔记,直播通投托管-经典大胸-自产-狂喜-618大促-ROI-5.26,119611283,2025-05-26 15:08:29,0.00,0,0,0.0%,0.0,0.0,0,0.00,0.0,0,0,0.0,0,0,0.0,0,0.0,0,0.0,0,0.0,0,0.0,0,0.0,0,0.0,0,0.0,0,0.0,0,0.0,0.00,0.0,0,0,0
1502885987,直播通投托管-经典大胸-自产-狂喜-618女装-ROI-5.26,被计划暂停,审核通过,通投,直播间直接支付ROI,笔记（直播组件）,68006899000000001b03ba3b,5c6e75ba000000001201be11,图文笔记,直播通投托管-经典大胸-自产-狂喜-618女装-ROI-5.26,119599562,2025-05-26 15:08:00,0.00,0,0,0.0%,0.0,0.0,0,0.00,0.0,0,0,0.0,0,0,0.0,0,0.0,0,0.0,0,0.0,0,0.0,0,0.0,0,0.0,0,0.0,0,0.0,0,0.0,0.00,0.0,0,0,0
1502651968,直播通投托管-星河日系-自产-妈生弧-核心（36+）-ROI-5.26-视频,被计划暂停,不满足审核条件,通投,直播间直接支付ROI,笔记（直播组件）,68073b63000000001e0049d5,5c6e75ba000000001201be11,视频笔记,直播通投托管-星河日系-自产-妈生弧-核心（36+）-ROI-5.26-视频,119605495,2025-05-26 15:07:18,0.00,0,0,0.0%,0.0,0.0,0,0.00,0.0,0,0,0.0,0,0,0.0,0,0.0,0,0.0,0,0.0,0,0.0,0,0.0,0,0.0,0,0.0,0,0.0,0,0.0,0.00,0.0,0,0,0
1502885266,直播通投托管-星河日系-自产-妈生弧-618女装-ROI-5.26-视频,被计划暂停,审核通过,通投,直播间直接支付ROI,笔记（直播组件）,68073b63000000001e0049d5,5c6e75ba000000001201be11,视频笔记,直播通投托管-星河日系-自产-妈生弧-618女装-ROI-5.26-视频,119599479,2025-05-26 15:06:25,0.00,0,0,0.0%,0.0,0.0,0,0.00,0.0,0,0,0.0,0,0,0.0,0,0.0,0,0.0,0,0.0,0,0.0,0,0.0,0,0.0,0,0.0,0,0.0,0,0.0,0.00,0.0,0,0,0
1502709760,直播通投托管-星河日系-自产-妈生弧-618大促-ROI-5.26-视频,被计划暂停,审核通过,通投,直播间直接支付ROI,笔记（直播组件）,68073b63000000001e0049d5,5c6e75ba000000001201be11,视频笔记,直播通投托管-星河日系-自产-妈生弧-618大促-ROI-5.26-视频,119599454,2025-05-26 15:06:01,0.00,0,0,0.0%,0.0,0.0,0,0.00,0.0,0,0,0.0,0,0,0.0,0,0.0,0,0.0,0,0.0,0,0.0,0,0.0,0,0.0,0,0.0,0,0.0,0,0.0,0.00,0.0,0,0,0
1502593337,直播通投托管-经典大胸-自产-大胸警告-核心（36+）-ROI-5.26-视频,被计划暂停,审核通过,通投,直播间直接支付ROI,笔记（直播组件）,6811ced6000000002002ae7f,5c6e75ba000000001201be11,视频笔记,直播通投托管-经典大胸-自产-大胸警告-核心（36+）-ROI-5.26-视频,119618614,2025-05-26 15:05:25,0.00,0,0,0.0%,0.0,0.0,0,0.00,0.0,0,0,0.0,0,0,0.0,0,0.0,0,0.0,0,0.0,0,0.0,0,0.0,0,0.0,0,0.0,0,0.0,0,0.0,0.00,0.0,0,0,0
1502708642,直播通投托管-经典大胸-自产-大胸警告-618女装-ROI-5.26-视频,被计划暂停,审核通过,通投,直播间直接支付ROI,笔记（直播组件）,6811ced6000000002002ae7f,5c6e75ba000000001201be11,视频笔记,直播通投托管-经典大胸-自产-大胸警告-618女装-ROI-5.26-视频,119610978,2025-05-26 15:04:11,0.00,0,0,0.0%,0.0,0.0,0,0.00,0.0,0,0,0.0,0,0,0.0,0,0.0,0,0.0,0,0.0,0,0.0,0,0.0,0,0.0,0,0.0,0,0.0,0,0.0,0.00,0.0,0,0,0
1502591715,直播通投托管-经典大胸-自产-大胸警告-618大促-ROI-5.26,被计划暂停,不满足审核条件,通投,直播间直接支付ROI,笔记（直播组件）,6811ced6000000002002ae7f,5c6e75ba000000001201be11,视频笔记,直播通投托管-经典大胸-自产-大胸警告-618大促-ROI-5.26-视频,119615670,2025-05-26 15:03:12,0.00,0,0,0.0%,0.0,0.0,0,0.00,0.0,0,0,0.0,0,0,0.0,0,0.0,0,0.0,0,0.0,0,0.0,0,0.0,0,0.0,0,0.0,0,0.0,0,0.0,0.00,0.0,0,0,0
1502590950,直播通投托管-经典大胸-自产-显瘦神器-618女装-ROI-5.26,被计划暂停,审核通过,通投,直播间直接支付ROI,笔记（直播组件）,67c16251000000000d01580e,5c6e75ba000000001201be11,图文笔记,直播通投托管-经典大胸-自产-显瘦神器-618女装-ROI-5.26,119593611,2025-05-26 15:02:30,0.00,0,0,0.0%,0.0,0.0,0,0.00,0.0,0,0,0.0,0,0,0.0,0,0.0,0,0.0,0,0.0,0,0.0,0,0.0,0,0.0,0,0.0,0,0.0,0,0.0,0.00,0.0,0,0,0
1502706323,直播通投托管-经典大胸-自产-显瘦神器-618大促-ROI-5.26,被计划暂停,审核通过,通投,直播间直接支付ROI,笔记（直播组件）,67c16251000000000d01580e,5c6e75ba000000001201be11,图文笔记,直播通投托管-经典大胸-自产-显瘦神器-618大促-ROI-5.26,119610775,2025-05-26 15:02:02,0.00,0,0,0.0%,0.0,0.0,0,0.00,0.0,0,0,0.0,0,0,0.0,0,0.0,0,0.0,0,0.0,0,0.0,0,0.0,0,0.0,0,0.0,0,0.0,0,0.0,0.00,0.0,0,0,0
1502820853,直播通投托管-糯糯杯大胸-自产-美晕-618女装-ROI-5.26,被计划暂停,审核通过,通投,直播间直接支付ROI,笔记（直播组件）,67ebb578000000001e006c94,5c6e75ba000000001201be11,图文笔记,直播通投托管-糯糯杯大胸-自产-美晕-618女装-ROI-5.26,119604950,2025-05-26 14:59:50,0.00,0,0,0.0%,0.0,0.0,0,0.00,0.0,0,0,0.0,0,0,0.0,0,0.0,0,0.0,0,0.0,0,0.0,0,0.0,0,0.0,0,0.0,0,0.0,0,0.0,0.00,0.0,0,0,0
1502820533,直播通投托管-糯糯杯大胸-自产-美晕-618大促-ROI-5.26,被计划暂停,不满足审核条件,通投,直播间直接支付ROI,笔记（直播组件）,67ebb578000000001e006c94,5c6e75ba000000001201be11,图文笔记,直播通投托管-糯糯杯大胸-自产-美晕-618大促-ROI-5.26,119593414,2025-05-26 14:59:09,0.00,0,0,0.0%,0.0,0.0,0,0.00,0.0,0,0,0.0,0,0,0.0,0,0.0,0,0.0,0,0.0,0,0.0,0,0.0,0,0.0,0,0.0,0,0.0,0,0.0,0.00,0.0,0,0,0
1502701381,直播通投托管-糯糯杯大胸-自产-开挂-618女装-ROI-5.26,被计划暂停,审核通过,通投,直播间直接支付ROI,笔记（直播组件）,67ebb7c0000000001b0249d3,5c6e75ba000000001201be11,图文笔记,直播通投托管-糯糯杯大胸-自产-开挂-618女装-ROI-5.26,119598887,2025-05-26 14:58:15,0.00,0,0,0.0%,0.0,0.0,0,0.00,0.0,0,0,0.0,0,0,0.0,0,0.0,0,0.0,0,0.0,0,0.0,0,0.0,0,0.0,0,0.0,0,0.0,0,0.0,0.00,0.0,0,0,0
1502642733,直播通投托管-糯糯杯大胸-自产-开挂-618大促-ROI-5.26,被计划暂停,审核通过,通投,直播间直接支付ROI,笔记（直播组件）,67ebb7c0000000001b0249d3,5c6e75ba000000001201be11,图文笔记,直播通投托管-糯糯杯大胸-自产-开挂-618大促-ROI-5.26,119610520,2025-05-26 14:57:45,0.00,0,0,0.0%,0.0,0.0,0,0.00,0.0,0,0,0.0,0,0,0.0,0,0.0,0,0.0,0,0.0,0,0.0,0,0.0,0,0.0,0,0.0,0,0.0,0,0.0,0.00,0.0,0,0,0
1502869008,直播通投托管-轻挺系列-自产-跪了-直播人群-ROI-5.26-视频,被计划暂停,审核通过,通投,直播间直接支付ROI,笔记（直播组件）,682565c6000000002102d4c1,5c6e75ba000000001201be11,视频笔记,直播通投托管-轻挺系列-自产-跪了-直播人群-ROI-5.26-视频,119598450,2025-05-26 14:50:33,0.00,0,0,0.0%,0.0,0.0,0,0.00,0.0,0,0,0.0,0,0,0.0,0,0.0,0,0.0,0,0.0,0,0.0,0,0.0,0,0.0,0,0.0,0,0.0,0,0.0,0.00,0.0,0,0,0
1502868562,直播通投托管-星河日系-自产-蕾丝战甲-直播人群-ROI-5.26-视频,被计划暂停,审核通过,通投,直播间直接支付ROI,笔记（直播组件）,682566f600000000210187fe,5c6e75ba000000001201be11,视频笔记,直播通投托管-星河日系-自产-蕾丝战甲-直播人群-ROI-5.26-视频,119610111,2025-05-26 14:50:10,0.00,0,0,0.0%,0.0,0.0,0,0.00,0.0,0,0,0.0,0,0,0.0,0,0.0,0,0.0,0,0.0,0,0.0,0,0.0,0,0.0,0,0.0,0,0.0,0,0.0,0.00,0.0,0,0,0
1502692237,直播通投托管-经典大胸-自产-盛宴-直播人群-ROI-5.26,被计划暂停,审核通过,通投,直播间直接支付ROI,笔记（直播组件）,682fcf1d0000000021004862,5c6e75ba000000001201be11,图文笔记,直播通投托管-经典大胸-自产-盛宴-直播人群-ROI-5.26,119598353,2025-05-26 14:47:57,0.00,0,0,0.0%,0.0,0.0,0,0.00,0.0,0,0,0.0,0,0,0.0,0,0.0,0,0.0,0,0.0,0,0.0,0,0.0,0,0.0,0,0.0,0,0.0,0,0.0,0.00,0.0,0,0,0
1496885496,直播通投托管-经典大胸-自产-高颜值-核心（36+）-ROI-5.25,被计划暂停,审核通过,通投,直播间直接支付ROI,笔记（直播组件）,67da1636000000000302941e,5c6e75ba000000001201be11,图文笔记,直播通投托管-经典大胸-自产-高颜值-核心（36+）-ROI-5.25,119424615,2025-05-25 11:58:34,0.00,0,0,0.0%,0.0,0.0,0,0.00,0.0,0,0,0.0,0,0,0.0,0,0.0,0,0.0,0,0.0,0,0.0,0,0.0,0,0.0,0,0.0,0,0.0,0,0.0,0.00,0.0,0,0,0
1480764949,直播通投托管-糯糯杯小胸-自产-水蜜桃-直播人群-ROI-5.22,被计划暂停,不满足审核条件,通投,直播间直接支付ROI,笔记（直播组件）,67ff1ee7000000001d01d678,5c6e75ba000000001201be11,图文笔记,直播通投托管-糯糯杯小胸-自产-水蜜桃-直播人群-ROI-5.22,118837650,2025-05-22 14:31:44,0.00,0,0,0.0%,0.0,0.0,0,0.00,0.0,0,0,0.0,0,0,0.0,0,0.0,0,0.0,0,0.0,0,0.0,0,0.0,0,0.0,0,0.0,0,0.0,0,0.0,0.00,0.0,0,0,0
1480762494,直播通投托管-经典大胸-自产-天花板-价格囤货（36+）-ROI-5.22,被计划暂停,审核通过,通投,直播间直接支付ROI,笔记（直播组件）,67f477e9000000001d03acdc,5c6e75ba000000001201be11,图文笔记,直播通投托管-经典大胸-自产-天花板-价格囤货（36+）-ROI-5.22,118837492,2025-05-22 14:29:13,0.00,0,0,0.0%,0.0,0.0,0,0.00,0.0,0,0,0.0,0,0,0.0,0,0.0,0,0.0,0,0.0,0,0.0,0,0.0,0,0.0,0,0.0,0,0.0,0,0.0,0.00,0.0,0,0,0
1479683231,直播通投托管-糯糯杯大胸-自产-大胸显瘦-细节装饰（36+）-ROI-5.22,被计划暂停,审核通过,通投,直播间直接支付ROI,笔记（直播组件）,67c166ae000000000903b4ad,5c6e75ba000000001201be11,图文笔记,直播通投托管-糯糯杯大胸-自产-大胸显瘦-细节装饰（36+）-ROI-5.22,118817081,2025-05-22 11:09:01,0.00,0,0,0.0%,0.0,0.0,0,0.00,0.0,0,0,0.0,0,0,0.0,0,0.0,0,0.0,0,0.0,0,0.0,0,0.0,0,0.0,0,0.0,0,0.0,0,0.0,0.00,0.0,0,0,0
1462626462,直播通投托管-糯糯杯小胸-自产-小胸显圆-细节装饰（36+）-ROI-5.19,被计划暂停,不满足审核条件,通投,直播间直接支付ROI,笔记（直播组件）,680d9838000000001d0211d8,5c6e75ba000000001201be11,图文笔记,直播通投托管-糯糯杯小胸-自产-小胸显圆-细节装饰（36+）-ROI-5.19,118205620,2025-05-19 17:40:54,0.00,0,0,0.0%,0.0,0.0,0,0.00,0.0,0,0,0.0,0,0,0.0,0,0.0,0,0.0,0,0.0,0,0.0,0,0.0,0,0.0,0,0.0,0,0.0,0,0.0,0.00,0.0,0,0,0
1462858777,直播通投托管-糯糯杯小胸-自产-小胸显圆-520送礼（36+）-ROI-5.19,被计划暂停,不满足审核条件,通投,直播间直接支付ROI,笔记（直播组件）,680d9838000000001d0211d8,5c6e75ba000000001201be11,图文笔记,直播通投托管-糯糯杯小胸-自产-小胸显圆-520送礼（36+）-ROI-5.19,118176880,2025-05-19 17:40:18,0.00,0,0,0.0%,0.0,0.0,0,0.00,0.0,0,0,0.0,0,0,0.0,0,0.0,0,0.0,0,0.0,0,0.0,0,0.0,0,0.0,0,0.0,0,0.0,0,0.0,0.00,0.0,0,0,0
1462684579,直播通投托管-糯糯杯小胸-自产-小胸显圆-价格囤货（36+）-ROI-5.19,被计划暂停,审核通过,通投,直播间直接支付ROI,笔记（直播组件）,680d9838000000001d0211d8,5c6e75ba000000001201be11,图文笔记,直播通投托管-糯糯杯小胸-自产-小胸显圆-价格囤货（36+）-ROI-5.19,118188067,2025-05-19 17:39:41,0.00,0,0,0.0%,0.0,0.0,0,0.00,0.0,0,0,0.0,0,0,0.0,0,0.0,0,0.0,0,0.0,0,0.0,0,0.0,0,0.0,0,0.0,0,0.0,0,0.0,0.00,0.0,0,0,0
1462799589,直播通投托管-糯糯杯大胸-自产-不是梦-细节装饰（36+）-ROI-5.19,被计划暂停,不满足审核条件,通投,直播间直接支付ROI,笔记（直播组件）,6811c4fc0000000022005c60,5c6e75ba000000001201be11,图文笔记,直播通投托管-糯糯杯大胸-自产-不是梦-细节装饰（36+）-ROI-5.19,118176813,2025-05-19 17:38:56,0.00,0,0,0.0%,0.0,0.0,0,0.00,0.0,0,0,0.0,0,0,0.0,0,0.0,0,0.0,0,0.0,0,0.0,0,0.0,0,0.0,0,0.0,0,0.0,0,0.0,0.00,0.0,0,0,0
1462565935,直播通投托管-糯糯杯大胸-自产-不是梦-价格囤货（36+）-ROI-5.19,被计划暂停,不满足审核条件,通投,直播间直接支付ROI,笔记（直播组件）,6811c4fc0000000022005c60,5c6e75ba000000001201be11,图文笔记,直播通投托管-糯糯杯大胸-自产-不是梦-价格囤货（36+）-ROI-5.19,118176784,2025-05-19 17:38:28,0.00,0,0,0.0%,0.0,0.0,0,0.00,0.0,0,0,0.0,0,0,0.0,0,0.0,0,0.0,0,0.0,0,0.0,0,0.0,0,0.0,0,0.0,0,0.0,0,0.0,0.00,0.0,0,0,0
1462683417,直播通投托管-糯糯杯大胸-自产-不是梦-520送礼（36+）-ROI-5.19,被计划暂停,审核通过,通投,直播间直接支付ROI,笔记（直播组件）,6811c4fc0000000022005c60,5c6e75ba000000001201be11,图文笔记,直播通投托管-糯糯杯大胸-自产-不是梦-520送礼（36+）-ROI-5.19,118205456,2025-05-19 17:37:54,0.00,0,0,0.0%,0.0,0.0,0,0.00,0.0,0,0,0.0,0,0,0.0,0,0.0,0,0.0,0,0.0,0,0.0,0,0.0,0,0.0,0,0.0,0,0.0,0,0.0,0.00,0.0,0,0,0
1462622358,直播通投托管-经典大胸-自产-加分-520送礼（36+）-ROI-5.19,被计划暂停,审核通过,通投,直播间直接支付ROI,笔记（直播组件）,67f8e09f000000001e00b038,5c6e75ba000000001201be11,图文笔记,直播通投托管-经典大胸-自产-加分-520送礼（36+）-ROI-5.19,118176702,2025-05-19 17:36:44,0.00,0,0,0.0%,0.0,0.0,0,0.00,0.0,0,0,0.0,0,0,0.0,0,0.0,0,0.0,0,0.0,0,0.0,0,0.0,0,0.0,0,0.0,0,0.0,0,0.0,0.00,0.0,0,0,0
1462736260,直播通投托管-经典大胸-自产-受难记-细节装饰（36+）-ROI-5.19,被计划暂停,不满足审核条件,通投,直播间直接支付ROI,笔记（直播组件）,6811e6db000000002102f15e,5c6e75ba000000001201be11,图文笔记,直播通投托管-经典大胸-自产-受难记-细节装饰（36+）-ROI-5.19,118182311,2025-05-19 17:35:08,0.00,0,0,0.0%,0.0,0.0,0,0.00,0.0,0,0,0.0,0,0,0.0,0,0.0,0,0.0,0,0.0,0,0.0,0,0.0,0,0.0,0,0.0,0,0.0,0,0.0,0.00,0.0,0,0,0
1462561266,直播通投托管-经典大胸-自产-受难记-价格囤货（36+）-ROI-5.19,被计划暂停,审核通过,通投,直播间直接支付ROI,笔记（直播组件）,6811e6db000000002102f15e,5c6e75ba000000001201be11,图文笔记,直播通投托管-经典大胸-自产-受难记-价格囤货（36+）-ROI-5.19,118193746,2025-05-19 17:34:37,0.00,0,0,0.0%,0.0,0.0,0,0.00,0.0,0,0,0.0,0,0,0.0,0,0.0,0,0.0,0,0.0,0,0.0,0,0.0,0,0.0,0,0.0,0,0.0,0,0.0,0.00,0.0,0,0,0
1462560437,直播通投托管-经典大胸-自产-受难记-520送礼（36+）-ROI-5.19,被计划暂停,审核通过,通投,直播间直接支付ROI,笔记（直播组件）,6811e6db000000002102f15e,5c6e75ba000000001201be11,图文笔记,直播通投托管-经典大胸-自产-受难记-520送礼（36+）-ROI-5.19,118182254,2025-05-19 17:34:05,0.00,0,0,0.0%,0.0,0.0,0,0.00,0.0,0,0,0.0,0,0,0.0,0,0.0,0,0.0,0,0.0,0,0.0,0,0.0,0,0.0,0,0.0,0,0.0,0,0.0,0.00,0.0,0,0,0
1454835158,直播通投托管-测线美-自产-侧颜-直播人群-ROI-5.18,被计划暂停,不满足审核条件,通投,直播间直接支付ROI,笔记（直播组件）,6811ea2d000000002100bec3,5c6e75ba000000001201be11,图文笔记,直播通投托管-测线美-自产-侧颜-直播人群-ROI-5.18,117942867,2025-05-18 10:38:27,0.00,0,0,0.0%,0.0,0.0,0,0.00,0.0,0,0,0.0,0,0,0.0,0,0.0,0,0.0,0,0.0,0,0.0,0,0.0,0,0.0,0,0.0,0,0.0,0,0.0,0.00,0.0,0,0,0
1454894473,直播通投托管-经典大胸-自产-受难记-直播人群-ROI-5.18,被计划暂停,审核通过,通投,直播间直接支付ROI,笔记（直播组件）,6811e6db000000002102f15e,5c6e75ba000000001201be11,图文笔记,直播通投托管-经典大胸-自产-受难记-直播人群-ROI-5.18,117925391,2025-05-18 10:37:51,0.00,0,0,0.0%,0.0,0.0,0,0.00,0.0,0,0,0.0,0,0,0.0,0,0.0,0,0.0,0,0.0,0,0.0,0,0.0,0,0.0,0,0.0,0,0.0,0,0.0,0.00,0.0,0,0,0
1454834868,直播通投托管-糯糯杯大胸-自产-不是梦-直播人群-ROI-5.18,被计划暂停,不满足审核条件,通投,直播间直接支付ROI,笔记（直播组件）,6811c4fc0000000022005c60,5c6e75ba000000001201be11,图文笔记,直播通投托管-糯糯杯大胸-自产-不是梦-直播人群-ROI-5.18,117954557,2025-05-18 10:37:12,0.00,0,0,0.0%,0.0,0.0,0,0.00,0.0,0,0,0.0,0,0,0.0,0,0.0,0,0.0,0,0.0,0,0.0,0,0.0,0,0.0,0,0.0,0,0.0,0,0.0,0.00,0.0,0,0,0
1454776625,直播通投托管-糯糯杯小胸-自产-C位-直播人群-ROI-5.18-视频,被计划暂停,不满足审核条件,通投,直播间直接支付ROI,笔记（直播组件）,6811cf45000000002001c1d3,5c6e75ba000000001201be11,视频笔记,直播通投托管-糯糯杯小胸-自产-C位-直播人群-ROI-5.18-视频,117925337,2025-05-18 10:34:44,0.00,0,0,0.0%,0.0,0.0,0,0.00,0.0,0,0,0.0,0,0,0.0,0,0.0,0,0.0,0,0.0,0,0.0,0,0.0,0,0.0,0,0.0,0,0.0,0,0.0,0.00,0.0,0,0,0
1454949360,直播通投托管-经典大胸-自产-大胸警告-直播人群-ROI-5.18-视频,被计划暂停,审核通过,通投,直播间直接支付ROI,笔记（直播组件）,6811ced6000000002002ae7f,5c6e75ba000000001201be11,视频笔记,直播通投托管-经典大胸-自产-大胸警告-直播人群-ROI-5.18-视频,117948593,2025-05-18 10:34:04,0.00,0,0,0.0%,0.0,0.0,0,0.00,0.0,0,0,0.0,0,0,0.0,0,0.0,0,0.0,0,0.0,0,0.0,0,0.0,0,0.0,0,0.0,0,0.0,0,0.0,0.00,0.0,0,0,0
1443950319,直播通投托管-经典大胸-自产-DNA-价格囤货（36+）-ROI-5.16-视频,被计划暂停,审核通过,通投,直播间直接支付ROI,笔记（直播组件）,680613b4000000001d01fafe,5c6e75ba000000001201be11,视频笔记,直播通投托管-经典大胸-自产-DNA-价格囤货（36+）-ROI-5.16-视频,117623116,2025-05-16 14:59:35,0.00,0,0,0.0%,0.0,0.0,0,0.00,0.0,0,0,0.0,0,0,0.0,0,0.0,0,0.0,0,0.0,0,0.0,0,0.0,0,0.0,0,0.0,0,0.0,0,0.0,0.00,0.0,0,0,0
1444008838,直播通投托管-经典大胸-自产-DNA-细节装饰（36+）-ROI-5.16-视频,被计划暂停,不满足审核条件,通投,直播间直接支付ROI,笔记（直播组件）,680613b4000000001d01fafe,5c6e75ba000000001201be11,视频笔记,直播通投托管-经典大胸-自产-DNA-细节装饰（36+）-ROI-5.16-视频,117617201,2025-05-16 14:59:07,0.00,0,0,0.0%,0.0,0.0,0,0.00,0.0,0,0,0.0,0,0,0.0,0,0.0,0,0.0,0,0.0,0,0.0,0,0.0,0,0.0,0,0.0,0,0.0,0,0.0,0.00,0.0,0,0,0
1444123122,直播通投托管-糯糯杯小胸-自产-水蜜桃-价格囤货（36+）-ROI-5.16,被计划暂停,审核通过,通投,直播间直接支付ROI,笔记（直播组件）,67ff1ee7000000001d01d678,5c6e75ba000000001201be11,图文笔记,直播通投托管-糯糯杯小胸-自产-水蜜桃-价格囤货（36+）-ROI-5.16,117605090,2025-05-16 14:56:42,0.00,0,0,0.0%,0.0,0.0,0,0.00,0.0,0,0,0.0,0,0,0.0,0,0.0,0,0.0,0,0.0,0,0.0,0,0.0,0,0.0,0,0.0,0,0.0,0,0.0,0.00,0.0,0,0,0
1444007202,直播通投托管-糯糯杯小胸-自产-水蜜桃-细节装饰（36+）-ROI-5.16,被计划暂停,审核通过,通投,直播间直接支付ROI,笔记（直播组件）,67ff1ee7000000001d01d678,5c6e75ba000000001201be11,图文笔记,直播通投托管-糯糯杯小胸-自产-水蜜桃-细节装饰（36+）-ROI-5.16,117605046,2025-05-16 14:56:12,0.00,0,0,0.0%,0.0,0.0,0,0.00,0.0,0,0,0.0,0,0,0.0,0,0.0,0,0.0,0,0.0,0,0.0,0,0.0,0,0.0,0,0.0,0,0.0,0,0.0,0.00,0.0,0,0,0
1431289809,直播通投托管-糯糯杯小胸-自产-水蜜桃-520送礼（36+）-ROI-5.14,被计划暂停,审核通过,通投,直播间直接支付ROI,笔记（直播组件）,67ff1ee7000000001d01d678,5c6e75ba000000001201be11,图文笔记,直播通投托管-糯糯杯小胸-自产-水蜜桃-520送礼（36+）-ROI-5.14,117137544,2025-05-14 16:21:49,0.00,0,0,0.0%,0.0,0.0,0,0.00,0.0,0,0,0.0,0,0,0.0,0,0.0,0,0.0,0,0.0,0,0.0,0,0.0,0,0.0,0,0.0,0,0.0,0,0.0,0.00,0.0,0,0,0
1431288882,直播通投托管-糯糯杯大胸-自产-美晕-520送礼（36+）-ROI-5.14,被计划暂停,审核通过,通投,直播间直接支付ROI,笔记（直播组件）,67ebb578000000001e006c94,5c6e75ba000000001201be11,图文笔记,直播通投托管-糯糯杯大胸-自产-美晕-520送礼（36+）-ROI-5.14,117137512,2025-05-14 16:21:08,0.00,0,0,0.0%,0.0,0.0,0,0.00,0.0,0,0,0.0,0,0,0.0,0,0.0,0,0.0,0,0.0,0,0.0,0,0.0,0,0.0,0,0.0,0,0.0,0,0.0,0.00,0.0,0,0,0
1431233438,直播通投托管-糯糯杯大胸-自产-开挂-520送礼（36+）-ROI-5.14,被计划暂停,审核通过,通投,直播间直接支付ROI,笔记（直播组件）,67ebb7c0000000001b0249d3,5c6e75ba000000001201be11,图文笔记,直播通投托管-糯糯杯大胸-自产-开挂-520送礼（36+）-ROI-5.14,117131431,2025-05-14 16:19:16,0.00,0,0,0.0%,0.0,0.0,0,0.00,0.0,0,0,0.0,0,0,0.0,0,0.0,0,0.0,0,0.0,0,0.0,0,0.0,0,0.0,0,0.0,0,0.0,0,0.0,0.00,0.0,0,0,0
1431170421,直播通投托管-经典大胸-自产-DNA-520送礼（36+）-ROI-5.14-视频,被计划暂停,审核通过,通投,直播间直接支付ROI,笔记（直播组件）,680613b4000000001d01fafe,5c6e75ba000000001201be11,视频笔记,直播通投托管-经典大胸-自产-DNA-520送礼（36+）-ROI-5.14-视频,117131203,2025-05-14 16:14:07,0.00,0,0,0.0%,0.0,0.0,0,0.00,0.0,0,0,0.0,0,0,0.0,0,0.0,0,0.0,0,0.0,0,0.0,0,0.0,0,0.0,0,0.0,0,0.0,0,0.0,0.00,0.0,0,0,0
1431064122,直播通投托管-经典大胸-自产-高颜值-520送礼（36+）-ROI-5.14,被计划暂停,不满足审核条件,通投,直播间直接支付ROI,笔记（直播组件）,67da1636000000000302941e,5c6e75ba000000001201be11,图文笔记,直播通投托管-经典大胸-自产-高颜值-520送礼（36+）-ROI-5.14,117113849,2025-05-14 16:13:27,0.00,0,0,0.0%,0.0,0.0,0,0.00,0.0,0,0,0.0,0,0,0.0,0,0.0,0,0.0,0,0.0,0,0.0,0,0.0,0,0.0,0,0.0,0,0.0,0,0.0,0.00,0.0,0,0,0
1431018007,直播通投托管-经典大胸-自产-天花板-520送礼（36+）-ROI-5.14,被计划暂停,审核通过,通投,直播间直接支付ROI,笔记（直播组件）,67f477e9000000001d03acdc,5c6e75ba000000001201be11,图文笔记,直播通投托管-经典大胸-自产-天花板-520送礼（36+）-ROI-5.14,117113727,2025-05-14 16:11:03,0.00,0,0,0.0%,0.0,0.0,0,0.00,0.0,0,0,0.0,0,0,0.0,0,0.0,0,0.0,0,0.0,0,0.0,0,0.0,0,0.0,0,0.0,0,0.0,0,0.0,0.00,0.0,0,0,0
1428799317,直播通投托管-经典大胸-自产-显薄显瘦-细节装饰（36+）-ROI-5.14,被计划暂停,不满足审核条件,通投,直播间直接支付ROI,笔记（直播组件）,680afd56000000001c00d6da,5c6e75ba000000001201be11,图文笔记,直播通投托管-经典大胸-自产-显薄显瘦-细节装饰（36+）-ROI-5.14,117035520,2025-05-14 09:58:46,0.00,0,0,0.0%,0.0,0.0,0,0.00,0.0,0,0,0.0,0,0,0.0,0,0.0,0,0.0,0,0.0,0,0.0,0,0.0,0,0.0,0,0.0,0,0.0,0,0.0,0.00,0.0,0,0,0
1428743261,直播通投托管-经典大胸-自产-天花板-细节装饰（36+）-ROI-5.14,被计划暂停,不满足审核条件,通投,直播间直接支付ROI,笔记（直播组件）,67f477e9000000001d03acdc,5c6e75ba000000001201be11,图文笔记,直播通投托管-经典大胸-自产-天花板-细节装饰（36+）-ROI-5.14,117018750,2025-05-14 09:55:28,0.00,0,0,0.0%,0.0,0.0,0,0.00,0.0,0,0,0.0,0,0,0.0,0,0.0,0,0.0,0,0.0,0,0.0,0,0.0,0,0.0,0,0.0,0,0.0,0,0.0,0.00,0.0,0,0,0
1428624303,直播通投托管-经典大胸-自产-DNA-直播人群-ROI-5.14-视频,被计划暂停,审核通过,通投,直播间直接支付ROI,笔记（直播组件）,680613b4000000001d01fafe,5c6e75ba000000001201be11,视频笔记,直播通投托管-经典大胸-自产-DNA-直播人群-ROI-5.14-视频,117007021,2025-05-14 09:54:55,0.00,0,0,0.0%,0.0,0.0,0,0.00,0.0,0,0,0.0,0,0,0.0,0,0.0,0,0.0,0,0.0,0,0.0,0,0.0,0,0.0,0,0.0,0,0.0,0,0.0,0.00,0.0,0,0,0
1418250800,直播通投托管-糯糯杯大胸-自产-美晕-核心（36+）-ROI-5.12（测试）,被计划暂停,审核通过,通投,直播间直接支付ROI,笔记（直播组件）,67ebb578000000001e006c94,5c6e75ba000000001201be11,图文笔记,直播通投托管-糯糯杯大胸-自产-美晕-核心（36+）-ROI-5.12（测试）,116672783,2025-05-12 16:01:00,0.00,0,0,0.0%,0.0,0.0,0,0.00,0.0,0,0,0.0,0,0,0.0,0,0.0,0,0.0,0,0.0,0,0.0,0,0.0,0,0.0,0,0.0,0,0.0,0,0.0,0.00,0.0,0,0,0
1418248678,直播通投托管-糯糯杯大胸-自产-开挂-核心（36+）-ROI-5.12（测试）,被计划暂停,审核通过,通投,直播间直接支付ROI,笔记（直播组件）,67ebb7c0000000001b0249d3,5c6e75ba000000001201be11,图文笔记,直播通投托管-糯糯杯大胸-自产-开挂-核心（36+）-ROI-5.12（测试）,116656172,2025-05-12 16:00:26,0.00,0,0,0.0%,0.0,0.0,0,0.00,0.0,0,0,0.0,0,0,0.0,0,0.0,0,0.0,0,0.0,0,0.0,0,0.0,0,0.0,0,0.0,0,0.0,0,0.0,0.00,0.0,0,0,0
1418360251,直播通投托管-经典大胸-自产-天花板-核心（36+）-ROI-5.12（测试）,被计划暂停,审核通过,通投,直播间直接支付ROI,笔记（直播组件）,67f477e9000000001d03acdc,5c6e75ba000000001201be11,图文笔记,直播通投托管-经典大胸-自产-天花板-核心（36+）-ROI-5.12（测试）,116655995,2025-05-12 15:59:28,0.00,0,0,0.0%,0.0,0.0,0,0.00,0.0,0,0,0.0,0,0,0.0,0,0.0,0,0.0,0,0.0,0,0.0,0,0.0,0,0.0,0,0.0,0,0.0,0,0.0,0.00,0.0,0,0,0
1418243738,直播通投托管-经典大胸-自产-高颜值-核心（36+）-ROI-5.12（测试）,被计划暂停,审核通过,通投,直播间直接支付ROI,笔记（直播组件）,67da1636000000000302941e,5c6e75ba000000001201be11,图文笔记,直播通投托管-经典大胸-自产-高颜值-核心（36+）-ROI-5.12（测试）,116667106,2025-05-12 15:56:52,0.00,0,0,0.0%,0.0,0.0,0,0.00,0.0,0,0,0.0,0,0,0.0,0,0.0,0,0.0,0,0.0,0,0.0,0,0.0,0,0.0,0,0.0,0,0.0,0,0.0,0.00,0.0,0,0,0
1382868567,直播通投托管-星河日系-自产-秘密-母亲节送礼-ROI-5.6-视频,被计划暂停,审核通过,通投,直播间直接支付ROI,笔记（直播组件）,67e67beb000000001d01dc58,5c6e75ba000000001201be11,视频笔记,直播通投托管-星河日系-自产-秘密-母亲节送礼-ROI-5.6-视频,115406876,2025-05-06 14:54:03,0.00,0,0,0.0%,0.0,0.0,0,0.00,0.0,0,0,0.0,0,0,0.0,0,0.0,0,0.0,0,0.0,0,0.0,0,0.0,0,0.0,0,0.0,0,0.0,0,0.0,0.00,0.0,0,0,0
1382867550,直播通投托管-糯糯杯小胸-自产-自然显大-母亲节送礼-ROI-5.6,被计划暂停,不满足审核条件,通投,直播间直接支付ROI,笔记（直播组件）,67f87f9e000000001d0263d7,5c6e75ba000000001201be11,图文笔记,直播通投托管-糯糯杯小胸-自产-自然显大-母亲节送礼-ROI-5.6,115406846,2025-05-06 14:53:10,0.00,0,0,0.0%,0.0,0.0,0,0.00,0.0,0,0,0.0,0,0,0.0,0,0.0,0,0.0,0,0.0,0,0.0,0,0.0,0,0.0,0,0.0,0,0.0,0,0.0,0.00,0.0,0,0,0
1382924225,直播通投托管-糯糯杯大胸-自产-开挂-母亲节送礼-ROI-5.6,被计划暂停,审核通过,通投,直播间直接支付ROI,笔记（直播组件）,67ebb7c0000000001b0249d3,5c6e75ba000000001201be11,图文笔记,直播通投托管-糯糯杯大胸-自产-开挂-母亲节送礼-ROI-5.6,115384638,2025-05-06 14:52:25,0.00,0,0,0.0%,0.0,0.0,0,0.00,0.0,0,0,0.0,0,0,0.0,0,0.0,0,0.0,0,0.0,0,0.0,0,0.0,0,0.0,0,0.0,0,0.0,0,0.0,0.00,0.0,0,0,0
1382806736,直播通投托管-经典大胸-自产-显瘦神器-母亲节送礼-ROI-5.6,被计划暂停,审核通过,通投,直播间直接支付ROI,笔记（直播组件）,67c16251000000000d01580e,5c6e75ba000000001201be11,图文笔记,直播通投托管-经典大胸-自产-显瘦神器-母亲节送礼-ROI-5.6,115390492,2025-05-06 14:51:42,0.00,0,0,0.0%,0.0,0.0,0,0.00,0.0,0,0,0.0,0,0,0.0,0,0.0,0,0.0,0,0.0,0,0.0,0,0.0,0,0.0,0,0.0,0,0.0,0,0.0,0.00,0.0,0,0,0
1382677991,直播通投托管-经典大胸-自产-高颜值-母亲节送礼-ROI-5.6,被计划暂停,审核通过,通投,直播间直接支付ROI,笔记（直播组件）,67da1636000000000302941e,5c6e75ba000000001201be11,图文笔记,直播通投托管-经典大胸-自产-高颜值-母亲节送礼-ROI-5.6,115378868,2025-05-06 14:51:06,0.00,0,0,0.0%,0.0,0.0,0,0.00,0.0,0,0,0.0,0,0,0.0,0,0.0,0,0.0,0,0.0,0,0.0,0,0.0,0,0.0,0,0.0,0,0.0,0,0.0,0.00,0.0,0,0,0
1382709904,直播通投托管-经典大胸-自产-天花板-母亲节送礼-ROI-5.6,被计划暂停,不满足审核条件,通投,直播间直接支付ROI,笔记（直播组件）,67f477e9000000001d03acdc,5c6e75ba000000001201be11,图文笔记,直播通投托管-经典大胸-自产-天花板-母亲节送礼-ROI-5.6,115401461,2025-05-06 14:50:08,0.00,0,0,0.0%,0.0,0.0,0,0.00,0.0,0,0,0.0,0,0,0.0,0,0.0,0,0.0,0,0.0,0,0.0,0,0.0,0,0.0,0,0.0,0,0.0,0,0.0,0.00,0.0,0,0,0
1382411965,直播通投托管-轻挺系列-自产-闷热凸点-直播人群-ROI-5.6-视频,被计划暂停,审核通过,通投,直播间直接支付ROI,笔记（直播组件）,68073bfd000000001b0259c8,5c6e75ba000000001201be11,视频笔记,直播通投托管-轻挺系列-自产-闷热凸点-直播人群-ROI-5.6-视频,115377386,2025-05-06 14:18:02,0.00,0,0,0.0%,0.0,0.0,0,0.00,0.0,0,0,0.0,0,0,0.0,0,0.0,0,0.0,0,0.0,0,0.0,0,0.0,0,0.0,0,0.0,0,0.0,0,0.0,0.00,0.0,0,0,0
1382411565,直播通投托管-星河日系-自产-妈生弧-直播人群-ROI-5.6-视频,被计划暂停,审核通过,通投,直播间直接支付ROI,笔记（直播组件）,68073b63000000001e0049d5,5c6e75ba000000001201be11,视频笔记,直播通投托管-星河日系-自产-妈生弧-直播人群-ROI-5.6-视频,115394295,2025-05-06 14:17:11,0.00,0,0,0.0%,0.0,0.0,0,0.00,0.0,0,0,0.0,0,0,0.0,0,0.0,0,0.0,0,0.0,0,0.0,0,0.0,0,0.0,0,0.0,0,0.0,0,0.0,0.00,0.0,0,0,0
1382470406,直播通投托管-经典大胸-自产-DNA-直播人群-ROI-5.6-视频,被计划暂停,审核通过,通投,直播间直接支付ROI,笔记（直播组件）,680613b4000000001d01fafe,5c6e75ba000000001201be11,视频笔记,直播通投托管-经典大胸-自产-DNA-直播人群-ROI-5.6-视频,115388946,2025-05-06 14:16:42,0.00,0,0,0.0%,0.0,0.0,0,0.00,0.0,0,0,0.0,0,0,0.0,0,0.0,0,0.0,0,0.0,0,0.0,0,0.0,0,0.0,0,0.0,0,0.0,0,0.0,0.00,0.0,0,0,0
1382526121,直播通投托管-糯糯杯小胸-自产-小胸显圆-直播人群-ROI-5.6,被计划暂停,审核通过,通投,直播间直接支付ROI,笔记（直播组件）,680d9838000000001d0211d8,5c6e75ba000000001201be11,图文笔记,直播通投托管-糯糯杯小胸-自产-小胸显圆-直播人群-ROI-5.6,115388790,2025-05-06 14:12:56,0.00,0,0,0.0%,0.0,0.0,0,0.00,0.0,0,0,0.0,0,0,0.0,0,0.0,0,0.0,0,0.0,0,0.0,0,0.0,0,0.0,0,0.0,0,0.0,0,0.0,0.00,0.0,0,0,0
1382639310,直播通投托管-经典大胸-自产-显薄显瘦-直播人群-ROI-5.6,被计划暂停,审核通过,通投,直播间直接支付ROI,笔记（直播组件）,680afd56000000001c00d6da,5c6e75ba000000001201be11,图文笔记,直播通投托管-经典大胸-自产-显薄显瘦-直播人群-ROI-5.6,115377174,2025-05-06 14:12:04,0.00,0,0,0.0%,0.0,0.0,0,0.00,0.0,0,0,0.0,0,0,0.0,0,0.0,0,0.0,0,0.0,0,0.0,0,0.0,0,0.0,0,0.0,0,0.0,0,0.0,0.00,0.0,0,0,0
1368685047,直播通投托管-星河日系-自产-辣妹-直播人群-ROI-5.3,被计划暂停,审核通过,通投,直播间直接支付ROI,笔记（直播组件）,68009b12000000001b026a5d,5c6e75ba000000001201be11,图文笔记,直播通投托管-星河日系-自产-辣妹-直播人群-ROI-5.3,114964421,2025-05-03 12:02:27,0.00,0,0,0.0%,0.0,0.0,0,0.00,0.0,0,0,0.0,0,0,0.0,0,0.0,0,0.0,0,0.0,0,0.0,0,0.0,0,0.0,0,0.0,0,0.0,0,0.0,0.00,0.0,0,0,0
1368716371,直播通投托管-星河深V-自产-3D-直播人群-ROI-5.3,被计划暂停,审核通过,通投,直播间直接支付ROI,笔记（直播组件）,6800b05c000000001e003654,5c6e75ba000000001201be11,图文笔记,直播通投托管-星河深V-自产-3D-直播人群-ROI-5.3,114975204,2025-05-03 12:01:56,0.00,0,0,0.0%,0.0,0.0,0,0.00,0.0,0,0,0.0,0,0,0.0,0,0.0,0,0.0,0,0.0,0,0.0,0,0.0,0,0.0,0,0.0,0,0.0,0,0.0,0.00,0.0,0,0,0
1360212437,直播通投托管-直播间-自产-封面-多定向-ROI-5.1,被计划暂停,审核通过,通投,直播间直接支付ROI,直播间,,-,无笔记,直播通投托管-直播间-自产-封面-多定向-ROI-5.1,114724654,2025-05-01 11:02:37,0.00,0,0,0.0%,0.0,0.0,0,0.00,0.0,0,0,0.0,0,0,0.0,0,0.0,0,0.0,0,0.0,0,0.0,0,0.0,0,0.0,0,0.0,0,0.0,0,0.0,0.00,0.0,0,0,0
1293884320,直播通投托管-星河深V-自产-高楼-直播人群-ROI-4.18,被计划暂停,审核通过,通投,直播间直接支付ROI,笔记（直播组件）,67e5281c000000001e00bc4c,5c6e75ba000000001201be11,图文笔记,直播通投托管-星河深V-自产-高楼-直播人群-ROI-4.18,112229405,2025-04-18 14:14:44,0.00,0,0,0.0%,0.0,0.0,0,0.00,0.0,0,0,0.0,0,0,0.0,0,0.0,0,0.0,0,0.0,0,0.0,0,0.0,0,0.0,0,0.0,0,0.0,0,0.0,0.00,0.0,0,0,0
1293696930,直播通投托管-经典大胸-自产-狂喜-直播人群-ROI-4.18,被计划暂停,审核通过,通投,直播间直接支付ROI,笔记（直播组件）,68006899000000001b03ba3b,5c6e75ba000000001201be11,图文笔记,直播通投托管-经典大胸-自产-狂喜-直播人群-ROI-4.18,112212134,2025-04-18 14:13:55,0.00,0,0,0.0%,0.0,0.0,0,0.00,0.0,0,0,0.0,0,0,0.0,0,0.0,0,0.0,0,0.0,0,0.0,0,0.0,0,0.0,0,0.0,0,0.0,0,0.0,0.00,0.0,0,0,0
1293823935,直播通投托管-星河系列2.0-自产-圆润-直播人群-ROI-4.18,被计划暂停,审核通过,通投,直播间直接支付ROI,笔记（直播组件）,67ff6440000000001c00053b,5c6e75ba000000001201be11,图文笔记,直播通投托管-星河系列2.0-自产-圆润-直播人群-ROI-4.18,112235290,2025-04-18 14:12:58,0.00,0,0,0.0%,0.0,0.0,0,0.00,0.0,0,0,0.0,0,0,0.0,0,0.0,0,0.0,0,0.0,0,0.0,0,0.0,0,0.0,0,0.0,0,0.0,0,0.0,0.00,0.0,0,0,0
1293734252,直播通投托管-糯糯杯小胸-自产-水蜜桃-直播人群-ROI-4.18,被计划暂停,不满足审核条件,通投,直播间直接支付ROI,笔记（直播组件）,67ff1ee7000000001d01d678,5c6e75ba000000001201be11,图文笔记,直播通投托管-糯糯杯小胸-自产-水蜜桃-直播人群-ROI-4.18,112235233,2025-04-18 14:11:49,0.00,0,0,0.0%,0.0,0.0,0,0.00,0.0,0,0,0.0,0,0,0.0,0,0.0,0,0.0,0,0.0,0,0.0,0,0.0,0,0.0,0,0.0,0,0.0,0,0.0,0.00,0.0,0,0,0
1293720925,直播通投托管-糯糯杯小胸-自产-自然显大-价格囤货（36+）-ROI-4.18,被计划暂停,审核通过,通投,直播间直接支付ROI,笔记（直播组件）,67f87f9e000000001d0263d7,5c6e75ba000000001201be11,图文笔记,直播通投托管-糯糯杯小胸-自产-自然显大-价格囤货（36+）-ROI-4.18,112234618,2025-04-18 13:56:53,0.00,0,0,0.0%,0.0,0.0,0,0.00,0.0,0,0,0.0,0,0,0.0,0,0.0,0,0.0,0,0.0,0,0.0,0,0.0,0,0.0,0,0.0,0,0.0,0,0.0,0.00,0.0,0,0,0
1293720762,直播通投托管-糯糯杯小胸-自产-自然显大-细节装饰（36+）-ROI-4.18,被计划暂停,审核通过,通投,直播间直接支付ROI,笔记（直播组件）,67f87f9e000000001d0263d7,5c6e75ba000000001201be11,图文笔记,直播通投托管-糯糯杯小胸-自产-自然显大-细节装饰（36+）-ROI-4.18,112206409,2025-04-18 13:56:30,0.00,0,0,0.0%,0.0,0.0,0,0.00,0.0,0,0,0.0,0,0,0.0,0,0.0,0,0.0,0,0.0,0,0.0,0,0.0,0,0.0,0,0.0,0,0.0,0,0.0,0.00,0.0,0,0,0
1293718286,直播通投托管-糯糯杯小胸-自产-漂酿-核心（36+）-ROI-4.18,被计划暂停,审核通过,通投,直播间直接支付ROI,笔记（直播组件）,67ee2dd7000000001e00b713,5c6e75ba000000001201be11,图文笔记,直播通投托管-糯糯杯小胸-自产-漂酿-核心（36+）-ROI-4.18,112211259,2025-04-18 13:52:59,0.00,0,0,0.0%,0.0,0.0,0,0.00,0.0,0,0,0.0,0,0,0.0,0,0.0,0,0.0,0,0.0,0,0.0,0,0.0,0,0.0,0,0.0,0,0.0,0,0.0,0.00,0.0,0,0,0
1293676307,直播通投托管-经典大胸-自产-悟了-价格囤货（36+）-ROI-4.18-视频,被计划暂停,审核通过,通投,直播间直接支付ROI,笔记（直播组件）,67edeb41000000001b0240bc,5c6e75ba000000001201be11,视频笔记,直播通投托管-经典大胸-自产-悟了-价格囤货（36+）-ROI-4.18-视频,112211203,2025-04-18 13:51:00,0.00,0,0,0.0%,0.0,0.0,0,0.00,0.0,0,0,0.0,0,0,0.0,0,0.0,0,0.0,0,0.0,0,0.0,0,0.0,0,0.0,0,0.0,0,0.0,0,0.0,0.00,0.0,0,0,0
1293450606,直播通投托管-经典大胸-自产-悟了-细节装饰（36+）-ROI-4.18-视频,被计划暂停,审核通过,通投,直播间直接支付ROI,笔记（直播组件）,67edeb41000000001b0240bc,5c6e75ba000000001201be11,视频笔记,直播通投托管-经典大胸-自产-悟了-细节装饰（36+）-ROI-4.18-视频,112228434,2025-04-18 13:50:36,0.00,0,0,0.0%,0.0,0.0,0,0.00,0.0,0,0,0.0,0,0,0.0,0,0.0,0,0.0,0,0.0,0,0.0,0,0.0,0,0.0,0,0.0,0,0.0,0,0.0,0.00,0.0,0,0,0
1293560713,直播通投托管-经典大胸-自产-悟了-核心（36+）-ROI-4.18-视频,被计划暂停,审核通过,通投,直播间直接支付ROI,笔记（直播组件）,67edeb41000000001b0240bc,5c6e75ba000000001201be11,视频笔记,直播通投托管-经典大胸-自产-悟了-核心（36+）-ROI-4.18-视频,112211173,2025-04-18 13:50:14,0.00,0,0,0.0%,0.0,0.0,0,0.00,0.0,0,0,0.0,0,0,0.0,0,0.0,0,0.0,0,0.0,0,0.0,0,0.0,0,0.0,0,0.0,0,0.0,0,0.0,0.00,0.0,0,0,0
1293616005,直播通投托管-经典大胸-自产-加分-价格囤货（36+）-ROI-4.18,被计划暂停,审核通过,通投,直播间直接支付ROI,笔记（直播组件）,67f8e09f000000001e00b038,5c6e75ba000000001201be11,图文笔记,直播通投托管-经典大胸-自产-加分-价格囤货（36+）-ROI-4.18,112206124,2025-04-18 13:48:20,0.00,0,0,0.0%,0.0,0.0,0,0.00,0.0,0,0,0.0,0,0,0.0,0,0.0,0,0.0,0,0.0,0,0.0,0,0.0,0,0.0,0,0.0,0,0.0,0,0.0,0.00,0.0,0,0,0
1293447976,直播通投托管-经典大胸-自产-加分-细节装饰（36+）-ROI-4.18,被计划暂停,审核通过,通投,直播间直接支付ROI,笔记（直播组件）,67f8e09f000000001e00b038,5c6e75ba000000001201be11,图文笔记,直播通投托管-经典大胸-自产-加分-细节装饰（36+）-ROI-4.18,112228339,2025-04-18 13:47:55,0.00,0,0,0.0%,0.0,0.0,0,0.00,0.0,0,0,0.0,0,0,0.0,0,0.0,0,0.0,0,0.0,0,0.0,0,0.0,0,0.0,0,0.0,0,0.0,0,0.0,0.00,0.0,0,0,0
1293447703,直播通投托管-经典大胸-自产-加分-核心（36+）-ROI-4.18（测试）,被计划暂停,审核通过,通投,直播间直接支付ROI,笔记（直播组件）,67f8e09f000000001e00b038,5c6e75ba000000001201be11,图文笔记,直播通投托管-经典大胸-自产-加分-核心（36+）-ROI-4.18（测试）,112234323,2025-04-18 13:47:23,0.00,0,0,0.0%,0.0,0.0,0,0.00,0.0,0,0,0.0,0,0,0.0,0,0.0,0,0.0,0,0.0,0,0.0,0,0.0,0,0.0,0,0.0,0,0.0,0,0.0,0.00,0.0,0,0,0
1282440162,直播通投托管-糯糯杯小胸-自产-S曲线-直播人群-ROI-4.16-视频,被计划暂停,审核通过,通投,直播间直接支付ROI,笔记（直播组件）,67f8e278000000001d007484,5c6e75ba000000001201be11,视频笔记,直播通投托管-糯糯杯小胸-自产-S曲线-直播人群-ROI-4.16-视频,111808884,2025-04-16 14:05:57,0.00,0,0,0.0%,0.0,0.0,0,0.00,0.0,0,0,0.0,0,0,0.0,0,0.0,0,0.0,0,0.0,0,0.0,0,0.0,0,0.0,0,0.0,0,0.0,0,0.0,0.00,0.0,0,0,0
1280893980,直播通投托管-糯糯杯小胸-自产-断货王-直播人群-ROI-4.16,被计划暂停,审核通过,通投,直播间直接支付ROI,笔记（直播组件）,67ff064c000000001d005c74,5c6e75ba000000001201be11,图文笔记,直播通投托管-糯糯杯小胸-自产-断货王-直播人群-ROI-4.16,111776215,2025-04-16 10:33:31,0.00,0,0,0.0%,0.0,0.0,0,0.00,0.0,0,0,0.0,0,0,0.0,0,0.0,0,0.0,0,0.0,0,0.0,0,0.0,0,0.0,0,0.0,0,0.0,0,0.0,0.00,0.0,0,0,0
1281105364,直播通投托管-糯糯杯大胸-自产-开玩笑-直播人群-ROI-4.16,被计划暂停,审核通过,通投,直播间直接支付ROI,笔记（直播组件）,67fefedf000000001c002d4f,5c6e75ba000000001201be11,图文笔记,直播通投托管-糯糯杯大胸-自产-开玩笑-直播人群-ROI-4.16 ,111769529,2025-04-16 10:32:53,0.00,0,0,0.0%,0.0,0.0,0,0.00,0.0,0,0,0.0,0,0,0.0,0,0.0,0,0.0,0,0.0,0,0.0,0,0.0,0,0.0,0,0.0,0,0.0,0,0.0,0.00,0.0,0,0,0
1270328091,直播通投托管-糯糯杯小胸-自产-曲线-核心-ROI-4.14（测试）,被计划暂停,审核通过,通投,直播间直接支付ROI,笔记（直播组件）,67e51f64000000001d03b058,5c6e75ba000000001201be11,图文笔记,直播通投托管-糯糯杯小胸-自产-曲线-核心-ROI-4.14（测试）,111373612,2025-04-14 11:10:31,0.00,0,0,0.0%,0.0,0.0,0,0.00,0.0,0,0,0.0,0,0,0.0,0,0.0,0,0.0,0,0.0,0,0.0,0,0.0,0,0.0,0,0.0,0,0.0,0,0.0,0.00,0.0,0,0,0
1270326825,直播通投托管-糯糯杯大胸-自产-开挂-核心-ROI-4.14（测试）,被计划暂停,审核通过,通投,直播间直接支付ROI,笔记（直播组件）,67ebb7c0000000001b0249d3,5c6e75ba000000001201be11,图文笔记,直播通投托管-糯糯杯大胸-自产-开挂-核心-ROI-4.14（测试）,111373570,2025-04-14 11:09:50,0.00,0,0,0.0%,0.0,0.0,0,0.00,0.0,0,0,0.0,0,0,0.0,0,0.0,0,0.0,0,0.0,0,0.0,0,0.0,0,0.0,0,0.0,0,0.0,0,0.0,0.00,0.0,0,0,0
1270058363,直播通投托管-经典大胸-自产-悟了-核心-ROI-4.14（测试）-视频,被计划暂停,审核通过,通投,直播间直接支付ROI,笔记（直播组件）,67edeb41000000001b0240bc,5c6e75ba000000001201be11,视频笔记,直播通投托管-经典大胸-自产-悟了-核心-ROI-4.14（测试）-视频,111386224,2025-04-14 11:09:17,0.00,0,0,0.0%,0.0,0.0,0,0.00,0.0,0,0,0.0,0,0,0.0,0,0.0,0,0.0,0,0.0,0,0.0,0,0.0,0,0.0,0,0.0,0,0.0,0,0.0,0.00,0.0,0,0,0
1270170112,直播通投托管-经典大胸-自产-加分-核心-ROI-4.14（测试）,被计划暂停,审核通过,通投,直播间直接支付ROI,笔记（直播组件）,67f8e09f000000001e00b038,5c6e75ba000000001201be11,图文笔记,直播通投托管-经典大胸-自产-加分-核心-ROI-4.14（测试）,111373522,2025-04-14 11:08:35,0.00,0,0,0.0%,0.0,0.0,0,0.00,0.0,0,0,0.0,0,0,0.0,0,0.0,0,0.0,0,0.0,0,0.0,0,0.0,0,0.0,0,0.0,0,0.0,0,0.0,0.00,0.0,0,0,0
1270110636,直播通投托管-经典大胸-自产-春夏-核心-ROI-4.14（测试）,被计划暂停,审核通过,通投,直播间直接支付ROI,笔记（直播组件）,67da8cc20000000003028970,5c6e75ba000000001201be11,图文笔记,直播通投托管-经典大胸-自产-春夏-核心-ROI-4.14（测试）,111375726,2025-04-14 11:07:58,0.00,0,0,0.0%,0.0,0.0,0,0.00,0.0,0,0,0.0,0,0,0.0,0,0.0,0,0.0,0,0.0,0,0.0,0,0.0,0,0.0,0,0.0,0,0.0,0,0.0,0.00,0.0,0,0,0
1270110321,直播通投托管-经典大胸-自产-易如反掌-核心-ROI-4.14（测试）,被计划暂停,审核通过,通投,直播间直接支付ROI,笔记（直播组件）,67ecfa25000000001d023b2f,5c6e75ba000000001201be11,图文笔记,直播通投托管-经典大胸-自产-易如反掌-核心-ROI-4.14（测试）,111367573,2025-04-14 11:07:24,0.00,0,0,0.0%,0.0,0.0,0,0.00,0.0,0,0,0.0,0,0,0.0,0,0.0,0,0.0,0,0.0,0,0.0,0,0.0,0,0.0,0,0.0,0,0.0,0,0.0,0.00,0.0,0,0,0
1270169190,直播通投托管-经典大胸-自产-高颜值-核心-ROI-4.14（测试）,被计划暂停,审核通过,通投,直播间直接支付ROI,笔记（直播组件）,67da1636000000000302941e,5c6e75ba000000001201be11,图文笔记,直播通投托管-经典大胸-自产-高颜值-核心-ROI-4.14（测试）,111386108,2025-04-14 11:06:52,0.00,0,0,0.0%,0.0,0.0,0,0.00,0.0,0,0,0.0,0,0,0.0,0,0.0,0,0.0,0,0.0,0,0.0,0,0.0,0,0.0,0,0.0,0,0.0,0,0.0,0.00,0.0,0,0,0
1270284643,直播通投托管-经典大胸-自产-天花板-系统（36+）-ROI-4.14（测试）,被计划暂停,审核通过,通投,直播间直接支付ROI,笔记（直播组件）,67f477e9000000001d03acdc,5c6e75ba000000001201be11,图文笔记,直播通投托管-经典大胸-自产-天花板-系统（36+）-ROI-4.14（测试）,111386052,2025-04-14 11:05:29,0.00,0,0,0.0%,0.0,0.0,0,0.00,0.0,0,0,0.0,0,0,0.0,0,0.0,0,0.0,0,0.0,0,0.0,0,0.0,0,0.0,0,0.0,0,0.0,0,0.0,0.00,0.0,0,0,0
1270167931,直播通投托管-经典大胸-自产-天花板-核心-ROI-4.14（测试）,被计划暂停,审核通过,通投,直播间直接支付ROI,笔记（直播组件）,67f477e9000000001d03acdc,5c6e75ba000000001201be11,图文笔记,直播通投托管-经典大胸-自产-天花板-核心-ROI-4.14（测试）,111367464,2025-04-14 11:04:31,0.00,0,0,0.0%,0.0,0.0,0,0.00,0.0,0,0,0.0,0,0,0.0,0,0.0,0,0.0,0,0.0,0,0.0,0,0.0,0,0.0,0,0.0,0,0.0,0,0.0,0.00,0.0,0,0,0
1262886078,直播通投托管-直播间-自产-封面-多定向-ROI-4.12,被计划暂停,审核通过,通投,直播间直接支付ROI,直播间,,-,无笔记,直播通投托管-直播间-自产-封面-多定向-ROI-4.12,111177194,2025-04-12 17:48:23,0.00,0,0,0.0%,0.0,0.0,0,0.00,0.0,0,0,0.0,0,0,0.0,0,0.0,0,0.0,0,0.0,0,0.0,0,0.0,0,0.0,0,0.0,0,0.0,0,0.0,0.00,0.0,0,0,0
1257996747,直播通投托管-经典大胸-自产-加分-直播人群-ROI-4.11,被计划暂停,审核通过,通投,直播间直接支付ROI,笔记（直播组件）,67f8e09f000000001e00b038,5c6e75ba000000001201be11,图文笔记,直播通投托管-经典大胸-自产-加分-直播人群-ROI-4.11,111014181,2025-04-11 17:46:04,0.00,0,0,0.0%,0.0,0.0,0,0.00,0.0,0,0,0.0,0,0,0.0,0,0.0,0,0.0,0,0.0,0,0.0,0,0.0,0,0.0,0,0.0,0,0.0,0,0.0,0.00,0.0,0,0,0
1257996410,直播通投托管-糯糯杯小胸-自产-自然显大-直播人群-ROI-4.11,被计划暂停,审核通过,通投,直播间直接支付ROI,笔记（直播组件）,67f87f9e000000001d0263d7,5c6e75ba000000001201be11,图文笔记,直播通投托管-糯糯杯小胸-自产-自然显大-直播人群-ROI-4.11,111000649,2025-04-11 17:45:21,0.00,0,0,0.0%,0.0,0.0,0,0.00,0.0,0,0,0.0,0,0,0.0,0,0.0,0,0.0,0,0.0,0,0.0,0,0.0,0,0.0,0,0.0,0,0.0,0,0.0,0.00,0.0,0,0,0
1251878899,直播通投手动-糯糯杯小胸-自产-膨胀术-精致中产（36+）-ROI-4.10,被计划暂停,审核通过,通投,直播间直接支付ROI,笔记（直播组件）,67f5093e000000001c00bb0a,5c6e75ba000000001201be11,图文笔记,直播通投手动-糯糯杯小胸-自产-膨胀术-精致中产（36+）-ROI-4.10,110781530,2025-04-10 15:30:25,0.00,0,0,0.0%,0.0,0.0,0,0.00,0.0,0,0,0.0,0,0,0.0,0,0.0,0,0.0,0,0.0,0,0.0,0,0.0,0,0.0,0,0.0,0,0.0,0,0.0,0.00,0.0,0,0,0
1252007269,直播通投手动-糯糯杯小胸-自产-膨胀术-价格囤货（36+）-ROI-4.10,被计划暂停,不满足审核条件,通投,直播间直接支付ROI,笔记（直播组件）,67f5093e000000001c00bb0a,5c6e75ba000000001201be11,图文笔记,直播通投手动-糯糯杯小胸-自产-膨胀术-价格囤货（36+）-ROI-4.10,110775587,2025-04-10 15:29:53,0.00,0,0,0.0%,0.0,0.0,0,0.00,0.0,0,0,0.0,0,0,0.0,0,0.0,0,0.0,0,0.0,0,0.0,0,0.0,0,0.0,0,0.0,0,0.0,0,0.0,0.00,0.0,0,0,0
1251877226,直播通投手动-糯糯杯小胸-自产-膨胀术-细节装饰（36+）-ROI-4.10,被计划暂停,审核通过,通投,直播间直接支付ROI,笔记（直播组件）,67f5093e000000001c00bb0a,5c6e75ba000000001201be11,图文笔记,直播通投手动-糯糯杯小胸-自产-膨胀术-细节装饰（36+）-ROI-4.10,110769689,2025-04-10 15:29:04,0.00,0,0,0.0%,0.0,0.0,0,0.00,0.0,0,0,0.0,0,0,0.0,0,0.0,0,0.0,0,0.0,0,0.0,0,0.0,0,0.0,0,0.0,0,0.0,0,0.0,0.00,0.0,0,0,0
1251974241,直播通投托管-经典大胸-自产-天花板-价格囤货（36+）-ROI-4.10,被计划暂停,审核通过,通投,直播间直接支付ROI,笔记（直播组件）,67f477e9000000001d03acdc,5c6e75ba000000001201be11,图文笔记,直播通投托管-经典大胸-自产-天花板-价格囤货（36+）-ROI-4.10,110769643,2025-04-10 15:28:14,0.00,0,0,0.0%,0.0,0.0,0,0.00,0.0,0,0,0.0,0,0,0.0,0,0.0,0,0.0,0,0.0,0,0.0,0,0.0,0,0.0,0,0.0,0,0.0,0,0.0,0.00,0.0,0,0,0
1251819295,直播通投托管-经典大胸-自产-天花板-精致中产（36+）-ROI-4.10,被计划暂停,审核通过,通投,直播间直接支付ROI,笔记（直播组件）,67f477e9000000001d03acdc,5c6e75ba000000001201be11,图文笔记,直播通投托管-经典大胸-自产-天花板-精致中产（36+）-ROI-4.10,110764858,2025-04-10 15:26:57,0.00,0,0,0.0%,0.0,0.0,0,0.00,0.0,0,0,0.0,0,0,0.0,0,0.0,0,0.0,0,0.0,0,0.0,0,0.0,0,0.0,0,0.0,0,0.0,0,0.0,0.00,0.0,0,0,0
1251758967,直播通投托管-经典大胸-自产-天花板-细节装饰（36+）-ROI-4.10,被计划暂停,不满足审核条件,通投,直播间直接支付ROI,笔记（直播组件）,67f477e9000000001d03acdc,5c6e75ba000000001201be11,图文笔记,直播通投托管-经典大胸-自产-天花板-细节装饰（36+）-ROI-4.10,110775417,2025-04-10 15:26:12,0.00,0,0,0.0%,0.0,0.0,0,0.00,0.0,0,0,0.0,0,0,0.0,0,0.0,0,0.0,0,0.0,0,0.0,0,0.0,0,0.0,0,0.0,0,0.0,0,0.0,0.00,0.0,0,0,0
1247173011,直播通投手动-经典大胸-自产-悟了-精致中产-ROI-4.9-视频,被计划暂停,审核通过,通投,直播间直接支付ROI,笔记（直播组件）,67edeb41000000001b0240bc,5c6e75ba000000001201be11,视频笔记,直播通投手动-经典大胸-自产-悟了-精致中产-ROI-4.9-视频,110602921,2025-04-09 16:50:26,0.00,0,0,0.0%,0.0,0.0,0,0.00,0.0,0,0,0.0,0,0,0.0,0,0.0,0,0.0,0,0.0,0,0.0,0,0.0,0,0.0,0,0.0,0,0.0,0,0.0,0.00,0.0,0,0,0
1245757549,直播通投手动-糯糯杯大胸-自产-视觉缩胸-精致中产-ROI-4.9-视频,被计划暂停,审核通过,通投,直播间直接支付ROI,笔记（直播组件）,67f5cbf5000000001d006264,5c6e75ba000000001201be11,视频笔记,直播通投手动-糯糯杯大胸-自产-视觉缩胸-精致中产-ROI-4.9-视频,110577149,2025-04-09 14:01:01,0.00,0,0,0.0%,0.0,0.0,0,0.00,0.0,0,0,0.0,0,0,0.0,0,0.0,0,0.0,0,0.0,0,0.0,0,0.0,0,0.0,0,0.0,0,0.0,0,0.0,0.00,0.0,0,0,0
1244399771,直播通投手动-糯糯杯小胸-自产-膨胀术-精致中产-ROI-4.9,被计划暂停,审核通过,通投,直播间直接支付ROI,笔记（直播组件）,67f5093e000000001c00bb0a,5c6e75ba000000001201be11,图文笔记,直播通投手动-糯糯杯小胸-自产-膨胀术-精致中产-ROI-4.9,110476422,2025-04-09 08:52:23,0.00,0,0,0.0%,0.0,0.0,0,0.00,0.0,0,0,0.0,0,0,0.0,0,0.0,0,0.0,0,0.0,0,0.0,0,0.0,0,0.0,0,0.0,0,0.0,0,0.0,0.00,0.0,0,0,0
1244180821,直播通投手动-糯糯杯大胸-自产-不用P-精致中产-ROI-4.9,被计划暂停,审核通过,通投,直播间直接支付ROI,笔记（直播组件）,67f4f580000000001e008f2f,5c6e75ba000000001201be11,图文笔记,直播通投手动-糯糯杯大胸-自产-不用P-精致中产-ROI-4.9,110492703,2025-04-09 08:48:15,0.00,0,0,0.0%,0.0,0.0,0,0.00,0.0,0,0,0.0,0,0,0.0,0,0.0,0,0.0,0,0.0,0,0.0,0,0.0,0,0.0,0,0.0,0,0.0,0,0.0,0.00,0.0,0,0,0
1244129277,直播通投手动-糯糯杯大胸-自产-轻盈美学-精致中产-ROI-4.9,被计划暂停,审核通过,通投,直播间直接支付ROI,笔记（直播组件）,67f4fb1d000000001c00c8c0,5c6e75ba000000001201be11,图文笔记,直播通投手动-糯糯杯大胸-自产-轻盈美学-精致中产-ROI-4.9,110498660,2025-04-09 08:46:54,0.00,0,0,0.0%,0.0,0.0,0,0.00,0.0,0,0,0.0,0,0,0.0,0,0.0,0,0.0,0,0.0,0,0.0,0,0.0,0,0.0,0,0.0,0,0.0,0,0.0,0.00,0.0,0,0,0
1239954649,直播通投托管-经典大胸-自产-天花板-直播人群-ROI-4.8,被计划暂停,审核通过,通投,直播间直接支付ROI,笔记（直播组件）,67f477e9000000001d03acdc,5c6e75ba000000001201be11,图文笔记,直播通投托管-经典大胸-自产-天花板-直播人群-ROI-4.8,110305946,2025-04-08 11:24:38,0.00,0,0,0.0%,0.0,0.0,0,0.00,0.0,0,0,0.0,0,0,0.0,0,0.0,0,0.0,0,0.0,0,0.0,0,0.0,0,0.0,0,0.0,0,0.0,0,0.0,0.00,0.0,0,0,0
1235261840,直播通投托管-糯糯杯小胸-自产-漂酿-价格囤货（36+）-ROI-4.7,被计划暂停,审核通过,通投,直播间直接支付ROI,笔记（直播组件）,67ee2dd7000000001e00b713,5c6e75ba000000001201be11,图文笔记,直播通投托管-糯糯杯小胸-自产-漂酿-价格囤货（36+）-ROI-4.7,110156830,2025-04-07 13:59:17,0.00,0,0,0.0%,0.0,0.0,0,0.00,0.0,0,0,0.0,0,0,0.0,0,0.0,0,0.0,0,0.0,0,0.0,0,0.0,0,0.0,0,0.0,0,0.0,0,0.0,0.00,0.0,0,0,0
1235145783,直播通投托管-糯糯杯小胸-自产-漂酿-细节装饰（36+）-ROI-4.7,被计划暂停,审核通过,通投,直播间直接支付ROI,笔记（直播组件）,67ee2dd7000000001e00b713,5c6e75ba000000001201be11,图文笔记,直播通投托管-糯糯杯小胸-自产-漂酿-细节装饰（36+）-ROI-4.7,110149647,2025-04-07 13:58:49,0.00,0,0,0.0%,0.0,0.0,0,0.00,0.0,0,0,0.0,0,0,0.0,0,0.0,0,0.0,0,0.0,0,0.0,0,0.0,0,0.0,0,0.0,0,0.0,0,0.0,0.00,0.0,0,0,0
1235145169,直播通投托管-糯糯杯大胸-自产-开挂-核心（36+）-ROI-4.7（测试）,被计划暂停,审核通过,通投,直播间直接支付ROI,笔记（直播组件）,67ebb7c0000000001b0249d3,5c6e75ba000000001201be11,图文笔记,直播通投托管-糯糯杯大胸-自产-开挂-核心（36+）-ROI-4.7（测试）,110162587,2025-04-07 13:57:17,0.00,0,0,0.0%,0.0,0.0,0,0.00,0.0,0,0,0.0,0,0,0.0,0,0.0,0,0.0,0,0.0,0,0.0,0,0.0,0,0.0,0,0.0,0,0.0,0,0.0,0.00,0.0,0,0,0
1235061653,直播通投托管-糯糯杯大胸-自产-开挂-精致中产（36+）-ROI-4.7,被计划暂停,审核通过,通投,直播间直接支付ROI,笔记（直播组件）,67ebb7c0000000001b0249d3,5c6e75ba000000001201be11,图文笔记,直播通投托管-糯糯杯大胸-自产-开挂-精致中产（36+）-ROI-4.7,110162556,2025-04-07 13:56:38,0.00,0,0,0.0%,0.0,0.0,0,0.00,0.0,0,0,0.0,0,0,0.0,0,0.0,0,0.0,0,0.0,0,0.0,0,0.0,0,0.0,0,0.0,0,0.0,0,0.0,0.00,0.0,0,0,0
1235203244,直播通投托管-经典大胸-自产-治愈-核心（36+）-ROI-4.7（测试）-视频,被计划暂停,审核通过,通投,直播间直接支付ROI,笔记（直播组件）,67e5ede1000000001d0194d1,5c6e75ba000000001201be11,视频笔记,直播通投托管-经典大胸-自产-治愈-核心（36+）-ROI-4.7（测试）-视频,110151360,2025-04-07 13:54:53,0.00,0,0,0.0%,0.0,0.0,0,0.00,0.0,0,0,0.0,0,0,0.0,0,0.0,0,0.0,0,0.0,0,0.0,0,0.0,0,0.0,0,0.0,0,0.0,0,0.0,0.00,0.0,0,0,0
1234958368,直播通投托管-经典大胸-自产-治愈-系统（36+）-ROI-4.7-视频,被计划暂停,审核通过,通投,直播间直接支付ROI,笔记（直播组件）,67e5ede1000000001d0194d1,5c6e75ba000000001201be11,视频笔记,直播通投托管-经典大胸-自产-治愈-系统（36+）-ROI-4.7-视频,110143450,2025-04-07 13:53:38,0.00,0,0,0.0%,0.0,0.0,0,0.00,0.0,0,0,0.0,0,0,0.0,0,0.0,0,0.0,0,0.0,0,0.0,0,0.0,0,0.0,0,0.0,0,0.0,0,0.0,0.00,0.0,0,0,0
1234954937,直播通投托管-经典大胸-自产-易如反掌-核心（36+）-ROI-4.7（测试）,被计划暂停,审核通过,通投,直播间直接支付ROI,笔记（直播组件）,67ecfa25000000001d023b2f,5c6e75ba000000001201be11,图文笔记,直播通投托管-经典大胸-自产-易如反掌-核心（36+）-ROI-4.7（测试）,110156446,2025-04-07 13:50:53,0.00,0,0,0.0%,0.0,0.0,0,0.00,0.0,0,0,0.0,0,0,0.0,0,0.0,0,0.0,0,0.0,0,0.0,0,0.0,0,0.0,0,0.0,0,0.0,0,0.0,0.00,0.0,0,0,0
1234837056,直播通投托管-经典大胸-自产-易如反掌-系统（36+）-ROI-4.7,被计划暂停,审核通过,通投,直播间直接支付ROI,笔记（直播组件）,67ecfa25000000001d023b2f,5c6e75ba000000001201be11,图文笔记,直播通投托管-经典大胸-自产-易如反掌-系统（36+）-ROI-4.7,110149262,2025-04-07 13:49:58,0.00,0,0,0.0%,0.0,0.0,0,0.00,0.0,0,0,0.0,0,0,0.0,0,0.0,0,0.0,0,0.0,0,0.0,0,0.0,0,0.0,0,0.0,0,0.0,0,0.0,0.00,0.0,0,0,0
1235009227,直播通投托管-经典大胸-自产-易如反掌-精致中产-ROI-4.7,被计划暂停,审核通过,通投,直播间直接支付ROI,笔记（直播组件）,67ecfa25000000001d023b2f,5c6e75ba000000001201be11,图文笔记,直播通投托管-经典大胸-自产-易如反掌-精致中产-ROI-4.7,110151131,2025-04-07 13:48:57,0.00,0,0,0.0%,0.0,0.0,0,0.00,0.0,0,0,0.0,0,0,0.0,0,0.0,0,0.0,0,0.0,0,0.0,0,0.0,0,0.0,0,0.0,0,0.0,0,0.0,0.00,0.0,0,0,0
1227699471,直播通投托管-星河深V-自产-夏季-直播人群-ROI-4.5,被计划暂停,审核通过,通投,直播间直接支付ROI,笔记（直播组件）,67ee6477000000001b0388e9,5c6e75ba000000001201be11,图文笔记,直播通投托管-星河深V-自产-夏季-直播人群-ROI-4.5,109902361,2025-04-05 19:50:19,0.00,0,0,0.0%,0.0,0.0,0,0.00,0.0,0,0,0.0,0,0,0.0,0,0.0,0,0.0,0,0.0,0,0.0,0,0.0,0,0.0,0,0.0,0,0.0,0,0.0,0.00,0.0,0,0,0
1227753788,直播通投托管-糯糯杯小胸-自产-漂酿-直播人群-ROI-4.5,被计划暂停,审核通过,通投,直播间直接支付ROI,笔记（直播组件）,67ee2dd7000000001e00b713,5c6e75ba000000001201be11,图文笔记,直播通投托管-糯糯杯小胸-自产-漂酿-直播人群-ROI-4.5,109924133,2025-04-05 19:48:25,0.00,0,0,0.0%,0.0,0.0,0,0.00,0.0,0,0,0.0,0,0,0.0,0,0.0,0,0.0,0,0.0,0,0.0,0,0.0,0,0.0,0,0.0,0,0.0,0,0.0,0.00,0.0,0,0,0
1227698370,直播通投托管-糯糯杯小胸-自产-妈生感-细节装饰（36+）-ROI-4.5-视频,被计划暂停,审核拒绝,通投,直播间直接支付ROI,笔记（直播组件）,67e9f780000000001c0030da,5c6e75ba000000001201be11,视频笔记,直播通投托管-糯糯杯小胸-自产-妈生感-细节装饰（36+）-ROI-4.5-视频,109924089,2025-04-05 19:44:31,0.00,0,0,0.0%,0.0,0.0,0,0.00,0.0,0,0,0.0,0,0,0.0,0,0.0,0,0.0,0,0.0,0,0.0,0,0.0,0,0.0,0,0.0,0,0.0,0,0.0,0.00,0.0,0,0,0
1227812012,直播通投托管-糯糯杯小胸-自产-妈生感-价格囤货（36+）-ROI-4.5-视频,被计划暂停,审核拒绝,通投,直播间直接支付ROI,笔记（直播组件）,67e9f780000000001c0030da,5c6e75ba000000001201be11,视频笔记,直播通投托管-糯糯杯小胸-自产-妈生感-价格囤货（36+）-ROI-4.5-视频,109902293,2025-04-05 19:44:06,0.00,0,0,0.0%,0.0,0.0,0,0.00,0.0,0,0,0.0,0,0,0.0,0,0.0,0,0.0,0,0.0,0,0.0,0,0.0,0,0.0,0,0.0,0,0.0,0,0.0,0.00,0.0,0,0,0
1227811429,直播通投托管-糯糯杯大胸-自产-美晕-价格囤货（36+）-ROI-4.5,被计划暂停,审核通过,通投,直播间直接支付ROI,笔记（直播组件）,67ebb578000000001e006c94,5c6e75ba000000001201be11,图文笔记,直播通投托管-糯糯杯大胸-自产-美晕-价格囤货（36+）-ROI-4.5,109913326,2025-04-05 19:43:02,0.00,0,0,0.0%,0.0,0.0,0,0.00,0.0,0,0,0.0,0,0,0.0,0,0.0,0,0.0,0,0.0,0,0.0,0,0.0,0,0.0,0,0.0,0,0.0,0,0.0,0.00,0.0,0,0,0
1227811167,直播通投托管-糯糯杯大胸-自产-美晕-细节装饰（36+）-ROI-4.5,被计划暂停,审核通过,通投,直播间直接支付ROI,笔记（直播组件）,67ebb578000000001e006c94,5c6e75ba000000001201be11,图文笔记,直播通投托管-糯糯杯大胸-自产-美晕-细节装饰（36+）-ROI-4.5,109913322,2025-04-05 19:42:36,0.00,0,0,0.0%,0.0,0.0,0,0.00,0.0,0,0,0.0,0,0,0.0,0,0.0,0,0.0,0,0.0,0,0.0,0,0.0,0,0.0,0,0.0,0,0.0,0,0.0,0.00,0.0,0,0,0
1227637108,直播通投托管-糯糯杯大胸-自产-开挂-价格囤货（36+）-ROI-4.5,被计划暂停,审核通过,通投,直播间直接支付ROI,笔记（直播组件）,67ebb7c0000000001b0249d3,5c6e75ba000000001201be11,图文笔记,直播通投托管-糯糯杯大胸-自产-开挂-价格囤货（36+）-ROI-4.5,109924064,2025-04-05 19:41:26,0.00,0,0,0.0%,0.0,0.0,0,0.00,0.0,0,0,0.0,0,0,0.0,0,0.0,0,0.0,0,0.0,0,0.0,0,0.0,0,0.0,0,0.0,0,0.0,0,0.0,0.00,0.0,0,0,0
1227695865,直播通投托管-糯糯杯大胸-自产-开挂-细节装饰（36+）-ROI-4.5,被计划暂停,审核通过,通投,直播间直接支付ROI,笔记（直播组件）,67ebb7c0000000001b0249d3,5c6e75ba000000001201be11,图文笔记,直播通投托管-糯糯杯大胸-自产-开挂-细节装饰（36+）-ROI-4.5,109918164,2025-04-05 19:40:59,0.00,0,0,0.0%,0.0,0.0,0,0.00,0.0,0,0,0.0,0,0,0.0,0,0.0,0,0.0,0,0.0,0,0.0,0,0.0,0,0.0,0,0.0,0,0.0,0,0.0,0.00,0.0,0,0,0
1227695267,直播通投托管-经典大胸-自产-易如反掌-价格囤货（36+）-ROI-4.5,被计划暂停,审核通过,通投,直播间直接支付ROI,笔记（直播组件）,67ecfa25000000001d023b2f,5c6e75ba000000001201be11,图文笔记,直播通投托管-经典大胸-自产-易如反掌-价格囤货（36+）-ROI-4.5,109902261,2025-04-05 19:40:21,0.00,0,0,0.0%,0.0,0.0,0,0.00,0.0,0,0,0.0,0,0,0.0,0,0.0,0,0.0,0,0.0,0,0.0,0,0.0,0,0.0,0,0.0,0,0.0,0,0.0,0.00,0.0,0,0,0
1227694855,直播通投托管-经典大胸-自产-易如反掌-细节装饰（36+）-ROI-4.5,被计划暂停,审核通过,通投,直播间直接支付ROI,笔记（直播组件）,67ecfa25000000001d023b2f,5c6e75ba000000001201be11,图文笔记,直播通投托管-经典大胸-自产-易如反掌-细节装饰（36+）-ROI-4.5,109930111,2025-04-05 19:39:33,0.00,0,0,0.0%,0.0,0.0,0,0.00,0.0,0,0,0.0,0,0,0.0,0,0.0,0,0.0,0,0.0,0,0.0,0,0.0,0,0.0,0,0.0,0,0.0,0,0.0,0.00,0.0,0,0,0
1213949602,直播通投托管-经典大胸-自产-易如反掌-直播人群-ROI-4.2,被计划暂停,审核通过,通投,直播间直接支付ROI,笔记（直播组件）,67ecfa25000000001d023b2f,5c6e75ba000000001201be11,图文笔记,直播通投托管-经典大胸-自产-易如反掌-直播人群-ROI-4.2,109466827,2025-04-02 17:25:59,0.00,0,0,0.0%,0.0,0.0,0,0.00,0.0,0,0,0.0,0,0,0.0,0,0.0,0,0.0,0,0.0,0,0.0,0,0.0,0,0.0,0,0.0,0,0.0,0,0.0,0.00,0.0,0,0,0
1212371725,直播通投托管-糯糯杯大胸-自产-开挂-直播人群-ROI-4.2,被计划暂停,审核通过,通投,直播间直接支付ROI,笔记（直播组件）,67ebb7c0000000001b0249d3,5c6e75ba000000001201be11,图文笔记,直播通投托管-糯糯杯大胸-自产-开挂-直播人群-ROI-4.2,109369647,2025-04-02 11:52:34,0.00,0,0,0.0%,0.0,0.0,0,0.00,0.0,0,0,0.0,0,0,0.0,0,0.0,0,0.0,0,0.0,0,0.0,0,0.0,0,0.0,0,0.0,0,0.0,0,0.0,0.00,0.0,0,0,0
1212146411,直播通投托管-糯糯杯大胸-自产-美晕-直播人群-ROI-4.2,被计划暂停,审核通过,通投,直播间直接支付ROI,笔记（直播组件）,67ebb578000000001e006c94,5c6e75ba000000001201be11,图文笔记,直播通投托管-糯糯杯大胸-自产-美晕-直播人群-ROI-4.2,109394543,2025-04-02 11:52:03,0.00,0,0,0.0%,0.0,0.0,0,0.00,0.0,0,0,0.0,0,0,0.0,0,0.0,0,0.0,0,0.0,0,0.0,0,0.0,0,0.0,0,0.0,0,0.0,0,0.0,0.00,0.0,0,0,0
1212319407,直播通投托管-糯糯杯小胸-自产-妈生感-直播人群-ROI-4.2-视频,被计划暂停,审核通过,通投,直播间直接支付ROI,笔记（直播组件）,67e9f780000000001c0030da,5c6e75ba000000001201be11,视频笔记,直播通投托管-糯糯杯小胸-自产-妈生感-直播人群-ROI-4.2-视频,109392478,2025-04-02 11:51:34,0.00,0,0,0.0%,0.0,0.0,0,0.00,0.0,0,0,0.0,0,0,0.0,0,0.0,0,0.0,0,0.0,0,0.0,0,0.0,0,0.0,0,0.0,0,0.0,0,0.0,0.00,0.0,0,0,0
1207519666,直播通投托管-星河日系-自产-秘密-细节装饰（36+）-ROI-4.1-视频,被计划暂停,审核通过,通投,直播间直接支付ROI,笔记（直播组件）,67e67beb000000001d01dc58,5c6e75ba000000001201be11,视频笔记,直播通投托管-星河日系-自产-秘密-细节装饰（36+）-ROI-4.1-视频,109181214,2025-04-01 14:00:28,0.00,0,0,0.0%,0.0,0.0,0,0.00,0.0,0,0,0.0,0,0,0.0,0,0.0,0,0.0,0,0.0,0,0.0,0,0.0,0,0.0,0,0.0,0,0.0,0,0.0,0.00,0.0,0,0,0
1207406343,直播通投托管-星河日系-自产-气质-直播人群-ROI-4.1-优,被计划暂停,审核通过,通投,直播间直接支付ROI,笔记（直播组件）,67dd3736000000000900ed5f,5c6e75ba000000001201be11,图文笔记,直播通投托管-星河日系-自产-气质-直播人群-ROI-4.1-优,109192196,2025-04-01 13:59:40,0.00,0,0,0.0%,0.0,0.0,0,0.00,0.0,0,0,0.0,0,0,0.0,0,0.0,0,0.0,0,0.0,0,0.0,0,0.0,0,0.0,0,0.0,0,0.0,0,0.0,0.00,0.0,0,0,0
1207577664,直播通投托管-糯糯杯大胸-自产-它都有-细节装饰（36+）-ROI-4.1-视频,被计划暂停,审核通过,通投,直播间直接支付ROI,笔记（直播组件）,67e522e3000000001d02fa47,5c6e75ba000000001201be11,视频笔记,直播通投托管-糯糯杯大胸-自产-它都有-细节装饰（36+）-ROI-4.1-视频,109209374,2025-04-01 13:57:51,0.00,0,0,0.0%,0.0,0.0,0,0.00,0.0,0,0,0.0,0,0,0.0,0,0.0,0,0.0,0,0.0,0,0.0,0,0.0,0,0.0,0,0.0,0,0.0,0,0.0,0.00,0.0,0,0,0
1207685787,直播通投托管-糯糯杯大胸-自产-裸感-精致中产-ROI-4.1,被计划暂停,审核通过,通投,直播间直接支付ROI,笔记（直播组件）,67e5f5d3000000001c00881a,5c6e75ba000000001201be11,图文笔记,直播通投托管-糯糯杯大胸-自产-裸感-精致中产-ROI-4.1,109197409,2025-04-01 13:55:47,0.00,0,0,0.0%,0.0,0.0,0,0.00,0.0,0,0,0.0,0,0,0.0,0,0.0,0,0.0,0,0.0,0,0.0,0,0.0,0,0.0,0,0.0,0,0.0,0,0.0,0.00,0.0,0,0,0
1207516023,直播通投托管-糯糯杯大胸-自产-呼吸-细节装饰-ROI-4.1,被计划暂停,审核通过,通投,直播间直接支付ROI,笔记（直播组件）,67daac53000000001203fc93,5c6e75ba000000001201be11,图文笔记,直播通投托管-糯糯杯大胸-自产-呼吸-细节装饰-ROI-4.1,109209241,2025-04-01 13:54:35,0.00,0,0,0.0%,0.0,0.0,0,0.00,0.0,0,0,0.0,0,0,0.0,0,0.0,0,0.0,0,0.0,0,0.0,0,0.0,0,0.0,0,0.0,0,0.0,0,0.0,0.00,0.0,0,0,0
1207403442,直播通投托管-糯糯杯大胸-自产-呼吸-价格囤货-ROI-4.1,被计划暂停,审核通过,通投,直播间直接支付ROI,笔记（直播组件）,67daac53000000001203fc93,5c6e75ba000000001201be11,图文笔记,直播通投托管-糯糯杯大胸-自产-呼吸-价格囤货-ROI-4.1,109192013,2025-04-01 13:54:12,0.00,0,0,0.0%,0.0,0.0,0,0.00,0.0,0,0,0.0,0,0,0.0,0,0.0,0,0.0,0,0.0,0,0.0,0,0.0,0,0.0,0,0.0,0,0.0,0,0.0,0.00,0.0,0,0,0
1207402783,直播通投托管-经典大胸-自产-治愈-价格囤货-ROI-4.1-视频,被计划暂停,审核通过,通投,直播间直接支付ROI,笔记（直播组件）,67e5ede1000000001d0194d1,5c6e75ba000000001201be11,视频笔记,直播通投托管-经典大胸-自产-治愈-价格囤货-ROI-4.1-视频,109186358,2025-04-01 13:53:24,0.00,0,0,0.0%,0.0,0.0,0,0.00,0.0,0,0,0.0,0,0,0.0,0,0.0,0,0.0,0,0.0,0,0.0,0,0.0,0,0.0,0,0.0,0,0.0,0,0.0,0.00,0.0,0,0,0
1207573838,直播通投托管-经典大胸-自产-治愈-精致中产-ROI-4.1-视频,被计划暂停,不满足审核条件,通投,直播间直接支付ROI,笔记（直播组件）,67e5ede1000000001d0194d1,5c6e75ba000000001201be11,视频笔记,直播通投托管-经典大胸-自产-治愈-精致中产-ROI-4.1-视频,109197306,2025-04-01 13:52:22,0.00,0,0,0.0%,0.0,0.0,0,0.00,0.0,0,0,0.0,0,0,0.0,0,0.0,0,0.0,0,0.0,0,0.0,0,0.0,0,0.0,0,0.0,0,0.0,0,0.0,0.00,0.0,0,0,0
1207570494,直播通投托管-经典大胸-自产-春夏-细节装饰-ROI-4.1,被计划暂停,审核通过,通投,直播间直接支付ROI,笔记（直播组件）,67da8cc20000000003028970,5c6e75ba000000001201be11,图文笔记,直播通投托管-经典大胸-自产-春夏-细节装饰-ROI-4.1,109191917,2025-04-01 13:50:29,0.00,0,0,0.0%,0.0,0.0,0,0.00,0.0,0,0,0.0,0,0,0.0,0,0.0,0,0.0,0,0.0,0,0.0,0,0.0,0,0.0,0,0.0,0,0.0,0,0.0,0.00,0.0,0,0,0
1207625911,直播通投托管-经典大胸-自产-春夏-价格囤货-ROI-4.1,被计划暂停,不满足审核条件,通投,直播间直接支付ROI,笔记（直播组件）,67da8cc20000000003028970,5c6e75ba000000001201be11,图文笔记,直播通投托管-经典大胸-自产-春夏-价格囤货-ROI-4.1,109180854,2025-04-01 13:50:02,0.00,0,0,0.0%,0.0,0.0,0,0.00,0.0,0,0,0.0,0,0,0.0,0,0.0,0,0.0,0,0.0,0,0.0,0,0.0,0,0.0,0,0.0,0,0.0,0,0.0,0.00,0.0,0,0,0
1207452588,直播通投托管-经典大胸-自产-又瘦又有型-细节装饰（36+）-ROI-4.1,被计划暂停,审核通过,通投,直播间直接支付ROI,笔记（直播组件）,67cff5f700000000090140d0,5c6e75ba000000001201be11,图文笔记,直播通投托管-经典大胸-自产-又瘦又有型-细节装饰（36+）-ROI-4.1,109209062,2025-04-01 13:49:04,0.00,0,0,0.0%,0.0,0.0,0,0.00,0.0,0,0,0.0,0,0,0.0,0,0.0,0,0.0,0,0.0,0,0.0,0,0.0,0,0.0,0,0.0,0,0.0,0,0.0,0.00,0.0,0,0,0
1207509588,直播通投托管-经典大胸-自产-高颜值-细节装饰（36+）-ROI-4.1,被计划暂停,审核通过,通投,直播间直接支付ROI,笔记（直播组件）,67da1636000000000302941e,5c6e75ba000000001201be11,图文笔记,直播通投托管-经典大胸-自产-高颜值-细节装饰（36+）-ROI-4.1,109186202,2025-04-01 13:47:26,0.00,0,0,0.0%,0.0,0.0,0,0.00,0.0,0,0,0.0,0,0,0.0,0,0.0,0,0.0,0,0.0,0,0.0,0,0.0,0,0.0,0,0.0,0,0.0,0,0.0,0.00,0.0,0,0,0
1207624671,直播通投托管-经典大胸-自产-高颜值-价格囤货（36+）-ROI-4.18,被计划暂停,审核通过,通投,直播间直接支付ROI,笔记（直播组件）,67da1636000000000302941e,5c6e75ba000000001201be11,图文笔记,直播通投托管-经典大胸-自产-高颜值-价格囤货（36+）-ROI-4.18,109180761,2025-04-01 13:46:48,0.00,0,0,0.0%,0.0,0.0,0,0.00,0.0,0,0,0.0,0,0,0.0,0,0.0,0,0.0,0,0.0,0,0.0,0,0.0,0,0.0,0,0.0,0,0.0,0,0.0,0.00,0.0,0,0,0
1197663355,直播通投托管-糯糯杯小胸-自产-凹凸-细节装饰（36+）-ROI-3.30,被计划暂停,审核通过,通投,直播间直接支付ROI,笔记（直播组件）,67e51c9c000000001e00197c,5c6e75ba000000001201be11,图文笔记,直播通投托管-糯糯杯小胸-自产-凹凸-细节装饰（36+）-ROI-3.30,108815801,2025-03-30 13:35:39,0.00,0,0,0.0%,0.0,0.0,0,0.00,0.0,0,0,0.0,0,0,0.0,0,0.0,0,0.0,0,0.0,0,0.0,0,0.0,0,0.0,0,0.0,0,0.0,0,0.0,0.00,0.0,0,0,0
1197892461,直播通投托管-糯糯杯大胸-自产-裸感-核心-ROI-3.30（测试）,被计划暂停,审核通过,通投,直播间直接支付ROI,笔记（直播组件）,67e5f5d3000000001c00881a,5c6e75ba000000001201be11,图文笔记,直播通投托管-糯糯杯大胸-自产-裸感-核心-ROI-3.30（测试）,108804312,2025-03-30 13:34:49,0.00,0,0,0.0%,0.0,0.0,0,0.00,0.0,0,0,0.0,0,0,0.0,0,0.0,0,0.0,0,0.0,0,0.0,0,0.0,0,0.0,0,0.0,0,0.0,0,0.0,0.00,0.0,0,0,0
1197834083,直播通投托管-糯糯杯大胸-自产-裸感-细节装饰（36+）-ROI-3.30,被计划暂停,审核通过,通投,直播间直接支付ROI,笔记（直播组件）,67e5f5d3000000001c00881a,5c6e75ba000000001201be11,图文笔记,直播通投托管-糯糯杯大胸-自产-裸感-细节装饰（36+）-ROI-3.30,108804291,2025-03-30 13:33:56,0.00,0,0,0.0%,0.0,0.0,0,0.00,0.0,0,0,0.0,0,0,0.0,0,0.0,0,0.0,0,0.0,0,0.0,0,0.0,0,0.0,0,0.0,0,0.0,0,0.0,0.00,0.0,0,0,0
1197891338,直播通投托管-经典大胸-自产-治愈-核心-ROI-3.30（测试）-视频,被计划暂停,不满足审核条件,通投,直播间直接支付ROI,笔记（直播组件）,67e5ede1000000001d0194d1,5c6e75ba000000001201be11,视频笔记,直播通投托管-经典大胸-自产-治愈-核心-ROI-3.30（测试）-视频,108804274,2025-03-30 13:33:17,0.00,0,0,0.0%,0.0,0.0,0,0.00,0.0,0,0,0.0,0,0,0.0,0,0.0,0,0.0,0,0.0,0,0.0,0,0.0,0,0.0,0,0.0,0,0.0,0,0.0,0.00,0.0,0,0,0
1197716858,直播通投托管-经典大胸-自产-治愈-细节装饰（36+）-ROI-3.30-视频,被计划暂停,审核通过,通投,直播间直接支付ROI,笔记（直播组件）,67e5ede1000000001d0194d1,5c6e75ba000000001201be11,视频笔记,直播通投托管-经典大胸-自产-治愈-细节装饰（36+）-ROI-3.30-视频,108787109,2025-03-30 13:31:39,0.00,0,0,0.0%,0.0,0.0,0,0.00,0.0,0,0,0.0,0,0,0.0,0,0.0,0,0.0,0,0.0,0,0.0,0,0.0,0,0.0,0,0.0,0,0.0,0,0.0,0.00,0.0,0,0,0
1197888787,直播通投托管-糯糯杯大胸-自产-视觉-细节装饰（36+）-ROI-3.30,被计划暂停,审核通过,通投,直播间直接支付ROI,笔记（直播组件）,67e504dc000000001c009fa4,5c6e75ba000000001201be11,图文笔记,直播通投托管-糯糯杯大胸-自产-视觉-细节装饰（36+）-ROI-3.30,108787087,2025-03-30 13:30:36,0.00,0,0,0.0%,0.0,0.0,0,0.00,0.0,0,0,0.0,0,0,0.0,0,0.0,0,0.0,0,0.0,0,0.0,0,0.0,0,0.0,0,0.0,0,0.0,0,0.0,0.00,0.0,0,0,0
1195429130,直播通投托管-星河日系-自产-秘密-直播人群-ROI-3.29-视频,被计划暂停,审核通过,通投,直播间直接支付ROI,笔记（直播组件）,67e67beb000000001d01dc58,5c6e75ba000000001201be11,视频笔记,直播通投托管-星河日系-自产-秘密-直播人群-ROI-3.29-视频,108725719,2025-03-29 21:03:16,0.00,0,0,0.0%,0.0,0.0,0,0.00,0.0,0,0,0.0,0,0,0.0,0,0.0,0,0.0,0,0.0,0,0.0,0,0.0,0,0.0,0,0.0,0,0.0,0,0.0,0.00,0.0,0,0,0
1187887965,直播通投托管-糯糯杯大胸-自产-它都有-直播人群-ROI-3.28-视频,被计划暂停,审核通过,通投,直播间直接支付ROI,笔记（直播组件）,67e522e3000000001d02fa47,5c6e75ba000000001201be11,视频笔记,直播通投托管-糯糯杯大胸-自产-它都有-直播人群-ROI-3.28-视频,108459475,2025-03-28 11:02:33,0.00,0,0,0.0%,0.0,0.0,0,0.00,0.0,0,0,0.0,0,0,0.0,0,0.0,0,0.0,0,0.0,0,0.0,0,0.0,0,0.0,0,0.0,0,0.0,0,0.0,0.00,0.0,0,0,0
1187600182,直播通投托管-经典大胸-自产-显瘦术-直播人群-ROI-3.28,被计划暂停,审核通过,通投,直播间直接支付ROI,笔记（直播组件）,67e608ea000000001d01c1c1,5c6e75ba000000001201be11,图文笔记,直播通投托管-经典大胸-自产-显瘦术-直播人群-ROI-3.28,108476673,2025-03-28 11:02:09,0.00,0,0,0.0%,0.0,0.0,0,0.00,0.0,0,0,0.0,0,0,0.0,0,0.0,0,0.0,0,0.0,0,0.0,0,0.0,0,0.0,0,0.0,0,0.0,0,0.0,0.00,0.0,0,0,0
1187828887,直播通投托管-糯糯杯小胸-自产-凹凸-直播人群-ROI-3.28,被计划暂停,审核通过,通投,直播间直接支付ROI,笔记（直播组件）,67e51c9c000000001e00197c,5c6e75ba000000001201be11,图文笔记,直播通投托管-糯糯杯小胸-自产-凹凸-直播人群-ROI-3.28,108488261,2025-03-28 11:01:43,0.00,0,0,0.0%,0.0,0.0,0,0.00,0.0,0,0,0.0,0,0,0.0,0,0.0,0,0.0,0,0.0,0,0.0,0,0.0,0,0.0,0,0.0,0,0.0,0,0.0,0.00,0.0,0,0,0
1187598535,直播通投托管-糯糯杯大胸-自产-裸感-直播人群-ROI-3.28,被计划暂停,审核通过,通投,直播间直接支付ROI,笔记（直播组件）,67e5f5d3000000001c00881a,5c6e75ba000000001201be11,图文笔记,直播通投托管-糯糯杯大胸-自产-裸感-直播人群-ROI-3.28,108465172,2025-03-28 11:01:07,0.00,0,0,0.0%,0.0,0.0,0,0.00,0.0,0,0,0.0,0,0,0.0,0,0.0,0,0.0,0,0.0,0,0.0,0,0.0,0,0.0,0,0.0,0,0.0,0,0.0,0.00,0.0,0,0,0
1187884614,直播通投托管-经典大胸-自产-治愈-直播人群-ROI-3.28-视频,被计划暂停,审核通过,通投,直播间直接支付ROI,笔记（直播组件）,67e5ede1000000001d0194d1,5c6e75ba000000001201be11,视频笔记,直播通投托管-经典大胸-自产-治愈-直播人群-ROI-3.28-视频,108470683,2025-03-28 11:00:42,0.00,0,0,0.0%,0.0,0.0,0,0.00,0.0,0,0,0.0,0,0,0.0,0,0.0,0,0.0,0,0.0,0,0.0,0,0.0,0,0.0,0,0.0,0,0.0,0,0.0,0.00,0.0,0,0,0
1187825666,直播通投托管-糯糯杯小胸-自产-曲线-直播人群-ROI-3.28,被计划暂停,不满足审核条件,通投,直播间直接支付ROI,笔记（直播组件）,67e51f64000000001d03b058,5c6e75ba000000001201be11,图文笔记,直播通投托管-糯糯杯小胸-自产-曲线-直播人群-ROI-3.28,108459359,2025-03-28 10:59:47,0.00,0,0,0.0%,0.0,0.0,0,0.00,0.0,0,0,0.0,0,0,0.0,0,0.0,0,0.0,0,0.0,0,0.0,0,0.0,0,0.0,0,0.0,0,0.0,0,0.0,0.00,0.0,0,0,0
1187768868,直播通投托管-糯糯杯大胸-自产-视觉-直播人群-ROI-3.28-优,被计划暂停,审核通过,通投,直播间直接支付ROI,笔记（直播组件）,67e504dc000000001c009fa4,5c6e75ba000000001201be11,图文笔记,直播通投托管-糯糯杯大胸-自产-视觉-直播人群-ROI-3.28,108465104,2025-03-28 10:59:16,0.00,0,0,0.0%,0.0,0.0,0,0.00,0.0,0,0,0.0,0,0,0.0,0,0.0,0,0.0,0,0.0,0,0.0,0,0.0,0,0.0,0,0.0,0,0.0,0,0.0,0.00,0.0,0,0,0
1182784332,直播通投托管-星河日系-自产-小胸逆袭-精致中产（36+）-ROI-3.27,被计划暂停,审核通过,通投,直播间直接支付ROI,笔记（直播组件）,67cfffe6000000001201c782,5c6e75ba000000001201be11,图文笔记,直播通投托管-星河日系-自产-小胸逆袭-精致中产（36+）-ROI-3.27,108250447,2025-03-27 11:36:46,0.00,0,0,0.0%,0.0,0.0,0,0.00,0.0,0,0,0.0,0,0,0.0,0,0.0,0,0.0,0,0.0,0,0.0,0,0.0,0,0.0,0,0.0,0,0.0,0,0.0,0.00,0.0,0,0,0
1182784049,直播通投托管-经典大胸-自产-又瘦又有型-精致中产-ROI-3.27,被计划暂停,审核通过,通投,直播间直接支付ROI,笔记（直播组件）,67cff5f700000000090140d0,5c6e75ba000000001201be11,图文笔记,直播通投托管-经典大胸-自产-又瘦又有型-精致中产-ROI-3.27,108256000,2025-03-27 11:36:13,0.00,0,0,0.0%,0.0,0.0,0,0.00,0.0,0,0,0.0,0,0,0.0,0,0.0,0,0.0,0,0.0,0,0.0,0,0.0,0,0.0,0,0.0,0,0.0,0,0.0,0.00,0.0,0,0,0
1182725906,直播通投托管-糯糯杯大胸-自产-天菜-精致中产（36+）-ROI-3.27,被计划暂停,审核通过,通投,直播间直接支付ROI,笔记（直播组件）,67da2993000000000b01592f,5c6e75ba000000001201be11,图文笔记,直播通投托管-糯糯杯大胸-自产-天菜-精致中产（36+）-ROI-3.27,108267929,2025-03-27 11:35:44,0.00,0,0,0.0%,0.0,0.0,0,0.00,0.0,0,0,0.0,0,0,0.0,0,0.0,0,0.0,0,0.0,0,0.0,0,0.0,0,0.0,0,0.0,0,0.0,0,0.0,0.00,0.0,0,0,0
1178999728,直播通投托管-直播间-自产-封面-系统-ROI-3.26,被计划暂停,审核通过,通投,直播间直接支付ROI,直播间,,-,无笔记,直播通投托管-直播间-自产-封面-系统-ROI-3.26,108148301,2025-03-26 16:35:21,0.00,0,0,0.0%,0.0,0.0,0,0.00,0.0,0,0,0.0,0,0,0.0,0,0.0,0,0.0,0,0.0,0,0.0,0,0.0,0,0.0,0,0.0,0,0.0,0,0.0,0.00,0.0,0,0,0
1179220692,直播搜索托管-经典大胸-自产-显瘦神器-关键词-ROI-3.26,被计划暂停,审核通过,搜索,直播间直接支付ROI,笔记（直播组件）,67c16251000000000d01580e,5c6e75ba000000001201be11,图文笔记,直播搜索托管-经典大胸-自产-显瘦神器-关键词-ROI-3.26,108141999,2025-03-26 16:26:12,0.00,0,0,0.0%,0.0,0.0,0,0.00,0.0,0,0,0.0,0,0,0.0,0,0.0,0,0.0,0,0.0,0,0.0,0,0.0,0,0.0,0,0.0,0,0.0,0,0.0,0.00,0.0,0,0,0
1179220691,直播搜索托管-经典大胸-自产-封面-关键词-ROI-3.26,被计划暂停,审核通过,搜索,直播间直接支付ROI,直播间,,-,无笔记,直播搜索托管-经典大胸-自产-显瘦神器-关键词-ROI-3.26,108141999,2025-03-26 16:26:12,0.00,0,0,0.0%,0.0,0.0,0,0.00,0.0,0,0,0.0,0,0,0.0,0,0.0,0,0.0,0,0.0,0,0.0,0,0.0,0,0.0,0,0.0,0,0.0,0,0.0,0.00,0.0,0,0,0
1179104822,直播通投托管-经典大胸-自产-显瘦神器-关键词-ROI-3.26,被计划暂停,审核通过,通投,直播间直接支付ROI,笔记（直播组件）,67c16251000000000d01580e,5c6e75ba000000001201be11,图文笔记,直播通投托管-经典大胸-自产-显瘦神器-关键词-ROI-3.26,108136380,2025-03-26 16:24:54,0.00,0,0,0.0%,0.0,0.0,0,0.00,0.0,0,0,0.0,0,0,0.0,0,0.0,0,0.0,0,0.0,0,0.0,0,0.0,0,0.0,0,0.0,0,0.0,0,0.0,0.00,0.0,0,0,0
1178989265,直播搜索托管-糯糯杯大胸-自产-天菜-关键词-ROI-3.26,被计划暂停,审核通过,搜索,直播间直接支付ROI,笔记（直播组件）,67da2993000000000b01592f,5c6e75ba000000001201be11,图文笔记,直播搜索托管-糯糯杯大胸-自产-天菜-关键词-ROI-3.26,108141869,2025-03-26 16:23:36,0.00,0,0,0.0%,0.0,0.0,0,0.00,0.0,0,0,0.0,0,0,0.0,0,0.0,0,0.0,0,0.0,0,0.0,0,0.0,0,0.0,0,0.0,0,0.0,0,0.0,0.00,0.0,0,0,0
1178989264,直播搜索托管-糯糯杯大胸-自产-封面-关键词-ROI-3.26,被计划暂停,审核通过,搜索,直播间直接支付ROI,直播间,,-,无笔记,直播搜索托管-糯糯杯大胸-自产-天菜-关键词-ROI-3.26,108141869,2025-03-26 16:23:36,0.00,0,0,0.0%,0.0,0.0,0,0.00,0.0,0,0,0.0,0,0,0.0,0,0.0,0,0.0,0,0.0,0,0.0,0,0.0,0,0.0,0,0.0,0,0.0,0,0.0,0.00,0.0,0,0,0
1179041059,直播通投托管-糯糯杯大胸-自产-天菜-关键词-ROI-3.26,被计划暂停,审核通过,通投,直播间直接支付ROI,笔记（直播组件）,67da2993000000000b01592f,5c6e75ba000000001201be11,图文笔记,直播通投托管-糯糯杯大胸-自产-天菜-关键词-ROI-3.26,108136183,2025-03-26 16:21:11,0.00,0,0,0.0%,0.0,0.0,0,0.00,0.0,0,0,0.0,0,0,0.0,0,0.0,0,0.0,0,0.0,0,0.0,0,0.0,0,0.0,0,0.0,0,0.0,0,0.0,0.00,0.0,0,0,0
1178562992,直播通投手动-糯糯杯小胸-自产-自信秘籍-直播人群-ROI-3.26-优,被计划暂停,审核通过,通投,直播间直接支付ROI,笔记（直播组件）,67d2b67c000000000d0149dc,5c6e75ba000000001201be11,图文笔记,直播通投手动-糯糯杯小胸-自产-自信秘籍-直播人群-ROI-3.26-优,108131953,2025-03-26 15:12:06,0.00,0,0,0.0%,0.0,0.0,0,0.00,0.0,0,0,0.0,0,0,0.0,0,0.0,0,0.0,0,0.0,0,0.0,0,0.0,0,0.0,0,0.0,0,0.0,0,0.0,0.00,0.0,0,0,0
1178432772,直播通投手动-糯糯杯小胸-自产-自信秘籍-价格囤货-ROI-3.26-优,被计划暂停,审核通过,通投,直播间直接支付ROI,笔记（直播组件）,67d2b67c000000000d0149dc,5c6e75ba000000001201be11,图文笔记,直播通投手动-糯糯杯小胸-自产-自信秘籍-价格囤货-ROI-3.26-优,108131921,2025-03-26 15:11:21,0.00,0,0,0.0%,0.0,0.0,0,0.00,0.0,0,0,0.0,0,0,0.0,0,0.0,0,0.0,0,0.0,0,0.0,0,0.0,0,0.0,0,0.0,0,0.0,0,0.0,0.00,0.0,0,0,0
1177933393,直播通投托管-星河日系-自产-气质-时髦新潮-ROI-3.26,被计划暂停,审核通过,通投,直播间直接支付ROI,笔记（直播组件）,67dd3736000000000900ed5f,5c6e75ba000000001201be11,图文笔记,直播通投托管-星河日系-自产-气质-时髦新潮-ROI-3.26,108117210,2025-03-26 13:45:13,0.00,0,0,0.0%,0.0,0.0,0,0.00,0.0,0,0,0.0,0,0,0.0,0,0.0,0,0.0,0,0.0,0,0.0,0,0.0,0,0.0,0,0.0,0,0.0,0,0.0,0.00,0.0,0,0,0
1178105752,直播通投托管-星河日系-自产-气质-细节装饰（36+）-ROI-3.26,被计划暂停,审核通过,通投,直播间直接支付ROI,笔记（直播组件）,67dd3736000000000900ed5f,5c6e75ba000000001201be11,图文笔记,直播通投托管-星河日系-自产-气质-细节装饰（36+）-ROI-3.26,108099685,2025-03-26 13:44:35,0.00,0,0,0.0%,0.0,0.0,0,0.00,0.0,0,0,0.0,0,0,0.0,0,0.0,0,0.0,0,0.0,0,0.0,0,0.0,0,0.0,0,0.0,0,0.0,0,0.0,0.00,0.0,0,0,0
1178104081,直播通投手动-星河日系-自产-气质-核心-ROI-3.26（测试）,被计划暂停,审核通过,通投,直播间直接支付ROI,笔记（直播组件）,67dd3736000000000900ed5f,5c6e75ba000000001201be11,图文笔记,直播通投手动-星河日系-自产-气质-核心-ROI-3.26（测试）,108105206,2025-03-26 13:42:31,0.00,0,0,0.0%,0.0,0.0,0,0.00,0.0,0,0,0.0,0,0,0.0,0,0.0,0,0.0,0,0.0,0,0.0,0,0.0,0,0.0,0,0.0,0,0.0,0,0.0,0.00,0.0,0,0,0
1178155719,直播通投手动-星河系列2.0-自产-伪C-核心-ROI-3.26（测试）,被计划暂停,审核通过,通投,直播间直接支付ROI,笔记（直播组件）,67dd346a000000000901776a,5c6e75ba000000001201be11,图文笔记,直播通投手动-星河系列2.0-自产-伪C-核心-ROI-3.26（测试）,108099373,2025-03-26 13:38:07,0.00,0,0,0.0%,0.0,0.0,0,0.00,0.0,0,0,0.0,0,0,0.0,0,0.0,0,0.0,0,0.0,0,0.0,0,0.0,0,0.0,0,0.0,0,0.0,0,0.0,0.00,0.0,0,0,0
1177542174,直播通投托管-星河系列2.0-自产-伪C-时髦新潮-ROI-3.26,被计划暂停,审核通过,通投,直播间直接支付ROI,笔记（直播组件）,67dd346a000000000901776a,5c6e75ba000000001201be11,图文笔记,直播通投托管-星河系列2.0-自产-伪C-时髦新潮-ROI-3.26,108084306,2025-03-26 11:46:44,0.00,0,0,0.0%,0.0,0.0,0,0.00,0.0,0,0,0.0,0,0,0.0,0,0.0,0,0.0,0,0.0,0,0.0,0,0.0,0,0.0,0,0.0,0,0.0,0,0.0,0.00,0.0,0,0,0
1172616779,直播通投托管-星河日系-自产-小胸逆袭-系统-ROI-3.25,被计划暂停,审核通过,通投,直播间直接支付ROI,笔记（直播组件）,67cfffe6000000001201c782,5c6e75ba000000001201be11,图文笔记,直播通投托管-星河日系-自产-小胸逆袭-系统-ROI-3.25,107914987,2025-03-25 14:16:00,0.00,0,0,0.0%,0.0,0.0,0,0.00,0.0,0,0,0.0,0,0,0.0,0,0.0,0,0.0,0,0.0,0,0.0,0,0.0,0,0.0,0,0.0,0,0.0,0,0.0,0.00,0.0,0,0,0
1172616484,直播通投托管-糯糯杯大胸-自产-天菜-直播人群-ROI-3.25,被计划暂停,审核通过,通投,直播间直接支付ROI,笔记（直播组件）,67da2993000000000b01592f,5c6e75ba000000001201be11,图文笔记,直播通投托管-糯糯杯大胸-自产-天菜-直播人群-ROI-3.25,107886201,2025-03-25 14:15:36,0.00,0,0,0.0%,0.0,0.0,0,0.00,0.0,0,0,0.0,0,0,0.0,0,0.0,0,0.0,0,0.0,0,0.0,0,0.0,0,0.0,0,0.0,0,0.0,0,0.0,0.00,0.0,0,0,0
1172734707,直播通投手动-糯糯杯大胸-自产-大胸显瘦-价格囤货-ROI-3.25,被计划暂停,审核通过,通投,直播间直接支付ROI,笔记（直播组件）,67c166ae000000000903b4ad,5c6e75ba000000001201be11,图文笔记,直播通投手动-糯糯杯大胸-自产-大胸显瘦-价格囤货-ROI-3.25,107903428,2025-03-25 14:15:14,0.00,0,0,0.0%,0.0,0.0,0,0.00,0.0,0,0,0.0,0,0,0.0,0,0.0,0,0.0,0,0.0,0,0.0,0,0.0,0,0.0,0,0.0,0,0.0,0,0.0,0.00,0.0,0,0,0
1172734151,直播通投托管-经典大胸-自产-高颜值-精致中产（36+）-ROI-3.25,被计划暂停,审核通过,通投,直播间直接支付ROI,笔记（直播组件）,67da1636000000000302941e,5c6e75ba000000001201be11,图文笔记,直播通投托管-经典大胸-自产-高颜值-精致中产（36+）-ROI-3.25,107891802,2025-03-25 14:14:44,0.00,0,0,0.0%,0.0,0.0,0,0.00,0.0,0,0,0.0,0,0,0.0,0,0.0,0,0.0,0,0.0,0,0.0,0,0.0,0,0.0,0,0.0,0,0.0,0,0.0,0.00,0.0,0,0,0
1172766639,直播通投托管-糯糯杯大胸-自产-呼吸-直播人群-ROI-3.25-优,被计划暂停,审核通过,通投,直播间直接支付ROI,笔记（直播组件）,67daac53000000001203fc93,5c6e75ba000000001201be11,图文笔记,直播通投托管-糯糯杯大胸-自产-呼吸-直播人群-ROI-3.25-优,107885231,2025-03-25 13:51:34,0.00,0,0,0.0%,0.0,0.0,0,0.00,0.0,0,0,0.0,0,0,0.0,0,0.0,0,0.0,0,0.0,0,0.0,0,0.0,0,0.0,0,0.0,0,0.0,0,0.0,0.00,0.0,0,0,0
1172591748,直播通投托管-经典大胸-自产-春夏-直播人群-ROI-3.25-优,被计划暂停,审核通过,通投,直播间直接支付ROI,笔记（直播组件）,67da8cc20000000003028970,5c6e75ba000000001201be11,图文笔记,直播通投托管-经典大胸-自产-春夏-直播人群-ROI-3.25-优,107913978,2025-03-25 13:51:06,0.00,0,0,0.0%,0.0,0.0,0,0.00,0.0,0,0,0.0,0,0,0.0,0,0.0,0,0.0,0,0.0,0,0.0,0,0.0,0,0.0,0,0.0,0,0.0,0,0.0,0.00,0.0,0,0,0
1171416534,直播通投托管-星河日系-自产-小胸逆袭-系统（36+）-ROI-3.25-优,被计划暂停,审核通过,通投,直播间直接支付ROI,笔记（直播组件）,67cfffe6000000001201c782,5c6e75ba000000001201be11,图文笔记,直播通投托管-星河日系-自产-小胸逆袭-系统（36+）-ROI-3.25-优,107860055,2025-03-25 10:38:09,0.00,0,0,0.0%,0.0,0.0,0,0.00,0.0,0,0,0.0,0,0,0.0,0,0.0,0,0.0,0,0.0,0,0.0,0,0.0,0,0.0,0,0.0,0,0.0,0,0.0,0.00,0.0,0,0,0
1171475258,直播通投托管-经典大胸-自产-高颜值-直播人群（36+）-ROI-3.25,被计划暂停,审核通过,通投,直播间直接支付ROI,笔记（直播组件）,67da1636000000000302941e,5c6e75ba000000001201be11,图文笔记,直播通投托管-经典大胸-自产-高颜值-直播人群（36+）-ROI-3.25,107871860,2025-03-25 10:36:59,0.00,0,0,0.0%,0.0,0.0,0,0.00,0.0,0,0,0.0,0,0,0.0,0,0.0,0,0.0,0,0.0,0,0.0,0,0.0,0,0.0,0,0.0,0,0.0,0,0.0,0.00,0.0,0,0,0
1171413082,直播通投托管-经典大胸-自产-又瘦又有型-精致中产（36+）-ROI-3.25,被计划暂停,审核通过,通投,直播间直接支付ROI,笔记（直播组件）,67cff5f700000000090140d0,5c6e75ba000000001201be11,图文笔记,直播通投托管-经典大胸-自产-又瘦又有型-精致中产（36+）-ROI-3.25,107865869,2025-03-25 10:34:07,0.00,0,0,0.0%,0.0,0.0,0,0.00,0.0,0,0,0.0,0,0,0.0,0,0.0,0,0.0,0,0.0,0,0.0,0,0.0,0,0.0,0,0.0,0,0.0,0,0.0,0.00,0.0,0,0,0
1169240907,直播通投托管-星河日系-自产-腻了-直播人群-ROI-3.24-优,被计划暂停,审核通过,通投,直播间直接支付ROI,笔记（直播组件）,67d7b573000000000302844d,5c6e75ba000000001201be11,图文笔记,直播通投托管-星河日系-自产-腻了-直播人群-ROI-3.24-优,107806459,2025-03-24 19:59:30,0.00,0,0,0.0%,0.0,0.0,0,0.00,0.0,0,0,0.0,0,0,0.0,0,0.0,0,0.0,0,0.0,0,0.0,0,0.0,0,0.0,0,0.0,0,0.0,0,0.0,0.00,0.0,0,0,0
1169146280,直播通投托管-糯糯杯大胸-自产-纸片人-直播人群-ROI-3.24-优,被计划暂停,审核通过,通投,直播间直接支付ROI,笔记（直播组件）,67d15c61000000001203fb29,5c6e75ba000000001201be11,图文笔记,直播通投托管-糯糯杯大胸-自产-纸片人-直播人群-ROI-3.24-优,107780081,2025-03-24 17:52:54,0.00,0,0,0.0%,0.0,0.0,0,0.00,0.0,0,0,0.0,0,0,0.0,0,0.0,0,0.0,0,0.0,0,0.0,0,0.0,0,0.0,0,0.0,0,0.0,0,0.0,0.00,0.0,0,0,0
1160348697,直播通投托管-星河日系-自产-气质-直播人群-ROI-3.22,被计划暂停,审核通过,通投,直播间直接支付ROI,笔记（直播组件）,67dd3736000000000900ed5f,5c6e75ba000000001201be11,图文笔记,直播通投托管-星河日系-自产-气质-直播人群-ROI-3.22,107490183,2025-03-22 19:36:50,0.00,0,0,0.0%,0.0,0.0,0,0.00,0.0,0,0,0.0,0,0,0.0,0,0.0,0,0.0,0,0.0,0,0.0,0,0.0,0,0.0,0,0.0,0,0.0,0,0.0,0.00,0.0,0,0,0
1160348605,直播通投托管-星河系列2.0-自产-伪C-直播人群-ROI-3.22,被计划暂停,审核通过,通投,直播间直接支付ROI,笔记（直播组件）,67dd346a000000000901776a,5c6e75ba000000001201be11,图文笔记,直播通投托管-星河系列2.0-自产-伪C-直播人群-ROI-3.22,107519071,2025-03-22 19:36:16,0.00,0,0,0.0%,0.0,0.0,0,0.00,0.0,0,0,0.0,0,0,0.0,0,0.0,0,0.0,0,0.0,0,0.0,0,0.0,0,0.0,0,0.0,0,0.0,0,0.0,0.00,0.0,0,0,0
1154980411,直播通投托管-糯糯杯大胸-自产-大胸显瘦-细节装饰（36+）-ROI-3.21,被计划暂停,审核通过,通投,直播间直接支付ROI,笔记（直播组件）,67c166ae000000000903b4ad,5c6e75ba000000001201be11,图文笔记,直播通投托管-糯糯杯大胸-自产-大胸显瘦-细节装饰（36+）-ROI-3.21,107324467,2025-03-21 16:58:20,0.00,0,0,0.0%,0.0,0.0,0,0.00,0.0,0,0,0.0,0,0,0.0,0,0.0,0,0.0,0,0.0,0,0.0,0,0.0,0,0.0,0,0.0,0,0.0,0,0.0,0.00,0.0,0,0,0
1154806598,直播通投手动-糯糯杯大胸-自产-大胸显瘦-价格囤货（36+）-ROI-3.21,被计划暂停,审核通过,通投,直播间直接支付ROI,笔记（直播组件）,67c166ae000000000903b4ad,5c6e75ba000000001201be11,图文笔记,直播通投手动-糯糯杯大胸-自产-大胸显瘦-价格囤货（36+）-ROI-3.21,107299211,2025-03-21 16:56:50,0.00,0,0,0.0%,0.0,0.0,0,0.00,0.0,0,0,0.0,0,0,0.0,0,0.0,0,0.0,0,0.0,0,0.0,0,0.0,0,0.0,0,0.0,0,0.0,0,0.0,0.00,0.0,0,0,0
1152895572,直播通投托管-经典大胸-自产-显瘦神器-核心（36+）-ROI-3.21（测试）,被计划暂停,审核通过,通投,直播间直接支付ROI,笔记（直播组件）,67c16251000000000d01580e,5c6e75ba000000001201be11,图文笔记,直播通投托管-经典大胸-自产-显瘦神器-核心（36+）-ROI-3.21（测试）,107245855,2025-03-21 11:38:21,0.00,0,0,0.0%,0.0,0.0,0,0.00,0.0,0,0,0.0,0,0,0.0,0,0.0,0,0.0,0,0.0,0,0.0,0,0.0,0,0.0,0,0.0,0,0.0,0,0.0,0.00,0.0,0,0,0
1146844355,直播通投托管-经典大胸-自产-春夏-精致中产-ROI-3.20,被计划暂停,审核通过,通投,直播间直接支付ROI,笔记（直播组件）,67da8cc20000000003028970,5c6e75ba000000001201be11,图文笔记,直播通投托管-经典大胸-自产-春夏-精致中产-ROI-3.20,107030955,2025-03-20 09:21:07,0.00,0,0,0.0%,0.0,0.0,0,0.00,0.0,0,0,0.0,0,0,0.0,0,0.0,0,0.0,0,0.0,0,0.0,0,0.0,0,0.0,0,0.0,0,0.0,0,0.0,0.00,0.0,0,0,0
1147004526,直播通投托管-经典大胸-自产-春夏-直播人群-ROI-3.20,被计划暂停,不满足审核条件,通投,直播间直接支付ROI,笔记（直播组件）,67da8cc20000000003028970,5c6e75ba000000001201be11,图文笔记,直播通投托管-经典大胸-自产-春夏-直播人群-ROI-3.20,107042197,2025-03-20 09:20:37,0.00,0,0,0.0%,0.0,0.0,0,0.00,0.0,0,0,0.0,0,0,0.0,0,0.0,0,0.0,0,0.0,0,0.0,0,0.0,0,0.0,0,0.0,0,0.0,0,0.0,0.00,0.0,0,0,0
1146737288,直播通投托管-糯糯杯大胸-自产-呼吸-精致中产-ROI-3.20,被计划暂停,不满足审核条件,通投,直播间直接支付ROI,笔记（直播组件）,67daac53000000001203fc93,5c6e75ba000000001201be11,图文笔记,直播通投托管-糯糯杯大胸-自产-呼吸-精致中产-ROI-3.20,107023382,2025-03-20 09:20:00,0.00,0,0,0.0%,0.0,0.0,0,0.00,0.0,0,0,0.0,0,0,0.0,0,0.0,0,0.0,0,0.0,0,0.0,0,0.0,0,0.0,0,0.0,0,0.0,0,0.0,0.00,0.0,0,0,0
1146956546,直播通投托管-糯糯杯大胸-自产-呼吸-直播人群-ROI-3.20,被计划暂停,不满足审核条件,通投,直播间直接支付ROI,笔记（直播组件）,67daac53000000001203fc93,5c6e75ba000000001201be11,图文笔记,直播通投托管-糯糯杯大胸-自产-呼吸-直播人群-ROI-3.20,107030912,2025-03-20 09:19:27,0.00,0,0,0.0%,0.0,0.0,0,0.00,0.0,0,0,0.0,0,0,0.0,0,0.0,0,0.0,0,0.0,0,0.0,0,0.0,0,0.0,0,0.0,0,0.0,0,0.0,0.00,0.0,0,0,0
1143771898,直播通投托管-星河日系-达人-雪姐姐-精致中产-ROI-3.19,暂停,审核通过,通投,直播间直接支付ROI,笔记（直播组件）,67d2db91000000001b02616d,5790669aa9b2ed5dddad8a07,视频笔记,直播通投托管-星河日系-达人-雪姐姐-精致中产-ROI-3.19,106947506,2025-03-19 15:20:35,0.00,0,0,0.0%,0.0,0.0,0,0.00,0.0,0,0,0.0,0,0,0.0,0,0.0,0,0.0,0,0.0,0,0.0,0,0.0,0,0.0,0,0.0,0,0.0,0,0.0,0.00,0.0,0,0,0
1143558440,直播通投托管-星河日系-达人-雪姐姐-直播人群-ROI-3.19,暂停,审核通过,通投,直播间直接支付ROI,笔记（直播组件）,67d2db91000000001b02616d,5790669aa9b2ed5dddad8a07,视频笔记,直播通投托管-星河日系-达人-雪姐姐-直播人群-ROI-3.19,106953120,2025-03-19 15:20:00,0.00,0,0,0.0%,0.0,0.0,0,0.00,0.0,0,0,0.0,0,0,0.0,0,0.0,0,0.0,0,0.0,0,0.0,0,0.0,0,0.0,0,0.0,0,0.0,0,0.0,0.00,0.0,0,0,0
1143557194,直播通投托管-糯糯杯大胸-自产-天菜-精致中产-ROI-3.19,被计划暂停,审核通过,通投,直播间直接支付ROI,笔记（直播组件）,67da2993000000000b01592f,5c6e75ba000000001201be11,图文笔记,直播通投托管-糯糯杯大胸-自产-天菜-精致中产-ROI-3.19,106947384,2025-03-19 15:17:28,0.00,0,0,0.0%,0.0,0.0,0,0.00,0.0,0,0,0.0,0,0,0.0,0,0.0,0,0.0,0,0.0,0,0.0,0,0.0,0,0.0,0,0.0,0,0.0,0,0.0,0.00,0.0,0,0,0
1143500857,直播通投托管-经典大胸-自产-高颜值-精致中产-ROI-3.19,被计划暂停,审核通过,通投,直播间直接支付ROI,笔记（直播组件）,67da1636000000000302941e,5c6e75ba000000001201be11,图文笔记,直播通投托管-经典大胸-自产-高颜值-精致中产-ROI-3.19,106924671,2025-03-19 15:17:01,0.00,0,0,0.0%,0.0,0.0,0,0.00,0.0,0,0,0.0,0,0,0.0,0,0.0,0,0.0,0,0.0,0,0.0,0,0.0,0,0.0,0,0.0,0,0.0,0,0.0,0.00,0.0,0,0,0
1143500535,直播通投托管-糯糯杯大胸-自产-天菜-直播人群-ROI-3.19,被计划暂停,审核通过,通投,直播间直接支付ROI,笔记（直播组件）,67da2993000000000b01592f,5c6e75ba000000001201be11,图文笔记,直播通投托管-糯糯杯大胸-自产-天菜-直播人群-ROI-3.19,106936153,2025-03-19 15:16:21,0.00,0,0,0.0%,0.0,0.0,0,0.00,0.0,0,0,0.0,0,0,0.0,0,0.0,0,0.0,0,0.0,0,0.0,0,0.0,0,0.0,0,0.0,0,0.0,0,0.0,0.00,0.0,0,0,0
1143664735,直播通投托管-经典大胸-自产-高颜值-直播人群-ROI-3.19,被计划暂停,审核通过,通投,直播间直接支付ROI,笔记（直播组件）,67da1636000000000302941e,5c6e75ba000000001201be11,图文笔记,直播通投托管-经典大胸-自产-高颜值-直播人群-ROI-3.19,106947309,2025-03-19 15:15:45,0.00,0,0,0.0%,0.0,0.0,0,0.00,0.0,0,0,0.0,0,0,0.0,0,0.0,0,0.0,0,0.0,0,0.0,0,0.0,0,0.0,0,0.0,0,0.0,0,0.0,0.00,0.0,0,0,0
1143496142,直播通投手动-糯糯杯小胸-自产-自信秘籍-核心-ROI-3.19（测试）,被计划暂停,不满足审核条件,通投,直播间直接支付ROI,笔记（直播组件）,67d2b67c000000000d0149dc,5c6e75ba000000001201be11,图文笔记,直播通投手动-糯糯杯小胸-自产-自信秘籍-核心-ROI-3.19（测试）,106924476,2025-03-19 15:12:23,0.00,0,0,0.0%,0.0,0.0,0,0.00,0.0,0,0,0.0,0,0,0.0,0,0.0,0,0.0,0,0.0,0,0.0,0,0.0,0,0.0,0,0.0,0,0.0,0,0.0,0.00,0.0,0,0,0
1143600322,直播通投托管-糯糯杯小胸-自产-自信秘籍-细节装饰-ROI-3.19,被计划暂停,审核通过,通投,直播间直接支付ROI,笔记（直播组件）,67d2b67c000000000d0149dc,5c6e75ba000000001201be11,图文笔记,直播通投托管-糯糯杯小胸-自产-自信秘籍-细节装饰-ROI-3.19,106924428,2025-03-19 15:11:13,0.00,0,0,0.0%,0.0,0.0,0,0.00,0.0,0,0,0.0,0,0,0.0,0,0.0,0,0.0,0,0.0,0,0.0,0,0.0,0,0.0,0,0.0,0,0.0,0,0.0,0.00,0.0,0,0,0
1139547593,直播通投托管-星河日系-自产-腻了-精致中产-ROI-3.18,被计划暂停,审核通过,通投,直播间直接支付ROI,笔记（直播组件）,67d7b573000000000302844d,5c6e75ba000000001201be11,图文笔记,直播通投托管-星河日系-自产-腻了-精致中产-ROI-3.18,106807464,2025-03-18 19:03:14,0.00,0,0,0.0%,0.0,0.0,0,0.00,0.0,0,0,0.0,0,0,0.0,0,0.0,0,0.0,0,0.0,0,0.0,0,0.0,0,0.0,0,0.0,0,0.0,0,0.0,0.00,0.0,0,0,0
1135218729,直播通投托管-星河日系-自产-腻了-直播人群-ROI-3.17,被计划暂停,审核通过,通投,直播间直接支付ROI,笔记（直播组件）,67d7b573000000000302844d,5c6e75ba000000001201be11,图文笔记,直播通投托管-星河日系-自产-腻了-直播人群-ROI-3.17,106645245,2025-03-17 21:55:07,0.00,0,0,0.0%,0.0,0.0,0,0.00,0.0,0,0,0.0,0,0,0.0,0,0.0,0,0.0,0,0.0,0,0.0,0,0.0,0,0.0,0,0.0,0,0.0,0,0.0,0.00,0.0,0,0,0
1132527393,直播通投托管-糯糯杯小胸-自产-自信秘籍-高级感穿搭-ROI-3.17,被计划暂停,审核通过,通投,直播间直接支付ROI,笔记（直播组件）,67d2b67c000000000d0149dc,5c6e75ba000000001201be11,图文笔记,直播通投托管-糯糯杯小胸-自产-自信秘籍-高级感穿搭-ROI-3.17,106531117,2025-03-17 11:46:38,0.00,0,0,0.0%,0.0,0.0,0,0.00,0.0,0,0,0.0,0,0,0.0,0,0.0,0,0.0,0,0.0,0,0.0,0,0.0,0,0.0,0,0.0,0,0.0,0,0.0,0.00,0.0,0,0,0
1132587062,直播通投托管-糯糯杯小胸-自产-自信秘籍-服饰上新-ROI-3.17,被计划暂停,审核通过,通投,直播间直接支付ROI,笔记（直播组件）,67d2b67c000000000d0149dc,5c6e75ba000000001201be11,图文笔记,直播通投托管-糯糯杯小胸-自产-自信秘籍-服饰上新-ROI-3.17,106537071,2025-03-17 11:46:08,0.00,0,0,0.0%,0.0,0.0,0,0.00,0.0,0,0,0.0,0,0,0.0,0,0.0,0,0.0,0,0.0,0,0.0,0,0.0,0,0.0,0,0.0,0,0.0,0,0.0,0.00,0.0,0,0,0
1132471079,直播通投手动-糯糯杯大胸-自产-纸片人-服饰上新-ROI-3.17,被计划暂停,审核通过,通投,直播间直接支付ROI,笔记（直播组件）,67d15c61000000001203fb29,5c6e75ba000000001201be11,图文笔记,直播通投手动-糯糯杯大胸-自产-纸片人-服饰上新-ROI-3.17,106536989,2025-03-17 11:44:52,0.00,0,0,0.0%,0.0,0.0,0,0.00,0.0,0,0,0.0,0,0,0.0,0,0.0,0,0.0,0,0.0,0,0.0,0,0.0,0,0.0,0,0.0,0,0.0,0,0.0,0.00,0.0,0,0,0
1132585777,直播通投手动-糯糯杯大胸-自产-纸片人-高级感穿搭-ROI-3.17,被计划暂停,不满足审核条件,通投,直播间直接支付ROI,笔记（直播组件）,67d15c61000000001203fb29,5c6e75ba000000001201be11,图文笔记,直播通投手动-糯糯杯大胸-自产-纸片人-高级感穿搭-ROI-3.17,106536977,2025-03-17 11:44:32,0.00,0,0,0.0%,0.0,0.0,0,0.00,0.0,0,0,0.0,0,0,0.0,0,0.0,0,0.0,0,0.0,0,0.0,0,0.0,0,0.0,0,0.0,0,0.0,0,0.0,0.00,0.0,0,0,0
1132524866,直播通投托管-星河日系-自产-小胸逆袭-服饰上新-ROI-3.17,被计划暂停,审核通过,通投,直播间直接支付ROI,笔记（直播组件）,67cfffe6000000001201c782,5c6e75ba000000001201be11,图文笔记,直播通投托管-星河日系-自产-小胸逆袭-服饰上新-ROI-3.17,106553510,2025-03-17 11:43:52,0.00,0,0,0.0%,0.0,0.0,0,0.00,0.0,0,0,0.0,0,0,0.0,0,0.0,0,0.0,0,0.0,0,0.0,0,0.0,0,0.0,0,0.0,0,0.0,0,0.0,0.00,0.0,0,0,0
1132410913,直播通投托管-星河日系-自产-小胸逆袭-高级感穿搭-ROI-3.17,被计划暂停,审核通过,通投,直播间直接支付ROI,笔记（直播组件）,67cfffe6000000001201c782,5c6e75ba000000001201be11,图文笔记,直播通投托管-星河日系-自产-小胸逆袭-高级感穿搭-ROI-3.17,106553494,2025-03-17 11:43:31,0.00,0,0,0.0%,0.0,0.0,0,0.00,0.0,0,0,0.0,0,0,0.0,0,0.0,0,0.0,0,0.0,0,0.0,0,0.0,0,0.0,0,0.0,0,0.0,0,0.0,0.00,0.0,0,0,0
1132522928,直播通投托管-经典大胸-自产-又瘦又有型-服饰上新-ROI-3.17,被计划暂停,审核通过,通投,直播间直接支付ROI,笔记（直播组件）,67cff5f700000000090140d0,5c6e75ba000000001201be11,图文笔记,直播通投托管-经典大胸-自产-又瘦又有型-服饰上新-ROI-3.17,106525202,2025-03-17 11:41:57,0.00,0,0,0.0%,0.0,0.0,0,0.00,0.0,0,0,0.0,0,0,0.0,0,0.0,0,0.0,0,0.0,0,0.0,0,0.0,0,0.0,0,0.0,0,0.0,0,0.0,0.00,0.0,0,0,0
1132521683,直播通投托管-经典大胸-自产-又瘦又有型-高级感穿搭-ROI-3.17,被计划暂停,审核通过,通投,直播间直接支付ROI,笔记（直播组件）,67cff5f700000000090140d0,5c6e75ba000000001201be11,图文笔记,直播通投托管-经典大胸-自产-又瘦又有型-高级感穿搭-ROI-3.17,106525179,2025-03-17 11:41:29,0.00,0,0,0.0%,0.0,0.0,0,0.00,0.0,0,0,0.0,0,0,0.0,0,0.0,0,0.0,0,0.0,0,0.0,0,0.0,0,0.0,0,0.0,0,0.0,0,0.0,0.00,0.0,0,0,0
1130207448,直播通投手动-糯糯杯小胸-自产-自信秘籍-直播人群-ROI-3.16,被计划暂停,不满足审核条件,通投,直播间直接支付ROI,笔记（直播组件）,67d2b67c000000000d0149dc,5c6e75ba000000001201be11,图文笔记,直播通投手动-糯糯杯小胸-自产-自信秘籍-直播人群-ROI-3.16,106465042,2025-03-16 21:03:54,0.00,0,0,0.0%,0.0,0.0,0,0.00,0.0,0,0,0.0,0,0,0.0,0,0.0,0,0.0,0,0.0,0,0.0,0,0.0,0,0.0,0,0.0,0,0.0,0,0.0,0.00,0.0,0,0,0
1120384564,直播通投手动-糯糯杯小胸-自产-自信秘籍-直播人群-ROI-3.14,被计划暂停,不满足审核条件,通投,直播间直接支付ROI,笔记（直播组件）,67d2b67c000000000d0149dc,5c6e75ba000000001201be11,图文笔记,直播通投手动-糯糯杯小胸-自产-自信秘籍-直播人群-ROI-3.14,106214958,2025-03-14 15:17:10,0.00,0,0,0.0%,0.0,0.0,0,0.00,0.0,0,0,0.0,0,0,0.0,0,0.0,0,0.0,0,0.0,0,0.0,0,0.0,0,0.0,0,0.0,0,0.0,0,0.0,0.00,0.0,0,0,0
1120495981,直播通投手动-糯糯杯小胸-自产-自信秘籍-价格囤货-ROI-3.14,被计划暂停,审核通过,通投,直播间直接支付ROI,笔记（直播组件）,67d2b67c000000000d0149dc,5c6e75ba000000001201be11,图文笔记,直播通投手动-糯糯杯小胸-自产-自信秘籍-价格囤货-ROI-3.14,106197553,2025-03-14 15:16:43,0.00,0,0,0.0%,0.0,0.0,0,0.00,0.0,0,0,0.0,0,0,0.0,0,0.0,0,0.0,0,0.0,0,0.0,0,0.0,0,0.0,0,0.0,0,0.0,0,0.0,0.00,0.0,0,0,0
1120138630,直播通投手动-糯糯杯大胸-自产-大胸微胖-服饰上新-ROI-3.14,被计划暂停,审核通过,通投,直播间直接支付ROI,笔记（直播组件）,67d15b0e000000001201dfbc,5c6e75ba000000001201be11,图文笔记,直播通投手动-糯糯杯大胸-自产-大胸微胖-服饰上新-ROI-3.14,106170995,2025-03-14 14:13:17,0.00,0,0,0.0%,0.0,0.0,0,0.00,0.0,0,0,0.0,0,0,0.0,0,0.0,0,0.0,0,0.0,0,0.0,0,0.0,0,0.0,0,0.0,0,0.0,0,0.0,0.00,0.0,0,0,0
1120137866,直播通投手动-糯糯杯大胸-自产-大胸微胖-细节装饰-ROI-3.14,被计划暂停,审核通过,通投,直播间直接支付ROI,笔记（直播组件）,67d15b0e000000001201dfbc,5c6e75ba000000001201be11,图文笔记,直播通投手动-糯糯杯大胸-自产-大胸微胖-细节装饰-ROI-3.14,106176750,2025-03-14 14:12:55,0.00,0,0,0.0%,0.0,0.0,0,0.00,0.0,0,0,0.0,0,0,0.0,0,0.0,0,0.0,0,0.0,0,0.0,0,0.0,0,0.0,0,0.0,0,0.0,0,0.0,0.00,0.0,0,0,0
1120310258,直播通投手动-糯糯杯大胸-自产-大胸微胖-价格囤货-ROI-3.14,被计划暂停,审核通过,通投,直播间直接支付ROI,笔记（直播组件）,67d15b0e000000001201dfbc,5c6e75ba000000001201be11,图文笔记,直播通投手动-糯糯杯大胸-自产-大胸微胖-价格囤货-ROI-3.14,106170944,2025-03-14 14:12:07,0.00,0,0,0.0%,0.0,0.0,0,0.00,0.0,0,0,0.0,0,0,0.0,0,0.0,0,0.0,0,0.0,0,0.0,0,0.0,0,0.0,0,0.0,0,0.0,0,0.0,0.00,0.0,0,0,0
1114390060,直播通投托管-星河日系-自产-浅春-系统-ROI-3.13,被计划暂停,审核通过,通投,直播间直接支付ROI,笔记（直播组件）,67d0022f000000000603ce87,5c6e75ba000000001201be11,图文笔记,直播通投托管-星河日系-自产-浅春-系统-ROI-3.13,106005603,2025-03-13 11:36:15,0.00,0,0,0.0%,0.0,0.0,0,0.00,0.0,0,0,0.0,0,0,0.0,0,0.0,0,0.0,0,0.0,0,0.0,0,0.0,0,0.0,0,0.0,0,0.0,0,0.0,0.00,0.0,0,0,0
1114447661,直播通投托管-星河日系-自产-小胸逆袭-系统-ROI-3.13,被计划暂停,审核通过,通投,直播间直接支付ROI,笔记（直播组件）,67cfffe6000000001201c782,5c6e75ba000000001201be11,图文笔记,直播通投托管-星河日系-自产-小胸逆袭-系统-ROI-3.13,105994064,2025-03-13 11:35:55,0.00,0,0,0.0%,0.0,0.0,0,0.00,0.0,0,0,0.0,0,0,0.0,0,0.0,0,0.0,0,0.0,0,0.0,0,0.0,0,0.0,0,0.0,0,0.0,0,0.0,0.00,0.0,0,0,0
1114336037,直播通投托管-经典大胸-自产-又瘦又有型-系统-ROI-3.13,被计划暂停,审核通过,通投,直播间直接支付ROI,笔记（直播组件）,67cff5f700000000090140d0,5c6e75ba000000001201be11,图文笔记,直播通投托管-经典大胸-自产-又瘦又有型-系统-ROI-3.13,105999872,2025-03-13 11:35:30,0.00,0,0,0.0%,0.0,0.0,0,0.00,0.0,0,0,0.0,0,0,0.0,0,0.0,0,0.0,0,0.0,0,0.0,0,0.0,0,0.0,0,0.0,0,0.0,0,0.0,0.00,0.0,0,0,0
1114562611,直播通投手动-糯糯杯大胸-自产-大胸微胖-系统-ROI-3.13,被计划暂停,审核通过,通投,直播间直接支付ROI,笔记（直播组件）,67d15b0e000000001201dfbc,5c6e75ba000000001201be11,图文笔记,直播通投手动-糯糯杯大胸-自产-大胸微胖-系统-ROI-3.13,106005521,2025-03-13 11:34:34,0.00,0,0,0.0%,0.0,0.0,0,0.00,0.0,0,0,0.0,0,0,0.0,0,0.0,0,0.0,0,0.0,0,0.0,0,0.0,0,0.0,0,0.0,0,0.0,0,0.0,0.00,0.0,0,0,0
1114562379,直播通投手动-糯糯杯大胸-自产-大胸微胖-精致中产-ROI-3.13,被计划暂停,审核通过,通投,直播间直接支付ROI,笔记（直播组件）,67d15b0e000000001201dfbc,5c6e75ba000000001201be11,图文笔记,直播通投手动-糯糯杯大胸-自产-大胸微胖-精致中产-ROI-3.13,105988373,2025-03-13 11:34:17,0.00,0,0,0.0%,0.0,0.0,0,0.00,0.0,0,0,0.0,0,0,0.0,0,0.0,0,0.0,0,0.0,0,0.0,0,0.0,0,0.0,0,0.0,0,0.0,0,0.0,0.00,0.0,0,0,0
1114445891,直播通投手动-糯糯杯大胸-自产-大胸微胖-直播人群-ROI-3.13,被计划暂停,审核通过,通投,直播间直接支付ROI,笔记（直播组件）,67d15b0e000000001201dfbc,5c6e75ba000000001201be11,图文笔记,直播通投手动-糯糯杯大胸-自产-大胸微胖-直播人群-ROI-3.13,105982397,2025-03-13 11:33:52,0.00,0,0,0.0%,0.0,0.0,0,0.00,0.0,0,0,0.0,0,0,0.0,0,0.0,0,0.0,0,0.0,0,0.0,0,0.0,0,0.0,0,0.0,0,0.0,0,0.0,0.00,0.0,0,0,0
1114386681,直播通投手动-糯糯杯大胸-自产-纸片人-系统-ROI-3.13,被计划暂停,审核通过,通投,直播间直接支付ROI,笔记（直播组件）,67d15c61000000001203fb29,5c6e75ba000000001201be11,图文笔记,直播通投手动-糯糯杯大胸-自产-纸片人-系统-ROI-3.13,105988298,2025-03-13 11:33:02,0.00,0,0,0.0%,0.0,0.0,0,0.00,0.0,0,0,0.0,0,0,0.0,0,0.0,0,0.0,0,0.0,0,0.0,0,0.0,0,0.0,0,0.0,0,0.0,0,0.0,0.00,0.0,0,0,0
1114332807,直播通投手动-糯糯杯大胸-自产-纸片人-精致中产-ROI-3.13,被计划暂停,审核通过,通投,直播间直接支付ROI,笔记（直播组件）,67d15c61000000001203fb29,5c6e75ba000000001201be11,图文笔记,直播通投手动-糯糯杯大胸-自产-纸片人-精致中产-ROI-3.13,105993875,2025-03-13 11:32:45,0.00,0,0,0.0%,0.0,0.0,0,0.00,0.0,0,0,0.0,0,0,0.0,0,0.0,0,0.0,0,0.0,0,0.0,0,0.0,0,0.0,0,0.0,0,0.0,0,0.0,0.00,0.0,0,0,0
1114332166,直播通投手动-糯糯杯大胸-自产-纸片人-直播人群-ROI-3.13,被计划暂停,审核通过,通投,直播间直接支付ROI,笔记（直播组件）,67d15c61000000001203fb29,5c6e75ba000000001201be11,图文笔记,直播通投手动-糯糯杯大胸-自产-纸片人-直播人群-ROI-3.13,105993849,2025-03-13 11:32:20,0.00,0,0,0.0%,0.0,0.0,0,0.00,0.0,0,0,0.0,0,0,0.0,0,0.0,0,0.0,0,0.0,0,0.0,0,0.0,0,0.0,0,0.0,0,0.0,0,0.0,0.00,0.0,0,0,0
1114329668,直播通投托管-经典大胸-自产-好绝-系统-ROI-3.13,被计划暂停,审核通过,通投,直播间直接支付ROI,笔记（直播组件）,67d15eac000000000900dd39,5c6e75ba000000001201be11,图文笔记,直播通投托管-经典大胸-自产-好绝-系统-ROI-3.13,105993790,2025-03-13 11:31:21,0.00,0,0,0.0%,0.0,0.0,0,0.00,0.0,0,0,0.0,0,0,0.0,0,0.0,0,0.0,0,0.0,0,0.0,0,0.0,0,0.0,0,0.0,0,0.0,0,0.0,0.00,0.0,0,0,0
1114271843,直播通投托管-经典大胸-自产-好绝-精致中产-ROI-3.13,被计划暂停,审核通过,通投,直播间直接支付ROI,笔记（直播组件）,67d15eac000000000900dd39,5c6e75ba000000001201be11,图文笔记,直播通投托管-经典大胸-自产-好绝-精致中产-ROI-3.13,106011113,2025-03-13 11:31:04,0.00,0,0,0.0%,0.0,0.0,0,0.00,0.0,0,0,0.0,0,0,0.0,0,0.0,0,0.0,0,0.0,0,0.0,0,0.0,0,0.0,0,0.0,0,0.0,0,0.0,0.00,0.0,0,0,0
1114438619,直播通投托管-经典大胸-自产-好绝-直播人群-ROI-3.13,被计划暂停,不满足审核条件,通投,直播间直接支付ROI,笔记（直播组件）,67d15eac000000000900dd39,5c6e75ba000000001201be11,图文笔记,直播通投托管-经典大胸-自产-好绝-直播人群-ROI-3.13,105988181,2025-03-13 11:30:33,0.00,0,0,0.0%,0.0,0.0,0,0.00,0.0,0,0,0.0,0,0,0.0,0,0.0,0,0.0,0,0.0,0,0.0,0,0.0,0,0.0,0,0.0,0,0.0,0,0.0,0.00,0.0,0,0,0
1110319333,直播通投托管-经典大胸-自产-显瘦神器-核心312-ROI-3.12（测试）,暂停,审核通过,通投,直播间直接支付ROI,笔记（直播组件）,67c16251000000000d01580e,5c6e75ba000000001201be11,图文笔记,直播通投托管-经典大胸-自产-显瘦神器-核心312-ROI-3.12（测试）,105869477,2025-03-12 15:50:18,0.00,0,0,0.0%,0.0,0.0,0,0.00,0.0,0,0,0.0,0,0,0.0,0,0.0,0,0.0,0,0.0,0,0.0,0,0.0,0,0.0,0,0.0,0,0.0,0,0.0,0.00,0.0,0,0,0
1110544833,直播通投托管-糯糯杯大胸-自产-大胸显瘦-核心312-ROI-3.12（测试）,暂停,审核拒绝,通投,直播间直接支付ROI,笔记（直播组件）,67c166ae000000000903b4ad,5c6e75ba000000001201be11,图文笔记,直播通投托管-糯糯杯大胸-自产-大胸显瘦-核心312-ROI-3.12（测试）,105840502,2025-03-12 15:48:59,0.00,0,0,0.0%,0.0,0.0,0,0.00,0.0,0,0,0.0,0,0,0.0,0,0.0,0,0.0,0,0.0,0,0.0,0,0.0,0,0.0,0,0.0,0,0.0,0,0.0,0.00,0.0,0,0,0
1109917475,直播通投托管-经典大胸-自产-又瘦又有型-时髦新潮-ROI-3.12,被计划暂停,审核通过,通投,直播间直接支付ROI,笔记（直播组件）,67cff5f700000000090140d0,5c6e75ba000000001201be11,图文笔记,直播通投托管-经典大胸-自产-又瘦又有型-时髦新潮-ROI-3.12,105848507,2025-03-12 14:16:40,0.00,0,0,0.0%,0.0,0.0,0,0.00,0.0,0,0,0.0,0,0,0.0,0,0.0,0,0.0,0,0.0,0,0.0,0,0.0,0,0.0,0,0.0,0,0.0,0,0.0,0.00,0.0,0,0,0
1110045957,直播通投托管-经典大胸-自产-又瘦又有型-质感女士-ROI-3.12,被计划暂停,审核通过,通投,直播间直接支付ROI,笔记（直播组件）,67cff5f700000000090140d0,5c6e75ba000000001201be11,图文笔记,直播通投托管-经典大胸-自产-又瘦又有型-质感女士-ROI-3.12,105835651,2025-03-12 14:16:16,0.00,0,0,0.0%,0.0,0.0,0,0.00,0.0,0,0,0.0,0,0,0.0,0,0.0,0,0.0,0,0.0,0,0.0,0,0.0,0,0.0,0,0.0,0,0.0,0,0.0,0.00,0.0,0,0,0
1110102231,直播通投托管-经典大胸-自产-又瘦又有型-价格囤货-ROI-3.12,被计划暂停,审核通过,通投,直播间直接支付ROI,笔记（直播组件）,67cff5f700000000090140d0,5c6e75ba000000001201be11,图文笔记,直播通投托管-经典大胸-自产-又瘦又有型-价格囤货-ROI-3.12,105829994,2025-03-12 14:15:54,0.00,0,0,0.0%,0.0,0.0,0,0.00,0.0,0,0,0.0,0,0,0.0,0,0.0,0,0.0,0,0.0,0,0.0,0,0.0,0,0.0,0,0.0,0,0.0,0,0.0,0.00,0.0,0,0,0
1109855939,直播通投托管-星河日系-自产-小胸逆袭-时髦新潮-ROI-3.12,被计划暂停,审核通过,通投,直播间直接支付ROI,笔记（直播组件）,67cfffe6000000001201c782,5c6e75ba000000001201be11,图文笔记,直播通投托管-星河日系-自产-小胸逆袭-时髦新潮-ROI-3.12,105848343,2025-03-12 14:14:07,0.00,0,0,0.0%,0.0,0.0,0,0.00,0.0,0,0,0.0,0,0,0.0,0,0.0,0,0.0,0,0.0,0,0.0,0,0.0,0,0.0,0,0.0,0,0.0,0,0.0,0.00,0.0,0,0,0
1110043341,直播通投托管-星河日系-自产-小胸逆袭-质感女士-ROI-3.12,被计划暂停,审核通过,通投,直播间直接支付ROI,笔记（直播组件）,67cfffe6000000001201c782,5c6e75ba000000001201be11,图文笔记,直播通投托管-星河日系-自产-小胸逆袭-质感女士-ROI-3.12,105835503,2025-03-12 14:13:45,0.00,0,0,0.0%,0.0,0.0,0,0.00,0.0,0,0,0.0,0,0,0.0,0,0.0,0,0.0,0,0.0,0,0.0,0,0.0,0,0.0,0,0.0,0,0.0,0,0.0,0.00,0.0,0,0,0
1109929075,直播通投托管-星河日系-自产-小胸逆袭-价格囤货-ROI-3.12,被计划暂停,审核通过,通投,直播间直接支付ROI,笔记（直播组件）,67cfffe6000000001201c782,5c6e75ba000000001201be11,图文笔记,直播通投托管-星河日系-自产-小胸逆袭-价格囤货-ROI-3.12,105836626,2025-03-12 14:13:22,0.00,0,0,0.0%,0.0,0.0,0,0.00,0.0,0,0,0.0,0,0,0.0,0,0.0,0,0.0,0,0.0,0,0.0,0,0.0,0,0.0,0,0.0,0,0.0,0,0.0,0.00,0.0,0,0,0
1109798599,直播通投托管-星河日系-自产-浅春-时髦新潮-ROI-3.12,被计划暂停,审核通过,通投,直播间直接支付ROI,笔记（直播组件）,67d0022f000000000603ce87,5c6e75ba000000001201be11,图文笔记,直播通投托管-星河日系-自产-浅春-时髦新潮-ROI-3.12,105842399,2025-03-12 14:12:31,0.00,0,0,0.0%,0.0,0.0,0,0.00,0.0,0,0,0.0,0,0,0.0,0,0.0,0,0.0,0,0.0,0,0.0,0,0.0,0,0.0,0,0.0,0,0.0,0,0.0,0.00,0.0,0,0,0
1110041483,直播通投托管-星河日系-自产-浅春-质感女士-ROI-3.12,被计划暂停,审核通过,通投,直播间直接支付ROI,笔记（直播组件）,67d0022f000000000603ce87,5c6e75ba000000001201be11,图文笔记,直播通投托管-星河日系-自产-浅春-质感女士-ROI-3.12,105848213,2025-03-12 14:12:04,0.00,0,0,0.0%,0.0,0.0,0,0.00,0.0,0,0,0.0,0,0,0.0,0,0.0,0,0.0,0,0.0,0,0.0,0,0.0,0,0.0,0,0.0,0,0.0,0,0.0,0.00,0.0,0,0,0
1109911696,直播通投托管-星河日系-自产-浅春-价格囤货-ROI-3.12,暂停,审核通过,通投,直播间直接支付ROI,笔记（直播组件）,67d0022f000000000603ce87,5c6e75ba000000001201be11,图文笔记,直播通投托管-星河日系-自产-浅春-价格囤货-ROI-3.12,105848188,2025-03-12 14:11:34,0.00,0,0,0.0%,0.0,0.0,0,0.00,0.0,0,0,0.0,0,0,0.0,0,0.0,0,0.0,0,0.0,0,0.0,0,0.0,0,0.0,0,0.0,0,0.0,0,0.0,0.00,0.0,0,0,0
1106081977,直播通投托管-星河日系-自产-浅春-直播人群-ROI-3.11,被计划暂停,不满足审核条件,通投,直播间直接支付ROI,笔记（直播组件）,67d0022f000000000603ce87,5c6e75ba000000001201be11,图文笔记,直播通投托管-星河日系-自产-浅春-直播人群-ROI-3.11,105717040,2025-03-11 17:40:27,0.00,0,0,0.0%,0.0,0.0,0,0.00,0.0,0,0,0.0,0,0,0.0,0,0.0,0,0.0,0,0.0,0,0.0,0,0.0,0,0.0,0,0.0,0,0.0,0,0.0,0.00,0.0,0,0,0
1105967268,直播通投托管-星河日系-自产-浅春-精致中产-ROI-3.11,被计划暂停,审核通过,通投,直播间直接支付ROI,笔记（直播组件）,67d0022f000000000603ce87,5c6e75ba000000001201be11,图文笔记,直播通投托管-星河日系-自产-浅春-精致中产-ROI-3.11,105699489,2025-03-11 17:39:55,0.00,0,0,0.0%,0.0,0.0,0,0.00,0.0,0,0,0.0,0,0,0.0,0,0.0,0,0.0,0,0.0,0,0.0,0,0.0,0,0.0,0,0.0,0,0.0,0,0.0,0.00,0.0,0,0,0
1105888918,直播通投托管-星河日系-自产-小胸逆袭-直播人群-ROI-3.11,被计划暂停,审核通过,通投,直播间直接支付ROI,笔记（直播组件）,67cfffe6000000001201c782,5c6e75ba000000001201be11,图文笔记,直播通投托管-星河日系-自产-小胸逆袭-直播人群-ROI-3.11,105693373,2025-03-11 17:31:00,0.00,0,0,0.0%,0.0,0.0,0,0.00,0.0,0,0,0.0,0,0,0.0,0,0.0,0,0.0,0,0.0,0,0.0,0,0.0,0,0.0,0,0.0,0,0.0,0,0.0,0.00,0.0,0,0,0
1105833400,直播通投托管-星河日系-自产-小胸逆袭-精致中产-ROI-3.11,被计划暂停,审核通过,通投,直播间直接支付ROI,笔记（直播组件）,67cfffe6000000001201c782,5c6e75ba000000001201be11,图文笔记,直播通投托管-星河日系-自产-小胸逆袭-精致中产-ROI-3.11,105699057,2025-03-11 17:30:09,0.00,0,0,0.0%,0.0,0.0,0,0.00,0.0,0,0,0.0,0,0,0.0,0,0.0,0,0.0,0,0.0,0,0.0,0,0.0,0,0.0,0,0.0,0,0.0,0,0.0,0.00,0.0,0,0,0
1105684942,直播通投手动-经典大胸-自产-又瘦又有型-精致妈妈-ROI-3.11,被计划暂停,审核通过,通投,直播间直接支付ROI,笔记（直播组件）,67cff5f700000000090140d0,5c6e75ba000000001201be11,图文笔记,直播通投手动-经典大胸-自产-又瘦又有型-精致妈妈-ROI-3.11,105667347,2025-03-11 16:46:22,0.00,0,0,0.0%,0.0,0.0,0,0.00,0.0,0,0,0.0,0,0,0.0,0,0.0,0,0.0,0,0.0,0,0.0,0,0.0,0,0.0,0,0.0,0,0.0,0,0.0,0.00,0.0,0,0,0
1105909871,直播通投托管-经典大胸-自产-又瘦又有型-精致中产-ROI-3.11,被计划暂停,审核通过,通投,直播间直接支付ROI,笔记（直播组件）,67cff5f700000000090140d0,5c6e75ba000000001201be11,图文笔记,直播通投托管-经典大胸-自产-又瘦又有型-精致中产-ROI-3.11,105690876,2025-03-11 16:45:43,0.00,0,0,0.0%,0.0,0.0,0,0.00,0.0,0,0,0.0,0,0,0.0,0,0.0,0,0.0,0,0.0,0,0.0,0,0.0,0,0.0,0,0.0,0,0.0,0,0.0,0.00,0.0,0,0,0
1105737869,直播通投托管-经典大胸-自产-又瘦又有型-直播人群-ROI-3.11,被计划暂停,审核通过,通投,直播间直接支付ROI,笔记（直播组件）,67cff5f700000000090140d0,5c6e75ba000000001201be11,图文笔记,直播通投托管-经典大胸-自产-又瘦又有型-直播人群-ROI-3.11,105661609,2025-03-11 16:44:21,0.00,0,0,0.0%,0.0,0.0,0,0.00,0.0,0,0,0.0,0,0,0.0,0,0.0,0,0.0,0,0.0,0,0.0,0,0.0,0,0.0,0,0.0,0,0.0,0,0.0,0.00,0.0,0,0,0
1099871841,直播通投托管-糯糯杯大胸-自产-大胸显瘦-无痕内衣兴趣-ROI-3.10,暂停,审核拒绝,通投,直播间直接支付ROI,笔记（直播组件）,67c166ae000000000903b4ad,5c6e75ba000000001201be11,图文笔记,直播通投托管-糯糯杯大胸-自产-大胸显瘦-无痕内衣兴趣-ROI-3.10,105478139,2025-03-10 15:13:36,0.00,0,0,0.0%,0.0,0.0,0,0.00,0.0,0,0,0.0,0,0,0.0,0,0.0,0,0.0,0,0.0,0,0.0,0,0.0,0,0.0,0,0.0,0,0.0,0,0.0,0.00,0.0,0,0,0
1100096827,直播通投托管-经典大胸-自产-显瘦神器-无痕内衣兴趣-ROI-3.10,暂停,审核通过,通投,直播间直接支付ROI,笔记（直播组件）,67c16251000000000d01580e,5c6e75ba000000001201be11,图文笔记,直播通投托管-经典大胸-自产-显瘦神器-无痕内衣兴趣-ROI-3.10,105483655,2025-03-10 15:13:08,0.00,0,0,0.0%,0.0,0.0,0,0.00,0.0,0,0,0.0,0,0,0.0,0,0.0,0,0.0,0,0.0,0,0.0,0,0.0,0,0.0,0,0.0,0,0.0,0,0.0,0.00,0.0,0,0,0
1096169224,直播通投托管-糯糯杯大胸-自产-大胸显瘦-核心-ROI-3.9（测试）,被计划暂停,审核通过,通投,直播间直接支付ROI,笔记（直播组件）,67c166ae000000000903b4ad,5c6e75ba000000001201be11,图文笔记,直播通投托管-糯糯杯大胸-自产-大胸显瘦-核心-ROI-3.9（测试）,105368160,2025-03-09 19:16:42,0.00,0,0,0.0%,0.0,0.0,0,0.00,0.0,0,0,0.0,0,0,0.0,0,0.0,0,0.0,0,0.0,0,0.0,0,0.0,0,0.0,0,0.0,0,0.0,0,0.0,0.00,0.0,0,0,0
1096300079,直播通投托管-经典大胸-自产-显瘦神器-核心-ROI-3.9（测试）,被计划暂停,审核通过,通投,直播间直接支付ROI,笔记（直播组件）,67c16251000000000d01580e,5c6e75ba000000001201be11,图文笔记,直播通投托管-经典大胸-自产-显瘦神器-核心-ROI-3.9（测试）,105367149,2025-03-09 19:15:54,0.00,0,0,0.0%,0.0,0.0,0,0.00,0.0,0,0,0.0,0,0,0.0,0,0.0,0,0.0,0,0.0,0,0.0,0,0.0,0,0.0,0,0.0,0,0.0,0,0.0,0.00,0.0,0,0,0
1096217036,直播通投托管-糯糯杯大胸-自产-大胸显瘦-细节装饰-ROI-3.9,被计划暂停,审核拒绝,通投,直播间直接支付ROI,笔记（直播组件）,67c166ae000000000903b4ad,5c6e75ba000000001201be11,图文笔记,直播通投托管-糯糯杯大胸-自产-大胸显瘦-细节装饰-ROI-3.9,105366679,2025-03-09 18:48:59,0.00,0,0,0.0%,0.0,0.0,0,0.00,0.0,0,0,0.0,0,0,0.0,0,0.0,0,0.0,0,0.0,0,0.0,0,0.0,0,0.0,0,0.0,0,0.0,0,0.0,0.00,0.0,0,0,0
1095988847,直播通投托管-经典大胸-自产-显瘦神器-细节装饰-ROI-3.9,暂停,审核通过,通投,直播间直接支付ROI,笔记（直播组件）,67c16251000000000d01580e,5c6e75ba000000001201be11,图文笔记,直播通投托管-经典大胸-自产-显瘦神器-细节装饰-ROI-3.9,105354963,2025-03-09 18:48:31,0.00,0,0,0.0%,0.0,0.0,0,0.00,0.0,0,0,0.0,0,0,0.0,0,0.0,0,0.0,0,0.0,0,0.0,0,0.0,0,0.0,0,0.0,0,0.0,0,0.0,0.00,0.0,0,0,0
1095732099,直播通投托管-糯糯杯大胸-自产-大胸显瘦-服饰上新-ROI-3.9,被计划暂停,审核拒绝,通投,直播间直接支付ROI,笔记（直播组件）,67c166ae000000000903b4ad,5c6e75ba000000001201be11,图文笔记,直播通投托管-糯糯杯大胸-自产-大胸显瘦-服饰上新-ROI-3.9,105335807,2025-03-09 16:45:43,0.00,0,0,0.0%,0.0,0.0,0,0.00,0.0,0,0,0.0,0,0,0.0,0,0.0,0,0.0,0,0.0,0,0.0,0,0.0,0,0.0,0,0.0,0,0.0,0,0.0,0.00,0.0,0,0,0
1095847337,直播通投托管-经典大胸-自产-显瘦神器-服饰上新-ROI-3.9,暂停,审核通过,通投,直播间直接支付ROI,笔记（直播组件）,67c16251000000000d01580e,5c6e75ba000000001201be11,图文笔记,直播通投托管-经典大胸-自产-显瘦神器-服饰上新-ROI-3.9,105347162,2025-03-09 16:43:47,0.00,0,0,0.0%,0.0,0.0,0,0.00,0.0,0,0,0.0,0,0,0.0,0,0.0,0,0.0,0,0.0,0,0.0,0,0.0,0,0.0,0,0.0,0,0.0,0,0.0,0.00,0.0,0,0,0
1095768434,直播通投托管-糯糯杯大胸-自产-大胸显瘦-服饰大促-ROI-3.9,被计划暂停,审核拒绝,通投,直播间直接支付ROI,笔记（直播组件）,67c166ae000000000903b4ad,5c6e75ba000000001201be11,图文笔记,直播通投托管-糯糯杯大胸-自产-大胸显瘦-服饰大促-ROI-3.9,105335358,2025-03-09 16:16:13,0.00,0,0,0.0%,0.0,0.0,0,0.00,0.0,0,0,0.0,0,0,0.0,0,0.0,0,0.0,0,0.0,0,0.0,0,0.0,0,0.0,0,0.0,0,0.0,0,0.0,0.00,0.0,0,0,0
1095768314,直播通投托管-经典大胸-自产-显瘦神器-服饰大促-ROI-3.9,被计划暂停,审核通过,通投,直播间直接支付ROI,笔记（直播组件）,67c16251000000000d01580e,5c6e75ba000000001201be11,图文笔记,直播通投托管-经典大胸-自产-显瘦神器-服饰大促-ROI-3.9,105340909,2025-03-09 16:15:40,0.00,0,0,0.0%,0.0,0.0,0,0.00,0.0,0,0,0.0,0,0,0.0,0,0.0,0,0.0,0,0.0,0,0.0,0,0.0,0,0.0,0,0.0,0,0.0,0,0.0,0.00,0.0,0,0,0
1095543301,直播通投托管-糯糯杯大胸-自产-大胸显瘦-高级感穿搭-ROI-3.9,暂停,审核拒绝,通投,直播间直接支付ROI,笔记（直播组件）,67c166ae000000000903b4ad,5c6e75ba000000001201be11,图文笔记,直播通投托管-糯糯杯大胸-自产-大胸显瘦-高级感穿搭-ROI-3.9,105358433,2025-03-09 16:14:50,0.00,0,0,0.0%,0.0,0.0,0,0.00,0.0,0,0,0.0,0,0,0.0,0,0.0,0,0.0,0,0.0,0,0.0,0,0.0,0,0.0,0,0.0,0,0.0,0,0.0,0.00,0.0,0,0,0
1095767921,直播通投托管-经典大胸-自产-显瘦神器-高级感穿搭-ROI-3.9,被计划暂停,审核通过,通投,直播间直接支付ROI,笔记（直播组件）,67c16251000000000d01580e,5c6e75ba000000001201be11,图文笔记,直播通投托管-经典大胸-自产-显瘦神器-高级感穿搭-ROI-3.9,105335327,2025-03-09 16:14:01,0.00,0,0,0.0%,0.0,0.0,0,0.00,0.0,0,0,0.0,0,0,0.0,0,0.0,0,0.0,0,0.0,0,0.0,0,0.0,0,0.0,0,0.0,0,0.0,0,0.0,0.00,0.0,0,0,0
1095710470,直播通投托管-糯糯杯大胸-自产-大胸显瘦-时髦新潮-ROI-3.9,被计划暂停,审核拒绝,通投,直播间直接支付ROI,笔记（直播组件）,67c166ae000000000903b4ad,5c6e75ba000000001201be11,图文笔记,直播通投托管-糯糯杯大胸-自产-大胸显瘦-时髦新潮-ROI-3.9,105352545,2025-03-09 16:13:26,0.00,0,0,0.0%,0.0,0.0,0,0.00,0.0,0,0,0.0,0,0,0.0,0,0.0,0,0.0,0,0.0,0,0.0,0,0.0,0,0.0,0,0.0,0,0.0,0,0.0,0.00,0.0,0,0,0
1095654499,直播通投托管-经典大胸-自产-显瘦神器-时髦新潮-ROI-3.9,暂停,审核通过,通投,直播间直接支付ROI,笔记（直播组件）,67c16251000000000d01580e,5c6e75ba000000001201be11,图文笔记,直播通投托管-经典大胸-自产-显瘦神器-时髦新潮-ROI-3.9,105335304,2025-03-09 16:12:41,0.00,0,0,0.0%,0.0,0.0,0,0.00,0.0,0,0,0.0,0,0,0.0,0,0.0,0,0.0,0,0.0,0,0.0,0,0.0,0,0.0,0,0.0,0,0.0,0,0.0,0.00,0.0,0,0,0
1092545824,直播通投托管-糯糯杯大胸-自产-大胸显瘦-38大促-ROI-3.8,被计划暂停,审核拒绝,通投,直播间直接支付ROI,笔记（直播组件）,67c166ae000000000903b4ad,5c6e75ba000000001201be11,图文笔记,直播通投托管-糯糯杯大胸-自产-大胸显瘦-38大促-ROI-3.8,105278590,2025-03-08 19:54:53,0.00,0,0,0.0%,0.0,0.0,0,0.00,0.0,0,0,0.0,0,0,0.0,0,0.0,0,0.0,0,0.0,0,0.0,0,0.0,0,0.0,0,0.0,0,0.0,0,0.0,0.00,0.0,0,0,0
1092432698,直播通投托管-经典大胸-自产-显瘦神器-38大促-ROI-3.8,暂停,审核通过,通投,直播间直接支付ROI,笔记（直播组件）,67c16251000000000d01580e,5c6e75ba000000001201be11,图文笔记,直播通投托管-经典大胸-自产-显瘦神器-38大促-ROI-3.8,105272706,2025-03-08 19:54:05,0.00,0,0,0.0%,0.0,0.0,0,0.00,0.0,0,0,0.0,0,0,0.0,0,0.0,0,0.0,0,0.0,0,0.0,0,0.0,0,0.0,0,0.0,0,0.0,0,0.0,0.00,0.0,0,0,0
1091613636,直播通投手动-经典大胸-自产-显瘦神器-服饰上新-ROI-3.8,暂停,审核通过,通投,直播间直接支付ROI,笔记（直播组件）,67c16251000000000d01580e,5c6e75ba000000001201be11,图文笔记,直播通投手动-经典大胸-自产-显瘦神器-服饰上新-ROI-3.8,105258106,2025-03-08 17:10:37,0.00,0,0,0.0%,0.0,0.0,0,0.00,0.0,0,0,0.0,0,0,0.0,0,0.0,0,0.0,0,0.0,0,0.0,0,0.0,0,0.0,0,0.0,0,0.0,0,0.0,0.00,0.0,0,0,0
1091668640,直播通投手动-糯糯杯大胸-自产-大胸显瘦-服饰上新-ROI-3.8,暂停,审核拒绝,通投,直播间直接支付ROI,笔记（直播组件）,67c166ae000000000903b4ad,5c6e75ba000000001201be11,图文笔记,直播通投手动-糯糯杯大胸-自产-大胸显瘦-服饰上新-ROI-3.8,105252271,2025-03-08 17:10:10,0.00,0,0,0.0%,0.0,0.0,0,0.00,0.0,0,0,0.0,0,0,0.0,0,0.0,0,0.0,0,0.0,0,0.0,0,0.0,0,0.0,0,0.0,0,0.0,0,0.0,0.00,0.0,0,0,0
1091612633,直播通投手动-经典大胸-自产-显瘦神器-服饰大促-ROI-3.8,暂停,审核通过,通投,直播间直接支付ROI,笔记（直播组件）,67c16251000000000d01580e,5c6e75ba000000001201be11,图文笔记,直播通投手动-经典大胸-自产-显瘦神器-服饰大促-ROI-3.8,105258082,2025-03-08 17:09:43,0.00,0,0,0.0%,0.0,0.0,0,0.00,0.0,0,0,0.0,0,0,0.0,0,0.0,0,0.0,0,0.0,0,0.0,0,0.0,0,0.0,0,0.0,0,0.0,0,0.0,0.00,0.0,0,0,0
1091668306,直播通投手动-糯糯杯大胸-自产-大胸显瘦-服饰大促-ROI-3.8,暂停,审核拒绝,通投,直播间直接支付ROI,笔记（直播组件）,67c166ae000000000903b4ad,5c6e75ba000000001201be11,图文笔记,直播通投手动-糯糯杯大胸-自产-大胸显瘦-服饰大促-ROI-3.8,105252249,2025-03-08 17:09:15,0.00,0,0,0.0%,0.0,0.0,0,0.00,0.0,0,0,0.0,0,0,0.0,0,0.0,0,0.0,0,0.0,0,0.0,0,0.0,0,0.0,0,0.0,0,0.0,0,0.0,0.00,0.0,0,0,0
1091318920,直播通投手动-经典大胸-自产-显瘦神器-38大促-ROI-3.8,暂停,审核通过,通投,直播间直接支付ROI,笔记（直播组件）,67c16251000000000d01580e,5c6e75ba000000001201be11,图文笔记,直播通投手动-经典大胸-自产-显瘦神器-38大促-ROI-3.8,105256787,2025-03-08 16:00:30,0.00,0,0,0.0%,0.0,0.0,0,0.00,0.0,0,0,0.0,0,0,0.0,0,0.0,0,0.0,0,0.0,0,0.0,0,0.0,0,0.0,0,0.0,0,0.0,0,0.0,0.00,0.0,0,0,0
1091543607,直播通投手动-糯糯杯大胸-自产-大胸显瘦-38大促-ROI-3.8,暂停,审核拒绝,通投,直播间直接支付ROI,笔记（直播组件）,67c166ae000000000903b4ad,5c6e75ba000000001201be11,图文笔记,直播通投手动-糯糯杯大胸-自产-大胸显瘦-38大促-ROI-3.8,105256763,2025-03-08 15:59:56,0.00,0,0,0.0%,0.0,0.0,0,0.00,0.0,0,0,0.0,0,0,0.0,0,0.0,0,0.0,0,0.0,0,0.0,0,0.0,0,0.0,0,0.0,0,0.0,0,0.0,0.00,0.0,0,0,0
1086210709,直播通投托管-直播间-自产-封面-多定向-ROI-3.7,被计划暂停,审核通过,通投,直播间直接支付ROI,直播间,,-,无笔记,直播通投托管-直播间-自产-封面-多定向-ROI-3.7,105067344,2025-03-07 15:02:33,0.00,0,0,0.0%,0.0,0.0,0,0.00,0.0,0,0,0.0,0,0,0.0,0,0.0,0,0.0,0,0.0,0,0.0,0,0.0,0,0.0,0,0.0,0,0.0,0,0.0,0.00,0.0,0,0,0
1081764479,直播通投手动-糯糯杯大胸-自产-大胸显瘦-质感女士-ROI-3.6,暂停,审核拒绝,通投,直播间直接支付ROI,笔记（直播组件）,67c166ae000000000903b4ad,5c6e75ba000000001201be11,图文笔记,直播通投手动-糯糯杯大胸-自产-大胸显瘦-质感女士-ROI-3.6,104898613,2025-03-06 15:49:43,0.00,0,0,0.0%,0.0,0.0,0,0.00,0.0,0,0,0.0,0,0,0.0,0,0.0,0,0.0,0,0.0,0,0.0,0,0.0,0,0.0,0,0.0,0,0.0,0,0.0,0.00,0.0,0,0,0
1081648781,直播通投手动-经典大胸-自产-显瘦神器-店铺行为-ROI-3.6,暂停,审核通过,通投,直播间直接支付ROI,笔记（直播组件）,67c16251000000000d01580e,5c6e75ba000000001201be11,图文笔记,直播通投手动-经典大胸-自产-显瘦神器-店铺行为-ROI-3.6,104886521,2025-03-06 15:46:06,0.00,0,0,0.0%,0.0,0.0,0,0.00,0.0,0,0,0.0,0,0,0.0,0,0.0,0,0.0,0,0.0,0,0.0,0,0.0,0,0.0,0,0.0,0,0.0,0,0.0,0.00,0.0,0,0,0
1081704680,直播通投手动-经典大胸-自产-显瘦神器-精致妈妈-ROI-3.6,被计划暂停,审核通过,通投,直播间直接支付ROI,笔记（直播组件）,67c16251000000000d01580e,5c6e75ba000000001201be11,图文笔记,直播通投手动-经典大胸-自产-显瘦神器-精致妈妈-ROI-3.6,104886452,2025-03-06 15:44:41,0.00,0,0,0.0%,0.0,0.0,0,0.00,0.0,0,0,0.0,0,0,0.0,0,0.0,0,0.0,0,0.0,0,0.0,0,0.0,0,0.0,0,0.0,0,0.0,0,0.0,0.00,0.0,0,0,0
1081548634,直播搜索托管-经典大胸-自产-显瘦神器-关键词-ROI-3.6,被计划暂停,审核通过,搜索,直播间直接支付ROI,笔记（直播组件）,67c16251000000000d01580e,5c6e75ba000000001201be11,图文笔记,直播搜索托管-多品-自产-赛马-关键词-ROI-3.6,104867697,2025-03-06 15:11:41,0.00,0,0,0.0%,0.0,0.0,0,0.00,0.0,0,0,0.0,0,0,0.0,0,0.0,0,0.0,0,0.0,0,0.0,0,0.0,0,0.0,0,0.0,0,0.0,0,0.0,0.00,0.0,0,0,0
1081548633,直播搜索托管-糯糯杯大胸-自产-大胸显瘦-关键词-ROI-3.6,暂停,审核拒绝,搜索,直播间直接支付ROI,笔记（直播组件）,67c166ae000000000903b4ad,5c6e75ba000000001201be11,图文笔记,直播搜索托管-多品-自产-赛马-关键词-ROI-3.6,104867697,2025-03-06 15:11:41,0.00,0,0,0.0%,0.0,0.0,0,0.00,0.0,0,0,0.0,0,0,0.0,0,0.0,0,0.0,0,0.0,0,0.0,0,0.0,0,0.0,0,0.0,0,0.0,0,0.0,0.00,0.0,0,0,0
1081548632,直播搜索托管-直播间-自产-封面1-关键词-ROI-3.6,暂停,审核通过,搜索,直播间直接支付ROI,直播间,,-,无笔记,直播搜索托管-多品-自产-赛马-关键词-ROI-3.6,104867697,2025-03-06 15:11:41,0.00,0,0,0.0%,0.0,0.0,0,0.00,0.0,0,0,0.0,0,0,0.0,0,0.0,0,0.0,0,0.0,0,0.0,0,0.0,0,0.0,0,0.0,0,0.0,0,0.0,0.00,0.0,0,0,0
1081430788,直播通投托管-糯糯杯大胸-自产-大胸显瘦-品牌人群-ROI-3.6,被计划暂停,审核拒绝,通投,直播间直接支付ROI,笔记（直播组件）,67c166ae000000000903b4ad,5c6e75ba000000001201be11,图文笔记,直播通投托管-糯糯杯大胸-自产-大胸显瘦-品牌人群-ROI-3.6,104888907,2025-03-06 14:15:01,0.00,0,0,0.0%,0.0,0.0,0,0.00,0.0,0,0,0.0,0,0,0.0,0,0.0,0,0.0,0,0.0,0,0.0,0,0.0,0,0.0,0,0.0,0,0.0,0,0.0,0.00,0.0,0,0,0
1081366897,直播通投托管-经典大胸-自产-显瘦神器-潮流女生-ROI-3.6,暂停,审核通过,通投,直播间直接支付ROI,笔记（直播组件）,67c16251000000000d01580e,5c6e75ba000000001201be11,图文笔记,直播通投托管-经典大胸-自产-显瘦神器-潮流女生-ROI-3.6,104894591,2025-03-06 14:08:43,0.00,0,0,0.0%,0.0,0.0,0,0.00,0.0,0,0,0.0,0,0,0.0,0,0.0,0,0.0,0,0.0,0,0.0,0,0.0,0,0.0,0,0.0,0,0.0,0,0.0,0.00,0.0,0,0,0
1080146501,直播通投手动-糯糯杯大胸-自产-大胸显瘦-尝新-ROI-3.6,暂停,审核拒绝,通投,直播间直接支付ROI,笔记（直播组件）,67c166ae000000000903b4ad,5c6e75ba000000001201be11,图文笔记,直播通投手动-糯糯杯大胸-自产-大胸显瘦-尝新-ROI-3.6,104841727,2025-03-06 11:13:02,0.00,0,0,0.0%,0.0,0.0,0,0.00,0.0,0,0,0.0,0,0,0.0,0,0.0,0,0.0,0,0.0,0,0.0,0,0.0,0,0.0,0,0.0,0,0.0,0,0.0,0.00,0.0,0,0,0
1080204664,直播通投手动-糯糯杯大胸-自产-大胸显瘦-价格囤货-ROI-3.6,被计划暂停,审核拒绝,通投,直播间直接支付ROI,笔记（直播组件）,67c166ae000000000903b4ad,5c6e75ba000000001201be11,图文笔记,直播通投手动-糯糯杯大胸-自产-大胸显瘦-价格囤货-ROI-3.6,104847678,2025-03-06 11:12:37,0.00,0,0,0.0%,0.0,0.0,0,0.00,0.0,0,0,0.0,0,0,0.0,0,0.0,0,0.0,0,0.0,0,0.0,0,0.0,0,0.0,0,0.0,0,0.0,0,0.0,0.00,0.0,0,0,0
1080145741,直播通投手动-经典大胸-自产-显瘦神器-尝新-ROI-3.6,暂停,审核通过,通投,直播间直接支付ROI,笔记（直播组件）,67c16251000000000d01580e,5c6e75ba000000001201be11,图文笔记,直播通投手动-经典大胸-自产-显瘦神器-尝新-ROI-3.6,104847643,2025-03-06 11:12:00,0.00,0,0,0.0%,0.0,0.0,0,0.00,0.0,0,0,0.0,0,0,0.0,0,0.0,0,0.0,0,0.0,0,0.0,0,0.0,0,0.0,0,0.0,0,0.0,0,0.0,0.00,0.0,0,0,0
1080374511,直播通投手动-经典大胸-自产-显瘦神器-价格囤货-ROI-3.6,暂停,审核通过,通投,直播间直接支付ROI,笔记（直播组件）,67c16251000000000d01580e,5c6e75ba000000001201be11,图文笔记,直播通投手动-经典大胸-自产-显瘦神器-价格囤货-ROI-3.6,104841644,2025-03-06 11:11:31,0.00,0,0,0.0%,0.0,0.0,0,0.00,0.0,0,0,0.0,0,0,0.0,0,0.0,0,0.0,0,0.0,0,0.0,0,0.0,0,0.0,0,0.0,0,0.0,0,0.0,0.00,0.0,0,0,0
1078203850,直播通投手动-糯糯杯大胸-自产-大胸显瘦-精致中产-ROI-3.5,暂停,审核拒绝,通投,直播间直接支付ROI,笔记（直播组件）,67c166ae000000000903b4ad,5c6e75ba000000001201be11,图文笔记,直播通投手动-糯糯杯大胸-自产-大胸显瘦-精致中产-ROI-3.5,104764581,2025-03-05 21:00:40,0.00,0,0,0.0%,0.0,0.0,0,0.00,0.0,0,0,0.0,0,0,0.0,0,0.0,0,0.0,0,0.0,0,0.0,0,0.0,0,0.0,0,0.0,0,0.0,0,0.0,0.00,0.0,0,0,0
1078145684,直播通投手动-糯糯杯大胸-自产-大胸显瘦-直播人群-ROI-3.5,被计划暂停,审核拒绝,通投,直播间直接支付ROI,笔记（直播组件）,67c166ae000000000903b4ad,5c6e75ba000000001201be11,图文笔记,直播通投手动-糯糯杯大胸-自产-大胸显瘦-直播人群-ROI-3.5,104787981,2025-03-05 20:53:27,0.00,0,0,0.0%,0.0,0.0,0,0.00,0.0,0,0,0.0,0,0,0.0,0,0.0,0,0.0,0,0.0,0,0.0,0,0.0,0,0.0,0,0.0,0,0.0,0,0.0,0.00,0.0,0,0,0
1076895079,直播通投手动-经典大胸-自产-显瘦神器-核心-ROI-3.5（测试）,被计划暂停,审核通过,通投,直播间直接支付ROI,笔记（直播组件）,67c16251000000000d01580e,5c6e75ba000000001201be11,图文笔记,直播通投手动-经典大胸-自产-显瘦神器-核心-ROI-3.5（测试）,104733297,2025-03-05 16:50:33,0.00,0,0,0.0%,0.0,0.0,0,0.00,0.0,0,0,0.0,0,0,0.0,0,0.0,0,0.0,0,0.0,0,0.0,0,0.0,0,0.0,0,0.0,0,0.0,0,0.0,0.00,0.0,0,0,0
1077122469,直播通投手动-糯糯杯大胸-自产-大胸显瘦-核心-ROI-3.5（测试）,被计划暂停,审核拒绝,通投,直播间直接支付ROI,笔记（直播组件）,67c166ae000000000903b4ad,5c6e75ba000000001201be11,图文笔记,直播通投手动-糯糯杯大胸-自产-大胸显瘦-核心-ROI-3.5（测试）,104721597,2025-03-05 16:49:07,0.00,0,0,0.0%,0.0,0.0,0,0.00,0.0,0,0,0.0,0,0,0.0,0,0.0,0,0.0,0,0.0,0,0.0,0,0.0,0,0.0,0,0.0,0,0.0,0,0.0,0.00,0.0,0,0,0
1074472651,直播通投手动-糯糯杯大胸-自产-大胸显瘦-系统-ROI-3.5,被计划暂停,审核拒绝,通投,直播间直接支付ROI,笔记（直播组件）,67c166ae000000000903b4ad,5c6e75ba000000001201be11,图文笔记,直播通投手动-糯糯杯大胸-自产-大胸显瘦-系统-ROI-3.5,104636929,2025-03-05 08:52:24,0.00,0,0,0.0%,0.0,0.0,0,0.00,0.0,0,0,0.0,0,0,0.0,0,0.0,0,0.0,0,0.0,0,0.0,0,0.0,0,0.0,0,0.0,0,0.0,0,0.0,0.00,0.0,0,0,0
1074296496,直播通投手动-经典大胸-自产-显瘦神器-精致中产-ROI-3.5,暂停,审核通过,通投,直播间直接支付ROI,笔记（直播组件）,67c16251000000000d01580e,5c6e75ba000000001201be11,图文笔记,直播通投手动-经典大胸-自产-显瘦神器-精致中产-ROI-3.5,104642535,2025-03-05 08:50:08,0.00,0,0,0.0%,0.0,0.0,0,0.00,0.0,0,0,0.0,0,0,0.0,0,0.0,0,0.0,0,0.0,0,0.0,0,0.0,0,0.0,0,0.0,0,0.0,0,0.0,0.00,0.0,0,0,0
1074583205,直播通投托管-糯糯杯大胸-自产-大胸显瘦-质感女士-ROI-3.5,被计划暂停,审核拒绝,通投,直播间直接支付ROI,笔记（直播组件）,67c166ae000000000903b4ad,5c6e75ba000000001201be11,图文笔记,直播通投托管-糯糯杯大胸-自产-大胸显瘦-质感女士-ROI-3.5,104613489,2025-03-05 08:47:14,0.00,0,0,0.0%,0.0,0.0,0,0.00,0.0,0,0,0.0,0,0,0.0,0,0.0,0,0.0,0,0.0,0,0.0,0,0.0,0,0.0,0,0.0,0,0.0,0,0.0,0.00,0.0,0,0,0
1074295929,直播通投托管-糯糯杯大胸-自产-大胸显瘦-精致妈妈-ROI-3.5,暂停,审核拒绝,通投,直播间直接支付ROI,笔记（直播组件）,67c166ae000000000903b4ad,5c6e75ba000000001201be11,图文笔记,直播通投托管-糯糯杯大胸-自产-大胸显瘦-精致妈妈-ROI-3.5,104642514,2025-03-05 08:46:37,0.00,0,0,0.0%,0.0,0.0,0,0.00,0.0,0,0,0.0,0,0,0.0,0,0.0,0,0.0,0,0.0,0,0.0,0,0.0,0,0.0,0,0.0,0,0.0,0,0.0,0.00,0.0,0,0,0
1074352779,直播通投托管-经典大胸-自产-显瘦神器-品牌人群-ROI-3.5,被计划暂停,审核通过,通投,直播间直接支付ROI,笔记（直播组件）,67c16251000000000d01580e,5c6e75ba000000001201be11,图文笔记,直播通投托管-经典大胸-自产-显瘦神器-品牌人群-ROI-3.5,104619163,2025-03-05 08:44:08,0.00,0,0,0.0%,0.0,0.0,0,0.00,0.0,0,0,0.0,0,0,0.0,0,0.0,0,0.0,0,0.0,0,0.0,0,0.0,0,0.0,0,0.0,0,0.0,0,0.0,0.00,0.0,0,0,0
1074295228,直播通投托管-经典大胸-自产-显瘦神器-都市白领-ROI-3.5,暂停,审核通过,通投,直播间直接支付ROI,笔记（直播组件）,67c16251000000000d01580e,5c6e75ba000000001201be11,图文笔记,直播通投托管-经典大胸-自产-显瘦神器-都市白领-ROI-3.5,104642496,2025-03-05 08:42:43,0.00,0,0,0.0%,0.0,0.0,0,0.00,0.0,0,0,0.0,0,0,0.0,0,0.0,0,0.0,0,0.0,0,0.0,0,0.0,0,0.0,0,0.0,0,0.0,0,0.0,0.00,0.0,0,0,0
1074409908,直播通投托管-经典大胸-自产-显瘦神器-质感女士-ROI-3.5,暂停,审核通过,通投,直播间直接支付ROI,笔记（直播组件）,67c16251000000000d01580e,5c6e75ba000000001201be11,图文笔记,直播通投托管-经典大胸-自产-显瘦神器-质感女士-ROI-3.5,104625017,2025-03-05 08:42:01,0.00,0,0,0.0%,0.0,0.0,0,0.00,0.0,0,0,0.0,0,0,0.0,0,0.0,0,0.0,0,0.0,0,0.0,0,0.0,0,0.0,0,0.0,0,0.0,0,0.0,0.00,0.0,0,0,0
1074279062,直播通投托管-经典大胸-自产-显瘦神器-精致妈妈-ROI-3.5,暂停,审核通过,通投,直播间直接支付ROI,笔记（直播组件）,67c16251000000000d01580e,5c6e75ba000000001201be11,图文笔记,直播通投托管-经典大胸-自产-显瘦神器-精致妈妈-ROI-3.5,104613446,2025-03-05 08:40:53,0.00,0,0,0.0%,0.0,0.0,0,0.00,0.0,0,0,0.0,0,0,0.0,0,0.0,0,0.0,0,0.0,0,0.0,0,0.0,0,0.0,0,0.0,0,0.0,0,0.0,0.00,0.0,0,0,0
1072789933,直播通投托管-经典大胸-自产-显瘦神器-系统-ROI-3.4,暂停,审核通过,通投,直播间直接支付ROI,笔记（直播组件）,67c16251000000000d01580e,5c6e75ba000000001201be11,图文笔记,直播通投托管-经典大胸-自产-显瘦神器-系统-ROI-3.4,104595130,2025-03-04 19:39:17,0.00,0,0,0.0%,0.0,0.0,0,0.00,0.0,0,0,0.0,0,0,0.0,0,0.0,0,0.0,0,0.0,0,0.0,0,0.0,0,0.0,0,0.0,0,0.0,0,0.0,0.00,0.0,0,0,0
1072616814,直播通投托管-糯糯杯大胸-自产-大胸显瘦-精致中产-ROI-3.4,暂停,审核拒绝,通投,直播间直接支付ROI,笔记（直播组件）,67c166ae000000000903b4ad,5c6e75ba000000001201be11,图文笔记,直播通投托管-糯糯杯大胸-自产-大胸显瘦-精致中产-ROI-3.4,104583070,2025-03-04 19:37:08,0.00,0,0,0.0%,0.0,0.0,0,0.00,0.0,0,0,0.0,0,0,0.0,0,0.0,0,0.0,0,0.0,0,0.0,0,0.0,0,0.0,0,0.0,0,0.0,0,0.0,0.00,0.0,0,0,0
1069598104,直播通投托管-糯糯杯大胸-自产-大胸显瘦-店铺行为-ROI-3.4,暂停,审核拒绝,通投,直播间直接支付ROI,笔记（直播组件）,67c166ae000000000903b4ad,5c6e75ba000000001201be11,图文笔记,直播通投托管-糯糯杯大胸-自产-大胸显瘦-店铺行为-ROI-3.4,104454691,2025-03-04 10:21:58,0.00,0,0,0.0%,0.0,0.0,0,0.00,0.0,0,0,0.0,0,0,0.0,0,0.0,0,0.0,0,0.0,0,0.0,0,0.0,0,0.0,0,0.0,0,0.0,0,0.0,0.00,0.0,0,0,0
1069535962,直播通投手动-经典大胸-自产-显瘦神器-直播人群-ROI-3.4,被计划暂停,审核通过,通投,直播间直接支付ROI,笔记（直播组件）,67c16251000000000d01580e,5c6e75ba000000001201be11,图文笔记,直播通投手动-经典大胸-自产-显瘦神器-直播人群-ROI-3.4,104466237,2025-03-04 10:18:16,0.00,0,0,0.0%,0.0,0.0,0,0.00,0.0,0,0,0.0,0,0,0.0,0,0.0,0,0.0,0,0.0,0,0.0,0,0.0,0,0.0,0,0.0,0,0.0,0,0.0,0.00,0.0,0,0,0
1069590897,直播通投手动-经典大胸-自产-显瘦神器-系统-ROI-3.4,暂停,审核通过,通投,直播间直接支付ROI,笔记（直播组件）,67c16251000000000d01580e,5c6e75ba000000001201be11,图文笔记,直播通投手动-经典大胸-自产-显瘦神器-系统-ROI-3.4,104448631,2025-03-04 10:17:09,0.00,0,0,0.0%,0.0,0.0,0,0.00,0.0,0,0,0.0,0,0,0.0,0,0.0,0,0.0,0,0.0,0,0.0,0,0.0,0,0.0,0,0.0,0,0.0,0,0.0,0.00,0.0,0,0,0
1066113991,直播通投托管-经典大胸-自产-显瘦神器-精致中产-ROI-3.3,被计划暂停,审核通过,通投,直播间直接支付ROI,笔记（直播组件）,67c16251000000000d01580e,5c6e75ba000000001201be11,图文笔记,直播通投托管-经典大胸-自产-显瘦神器-精致中产-ROI-3.3,104340340,2025-03-03 15:18:07,0.00,0,0,0.0%,0.0,0.0,0,0.00,0.0,0,0,0.0,0,0,0.0,0,0.0,0,0.0,0,0.0,0,0.0,0,0.0,0,0.0,0,0.0,0,0.0,0,0.0,0.00,0.0,0,0,0
1065816207,直播通投托管-直播间-自产-封面1-系统-ROI-3.3,暂停,审核通过,通投,直播间直接支付ROI,直播间,,-,无笔记,直播通投托管-直播间-自产-封面1-系统-ROI-3.3,104326556,2025-03-03 14:22:33,0.00,0,0,0.0%,0.0,0.0,0,0.00,0.0,0,0,0.0,0,0,0.0,0,0.0,0,0.0,0,0.0,0,0.0,0,0.0,0,0.0,0,0.0,0,0.0,0,0.0,0.00,0.0,0,0,0
1065813055,直播搜索托管-经典大胸-自产-显瘦神器-系统-ROI-3.3,暂停,审核通过,搜索,直播间直接支付ROI,笔记（直播组件）,67c16251000000000d01580e,5c6e75ba000000001201be11,图文笔记,直播搜索托管-经典大胸-自产-显瘦神器-系统-ROI-3.3,104314569,2025-03-03 14:19:22,0.00,0,0,0.0%,0.0,0.0,0,0.00,0.0,0,0,0.0,0,0,0.0,0,0.0,0,0.0,0,0.0,0,0.0,0,0.0,0,0.0,0,0.0,0,0.0,0,0.0,0.00,0.0,0,0,0
1065813054,直播搜索托管-经典大胸-自产-封面1-系统-ROI-3.3,暂停,审核通过,搜索,直播间直接支付ROI,直播间,,-,无笔记,直播搜索托管-经典大胸-自产-显瘦神器-系统-ROI-3.3,104314569,2025-03-03 14:19:22,0.00,0,0,0.0%,0.0,0.0,0,0.00,0.0,0,0,0.0,0,0,0.0,0,0.0,0,0.0,0,0.0,0,0.0,0,0.0,0,0.0,0,0.0,0,0.0,0,0.0,0.00,0.0,0,0,0
1065782790,直播通投托管-经典大胸-自产-显瘦神器-内衣行业-ROI-3.3,暂停,审核通过,通投,直播间直接支付ROI,笔记（直播组件）,67c16251000000000d01580e,5c6e75ba000000001201be11,图文笔记,直播通投托管-经典大胸-自产-显瘦神器-内衣行业-ROI-3.3,104342696,2025-03-03 13:38:54,0.00,0,0,0.0%,0.0,0.0,0,0.00,0.0,0,0,0.0,0,0,0.0,0,0.0,0,0.0,0,0.0,0,0.0,0,0.0,0,0.0,0,0.0,0,0.0,0,0.0,0.00,0.0,0,0,0
1061344605,直播通投托管-经典大胸-自产-显瘦神器-内衣行业-ROI-3.2,暂停,审核通过,通投,直播间直接支付ROI,笔记（直播组件）,67c16251000000000d01580e,5c6e75ba000000001201be11,图文笔记,直播通投托管-经典大胸-自产-显瘦神器-内衣行业-ROI-3.2,104177994,2025-03-02 13:36:51,0.00,0,0,0.0%,0.0,0.0,0,0.00,0.0,0,0,0.0,0,0,0.0,0,0.0,0,0.0,0,0.0,0,0.0,0,0.0,0,0.0,0,0.0,0,0.0,0,0.0,0.00,0.0,0,0,0
1061401261,直播通投托管-经典大胸-自产-显瘦神器-店铺行为-ROI-3.2,暂停,审核通过,通投,直播间直接支付ROI,笔记（直播组件）,67c16251000000000d01580e,5c6e75ba000000001201be11,图文笔记,直播通投托管-经典大胸-自产-显瘦神器-店铺行为-ROI-3.2,104189826,2025-03-02 13:34:34,0.00,0,0,0.0%,0.0,0.0,0,0.00,0.0,0,0,0.0,0,0,0.0,0,0.0,0,0.0,0,0.0,0,0.0,0,0.0,0,0.0,0,0.0,0,0.0,0,0.0,0.00,0.0,0,0,0
1058778833,直播通投托管-合集-官-相见恨晚-直播人群-ROI-3.1,暂停,审核通过,通投,直播间直接支付ROI,笔记（直播组件）,66681b5e000000000d00c288,5c6e75ba000000001201be11,视频笔记,直播通投托管-合集-官-赛马-直播人群-ROI-3.1,104130528,2025-03-01 20:20:35,0.00,0,0,0.0%,0.0,0.0,0,0.00,0.0,0,0,0.0,0,0,0.0,0,0.0,0,0.0,0,0.0,0,0.0,0,0.0,0,0.0,0,0.0,0,0.0,0,0.0,0.00,0.0,0,0,0
1058778832,直播通投托管-合集-官-断货王-直播人群-ROI-3.1,暂停,审核拒绝,通投,直播间直接支付ROI,笔记（直播组件）,665eb8b000000000060045c4,5c6e75ba000000001201be11,视频笔记,直播通投托管-合集-官-赛马-直播人群-ROI-3.1,104130528,2025-03-01 20:20:35,0.00,0,0,0.0%,0.0,0.0,0,0.00,0.0,0,0,0.0,0,0,0.0,0,0.0,0,0.0,0,0.0,0,0.0,0,0.0,0,0.0,0,0.0,0,0.0,0,0.0,0.00,0.0,0,0,0
1058718129,直播通投托管-经典大胸-自产-显瘦神器-直播人群-ROI-3.1,被计划暂停,审核通过,通投,直播间直接支付ROI,笔记（直播组件）,67c16251000000000d01580e,5c6e75ba000000001201be11,图文笔记,直播通投托管-经典大胸-自产-显瘦神器-直播人群-ROI-3.1,104118765,2025-03-01 20:17:52,0.00,0,0,0.0%,0.0,0.0,0,0.00,0.0,0,0,0.0,0,0,0.0,0,0.0,0,0.0,0,0.0,0,0.0,0,0.0,0,0.0,0,0.0,0,0.0,0,0.0,0.00,0.0,0,0,0
1059007925,直播通投托管-星河WC-官-穿搭小心机-直播人群-ROI-3.1,暂停,审核通过,通投,直播间直接支付ROI,笔记（直播组件）,667b900f000000001c026541,5c6e75ba000000001201be11,视频笔记,直播通投托管-星河WC-官-穿搭小心机-直播人群-ROI-3.1,104130446,2025-03-01 20:12:43,0.00,0,0,0.0%,0.0,0.0,0,0.00,0.0,0,0,0.0,0,0,0.0,0,0.0,0,0.0,0,0.0,0,0.0,0,0.0,0,0.0,0,0.0,0,0.0,0,0.0,0.00,0.0,0,0,0
1058716978,直播通投托管-糯糯杯小胸-官-这么好穿-直播人群-ROI-3.1,暂停,审核通过,通投,直播间直接支付ROI,笔记（直播组件）,6650120e0000000014018c8f,5c6e75ba000000001201be11,视频笔记,直播通投托管-糯糯杯小胸-官-这么好穿-直播人群-ROI-3.1,104118701,2025-03-01 20:11:02,0.00,0,0,0.0%,0.0,0.0,0,0.00,0.0,0,0,0.0,0,0,0.0,0,0.0,0,0.0,0,0.0,0,0.0,0,0.0,0,0.0,0,0.0,0,0.0,0,0.0,0.00,0.0,0,0,0
1059005117,直播通投托管-合集-官-相见恨晚-系统-ROI-3.1,暂停,审核通过,通投,直播间直接支付ROI,笔记（直播组件）,66681b5e000000000d00c288,5c6e75ba000000001201be11,视频笔记,直播通投托管-合集-官-赛马-系统-ROI-3.1,104100906,2025-03-01 20:08:05,0.00,0,0,0.0%,0.0,0.0,0,0.00,0.0,0,0,0.0,0,0,0.0,0,0.0,0,0.0,0,0.0,0,0.0,0,0.0,0,0.0,0,0.0,0,0.0,0,0.0,0.00,0.0,0,0,0
1059005116,直播通投托管-合集-官-断货王-系统-ROI-3.1,暂停,审核拒绝,通投,直播间直接支付ROI,笔记（直播组件）,665eb8b000000000060045c4,5c6e75ba000000001201be11,视频笔记,直播通投托管-合集-官-赛马-系统-ROI-3.1,104100906,2025-03-01 20:08:05,0.00,0,0,0.0%,0.0,0.0,0,0.00,0.0,0,0,0.0,0,0,0.0,0,0.0,0,0.0,0,0.0,0,0.0,0,0.0,0,0.0,0,0.0,0,0.0,0,0.0,0.00,0.0,0,0,0
1058750710,直播通投托管-糯糯杯大胸-自产-大胸显瘦-直播人群-ROI-3.1,被计划暂停,审核拒绝,通投,直播间直接支付ROI,笔记（直播组件）,67c166ae000000000903b4ad,5c6e75ba000000001201be11,图文笔记,直播通投托管-糯糯杯大胸-自产-大胸显瘦-直播人群-ROI-3.1,104117973,2025-03-01 19:09:19,0.00,0,0,0.0%,0.0,0.0,0,0.00,0.0,0,0,0.0,0,0,0.0,0,0.0,0,0.0,0,0.0,0,0.0,0,0.0,0,0.0,0,0.0,0,0.0,0,0.0,0.00,0.0,0,0,0
1053862881,直播通投托管-糯糯杯小胸-官-这么好穿-系统-ROI-2.28,暂停,审核通过,通投,直播间直接支付ROI,笔记（直播组件）,6650120e0000000014018c8f,5c6e75ba000000001201be11,视频笔记,直播通投托管-糯糯杯小胸-官-这么好穿-系统-ROI-2.28,103984262,2025-02-28 17:06:53,0.00,0,0,0.0%,0.0,0.0,0,0.00,0.0,0,0,0.0,0,0,0.0,0,0.0,0,0.0,0,0.0,0,0.0,0,0.0,0,0.0,0,0.0,0,0.0,0,0.0,0.00,0.0,0,0,0
1053384541,直播通投托管-糯糯杯大胸-自产-大胸显瘦-系统-ROI-2.28,暂停,审核拒绝,通投,直播间直接支付ROI,笔记（直播组件）,67c166ae000000000903b4ad,5c6e75ba000000001201be11,图文笔记,直播通投托管-糯糯杯大胸-自产-大胸显瘦-系统-ROI-2.28,103939781,2025-02-28 15:56:53,0.00,0,0,0.0%,0.0,0.0,0,0.00,0.0,0,0,0.0,0,0,0.0,0,0.0,0,0.0,0,0.0,0,0.0,0,0.0,0,0.0,0,0.0,0,0.0,0,0.0,0.00,0.0,0,0,0
1053319160,直播通投托管-经典大胸-自产-显瘦神器-系统-ROI-2.28,暂停,审核通过,通投,直播间直接支付ROI,笔记（直播组件）,67c16251000000000d01580e,5c6e75ba000000001201be11,图文笔记,直播通投托管-经典大胸-自产-显瘦神器-系统-ROI-2.28,103927930,2025-02-28 15:50:22,0.00,0,0,0.0%,0.0,0.0,0,0.00,0.0,0,0,0.0,0,0,0.0,0,0.0,0,0.0,0,0.0,0,0.0,0,0.0,0,0.0,0,0.0,0,0.0,0,0.0,0.00,0.0,0,0,0
1053089741,直播通投托管-星河WC-官-穿搭小心机-系统-ROI-2.28,暂停,审核通过,通投,直播间直接支付ROI,笔记（直播组件）,667b900f000000001c026541,5c6e75ba000000001201be11,视频笔记,直播通投托管-星河WC-官-穿搭小心机-系统-ROI-2.28,103937563,2025-02-28 14:58:32,0.00,0,0,0.0%,0.0,0.0,0,0.00,0.0,0,0,0.0,0,0,0.0,0,0.0,0,0.0,0,0.0,0,0.0,0,0.0,0,0.0,0,0.0,0,0.0,0,0.0,0.00,0.0,0,0,0
